pos_team_id,pos_team,drive_total_available_yards,drive_total_gained_yards,avg_field_position,plays_per_drive,yards_per_drive,drives,drive_total_gained_yards_rate,game_id,season,week
2643,The Citadel Bulldogs,3717.0,1551,79.09,7.9787234042553195,33.0,10,41.727199354317996,401767509,2025,1
2449,North Dakota State Bison,5545.0,4660,80.36,9.376811594202898,67.53623188405797,10,84.03967538322813,401767509,2025,1
16,Sacramento State Hornets,3440.0,854,70.2,5.63265306122449,17.428571428571427,12,24.825581395348838,401767130,2025,1
2571,South Dakota State Jackrabbits,5392.0,3799,68.25,8.772151898734178,48.08860759493671,11,70.45623145400593,401767130,2025,1
2634,Tennessee State Tigers,3597.0,734,78.2,4.521739130434782,15.956521739130435,13,20.40589380038921,401767224,2025,2
2449,North Dakota State Bison,3358.0,2567,55.05,6.163934426229508,42.08196721311475,12,76.44431209053008,401767224,2025,2
2449,North Dakota State Bison,4376.0,3186,74.17,6.372881355932203,54.0,12,72.80621572212065,401767217,2025,3
2546,Southeast Missouri State Redhawks,4440.0,1976,77.89,7.0701754385964914,34.666666666666664,12,44.5045045045045,401767217,2025,3
16,Sacramento State Hornets,4270.0,3476,72.37,7.5423728813559325,58.91525423728814,10,81.40515222482436,401767131,2025,3
2385,Mercyhurst Lakers,5488.0,4188,74.16,10.64864864864865,56.5945945945946,10,76.31195335276968,401767131,2025,3
16,Sacramento State Hornets,4406.0,3737,73.43,7.2,62.28333333333333,10,84.81615978211529,401767132,2025,4
2110,Central Arkansas Bears,5213.0,2847,76.66,8.558823529411764,41.86764705882353,11,54.61346633416459,401767132,2025,4
233,South Dakota Coyotes,3490.0,1801,75.87,5.673913043478261,39.15217391304348,10,51.60458452722063,401767510,2025,5
2449,North Dakota State Bison,5381.0,4985,79.13,9.220588235294118,73.30882352941177,9,92.64077309050363,401767510,2025,5
13,Cal Poly Mustangs,4372.0,2214,68.31,6.171875,34.59375,12,50.64043915827996,401767073,2025,5
16,Sacramento State Hornets,5950.0,3221,79.33,7.906666666666666,42.946666666666665,14,54.134453781512605,401767073,2025,5
2449,North Dakota State Bison,3449.0,2695,71.85,7.520833333333333,56.145833333333336,9,78.13859089591186,401767438,2025,6
2287,Illinois State Redbirds,4859.0,3158,73.62,9.969696969696969,47.84848484848485,8,64.99279687178432,401767438,2025,6
79,Southern Illinois Salukis,4705.0,2511,77.13,8.114754098360656,41.16393442622951,10,53.36875664187035,401767511,2025,7
2449,North Dakota State Bison,4174.0,3491,70.75,7.745762711864407,59.16949152542373,10,83.63679923334931,401767511,2025,7
2692,Weber State Wildcats,5270.0,2937,71.22,7.918918918918919,39.689189189189186,12,55.730550284629985,401767133,2025,7
16,Sacramento State Hornets,4030.0,3179,65.0,8.129032258064516,51.274193548387096,10,78.8833746898263,401767133,2025,7
2449,North Dakota State Bison,4986.0,3845,72.26,8.115942028985508,55.72463768115942,11,77.11592458884877,401767449,2025,8
282,Indiana State Sycamores,4161.0,1796,78.51,6.754716981132075,33.886792452830186,12,43.162701273732274,401767449,2025,8
16,Sacramento State Hornets,4791.0,3591,67.48,8.774647887323944,50.57746478873239,11,74.95303694427051,401767123,2025,8
2458,Northern Colorado Bears,5242.0,3588,77.09,7.529411764705882,52.76470588235294,12,68.44715757344525,401767123,2025,8
16,Sacramento State Hornets,5703.0,3648,75.04,8.342105263157896,48.0,12,63.96633350867964,401767101,2025,9
149,Montana Grizzlies,3349.0,2617,57.74,6.0,45.12068965517241,12,78.14272917288743,401767101,2025,9
2571,South Dakota State Jackrabbits,3795.0,1121,80.74,6.659574468085107,23.851063829787233,9,29.538866930171277,401767512,2025,9
2449,North Dakota State Bison,5073.0,3744,72.47,9.714285714285714,53.48571428571429,10,73.80248373743348,401767512,2025,9
2449,North Dakota State Bison,4131.0,3025,66.63,8.67741935483871,48.79032258064516,9,73.22682159283467,401767513,2025,10
2754,Youngstown State Penguins,4180.0,2537,70.85,7.237288135593221,43.0,10,60.69377990430622,401767513,2025,10
16,Sacramento State Hornets,4912.0,1929,79.23,5.483870967741935,31.112903225806452,14,39.27117263843648,401767066,2025,10
331,Eastern Washington Eagles,5028.0,2487,59.86,7.0476190476190474,29.607142857142858,15,49.463007159904535,401767066,2025,10
2449,North Dakota State Bison,3777.0,1657,74.06,6.666666666666667,32.490196078431374,11,43.870796928779455,401767507,2025,11
155,North Dakota Fighting Hawks,5960.0,3263,73.58,10.246913580246913,40.28395061728395,11,54.74832214765101,401767507,2025,11
16,Sacramento State Hornets,3834.0,2311,67.26,6.228070175438597,40.54385964912281,13,60.27647365675535,401767129,2025,11
2502,Portland State Vikings,4649.0,2147,68.37,6.485294117647059,31.573529411764707,14,46.181974618197465,401767129,2025,11
2460,Northern Iowa Panthers,4126.0,1710,69.93,6.3559322033898304,28.983050847457626,12,41.44449830344159,401767514,2025,12
2449,North Dakota State Bison,4458.0,3295,69.66,7.40625,51.484375,12,73.91206819201436,401767514,2025,12
16,Sacramento State Hornets,5324.0,4051,70.05,9.894736842105264,53.30263157894737,9,76.08940646130729,401767096,2025,12
70,Idaho Vandals,4067.0,2927,73.95,7.9818181818181815,53.21818181818182,9,71.9695106958446,401767096,2025,12
2900,St. Thomas-Minnesota Tommies,4882.0,1607,75.11,6.2,24.723076923076924,15,32.916837361736995,401767515,2025,13
2449,North Dakota State Bison,4432.0,3486,73.87,6.066666666666666,58.1,13,78.65523465703971,401767515,2025,13
302,UC Davis Aggies,3649.0,2350,64.02,7.192982456140351,41.228070175438596,10,64.4012058098109,401767134,2025,13
16,Sacramento State Hornets,5070.0,3385,68.51,10.18918918918919,45.74324324324324,10,66.76528599605523,401767134,2025,13
2287,Illinois State Redbirds,5884.0,3789,66.11,8.932584269662922,42.57303370786517,14,64.3949694085656,401836198,2025,15
2449,North Dakota State Bison,3425.0,548,74.46,4.434782608695652,11.91304347826087,13,16.0,401836198,2025,15
2306,Kansas State Wildcats,3928.0,1982,70.14,7.107142857142857,35.392857142857146,10,50.45824847250509,401756846,2025,1
66,Iowa State Cyclones,4696.0,2842,64.33,8.164383561643836,38.93150684931507,13,60.51959114139694,401756846,2025,1
2439,UNLV Rebels,4626.0,3140,65.15,6.084507042253521,44.225352112676056,14,67.87721573713792,401760371,2025,1
304,Idaho State Bengals,6203.0,3905,73.85,7.107142857142857,46.48809523809524,14,62.95340964049653,401760371,2025,1
278,Fresno State Bulldogs,4610.0,1666,79.48,6.827586206896552,28.724137931034484,10,36.13882863340564,401756847,2025,1
2305,Kansas Jayhawks,4080.0,2625,63.75,7.734375,41.015625,10,64.33823529411765,401756847,2025,1
98,Western Kentucky Hilltoppers,6300.0,3972,75.0,7.476190476190476,47.285714285714285,15,63.04761904761905,401757218,2025,1
2534,Sam Houston Bearkats,4463.0,1935,73.16,5.114754098360656,31.721311475409838,15,43.35648666816043,401757218,2025,1
24,Stanford Cardinal,5957.0,4211,78.38,12.776315789473685,55.4078947368421,10,70.68994460298808,401754516,2025,1
62,Hawai'i Rainbow Warriors,4545.0,2774,69.92,7.723076923076923,42.676923076923075,11,61.03410341034103,401754516,2025,1
58,South Florida Bulls,3651.0,1980,68.89,5.735849056603773,37.35849056603774,12,54.23171733771569,401762522,2025,1
68,Boise State Broncos,6185.0,3235,71.92,8.162790697674419,37.616279069767444,12,52.303961196443005,401762522,2025,1
195,Ohio Bobcats,5018.0,4703,71.69,8.685714285714285,67.18571428571428,11,93.72259864487843,401752794,2025,1
164,Rutgers Scarlet Knights,4477.0,3650,74.62,10.95,60.833333333333336,10,81.52780880053608,401752794,2025,1
189,Bowling Green Falcons,3098.0,1925,51.63,9.233333333333333,32.083333333333336,10,62.13686249193028,401762790,2025,1
322,Lafayette Leopards,3732.0,1890,67.85,7.509090909090909,34.36363636363637,10,50.643086816720256,401762790,2025,1
151,East Carolina Pirates,5510.0,3178,74.46,7.648648648648648,42.945945945945944,12,57.67695099818512,401754373,2025,1
152,NC State Wolfpack,4734.0,2958,71.73,8.136363636363637,44.81818181818182,11,62.48415716096324,401754373,2025,1
55,Jacksonville State Gamecocks,5416.0,2974,79.65,8.441176470588236,43.73529411764706,10,54.91137370753324,401756848,2025,1
2116,UCF Knights,5556.0,3349,79.37,10.028571428571428,47.84285714285714,9,60.27717782577394,401756848,2025,1
2169,Delaware State Hornets,4633.0,2585,75.95,9.19672131147541,42.377049180327866,9,55.79538096265918,401757219,2025,1
48,Delaware Blue Hens,5049.0,3287,72.13,8.857142857142858,46.957142857142856,9,65.10200039611804,401757219,2025,1
2598,Saint Francis Red Flash,3693.0,660,78.57,5.425531914893617,14.042553191489361,10,17.871649065800163,401761588,2025,1
2433,UL Monroe Warhawks,4911.0,3757,73.3,8.880597014925373,56.07462686567164,11,76.50173080838933,401761588,2025,1
2006,Akron Zips,4944.0,1563,72.71,7.220588235294118,22.985294117647058,13,31.614077669902912,401762789,2025,1
2751,Wyoming Cowboys,6108.0,3117,79.32,8.38961038961039,40.48051948051948,12,51.03143418467584,401762789,2025,1
142,Missouri Tigers,5297.0,4194,79.06,9.567164179104477,62.59701492537314,10,79.17689258070607,401752674,2025,1
2110,Central Arkansas Bears,4591.0,1821,75.26,7.016393442622951,29.852459016393443,12,39.664561097800046,401752674,2025,1
2210,Elon Phoenix,4554.0,2422,74.66,7.918032786885246,39.704918032786885,11,53.18401405357927,401754517,2025,1
150,Duke Blue Devils,4484.0,3702,76.0,7.406779661016949,62.74576271186441,10,82.56021409455843,401754517,2025,1
2630,UT Martin Skyhawks,4292.0,1666,76.64,6.892857142857143,29.75,11,38.816402609506056,401756876,2025,1
197,Oklahoma State Cowboys,5575.0,3475,74.33,8.853333333333333,46.333333333333336,11,62.33183856502242,401756876,2025,1
135,Minnesota Golden Gophers,5071.0,3537,65.01,9.512820512820513,45.34615384615385,11,69.74955630053243,401752793,2025,1
2084,Buffalo Bulls,3245.0,1269,75.47,6.27906976744186,29.511627906976745,10,39.10631741140216,401752793,2025,1
248,Houston Cougars,4756.0,2691,63.41,6.946666666666666,35.88,14,56.581160639192596,401756852,2025,1
2617,Stephen F. Austin Lumberjacks,4574.0,722,74.98,4.868852459016393,11.836065573770492,14,15.784871010056843,401756852,2025,1
5,UAB Blazers,3605.0,3420,62.16,7.844827586206897,58.96551724137931,9,94.86823855755894,401762430,2025,1
2011,Alabama State Hornets,5160.0,4238,80.62,9.1875,66.21875,10,82.13178294573643,401762430,2025,1
2132,Cincinnati Bearcats,4012.0,2227,74.3,7.5,41.24074074074074,9,55.50847457627118,401752796,2025,1
158,Nebraska Cornhuskers,5637.0,3523,74.17,10.526315789473685,46.35526315789474,9,62.49778250842647,401752796,2025,1
193,Miami (OH) RedHawks,0.0,470,0.0,4.743589743589744,12.051282051282051,10,,401762791,2025,1
275,Wisconsin Badgers,7134.0,3266,95.12,9.346666666666666,43.54666666666667,10,45.78076815250911,401762791,2025,1
21,San Diego State Aztecs,6680.0,5393,68.16,9.96938775510204,55.03061224489796,12,80.73353293413173,401760357,2025,1
2619,Stony Brook Seawolves,4894.0,868,76.47,4.765625,13.5625,13,17.736003269309357,401760357,2025,1
356,Illinois Fighting Illini,3380.0,2890,58.28,7.155172413793103,49.827586206896555,10,85.50295857988165,401752795,2025,1
2710,Western Illinois Leathernecks,3891.0,1538,74.83,7.826923076923077,29.576923076923077,11,39.527113852480085,401752795,2025,1
2627,Tarleton State Texans,4338.0,2531,73.53,7.186440677966102,42.898305084745765,12,58.34485938220378,401762432,2025,1
349,Army Black Knights,5100.0,3063,68.0,7.733333333333333,40.84,13,60.05882352941177,401762432,2025,1
127,Michigan State Spartans,5068.0,3312,72.4,7.371428571428571,47.31428571428572,13,65.35122336227309,401752802,2025,1
2711,Western Michigan Broncos,4542.0,1692,78.31,6.051724137931035,29.17241379310345,13,37.25231175693527,401752802,2025,1
154,Wake Forest Demon Deacons,5208.0,2639,75.48,8.855072463768115,38.2463768115942,11,50.67204301075269,401754374,2025,1
338,Kennesaw State Owls,5635.0,2759,77.19,8.808219178082192,37.794520547945204,11,48.96184560780834,401754374,2025,1
2026,App State Mountaineers,6731.0,4972,74.79,10.022222222222222,55.24444444444445,11,73.86718169662754,401761589,2025,1
2429,Charlotte 49ers,4431.0,2102,73.85,9.0,35.03333333333333,10,47.43850146693749,401761589,2025,1
2305,Kansas Jayhawks,5195.0,4050,67.47,7.0,52.5974025974026,13,77.95957651588066,401756854,2025,1
2681,Wagner Seahawks,3456.0,824,75.13,4.543478260869565,17.91304347826087,12,23.84259259259259,401756854,2025,1
2,Auburn Tigers,5102.0,3748,75.03,8.985294117647058,55.11764705882353,9,73.46138769110154,401752667,2025,1
239,Baylor Bears,5267.0,3973,74.18,8.380281690140846,55.95774647887324,10,75.431934687678,401752667,2025,1
59,Georgia Tech Yellow Jackets,5387.0,3810,80.4,8.597014925373134,56.865671641791046,10,70.72582142194172,401754375,2025,1
38,Colorado Buffaloes,4029.0,2414,68.29,8.084745762711865,40.91525423728814,10,59.91561181434599,401754375,2025,1
2065,Bethune-Cookman Wildcats,4735.0,2898,69.63,8.485294117647058,42.61764705882353,12,61.203801478352695,401766898,2025,1
2229,Florida International Panthers,5298.0,4147,74.62,8.788732394366198,58.40845070422535,11,78.27482068705172,401766898,2025,1
2439,UNLV Rebels,4016.0,3031,70.46,8.0,53.175438596491226,10,75.47310756972112,401757224,2025,1
2534,Sam Houston Bearkats,5533.0,3840,69.16,8.6875,48.0,11,69.4017711910356,401757224,2025,1
23,San José State Spartans,5198.0,2690,76.44,7.117647058823529,39.55882352941177,12,51.75067333589842,401760358,2025,1
2117,Central Michigan Chippewas,4443.0,2709,69.42,7.78125,42.328125,11,60.97231600270088,401760358,2025,1
194,Ohio State Buckeyes,4240.0,1878,81.54,6.961538461538462,36.11538461538461,11,44.29245283018868,401752677,2025,1
251,Texas Longhorns,4832.0,3012,73.21,9.454545454545455,45.63636363636363,10,62.33443708609271,401752677,2025,1
2440,Nevada Wolf Pack,3537.0,1825,70.74,6.74,36.5,11,51.5973989256432,401752807,2025,1
213,Penn State Nittany Lions,4767.0,4125,67.14,9.56338028169014,58.098591549295776,11,86.53241032095657,401752807,2025,1
99,LSU Tigers,4895.0,3166,71.99,8.294117647058824,46.55882352941177,10,64.6782431052094,401752671,2025,1
228,Clemson Tigers,4094.0,2259,71.82,7.807017543859649,39.63157894736842,10,55.17830972154372,401752671,2025,1
61,Georgia Bulldogs,5343.0,3519,70.3,7.0,46.30263157894737,13,65.86187535092644,401752669,2025,1
276,Marshall Thundering Herd,4026.0,1072,80.52,4.48,21.44,13,26.626924987580725,401752669,2025,1
2483,Oregon Ducks,3902.0,3698,61.94,7.698412698412699,58.698412698412696,10,94.77191184008201,401752804,2025,1
147,Montana State Bobcats,4287.0,2097,75.21,8.228070175438596,36.78947368421053,9,48.91532540237929,401752804,2025,1
333,Alabama Crimson Tide,6091.0,3187,84.6,9.652777777777779,44.263888888888886,10,52.32309965522903,401752665,2025,1
52,Florida State Seminoles,5037.0,2801,81.24,7.354838709677419,45.17741935483871,10,55.608497121302364,401752665,2025,1
2464,Northern Arizona Lumberjacks,4999.0,2806,71.41,7.171428571428572,40.08571428571429,13,56.13122624524905,401756850,2025,1
9,Arizona State Sun Devils,4263.0,2509,72.25,5.830508474576271,42.52542372881356,13,58.855266244428805,401756850,2025,1
130,Michigan Wolverines,4518.0,3251,72.87,7.354838709677419,52.435483870967744,11,71.95661797255423,401752808,2025,1
167,New Mexico Lobos,5376.0,3349,71.68,9.093333333333334,44.653333333333336,12,62.295386904761905,401752808,2025,1
57,Florida Gators,4712.0,3646,63.68,7.77027027027027,49.270270270270274,12,77.37691001697793,401752668,2025,1
2341,Long Island University Sharks,3111.0,368,74.07,3.619047619047619,8.761904761904763,13,11.828993892639023,401752668,2025,1
2567,SMU Mustangs,4679.0,2927,74.27,7.698412698412699,46.46031746031746,11,62.55610173113913,401754521,2025,1
2837,East Texas A&M Lions,5394.0,2924,69.15,7.589743589743589,37.48717948717949,14,54.20837968112718,401754521,2025,1
2306,Kansas State Wildcats,4905.0,3732,70.07,7.757142857142857,53.31428571428572,11,76.08562691131499,401756855,2025,1
155,North Dakota Fighting Hawks,5146.0,3482,71.47,7.638888888888889,48.361111111111114,13,67.66420520792849,401756855,2025,1
201,Oklahoma Sooners,5533.0,4263,80.19,9.057971014492754,61.78260869565217,11,77.04681004879812,401752675,2025,1
2287,Illinois State Redbirds,3212.0,722,69.83,4.760869565217392,15.695652173913043,11,22.478206724782066,401752675,2025,1
245,Texas A&M Aggies,5587.0,2259,96.33,5.724137931034483,38.94827586206897,12,40.43314838016825,401752678,2025,1
2636,UTSA Roadrunners,2080.0,2670,31.04,7.462686567164179,39.850746268656714,13,128.3653846153846,401752678,2025,1
84,Indiana Hoosiers,6291.0,5018,70.69,9.775280898876405,56.38202247191011,11,79.76474328405659,401752806,2025,1
295,Old Dominion Monarchs,3596.0,1137,83.63,4.651162790697675,26.441860465116278,12,31.618464961067854,401752806,2025,1
145,Ole Miss Rebels,5608.0,4518,69.23,8.308641975308642,55.77777777777778,14,80.56348074179743,401752672,2025,1
2247,Georgia State Panthers,4001.0,1375,70.19,5.368421052631579,24.12280701754386,14,34.36640839790053,401752672,2025,1
66,Iowa State Cyclones,4306.0,4067,65.24,9.045454545454545,61.621212121212125,10,94.44960520204366,401756853,2025,1
233,South Dakota Coyotes,3825.0,1802,76.5,7.42,36.04,9,47.111111111111114,401756853,2025,1
2029,Arkansas-Pine Bluff Golden Lions,4356.0,1697,75.1,6.844827586206897,29.25862068965517,12,38.95775941230487,401756877,2025,1
2641,Texas Tech Red Raiders,3714.0,3559,64.03,6.120689655172414,61.36206896551724,11,95.82660204631125,401756877,2025,1
2633,Tennessee Volunteers,4690.0,3286,70.0,7.3283582089552235,49.04477611940298,12,70.0639658848614,401752676,2025,1
183,Syracuse Orange,6310.0,4492,75.12,9.380952380952381,53.476190476190474,13,71.18858954041204,401752676,2025,1
2572,Southern Miss Golden Eagles,5161.0,2998,72.69,8.67605633802817,42.225352112676056,11,58.08951753536137,401752673,2025,1
344,Mississippi State Bulldogs,5452.0,3462,72.69,8.76,46.16,12,63.49963316214233,401752673,2025,1
120,Maryland Terrapins,5187.0,2523,67.36,5.818181818181818,32.76623376623377,15,48.640832851359164,401752797,2025,1
2226,Florida Atlantic Owls,6389.0,2864,70.21,7.065934065934066,31.47252747252747,17,44.82704648614807,401752797,2025,1
2509,Purdue Boilermakers,4324.0,3433,75.86,9.087719298245615,60.228070175438596,9,79.3940795559667,401752801,2025,1
2050,Ball State Cardinals,4134.0,1892,81.06,8.196078431372548,37.09803921568628,9,45.76681180454765,401752801,2025,1
2655,Tulane Green Wave,4915.0,3097,68.26,9.180555555555555,43.013888888888886,12,63.01119023397762,401752803,2025,1
77,Northwestern Wildcats,4964.0,2348,80.06,7.709677419354839,37.87096774193548,11,47.300564061240934,401752803,2025,1
2184,Duquesne Dukes,3839.0,636,71.09,4.314814814814815,11.777777777777779,16,16.566814274550666,401754520,2025,1
221,Pittsburgh Panthers,3671.0,2578,56.48,6.3538461538461535,39.66153846153846,14,70.22609643149006,401754520,2025,1
2678,VMI Keydets,3865.0,940,77.3,5.96,18.8,11,24.320827943078914,401762434,2025,1
2426,Navy Midshipmen,4436.0,3854,66.21,8.835820895522389,57.52238805970149,10,86.88007213706041,401762434,2025,1
2771,Merrimack Warriors,4770.0,2304,73.38,7.630769230769231,35.44615384615385,13,48.301886792452834,401762792,2025,1
2309,Kent State Golden Flashes,4113.0,2056,74.78,6.527272727272727,37.38181818181818,12,49.987843423292,401762792,2025,1
96,Kentucky Wildcats,3979.0,2104,63.16,7.349206349206349,33.3968253968254,13,52.87760743905504,401752670,2025,1
2649,Toledo Rockets,5100.0,2398,75.0,7.088235294117647,35.26470588235294,13,47.01960784313726,401752670,2025,1
2230,Fordham Rams,5052.0,1672,75.4,6.08955223880597,24.955223880597014,15,33.09580364212193,401754518,2025,1
103,Boston College Eagles,5257.0,4114,67.4,7.551282051282051,52.743589743589745,14,78.25756134677573,401754518,2025,1
2523,Robert Morris Colonials,4168.0,675,71.86,4.724137931034483,11.637931034482758,15,16.19481765834933,401756878,2025,1
277,West Virginia Mountaineers,5263.0,4135,69.25,7.421052631578948,54.4078947368421,15,78.56735702071062,401756878,2025,1
41,UConn Huskies,4944.0,4194,70.63,7.271428571428571,59.91428571428571,12,84.83009708737865,401757167,2025,1
2115,Central Connecticut Blue Devils,4583.0,2244,72.75,7.0,35.61904761904762,13,48.96356098625355,401757167,2025,1
2198,Eastern Kentucky Colonels,3908.0,1336,73.74,6.471698113207547,25.20754716981132,12,34.18628454452406,401754519,2025,1
97,Louisville Cardinals,4881.0,3760,76.27,8.0625,58.75,11,77.03339479614833,401754519,2025,1
2083,Bucknell Bison,4607.0,2412,76.78,8.5,40.2,10,52.35511178641198,401760359,2025,1
2005,Air Force Falcons,4119.0,3549,72.26,11.280701754385966,62.26315789473684,8,86.16168973051711,401760359,2025,1
113,Massachusetts Minutemen,4607.0,2778,76.78,7.533333333333333,46.3,10,60.29954417191231,401762456,2025,1
218,Temple Owls,4752.0,3687,74.25,8.40625,57.609375,10,77.58838383838383,401762456,2025,1
2459,Northern Illinois Huskies,5018.0,2221,71.69,7.285714285714286,31.728571428571428,12,44.260661618174574,401762793,2025,1
107,Holy Cross Crusaders,3727.0,1450,70.32,6.150943396226415,27.358490566037737,11,38.905285752616045,401762793,2025,1
311,Maine Black Bears,4616.0,1768,78.24,7.101694915254237,29.966101694915253,11,38.30155979202773,401757220,2025,1
2335,Liberty Flames,4940.0,3134,67.67,9.67123287671233,42.93150684931507,11,63.441295546558706,401757220,2025,1
2010,Alabama A&M Bulldogs,4322.0,1343,78.58,5.254545454545455,24.418181818181818,12,31.073577047663118,401752666,2025,1
8,Arkansas Razorbacks,5139.0,3885,69.45,7.445945945945946,52.5,12,75.59836544074723,401752666,2025,1
235,Memphis Tigers,3911.0,2949,65.18,6.966666666666667,49.15,10,75.40271030427,401762433,2025,1
236,Chattanooga Mocs,4102.0,1993,73.25,6.892857142857143,35.589285714285715,12,48.586055582642615,401762433,2025,1
399,UAlbany Great Danes,3393.0,1144,72.19,5.468085106382978,24.340425531914892,10,33.71647509578544,401752799,2025,1
2294,Iowa Hawkeyes,4625.0,3543,68.01,10.25,52.10294117647059,10,76.6054054054054,401752799,2025,1
324,Coastal Carolina Chanticleers,4805.0,2008,73.92,6.892307692307693,30.892307692307693,15,41.789802289282,401754616,2025,1
258,Virginia Cavaliers,5080.0,3347,65.13,7.782051282051282,42.91025641025641,13,65.88582677165354,401754616,2025,1
2692,Weber State Wildcats,3959.0,1031,71.98,5.527272727272727,18.745454545454546,15,26.041929780247536,401761590,2025,1
256,James Madison Dukes,4409.0,3021,62.1,6.929577464788732,42.54929577464789,15,68.51893853481515,401761590,2025,1
2127,Charleston Southern Buccaneers,3525.0,993,76.63,6.217391304347826,21.58695652173913,10,28.170212765957448,401752679,2025,1
238,Vanderbilt Commodores,4147.0,3108,70.29,7.084745762711864,52.67796610169491,11,74.94574391126115,401752679,2025,1
2046,Austin Peay Governors,4922.0,3177,68.36,8.527777777777779,44.125,13,64.54693214140593,401757222,2025,1
2393,Middle Tennessee Blue Raiders,3986.0,1012,67.56,5.508474576271187,17.152542372881356,13,25.388861013547416,401757222,2025,1
2453,North Alabama Lions,5578.0,2381,77.47,7.513888888888889,33.06944444444444,13,42.68555037647902,401757226,2025,1
98,Western Kentucky Hilltoppers,4409.0,3174,63.9,6.840579710144928,46.0,13,71.98911317759129,401757226,2025,1
2546,Southeast Missouri State Redhawks,5854.0,3729,82.45,10.661971830985916,52.521126760563384,12,63.700034164673724,401761591,2025,1
2032,Arkansas State Red Wolves,4826.0,3929,67.97,8.126760563380282,55.33802816901409,11,81.41317861583092,401761591,2025,1
2415,Morgan State Bears,5222.0,2698,76.79,7.323529411764706,39.6764705882353,11,51.66602834163156,401761593,2025,1
6,South Alabama Jaguars,3549.0,2211,63.38,6.107142857142857,39.482142857142854,12,62.299239222316146,401761593,2025,1
2447,Nicholls Colonels,3786.0,1691,75.72,5.76,33.82,11,44.66455361859482,401761595,2025,1
2653,Troy Trojans,4539.0,3094,67.75,8.134328358208956,46.17910447761194,10,68.16479400749064,401761595,2025,1
2623,Missouri State Bears,3888.0,1480,72.0,5.962962962962963,27.40740740740741,13,38.065843621399175,401752798,2025,1
30,USC Trojans,3870.0,3642,67.89,6.859649122807017,63.89473684210526,12,94.10852713178295,401752798,2025,1
2545,SE Louisiana Lions,5583.0,2730,77.54,8.38888888888889,37.916666666666664,12,48.89844169801182,401757221,2025,1
2348,Louisiana Tech Bulldogs,3380.0,1519,65.0,5.115384615384615,29.21153846153846,12,44.94082840236686,401757221,2025,1
2638,UTEP Miners,5910.0,2181,77.76,7.184210526315789,28.69736842105263,13,36.90355329949239,401757225,2025,1
328,Utah State Aggies,4733.0,2257,73.95,6.796875,35.265625,13,47.68645679273188,401757225,2025,1
2502,Portland State Vikings,3095.0,286,73.69,3.6904761904761907,6.809523809523809,13,9.24071082390953,401756851,2025,1
252,BYU Cougars,4540.0,3912,68.79,9.257575757575758,59.27272727272727,11,86.16740088105728,401756851,2025,1
309,Louisiana Ragin' Cajuns,4721.0,2338,81.4,7.637931034482759,40.310344827586206,10,49.52340605803855,401761592,2025,1
242,Rice Owls,4185.0,2270,69.75,8.283333333333333,37.833333333333336,10,54.241338112305854,401761592,2025,1
326,Texas State Bobcats,4849.0,4192,73.47,7.712121212121212,63.515151515151516,11,86.45081460094865,401761594,2025,1
2199,Eastern Michigan Eagles,4820.0,3528,74.15,8.876923076923077,54.276923076923076,10,73.19502074688796,401761594,2025,1
2320,Lamar Cardinals,4130.0,506,77.92,5.037735849056604,9.547169811320755,13,12.25181598062954,401762435,2025,1
249,North Texas Mean Green,4355.0,3433,61.34,7.690140845070423,48.352112676056336,11,78.82893226176809,401762435,2025,1
202,Tulsa Golden Hurricane,6084.0,4266,79.01,9.246753246753247,55.4025974025974,11,70.11834319526628,401762457,2025,1
2000,Abilene Christian Wildcats,4512.0,2733,76.47,8.05084745762712,46.32203389830509,11,60.5718085106383,401762457,2025,1
2803,Bryant Bulldogs,5126.0,2197,76.51,7.835820895522388,32.791044776119406,12,42.85992976980101,401757223,2025,1
166,New Mexico State Aggies,4438.0,2315,75.22,6.288135593220339,39.23728813559322,14,52.16313654799459,401757223,2025,1
278,Fresno State Bulldogs,4740.0,3920,66.76,8.19718309859155,55.2112676056338,11,82.70042194092827,401760361,2025,1
290,Georgia Southern Eagles,3737.0,1516,77.85,5.708333333333333,31.583333333333332,10,40.567299973240566,401760361,2025,1
70,Idaho Vandals,4452.0,2350,70.67,10.015873015873016,37.301587301587304,11,52.78526504941599,401752947,2025,1
265,Washington State Cougars,4296.0,1644,78.11,6.327272727272727,29.89090909090909,11,38.26815642458101,401752947,2025,1
25,California Golden Bears,3932.0,1877,63.42,6.419354838709677,30.274193548387096,12,47.73652085452696,401752936,2025,1
204,Oregon State Beavers,4922.0,2360,80.69,6.721311475409836,38.68852459016394,12,47.947988622511176,401752936,2025,1
62,Hawai'i Rainbow Warriors,5701.0,2862,76.01,9.173333333333334,38.16,12,50.20171899666725,401756849,2025,1
12,Arizona Wildcats,3164.0,1961,60.85,6.423076923076923,37.71153846153846,12,61.97850821744627,401756849,2025,1
26,UCLA Bruins,3999.0,1738,78.41,7.509803921568627,34.07843137254902,8,43.46086521630408,401752800,2025,1
254,Utah Utes,6045.0,5157,72.83,11.795180722891565,62.13253012048193,9,85.31017369727047,401752800,2025,1
264,Washington Huskies,4938.0,3692,66.73,7.851351351351352,49.891891891891895,11,74.76711219117051,401752805,2025,1
36,Colorado State Rams,4248.0,2185,70.8,7.6,36.416666666666664,10,51.43596986817326,401752805,2025,1
2390,Miami Hurricanes,4636.0,2890,68.18,8.073529411764707,42.5,11,62.33822260569456,401754522,2025,1
87,Notre Dame Fighting Irish,4105.0,2427,72.02,7.684210526315789,42.578947368421055,11,59.12302070645554,401754522,2025,1
2579,South Carolina Gamecocks,4253.0,2135,77.33,7.527272727272727,38.81818181818182,10,50.1998589231131,401752680,2025,1
259,Virginia Tech Hokies,6062.0,2576,84.19,7.847222222222222,35.77777777777778,11,42.494226327944574,401752680,2025,1
153,North Carolina Tar Heels,3582.0,1603,73.1,5.489795918367347,32.714285714285715,11,44.751535455053045,401754523,2025,1
2628,TCU Horned Frogs,4995.0,3888,70.35,9.549295774647888,54.76056338028169,10,77.83783783783784,401754523,2025,1
256,James Madison Dukes,5087.0,2233,66.06,7.545454545454546,29.0,12,43.8962060153332,401754528,2025,2
97,Louisville Cardinals,3551.0,1689,67.0,6.811320754716981,31.867924528301888,11,47.56406646015207,401754528,2025,2
2710,Western Illinois Leathernecks,3727.0,1355,76.06,6.122448979591836,27.653061224489797,12,36.356318755030856,401752817,2025,2
77,Northwestern Wildcats,4773.0,3381,71.24,7.82089552238806,50.46268656716418,12,70.83595223130106,401752817,2025,2
120,Maryland Terrapins,4075.0,2973,65.73,8.080645161290322,47.95161290322581,10,72.95705521472392,401752826,2025,2
2459,Northern Illinois Huskies,5296.0,2406,76.75,9.91304347826087,34.869565217391305,11,45.43051359516616,401752826,2025,2
68,Boise State Broncos,4299.0,3521,65.14,6.924242424242424,53.34848484848485,13,81.90276808560131,401760363,2025,2
331,Eastern Washington Eagles,5041.0,2003,75.24,6.1940298507462686,29.895522388059703,14,39.73417972624479,401760363,2025,2
2755,Grambling Tigers,4231.0,1084,78.35,5.925925925925926,20.074074074074073,13,25.62042070432522,401752815,2025,2
194,Ohio State Buckeyes,4446.0,4086,68.4,6.969230769230769,62.86153846153846,11,91.90283400809717,401752815,2025,2
213,Penn State Nittany Lions,4447.0,2909,69.48,7.78125,45.453125,12,65.41488644029683,401752811,2025,2
2229,Florida International Panthers,5321.0,2168,73.9,7.5,30.11111111111111,12,40.74422101108814,401752811,2025,2
2348,Louisiana Tech Bulldogs,3866.0,1554,74.35,7.076923076923077,29.884615384615383,10,40.19658561821004,401752687,2025,2
99,LSU Tigers,5592.0,3730,75.57,8.972972972972974,50.4054054054054,10,66.70243204577969,401752687,2025,2
2046,Austin Peay Governors,3594.0,1437,70.47,6.529411764705882,28.176470588235293,11,39.98330550918197,401752685,2025,2
61,Georgia Bulldogs,5662.0,4211,74.5,9.368421052631579,55.4078947368421,11,74.37301306958672,401752685,2025,2
2390,Miami Hurricanes,4817.0,4469,74.11,9.153846153846153,68.75384615384615,8,92.77558646460453,401754641,2025,2
2065,Bethune-Cookman Wildcats,3579.0,1769,74.56,7.4375,36.854166666666664,9,49.427214305671974,401754641,2025,2
2483,Oregon Ducks,4126.0,3301,68.77,7.15,55.016666666666666,11,80.0048473097431,401752824,2025,2
197,Oklahoma State Cowboys,4695.0,1674,76.97,7.114754098360656,27.442622950819672,15,35.65495207667732,401752824,2025,2
23,San José State Spartans,5333.0,2281,74.07,7.111111111111111,31.680555555555557,15,42.771423213950875,401752693,2025,2
251,Texas Longhorns,4193.0,2121,64.51,5.7384615384615385,32.63076923076923,14,50.58430717863105,401752693,2025,2
2653,Troy Trojans,4402.0,1979,72.16,8.901639344262295,32.442622950819676,10,44.956837800999544,401754637,2025,2
228,Clemson Tigers,3761.0,2151,68.38,6.509090909090909,39.10909090909091,11,57.19223610741824,401754637,2025,2
2569,South Carolina State Bulldogs,4272.0,2224,70.03,7.098360655737705,36.459016393442624,12,52.059925093632955,401752691,2025,2
2579,South Carolina Gamecocks,4207.0,1971,75.12,7.0,35.19642857142857,10,46.850487283099596,401752691,2025,2
150,Duke Blue Devils,4758.0,3327,75.52,8.317460317460318,52.80952380952381,10,69.92433795712485,401752825,2025,2
356,Illinois Fighting Illini,5110.0,3868,71.97,8.661971830985916,54.478873239436616,11,75.69471624266144,401752825,2025,2
9,Arizona State Sun Devils,5708.0,3186,77.14,8.783783783783784,43.054054054054056,12,55.81639803784162,401752688,2025,2
344,Mississippi State Bulldogs,4435.0,2032,70.4,7.349206349206349,32.25396825396825,12,45.817361894024806,401752688,2025,2
57,Florida Gators,4916.0,2902,76.81,8.8125,45.34375,10,59.03173311635476,401752684,2025,2
58,South Florida Bulls,5026.0,2907,78.53,8.203125,45.421875,11,57.839235972940706,401752684,2025,2
2837,East Texas A&M Lions,3543.0,945,72.31,4.510204081632653,19.285714285714285,13,26.672311600338695,401754621,2025,2
52,Florida State Seminoles,4619.0,4509,65.06,7.873239436619718,63.50704225352113,12,97.61853214981598,401754621,2025,2
201,Oklahoma Sooners,5669.0,4077,77.66,9.972602739726028,55.84931506849315,10,71.91744575762921,401752690,2025,2
130,Michigan Wolverines,4286.0,2054,76.54,6.928571428571429,36.67857142857143,12,47.923471768548765,401752690,2025,2
66,Iowa State Cyclones,4198.0,2235,76.33,9.072727272727272,40.63636363636363,9,53.23963792282039,401752822,2025,2
2294,Iowa Hawkeyes,5120.0,2912,81.27,10.285714285714286,46.22222222222222,10,56.875,401752822,2025,2
2567,SMU Mustangs,3613.0,2159,59.23,6.918032786885246,35.39344262295082,14,59.75643509548851,401754525,2025,2
239,Baylor Bears,6269.0,4925,73.75,8.905882352941177,57.94117647058823,12,78.56117403094592,401754525,2025,2
328,Utah State Aggies,2385.0,2072,36.14,5.757575757575758,31.393939393939394,14,86.87631027253668,401752694,2025,2
245,Texas A&M Aggies,7444.0,3927,96.68,6.792207792207792,51.0,14,52.75389575497044,401752694,2025,2
145,Ole Miss Rebels,5222.0,3155,73.55,6.633802816901408,44.436619718309856,13,60.417464572960554,401752686,2025,2
96,Kentucky Wildcats,4450.0,2424,63.57,6.7,34.628571428571426,14,54.47191011235955,401752686,2025,2
333,Alabama Crimson Tide,3844.0,3536,55.71,7.565217391304348,51.2463768115942,11,91.98751300728408,401752681,2025,2
2433,UL Monroe Warhawks,3876.0,863,77.52,4.96,17.26,12,22.265221878224974,401752681,2025,2
2633,Tennessee Volunteers,6736.0,5522,67.36,8.04,55.22,15,81.97743467933492,401752692,2025,2
2193,East Tennessee State Buccaneers,4259.0,1194,74.72,4.894736842105263,20.94736842105263,15,28.034749941300774,401752692,2025,2
338,Kennesaw State Owls,3956.0,1785,74.64,5.981132075471698,33.679245283018865,12,45.121334681496464,401752812,2025,2
84,Indiana Hoosiers,4493.0,3468,68.08,6.287878787878788,52.54545454545455,13,77.1867349209882,401752812,2025,2
2309,Kent State Golden Flashes,4343.0,1251,73.61,4.728813559322034,21.203389830508474,15,28.804973520607874,401756885,2025,2
2641,Texas Tech Red Raiders,4985.0,3690,63.91,6.858974358974359,47.30769230769231,14,74.02206619859578,401756885,2025,2
254,Utah Utes,4986.0,4190,69.25,9.222222222222221,58.19444444444444,11,84.03529883674288,401756887,2025,2
13,Cal Poly Mustangs,4373.0,1536,75.4,6.051724137931035,26.482758620689655,12,35.12462840155499,401756887,2025,2
135,Minnesota Golden Gophers,3219.0,2737,52.77,6.885245901639344,44.868852459016395,11,85.02640571606089,401752813,2025,2
2466,Northwestern State Demons,2875.0,176,77.7,3.3783783783783785,4.756756756756757,13,6.121739130434783,401752813,2025,2
258,Virginia Cavaliers,5112.0,4052,68.16,8.84,54.026666666666664,10,79.26447574334898,401754524,2025,2
152,NC State Wolfpack,4401.0,3016,78.59,7.214285714285714,53.857142857142854,10,68.52987957282436,401754524,2025,2
221,Pittsburgh Panthers,3490.0,2442,61.23,7.280701754385965,42.8421052631579,12,69.97134670487107,401754529,2025,2
2117,Central Michigan Chippewas,4473.0,2205,66.76,8.746268656716419,32.91044776119403,11,49.29577464788732,401754529,2025,2
41,UConn Huskies,5402.0,2861,75.03,6.666666666666667,39.736111111111114,13,52.961865975564606,401754618,2025,2
183,Syracuse Orange,5978.0,3540,77.64,7.987012987012987,45.97402597402598,15,59.217129474740716,401754618,2025,2
55,Jacksonville State Gamecocks,4049.0,2731,67.48,7.133333333333334,45.516666666666666,11,67.44875277846381,401757227,2025,2
2335,Liberty Flames,5165.0,3326,78.26,8.166666666666666,50.39393939393939,11,64.39496611810262,401757227,2025,2
47,Howard Bison,3648.0,1212,76.0,6.291666666666667,25.25,11,33.223684210526315,401762462,2025,2
218,Temple Owls,4224.0,3601,66.0,8.328125,56.265625,10,85.25094696969697,401762462,2025,2
167,New Mexico Lobos,4106.0,3077,69.59,7.372881355932203,52.152542372881356,10,74.93911349245008,401760366,2025,2
304,Idaho State Bengals,4861.0,3216,70.45,8.826086956521738,46.608695652173914,11,66.15922649660564,401760366,2025,2
142,Missouri Tigers,6385.0,5146,74.24,10.732558139534884,59.83720930232558,12,80.59514487079092,401752689,2025,2
2305,Kansas Jayhawks,3480.0,2041,71.02,6.428571428571429,41.6530612244898,10,58.64942528735632,401752689,2025,2
278,Fresno State Bulldogs,3065.0,1774,68.11,6.022222222222222,39.422222222222224,9,57.87928221859706,401752937,2025,2
204,Oregon State Beavers,5994.0,4371,72.22,9.891566265060241,52.66265060240964,12,72.92292292292292,401752937,2025,2
2132,Cincinnati Bearcats,3719.0,2808,72.92,6.529411764705882,55.05882352941177,10,75.50416778703952,401756880,2025,2
189,Bowling Green Falcons,5009.0,3519,71.56,10.157142857142857,50.27142857142857,10,70.25354362148133,401756880,2025,2
38,Colorado Buffaloes,4738.0,3004,71.79,8.06060606060606,45.515151515151516,11,63.40227944280287,401756881,2025,2
48,Delaware Blue Hens,5075.0,3015,79.3,8.078125,47.109375,10,59.40886699507389,401756881,2025,2
2815,Lindenwood Lions,4217.0,1601,65.89,6.28125,25.015625,13,37.96537823096988,401761596,2025,2
2026,App State Mountaineers,4785.0,2923,74.77,7.1875,45.671875,12,61.086729362591434,401761596,2025,2
326,Texas State Bobcats,4702.0,2931,74.63,6.063492063492063,46.523809523809526,13,62.33517652062952,401761603,2025,2
2636,UTSA Roadrunners,5326.0,3172,70.08,6.565789473684211,41.73684210526316,13,59.55689072474652,401761603,2025,2
5,UAB Blazers,4558.0,3384,79.96,9.017543859649123,59.36842105263158,9,74.24308907415534,401762458,2025,2
2426,Navy Midshipmen,3918.0,3137,69.96,8.125,56.017857142857146,9,80.06636038795304,401762458,2025,2
249,North Texas Mean Green,4629.0,2984,74.66,7.483870967741935,48.12903225806452,11,64.46316699071073,401762461,2025,2
2711,Western Michigan Broncos,4001.0,2179,56.35,7.28169014084507,30.690140845070424,12,54.46138465383654,401762461,2025,2
2084,Buffalo Bulls,5234.0,4121,62.31,8.857142857142858,49.05952380952381,11,78.73519296904853,401762794,2025,2
2598,Saint Francis Red Flash,3434.0,1079,68.68,7.12,21.58,11,31.421083284799067,401762794,2025,2
275,Wisconsin Badgers,3866.0,2977,67.82,7.140350877192983,52.228070175438596,11,77.00465597516813,401752820,2025,2
2393,Middle Tennessee Blue Raiders,4144.0,1834,71.45,7.344827586206897,31.620689655172413,11,44.25675675675676,401752820,2025,2
195,Ohio Bobcats,5682.0,3182,73.79,8.38961038961039,41.324675324675326,12,56.00140795494544,401756883,2025,2
277,West Virginia Mountaineers,3758.0,1397,65.93,4.543859649122807,24.50877192982456,14,37.174028738690794,401756883,2025,2
2751,Wyoming Cowboys,4228.0,2597,69.31,6.639344262295082,42.57377049180328,12,61.42384105960265,401760367,2025,2
2460,Northern Iowa Panthers,4292.0,1732,75.3,7.12280701754386,30.385964912280702,12,40.35414725069897,401760367,2025,2
2717,Western Carolina Catamounts,5479.0,2522,74.04,8.472972972972974,34.08108108108108,15,46.030297499543714,401754620,2025,2
154,Wake Forest Demon Deacons,3351.0,1776,63.23,4.7924528301886795,33.509433962264154,16,52.99910474485228,401754620,2025,2
193,Miami (OH) RedHawks,0.0,1494,0.0,5.0227272727272725,33.95454545454545,10,,401752818,2025,2
164,Rutgers Scarlet Knights,5224.0,4345,67.84,10.181818181818182,56.42857142857143,9,83.17381316998468,401752818,2025,2
8,Arkansas Razorbacks,4580.0,4112,80.35,7.5964912280701755,72.14035087719299,11,89.78165938864629,401752682,2025,2
2032,Arkansas State Red Wolves,5176.0,3166,69.95,10.04054054054054,42.78378378378378,11,61.16692426584235,401752682,2025,2
16,Sacramento State Hornets,4600.0,2503,80.7,8.964912280701755,43.91228070175438,10,54.41304347826087,401760365,2025,2
2440,Nevada Wolf Pack,5039.0,3259,74.1,8.617647058823529,47.9264705882353,9,64.67553085929748,401760365,2025,2
2296,Jackson State Tigers,5410.0,2445,77.29,7.3428571428571425,34.92857142857143,12,45.19408502772643,401761602,2025,2
2572,Southern Miss Golden Eagles,4360.0,3190,66.06,7.818181818181818,48.333333333333336,11,73.1651376146789,401761602,2025,2
113,Massachusetts Minutemen,4752.0,2702,72.0,7.924242424242424,40.93939393939394,12,56.86026936026936,401762816,2025,2
2803,Bryant Bulldogs,5487.0,3151,78.39,7.642857142857143,45.01428571428571,13,57.42664479679242,401762816,2025,2
25,California Golden Bears,5160.0,3593,71.67,7.513888888888889,49.90277777777778,13,69.63178294573643,401754530,2025,2
2640,Texas Southern Tigers,3985.0,1375,69.91,6.578947368421052,24.12280701754386,12,34.50439146800502,401754530,2025,2
2623,Missouri State Bears,4646.0,2392,71.48,6.076923076923077,36.8,13,51.48514851485149,401757228,2025,2
276,Marshall Thundering Herd,4062.0,2100,71.26,6.12280701754386,36.8421052631579,12,51.698670605612996,401757228,2025,2
295,Old Dominion Monarchs,4043.0,2758,66.28,5.459016393442623,45.21311475409836,14,68.21667078901805,401761599,2025,2
2428,North Carolina Central Eagles,4306.0,1627,70.59,6.442622950819672,26.672131147540984,13,37.784486762656755,401761599,2025,2
151,East Carolina Pirates,4843.0,4193,60.54,8.0875,52.4125,12,86.57856700392318,401762459,2025,2
2097,Campbell Fighting Camels,5114.0,2020,83.84,8.573770491803279,33.114754098360656,12,39.49941337504889,401762459,2025,2
2226,Florida Atlantic Owls,5560.0,4486,70.38,7.860759493670886,56.78481012658228,12,80.68345323741008,401762460,2025,2
50,Florida A&M Rattlers,4807.0,2192,77.53,7.419354838709677,35.354838709677416,12,45.60016642396505,401762460,2025,2
2429,Charlotte 49ers,5476.0,2748,79.36,7.9855072463768115,39.82608695652174,11,50.18261504747991,401754527,2025,2
153,North Carolina Tar Heels,3838.0,2061,67.33,7.7368421052631575,36.1578947368421,11,53.69984366857739,401754527,2025,2
349,Army Black Knights,6043.0,4298,73.7,11.878048780487806,52.41463414634146,9,71.12361409895747,401756882,2025,2
2306,Kansas State Wildcats,3060.0,1793,71.16,8.30232558139535,41.69767441860465,6,58.59477124183007,401756882,2025,2
242,Rice Owls,4894.0,2074,74.15,7.863636363636363,31.424242424242426,13,42.378422558234575,401756884,2025,2
248,Houston Cougars,4006.0,2276,67.9,7.338983050847458,38.57627118644068,12,56.814777833250126,401756884,2025,2
2116,UCF Knights,3350.0,2419,62.04,6.018518518518518,44.7962962962963,12,72.2089552238806,401756886,2025,2
2448,North Carolina A&T Aggies,4601.0,1537,76.68,6.083333333333333,25.616666666666667,13,33.40578135188002,401756886,2025,2
98,Western Kentucky Hilltoppers,4721.0,2437,70.46,6.134328358208955,36.37313432835821,13,51.62041940266893,401757232,2025,2
2649,Toledo Rockets,4746.0,2812,75.33,7.095238095238095,44.63492063492063,12,59.24989464812474,401757232,2025,2
36,Colorado State Rams,5308.0,3471,74.76,9.098591549295774,48.88732394366197,10,65.39186134137151,401760364,2025,2
2458,Northern Colorado Bears,4153.0,2086,68.08,6.918032786885246,34.19672131147541,13,50.22875030098724,401760364,2025,2
2247,Georgia State Panthers,4870.0,2965,74.92,8.107692307692307,45.61538461538461,10,60.8829568788501,401761598,2025,2
235,Memphis Tigers,4184.0,2948,70.92,7.830508474576271,49.96610169491525,10,70.45889101338432,401761598,2025,2
2655,Tulane Green Wave,4711.0,3301,66.35,8.225352112676056,46.49295774647887,11,70.07004882190618,401761601,2025,2
6,South Alabama Jaguars,4744.0,3522,72.98,8.184615384615384,54.184615384615384,11,74.24114671163575,401761601,2025,2
2199,Eastern Michigan Eagles,3988.0,2044,73.85,6.425925925925926,37.851851851851855,11,51.25376128385155,401762795,2025,2
2341,Long Island University Sharks,5272.0,3918,77.53,9.397058823529411,57.61764705882353,10,74.31714719271623,401762795,2025,2
2050,Ball State Cardinals,3484.0,626,71.1,5.285714285714286,12.775510204081632,12,17.96785304247991,401752683,2025,2
2,Auburn Tigers,4581.0,2611,71.58,7.09375,40.796875,12,56.99628901986466,401752683,2025,2
259,Virginia Tech Hokies,4142.0,2610,71.41,9.086206896551724,45.0,10,63.01303718010623,401752695,2025,2
238,Vanderbilt Commodores,3469.0,3062,66.71,8.26923076923077,58.88461538461539,9,88.26751225136927,401752695,2025,2
2006,Akron Zips,4515.0,1177,76.53,5.169491525423729,19.949152542372882,13,26.068660022148393,401752810,2025,2
158,Nebraska Cornhuskers,4406.0,4110,62.94,6.1571428571428575,58.714285714285715,13,93.28188833408987,401752810,2025,2
290,Georgia Southern Eagles,5850.0,3536,76.97,7.802631578947368,46.526315789473685,14,60.44444444444444,401752814,2025,2
30,USC Trojans,4895.0,3738,77.7,6.015873015873016,59.333333333333336,13,76.36363636363636,401752814,2025,2
103,Boston College Eagles,4912.0,3406,70.17,7.4,48.65714285714286,13,69.34039087947883,401752816,2025,2
127,Michigan State Spartans,3999.0,2445,66.65,7.1,40.75,12,61.14028507126782,401752816,2025,2
79,Southern Illinois Salukis,4560.0,2155,77.29,8.101694915254237,36.52542372881356,9,47.25877192982456,401752819,2025,2
2509,Purdue Boilermakers,5014.0,4328,65.97,10.592105263157896,56.94736842105263,8,86.31830873554048,401752819,2025,2
324,Coastal Carolina Chanticleers,5488.0,3918,74.16,11.04054054054054,52.945945945945944,10,71.39212827988338,401761597,2025,2
2127,Charleston Southern Buccaneers,3989.0,1231,86.72,6.043478260869565,26.76086956521739,10,30.859864627726246,401761597,2025,2
2439,UNLV Rebels,3727.0,2501,76.06,7.408163265306122,51.04081632653061,9,67.1049101153743,401752823,2025,2
26,UCLA Bruins,5096.0,3565,72.8,9.357142857142858,50.92857142857143,9,69.95682888540031,401752823,2025,2
309,Louisiana Ragin' Cajuns,4290.0,3138,67.03,8.84375,49.03125,10,73.14685314685315,401761600,2025,2
2377,McNeese Cowboys,4123.0,1477,74.96,6.254545454545455,26.854545454545455,10,35.82342954159593,401761600,2025,2
166,New Mexico State Aggies,4968.0,2792,69.97,9.352112676056338,39.32394366197183,11,56.19967793880837,401757229,2025,2
202,Tulsa Golden Hurricane,5786.0,3329,75.14,8.103896103896103,43.23376623376623,12,57.53543034911856,401757229,2025,2
2638,UTEP Miners,3657.0,1904,67.72,4.333333333333333,35.25925925925926,15,52.064533770850424,401757231,2025,2
2630,UT Martin Skyhawks,5538.0,2961,73.84,7.16,39.48,14,53.46695557963164,401757231,2025,2
2692,Weber State Wildcats,3848.0,1244,72.6,6.150943396226415,23.471698113207548,11,32.32848232848233,401756879,2025,2
12,Arizona Wildcats,4379.0,3471,76.82,9.228070175438596,60.89473684210526,9,79.26467229961179,401756879,2025,2
21,San Diego State Aztecs,4213.0,1423,70.22,5.433333333333334,23.716666666666665,14,33.77640636126276,401752948,2025,2
265,Washington State Cougars,4846.0,2617,64.61,7.626666666666667,34.89333333333333,13,54.00330169211721,401752948,2025,2
252,BYU Cougars,4118.0,2564,61.46,7.850746268656716,38.26865671641791,11,62.26323457989315,401754526,2025,2
24,Stanford Cardinal,4238.0,1720,77.05,8.563636363636364,31.272727272727273,10,40.585181689476165,401754526,2025,2
264,Washington Huskies,5291.0,5291,70.55,9.56,70.54666666666667,9,100.0,401752821,2025,2
302,UC Davis Aggies,3826.0,1612,75.02,5.96078431372549,31.607843137254903,11,42.13277574490329,401752821,2025,2
2534,Sam Houston Bearkats,4403.0,2077,78.62,6.75,37.089285714285715,11,47.17238246650011,401757230,2025,2
62,Hawai'i Rainbow Warriors,5219.0,3523,68.67,8.31578947368421,46.35526315789474,11,67.50335313278406,401757230,2025,2
152,NC State Wolfpack,5084.0,3054,68.7,7.6891891891891895,41.270270270270274,12,60.07081038552321,401754531,2025,3
154,Wake Forest Demon Deacons,4627.0,2313,81.18,6.684210526315789,40.578947368421055,11,49.98919386211368,401754531,2025,3
84,Indiana Hoosiers,4356.0,3949,65.01,6.686567164179104,58.940298507462686,13,90.65656565656566,401752836,2025,3
282,Indiana State Sycamores,3647.0,507,72.94,4.36,10.14,13,13.901837126405265,401752836,2025,3
183,Syracuse Orange,4793.0,3962,67.51,6.380281690140845,55.80281690140845,14,82.66221573127477,401754532,2025,3
2142,Colgate Raiders,5949.0,3297,73.44,7.148148148148148,40.7037037037037,14,55.421079172970245,401754532,2025,3
248,Houston Cougars,5093.0,3528,69.77,9.520547945205479,48.32876712328767,12,69.27154918515609,401756893,2025,3
38,Colorado Buffaloes,4559.0,2288,78.6,5.896551724137931,39.44827586206897,12,50.18644439570081,401756893,2025,3
12,Arizona Wildcats,4932.0,2985,67.56,8.547945205479452,40.89041095890411,12,60.523114355231144,401756888,2025,3
2306,Kansas State Wildcats,3521.0,926,66.43,5.886792452830188,17.471698113207548,12,26.299346776483954,401756888,2025,3
167,New Mexico Lobos,4285.0,3791,68.02,8.428571428571429,60.17460317460318,9,88.47141190198366,401752837,2025,3
26,UCLA Bruins,4388.0,1992,81.26,6.166666666666667,36.888888888888886,11,45.39653600729262,401752837,2025,3
194,Ohio State Buckeyes,4371.0,3753,71.66,7.590163934426229,61.52459016393443,10,85.86135895676047,401752827,2025,3
195,Ohio Bobcats,3858.0,1186,71.44,6.62962962962963,21.962962962962962,11,30.741316744427163,401752827,2025,3
213,Penn State Nittany Lions,4377.0,3552,63.43,7.782608695652174,51.47826086956522,11,81.15147361206306,401752835,2025,3
222,Villanova Wildcats,5216.0,1976,84.13,9.03225806451613,31.870967741935484,12,37.88343558282209,401752835,2025,3
99,LSU Tigers,3587.0,1668,71.74,5.46,33.36,12,46.50125453024812,401752699,2025,3
57,Florida Gators,5729.0,2475,75.38,6.947368421052632,32.56578947368421,12,43.20125676383313,401752699,2025,3
2483,Oregon Ducks,3704.0,2499,67.35,7.763636363636364,45.43636363636364,10,67.46760259179266,401752831,2025,3
77,Northwestern Wildcats,4602.0,2243,79.34,8.344827586206897,38.672413793103445,9,48.73967840069535,401752831,2025,3
58,South Florida Bulls,5193.0,2682,76.37,6.367647058823529,39.44117647058823,13,51.646447140381284,401754535,2025,3
2390,Miami Hurricanes,4558.0,3490,71.22,6.4375,54.53125,13,76.56867046950417,401754535,2025,3
61,Georgia Bulldogs,6539.0,4830,76.03,8.80232558139535,56.16279069767442,13,73.86450527603608,401752705,2025,3
2633,Tennessee Volunteers,4470.0,3265,64.78,7.695652173913044,47.31884057971015,13,73.04250559284117,401752705,2025,3
251,Texas Longhorns,4276.0,2367,54.82,7.141025641025641,30.346153846153847,13,55.35547240411599,401752706,2025,3
2638,UTEP Miners,4326.0,1805,74.59,5.689655172413793,31.120689655172413,13,41.72445677300046,401752706,2025,3
87,Notre Dame Fighting Irish,6826.0,3151,96.14,7.267605633802817,44.38028169014085,12,46.1617345443891,401752707,2025,3
245,Texas A&M Aggies,375.0,3236,5.43,7.72463768115942,46.89855072463768,13,862.9333333333333,401752707,2025,3
356,Illinois Fighting Illini,4042.0,3096,67.37,8.183333333333334,51.6,10,76.59574468085107,401752829,2025,3
2711,Western Michigan Broncos,4222.0,1903,72.79,7.051724137931035,32.810344827586206,11,45.0734249171009,401752829,2025,3
238,Vanderbilt Commodores,4040.0,2748,67.33,7.683333333333334,45.8,10,68.01980198019803,401752704,2025,3
2579,South Carolina Gamecocks,4422.0,2265,72.49,7.311475409836065,37.131147540983605,10,51.22116689280868,401752704,2025,3
228,Clemson Tigers,4635.0,3290,75.98,10.163934426229508,53.9344262295082,9,70.9816612729234,401754623,2025,3
59,Georgia Tech Yellow Jackets,5319.0,3592,75.99,9.614285714285714,51.31428571428572,10,67.53149088174469,401754623,2025,3
201,Oklahoma Sooners,5394.0,3871,70.05,7.857142857142857,50.27272727272727,14,71.7649239896181,401752703,2025,3
218,Temple Owls,3723.0,682,71.6,5.384615384615385,13.115384615384615,13,18.31856030083266,401752703,2025,3
2032,Arkansas State Red Wolves,5566.0,4150,72.29,12.415584415584416,53.896103896103895,10,74.5598275242544,401756890,2025,3
66,Iowa State Cyclones,4958.0,3743,78.7,7.380952380952381,59.41269841269841,10,75.4941508672852,401756890,2025,3
8,Arkansas Razorbacks,5519.0,4562,76.65,9.180555555555555,63.361111111111114,9,82.65990215618771,401752700,2025,3
145,Ole Miss Rebels,5098.0,4274,76.09,9.149253731343284,63.791044776119406,10,83.83679874460573,401752700,2025,3
333,Alabama Crimson Tide,4060.0,3240,78.08,8.01923076923077,62.30769230769231,9,79.80295566502463,401752696,2025,3
275,Wisconsin Badgers,3737.0,1406,73.27,7.078431372549019,27.568627450980394,9,37.62376237623762,401752696,2025,3
2751,Wyoming Cowboys,5400.0,1629,96.43,7.357142857142857,29.089285714285715,10,30.166666666666668,401756895,2025,3
254,Utah Utes,6309.0,4990,76.94,11.658536585365853,60.853658536585364,10,79.0933586939293,401756895,2025,3
2641,Texas Tech Red Raiders,5371.0,4254,70.67,7.723684210526316,55.973684210526315,13,79.20312790914168,401752938,2025,3
204,Oregon State Beavers,4615.0,1971,67.87,6.514705882352941,28.985294117647058,13,42.70855904658722,401752938,2025,3
130,Michigan Wolverines,4900.0,4507,63.64,8.207792207792208,58.532467532467535,12,91.9795918367347,401752839,2025,3
2117,Central Michigan Chippewas,3931.0,1477,77.08,7.529411764705882,28.96078431372549,11,37.57313660646146,401752839,2025,3
2,Auburn Tigers,4467.0,3675,73.23,11.147540983606557,60.24590163934426,8,82.26997985224983,401752697,2025,3
6,South Alabama Jaguars,5029.0,3704,75.06,11.26865671641791,55.28358208955224,8,73.65281368065222,401752697,2025,3
309,Louisiana Ragin' Cajuns,2491.0,230,73.26,3.7941176470588234,6.764705882352941,11,9.23323966278603,401752702,2025,3
142,Missouri Tigers,6003.0,5124,70.62,10.117647058823529,60.28235294117647,12,85.35732133933034,401752702,2025,3
158,Nebraska Cornhuskers,4657.0,4277,64.68,7.444444444444445,59.40277777777778,11,91.8402404981748,401752828,2025,3
2277,Houston Christian Huskies,4110.0,1060,77.55,7.377358490566038,20.0,11,25.790754257907544,401752828,2025,3
120,Maryland Terrapins,5006.0,3008,70.51,7.225352112676056,42.36619718309859,13,60.08789452656812,401752838,2025,3
119,Towson Tigers,3820.0,1594,70.74,6.5,29.51851851851852,13,41.72774869109948,401752838,2025,3
2729,William & Mary Tribe,3467.0,1031,70.76,4.469387755102041,21.040816326530614,13,29.73752523795789,401754619,2025,3
258,Virginia Cavaliers,8044.0,4428,96.92,7.554216867469879,53.34939759036145,14,55.04724017901542,401754619,2025,3
2535,Samford Bulldogs,4274.0,1289,73.69,5.103448275862069,22.224137931034484,14,30.15910154422087,401756891,2025,3
239,Baylor Bears,6016.0,4195,69.95,8.569767441860465,48.77906976744186,14,69.73071808510639,401756891,2025,3
2653,Troy Trojans,4537.0,1154,82.49,5.7272727272727275,20.98181818181818,12,25.435309675997356,401761608,2025,3
235,Memphis Tigers,5039.0,2646,71.99,6.6571428571428575,37.8,13,52.51041873387577,401761608,2025,3
2084,Buffalo Bulls,4840.0,3004,70.14,6.579710144927536,43.53623188405797,13,62.06611570247934,401762817,2025,3
2309,Kent State Golden Flashes,5852.0,3518,80.16,9.767123287671232,48.19178082191781,13,60.1161995898838,401762817,2025,3
2050,Ball State Cardinals,6849.0,4764,67.15,6.578431372549019,46.705882352941174,15,69.55759964958388,401762818,2025,3
160,New Hampshire Wildcats,11688.0,6906,73.97,9.044303797468354,43.70886075949367,19,59.08624229979466,401762818,2025,3
41,UConn Huskies,5011.0,3854,75.92,7.015151515151516,58.39393939393939,11,76.91079624825385,401757168,2025,3
48,Delaware Blue Hens,5440.0,3818,74.52,8.534246575342467,52.3013698630137,12,70.18382352941177,401757168,2025,3
2450,Norfolk State Spartans,3448.0,1339,73.36,6.0,28.48936170212766,11,38.83410672853828,401752833,2025,3
164,Rutgers Scarlet Knights,5826.0,4680,71.93,9.012345679012345,57.77777777777778,10,80.32955715756951,401752833,2025,3
127,Michigan State Spartans,4559.0,3863,74.74,8.60655737704918,63.32786885245902,10,84.73349418732178,401752834,2025,3
2754,Youngstown State Penguins,4297.0,2904,70.44,8.59016393442623,47.60655737704918,10,67.58203397719339,401752834,2025,3
249,North Texas Mean Green,4021.0,3279,63.83,7.73015873015873,52.04761904761905,12,81.5468788858493,401752949,2025,3
265,Washington State Cougars,5057.0,2737,80.27,8.380952380952381,43.44444444444444,12,54.12299782479731,401752949,2025,3
2623,Missouri State Bears,4680.0,2298,74.29,5.873015873015873,36.476190476190474,12,49.1025641025641,401754615,2025,3
2567,SMU Mustangs,5031.0,2811,73.99,6.9411764705882355,41.338235294117645,13,55.87358378056052,401754615,2025,3
277,West Virginia Mountaineers,6515.0,3783,78.49,7.698795180722891,45.57831325301205,16,58.066001534919415,401754638,2025,3
221,Pittsburgh Panthers,4221.0,1991,63.95,5.96969696969697,30.166666666666668,15,47.16891731817105,401754638,2025,3
257,Richmond Spiders,4582.0,2711,73.9,9.596774193548388,43.725806451612904,11,59.16630292448713,401754639,2025,3
153,North Carolina Tar Heels,2759.0,2093,56.31,6.510204081632653,42.714285714285715,9,75.86081913736861,401754639,2025,3
2466,Northwestern State Demons,3616.0,865,76.94,5.872340425531915,18.404255319148938,12,23.92146017699115,401756892,2025,3
2132,Cincinnati Bearcats,3092.0,2747,63.1,5.040816326530612,56.06122448979592,12,88.84217335058214,401756892,2025,3
2916,Incarnate Word Cardinals,5425.0,2527,78.62,6.3478260869565215,36.6231884057971,14,46.58064516129032,401762467,2025,3
2636,UTSA Roadrunners,4485.0,2416,65.96,6.176470588235294,35.529411764705884,14,53.86845039018952,401762467,2025,3
2649,Toledo Rockets,5323.0,4156,64.91,7.963414634146342,50.68292682926829,14,78.07627277850835,401762819,2025,3
2415,Morgan State Bears,3440.0,366,74.78,3.9130434782608696,7.956521739130435,14,10.63953488372093,401762819,2025,3
2335,Liberty Flames,4522.0,2343,74.13,6.737704918032787,38.40983606557377,11,51.81335692171606,401757256,2025,3
189,Bowling Green Falcons,4050.0,1884,64.29,7.666666666666667,29.904761904761905,12,46.51851851851852,401757256,2025,3
2393,Middle Tennessee Blue Raiders,5851.0,3032,78.01,7.426666666666667,40.42666666666667,13,51.82020167492736,401757258,2025,3
2440,Nevada Wolf Pack,4424.0,1707,73.73,5.916666666666667,28.45,13,38.58499095840868,401757258,2025,3
2016,Alcorn State Braves,3446.0,962,76.58,6.222222222222222,21.377777777777776,12,27.91642484039466,401752701,2025,3
344,Mississippi State Bulldogs,2965.0,2284,54.91,5.925925925925926,42.2962962962963,13,77.03204047217538,401752701,2025,3
338,Kennesaw State Owls,4094.0,2645,67.11,7.983606557377049,43.36065573770492,10,64.6067415730337,401757235,2025,3
2771,Merrimack Warriors,5181.0,2424,86.35,7.85,40.4,9,46.786334684423856,401757235,2025,3
2198,Eastern Kentucky Colonels,3862.0,608,75.73,4.666666666666667,11.92156862745098,15,15.743138270326256,401761606,2025,3
276,Marshall Thundering Herd,3985.0,2244,56.93,5.585714285714285,32.05714285714286,15,56.31116687578419,401761606,2025,3
2429,Charlotte 49ers,4828.0,3888,68.0,7.140845070422535,54.76056338028169,11,80.53024026512013,401762464,2025,3
2405,Monmouth Hawks,5206.0,3158,73.32,7.422535211267606,44.478873239436616,11,60.66077602766039,401762464,2025,3
30,USC Trojans,5077.0,4127,78.11,9.76923076923077,63.49230769230769,8,81.2881623005712,401752832,2025,3
2509,Purdue Boilermakers,4926.0,3320,74.64,7.984848484848484,50.303030303030305,9,67.39748274462038,401752832,2025,3
295,Old Dominion Monarchs,4762.0,3749,76.81,6.548387096774194,60.46774193548387,11,78.72742545149097,401754536,2025,3
259,Virginia Tech Hokies,5340.0,3403,74.17,7.333333333333333,47.263888888888886,12,63.72659176029963,401754536,2025,3
55,Jacksonville State Gamecocks,4544.0,3328,69.91,8.138461538461538,51.2,11,73.2394366197183,401757234,2025,3
290,Georgia Southern Eagles,4236.0,2962,64.18,7.424242424242424,44.878787878787875,11,69.92445703493863,401757234,2025,3
2247,Georgia State Panthers,3918.0,2784,67.55,6.827586206896552,48.0,12,71.05666156202145,401761605,2025,3
93,Murray State Racers,5035.0,2855,71.93,7.257142857142857,40.785714285714285,13,56.70307845084409,401761605,2025,3
2572,Southern Miss Golden Eagles,3737.0,2650,71.87,6.711538461538462,50.96153846153846,12,70.91249665507091,401761607,2025,3
2026,App State Mountaineers,6228.0,4372,70.77,8.465909090909092,49.68181818181818,13,70.19910083493899,401761607,2025,3
2504,Prairie View A&M Panthers,4203.0,2136,71.24,7.694915254237288,36.20338983050848,10,50.820842255531765,401762466,2025,3
242,Rice Owls,5331.0,3884,67.48,9.20253164556962,49.164556962025316,10,72.8568748827612,401762466,2025,3
2199,Eastern Michigan Eagles,5487.0,3316,76.21,7.944444444444445,46.05555555555556,12,60.43375250592309,401752698,2025,3
96,Kentucky Wildcats,4284.0,3214,65.91,6.953846153846154,49.44615384615385,12,75.02334267040149,401752698,2025,3
113,Massachusetts Minutemen,3569.0,700,72.84,4.918367346938775,14.285714285714286,12,19.61333706920706,401752830,2025,3
2294,Iowa Hawkeyes,4203.0,3569,59.2,9.408450704225352,50.267605633802816,10,84.91553652153223,401752830,2025,3
2348,Louisiana Tech Bulldogs,5966.0,4285,72.76,8.21951219512195,52.25609756097561,14,71.82366744887698,401757257,2025,3
166,New Mexico State Aggies,3639.0,1198,75.81,4.583333333333333,24.958333333333332,14,32.9211321791701,401757257,2025,3
324,Coastal Carolina Chanticleers,4934.0,1465,77.09,6.28125,22.890625,13,29.69193352249696,401761604,2025,3
151,East Carolina Pirates,5122.0,3773,60.98,8.226190476190476,44.916666666666664,13,73.6626317844592,401761604,2025,3
2655,Tulane Green Wave,3902.0,3094,66.14,7.372881355932203,52.440677966101696,10,79.29267042542286,401754534,2025,3
150,Duke Blue Devils,5414.0,3699,72.19,8.533333333333333,49.32,11,68.32286664203916,401754534,2025,3
2628,TCU Horned Frogs,4459.0,3963,75.58,8.220338983050848,67.16949152542372,8,88.87642969275622,401756894,2025,3
2000,Abilene Christian Wildcats,5775.0,4156,77.0,9.133333333333333,55.413333333333334,9,71.96536796536796,401756894,2025,3
2426,Navy Midshipmen,4472.0,3598,62.11,8.083333333333334,49.97222222222222,11,80.4561717352415,401762465,2025,3
202,Tulsa Golden Hurricane,4745.0,2371,68.77,7.521739130434782,34.36231884057971,12,49.96838777660695,401762465,2025,3
2229,Florida International Panthers,4124.0,2615,65.46,6.26984126984127,41.507936507936506,14,63.40931134820563,401757233,2025,3
2226,Florida Atlantic Owls,6242.0,3577,77.06,9.617283950617283,44.160493827160494,14,57.30535084908683,401757233,2025,3
5,UAB Blazers,5146.0,3063,72.48,7.295774647887324,43.140845070422536,11,59.52195880295375,401762463,2025,3
2006,Akron Zips,5339.0,3069,71.19,7.96,40.92,13,57.48267465817569,401762463,2025,3
328,Utah State Aggies,3879.0,2554,68.05,5.473684210526316,44.80701754385965,12,65.84171178138696,401760368,2025,3
2005,Air Force Falcons,6335.0,3789,73.66,8.569767441860465,44.05813953488372,12,59.81057616416732,401760368,2025,3
2582,Southern Jaguars,3315.0,1116,78.93,5.928571428571429,26.571428571428573,10,33.665158371040725,401760369,2025,3
278,Fresno State Bulldogs,3618.0,3349,56.53,7.6875,52.328125,11,92.56495301271421,401760369,2025,3
135,Minnesota Golden Gophers,5478.0,3121,75.04,9.397260273972602,42.75342465753425,10,56.97334793720336,401752840,2025,3
25,California Golden Bears,4406.0,2453,66.76,6.863636363636363,37.166666666666664,12,55.67408079891057,401752840,2025,3
24,Stanford Cardinal,3915.0,2272,71.18,7.818181818181818,41.30909090909091,11,58.03320561941251,401754533,2025,3
103,Boston College Eagles,4986.0,2671,74.42,7.059701492537314,39.865671641791046,12,53.569995988768554,401754533,2025,3
9,Arizona State Sun Devils,4345.0,3077,68.97,8.873015873015873,48.84126984126984,10,70.81703107019563,401756889,2025,3
326,Texas State Bobcats,5109.0,3335,66.35,10.974025974025974,43.311688311688314,10,65.27696222352711,401756889,2025,3
2502,Portland State Vikings,3796.0,1538,70.3,6.055555555555555,28.48148148148148,11,40.5163329820864,401760370,2025,3
62,Hawai'i Rainbow Warriors,5361.0,2913,73.44,8.753424657534246,39.9041095890411,11,54.33687744823727,401760370,2025,3
242,Rice Owls,4101.0,2421,70.71,6.379310344827586,41.741379310344826,11,59.03438185808339,401762468,2025,4
2429,Charlotte 49ers,5547.0,3458,72.99,8.473684210526315,45.5,12,62.34000360555255,401762468,2025,4
197,Oklahoma State Cowboys,5630.0,2632,72.18,7.5,33.743589743589745,12,46.749555950266426,401756900,2025,4
202,Tulsa Golden Hurricane,6163.0,3624,77.04,9.9125,45.3,12,58.802531234788255,401756900,2025,4
2294,Iowa Hawkeyes,3872.0,2800,71.7,6.851851851851852,51.851851851851855,9,72.31404958677686,401752844,2025,4
164,Rutgers Scarlet Knights,5067.0,3558,72.39,8.228571428571428,50.82857142857143,11,70.21906453522794,401752844,2025,4
99,LSU Tigers,5033.0,4607,64.53,9.666666666666666,59.06410256410256,10,91.53586330220544,401752710,2025,4
2545,SE Louisiana Lions,3243.0,1387,75.42,6.4186046511627906,32.25581395348837,9,42.769041011409186,401752710,2025,4
2390,Miami Hurricanes,5073.0,3205,67.64,9.96,42.733333333333334,12,63.17760693869505,401752709,2025,4
57,Florida Gators,3876.0,1210,74.54,6.153846153846154,23.26923076923077,11,31.217750257997935,401752709,2025,4
204,Oregon State Beavers,3567.0,1177,74.31,6.458333333333333,24.520833333333332,11,32.99691617605831,401752841,2025,4
2483,Oregon Ducks,5465.0,4360,71.91,8.342105263157896,57.36842105263158,11,79.7804208600183,401752841,2025,4
2309,Kent State Golden Flashes,3800.0,1369,70.37,7.092592592592593,25.35185185185185,12,36.026315789473685,401754541,2025,4
52,Florida State Seminoles,5693.0,5128,72.99,7.4743589743589745,65.74358974358974,12,90.07553135429475,401754541,2025,4
2534,Sam Houston Bearkats,3738.0,571,74.76,4.88,11.42,12,15.275548421615838,401752723,2025,4
251,Texas Longhorns,4666.0,3774,68.62,7.602941176470588,55.5,11,80.88298328332618,401752723,2025,4
356,Illinois Fighting Illini,3420.0,757,76.0,4.311111111111111,16.822222222222223,12,22.13450292397661,401752843,2025,4
84,Indiana Hoosiers,4720.0,4146,65.56,7.222222222222222,57.583333333333336,11,87.83898305084746,401752843,2025,4
201,Oklahoma Sooners,4180.0,2009,69.67,7.066666666666666,33.483333333333334,12,48.0622009569378,401752714,2025,4
2,Auburn Tigers,5471.0,2567,79.29,7.695652173913044,37.20289855072464,12,46.92012429171998,401752714,2025,4
145,Ole Miss Rebels,5077.0,3993,73.58,8.202898550724637,57.869565217391305,11,78.64880835138861,401752711,2025,4
2655,Tulane Green Wave,4947.0,2818,72.75,8.647058823529411,41.44117647058823,11,56.963816454416815,401752711,2025,4
5,UAB Blazers,5263.0,2760,75.19,7.128571428571429,39.42857142857143,14,52.44157324719742,401752715,2025,4
2633,Tennessee Volunteers,4787.0,3258,69.38,7.492753623188406,47.21739130434783,12,68.05932734489242,401752715,2025,4
254,Utah Utes,5698.0,2238,78.05,5.821917808219178,30.65753424657534,15,39.276939276939274,401756901,2025,4
2641,Texas Tech Red Raiders,5038.0,2917,68.08,6.54054054054054,39.41891891891892,14,57.899960301707026,401756901,2025,4
59,Georgia Tech Yellow Jackets,3267.0,2181,66.67,4.612244897959184,44.51020408163265,13,66.7584940312213,401754542,2025,4
218,Temple Owls,6184.0,3102,76.35,8.234567901234568,38.2962962962963,13,50.16170763260026,401754542,2025,4
2247,Georgia State Panthers,4711.0,2629,72.48,7.769230769230769,40.44615384615385,13,55.80556145192104,401752716,2025,4
238,Vanderbilt Commodores,4553.0,3849,65.99,6.826086956521739,55.78260869565217,12,84.53766747199649,401752716,2025,4
130,Michigan Wolverines,3851.0,2162,72.66,8.50943396226415,40.79245283018868,12,56.14126200986757,401752846,2025,4
158,Nebraska Cornhuskers,4935.0,3186,69.51,7.732394366197183,44.87323943661972,12,64.55927051671732,401752846,2025,4
2579,South Carolina Gamecocks,3383.0,1673,70.48,5.916666666666667,34.854166666666664,10,49.45314809340822,401752713,2025,4
142,Missouri Tigers,5666.0,4263,79.8,9.19718309859155,60.04225352112676,10,75.23826332509707,401752713,2025,4
87,Notre Dame Fighting Irish,3774.0,3158,65.07,7.0,54.44827586206897,11,83.67779544250132,401752848,2025,4
2509,Purdue Boilermakers,4691.0,2615,70.01,7.268656716417911,39.02985074626866,13,55.74504370070348,401752848,2025,4
127,Michigan State Spartans,3798.0,2390,69.05,6.763636363636364,43.45454545454545,11,62.92785676671932,401752847,2025,4
30,USC Trojans,4861.0,4312,73.65,8.833333333333334,65.33333333333333,10,88.70602756634437,401752847,2025,4
8,Arkansas Razorbacks,4739.0,3011,71.8,6.5606060606060606,45.621212121212125,13,63.536611099388054,401752708,2025,4
235,Memphis Tigers,5529.0,3297,76.79,7.263888888888889,45.791666666666664,14,59.63103635377102,401752708,2025,4
120,Maryland Terrapins,4111.0,1780,72.12,5.052631578947368,31.228070175438596,14,43.29846752614935,401752845,2025,4
275,Wisconsin Badgers,5132.0,2198,68.43,7.093333333333334,29.30666666666667,13,42.82930631332814,401752845,2025,4
183,Syracuse Orange,5139.0,2962,69.45,6.6891891891891895,40.027027027027025,14,57.63767269896867,401754537,2025,4
228,Clemson Tigers,6600.0,4030,80.49,7.7560975609756095,49.146341463414636,13,61.06060606060606,401754537,2025,4
2747,Wofford Terriers,3725.0,1015,74.5,6.0,20.3,11,27.248322147651006,401754617,2025,4
259,Virginia Tech Hokies,4638.0,3550,68.21,7.647058823529412,52.205882352941174,11,76.54161276412246,401754617,2025,4
2628,TCU Horned Frogs,5120.0,3579,68.27,8.28,47.72,11,69.90234375,401754636,2025,4
2567,SMU Mustangs,4898.0,3114,75.35,7.876923076923077,47.90769230769231,12,63.576970191915066,401754636,2025,4
97,Louisville Cardinals,4194.0,2703,69.9,6.95,45.05,11,64.44921316165951,401754642,2025,4
189,Bowling Green Falcons,3555.0,1386,72.55,5.061224489795919,28.285714285714285,12,38.9873417721519,401754642,2025,4
193,Miami (OH) RedHawks,5331.0,2708,95.2,6.75,48.357142857142854,11,50.79722378540612,401760376,2025,4
2439,UNLV Rebels,7209.0,5493,61.62,8.41025641025641,46.94871794871795,17,76.19642114024137,401760376,2025,4
249,North Texas Mean Green,4990.0,4097,67.43,10.27027027027027,55.36486486486486,11,82.10420841683367,401762469,2025,4
349,Army Black Knights,5351.0,4108,71.35,10.986666666666666,54.77333333333333,10,76.77069706596897,401762469,2025,4
2569,South Carolina State Bulldogs,5700.0,2851,71.25,8.325,35.6375,14,50.01754385964912,401762470,2025,4
58,South Florida Bulls,3911.0,2732,72.43,6.388888888888889,50.592592592592595,12,69.85425722321656,401762470,2025,4
2681,Wagner Seahawks,3881.0,899,73.23,5.830188679245283,16.962264150943398,12,23.16413295542386,401762822,2025,4
2117,Central Michigan Chippewas,4542.0,2685,69.88,6.461538461538462,41.30769230769231,13,59.11492734478203,401762822,2025,4
2116,UCF Knights,4770.0,3919,75.71,11.952380952380953,62.20634920634921,8,82.15932914046121,401754640,2025,4
153,North Carolina Tar Heels,3985.0,2432,72.45,10.836363636363636,44.21818181818182,8,61.028858218318696,401754640,2025,4
41,UConn Huskies,4525.0,3341,70.7,9.078125,52.203125,9,73.8342541436464,401757169,2025,4
2050,Ball State Cardinals,4883.0,2797,78.76,7.258064516129032,45.11290322580645,10,57.28036043415933,401757169,2025,4
256,James Madison Dukes,4657.0,3944,73.92,9.365079365079366,62.6031746031746,8,84.68971440841743,401757262,2025,4
2335,Liberty Flames,4653.0,2264,75.05,8.951612903225806,36.516129032258064,9,48.65678057167419,401757262,2025,4
2199,Eastern Michigan Eagles,4428.0,2693,66.09,6.82089552238806,40.19402985074627,13,60.81752484191509,401761610,2025,4
309,Louisiana Ragin' Cajuns,4827.0,2951,75.42,7.421875,46.109375,11,61.135280712657966,401761610,2025,4
2084,Buffalo Bulls,4769.0,2071,75.7,6.920634920634921,32.87301587301587,12,43.42629482071713,401761613,2025,4
2653,Troy Trojans,5507.0,3020,65.56,8.416666666666666,35.95238095238095,13,54.83929544216452,401761613,2025,4
2649,Toledo Rockets,4559.0,1988,64.21,7.450704225352113,28.0,13,43.60605395920158,401762820,2025,4
2711,Western Michigan Broncos,5569.0,2794,80.71,7.753623188405797,40.492753623188406,12,50.170587179026754,401762820,2025,4
195,Ohio Bobcats,5076.0,3777,69.53,6.876712328767123,51.73972602739726,12,74.40898345153664,401762823,2025,4
2241,Gardner-Webb Runnin' Bulldogs,4248.0,2890,69.64,6.245901639344262,47.377049180327866,12,68.03201506591337,401762823,2025,4
150,Duke Blue Devils,4135.0,2975,66.69,6.838709677419355,47.983870967741936,12,71.94679564691657,401754538,2025,4
152,NC State Wolfpack,5796.0,4889,82.8,10.014285714285714,69.84285714285714,11,84.35127674258109,401754538,2025,4
2459,Northern Illinois Huskies,3639.0,1926,74.27,6.979591836734694,39.30612244897959,9,52.926628194558944,401752712,2025,4
344,Mississippi State Bulldogs,4836.0,3470,70.09,9.08695652173913,50.289855072463766,10,71.7535153019024,401752712,2025,4
70,Idaho Vandals,5439.0,4441,71.57,11.789473684210526,58.43421052631579,9,81.65103879389594,401760375,2025,4
23,San José State Spartans,3395.0,2321,72.23,6.51063829787234,49.38297872340426,9,68.36524300441826,401760375,2025,4
277,West Virginia Mountaineers,5534.0,2465,77.94,6.450704225352113,34.71830985915493,14,44.54282616552223,401756899,2025,4
2305,Kansas Jayhawks,4304.0,2361,65.21,6.651515151515151,35.77272727272727,13,54.855947955390334,401756899,2025,4
48,Delaware Blue Hens,4753.0,4094,73.12,10.476923076923077,62.98461538461538,8,86.13507258573533,401757259,2025,4
2229,Florida International Panthers,4879.0,3381,72.82,9.686567164179104,50.46268656716418,10,69.29698708751793,401757259,2025,4
2032,Arkansas State Red Wolves,5648.0,2610,78.44,7.75,36.25,13,46.211048158640224,401757261,2025,4
338,Kennesaw State Owls,5633.0,3850,66.27,8.08235294117647,45.294117647058826,13,68.34723948162613,401757261,2025,4
2184,Duquesne Dukes,5347.0,2035,79.81,6.731343283582089,30.37313432835821,14,38.05872451842154,401762821,2025,4
2006,Akron Zips,4400.0,3044,63.77,6.6521739130434785,44.11594202898551,13,69.18181818181819,401762821,2025,4
55,Jacksonville State Gamecocks,5744.0,4404,72.71,7.949367088607595,55.74683544303797,13,76.67130919220055,401757260,2025,4
93,Murray State Racers,4861.0,1991,78.4,7.354838709677419,32.11290322580645,12,40.95865048343962,401757260,2025,4
276,Marshall Thundering Herd,4535.0,3110,66.69,7.117647058823529,45.73529411764706,12,68.57772877618523,401757264,2025,4
2393,Middle Tennessee Blue Raiders,3546.0,1634,73.88,5.916666666666667,34.041666666666664,11,46.08009024252679,401757264,2025,4
2623,Missouri State Bears,3714.0,2838,66.32,7.071428571428571,50.67857142857143,10,76.41357027463651,401757265,2025,4
2630,UT Martin Skyhawks,4260.0,2210,77.45,10.672727272727272,40.18181818181818,11,51.87793427230047,401757265,2025,4
2440,Nevada Wolf Pack,4945.0,2987,70.64,7.485714285714286,42.67142857142857,12,60.404448938321536,401757268,2025,4
98,Western Kentucky Hilltoppers,4965.0,3381,77.58,8.5625,52.828125,10,68.09667673716012,401757268,2025,4
68,Boise State Broncos,3637.0,2992,67.35,6.962962962962963,55.407407407407405,10,82.26560351938411,401760372,2025,4
2005,Air Force Falcons,5584.0,4401,75.46,10.405405405405405,59.472972972972975,10,78.81446991404012,401760372,2025,4
290,Georgia Southern Eagles,5144.0,3811,66.81,8.142857142857142,49.493506493506494,13,74.08631415241058,401761609,2025,4
311,Maine Black Bears,4325.0,2233,68.65,7.809523809523809,35.44444444444444,11,51.630057803468205,401761609,2025,4
6,South Alabama Jaguars,6011.0,3694,76.09,8.822784810126583,46.75949367088607,13,61.454000998170024,401761611,2025,4
324,Coastal Carolina Chanticleers,3436.0,1657,66.08,5.3076923076923075,31.865384615384617,12,48.22467986030268,401761611,2025,4
264,Washington Huskies,3394.0,3064,66.55,7.901960784313726,60.07843137254902,8,90.27695934001179,401752842,2025,4
265,Washington State Cougars,4800.0,2970,75.0,8.390625,46.40625,9,61.875,401752842,2025,4
24,Stanford Cardinal,4500.0,2173,76.27,6.966101694915254,36.83050847457627,11,48.28888888888889,401754539,2025,4
258,Virginia Cavaliers,4864.0,4170,67.56,8.0,57.916666666666664,11,85.73190789473684,401754539,2025,4
239,Baylor Bears,4421.0,2891,72.48,7.688524590163935,47.39344262295082,10,65.39244514815653,401756896,2025,4
9,Arizona State Sun Devils,5457.0,3787,70.87,9.402597402597403,49.18181818181818,11,69.39710463624702,401756896,2025,4
151,East Carolina Pirates,6154.0,4025,79.92,9.753246753246753,52.27272727272727,12,65.40461488462789,401756898,2025,4
252,BYU Cougars,4167.0,2772,70.63,7.135593220338983,46.983050847457626,10,66.52267818574514,401756898,2025,4
2572,Southern Miss Golden Eagles,6453.0,4055,79.67,7.518518518518518,50.06172839506173,13,62.83898961723229,401757263,2025,4
2348,Louisiana Tech Bulldogs,4227.0,2484,74.16,7.017543859649122,43.578947368421055,12,58.765081618168914,401757263,2025,4
2377,McNeese Cowboys,5384.0,2291,76.91,9.457142857142857,32.72857142857143,12,42.55200594353641,401760377,2025,4
328,Utah State Aggies,5606.0,4107,71.87,8.205128205128204,52.65384615384615,12,73.26079200856225,401760377,2025,4
2447,Nicholls Colonels,4750.0,2688,75.4,9.65079365079365,42.666666666666664,9,56.589473684210525,401761612,2025,4
326,Texas State Bobcats,5089.0,4172,74.84,9.705882352941176,61.35294117647059,10,81.98074277854195,401761612,2025,4
2638,UTEP Miners,5832.0,3371,73.82,8.544303797468354,42.67088607594937,13,57.80178326474623,401757267,2025,4
2433,UL Monroe Warhawks,3549.0,1849,66.96,5.547169811320755,34.886792452830186,12,52.099182868413635,401757267,2025,4
2636,UTSA Roadrunners,4365.0,1894,75.26,6.258620689655173,32.6551724137931,12,43.39060710194731,401760373,2025,4
36,Colorado State Rams,5518.0,2841,74.57,7.108108108108108,38.391891891891895,13,51.48604566872055,401760373,2025,4
38,Colorado Buffaloes,4385.0,3620,73.08,7.333333333333333,60.333333333333336,10,82.55416191562144,401756897,2025,4
2751,Wyoming Cowboys,5326.0,3262,80.7,8.681818181818182,49.42424242424242,10,61.246714232069095,401756897,2025,4
25,California Golden Bears,5482.0,2791,76.14,9.48611111111111,38.763888888888886,12,50.91207588471361,401754540,2025,4
21,San Diego State Aztecs,3525.0,1892,70.5,6.92,37.84,11,53.673758865248224,401754540,2025,4
278,Fresno State Bulldogs,3653.0,1659,64.09,7.140350877192983,29.105263157894736,12,45.414727621133316,401760374,2025,4
62,Hawai'i Rainbow Warriors,5532.0,2525,74.76,7.513513513513513,34.12162162162162,12,45.64352856109906,401760374,2025,4
151,East Carolina Pirates,5108.0,3406,70.94,7.361111111111111,47.30555555555556,11,66.67971808927173,401762471,2025,5
349,Army Black Knights,4637.0,2399,71.34,8.169230769230769,36.90769230769231,11,51.736036230321325,401762471,2025,5
258,Virginia Cavaliers,5578.0,4377,72.44,10.38961038961039,56.84415584415584,12,78.46898529939047,401754543,2025,5
52,Florida State Seminoles,5046.0,3796,69.12,7.767123287671233,52.0,11,75.22790328973444,401754543,2025,5
9,Arizona State Sun Devils,5493.0,3778,70.42,8.782051282051283,48.43589743589744,12,68.77844529401055,401756902,2025,5
2628,TCU Horned Frogs,3742.0,1832,65.65,5.701754385964913,32.14035087719298,13,48.95777659005879,401756902,2025,5
248,Houston Cougars,5002.0,3052,74.66,9.73134328358209,45.55223880597015,14,61.015593762495,401752939,2025,5
204,Oregon State Beavers,5670.0,3313,71.77,7.962025316455696,41.936708860759495,16,58.430335097001766,401752939,2025,5
194,Ohio State Buckeyes,4092.0,3297,67.08,9.80327868852459,54.049180327868854,7,80.57184750733138,401752852,2025,5
264,Washington Huskies,4107.0,1928,78.98,8.173076923076923,37.07692307692308,8,46.94424153883613,401752852,2025,5
2483,Oregon Ducks,9680.0,5606,71.7,8.4,41.525925925925925,14,57.913223140495866,401752854,2025,5
213,Penn State Nittany Lions,7090.0,4009,66.89,9.29245283018868,37.820754716981135,13,56.5444287729196,401752854,2025,5
99,LSU Tigers,3909.0,2250,71.07,7.8,40.90909090909091,10,57.559478127398314,401752719,2025,5
145,Ole Miss Rebels,6743.0,4497,81.24,9.879518072289157,54.18072289156626,11,66.69138365712591,401752719,2025,5
333,Alabama Crimson Tide,5786.0,4161,77.15,9.826666666666666,55.48,10,71.91496716211545,401752718,2025,5
61,Georgia Bulldogs,4008.0,2418,75.62,7.339622641509434,45.62264150943396,10,60.32934131736527,401752718,2025,5
245,Texas A&M Aggies,6990.0,2557,94.46,6.756756756756757,34.554054054054056,14,36.580829756795424,401752724,2025,5
2,Auburn Tigers,2208.0,1172,36.8,6.266666666666667,19.533333333333335,13,53.07971014492754,401752724,2025,5
2294,Iowa Hawkeyes,4962.0,2338,71.91,8.0,33.88405797101449,11,47.118097541313986,401752853,2025,5
84,Indiana Hoosiers,4517.0,2201,77.88,6.551724137931035,37.94827586206897,12,48.72703121540846,401752853,2025,5
66,Iowa State Cyclones,4320.0,2671,64.48,6.895522388059701,39.865671641791046,12,61.8287037037037,401756904,2025,5
12,Arizona Wildcats,5514.0,3118,76.58,8.069444444444445,43.30555555555556,12,56.546971345665575,401756904,2025,5
2633,Tennessee Volunteers,5217.0,3298,77.87,8.104477611940299,49.223880597014926,12,63.21640789725896,401752720,2025,5
344,Mississippi State Bulldogs,5348.0,2913,68.56,7.961538461538462,37.34615384615385,14,54.46896035901271,401752720,2025,5
59,Georgia Tech Yellow Jackets,5509.0,3456,68.86,7.875,43.2,14,62.733708477037574,401754546,2025,5
154,Wake Forest Demon Deacons,4992.0,2983,74.51,7.373134328358209,44.52238805970149,13,59.75560897435897,401754546,2025,5
328,Utah State Aggies,4799.0,3108,76.17,7.095238095238095,49.333333333333336,12,64.7634923942488,401752725,2025,5
238,Vanderbilt Commodores,4106.0,3452,66.23,7.193548387096774,55.67741935483871,12,84.07208962493911,401752725,2025,5
142,Missouri Tigers,5924.0,4208,71.37,8.012048192771084,50.69879518072289,13,71.03308575286968,401752721,2025,5
113,Massachusetts Minutemen,3724.0,807,73.02,5.647058823529412,15.823529411764707,12,21.670247046186894,401752721,2025,5
30,USC Trojans,5879.0,4540,77.36,9.710526315789474,59.73684210526316,9,77.22401769008334,401752850,2025,5
356,Illinois Fighting Illini,4237.0,3661,71.81,8.338983050847459,62.05084745762712,9,86.40547557233891,401752850,2025,5
87,Notre Dame Fighting Irish,5323.0,4632,74.97,8.47887323943662,65.2394366197183,10,87.01859853466091,401752717,2025,5
8,Arkansas Razorbacks,4425.0,2846,72.54,9.37704918032787,46.65573770491803,9,64.31638418079096,401752717,2025,5
252,BYU Cougars,4852.0,3394,75.81,7.609375,53.03125,10,69.95053586150041,401756903,2025,5
38,Colorado Buffaloes,3946.0,1964,74.45,6.39622641509434,37.056603773584904,10,49.771920932589964,401756903,2025,5
164,Rutgers Scarlet Knights,5498.0,3657,72.34,8.671052631578947,48.11842105263158,11,66.51509639869043,401752849,2025,5
135,Minnesota Golden Gophers,4694.0,3265,76.95,8.967213114754099,53.52459016393443,11,69.55688112484022,401752849,2025,5
150,Duke Blue Devils,4260.0,3197,67.62,7.253968253968254,50.74603174603175,11,75.0469483568075,401754545,2025,5
183,Syracuse Orange,5052.0,2698,80.19,8.11111111111111,42.82539682539682,11,53.40459224069675,401754545,2025,5
221,Pittsburgh Panthers,3996.0,1884,74.0,5.685185185185185,34.888888888888886,13,47.147147147147145,401754547,2025,5
97,Louisville Cardinals,5657.0,2623,68.16,7.686746987951807,31.602409638554217,15,46.36733250839668,401754547,2025,5
2305,Kansas Jayhawks,4290.0,3541,78.0,7.927272727272728,64.38181818181818,10,82.54079254079254,401756905,2025,5
2132,Cincinnati Bearcats,6386.0,4943,78.84,9.703703703703704,61.02469135802469,10,77.4036955840902,401756905,2025,5
2306,Kansas State Wildcats,4942.0,2793,68.64,7.083333333333333,38.791666666666664,13,56.51558073654391,401756906,2025,5
2116,UCF Knights,4863.0,2242,79.72,6.19672131147541,36.75409836065574,13,46.10322845979848,401756906,2025,5
6,South Alabama Jaguars,5964.0,3498,77.45,9.363636363636363,45.42857142857143,11,58.65191146881288,401761617,2025,5
249,North Texas Mean Green,4115.0,2552,66.37,6.5,41.16129032258065,11,62.017010935601455,401761617,2025,5
195,Ohio Bobcats,4119.0,2611,67.52,5.967213114754099,42.80327868852459,13,63.389172129157565,401762825,2025,5
189,Bowling Green Falcons,4585.0,2540,71.64,6.375,39.6875,13,55.39803707742639,401762825,2025,5
2117,Central Michigan Chippewas,4944.0,3766,73.79,9.492537313432836,56.208955223880594,9,76.17313915857605,401762826,2025,5
2199,Eastern Michigan Eagles,4547.0,2638,81.2,8.392857142857142,47.107142857142854,9,58.01627446668133,401762826,2025,5
256,James Madison Dukes,5466.0,3619,74.88,8.287671232876713,49.57534246575342,11,66.20929381631906,401761614,2025,5
290,Georgia Southern Eagles,3536.0,1282,70.72,5.8,25.64,11,36.255656108597286,401761614,2025,5
2433,UL Monroe Warhawks,4383.0,3019,75.57,6.724137931034483,52.05172413793103,11,68.87976271959845,401761616,2025,5
2032,Arkansas State Red Wolves,5298.0,3142,67.92,10.5,40.282051282051285,10,59.30539826349566,401761616,2025,5
77,Northwestern Wildcats,4621.0,3523,74.53,12.096774193548388,56.82258064516129,7,76.2389093269855,401752851,2025,5
26,UCLA Bruins,4742.0,2810,81.76,9.913793103448276,48.44827586206897,8,59.25769717418811,401752851,2025,5
25,California Golden Bears,6105.0,4628,77.28,10.670886075949367,58.58227848101266,11,75.8067158067158,401754544,2025,5
103,Boston College Eagles,4595.0,2686,75.33,8.459016393442623,44.032786885245905,10,58.454842219804135,401754544,2025,5
197,Oklahoma State Cowboys,6022.0,3658,77.21,8.0,46.8974358974359,13,60.74393889073397,401756907,2025,5
239,Baylor Bears,6075.0,4244,74.09,7.890243902439025,51.75609756097561,14,69.86008230452676,401756907,2025,5
277,West Virginia Mountaineers,4685.0,2508,75.56,7.161290322580645,40.45161290322581,10,53.53255069370331,401756908,2025,5
254,Utah Utes,5586.0,5363,73.5,10.578947368421053,70.5657894736842,9,96.0078768349445,401756908,2025,5
2084,Buffalo Bulls,5208.0,2565,73.35,8.0,36.12676056338028,12,49.25115207373272,401757170,2025,5
41,UConn Huskies,4605.0,2700,73.1,7.2063492063492065,42.857142857142854,12,58.63192182410423,401757170,2025,5
21,San Diego State Aztecs,4760.0,2165,73.23,8.107692307692307,33.30769230769231,11,45.483193277310924,401760380,2025,5
2459,Northern Illinois Huskies,4345.0,1528,77.59,8.089285714285714,27.285714285714285,10,35.1668584579977,401760380,2025,5
2426,Navy Midshipmen,4486.0,3111,76.03,8.983050847457626,52.728813559322035,9,69.3490860454748,401762473,2025,5
242,Rice Owls,4235.0,2119,70.58,9.7,35.31666666666667,9,50.035419126328215,401762473,2025,5
2006,Akron Zips,4181.0,1532,73.35,8.771929824561404,26.87719298245614,11,36.64195168619948,401762824,2025,5
2649,Toledo Rockets,4526.0,3167,74.2,6.540983606557377,51.91803278688525,12,69.97348652231551,401762824,2025,5
193,Miami (OH) RedHawks,6206.0,3130,89.94,7.6231884057971016,45.36231884057971,13,50.435062842410574,401762827,2025,5
2815,Lindenwood Lions,3949.0,1100,78.98,5.0,22.0,13,27.855153203342617,401762827,2025,5
167,New Mexico Lobos,4654.0,3008,71.6,6.984615384615385,46.276923076923076,13,64.63257412978083,401757274,2025,5
166,New Mexico State Aggies,5018.0,2252,73.79,7.779411764705882,33.11764705882353,12,44.878437624551616,401757274,2025,5
62,Hawai'i Rainbow Warriors,5442.0,4401,73.54,12.243243243243244,59.472972972972975,10,80.8710033076075,401760378,2025,5
2005,Air Force Falcons,3289.0,2444,73.09,6.177777777777778,54.31111111111111,11,74.30830039525692,401760378,2025,5
2655,Tulane Green Wave,2327.0,2937,31.03,6.573333333333333,39.16,15,126.21400945423292,401762474,2025,5
202,Tulsa Golden Hurricane,5537.0,2614,75.85,6.397260273972603,35.80821917808219,15,47.209680332309915,401762474,2025,5
2393,Middle Tennessee Blue Raiders,5674.0,3904,72.74,8.717948717948717,50.05128205128205,11,68.80507578427917,401757270,2025,5
338,Kennesaw State Owls,3670.0,1787,74.9,5.551020408163265,36.46938775510204,12,48.69209809264305,401757270,2025,5
295,Old Dominion Monarchs,4299.0,2960,64.16,7.104477611940299,44.17910447761194,13,68.85322167946033,401757271,2025,5
2335,Liberty Flames,3848.0,895,74.0,5.423076923076923,17.21153846153846,12,23.258835758835758,401757271,2025,5
2711,Western Michigan Broncos,4809.0,3648,62.45,9.428571428571429,47.37662337662338,12,75.85776668746101,401762828,2025,5
227,Rhode Island Rams,3640.0,1581,71.37,4.921568627450981,31.0,13,43.434065934065934,401762828,2025,5
152,NC State Wolfpack,4942.0,3014,76.03,8.4,46.36923076923077,10,60.98745447187373,401754548,2025,5
259,Virginia Tech Hokies,4718.0,2600,73.72,8.0,40.625,10,55.108096651123354,401754548,2025,5
55,Jacksonville State Gamecocks,5791.0,3360,74.24,8.692307692307692,43.07692307692308,14,58.021067173199796,401757269,2025,5
2572,Southern Miss Golden Eagles,4979.0,2647,70.13,7.084507042253521,37.28169014084507,12,53.16328580036152,401757269,2025,5
98,Western Kentucky Hilltoppers,4969.0,3046,75.29,7.106060606060606,46.15151515151515,12,61.300060374320786,401757273,2025,5
2623,Missouri State Bears,4655.0,2836,70.53,6.803030303030303,42.96969696969697,12,60.92373791621912,401757273,2025,5
235,Memphis Tigers,4257.0,2842,66.52,7.0,44.40625,13,66.76062955132723,401762472,2025,5
2226,Florida Atlantic Owls,5345.0,3006,67.66,7.772151898734177,38.050632911392405,13,56.23947614593077,401762472,2025,5
36,Colorado State Rams,4981.0,2844,76.63,9.753846153846155,43.753846153846155,9,57.09696848022485,401752950,2025,5
265,Washington State Cougars,4067.0,2451,70.12,7.5,42.258620689655174,9,60.265552003934104,401752950,2025,5
23,San José State Spartans,5051.0,3618,71.14,7.394366197183099,50.95774647887324,12,71.62938032072857,401754549,2025,5
24,Stanford Cardinal,5300.0,3744,76.81,7.492753623188406,54.26086956521739,12,70.64150943396227,401754549,2025,5
2026,App State Mountaineers,4123.0,1405,76.35,6.444444444444445,26.01851851851852,13,34.07712830463255,401760379,2025,5
68,Boise State Broncos,5550.0,4011,70.25,7.89873417721519,50.77215189873418,12,72.27027027027027,401760379,2025,5
2579,South Carolina Gamecocks,4625.0,3218,74.6,9.887096774193548,51.903225806451616,8,69.57837837837837,401752722,2025,5
96,Kentucky Wildcats,4275.0,1806,72.46,6.864406779661017,30.610169491525422,11,42.24561403508772,401752722,2025,5
276,Marshall Thundering Herd,4487.0,2948,65.99,7.75,43.35294117647059,11,65.70091375083575,401761615,2025,5
309,Louisiana Ragin' Cajuns,4772.0,3380,69.16,6.72463768115942,48.98550724637681,15,70.82984073763622,401761615,2025,5
2638,UTEP Miners,5250.0,2140,71.92,7.534246575342466,29.315068493150687,15,40.76190476190476,401757272,2025,5
2348,Louisiana Tech Bulldogs,4533.0,1915,67.66,6.850746268656716,28.582089552238806,13,42.245753364217954,401757272,2025,5
166,New Mexico State Aggies,3963.0,3243,69.53,9.280701754385966,56.89473684210526,9,81.8319454958365,401757275,2025,6
2534,Sam Houston Bearkats,5180.0,2726,78.48,8.727272727272727,41.303030303030305,9,52.625482625482626,401757275,2025,6
277,West Virginia Mountaineers,4243.0,2238,67.35,7.555555555555555,35.523809523809526,12,52.74569879802027,401756909,2025,6
252,BYU Cougars,5004.0,3736,75.82,9.590909090909092,56.60606060606061,12,74.66027178257394,401756909,2025,6
98,Western Kentucky Hilltoppers,4188.0,2768,73.47,8.543859649122806,48.56140350877193,8,66.09360076408787,401757276,2025,6
48,Delaware Blue Hens,6041.0,4664,73.67,10.609756097560975,56.8780487804878,10,77.20576063565635,401757276,2025,6
58,South Florida Bulls,6311.0,4682,65.06,7.34020618556701,48.2680412371134,16,74.18792584376486,401762475,2025,6
2429,Charlotte 49ers,4255.0,1743,68.63,5.145161290322581,28.112903225806452,17,40.96357226792009,401762475,2025,6
167,New Mexico Lobos,5329.0,4036,79.54,8.865671641791044,60.23880597014925,9,75.73653593544755,401760384,2025,6
23,San José State Spartans,4839.0,3834,76.81,8.46031746031746,60.857142857142854,9,79.23124612523249,401760384,2025,6
36,Colorado State Rams,5160.0,3696,79.38,9.830769230769231,56.86153846153846,10,71.62790697674419,401760382,2025,6
21,San Diego State Aztecs,4508.0,3670,70.44,8.75,57.34375,9,81.41082519964507,401760382,2025,6
135,Minnesota Golden Gophers,3846.0,1472,76.92,7.12,29.44,10,38.27353094123765,401752859,2025,6
194,Ohio State Buckeyes,4030.0,3041,73.27,7.454545454545454,55.29090909090909,9,75.4590570719603,401752859,2025,6
52,Florida State Seminoles,6461.0,4377,77.84,10.46987951807229,52.734939759036145,11,67.74493112521282,401754553,2025,6
2390,Miami Hurricanes,4104.0,2361,70.76,7.0344827586206895,40.706896551724135,11,57.52923976608187,401754553,2025,6
201,Oklahoma Sooners,4357.0,2590,65.03,7.955223880597015,38.656716417910445,11,59.444571953178794,401752729,2025,6
2309,Kent State Golden Flashes,4326.0,1220,83.19,5.846153846153846,23.46153846153846,12,28.20157189089228,401752729,2025,6
245,Texas A&M Aggies,7496.0,4063,94.89,8.645569620253164,51.43037974683544,13,54.20224119530416,401752730,2025,6
344,Mississippi State Bulldogs,3589.0,893,67.72,6.9245283018867925,16.849056603773583,12,24.881582613541376,401752730,2025,6
26,UCLA Bruins,5681.0,4831,71.01,10.0875,60.3875,11,85.03784544974476,401752855,2025,6
213,Penn State Nittany Lions,3929.0,2874,68.93,8.052631578947368,50.421052631578945,9,73.14838381267498,401752855,2025,6
251,Texas Longhorns,4086.0,1642,71.68,4.859649122807017,28.80701754385965,13,40.18600097895252,401752727,2025,6
57,Florida Gators,4974.0,3402,76.52,7.630769230769231,52.33846153846154,12,68.3956574185766,401752727,2025,6
238,Vanderbilt Commodores,3734.0,1911,71.81,7.519230769230769,36.75,9,51.178361006963044,401752726,2025,6
333,Alabama Crimson Tide,5434.0,4348,78.75,10.014492753623188,63.01449275362319,9,80.01472211998528,401752726,2025,6
248,Houston Cougars,3632.0,1379,67.26,5.351851851851852,25.537037037037038,14,37.96806167400881,401756913,2025,6
2641,Texas Tech Red Raiders,5698.0,4317,64.75,9.159090909090908,49.05681818181818,15,75.76342576342576,401756913,2025,6
96,Kentucky Wildcats,4932.0,2886,77.06,10.578125,45.09375,10,58.51581508515815,401752728,2025,6
61,Georgia Bulldogs,5056.0,3977,73.28,8.826086956521738,57.63768115942029,10,78.65901898734177,401752728,2025,6
2132,Cincinnati Bearcats,3924.0,3028,70.07,7.339285714285714,54.07142857142857,11,77.16615698267074,401756912,2025,6
66,Iowa State Cyclones,5998.0,4235,73.15,9.768292682926829,51.646341463414636,12,70.60686895631878,401756912,2025,6
130,Michigan Wolverines,4485.0,2836,72.34,6.758064516129032,45.74193548387097,12,63.2329988851728,401752856,2025,6
275,Wisconsin Badgers,4379.0,2020,76.82,7.56140350877193,35.43859649122807,11,46.129253254167615,401752856,2025,6
68,Boise State Broncos,5509.0,2465,76.51,7.777777777777778,34.236111111111114,10,44.74496278816482,401757165,2025,6
87,Notre Dame Fighting Irish,3605.0,2902,70.69,7.313725490196078,56.90196078431372,9,80.499306518724,401757165,2025,6
356,Illinois Fighting Illini,4080.0,2819,66.89,7.180327868852459,46.21311475409836,13,69.09313725490196,401752861,2025,6
2509,Purdue Boilermakers,5730.0,3369,76.4,7.64,44.92,12,58.795811518324605,401752861,2025,6
97,Louisville Cardinals,5316.0,2938,70.88,7.84,39.17333333333333,12,55.26711813393529,401754554,2025,6
258,Virginia Cavaliers,4408.0,1968,71.1,8.564516129032258,31.741935483870968,10,44.64609800362977,401754554,2025,6
103,Boston College Eagles,4083.0,1530,77.04,5.679245283018868,28.867924528301888,11,37.47244673034533,401754550,2025,6
221,Pittsburgh Panthers,5533.0,4279,64.34,8.744186046511627,49.75581395348837,12,77.33598409542743,401754550,2025,6
153,North Carolina Tar Heels,4495.0,1905,78.86,6.982456140350878,33.421052631578945,12,42.380422691879865,401754552,2025,6
228,Clemson Tigers,4172.0,2986,61.35,8.308823529411764,43.911764705882355,11,71.57238734419943,401754552,2025,6
2306,Kansas State Wildcats,6704.0,4633,81.76,8.597560975609756,56.5,12,69.10799522673031,401756911,2025,6
239,Baylor Bears,4460.0,3020,73.11,7.918032786885246,49.50819672131148,11,67.71300448430493,401756911,2025,6
2005,Air Force Falcons,4810.0,3441,74.0,7.769230769230769,52.93846153846154,10,71.53846153846153,401760381,2025,6
2426,Navy Midshipmen,4022.0,2889,75.89,7.0754716981132075,54.509433962264154,10,71.8299353555445,401760381,2025,6
349,Army Black Knights,3786.0,2721,61.06,9.53225806451613,43.88709677419355,10,71.87004754358162,401762476,2025,6
5,UAB Blazers,4642.0,3026,77.37,8.9,50.43333333333333,9,65.18741921585523,401762476,2025,6
2050,Ball State Cardinals,5613.0,3469,74.84,8.346666666666666,46.25333333333333,11,61.80295742027436,401762830,2025,6
195,Ohio Bobcats,4482.0,2307,70.03,7.296875,36.046875,11,51.47255689424364,401762830,2025,6
259,Virginia Tech Hokies,3946.0,1896,65.77,6.75,31.6,12,48.04865686771414,401754556,2025,6
154,Wake Forest Demon Deacons,4486.0,2694,66.96,7.388059701492537,40.208955223880594,12,60.05349977708426,401754556,2025,6
218,Temple Owls,3835.0,1844,73.75,6.634615384615385,35.46153846153846,11,48.083441981747065,401762479,2025,6
2636,UTSA Roadrunners,4995.0,2736,74.55,7.746268656716418,40.83582089552239,12,54.77477477477478,401762479,2025,6
2097,Campbell Fighting Camels,4429.0,1221,70.3,6.2063492063492065,19.38095238095238,14,27.56829984195078,401754557,2025,6
152,NC State Wolfpack,4127.0,3007,69.95,5.711864406779661,50.96610169491525,12,72.86164283983523,401754557,2025,6
113,Massachusetts Minutemen,4468.0,2147,70.92,7.603174603174603,34.07936507936508,11,48.05282005371531,401762832,2025,6
2711,Western Michigan Broncos,4998.0,3179,76.89,8.276923076923078,48.90769230769231,10,63.605442176870746,401762832,2025,6
197,Oklahoma State Cowboys,4354.0,944,73.8,5.305084745762712,16.0,14,21.681212677997244,401756910,2025,6
12,Arizona Wildcats,4992.0,3344,67.46,6.878378378378378,45.189189189189186,15,66.98717948717949,401756910,2025,6
120,Maryland Terrapins,4678.0,3055,68.79,10.544117647058824,44.9264705882353,10,65.30568619067978,401752857,2025,6
264,Washington Huskies,5134.0,3200,70.33,9.0,43.83561643835616,11,62.329567588624855,401752857,2025,6
2433,UL Monroe Warhawks,4210.0,2043,76.55,6.672727272727273,37.14545454545455,9,48.527315914489314,401752858,2025,6
77,Northwestern Wildcats,5081.0,4192,68.66,9.554054054054054,56.648648648648646,9,82.50344420389688,401752858,2025,6
204,Oregon State Beavers,5090.0,3679,72.71,8.557142857142857,52.55714285714286,11,72.27897838899804,401752940,2025,6
2026,App State Mountaineers,4747.0,2863,74.17,8.171875,44.734375,12,60.31177585843691,401752940,2025,6
183,Syracuse Orange,5275.0,3187,68.51,8.103896103896103,41.38961038961039,13,60.41706161137441,401754555,2025,6
2567,SMU Mustangs,4571.0,2907,72.56,7.285714285714286,46.142857142857146,12,63.59658718004813,401754555,2025,6
2229,Florida International Panthers,5442.0,2220,76.65,6.507042253521127,31.267605633802816,14,40.79382579933848,401757171,2025,6
41,UConn Huskies,4306.0,3005,64.27,6.597014925373134,44.850746268656714,15,69.78634463539248,401757171,2025,6
2247,Georgia State Panthers,4298.0,1457,81.09,7.0754716981132075,27.49056603773585,9,33.89948813401582,401761618,2025,6
256,James Madison Dukes,4343.0,2495,71.2,10.37704918032787,40.90163934426229,9,57.448768132627215,401761618,2025,6
2006,Akron Zips,5166.0,3724,75.97,8.544117647058824,54.76470588235294,10,72.08672086720867,401762829,2025,6
2117,Central Michigan Chippewas,5223.0,3532,77.96,8.955223880597014,52.71641791044776,10,67.62397089795137,401762829,2025,6
2199,Eastern Michigan Eagles,6305.0,4146,81.88,9.220779220779221,53.84415584415584,13,65.75733544805709,401762831,2025,6
2084,Buffalo Bulls,5098.0,3216,76.09,8.64179104477612,48.0,13,63.08356218124755,401762831,2025,6
2459,Northern Illinois Huskies,4492.0,1341,88.08,6.372549019607843,26.294117647058822,12,29.85307212822796,401762873,2025,6
193,Miami (OH) RedHawks,334.0,2895,4.45,8.213333333333333,38.6,12,866.7664670658683,401762873,2025,6
127,Michigan State Spartans,4343.0,2550,65.8,8.848484848484848,38.63636363636363,12,58.71517384296569,401752860,2025,6
158,Nebraska Cornhuskers,2779.0,1312,54.49,5.784313725490196,25.725490196078432,12,47.211227060093556,401752860,2025,6
2032,Arkansas State Red Wolves,5486.0,2997,76.19,6.902777777777778,41.625,13,54.6299671892089,401761620,2025,6
326,Texas State Bobcats,5559.0,3522,74.12,7.52,46.96,12,63.35671883432272,401761620,2025,6
295,Old Dominion Monarchs,5047.0,3954,66.41,7.815789473684211,52.026315789473685,13,78.3435704378839,401761619,2025,6
324,Coastal Carolina Chanticleers,4723.0,1489,74.97,6.666666666666667,23.634920634920636,14,31.526572094008046,401761619,2025,6
2751,Wyoming Cowboys,5454.0,2850,76.82,7.338028169014085,40.140845070422536,13,52.25522552255226,401760385,2025,6
2439,UNLV Rebels,3905.0,1943,67.33,7.793103448275862,33.5,10,49.75672215108835,401760385,2025,6
6,South Alabama Jaguars,4511.0,2648,71.6,7.476190476190476,42.03174603174603,12,58.700953225448906,401761621,2025,6
2653,Troy Trojans,4521.0,3038,71.76,7.666666666666667,48.22222222222222,12,67.19752267197522,401761621,2025,6
242,Rice Owls,5153.0,2857,79.28,8.646153846153846,43.95384615384615,9,55.44343101106152,401762477,2025,6
2226,Florida Atlantic Owls,4694.0,3090,73.34,8.09375,48.28125,10,65.82871751171709,401762477,2025,6
38,Colorado Buffaloes,4455.0,2861,68.54,8.353846153846154,44.01538461538462,11,64.21997755331088,401756914,2025,6
2628,TCU Horned Frogs,4565.0,2935,67.13,8.308823529411764,43.161764705882355,11,64.29353778751369,401756914,2025,6
2305,Kansas Jayhawks,4308.0,2679,76.93,7.535714285714286,47.839285714285715,10,62.1866295264624,401756915,2025,6
2116,UCF Knights,5039.0,3353,67.19,8.92,44.70666666666666,11,66.54098035324469,401756915,2025,6
202,Tulsa Golden Hurricane,4402.0,1691,75.9,5.793103448275862,29.155172413793103,12,38.41435711040436,401762478,2025,6
235,Memphis Tigers,4894.0,3240,66.14,7.756756756756757,43.78378378378378,12,66.20351450756027,401762478,2025,6
25,California Golden Bears,4820.0,2411,79.02,6.836065573770492,39.52459016393443,12,50.02074688796681,401754551,2025,6
150,Duke Blue Devils,4073.0,2671,61.71,6.257575757575758,40.46969696969697,13,65.57819788853425,401754551,2025,6
278,Fresno State Bulldogs,4121.0,2083,69.85,6.864406779661017,35.30508474576271,13,50.545983984469785,401760383,2025,6
2440,Nevada Wolf Pack,3471.0,1583,63.11,6.0181818181818185,28.78181818181818,13,45.60645347162201,401760383,2025,6
2623,Missouri State Bears,4700.0,2703,71.21,7.0,40.95454545454545,12,57.51063829787234,401757278,2025,7
2393,Middle Tennessee Blue Raiders,5253.0,2737,73.99,7.788732394366197,38.54929577464789,12,52.103559870550164,401757278,2025,7
2638,UTEP Miners,3321.0,778,65.12,5.666666666666667,15.254901960784315,13,23.426678711231556,401757277,2025,7
2335,Liberty Flames,4090.0,2761,53.12,7.6103896103896105,35.857142857142854,12,67.50611246943765,401757277,2025,7
2348,Louisiana Tech Bulldogs,5825.0,3413,77.67,9.213333333333333,45.50666666666667,11,58.592274678111586,401757280,2025,7
338,Kennesaw State Owls,5122.0,3741,80.03,8.65625,58.453125,12,73.037875829754,401757280,2025,7
2655,Tulane Green Wave,3945.0,3049,63.63,8.338709677419354,49.17741935483871,10,77.28770595690747,401762480,2025,7
151,East Carolina Pirates,5229.0,2833,72.62,8.597222222222221,39.34722222222222,12,54.1786192388602,401762480,2025,7
55,Jacksonville State Gamecocks,5256.0,3229,66.53,7.379746835443038,40.87341772151899,13,61.43455098934551,401757279,2025,7
2534,Sam Houston Bearkats,3701.0,1829,72.57,5.607843137254902,35.86274509803921,12,49.41907592542556,401757279,2025,7
290,Georgia Southern Eagles,5409.0,3349,71.17,7.342105263157895,44.06578947368421,14,61.91532630800518,401761622,2025,7
2572,Southern Miss Golden Eagles,5295.0,3396,70.6,7.306666666666667,45.28,14,64.13597733711048,401761622,2025,7
249,North Texas Mean Green,5518.0,3630,70.74,7.064102564102564,46.53846153846154,14,65.78470460311708,401762481,2025,7
58,South Florida Bulls,5228.0,3711,64.54,7.098765432098766,45.81481481481482,15,70.98316755929609,401762481,2025,7
164,Rutgers Scarlet Knights,6001.0,4911,77.94,11.844155844155845,63.77922077922078,10,81.83636060656558,401752862,2025,7
264,Washington Huskies,4559.0,3810,81.41,7.321428571428571,68.03571428571429,10,83.57095854354024,401752862,2025,7
36,Colorado State Rams,3448.0,2158,66.31,5.961538461538462,41.5,12,62.58700696055684,401760388,2025,7
278,Fresno State Bulldogs,5974.0,4021,74.68,8.375,50.2625,14,67.30833612320053,401760388,2025,7
194,Ohio State Buckeyes,3361.0,2360,54.21,8.387096774193548,38.064516129032256,10,70.21719726271942,401752865,2025,7
356,Illinois Fighting Illini,5348.0,3026,75.32,8.464788732394366,42.61971830985915,11,56.58189977561705,401752865,2025,7
2483,Oregon Ducks,4256.0,1929,69.77,7.475409836065574,31.62295081967213,12,45.32424812030075,401752870,2025,7
84,Indiana Hoosiers,4436.0,2796,69.31,7.40625,43.6875,12,63.0297565374211,401752870,2025,7
265,Washington State Cougars,4416.0,2596,76.14,6.448275862068965,44.758620689655174,11,58.78623188405797,401752733,2025,7
145,Ole Miss Rebels,5037.0,3688,73.0,8.623188405797102,53.44927536231884,10,73.21818542783403,401752733,2025,7
57,Florida Gators,2385.0,1726,37.86,5.809523809523809,27.396825396825395,13,72.36897274633124,401752737,2025,7
245,Texas A&M Aggies,5142.0,2777,74.52,7.782608695652174,40.2463768115942,13,54.006223259432126,401752737,2025,7
251,Texas Longhorns,4498.0,3049,74.97,10.116666666666667,50.81666666666667,9,67.78568252556691,401752736,2025,7
201,Oklahoma Sooners,4779.0,1956,69.26,8.231884057971014,28.347826086956523,10,40.929064657878214,401752736,2025,7
142,Missouri Tigers,4135.0,2039,73.84,6.017857142857143,36.410714285714285,11,49.31076178960097,401752734,2025,7
333,Alabama Crimson Tide,4777.0,3604,64.55,10.283783783783784,48.7027027027027,10,75.44483985765125,401752734,2025,7
2305,Kansas Jayhawks,5564.0,2192,74.19,6.96,29.226666666666667,14,39.3961179007908,401756921,2025,7
2641,Texas Tech Red Raiders,4878.0,2714,72.81,6.731343283582089,40.507462686567166,13,55.637556375563754,401756921,2025,7
61,Georgia Bulldogs,5017.0,3191,72.71,9.608695652173912,46.2463768115942,10,63.60374725931832,401752731,2025,7
2,Auburn Tigers,4933.0,3351,74.74,10.530303030303031,50.77272727272727,9,67.93026555848368,401752731,2025,7
99,LSU Tigers,4568.0,3072,74.89,7.39344262295082,50.36065573770492,11,67.25043782837128,401752732,2025,7
2579,South Carolina Gamecocks,5302.0,2220,75.74,7.885714285714286,31.714285714285715,12,41.87099207846096,401752732,2025,7
8,Arkansas Razorbacks,5500.0,4266,75.34,8.178082191780822,58.43835616438356,11,77.56363636363636,401752735,2025,7
2633,Tennessee Volunteers,4475.0,2804,71.03,6.698412698412699,44.507936507936506,12,62.659217877094974,401752735,2025,7
259,Virginia Tech Hokies,3952.0,2463,74.57,7.169811320754717,46.471698113207545,9,62.322874493927124,401754560,2025,7
59,Georgia Tech Yellow Jackets,5015.0,3885,77.15,7.969230769230769,59.76923076923077,10,77.46759720837487,401754560,2025,7
30,USC Trojans,4851.0,3833,72.4,8.388059701492537,57.208955223880594,9,79.0146361574933,401752868,2025,7
130,Michigan Wolverines,4846.0,2630,85.02,8.719298245614034,46.14035087719298,10,54.27156417664053,401752868,2025,7
87,Notre Dame Fighting Irish,4821.0,3737,69.87,7.101449275362318,54.15942028985507,12,77.51503837378138,401754562,2025,7
152,NC State Wolfpack,4519.0,1876,77.91,6.413793103448276,32.3448275862069,12,41.51360920557646,401754562,2025,7
12,Arizona Wildcats,4506.0,3414,69.32,8.76923076923077,52.52307692307692,10,75.76564580559254,401756916,2025,7
252,BYU Cougars,5224.0,3477,71.56,9.424657534246576,47.63013698630137,11,66.55819295558959,401756916,2025,7
254,Utah Utes,3970.0,3425,69.65,8.614035087719298,60.08771929824562,8,86.272040302267,401756922,2025,7
9,Arizona State Sun Devils,6246.0,4212,75.25,13.72289156626506,50.74698795180723,8,67.43515850144092,401756922,2025,7
66,Iowa State Cyclones,5287.0,3466,77.75,7.764705882352941,50.970588235294116,11,65.55702666918857,401756918,2025,7
38,Colorado Buffaloes,4490.0,2553,73.61,7.688524590163935,41.85245901639344,12,56.85968819599109,401756918,2025,7
221,Pittsburgh Panthers,4869.0,3671,72.67,8.26865671641791,54.791044776119406,12,75.3953583898131,401754559,2025,7
52,Florida State Seminoles,4553.0,2811,74.64,6.934426229508197,46.08196721311475,11,61.7395124094004,401754559,2025,7
127,Michigan State Spartans,4597.0,2305,75.36,7.622950819672131,37.78688524590164,10,50.14139656297586,401752863,2025,7
26,UCLA Bruins,4093.0,3003,58.47,8.32857142857143,42.9,10,73.36916687026631,401752863,2025,7
24,Stanford Cardinal,5720.0,3263,78.36,10.178082191780822,44.6986301369863,10,57.04545454545455,401754561,2025,7
2567,SMU Mustangs,3997.0,2726,76.87,7.769230769230769,52.42307692307692,9,68.20115086314736,401754561,2025,7
2116,UCF Knights,7544.0,4439,82.9,12.0,48.78021978021978,10,58.84146341463415,401756917,2025,7
2132,Cincinnati Bearcats,3150.0,2027,65.62,7.25,42.229166666666664,10,64.34920634920636,401756917,2025,7
197,Oklahoma State Cowboys,3799.0,1477,70.35,5.888888888888889,27.35185185185185,11,38.87865227691498,401756920,2025,7
248,Houston Cougars,5402.0,3645,63.55,8.564705882352941,42.88235294117647,12,67.47500925583117,401756920,2025,7
309,Louisiana Ragin' Cajuns,4184.0,1831,74.71,4.821428571428571,32.69642857142857,14,43.761950286806886,401761625,2025,7
256,James Madison Dukes,5232.0,3232,67.95,8.805194805194805,41.97402597402598,13,61.7737003058104,401761625,2025,7
349,Army Black Knights,4537.0,3494,66.72,10.323529411764707,51.38235294117647,9,77.01124090808905,401762483,2025,7
2429,Charlotte 49ers,3862.0,1424,70.22,7.654545454545454,25.89090909090909,9,36.8720870015536,401762483,2025,7
2006,Akron Zips,5901.0,2723,93.67,9.428571428571429,43.22222222222222,10,46.144721233689204,401762833,2025,7
193,Miami (OH) RedHawks,468.0,2652,7.31,8.796875,41.4375,10,566.6666666666666,401762833,2025,7
189,Bowling Green Falcons,3672.0,1152,69.28,4.509433962264151,21.735849056603772,15,31.372549019607842,401762835,2025,7
2649,Toledo Rockets,5220.0,2659,73.52,5.957746478873239,37.45070422535211,14,50.93869731800766,401762835,2025,7
2199,Eastern Michigan Eagles,4857.0,2549,71.43,8.573529411764707,37.48529411764706,11,52.48095532221536,401762836,2025,7
2459,Northern Illinois Huskies,4950.0,2307,76.15,8.415384615384616,35.49230769230769,12,46.60606060606061,401762836,2025,7
2309,Kent State Golden Flashes,4433.0,2895,68.2,7.953846153846154,44.53846153846154,13,65.30566207985562,401762837,2025,7
113,Massachusetts Minutemen,6687.0,2810,76.86,9.862068965517242,32.298850574712645,14,42.02183340810528,401762837,2025,7
213,Penn State Nittany Lions,3305.0,2200,64.8,7.509803921568627,43.13725490196079,8,66.56580937972768,401752866,2025,7
77,Northwestern Wildcats,5005.0,3338,69.51,9.347222222222221,46.361111111111114,9,66.6933066933067,401752866,2025,7
120,Maryland Terrapins,4805.0,2872,72.8,7.651515151515151,43.515151515151516,11,59.77107180020812,401752867,2025,7
158,Nebraska Cornhuskers,4145.0,2804,74.02,7.535714285714286,50.07142857142857,12,67.64776839565742,401752867,2025,7
154,Wake Forest Demon Deacons,3464.0,1703,66.62,4.923076923076923,32.75,14,49.16281755196305,401754563,2025,7
204,Oregon State Beavers,5783.0,3022,75.1,8.363636363636363,39.246753246753244,13,52.25661421407574,401754563,2025,7
2306,Kansas State Wildcats,4554.0,2940,66.97,8.544117647058824,43.23529411764706,10,64.55862977602108,401756919,2025,7
2628,TCU Horned Frogs,5296.0,3265,77.88,8.294117647058824,48.01470588235294,13,61.65030211480362,401756919,2025,7
2005,Air Force Falcons,6063.0,4883,73.94,8.048780487804878,59.548780487804876,13,80.5376876133927,401760386,2025,7
2439,UNLV Rebels,4215.0,3212,73.95,7.017543859649122,56.35087719298246,12,76.20403321470937,401760386,2025,7
2026,App State Mountaineers,5116.0,3517,72.06,7.28169014084507,49.53521126760563,14,68.74511336982017,401761624,2025,7
2247,Georgia State Panthers,5887.0,3525,70.93,7.9879518072289155,42.46987951807229,13,59.87769661967046,401761624,2025,7
276,Marshall Thundering Herd,5080.0,2516,63.5,6.55,31.45,16,49.52755905511811,401761626,2025,7
295,Old Dominion Monarchs,5047.0,3294,75.33,7.253731343283582,49.16417910447761,14,65.26649494749356,401761626,2025,7
2050,Ball State Cardinals,3748.0,423,74.96,4.04,8.46,14,11.286019210245465,401762834,2025,7
2711,Western Michigan Broncos,4489.0,3305,62.35,7.652777777777778,45.90277777777778,12,73.62441523724661,401762834,2025,7
2426,Navy Midshipmen,4265.0,2960,78.98,8.444444444444445,54.81481481481482,9,69.4021101992966,401762484,2025,7
218,Temple Owls,5690.0,4762,75.87,9.786666666666667,63.49333333333333,9,83.69068541300527,401762484,2025,7
2226,Florida Atlantic Owls,3678.0,2900,60.3,6.852459016393443,47.540983606557376,11,78.84719956498097,401762482,2025,7
5,UAB Blazers,4749.0,2931,69.84,8.617647058823529,43.10294117647059,11,61.718256475047376,401762482,2025,7
2294,Iowa Hawkeyes,3557.0,2219,59.28,7.366666666666666,36.983333333333334,12,62.38403148720832,401752869,2025,7
275,Wisconsin Badgers,4239.0,1228,75.7,5.892857142857143,21.928571428571427,12,28.969096485020053,401752869,2025,7
23,San José State Spartans,5705.0,2670,70.43,7.222222222222222,32.96296296296296,16,46.80105170902717,401760391,2025,7
2751,Wyoming Cowboys,4749.0,2614,73.06,5.953846153846154,40.215384615384615,13,55.043166982522635,401760391,2025,7
324,Coastal Carolina Chanticleers,4728.0,2396,71.64,7.348484848484849,36.303030303030305,14,50.676818950930624,401761623,2025,7
2433,UL Monroe Warhawks,4214.0,1440,73.93,5.578947368421052,25.263157894736842,13,34.17180825818699,401761623,2025,7
2509,Purdue Boilermakers,5893.0,4435,72.75,9.950617283950617,54.75308641975309,13,75.25878160529442,401752864,2025,7
135,Minnesota Golden Gophers,4605.0,2454,73.1,8.079365079365079,38.95238095238095,12,53.28990228013029,401752864,2025,7
228,Clemson Tigers,5000.0,3976,65.79,9.052631578947368,52.31578947368421,10,79.52,401754558,2025,7
103,Boston College Eagles,4457.0,2138,71.89,7.645161290322581,34.483870967741936,11,47.96948620148082,401754558,2025,7
242,Rice Owls,5081.0,2065,74.72,6.264705882352941,30.36764705882353,14,40.6416059830742,401762485,2025,7
2636,UTSA Roadrunners,3634.0,2076,66.07,6.2727272727272725,37.74545454545454,12,57.12713263621354,401762485,2025,7
2653,Troy Trojans,4825.0,3784,72.01,9.388059701492537,56.47761194029851,11,78.42487046632124,401761627,2025,7
326,Texas State Bobcats,5413.0,4541,77.33,10.528571428571428,64.87142857142857,9,83.89063365970812,401761627,2025,7
68,Boise State Broncos,5222.0,4025,63.68,9.939024390243903,49.08536585365854,10,77.07774798927613,401760387,2025,7
167,New Mexico Lobos,3609.0,2270,72.18,9.02,45.4,9,62.898309781102796,401760387,2025,7
2440,Nevada Wolf Pack,4801.0,2287,76.21,6.555555555555555,36.301587301587304,12,47.635909185586335,401760390,2025,7
21,San Diego State Aztecs,4317.0,2719,75.74,6.859649122807017,47.70175438596491,10,62.98355339356034,401760390,2025,7
62,Hawai'i Rainbow Warriors,5446.0,3429,68.07,6.675,42.8625,15,62.96364304076386,401760389,2025,7
328,Utah State Aggies,4669.0,2305,74.11,6.238095238095238,36.58730158730159,15,49.36817305632898,401760389,2025,7
166,New Mexico State Aggies,4620.0,3157,62.43,8.878378378378379,42.66216216216216,10,68.33333333333333,401757282,2025,8
2335,Liberty Flames,4328.0,2468,72.13,7.266666666666667,41.13333333333333,11,57.024029574861366,401757282,2025,8
6,South Alabama Jaguars,5155.0,2236,76.94,7.925373134328358,33.37313432835821,11,43.375363724539284,401761628,2025,8
2032,Arkansas State Red Wolves,5606.0,3004,70.07,9.2625,37.55,12,53.58544416696397,401761628,2025,8
98,Western Kentucky Hilltoppers,4734.0,2391,75.14,6.7936507936507935,37.95238095238095,11,50.50697084917617,401757281,2025,8
2229,Florida International Panthers,5355.0,3570,76.5,8.857142857142858,51.0,10,66.66666666666667,401757281,2025,8
48,Delaware Blue Hens,5338.0,2868,75.18,6.225352112676056,40.394366197183096,14,53.72798801049082,401757283,2025,8
55,Jacksonville State Gamecocks,5319.0,2866,73.88,7.583333333333333,39.80555555555556,13,53.88230870464373,401757283,2025,8
2534,Sam Houston Bearkats,6312.0,3798,79.9,8.835443037974683,48.075949367088604,13,60.17110266159696,401757284,2025,8
2638,UTEP Miners,4249.0,2910,72.02,6.745762711864407,49.32203389830509,13,68.48670275358909,401757284,2025,8
202,Tulsa Golden Hurricane,5682.0,2930,68.46,7.0602409638554215,35.30120481927711,14,51.56634987680394,401762486,2025,8
151,East Carolina Pirates,6533.0,3870,72.59,8.444444444444445,43.0,14,59.23771621001072,401762486,2025,8
97,Louisville Cardinals,4786.0,2492,72.52,6.954545454545454,37.75757575757576,12,52.0685332218972,401754564,2025,8
2390,Miami Hurricanes,4287.0,2024,76.55,7.339285714285714,36.142857142857146,11,47.21250291579193,401754564,2025,8
135,Minnesota Golden Gophers,4325.0,2823,78.64,7.8545454545454545,51.32727272727273,10,65.27167630057804,401752872,2025,8
158,Nebraska Cornhuskers,4187.0,1770,79.0,7.09433962264151,33.39622641509434,10,42.27370432290423,401752872,2025,8
328,Utah State Aggies,5281.0,3760,73.35,9.166666666666666,52.22222222222222,11,71.19863662185192,401760396,2025,8
23,San José State Spartans,6071.0,3923,75.89,8.9875,49.0375,11,64.61867896557403,401760396,2025,8
153,North Carolina Tar Heels,4500.0,2584,70.31,7.78125,40.375,12,57.422222222222224,401754371,2025,8
25,California Golden Bears,5496.0,2744,77.41,7.619718309859155,38.647887323943664,12,49.92721979621543,401754371,2025,8
275,Wisconsin Badgers,3423.0,1011,74.41,6.869565217391305,21.97826086956522,9,29.53549517966696,401752877,2025,8
194,Ohio State Buckeyes,5242.0,4410,78.24,9.716417910447761,65.82089552238806,8,84.12819534528806,401752877,2025,8
84,Indiana Hoosiers,3823.0,3620,69.51,8.745454545454546,65.81818181818181,7,94.69003400470834,401752878,2025,8
127,Michigan State Spartans,4677.0,2984,76.67,9.327868852459016,48.91803278688525,8,63.8015822108189,401752878,2025,8
8,Arkansas Razorbacks,4926.0,4066,76.97,7.828125,63.53125,10,82.54161591555014,401752739,2025,8
245,Texas A&M Aggies,4812.0,4316,72.91,9.272727272727273,65.39393939393939,9,89.69243557772236,401752739,2025,8
145,Ole Miss Rebels,4270.0,3498,71.17,10.133333333333333,58.3,8,81.92037470725995,401752742,2025,8
61,Georgia Bulldogs,5873.0,5234,75.29,10.333333333333334,67.1025641025641,9,89.1197003235144,401752742,2025,8
2633,Tennessee Volunteers,5952.0,4334,76.31,9.974358974358974,55.56410256410256,10,72.81586021505376,401752738,2025,8
333,Alabama Crimson Tide,5012.0,3587,82.16,8.114754098360656,58.80327868852459,9,71.56823623304071,401752738,2025,8
2641,Texas Tech Red Raiders,4128.0,1781,64.5,6.453125,27.828125,13,43.14437984496124,401756923,2025,8
9,Arizona State Sun Devils,5933.0,3717,71.48,8.734939759036145,44.78313253012048,13,62.64958705545256,401756923,2025,8
2483,Oregon Ducks,4383.0,3716,75.57,6.224137931034483,64.06896551724138,13,84.78211270819074,401752876,2025,8
164,Rutgers Scarlet Knights,4545.0,1677,66.84,7.588235294117647,24.66176470588235,13,36.897689768976896,401752876,2025,8
238,Vanderbilt Commodores,4552.0,3661,70.03,9.153846153846153,56.323076923076925,9,80.4261862917399,401752745,2025,8
99,LSU Tigers,3505.0,2301,71.53,7.816326530612245,46.95918367346939,8,65.6490727532097,401752745,2025,8
59,Georgia Tech Yellow Jackets,4429.0,3079,80.53,8.127272727272727,55.981818181818184,8,69.51907879882592,401754566,2025,8
150,Duke Blue Devils,5517.0,4251,74.55,10.5,57.445945945945944,9,77.05274605764002,401754566,2025,8
87,Notre Dame Fighting Irish,4499.0,3109,66.16,7.632352941176471,45.720588235294116,11,69.10424538786397,401752871,2025,8
30,USC Trojans,5218.0,2920,75.62,6.681159420289855,42.31884057971015,13,55.96013798390188,401752871,2025,8
2579,South Carolina Gamecocks,4701.0,2295,71.23,8.424242424242424,34.77272727272727,12,48.81940012763242,401752744,2025,8
201,Oklahoma Sooners,4942.0,2804,76.03,7.723076923076923,43.13846153846154,11,56.73816268717118,401752744,2025,8
252,BYU Cougars,4504.0,2715,70.38,6.984375,42.421875,11,60.2797513321492,401756924,2025,8
254,Utah Utes,5822.0,4089,80.86,8.444444444444445,56.791666666666664,11,70.2335967021642,401756924,2025,8
142,Missouri Tigers,5140.0,2852,70.41,8.397260273972602,39.06849315068493,11,55.4863813229572,401752740,2025,8
2,Auburn Tigers,5095.0,3650,80.87,8.555555555555555,57.93650793650794,10,71.63886162904808,401752740,2025,8
265,Washington State Cougars,4482.0,2539,75.97,7.762711864406779,43.03389830508475,11,56.648817492190986,401752951,2025,8
258,Virginia Cavaliers,3827.0,1836,70.87,5.833333333333333,34.0,12,47.97491507708388,401752951,2025,8
58,South Florida Bulls,5033.0,3904,66.22,7.7368421052631575,51.36842105263158,12,77.56805086429564,401762490,2025,8
2226,Florida Atlantic Owls,6130.0,3445,70.46,9.74712643678161,39.59770114942529,12,56.199021207177815,401762490,2025,8
96,Kentucky Wildcats,6367.0,3159,78.6,8.691358024691358,39.0,12,49.61520339249254,401752743,2025,8
251,Texas Longhorns,3340.0,994,66.8,5.26,19.88,11,29.760479041916167,401752743,2025,8
5,UAB Blazers,5147.0,4132,76.82,10.343283582089553,61.67164179104478,8,80.27977462599573,401762487,2025,8
235,Memphis Tigers,4321.0,3325,73.24,9.745762711864407,56.355932203389834,7,76.9497801434853,401762487,2025,8
197,Oklahoma State Cowboys,5410.0,3956,77.29,10.114285714285714,56.51428571428571,10,73.12384473197781,401756926,2025,8
2132,Cincinnati Bearcats,4875.0,4037,77.38,8.65079365079365,64.07936507936508,9,82.81025641025641,401756926,2025,8
130,Michigan Wolverines,4606.0,3029,68.75,7.955223880597015,45.208955223880594,11,65.76204950065133,401752873,2025,8
264,Washington Huskies,4131.0,1873,75.11,8.236363636363636,34.054545454545455,10,45.34011135318325,401752873,2025,8
41,UConn Huskies,4467.0,3044,72.05,6.806451612903226,49.096774193548384,11,68.14416834564585,401754569,2025,8
103,Boston College Eagles,6001.0,4097,75.96,10.126582278481013,51.860759493670884,10,68.27195467422096,401754569,2025,8
248,Houston Cougars,5459.0,4537,77.99,11.542857142857143,64.81428571428572,8,83.11045979117054,401756925,2025,8
12,Arizona Wildcats,4709.0,3627,75.95,10.03225806451613,58.5,8,77.02272244637928,401756925,2025,8
2628,TCU Horned Frogs,4854.0,3017,68.37,6.957746478873239,42.49295774647887,15,62.15492377420684,401756927,2025,8
239,Baylor Bears,7467.0,4944,79.44,9.702127659574469,52.59574468085106,15,66.21132985134592,401756927,2025,8
349,Army Black Knights,5808.0,4043,79.56,12.068493150684931,55.38356164383562,8,69.61088154269973,401762488,2025,8
2655,Tulane Green Wave,4299.0,3584,75.42,9.947368421052632,62.87719298245614,8,83.36822516864387,401762488,2025,8
2117,Central Michigan Chippewas,3091.0,1615,61.82,5.6,32.3,11,52.24846328049175,401762839,2025,8
189,Bowling Green Falcons,4896.0,1835,82.98,6.627118644067797,31.10169491525424,11,37.47957516339869,401762839,2025,8
2199,Eastern Michigan Eagles,1489.0,2944,25.67,7.275862068965517,50.758620689655174,11,197.71658831430491,401762841,2025,8
193,Miami (OH) RedHawks,7055.0,4062,95.34,10.756756756756756,54.891891891891895,10,57.57618710134656,401762841,2025,8
2116,UCF Knights,5558.0,3904,76.14,7.095890410958904,53.47945205479452,14,70.24109391867579,401756928,2025,8
277,West Virginia Mountaineers,5105.0,1505,67.17,6.421052631578948,19.80263157894737,15,29.480901077375123,401756928,2025,8
2649,Toledo Rockets,5030.0,4042,75.07,8.253731343283581,60.32835820895522,11,80.35785288270378,401762842,2025,8
2309,Kent State Golden Flashes,3507.0,945,73.06,6.291666666666667,19.6875,12,26.94610778443114,401762842,2025,8
2084,Buffalo Bulls,6668.0,4244,73.27,8.175824175824175,46.637362637362635,14,63.64727054589082,401762840,2025,8
113,Massachusetts Minutemen,4601.0,1607,76.68,6.95,26.783333333333335,14,34.92718974136057,401762840,2025,8
77,Northwestern Wildcats,5259.0,3771,72.04,9.945205479452055,51.657534246575345,11,71.70564746149458,401752874,2025,8
2509,Purdue Boilermakers,4334.0,1771,77.39,6.107142857142857,31.625,11,40.86294416243655,401752874,2025,8
2653,Troy Trojans,3158.0,1973,61.92,6.921568627450981,38.68627450980392,10,62.476250791640275,401761633,2025,8
2433,UL Monroe Warhawks,5309.0,3187,78.07,8.029411764705882,46.86764705882353,12,60.03013750235449,401761633,2025,8
228,Clemson Tigers,5168.0,2669,71.78,7.611111111111111,37.06944444444444,14,51.64473684210526,401754565,2025,8
2567,SMU Mustangs,4967.0,2755,69.96,7.676056338028169,38.80281690140845,14,55.46607610227502,401754565,2025,8
2005,Air Force Falcons,4678.0,3335,71.97,9.553846153846154,51.30769230769231,9,71.29115006412997,401760392,2025,8
2751,Wyoming Cowboys,4910.0,3281,74.39,8.090909090909092,49.71212121212121,9,66.82281059063136,401760392,2025,8
68,Boise State Broncos,4166.0,2951,75.75,6.054545454545455,53.654545454545456,13,70.83533365338454,401760393,2025,8
2439,UNLV Rebels,4750.0,2448,68.84,5.6231884057971016,35.47826086956522,14,51.536842105263155,401760393,2025,8
324,Coastal Carolina Chanticleers,4364.0,3746,70.39,8.419354838709678,60.41935483870968,10,85.83868010999083,401761629,2025,8
2026,App State Mountaineers,5781.0,4690,77.08,11.24,62.53333333333333,8,81.1278325549213,401761629,2025,8
295,Old Dominion Monarchs,3692.0,1651,75.35,5.8979591836734695,33.69387755102041,12,44.71830985915493,401761631,2025,8
256,James Madison Dukes,4825.0,3716,62.66,6.714285714285714,48.25974025974026,14,77.01554404145078,401761631,2025,8
326,Texas State Bobcats,5775.0,3704,75.0,7.64935064935065,48.103896103896105,18,64.13852813852814,401761632,2025,8
276,Marshall Thundering Herd,4859.0,3202,63.1,7.2727272727272725,41.58441558441559,18,65.89833299032723,401761632,2025,8
2429,Charlotte 49ers,5639.0,3311,76.2,8.64864864864865,44.74324324324324,12,58.71608441212981,401762489,2025,8
218,Temple Owls,3451.0,2116,67.67,5.9411764705882355,41.490196078431374,10,61.315560707041435,401762489,2025,8
2050,Ball State Cardinals,4289.0,2543,70.31,6.147540983606557,41.68852459016394,13,59.29121007227792,401762838,2025,8
2006,Akron Zips,5108.0,3021,69.97,6.410958904109589,41.38356164383562,15,59.1425215348473,401762838,2025,8
195,Ohio Bobcats,5284.0,4382,72.38,8.917808219178083,60.02739726027397,10,82.92959878879637,401762843,2025,8
2459,Northern Illinois Huskies,3870.0,2115,69.11,7.142857142857143,37.767857142857146,11,54.651162790697676,401762843,2025,8
249,North Texas Mean Green,5458.0,4242,69.09,8.189873417721518,53.69620253164557,13,77.72077684133382,401762491,2025,8
2636,UTSA Roadrunners,4362.0,2069,77.89,8.160714285714286,36.94642857142857,12,47.43237047226043,401762491,2025,8
57,Florida Gators,5227.0,3292,78.01,8.029850746268657,49.134328358208954,11,62.98067725272623,401752741,2025,8
344,Mississippi State Bulldogs,5788.0,3676,72.35,8.05,45.95,12,63.510711817553556,401752741,2025,8
309,Louisiana Ragin' Cajuns,5713.0,3408,77.2,8.986486486486486,46.054054054054056,12,59.65342201995449,401761668,2025,8
2572,Southern Miss Golden Eagles,4019.0,1948,71.77,6.232142857142857,34.785714285714285,12,48.469768599154015,401761668,2025,8
213,Penn State Nittany Lions,5368.0,3035,73.53,10.0,41.57534246575342,10,56.53874813710879,401752875,2025,8
2294,Iowa Hawkeyes,3172.0,1735,67.49,6.0638297872340425,36.91489361702128,11,54.69735182849937,401752875,2025,8
120,Maryland Terrapins,5938.0,3534,77.12,8.7012987012987,45.896103896103895,14,59.51498821151903,401752879,2025,8
26,UCLA Bruins,5611.0,2842,75.82,6.121621621621622,38.4054054054054,15,50.65050793085012,401752879,2025,8
62,Hawai'i Rainbow Warriors,4523.0,3027,70.67,7.625,47.296875,11,66.92460756135308,401760394,2025,8
36,Colorado State Rams,4778.0,2487,75.84,8.301587301587302,39.476190476190474,10,52.051067392214314,401760394,2025,8
2247,Georgia State Panthers,5738.0,4738,80.82,11.0,66.73239436619718,8,82.57232485186476,401761630,2025,8
290,Georgia Southern Eagles,4436.0,3820,66.21,8.970149253731343,57.014925373134325,9,86.1136158701533,401761630,2025,8
221,Pittsburgh Panthers,4016.0,1737,64.77,7.612903225806452,28.016129032258064,12,43.25199203187251,401754568,2025,8
183,Syracuse Orange,4605.0,1153,73.1,5.666666666666667,18.3015873015873,14,25.03800217155266,401754568,2025,8
167,New Mexico Lobos,4570.0,3558,73.71,10.193548387096774,57.38709677419355,8,77.85557986870897,401760395,2025,8
2440,Nevada Wolf Pack,3883.0,2434,68.12,8.894736842105264,42.70175438596491,9,62.68349214524852,401760395,2025,8
322,Lafayette Leopards,5455.0,2556,76.83,7.549295774647887,36.0,13,46.85609532538955,401752941,2025,8
204,Oregon State Beavers,4122.0,2705,65.43,6.301587301587301,42.93650793650794,13,65.62348374575448,401752941,2025,8
24,Stanford Cardinal,4903.0,3132,75.43,8.615384615384615,48.184615384615384,11,63.879257597389355,401754567,2025,8
52,Florida State Seminoles,5779.0,3510,75.05,8.025974025974026,45.58441558441559,12,60.73715175635923,401754567,2025,8
2229,Florida International Panthers,5420.0,3646,73.24,7.945945945945946,49.270270270270274,12,67.26937269372694,401757285,2025,9
338,Kennesaw State Owls,4188.0,2947,72.21,6.9655172413793105,50.810344827586206,12,70.36771728748806,401757285,2025,9
2348,Louisiana Tech Bulldogs,5851.0,4033,68.84,9.51764705882353,47.44705882352941,11,68.92838830969065,401757286,2025,9
98,Western Kentucky Hilltoppers,5036.0,2945,69.94,8.25,40.90277777777778,11,58.47895154884829,401757286,2025,9
2393,Middle Tennessee Blue Raiders,5512.0,3328,76.56,7.527777777777778,46.22222222222222,13,60.37735849056604,401757287,2025,9
48,Delaware Blue Hens,5675.0,3981,73.7,8.506493506493506,51.701298701298704,12,70.14977973568281,401757287,2025,9
2623,Missouri State Bears,4963.0,2537,65.3,6.4868421052631575,33.38157894736842,14,51.11827523675196,401757288,2025,9
166,New Mexico State Aggies,4059.0,2053,68.8,5.966101694915254,34.79661016949152,13,50.57896033505789,401757288,2025,9
6,South Alabama Jaguars,4759.0,3756,68.97,9.63768115942029,54.43478260869565,10,78.92414372767388,401761634,2025,9
2247,Georgia State Panthers,5100.0,3706,72.86,9.628571428571428,52.94285714285714,10,72.66666666666667,401761634,2025,9
249,North Texas Mean Green,5462.0,4153,70.03,6.846153846153846,53.243589743589745,14,76.03441962651044,401762492,2025,9
2429,Charlotte 49ers,4806.0,2355,76.29,6.063492063492063,37.38095238095238,15,49.001248439450684,401762492,2025,9
259,Virginia Tech Hokies,5413.0,2889,72.17,7.386666666666667,38.52,13,53.371513024201,401754372,2025,9
25,California Golden Bears,4114.0,2157,60.5,6.5588235294117645,31.720588235294116,14,52.43072435585805,401754372,2025,9
2440,Nevada Wolf Pack,3970.0,1583,70.89,7.25,28.267857142857142,10,39.87405541561713,401760397,2025,9
68,Boise State Broncos,5525.0,4161,69.06,9.7375,52.0125,12,75.31221719457014,401760397,2025,9
84,Indiana Hoosiers,4980.0,4398,66.4,8.44,58.64,10,88.3132530120482,401752885,2025,9
26,UCLA Bruins,3882.0,1443,71.89,6.037037037037037,26.72222222222222,12,37.17156105100464,401752885,2025,9
99,LSU Tigers,4922.0,2531,74.58,6.7727272727272725,38.34848484848485,12,51.42218610321008,401752748,2025,9
245,Texas A&M Aggies,3765.0,2830,62.75,6.483333333333333,47.166666666666664,11,75.1660026560425,401752748,2025,9
333,Alabama Crimson Tide,4666.0,2838,70.7,8.06060606060606,43.0,11,60.82297471067295,401752751,2025,9
2579,South Carolina Gamecocks,4944.0,2630,70.63,9.228571428571428,37.57142857142857,13,53.1957928802589,401752751,2025,9
2483,Oregon Ducks,4805.0,3190,78.77,8.80327868852459,52.295081967213115,9,66.3891779396462,401752886,2025,9
275,Wisconsin Badgers,3786.0,1739,75.72,7.68,34.78,9,45.932382461701,401752886,2025,9
183,Syracuse Orange,5046.0,3211,80.1,9.825396825396826,50.96825396825397,10,63.63456202933016,401754571,2025,9
59,Georgia Tech Yellow Jackets,4403.0,3716,65.72,7.492537313432836,55.46268656716418,11,84.39700204406087,401754571,2025,9
145,Ole Miss Rebels,6071.0,3959,69.78,8.781609195402298,45.50574712643678,13,65.21166199967057,401752750,2025,9
201,Oklahoma Sooners,4256.0,1963,72.14,6.288135593220339,33.271186440677965,12,46.12312030075188,401752750,2025,9
24,Stanford Cardinal,4107.0,1321,76.06,6.37037037037037,24.462962962962962,11,32.164597029461895,401754572,2025,9
2390,Miami Hurricanes,4642.0,3621,62.73,9.72972972972973,48.932432432432435,10,78.00517018526497,401754572,2025,9
238,Vanderbilt Commodores,3328.0,1197,75.64,6.681818181818182,27.204545454545453,9,35.96754807692308,401752752,2025,9
142,Missouri Tigers,5496.0,3695,69.57,9.848101265822784,46.77215189873418,10,67.2307132459971,401752752,2025,9
252,BYU Cougars,4660.0,3151,69.55,7.656716417910448,47.02985074626866,11,67.61802575107296,401756931,2025,9
66,Iowa State Cyclones,5133.0,3757,73.33,9.885714285714286,53.67142857142857,11,73.1930644847068,401756931,2025,9
197,Oklahoma State Cowboys,4674.0,805,74.19,5.476190476190476,12.777777777777779,14,17.222935387248608,401756933,2025,9
2641,Texas Tech Red Raiders,5360.0,3149,76.57,7.6,44.98571428571429,13,58.75,401756933,2025,9
258,Virginia Cavaliers,4458.0,1764,65.56,6.029411764705882,25.941176470588236,14,39.569313593539704,401754573,2025,9
153,North Carolina Tar Heels,5339.0,2997,71.19,7.133333333333334,39.96,14,56.13410751076981,401754573,2025,9
96,Kentucky Wildcats,5628.0,3968,78.17,9.125,55.111111111111114,11,70.5046197583511,401752747,2025,9
2633,Tennessee Volunteers,3673.0,2994,64.44,6.754385964912281,52.526315789473685,11,81.51374897903621,401752747,2025,9
235,Memphis Tigers,5986.0,4112,75.77,8.291139240506329,52.050632911392405,12,68.69361844303374,401762494,2025,9
58,South Florida Bulls,6391.0,4249,77.0,7.783132530120482,51.19277108433735,13,66.4841182913472,401762494,2025,9
103,Boston College Eagles,6203.0,2968,74.73,8.27710843373494,35.75903614457831,16,47.847815573109784,401754570,2025,9
97,Louisville Cardinals,3721.0,1797,64.16,4.344827586206897,30.982758620689655,16,48.29346949744692,401754570,2025,9
239,Baylor Bears,4480.0,3079,75.93,9.135593220338983,52.186440677966104,8,68.72767857142857,401756930,2025,9
2132,Cincinnati Bearcats,4432.0,3714,62.42,9.408450704225352,52.309859154929576,9,83.79963898916968,401756930,2025,9
344,Mississippi State Bulldogs,5933.0,3118,68.99,6.093023255813954,36.25581395348837,17,52.55351424237317,401752749,2025,9
251,Texas Longhorns,5083.0,2908,64.34,6.810126582278481,36.81012658227848,17,57.210308872712965,401752749,2025,9
356,Illinois Fighting Illini,4230.0,2930,68.23,9.516129032258064,47.25806451612903,8,69.26713947990544,401752880,2025,9
264,Washington Huskies,4726.0,4081,73.84,9.109375,63.765625,8,86.35209479475243,401752880,2025,9
248,Houston Cougars,4850.0,3260,68.31,7.366197183098592,45.91549295774648,12,67.21649484536083,401756929,2025,9
9,Arizona State Sun Devils,5385.0,3178,80.37,7.641791044776119,47.43283582089552,11,59.01578458681523,401756929,2025,9
127,Michigan State Spartans,5325.0,2816,71.96,7.148648648648648,38.054054054054056,13,52.882629107981224,401752881,2025,9
130,Michigan Wolverines,4255.0,2166,65.46,5.7846153846153845,33.323076923076925,13,50.9048178613396,401752881,2025,9
77,Northwestern Wildcats,4299.0,2867,72.86,8.559322033898304,48.59322033898305,10,66.68992789020703,401752883,2025,9
158,Nebraska Cornhuskers,4109.0,2672,68.48,9.55,44.53333333333333,9,65.02798734485276,401752883,2025,9
164,Rutgers Scarlet Knights,5949.0,4657,79.32,9.653333333333334,62.093333333333334,11,78.28206421247269,401752884,2025,9
2509,Purdue Boilermakers,3522.0,2459,70.44,6.48,49.18,10,69.81828506530381,401752884,2025,9
2567,SMU Mustangs,4756.0,1544,70.99,5.477611940298507,23.044776119402986,17,32.46425567703953,401752942,2025,9
154,Wake Forest Demon Deacons,4839.0,2049,64.52,5.8933333333333335,27.32,17,42.34345939243645,401752942,2025,9
2305,Kansas Jayhawks,5763.0,2707,73.88,9.525641025641026,34.705128205128204,12,46.97206316154781,401756932,2025,9
2306,Kansas State Wildcats,2841.0,1950,54.63,6.461538461538462,37.5,11,68.63780359028512,401756932,2025,9
295,Old Dominion Monarchs,5517.0,3629,69.84,8.873417721518987,45.936708860759495,12,65.77850280949792,401761635,2025,9
2026,App State Mountaineers,5529.0,3662,76.79,8.13888888888889,50.861111111111114,11,66.23259178875023,401761635,2025,9
2309,Kent State Golden Flashes,3747.0,2197,72.06,6.730769230769231,42.25,10,58.63357352548706,401762846,2025,9
189,Bowling Green Falcons,6158.0,3803,78.95,9.23076923076923,48.756410256410255,10,61.75706398181228,401762846,2025,9
2199,Eastern Michigan Eagles,4463.0,2087,81.15,5.6909090909090905,37.945454545454545,11,46.76226753304952,401762848,2025,9
195,Ohio Bobcats,5162.0,3936,72.7,8.366197183098592,55.436619718309856,11,76.2495156915924,401762848,2025,9
8,Arkansas Razorbacks,3311.0,1861,73.58,5.5777777777777775,41.355555555555554,10,56.20658411356086,401752746,2025,9
2,Auburn Tigers,4621.0,3308,67.96,9.161764705882353,48.64705882352941,10,71.58623674529322,401752746,2025,9
2006,Akron Zips,5143.0,2676,72.44,6.253521126760563,37.690140845070424,15,52.03188800311103,401762844,2025,9
2084,Buffalo Bulls,5253.0,2212,75.04,5.585714285714285,31.6,16,42.10927089282315,401762844,2025,9
242,Rice Owls,5777.0,2796,75.03,6.4935064935064934,36.311688311688314,16,48.3988229184698,401757172,2025,9
41,UConn Huskies,5024.0,2418,68.82,6.506849315068493,33.12328767123287,15,48.12898089171974,401757172,2025,9
167,New Mexico Lobos,4571.0,2929,72.56,8.253968253968255,46.492063492063494,10,64.07788230146576,401760400,2025,9
328,Utah State Aggies,3782.0,1806,77.18,5.673469387755102,36.857142857142854,10,47.75251189846642,401760400,2025,9
2294,Iowa Hawkeyes,3460.0,1869,62.91,6.454545454545454,33.981818181818184,10,54.017341040462426,401752882,2025,9
135,Minnesota Golden Gophers,3964.0,1107,74.79,5.735849056603773,20.88679245283019,13,27.926337033299696,401752882,2025,9
2649,Toledo Rockets,4335.0,1856,65.68,6.7272727272727275,28.12121212121212,11,42.81430219146482,401752952,2025,9
265,Washington State Cougars,4934.0,3456,77.09,8.328125,54.0,11,70.04458856911228,401752952,2025,9
152,NC State Wolfpack,4122.0,2122,69.86,5.067796610169491,35.96610169491525,14,51.4798641436196,401754574,2025,9
221,Pittsburgh Panthers,5174.0,3945,63.1,7.060975609756097,48.109756097560975,15,76.24661770390414,401754574,2025,9
21,San Diego State Aztecs,4917.0,3246,76.83,9.046875,50.71875,9,66.01586333129957,401760399,2025,9
278,Fresno State Bulldogs,5032.0,2014,76.24,7.681818181818182,30.515151515151516,12,40.02384737678855,401760399,2025,9
2433,UL Monroe Warhawks,5030.0,3199,76.21,8.378787878787879,48.46969696969697,11,63.59840954274354,401761637,2025,9
2572,Southern Miss Golden Eagles,3988.0,3001,65.38,6.311475409836065,49.19672131147541,12,75.25075225677031,401761637,2025,9
2426,Navy Midshipmen,4890.0,4051,71.91,9.382352941176471,59.5735294117647,11,82.84253578732107,401762493,2025,9
2226,Florida Atlantic Owls,5564.0,4274,68.69,10.135802469135802,52.76543209876543,11,76.81524083393242,401762493,2025,9
218,Temple Owls,4814.0,2817,69.77,7.217391304347826,40.82608695652174,12,58.516825924387206,401762495,2025,9
202,Tulsa Golden Hurricane,5821.0,4183,78.66,7.918918918918919,56.527027027027025,12,71.86050506785776,401762495,2025,9
2459,Northern Illinois Huskies,4922.0,2845,72.38,8.294117647058824,41.838235294117645,11,57.80170662332385,401762845,2025,9
2050,Ball State Cardinals,4465.0,2533,67.65,7.893939393939394,38.378787878787875,11,56.73012318029115,401762845,2025,9
113,Massachusetts Minutemen,5588.0,3087,72.57,9.103896103896103,40.09090909090909,12,55.24337866857552,401762847,2025,9
2117,Central Michigan Chippewas,4847.0,3192,73.44,6.5,48.36363636363637,12,65.85516814524448,401762847,2025,9
193,Miami (OH) RedHawks,5817.0,3013,96.95,7.683333333333334,50.21666666666667,10,51.79645865566443,401762874,2025,9
2711,Western Michigan Broncos,975.0,2502,14.34,8.441176470588236,36.794117647058826,10,256.61538461538464,401762874,2025,9
2628,TCU Horned Frogs,4502.0,2791,64.31,8.128571428571428,39.871428571428574,11,61.99466903598401,401756935,2025,9
277,West Virginia Mountaineers,5526.0,3092,75.7,8.219178082191782,42.35616438356164,11,55.95367354325009,401756935,2025,9
290,Georgia Southern Eagles,4927.0,3157,75.8,7.7846153846153845,48.56923076923077,11,64.07550233407753,401761636,2025,9
2032,Arkansas State Red Wolves,6496.0,4987,75.53,9.732558139534884,57.98837209302326,11,76.77032019704434,401761636,2025,9
309,Louisiana Ragin' Cajuns,4900.0,3241,75.38,10.0,49.86153846153846,11,66.14285714285714,401761638,2025,9
2653,Troy Trojans,4459.0,3200,71.92,9.112903225806452,51.61290322580645,9,71.7649697241534,401761638,2025,9
2751,Wyoming Cowboys,4226.0,2451,72.86,6.517241379310345,42.258620689655174,11,57.99810695693327,401760398,2025,9
36,Colorado State Rams,4965.0,2125,81.39,6.901639344262295,34.83606557377049,11,42.799597180261834,401760398,2025,9
254,Utah Utes,4886.0,2809,65.15,8.066666666666666,37.45333333333333,16,57.49079001227998,401756934,2025,9
38,Colorado Buffaloes,4957.0,1496,72.9,5.5,22.0,15,30.179544079080088,401756934,2025,9
338,Kennesaw State Owls,4861.0,2413,68.46,7.267605633802817,33.985915492957744,12,49.63999177124049,401757289,2025,10
2638,UTEP Miners,5311.0,2488,73.76,7.236111111111111,34.55555555555556,14,46.84616832988138,401757289,2025,10
256,James Madison Dukes,3644.0,2474,60.73,6.083333333333333,41.233333333333334,13,67.89242590559824,401761639,2025,10
326,Texas State Bobcats,5442.0,2652,72.56,7.093333333333334,35.36,13,48.732083792723266,401761639,2025,10
2393,Middle Tennessee Blue Raiders,4729.0,2355,70.58,6.791044776119403,35.149253731343286,12,49.79911186297314,401757292,2025,10
55,Jacksonville State Gamecocks,5377.0,2588,79.07,7.897058823529412,38.05882352941177,11,48.13092802678073,401757292,2025,10
2623,Missouri State Bears,4444.0,2118,71.68,5.645161290322581,34.16129032258065,14,47.65976597659766,401757291,2025,10
2229,Florida International Panthers,5192.0,2946,73.13,7.802816901408451,41.49295774647887,12,56.741140215716484,401757291,2025,10
276,Marshall Thundering Herd,5719.0,3198,70.6,7.481481481481482,39.48148148148148,15,55.918866934778805,401761640,2025,10
324,Coastal Carolina Chanticleers,4039.0,1963,62.14,5.323076923076923,30.2,16,48.601138895766276,401761640,2025,10
2655,Tulane Green Wave,4567.0,3081,74.87,6.737704918032787,50.50819672131148,12,67.46222903437705,401762443,2025,10
2636,UTSA Roadrunners,4436.0,3521,67.21,6.96969696969697,53.34848484848485,11,79.37330928764653,401762443,2025,10
242,Rice Owls,4995.0,2479,78.05,9.1875,38.734375,11,49.629629629629626,401762497,2025,10
235,Memphis Tigers,3605.0,2080,65.55,5.8,37.81818181818182,11,57.697642163661584,401762497,2025,10
183,Syracuse Orange,3580.0,1371,73.06,7.408163265306122,27.979591836734695,9,38.29608938547486,401754575,2025,10
153,North Carolina Tar Heels,4311.0,2904,69.53,8.129032258064516,46.83870967741935,11,67.3625608907446,401754575,2025,10
2348,Louisiana Tech Bulldogs,4506.0,3636,75.1,6.133333333333334,60.6,12,80.69241011984022,401757290,2025,10
2534,Sam Houston Bearkats,5696.0,3029,76.97,7.527027027027027,40.932432432432435,12,53.17766853932584,401757290,2025,10
194,Ohio State Buckeyes,4186.0,3539,78.98,7.886792452830188,66.77358490566037,9,84.54371715241281,401752889,2025,10
213,Penn State Nittany Lions,4382.0,2313,73.03,9.0,38.55,9,52.78411684162483,401752889,2025,10
84,Indiana Hoosiers,6085.0,5351,82.23,9.45945945945946,72.3108108108108,10,87.93755135579293,401752887,2025,10
120,Maryland Terrapins,3428.0,1576,68.56,5.1,31.52,12,45.97432905484247,401752887,2025,10
61,Georgia Bulldogs,4656.0,2466,70.55,6.7272727272727275,37.36363636363637,12,52.9639175257732,401752755,2025,10
57,Florida Gators,3968.0,2059,72.15,7.218181818181818,37.43636363636364,11,51.890120967741936,401752755,2025,10
145,Ole Miss Rebels,4249.0,2452,66.39,7.4375,38.3125,12,57.70769592845375,401752756,2025,10
2579,South Carolina Gamecocks,4357.0,1465,70.27,6.419354838709677,23.629032258064516,12,33.62405324764747,401752756,2025,10
59,Georgia Tech Yellow Jackets,5204.0,4190,74.34,8.314285714285715,59.857142857142854,10,80.51498847040737,401754579,2025,10
152,NC State Wolfpack,4918.0,4248,73.4,8.17910447761194,63.40298507462686,10,86.37657584383896,401754579,2025,10
238,Vanderbilt Commodores,4909.0,3665,77.92,9.095238095238095,58.17460317460318,9,74.65878997759218,401752758,2025,10
251,Texas Longhorns,4195.0,3398,71.1,8.915254237288135,57.59322033898305,9,81.00119189511322,401752758,2025,10
2390,Miami Hurricanes,5326.0,2896,69.17,7.363636363636363,37.61038961038961,12,54.37476530229065,401754581,2025,10
2567,SMU Mustangs,5247.0,3099,76.04,7.840579710144928,44.91304347826087,12,59.06232132647227,401754581,2025,10
87,Notre Dame Fighting Irish,3573.0,2532,66.17,6.425925925925926,46.888888888888886,11,70.86481947942904,401754583,2025,10
103,Boston College Eagles,6017.0,3704,77.14,12.025641025641026,47.48717948717949,10,61.55891640352335,401754583,2025,10
2641,Texas Tech Red Raiders,4811.0,2793,65.01,6.9324324324324325,37.74324324324324,14,58.05445853252962,401756941,2025,10
2306,Kansas State Wildcats,4741.0,2001,74.08,5.28125,31.265625,15,42.20628559375659,401756941,2025,10
201,Oklahoma Sooners,4240.0,2188,68.39,7.048387096774194,35.29032258064516,11,51.60377358490566,401752757,2025,10
2633,Tennessee Volunteers,6123.0,3919,76.54,8.1125,48.9875,12,64.00457292177038,401752757,2025,10
258,Virginia Cavaliers,5855.0,4185,73.19,9.025,52.3125,12,71.47736976942784,401754576,2025,10
25,California Golden Bears,4454.0,1820,78.14,6.719298245614035,31.92982456140351,13,40.862146385271664,401754576,2025,10
97,Louisville Cardinals,4330.0,2323,68.73,6.158730158730159,36.87301587301587,13,53.648960739030024,401754580,2025,10
259,Virginia Tech Hokies,4478.0,1655,69.97,6.03125,25.859375,12,36.95846359982135,401754580,2025,10
2132,Cincinnati Bearcats,4904.0,2384,76.62,5.921875,37.25,14,48.613376835236544,401756942,2025,10
254,Utah Utes,6302.0,4652,75.02,9.380952380952381,55.38095238095238,11,73.81783560774358,401756942,2025,10
130,Michigan Wolverines,4158.0,2623,70.47,7.88135593220339,44.45762711864407,10,63.08321308321308,401752890,2025,10
2509,Purdue Boilermakers,4688.0,2846,73.25,9.390625,44.46875,9,60.708191126279864,401752890,2025,10
277,West Virginia Mountaineers,5085.0,3195,70.62,7.347222222222222,44.375,13,62.83185840707964,401756938,2025,10
248,Houston Cougars,4653.0,3032,69.45,6.492537313432836,45.25373134328358,13,65.16226090694175,401756938,2025,10
158,Nebraska Cornhuskers,4460.0,2603,71.94,7.935483870967742,41.983870967741936,11,58.36322869955157,401752892,2025,10
30,USC Trojans,4454.0,2601,76.79,7.396551724137931,44.8448275862069,10,58.396946564885496,401752892,2025,10
356,Illinois Fighting Illini,5227.0,4290,74.67,9.2,61.285714285714285,8,82.0738473311651,401752891,2025,10
164,Rutgers Scarlet Knights,5283.0,3437,73.38,10.569444444444445,47.736111111111114,9,65.0577323490441,401752891,2025,10
150,Duke Blue Devils,4789.0,3595,74.83,8.390625,56.171875,10,75.06786385466694,401754577,2025,10
228,Clemson Tigers,5246.0,4179,72.86,8.527777777777779,58.041666666666664,12,79.66069386199008,401754577,2025,10
239,Baylor Bears,5155.0,3261,65.25,8.645569620253164,41.278481012658226,11,63.25897187196896,401756936,2025,10
2116,UCF Knights,4033.0,1643,72.02,6.214285714285714,29.339285714285715,11,40.73890404165633,401756936,2025,10
5,UAB Blazers,5336.0,3312,76.23,9.857142857142858,47.31428571428572,10,62.06896551724138,401757173,2025,10
41,UConn Huskies,4009.0,2996,66.82,8.016666666666667,49.93333333333333,9,74.73185333000748,401757173,2025,10
349,Army Black Knights,3957.0,2289,74.66,8.037735849056604,43.18867924528302,9,57.84685367702805,401760401,2025,10
2005,Air Force Falcons,4914.0,3079,72.26,8.823529411764707,45.279411764705884,9,62.65771265771266,401760401,2025,10
249,North Texas Mean Green,4811.0,3529,72.89,8.606060606060606,53.46969696969697,9,73.3527333194762,401762499,2025,10
2426,Navy Midshipmen,4213.0,3013,71.41,8.779661016949152,51.067796610169495,8,71.5167339188227,401762499,2025,10
2084,Buffalo Bulls,3157.0,1405,61.9,4.7254901960784315,27.54901960784314,13,44.504276211593286,401762849,2025,10
189,Bowling Green Falcons,5439.0,1922,76.61,7.338028169014085,27.070422535211268,14,35.33737819452105,401762849,2025,10
66,Iowa State Cyclones,4979.0,2332,72.16,6.36231884057971,33.79710144927536,15,46.83671419963848,401756939,2025,10
9,Arizona State Sun Devils,4940.0,2314,71.59,5.869565217391305,33.53623188405797,14,46.8421052631579,401756939,2025,10
151,East Carolina Pirates,5740.0,4206,77.57,8.45945945945946,56.83783783783784,12,73.27526132404181,401762498,2025,10
218,Temple Owls,3908.0,1841,71.05,6.054545454545455,33.472727272727276,11,47.10849539406346,401762498,2025,10
167,New Mexico Lobos,4012.0,2430,72.95,5.9818181818181815,44.18181818181818,13,60.56829511465603,401760404,2025,10
2439,UNLV Rebels,6038.0,3663,77.41,7.153846153846154,46.96153846153846,12,60.665783371977476,401760404,2025,10
127,Michigan State Spartans,5268.0,2855,76.35,7.608695652173913,41.3768115942029,13,54.195140470766894,401752888,2025,10
135,Minnesota Golden Gophers,4292.0,2436,68.13,6.365079365079365,38.666666666666664,12,56.75675675675676,401752888,2025,10
24,Stanford Cardinal,5314.0,2527,74.85,6.450704225352113,35.59154929577465,15,47.55363191569439,401754582,2025,10
221,Pittsburgh Panthers,4855.0,3039,67.43,6.166666666666667,42.208333333333336,13,62.59526261585994,401754582,2025,10
2335,Liberty Flames,4223.0,3501,67.03,7.507936507936508,55.57142857142857,12,82.90314941984371,401757293,2025,10
48,Delaware Blue Hens,5341.0,3187,71.21,8.626666666666667,42.49333333333333,12,59.67047369406478,401757293,2025,10
98,Western Kentucky Hilltoppers,5027.0,3044,66.14,6.828947368421052,40.05263157894737,14,60.55301372588025,401757294,2025,10
166,New Mexico State Aggies,4542.0,1183,68.82,6.454545454545454,17.924242424242426,13,26.045794804051077,401757294,2025,10
68,Boise State Broncos,4394.0,1207,70.87,6.17741935483871,19.467741935483872,14,27.469276285844334,401760402,2025,10
278,Fresno State Bulldogs,4077.0,1633,62.72,6.907692307692308,25.123076923076923,15,40.053961246014225,401760402,2025,10
2433,UL Monroe Warhawks,5430.0,2078,78.7,6.666666666666667,30.115942028985508,14,38.26887661141805,401761641,2025,10
295,Old Dominion Monarchs,4061.0,2351,60.61,6.253731343283582,35.08955223880597,13,57.89214479192317,401761641,2025,10
309,Louisiana Ragin' Cajuns,4358.0,3239,72.63,8.016666666666667,53.983333333333334,9,74.32308398347865,401761642,2025,10
6,South Alabama Jaguars,5365.0,4125,77.75,11.55072463768116,59.78260869565217,10,76.88723205964585,401761642,2025,10
8,Arkansas Razorbacks,5663.0,3405,72.6,7.9743589743589745,43.65384615384615,12,60.12714109129437,401752753,2025,10
344,Mississippi State Bulldogs,4889.0,3749,69.84,8.1,53.55714285714286,11,76.68234812845162,401752753,2025,10
197,Oklahoma State Cowboys,4666.0,3776,74.06,10.65079365079365,59.93650793650794,7,80.92584654950707,401756940,2025,10
2305,Kansas Jayhawks,3634.0,3365,63.75,11.035087719298245,59.03508771929825,7,92.5976884975234,401756940,2025,10
2711,Western Michigan Broncos,4215.0,3065,63.86,8.772727272727273,46.43939393939394,9,72.71648873072361,401762850,2025,10
2117,Central Michigan Chippewas,3305.0,2275,71.85,10.434782608695652,49.45652173913044,8,68.83509833585477,401762850,2025,10
12,Arizona Wildcats,3674.0,2114,58.32,5.507936507936508,33.55555555555556,16,57.53946652150245,401756937,2025,10
38,Colorado Buffaloes,5531.0,2172,71.83,7.12987012987013,28.207792207792206,17,39.26957150605677,401756937,2025,10
21,San Diego State Aztecs,4036.0,2244,68.41,6.254237288135593,38.03389830508475,14,55.599603567889,401760405,2025,10
2751,Wyoming Cowboys,4372.0,1128,70.52,5.064516129032258,18.193548387096776,15,25.800548947849954,401760405,2025,10
2,Auburn Tigers,5962.0,2183,85.17,8.942857142857143,31.185714285714287,10,36.61522978866152,401752754,2025,10
96,Kentucky Wildcats,4551.0,2080,75.85,7.7,34.666666666666664,10,45.70424082619205,401752754,2025,10
265,Washington State Cougars,3908.0,1452,66.24,5.406779661016949,24.610169491525422,13,37.15455475946776,401752943,2025,10
204,Oregon State Beavers,4439.0,1247,75.24,5.762711864406779,21.135593220338983,13,28.091912592926334,401752943,2025,10
154,Wake Forest Demon Deacons,5002.0,1776,69.47,7.333333333333333,24.666666666666668,12,35.50579768092763,401754578,2025,10
52,Florida State Seminoles,3885.0,2301,66.98,5.862068965517241,39.672413793103445,12,59.22779922779923,401754578,2025,10
2032,Arkansas State Red Wolves,3807.0,2223,63.45,7.6,37.05,12,58.392434988179666,401761643,2025,10
2653,Troy Trojans,4648.0,1423,68.35,6.661764705882353,20.926470588235293,13,30.615318416523237,401761643,2025,10
23,San José State Spartans,5076.0,3960,76.91,7.621212121212121,60.0,11,78.01418439716312,401760403,2025,10
62,Hawai'i Rainbow Warriors,5087.0,3577,70.65,8.444444444444445,49.68055555555556,12,70.31649302142716,401760403,2025,10
2006,Akron Zips,4756.0,3387,72.06,7.257575757575758,51.31818181818182,12,71.21530698065601,401762851,2025,11
113,Massachusetts Minutemen,4148.0,1098,75.42,6.290909090909091,19.963636363636365,11,26.470588235294116,401762851,2025,11
195,Ohio Bobcats,4512.0,2259,76.47,6.915254237288136,38.28813559322034,10,50.066489361702125,401762852,2025,11
193,Miami (OH) RedHawks,3732.0,2404,67.85,7.818181818181818,43.70909090909091,10,64.41586280814576,401762852,2025,11
2050,Ball State Cardinals,3973.0,1851,65.13,7.475409836065574,30.34426229508197,11,46.58947898313617,401762853,2025,11
2309,Kent State Golden Flashes,4292.0,2177,70.36,7.573770491803279,35.68852459016394,12,50.72227399813607,401762853,2025,11
2649,Toledo Rockets,4218.0,3023,68.03,6.774193548387097,48.75806451612903,11,71.66903745851114,401762854,2025,11
2459,Northern Illinois Huskies,4973.0,1875,76.51,7.3076923076923075,28.846153846153847,13,37.70359943695958,401762854,2025,11
2026,App State Mountaineers,5597.0,3666,74.63,8.106666666666667,48.88,11,65.49937466499911,401761644,2025,11
290,Georgia Southern Eagles,4603.0,3706,63.05,8.876712328767123,50.76712328767123,11,80.51270910275908,401761644,2025,11
2636,UTSA Roadrunners,5215.0,3068,64.38,9.296296296296296,37.876543209876544,13,58.830297219558965,401762500,2025,11
58,South Florida Bulls,3387.0,2337,73.63,5.478260869565218,50.80434782608695,11,68.99911426040744,401762500,2025,11
77,Northwestern Wildcats,4119.0,2601,74.89,8.363636363636363,47.29090909090909,9,63.14639475600874,401752896,2025,11
30,USC Trojans,4648.0,3911,73.78,8.952380952380953,62.07936507936508,10,84.14371772805508,401752896,2025,11
2116,UCF Knights,3756.0,1615,63.66,5.9491525423728815,27.372881355932204,13,42.99787007454739,401756946,2025,11
248,Houston Cougars,5671.0,3438,71.78,8.60759493670886,43.51898734177215,12,60.62422853112326,401756946,2025,11
235,Memphis Tigers,5188.0,3022,75.19,7.536231884057971,43.79710144927536,12,58.24980724749422,401762501,2025,11
2655,Tulane Green Wave,3395.0,2057,65.29,6.5,39.55769230769231,11,60.58910162002945,401762501,2025,11
2509,Purdue Boilermakers,3529.0,1771,80.2,7.340909090909091,40.25,8,50.18418815528479,401752897,2025,11
194,Ohio State Buckeyes,5426.0,4406,71.39,9.921052631578947,57.973684210526315,9,81.20162182086251,401752897,2025,11
84,Indiana Hoosiers,4401.0,2690,70.98,9.064516129032258,43.38709677419355,10,61.12247216541695,401752893,2025,11
213,Penn State Nittany Lions,4393.0,2427,67.58,7.076923076923077,37.33846153846154,11,55.24698383792397,401752893,2025,11
142,Missouri Tigers,4215.0,1903,75.27,5.946428571428571,33.982142857142854,12,45.14827995255042,401752763,2025,11
245,Texas A&M Aggies,4509.0,2959,66.31,6.426470588235294,43.51470588235294,12,65.62430694167222,401752763,2025,11
99,LSU Tigers,4069.0,1633,71.39,7.578947368421052,28.649122807017545,10,40.132710739739494,401752759,2025,11
333,Alabama Crimson Tide,3963.0,2184,67.17,6.389830508474576,37.016949152542374,11,55.10976532929599,401752759,2025,11
344,Mississippi State Bulldogs,5203.0,3181,77.66,8.895522388059701,47.47761194029851,11,61.13780511243513,401752762,2025,11
61,Georgia Bulldogs,5285.0,4034,73.4,7.902777777777778,56.02777777777778,11,76.32923368022706,401752762,2025,11
2643,The Citadel Bulldogs,3348.0,821,68.33,5.36734693877551,16.755102040816325,12,24.522102747909198,401752761,2025,11
145,Ole Miss Rebels,6116.0,5035,75.51,8.25925925925926,62.160493827160494,12,82.32504905166776,401752761,2025,11
2641,Texas Tech Red Raiders,4892.0,3364,67.01,7.890410958904109,46.082191780821915,13,68.7653311529027,401756945,2025,11
252,BYU Cougars,4993.0,1754,76.82,6.292307692307692,26.984615384615385,12,35.12918085319447,401756945,2025,11
2294,Iowa Hawkeyes,4842.0,2807,78.1,8.903225806451612,45.274193548387096,8,57.97191243287897,401752898,2025,11
2483,Oregon Ducks,4321.0,2721,74.5,7.568965517241379,46.91379310344828,10,62.97153436704467,401752898,2025,11
2426,Navy Midshipmen,3949.0,1679,71.8,7.072727272727272,30.527272727272727,9,42.517092934920235,401757166,2025,11
87,Notre Dame Fighting Irish,4078.0,3707,75.52,7.444444444444445,68.64814814814815,9,90.90240313879353,401757166,2025,11
258,Virginia Cavaliers,4520.0,2259,70.62,6.703125,35.296875,13,49.97787610619469,401754589,2025,11
154,Wake Forest Demon Deacons,4192.0,1885,66.54,9.492063492063492,29.92063492063492,11,44.966603053435115,401754589,2025,11
97,Louisville Cardinals,4960.0,3035,71.88,7.594202898550725,43.98550724637681,13,61.189516129032256,401754585,2025,11
25,California Golden Bears,5093.0,3364,68.82,8.04054054054054,45.45945945945946,12,66.05144315727469,401754585,2025,11
2,Auburn Tigers,5726.0,4231,70.69,8.061728395061728,52.23456790123457,13,73.89102340202585,401752764,2025,11
238,Vanderbilt Commodores,5001.0,3886,72.48,8.043478260869565,56.31884057971015,11,77.70445910817837,401752764,2025,11
2390,Miami Hurricanes,4378.0,2358,78.18,6.482142857142857,42.107142857142854,11,53.86021014161717,401754587,2025,11
183,Syracuse Orange,5356.0,2358,75.44,7.352112676056338,33.2112676056338,12,44.02539208364451,401754587,2025,11
264,Washington Huskies,5501.0,2066,82.1,7.880597014925373,30.83582089552239,12,37.55680785311762,401752899,2025,11
275,Wisconsin Badgers,3693.0,1340,59.56,6.564516129032258,21.612903225806452,12,36.28486325480639,401752899,2025,11
2567,SMU Mustangs,4468.0,2770,69.81,5.71875,43.28125,13,61.99641897940913,401754584,2025,11
103,Boston College Eagles,5737.0,3059,68.3,7.976190476190476,36.416666666666664,14,53.320550810528154,401754584,2025,11
277,West Virginia Mountaineers,5366.0,3192,67.07,8.2375,39.9,14,59.48565039135296,401756947,2025,11
38,Colorado Buffaloes,5546.0,2651,73.95,7.826666666666667,35.346666666666664,13,47.800216372160115,401756947,2025,11
276,Marshall Thundering Herd,6080.0,3711,70.7,8.872093023255815,43.151162790697676,12,61.036184210526315,401761646,2025,11
256,James Madison Dukes,4226.0,2837,75.46,6.964285714285714,50.660714285714285,11,67.13203975390441,401761646,2025,11
2572,Southern Miss Golden Eagles,5466.0,3108,70.99,7.077922077922078,40.36363636363637,14,56.86059275521405,401761647,2025,11
2032,Arkansas State Red Wolves,6265.0,3587,72.01,7.045977011494253,41.229885057471265,15,57.25458898643256,401761647,2025,11
218,Temple Owls,3527.0,2544,76.67,10.0,55.30434782608695,6,72.12928834703715,401762503,2025,11
349,Army Black Knights,4650.0,3188,72.66,12.34375,49.8125,6,68.55913978494624,401762503,2025,11
2623,Missouri State Bears,4290.0,2229,76.61,6.232142857142857,39.80357142857143,10,51.95804195804196,401757299,2025,11
2335,Liberty Flames,6237.0,3243,79.96,8.102564102564102,41.57692307692308,12,51.996151996151994,401757299,2025,11
189,Bowling Green Falcons,3323.0,1647,65.16,5.9411764705882355,32.294117647058826,11,49.563647306650616,401762855,2025,11
2199,Eastern Michigan Eagles,5590.0,3661,73.55,8.842105263157896,48.171052631578945,11,65.49194991055457,401762855,2025,11
242,Rice Owls,4315.0,2936,60.77,10.56338028169014,41.352112676056336,11,68.04171494785632,401762502,2025,11
5,UAB Blazers,4242.0,2079,67.33,7.396825396825397,33.0,11,49.00990099009901,401762502,2025,11
120,Maryland Terrapins,4480.0,2233,78.6,7.421052631578948,39.175438596491226,10,49.84375,401752894,2025,11
164,Rutgers Scarlet Knights,4567.0,3723,67.16,7.720588235294118,54.75,11,81.51959710970002,401752894,2025,11
2348,Louisiana Tech Bulldogs,4040.0,2635,69.66,8.275862068965518,45.43103448275862,10,65.22277227722772,401757295,2025,11
48,Delaware Blue Hens,5664.0,3331,75.52,7.653333333333333,44.413333333333334,12,58.81002824858757,401757295,2025,11
2229,Florida International Panthers,3582.0,2046,57.77,4.887096774193548,33.0,17,57.11892797319933,401757296,2025,11
2393,Middle Tennessee Blue Raiders,5163.0,2224,66.19,6.217948717948718,28.512820512820515,17,43.07573116405191,401757296,2025,11
55,Jacksonville State Gamecocks,5262.0,2878,77.38,7.867647058823529,42.3235294117647,10,54.69403268719118,401757297,2025,11
2638,UTEP Miners,4811.0,2981,70.75,8.882352941176471,43.838235294117645,11,61.96217002702141,401757297,2025,11
2429,Charlotte 49ers,4391.0,1840,69.7,5.190476190476191,29.206349206349206,14,41.90389432930995,401762504,2025,11
151,East Carolina Pirates,5418.0,3835,63.0,8.13953488372093,44.593023255813954,14,70.78257659653009,401762504,2025,11
2226,Florida Atlantic Owls,3729.0,2559,66.59,5.857142857142857,45.69642857142857,12,68.62429605792438,401762505,2025,11
202,Tulsa Golden Hurricane,7003.0,3194,70.74,9.727272727272727,32.26262626262626,13,45.60902470369842,401762505,2025,11
150,Duke Blue Devils,4833.0,3337,74.35,7.953846153846154,51.33846153846154,11,69.04614111318021,401754590,2025,11
41,UConn Huskies,5067.0,4137,72.39,8.342857142857143,59.1,11,81.64594434576672,401754590,2025,11
2305,Kansas Jayhawks,4922.0,2542,71.33,7.463768115942029,36.84057971014493,12,51.64567249085737,401756943,2025,11
12,Arizona Wildcats,4679.0,2615,77.98,6.683333333333334,43.583333333333336,11,55.888010258602264,401756943,2025,11
66,Iowa State Cyclones,4478.0,2516,69.97,8.71875,39.3125,9,56.18579723090666,401756944,2025,11
2628,TCU Horned Frogs,6424.0,4374,80.3,9.35,54.675,11,68.08841843088419,401756944,2025,11
338,Kennesaw State Owls,4966.0,2579,68.03,7.1506849315068495,35.32876712328767,13,51.93314538864277,401757298,2025,11
166,New Mexico State Aggies,6313.0,2879,76.99,7.378048780487805,35.109756097560975,14,45.60430856961825,401757298,2025,11
324,Coastal Carolina Chanticleers,4203.0,2923,64.66,7.461538461538462,44.96923076923077,12,69.5455626933143,401761645,2025,11
2247,Georgia State Panthers,5582.0,3242,74.43,7.746666666666667,43.22666666666667,14,58.07954138301684,401761645,2025,11
24,Stanford Cardinal,5664.0,2954,76.54,8.621621621621621,39.91891891891892,12,52.15395480225989,401754588,2025,11
153,North Carolina Tar Heels,3749.0,1508,72.1,6.423076923076923,29.0,11,40.22405974926647,401754588,2025,11
326,Texas State Bobcats,4069.0,2876,70.16,6.603448275862069,49.58620689655172,12,70.68075694273777,401761648,2025,11
309,Louisiana Ragin' Cajuns,5410.0,3656,70.26,7.7272727272727275,47.48051948051948,12,67.57855822550832,401761648,2025,11
23,San José State Spartans,4455.0,3339,74.25,8.083333333333334,55.65,10,74.94949494949495,401760406,2025,11
2005,Air Force Falcons,5066.0,3292,69.4,9.904109589041095,45.0958904109589,9,64.98223450454007,401760406,2025,11
52,Florida State Seminoles,4990.0,2571,72.32,7.768115942028985,37.26086956521739,12,51.523046092184366,401754586,2025,11
228,Clemson Tigers,4699.0,2888,74.59,8.666666666666666,45.84126984126984,12,61.45988508193233,401754586,2025,11
57,Florida Gators,4703.0,1884,69.16,8.617647058823529,27.705882352941178,10,40.059536466085476,401752760,2025,11
96,Kentucky Wildcats,4157.0,3394,63.95,9.107692307692307,52.215384615384615,10,81.64541736829445,401752760,2025,11
328,Utah State Aggies,4918.0,3311,67.37,6.958904109589041,45.35616438356164,13,67.3241154941033,401760409,2025,11
2440,Nevada Wolf Pack,3692.0,1379,65.93,6.071428571428571,24.625,13,37.351029252437705,401760409,2025,11
158,Nebraska Cornhuskers,3415.0,2495,68.3,7.92,49.9,7,73.06002928257686,401752895,2025,11
26,UCLA Bruins,5253.0,3765,82.08,11.625,58.828125,7,71.67332952598515,401752895,2025,11
2439,UNLV Rebels,4567.0,3112,71.36,6.328125,48.625,12,68.14101160499234,401760407,2025,11
36,Colorado State Rams,4779.0,2373,74.67,6.953125,37.078125,12,49.65473948524796,401760407,2025,11
2534,Sam Houston Bearkats,3461.0,1104,73.64,6.74468085106383,23.48936170212766,11,31.898295290378503,401752944,2025,11
204,Oregon State Beavers,5810.0,3604,70.0,7.469879518072289,43.42168674698795,14,62.030981067125644,401752944,2025,11
62,Hawai'i Rainbow Warriors,4920.0,3055,74.55,8.136363636363637,46.28787878787879,11,62.09349593495935,401760408,2025,11
21,San Diego State Aztecs,4399.0,1491,70.95,5.306451612903226,24.048387096774192,14,33.89406683337122,401760408,2025,11
2309,Kent State Golden Flashes,3010.0,1468,65.43,4.739130434782608,31.91304347826087,13,48.77076411960133,401762856,2025,12
2006,Akron Zips,6424.0,4497,67.62,7.7894736842105265,47.33684210526316,14,70.00311332503114,401762856,2025,12
2711,Western Michigan Broncos,3789.0,2597,71.49,8.849056603773585,49.0,10,68.5405120084455,401762857,2025,12
195,Ohio Bobcats,4343.0,2509,74.88,8.689655172413794,43.258620689655174,10,57.77112594980428,401762857,2025,12
2117,Central Michigan Chippewas,4124.0,1727,74.98,5.8,31.4,13,41.87681862269641,401762858,2025,12
2084,Buffalo Bulls,5140.0,2770,67.63,6.802631578947368,36.44736842105263,15,53.89105058365759,401762858,2025,12
113,Massachusetts Minutemen,5301.0,2618,79.12,8.522388059701493,39.07462686567164,10,49.38690813054141,401762859,2025,12
2459,Northern Illinois Huskies,4277.0,3225,67.89,7.936507936507937,51.19047619047619,10,75.40332008417114,401762859,2025,12
2649,Toledo Rockets,4227.0,2224,67.1,7.0476190476190474,35.301587301587304,12,52.614147149278445,401762860,2025,12
193,Miami (OH) RedHawks,4964.0,1936,70.91,7.585714285714285,27.65714285714286,13,39.00080580177276,401762860,2025,12
295,Old Dominion Monarchs,4665.0,2935,68.6,6.779411764705882,43.161764705882355,14,62.91532690246517,401761649,2025,12
2653,Troy Trojans,3698.0,547,64.88,4.859649122807017,9.596491228070175,14,14.791779340183883,401761649,2025,12
135,Minnesota Golden Gophers,4287.0,1884,73.91,7.689655172413793,32.48275862068966,10,43.94681595521344,401752904,2025,12
2483,Oregon Ducks,4962.0,3583,75.18,7.878787878787879,54.28787878787879,10,72.20878677952439,401752904,2025,12
97,Louisville Cardinals,4514.0,2113,76.51,6.033898305084746,35.813559322033896,12,46.809924678777136,401754591,2025,12
228,Clemson Tigers,4645.0,2451,73.73,7.063492063492063,38.904761904761905,12,52.766415500538216,401754591,2025,12
26,UCLA Bruins,3510.0,1301,73.12,6.104166666666667,27.104166666666668,10,37.065527065527064,401752900,2025,12
194,Ohio State Buckeyes,4918.0,4276,73.4,9.850746268656716,63.82089552238806,9,86.94591297275315,401752900,2025,12
84,Indiana Hoosiers,4555.0,2911,73.47,7.645161290322581,46.95161290322581,10,63.90779363336992,401752901,2025,12
275,Wisconsin Badgers,3392.0,1341,75.38,6.733333333333333,29.8,10,39.534198113207545,401752901,2025,12
245,Texas A&M Aggies,4265.0,2842,64.62,6.46969696969697,43.06060606060606,14,66.63540445486518,401752772,2025,12
2579,South Carolina Gamecocks,4837.0,2137,75.58,6.15625,33.390625,14,44.1802770312177,401752772,2025,12
333,Alabama Crimson Tide,6183.0,3794,81.36,9.039473684210526,49.921052631578945,11,61.36179847970241,401752765,2025,12
201,Oklahoma Sooners,3077.0,1040,62.8,5.755102040816326,21.224489795918366,10,33.79915502112447,401752765,2025,12
251,Texas Longhorns,4275.0,2331,71.25,8.4,38.85,11,54.526315789473685,401752766,2025,12
61,Georgia Bulldogs,4443.0,2932,69.42,7.09375,45.8125,11,65.99144722034661,401752766,2025,12
2641,Texas Tech Red Raiders,4443.0,3359,63.47,8.685714285714285,47.98571428571429,12,75.60207067296871,401756953,2025,12
2116,UCF Knights,4783.0,1606,77.15,6.612903225806452,25.903225806451612,11,33.577252770227894,401756953,2025,12
57,Florida Gators,3884.0,2267,68.14,7.12280701754386,39.771929824561404,11,58.36766220391349,401752769,2025,12
145,Ole Miss Rebels,5995.0,5387,74.94,11.3125,67.3375,10,89.85821517931609,401752769,2025,12
221,Pittsburgh Panthers,4888.0,2681,74.06,8.454545454545455,40.621212121212125,12,54.84860883797054,401754597,2025,12
87,Notre Dame Fighting Irish,4290.0,3143,63.09,8.867647058823529,46.220588235294116,11,73.26340326340326,401754597,2025,12
2628,TCU Horned Frogs,4238.0,2473,74.35,7.649122807017544,43.3859649122807,10,58.35299669655498,401756950,2025,12
252,BYU Cougars,5070.0,3920,72.43,9.014285714285714,56.0,9,77.31755424063117,401756950,2025,12
239,Baylor Bears,6813.0,4182,74.87,8.12087912087912,45.956043956043956,14,61.38265081461911,401756949,2025,12
254,Utah Utes,4018.0,2850,70.49,6.43859649122807,50.0,12,70.93081134892982,401756949,2025,12
2390,Miami Hurricanes,5379.0,4153,76.84,7.628571428571429,59.32857142857143,11,77.20765941624838,401754595,2025,12
152,NC State Wolfpack,3774.0,1132,77.02,5.469387755102041,23.102040816326532,12,29.994700582935877,401754595,2025,12
103,Boston College Eagles,5302.0,4073,79.13,7.1940298507462686,60.791044776119406,12,76.82006789890607,401754592,2025,12
59,Georgia Tech Yellow Jackets,5760.0,4508,75.79,9.56578947368421,59.31578947368421,11,78.26388888888889,401754592,2025,12
2294,Iowa Hawkeyes,3801.0,2513,70.39,7.203703703703703,46.53703703703704,9,66.11418047882137,401752907,2025,12
30,USC Trojans,4622.0,3224,74.55,7.967741935483871,52.0,9,69.75335352661186,401752907,2025,12
77,Northwestern Wildcats,3486.0,1476,64.56,6.444444444444445,27.333333333333332,11,42.3407917383821,401752905,2025,12
130,Michigan Wolverines,5857.0,4233,76.06,8.545454545454545,54.97402597402598,11,72.27249445108417,401752905,2025,12
150,Duke Blue Devils,4359.0,2192,76.47,7.87719298245614,38.45614035087719,10,50.28676301904107,401754593,2025,12
258,Virginia Cavaliers,5575.0,3952,73.36,8.31578947368421,52.0,12,70.88789237668162,401754593,2025,12
2633,Tennessee Volunteers,5022.0,3427,76.09,7.848484848484849,51.92424242424242,13,68.23974512146555,401752771,2025,12
166,New Mexico State Aggies,5519.0,3076,67.3,7.682926829268292,37.51219512195122,13,55.734734553361115,401752771,2025,12
2426,Navy Midshipmen,4904.0,3049,68.11,7.097222222222222,42.34722222222222,13,62.17373572593801,401762510,2025,12
58,South Florida Bulls,5369.0,3390,77.81,6.855072463768116,49.130434782608695,14,63.140249580927545,401762510,2025,12
12,Arizona Wildcats,5049.0,3693,71.11,8.690140845070422,52.014084507042256,10,73.14319667260844,401756951,2025,12
2132,Cincinnati Bearcats,4263.0,2681,76.12,7.946428571428571,47.875,10,62.88998357963875,401756951,2025,12
2306,Kansas State Wildcats,4229.0,2067,74.19,7.017543859649122,36.26315789473684,10,48.87680302672027,401756952,2025,12
197,Oklahoma State Cowboys,5146.0,2770,76.81,7.701492537313433,41.343283582089555,11,53.82821609016712,401756952,2025,12
41,UConn Huskies,3457.0,2544,66.48,7.846153846153846,48.92307692307692,9,73.58981776106451,401757174,2025,12
2005,Air Force Falcons,5131.0,3892,74.36,10.898550724637682,56.405797101449274,9,75.85266030013642,401757174,2025,12
2429,Charlotte 49ers,4273.0,1408,74.96,6.684210526315789,24.70175438596491,9,32.95108822841095,401762507,2025,12
2636,UTSA Roadrunners,5380.0,3931,72.7,8.432432432432432,53.12162162162162,11,73.06691449814126,401762507,2025,12
2050,Ball State Cardinals,4034.0,2077,67.23,7.95,34.61666666666667,11,51.4873574615766,401762861,2025,12
2199,Eastern Michigan Eagles,4881.0,2636,73.95,7.106060606060606,39.93939393939394,11,54.005326777299736,401762861,2025,12
99,LSU Tigers,5233.0,3120,78.1,7.8059701492537314,46.56716417910448,12,59.621631951079685,401752768,2025,12
8,Arkansas Razorbacks,3633.0,2497,67.28,6.981481481481482,46.24074074074074,10,68.7310762455271,401752768,2025,12
204,Oregon State Beavers,5610.0,2703,79.01,7.76056338028169,38.070422535211264,11,48.18181818181818,401752945,2025,12
202,Tulsa Golden Hurricane,4572.0,2918,70.34,6.8,44.89230769230769,11,63.823272090988624,401752945,2025,12
277,West Virginia Mountaineers,4975.0,3165,71.07,9.157142857142857,45.214285714285715,12,63.618090452261306,401756948,2025,12
9,Arizona State Sun Devils,4840.0,2945,75.62,7.140625,46.015625,11,60.84710743801653,401756948,2025,12
2635,Tennessee Tech Golden Eagles,3912.0,2107,73.81,7.90566037735849,39.75471698113208,9,53.859918200409,401752767,2025,12
96,Kentucky Wildcats,4560.0,3982,69.09,8.757575757575758,60.333333333333336,9,87.32456140350877,401752767,2025,12
2247,Georgia State Panthers,6329.0,3786,82.19,9.35064935064935,49.16883116883117,11,59.81987675778164,401761651,2025,12
276,Marshall Thundering Herd,4900.0,3512,80.33,6.852459016393443,57.57377049180328,10,71.6734693877551,401761651,2025,12
5,UAB Blazers,5913.0,4439,72.11,9.670731707317072,54.13414634146341,11,75.07187552849653,401762506,2025,12
249,North Texas Mean Green,4016.0,3534,68.07,7.864406779661017,59.898305084745765,10,87.9980079681275,401762506,2025,12
2623,Missouri State Bears,5341.0,4221,70.28,9.171052631578947,55.53947368421053,10,79.03014416775885,401757304,2025,12
2638,UTEP Miners,3925.0,2272,67.67,8.293103448275861,39.172413793103445,9,57.88535031847134,401757304,2025,12
167,New Mexico Lobos,4382.0,2341,68.47,6.40625,36.578125,14,53.423094477407574,401760411,2025,12
36,Colorado State Rams,4804.0,2310,67.66,6.845070422535211,32.53521126760563,14,48.0849292256453,401760411,2025,12
213,Penn State Nittany Lions,4332.0,2622,71.02,8.245901639344263,42.98360655737705,11,60.526315789473685,401752903,2025,12
127,Michigan State Spartans,3626.0,1122,74.0,5.428571428571429,22.897959183673468,11,30.94318808604523,401752903,2025,12
356,Illinois Fighting Illini,5392.0,3889,74.89,9.541666666666666,54.013888888888886,10,72.1253709198813,401752906,2025,12
120,Maryland Terrapins,4993.0,3109,78.02,9.6875,48.578125,10,62.26717404366113,401752906,2025,12
2393,Middle Tennessee Blue Raiders,5103.0,2968,71.87,6.28169014084507,41.80281690140845,12,58.161865569272976,401757303,2025,12
98,Western Kentucky Hilltoppers,6156.0,5271,78.92,8.961538461538462,67.57692307692308,11,85.62378167641326,401757303,2025,12
23,San José State Spartans,4283.0,1603,73.84,6.137931034482759,27.637931034482758,13,37.42703712351156,401760413,2025,12
2440,Nevada Wolf Pack,4205.0,3144,68.93,7.655737704918033,51.540983606557376,11,74.76813317479191,401760413,2025,12
256,James Madison Dukes,6011.0,4790,69.09,8.459770114942529,55.05747126436781,14,79.6872400598902,401761652,2025,12
2026,App State Mountaineers,3810.0,1152,73.27,5.0,22.153846153846153,13,30.236220472440944,401761652,2025,12
2433,UL Monroe Warhawks,3233.0,708,75.19,5.046511627906977,16.46511627906977,11,21.899164862356944,401761653,2025,12
6,South Alabama Jaguars,5119.0,2862,67.36,7.473684210526316,37.6578947368421,12,55.90935729634694,401761653,2025,12
326,Texas State Bobcats,5290.0,4111,80.15,9.833333333333334,62.28787878787879,10,77.71266540642722,401761654,2025,12
2572,Southern Miss Golden Eagles,5169.0,3139,69.85,8.027027027027026,42.41891891891892,11,60.72741342619462,401761654,2025,12
151,East Carolina Pirates,5493.0,3432,76.29,7.458333333333333,47.666666666666664,12,62.4795193883124,401762508,2025,12
235,Memphis Tigers,5680.0,3220,73.77,7.961038961038961,41.81818181818182,12,56.690140845070424,401762508,2025,12
2226,Florida Atlantic Owls,6406.0,5004,73.63,10.505747126436782,57.51724137931034,10,78.11426787386824,401762509,2025,12
2655,Tulane Green Wave,4395.0,2705,70.89,7.806451612903226,43.62903225806452,12,61.54721274175199,401762509,2025,12
154,Wake Forest Demon Deacons,4653.0,2792,73.86,8.079365079365079,44.317460317460316,10,60.00429830217064,401754596,2025,12
153,North Carolina Tar Heels,4192.0,1991,68.72,8.327868852459016,32.63934426229508,11,47.49522900763359,401754596,2025,12
2229,Florida International Panthers,5096.0,3916,69.81,9.945205479452055,53.64383561643836,9,76.84458398744113,401757301,2025,12
2335,Liberty Flames,5234.0,3567,71.7,9.164383561643836,48.863013698630134,10,68.15055406954528,401757301,2025,12
324,Coastal Carolina Chanticleers,5358.0,3228,72.41,7.675675675675675,43.62162162162162,13,60.24636058230683,401761650,2025,12
290,Georgia Southern Eagles,5810.0,3696,77.47,6.746666666666667,49.28,15,63.6144578313253,401761650,2025,12
2509,Purdue Boilermakers,4271.0,1813,66.73,7.6875,28.328125,11,42.44907515804261,401752902,2025,12
264,Washington Huskies,4435.0,3668,73.92,8.066666666666666,61.13333333333333,10,82.70574971815107,401752902,2025,12
48,Delaware Blue Hens,5436.0,3029,72.48,6.76,40.38666666666666,14,55.72111846946284,401757300,2025,12
2534,Sam Houston Bearkats,4527.0,2379,67.57,6.8059701492537314,35.507462686567166,13,52.55135851557323,401757300,2025,12
328,Utah State Aggies,5224.0,3477,68.74,8.18421052631579,45.75,13,66.55819295558959,401760414,2025,12
2439,UNLV Rebels,5604.0,3983,73.74,8.736842105263158,52.4078947368421,12,71.07423269093505,401760414,2025,12
259,Virginia Tech Hokies,4475.0,2803,75.85,8.559322033898304,47.50847457627118,8,62.63687150837989,401754594,2025,12
52,Florida State Seminoles,4756.0,4332,66.99,10.929577464788732,61.014084507042256,8,91.08494533221194,401754594,2025,12
344,Mississippi State Bulldogs,6396.0,2964,71.87,9.98876404494382,33.30337078651685,13,46.34146341463415,401752770,2025,12
142,Missouri Tigers,3596.0,1841,67.85,5.981132075471698,34.735849056603776,12,51.19577308120134,401752770,2025,12
55,Jacksonville State Gamecocks,4240.0,2817,75.71,6.482142857142857,50.30357142857143,11,66.43867924528301,401757302,2025,12
338,Kennesaw State Owls,6306.0,5105,70.07,9.444444444444445,56.72222222222222,11,80.9546463685379,401757302,2025,12
2348,Louisiana Tech Bulldogs,3781.0,1159,74.14,6.352941176470588,22.725490196078432,10,30.65326633165829,401752953,2025,12
265,Washington State Cougars,4020.0,2685,63.81,9.047619047619047,42.61904761904762,9,66.7910447761194,401752953,2025,12
21,San Diego State Aztecs,3993.0,2107,76.79,7.211538461538462,40.51923076923077,9,52.76734284998748,401760410,2025,12
68,Boise State Broncos,4297.0,2044,74.09,8.10344827586207,35.241379310344826,10,47.56807074703281,401760410,2025,12
2751,Wyoming Cowboys,4645.0,667,76.15,5.590163934426229,10.934426229508198,12,14.359526372443488,401760412,2025,12
278,Fresno State Bulldogs,4989.0,2671,69.29,8.722222222222221,37.09722222222222,12,53.537783122870316,401760412,2025,12
189,Bowling Green Falcons,4029.0,2311,57.56,9.042857142857143,33.01428571428571,12,57.35914619012162,401762862,2025,13
2006,Akron Zips,4338.0,2053,68.86,6.761904761904762,32.58730158730159,13,47.32595666205625,401762862,2025,13
2459,Northern Illinois Huskies,4216.0,1893,75.29,6.607142857142857,33.80357142857143,11,44.900379506641364,401762864,2025,13
2711,Western Michigan Broncos,4449.0,3447,67.41,9.151515151515152,52.22727272727273,11,77.47808496291302,401762864,2025,13
195,Ohio Bobcats,3786.0,3006,59.16,7.34375,46.96875,10,79.39778129952457,401762863,2025,13
113,Massachusetts Minutemen,4859.0,2367,72.52,8.761194029850746,35.32835820895522,11,48.71372710434246,401762863,2025,13
2084,Buffalo Bulls,6049.0,2699,74.68,7.3580246913580245,33.32098765432099,16,44.618945280211605,401762865,2025,13
193,Miami (OH) RedHawks,3884.0,1703,63.67,5.262295081967213,27.918032786885245,14,43.84654994850669,401762865,2025,13
2117,Central Michigan Chippewas,4145.0,2779,64.77,9.265625,43.421875,11,67.04463208685164,401762866,2025,13
2309,Kent State Golden Flashes,4980.0,2555,77.81,8.53125,39.921875,10,51.30522088353413,401762866,2025,13
309,Louisiana Ragin' Cajuns,4579.0,2358,64.49,6.549295774647887,33.2112676056338,14,51.495959816553835,401761655,2025,13
2032,Arkansas State Red Wolves,5841.0,4379,74.88,10.512820512820513,56.14102564102564,11,74.97003937681903,401761655,2025,13
152,NC State Wolfpack,4714.0,2364,70.36,7.940298507462686,35.28358208955224,11,50.148493848112004,401754598,2025,13
52,Florida State Seminoles,5359.0,3467,81.2,10.166666666666666,52.53030303030303,9,64.69490576600111,401754598,2025,13
62,Hawai'i Rainbow Warriors,3511.0,1105,70.22,6.24,22.1,10,31.472514953004843,401760418,2025,13
2439,UNLV Rebels,5188.0,3745,77.43,9.447761194029852,55.8955223880597,9,72.1858134155744,401760418,2025,13
164,Rutgers Scarlet Knights,3957.0,1300,70.66,7.696428571428571,23.214285714285715,11,32.853171594642404,401752912,2025,13
194,Ohio State Buckeyes,4274.0,3167,73.69,7.775862068965517,54.60344827586207,10,74.0992044922789,401752912,2025,13
2535,Samford Bulldogs,3606.0,495,75.12,4.041666666666667,10.3125,14,13.72712146422629,401752781,2025,13
245,Texas A&M Aggies,4495.0,3319,56.19,7.45,41.4875,14,73.83759733036707,401752781,2025,13
61,Georgia Bulldogs,5006.0,3336,67.65,7.405405405405405,45.08108108108108,11,66.64003196164603,401752776,2025,13
2429,Charlotte 49ers,3330.0,742,75.68,4.431818181818182,16.863636363636363,11,22.28228228228228,401752776,2025,13
30,USC Trojans,5092.0,3218,70.72,7.444444444444445,44.69444444444444,12,63.19717203456402,401752911,2025,13
2483,Oregon Ducks,4707.0,3576,69.22,8.470588235294118,52.588235294117645,10,75.97195666029317,401752911,2025,13
142,Missouri Tigers,5536.0,2723,77.97,7.352112676056338,38.352112676056336,13,49.1871387283237,401752778,2025,13
201,Oklahoma Sooners,4518.0,1691,72.87,5.725806451612903,27.274193548387096,14,37.42806551571492,401752778,2025,13
183,Syracuse Orange,5872.0,2445,73.4,8.225,30.5625,13,41.63828337874659,401754604,2025,13
87,Notre Dame Fighting Irish,2161.0,1663,60.03,4.805555555555555,46.19444444444444,9,76.95511337343822,401754604,2025,13
333,Alabama Crimson Tide,4703.0,4398,59.53,8.481012658227849,55.67088607594937,12,93.51477780140335,401752773,2025,13
2197,Eastern Illinois Panthers,2842.0,116,72.87,3.41025641025641,2.9743589743589745,12,4.081632653061225,401752773,2025,13
2132,Cincinnati Bearcats,4563.0,2989,74.8,8.163934426229508,49.0,10,65.50515012053474,401756955,2025,13
252,BYU Cougars,5082.0,3636,70.58,9.402777777777779,50.5,9,71.54663518299881,401756955,2025,13
2306,Kansas State Wildcats,4956.0,3800,75.09,8.363636363636363,57.57575757575758,13,76.67473769168684,401756960,2025,13
254,Utah Utes,6013.0,4631,72.45,8.060240963855422,55.795180722891565,12,77.01646432729088,401756960,2025,13
259,Virginia Tech Hokies,4889.0,2661,74.08,7.378787878787879,40.31818181818182,10,54.42830844753529,401754603,2025,13
2390,Miami Hurricanes,4492.0,3537,71.3,9.365079365079366,56.142857142857146,8,78.739982190561,401754603,2025,13
238,Vanderbilt Commodores,5181.0,4220,74.01,8.957142857142857,60.285714285714285,11,81.45145724763559,401752782,2025,13
96,Kentucky Wildcats,5136.0,2686,75.53,7.102941176470588,39.5,12,52.297507788161994,401752782,2025,13
221,Pittsburgh Panthers,4245.0,2224,66.33,5.796875,34.75,13,52.391048292108366,401754601,2025,13
59,Georgia Tech Yellow Jackets,5035.0,3059,68.04,7.621621621621622,41.33783783783784,13,60.75471698113208,401754601,2025,13
8,Arkansas Razorbacks,6398.0,4790,78.99,8.876543209876543,59.135802469135804,11,74.86714598311973,401752780,2025,13
251,Texas Longhorns,4131.0,3072,71.22,6.706896551724138,52.96551724137931,10,74.36456063907045,401752780,2025,13
130,Michigan Wolverines,4592.0,3957,62.05,8.35135135135135,53.472972972972975,11,86.17160278745645,401752914,2025,13
120,Maryland Terrapins,5135.0,3012,75.51,8.882352941176471,44.294117647058826,9,58.656280428432325,401752914,2025,13
2633,Tennessee Volunteers,5057.0,3945,69.27,9.753424657534246,54.04109589041096,9,78.01067826774768,401752775,2025,13
57,Florida Gators,3985.0,2110,84.79,7.76595744680851,44.8936170212766,8,52.94855708908406,401752775,2025,13
356,Illinois Fighting Illini,4733.0,2084,73.95,6.96875,32.5625,11,44.03126980773294,401752915,2025,13
275,Wisconsin Badgers,3753.0,2005,65.84,8.105263157894736,35.175438596491226,11,53.42392752464695,401752915,2025,13
2628,TCU Horned Frogs,4753.0,2935,70.94,6.91044776119403,43.80597014925373,12,61.75047338523038,401756957,2025,13
248,Houston Cougars,4839.0,2896,72.22,7.104477611940299,43.223880597014926,12,59.84707584211614,401756957,2025,13
2655,Tulane Green Wave,4558.0,2757,68.03,8.17910447761194,41.149253731343286,11,60.4870557261957,401762515,2025,13
218,Temple Owls,4410.0,1609,77.37,5.5964912280701755,28.228070175438596,12,36.48526077097506,401762515,2025,13
38,Colorado Buffaloes,4593.0,1369,66.57,4.927536231884058,19.840579710144926,16,29.80622686697148,401756956,2025,13
9,Arizona State Sun Devils,5374.0,3609,76.77,6.871428571428571,51.55714285714286,16,67.1566803126163,401756956,2025,13
77,Northwestern Wildcats,5159.0,4226,73.7,10.314285714285715,60.371428571428574,9,81.91509982554759,401752909,2025,13
135,Minnesota Golden Gophers,3089.0,2154,63.04,6.489795918367347,43.95918367346939,10,69.73130462932988,401752909,2025,13
2567,SMU Mustangs,5596.0,3952,74.61,8.293333333333333,52.693333333333335,11,70.62187276626162,401754602,2025,13
97,Louisville Cardinals,3529.0,1386,72.02,6.551020408163265,28.285714285714285,10,39.2745820345707,401754602,2025,13
48,Delaware Blue Hens,5329.0,3089,72.01,9.891891891891891,41.74324324324324,10,57.96584725089135,401754606,2025,13
154,Wake Forest Demon Deacons,4290.0,3442,72.71,8.711864406779661,58.33898305084746,11,80.23310023310023,401754606,2025,13
2305,Kansas Jayhawks,3543.0,2034,70.86,6.74,40.68,9,57.40897544453853,401756958,2025,13
66,Iowa State Cyclones,5261.0,4382,72.07,9.493150684931507,60.02739726027397,8,83.29214978141037,401756958,2025,13
349,Army Black Knights,4528.0,3022,70.75,9.6875,47.21875,10,66.74028268551237,401762512,2025,13
202,Tulsa Golden Hurricane,5234.0,3409,73.72,8.464788732394366,48.014084507042256,10,65.13183034008406,401762512,2025,13
256,James Madison Dukes,3625.0,2016,75.52,7.625,42.0,10,55.61379310344827,401752954,2025,13
265,Washington State Cougars,4536.0,2131,66.71,8.426470588235293,31.33823529411765,10,46.979717813051145,401752954,2025,13
239,Baylor Bears,5353.0,3420,68.63,9.692307692307692,43.84615384615385,12,63.8894078087054,401756954,2025,13
12,Arizona Wildcats,4170.0,3081,70.68,8.169491525423728,52.220338983050844,10,73.88489208633094,401756954,2025,13
290,Georgia Southern Eagles,4810.0,1764,78.85,6.229508196721311,28.918032786885245,12,36.67359667359668,401761657,2025,13
295,Old Dominion Monarchs,5574.0,4451,69.68,8.025,55.6375,12,79.85288841047722,401761657,2025,13
2,Auburn Tigers,3802.0,2889,67.89,7.125,51.589285714285715,11,75.9863229879011,401752774,2025,13
2382,Mercer Bears,5680.0,3088,74.74,7.934210526315789,40.63157894736842,12,54.36619718309859,401752774,2025,13
338,Kennesaw State Owls,5586.0,3956,71.62,8.435897435897436,50.717948717948715,12,70.81990691013247,401757306,2025,13
2623,Missouri State Bears,4412.0,2897,71.16,6.758064516129032,46.725806451612904,12,65.66183136899366,401757306,2025,13
2440,Nevada Wolf Pack,4611.0,2727,80.89,9.052631578947368,47.8421052631579,9,59.141184124918674,401760419,2025,13
2751,Wyoming Cowboys,4591.0,2543,71.73,9.34375,39.734375,10,55.39098235678502,401760419,2025,13
2050,Ball State Cardinals,5835.0,2861,73.86,7.405063291139241,36.21518987341772,14,49.03170522707798,401762867,2025,13
2649,Toledo Rockets,3538.0,1600,63.18,4.642857142857143,28.571428571428573,14,45.22328999434709,401762867,2025,13
2026,App State Mountaineers,4660.0,2880,69.55,7.3283582089552235,42.985074626865675,13,61.802575107296136,401761656,2025,13
276,Marshall Thundering Herd,4909.0,2762,71.14,6.246376811594203,40.028985507246375,13,56.26400488897943,401761656,2025,13
41,UConn Huskies,5797.0,4346,74.32,8.935897435897436,55.717948717948715,12,74.9698119717095,401757175,2025,13
2226,Florida Atlantic Owls,6627.0,5191,76.17,8.402298850574713,59.666666666666664,12,78.33106986570093,401757175,2025,13
2335,Liberty Flames,4767.0,3032,74.48,7.09375,47.375,12,63.603943780155234,401757307,2025,13
2348,Louisiana Tech Bulldogs,5891.0,4276,78.55,9.96,57.013333333333335,13,72.58529960957392,401757307,2025,13
2534,Sam Houston Bearkats,4836.0,2803,74.4,7.815384615384615,43.12307692307692,12,57.961124896608766,401757308,2025,13
2393,Middle Tennessee Blue Raiders,5060.0,3861,77.85,8.015384615384615,59.4,10,76.30434782608695,401757308,2025,13
166,New Mexico State Aggies,6025.0,3888,74.38,8.790123456790123,48.0,13,64.5311203319502,401757309,2025,13
2638,UTEP Miners,4965.0,2971,77.58,7.015625,46.421875,13,59.838872104733134,401757309,2025,13
58,South Florida Bulls,4531.0,3588,76.8,7.47457627118644,60.813559322033896,11,79.18781725888324,401762511,2025,13
5,UAB Blazers,5862.0,3527,71.49,8.341463414634147,43.01219512195122,12,60.16717843739338,401762511,2025,13
127,Michigan State Spartans,5470.0,2876,79.28,7.7101449275362315,41.68115942028985,13,52.57769652650823,401752913,2025,13
2294,Iowa Hawkeyes,4455.0,1733,73.03,5.885245901639344,28.40983606557377,13,38.90011223344557,401752913,2025,13
153,North Carolina Tar Heels,3845.0,2620,73.94,8.634615384615385,50.38461538461539,8,68.14044213263979,401754600,2025,13
150,Duke Blue Devils,5032.0,4208,68.93,11.205479452054794,57.64383561643836,7,83.6248012718601,401754600,2025,13
55,Jacksonville State Gamecocks,5220.0,3010,67.79,7.4935064935064934,39.09090909090909,15,57.662835249042146,401757305,2025,13
2229,Florida International Panthers,4887.0,2458,72.94,6.074626865671642,36.6865671641791,15,50.29670554532433,401757305,2025,13
2572,Southern Miss Golden Eagles,5950.0,4108,79.33,9.506666666666666,54.77333333333333,13,69.04201680672269,401761658,2025,13
6,South Alabama Jaguars,5150.0,3529,67.76,8.447368421052632,46.43421052631579,12,68.52427184466019,401761658,2025,13
2636,UTSA Roadrunners,4665.0,3558,64.79,7.611111111111111,49.416666666666664,13,76.27009646302251,401762513,2025,13
151,East Carolina Pirates,4804.0,2306,73.91,5.7384615384615385,35.47692307692308,15,48.00166527893422,401762513,2025,13
197,Oklahoma State Cowboys,4368.0,2351,75.31,7.896551724137931,40.53448275862069,12,53.82326007326007,401756959,2025,13
2116,UCF Knights,4188.0,1994,72.21,6.603448275862069,34.37931034482759,11,47.612225405921684,401756959,2025,13
2247,Georgia State Panthers,6086.0,3842,71.6,7.588235294117647,45.2,14,63.12849162011173,401761660,2025,13
2653,Troy Trojans,5217.0,3160,70.5,7.648648648648648,42.7027027027027,13,60.57120950737972,401761660,2025,13
324,Coastal Carolina Chanticleers,4701.0,1853,72.32,8.723076923076922,28.50769230769231,11,39.41714528823655,401752779,2025,13
2579,South Carolina Gamecocks,5649.0,4563,78.46,9.11111111111111,63.375,12,80.77535847052576,401752779,2025,13
231,Furman Paladins,5244.0,2164,76.0,7.3478260869565215,31.36231884057971,13,41.26620900076278,401754605,2025,13
228,Clemson Tigers,3891.0,2405,58.95,5.636363636363637,36.43939393939394,14,61.809303520945775,401754605,2025,13
2433,UL Monroe Warhawks,4473.0,2311,73.33,6.868852459016393,37.885245901639344,11,51.66554884864744,401761659,2025,13
326,Texas State Bobcats,5873.0,4427,78.31,9.466666666666667,59.026666666666664,10,75.3788523752767,401761659,2025,13
158,Nebraska Cornhuskers,4908.0,2720,71.13,8.46376811594203,39.42028985507246,9,55.41972290138549,401752908,2025,13
213,Penn State Nittany Lions,3884.0,3215,77.68,7.18,64.3,8,82.77548918640576,401752908,2025,13
2005,Air Force Falcons,4565.0,2393,77.37,12.728813559322035,40.559322033898304,7,52.420591456736034,401760415,2025,13
167,New Mexico Lobos,3729.0,2805,67.8,9.745454545454546,51.0,7,75.22123893805309,401760415,2025,13
68,Boise State Broncos,6243.0,4709,72.59,8.813953488372093,54.75581395348837,13,75.42847989748519,401760416,2025,13
36,Colorado State Rams,4484.0,2321,72.32,5.451612903225806,37.435483870967744,14,51.761819803746654,401760416,2025,13
24,Stanford Cardinal,3798.0,2185,69.05,6.963636363636364,39.72727272727273,10,57.53027909426014,401754599,2025,13
25,California Golden Bears,5663.0,2903,74.51,9.605263157894736,38.19736842105263,13,51.26258167049267,401754599,2025,13
249,North Texas Mean Green,4042.0,3257,73.49,6.0181818181818185,59.21818181818182,11,80.5789213260762,401762514,2025,13
242,Rice Owls,5600.0,3675,75.68,8.837837837837839,49.66216216216216,11,65.625,401762514,2025,13
99,LSU Tigers,4984.0,2430,64.73,6.662337662337662,31.558441558441558,14,48.75601926163724,401752777,2025,13
98,Western Kentucky Hilltoppers,4583.0,1529,71.61,6.71875,23.890625,13,33.3624263582806,401752777,2025,13
264,Washington Huskies,4162.0,3172,62.12,7.149253731343284,47.343283582089555,12,76.21335896203747,401752910,2025,13
26,UCLA Bruins,4354.0,1256,73.8,5.762711864406779,21.28813559322034,13,28.847037207165826,401752910,2025,13
278,Fresno State Bulldogs,4404.0,1766,71.03,5.790322580645161,28.483870967741936,13,40.09990917347866,401760417,2025,13
328,Utah State Aggies,5903.0,3603,74.72,8.367088607594937,45.607594936708864,14,61.03676096899881,401760417,2025,13
23,San José State Spartans,6019.0,2840,81.34,9.72972972972973,38.37837837837838,11,47.183917594284765,401760420,2025,13
21,San Diego State Aztecs,3488.0,1743,62.29,6.678571428571429,31.125,10,49.971330275229356,401760420,2025,13
189,Bowling Green Falcons,3325.0,2242,60.45,6.6,40.763636363636365,10,67.42857142857143,401762868,2025,14
113,Massachusetts Minutemen,5100.0,2464,79.69,7.75,38.5,11,48.31372549019608,401762868,2025,14
2711,Western Michigan Broncos,4143.0,2703,66.82,7.112903225806452,43.596774193548384,11,65.24257784214338,401762869,2025,14
2199,Eastern Michigan Eagles,5530.0,4179,86.41,7.84375,65.296875,10,75.56962025316456,401762869,2025,14
2426,Navy Midshipmen,4592.0,3290,68.54,10.343283582089553,49.1044776119403,9,71.64634146341463,401762516,2025,14
235,Memphis Tigers,4908.0,2666,75.51,8.092307692307692,41.01538461538462,10,54.319478402607984,401762516,2025,14
84,Indiana Hoosiers,3777.0,2842,69.94,6.407407407407407,52.629629629629626,13,75.24490336245698,401752924,2025,14
2509,Purdue Boilermakers,5633.0,2064,76.12,7.04054054054054,27.89189189189189,13,36.6412213740458,401752924,2025,14
245,Texas A&M Aggies,4632.0,2629,72.38,7.140625,41.078125,11,56.7573402417962,401752792,2025,14
251,Texas Longhorns,4883.0,2459,75.12,6.753846153846154,37.83076923076923,13,50.35838623796846,401752792,2025,14
59,Georgia Tech Yellow Jackets,3606.0,1570,73.59,6.489795918367347,32.04081632653061,9,43.53854686633389,401752786,2025,14
61,Georgia Bulldogs,5023.0,2653,73.87,8.779411764705882,39.01470588235294,10,52.81704160860044,401752786,2025,14
145,Ole Miss Rebels,5440.0,4257,73.51,8.162162162162161,57.527027027027025,11,78.25367647058823,401752788,2025,14
344,Mississippi State Bulldogs,5925.0,3537,81.16,7.821917808219178,48.45205479452055,11,59.69620253164557,401752788,2025,14
2305,Kansas Jayhawks,5954.0,4415,76.33,8.192307692307692,56.6025641025641,11,74.15183070204904,401756964,2025,14
254,Utah Utes,4087.0,2819,77.11,7.660377358490566,53.18867924528302,10,68.97479814044532,401756964,2025,14
12,Arizona Wildcats,6109.0,4365,71.03,11.162790697674419,50.75581395348837,11,71.45195613029956,401756961,2025,14
9,Arizona State Sun Devils,3939.0,1746,77.24,6.235294117647059,34.23529411764706,11,44.32597105864433,401756961,2025,14
158,Nebraska Cornhuskers,4215.0,2802,71.44,9.322033898305085,47.49152542372882,10,66.47686832740213,401752916,2025,14
2294,Iowa Hawkeyes,4283.0,3404,69.08,7.580645161290323,54.903225806451616,10,79.47700210133084,401752916,2025,14
195,Ohio Bobcats,5389.0,3689,69.09,7.602564102564102,47.294871794871796,12,68.45425867507886,401762870,2025,14
2084,Buffalo Bulls,4421.0,2116,73.68,5.3,35.266666666666666,13,47.86247455326849,401762870,2025,14
2459,Northern Illinois Huskies,4839.0,3244,71.16,9.558823529411764,47.705882352941174,10,67.03864434800579,401762871,2025,14
2309,Kent State Golden Flashes,4193.0,3202,73.56,7.315789473684211,56.175438596491226,10,76.36537085618889,401762871,2025,14
2005,Air Force Falcons,4898.0,4511,68.99,11.056338028169014,63.53521126760563,8,92.09881584320131,401760421,2025,14
36,Colorado State Rams,3519.0,2573,76.5,8.217391304347826,55.93478260869565,8,73.11736288718386,401760421,2025,14
167,New Mexico Lobos,4442.0,1801,74.03,5.683333333333334,30.016666666666666,14,40.544799639801894,401760426,2025,14
21,San Diego State Aztecs,4190.0,2114,63.48,5.909090909090909,32.03030303030303,13,50.45346062052506,401760426,2025,14
218,Temple Owls,4756.0,2616,67.94,7.642857142857143,37.371428571428574,11,55.00420521446594,401762442,2025,14
249,North Texas Mean Green,4675.0,3573,76.64,6.098360655737705,58.57377049180328,12,76.42780748663101,401762442,2025,14
68,Boise State Broncos,6290.0,3704,66.21,8.326315789473684,38.98947368421052,14,58.88712241653418,401760422,2025,14
328,Utah State Aggies,4869.0,2563,74.91,6.092307692307692,39.43076923076923,14,52.63914561511604,401760422,2025,14
194,Ohio State Buckeyes,5512.0,4311,75.51,11.616438356164384,59.054794520547944,9,78.21117561683599,401752921,2025,14
130,Michigan Wolverines,3005.0,1259,73.29,6.487804878048781,30.70731707317073,9,41.89683860232945,401752921,2025,14
277,West Virginia Mountaineers,3994.0,986,73.96,4.962962962962963,18.25925925925926,12,24.68703054581873,401756968,2025,14
2641,Texas Tech Red Raiders,6450.0,4882,70.88,8.758241758241759,53.64835164835165,13,75.68992248062015,401756968,2025,14
264,Washington Huskies,4657.0,2583,73.92,7.7936507936507935,41.0,11,55.46489156109083,401752917,2025,14
2483,Oregon Ducks,4875.0,3403,71.69,9.397058823529411,50.044117647058826,10,69.8051282051282,401752917,2025,14
201,Oklahoma Sooners,4851.0,2032,72.4,5.970149253731344,30.328358208955223,14,41.88827045969903,401752789,2025,14
99,LSU Tigers,3655.0,994,66.45,4.581818181818182,18.072727272727274,15,27.19562243502052,401752789,2025,14
87,Notre Dame Fighting Irish,4772.0,4000,64.49,8.243243243243244,54.054054054054056,11,83.82229673093043,401754614,2025,14
24,Stanford Cardinal,5590.0,3344,81.01,9.521739130434783,48.46376811594203,11,59.8211091234347,401754614,2025,14
333,Alabama Crimson Tide,4834.0,3036,68.08,8.80281690140845,42.76056338028169,12,62.80513032685147,401752784,2025,14
2,Auburn Tigers,5447.0,3112,72.63,7.933333333333334,41.49333333333333,13,57.132366440242336,401752784,2025,14
252,BYU Cougars,3977.0,3074,62.14,7.671875,48.03125,10,77.29444304752326,401756963,2025,14
2116,UCF Knights,4265.0,2454,72.29,7.067796610169491,41.59322033898305,11,57.53810082063306,401756963,2025,14
221,Pittsburgh Panthers,4318.0,1825,79.96,7.388888888888889,33.7962962962963,10,42.26493747105141,401754611,2025,14
2390,Miami Hurricanes,4678.0,3806,66.83,8.2,54.371428571428574,10,81.35955536554083,401754611,2025,14
238,Vanderbilt Commodores,4716.0,3860,70.39,7.388059701492537,57.61194029850746,11,81.8490245971162,401752791,2025,14
2633,Tennessee Volunteers,5081.0,3380,69.6,9.383561643835616,46.3013698630137,10,66.52233812241684,401752791,2025,14
30,USC Trojans,3927.0,3260,74.09,8.81132075471698,61.509433962264154,8,83.01502419149477,401752919,2025,14
26,UCLA Bruins,4787.0,2999,74.8,10.0,46.859375,8,62.64884060998538,401752919,2025,14
259,Virginia Tech Hokies,3673.0,1284,78.15,5.76595744680851,27.319148936170212,11,34.95780016335421,401754613,2025,14
258,Virginia Cavaliers,5293.0,3497,65.35,8.679012345679013,43.17283950617284,12,66.06839221613451,401754613,2025,14
25,California Golden Bears,5608.0,4129,74.77,9.12,55.053333333333335,10,73.62696148359487,401754609,2025,14
2567,SMU Mustangs,5013.0,3342,74.82,7.164179104477612,49.88059701492537,11,66.66666666666667,401754609,2025,14
2655,Tulane Green Wave,5545.0,3596,74.93,7.418918918918919,48.5945945945946,13,64.8512173128945,401762518,2025,14
2429,Charlotte 49ers,3494.0,677,71.31,4.612244897959184,13.816326530612244,13,19.376073268460217,401762518,2025,14
97,Louisville Cardinals,4805.0,3697,66.74,8.680555555555555,51.34722222222222,12,76.94068678459938,401752787,2025,14
96,Kentucky Wildcats,4275.0,936,82.21,5.25,18.0,12,21.894736842105264,401752787,2025,14
228,Clemson Tigers,5730.0,3488,72.53,8.291139240506329,44.151898734177216,12,60.87260034904014,401752790,2025,14
2579,South Carolina Gamecocks,5011.0,2496,82.15,7.098360655737705,40.91803278688525,13,49.81041708241868,401752790,2025,14
248,Houston Cougars,5938.0,4292,76.13,9.448717948717949,55.02564102564103,11,72.28022903334455,401756962,2025,14
239,Baylor Bears,4782.0,3288,66.42,8.097222222222221,45.666666666666664,11,68.75784190715181,401756962,2025,14
38,Colorado Buffaloes,5307.0,3409,73.71,9.027777777777779,47.34722222222222,9,64.23591482947052,401756965,2025,14
2306,Kansas State Wildcats,4277.0,2966,72.49,9.457627118644067,50.271186440677965,10,69.34767360299276,401756965,2025,14
197,Oklahoma State Cowboys,4109.0,1771,70.84,7.103448275862069,30.53448275862069,12,43.100511073253834,401756966,2025,14
66,Iowa State Cyclones,4639.0,1831,69.24,7.17910447761194,27.328358208955223,12,39.46971330028023,401756966,2025,14
151,East Carolina Pirates,6080.0,4428,72.38,10.214285714285714,52.714285714285715,11,72.82894736842105,401762519,2025,14
2226,Florida Atlantic Owls,4972.0,2547,69.06,7.875,35.375,12,51.226870474658085,401762519,2025,14
2117,Central Michigan Chippewas,5254.0,3142,79.61,7.803030303030303,47.60606060606061,11,59.80205557670347,401762872,2025,14
2649,Toledo Rockets,4332.0,2349,71.02,6.590163934426229,38.50819672131148,11,54.22437673130194,401762872,2025,14
2050,Ball State Cardinals,4310.0,2038,73.05,6.491525423728813,34.54237288135593,13,47.28538283062645,401762875,2025,14
193,Miami (OH) RedHawks,4309.0,2756,68.4,7.253968253968254,43.74603174603175,11,63.959155256440006,401762875,2025,14
48,Delaware Blue Hens,4578.0,3080,63.58,6.402777777777778,42.77777777777778,14,67.2782874617737,401757310,2025,14
2638,UTEP Miners,5154.0,1895,66.94,5.584415584415584,24.61038961038961,17,36.767559177337986,401757310,2025,14
2534,Sam Houston Bearkats,5115.0,2197,72.04,5.943661971830986,30.943661971830984,16,42.95210166177908,401757311,2025,14
2229,Florida International Panthers,4088.0,2836,63.88,5.125,44.3125,15,69.37377690802349,401757311,2025,14
290,Georgia Southern Eagles,6667.0,5162,79.37,9.654761904761905,61.45238095238095,10,77.42612869356532,401761663,2025,14
276,Marshall Thundering Herd,3742.0,2660,73.37,7.235294117647059,52.15686274509804,9,71.08498129342597,401761663,2025,14
55,Jacksonville State Gamecocks,4543.0,3516,66.81,7.397058823529412,51.705882352941174,12,77.39379264802993,401757312,2025,14
98,Western Kentucky Hilltoppers,4384.0,2934,73.07,7.1,48.9,11,66.92518248175182,401757312,2025,14
2348,Louisiana Tech Bulldogs,4656.0,3359,76.33,9.049180327868852,55.0655737704918,10,72.143470790378,401757314,2025,14
2623,Missouri State Bears,4371.0,2679,75.36,8.60344827586207,46.189655172413794,10,61.29032258064516,401757314,2025,14
2247,Georgia State Panthers,5031.0,1817,75.09,6.507462686567164,27.119402985074625,13,36.11608030212681,401761664,2025,14
295,Old Dominion Monarchs,5307.0,3225,71.72,7.472972972972973,43.58108108108108,14,60.7687959299039,401761664,2025,14
2032,Arkansas State Red Wolves,5710.0,3346,70.49,7.493827160493828,41.30864197530864,14,58.59894921190893,401761661,2025,14
2026,App State Mountaineers,5439.0,3149,72.52,7.586666666666667,41.986666666666665,14,57.89667218238647,401761661,2025,14
103,Boston College Eagles,3609.0,2584,66.83,6.648148148148148,47.851851851851855,10,71.59878082571349,401754608,2025,14
183,Syracuse Orange,4468.0,2316,75.73,8.220338983050848,39.25423728813559,11,51.83527305282006,401754608,2025,14
2393,Middle Tennessee Blue Raiders,5230.0,2841,68.82,6.5,37.38157894736842,14,54.32122370936902,401757315,2025,14
166,New Mexico State Aggies,5541.0,3337,76.96,7.444444444444445,46.34722222222222,13,60.223786320158815,401757315,2025,14
309,Louisiana Ragin' Cajuns,5049.0,2580,74.25,7.6911764705882355,37.94117647058823,12,51.0992275698158,401761665,2025,14
2433,UL Monroe Warhawks,5391.0,3323,70.93,7.2368421052631575,43.723684210526315,13,61.6397699870154,401761665,2025,14
326,Texas State Bobcats,5144.0,4082,75.65,10.191176470588236,60.029411764705884,10,79.35458786936236,401761667,2025,14
6,South Alabama Jaguars,5287.0,2889,72.42,7.328767123287672,39.57534246575342,13,54.64346510308303,401761667,2025,14
202,Tulsa Golden Hurricane,4126.0,2763,64.47,7.03125,43.171875,11,66.96558410082405,401762517,2025,14
5,UAB Blazers,5050.0,3142,71.13,7.816901408450704,44.25352112676056,13,62.21782178217822,401762517,2025,14
8,Arkansas Razorbacks,3767.0,1900,68.49,8.0,34.54545454545455,9,50.4380143350146,401752783,2025,14
142,Missouri Tigers,4831.0,2374,76.68,8.126984126984127,37.682539682539684,10,49.14096460360174,401752783,2025,14
135,Minnesota Golden Gophers,3213.0,1348,60.62,7.2075471698113205,25.433962264150942,10,41.95455960161843,401752918,2025,14
275,Wisconsin Badgers,4350.0,1897,79.09,6.527272727272727,34.49090909090909,10,43.60919540229885,401752918,2025,14
164,Rutgers Scarlet Knights,4992.0,3775,78.0,7.125,58.984375,10,75.62099358974359,401752920,2025,14
213,Penn State Nittany Lions,3835.0,2764,73.75,6.576923076923077,53.15384615384615,10,72.07301173402868,401752920,2025,14
150,Duke Blue Devils,4753.0,3455,63.37,7.306666666666667,46.06666666666667,14,72.69093204292027,401754610,2025,14
154,Wake Forest Demon Deacons,5568.0,3831,74.24,7.413333333333333,51.08,13,68.80387931034483,401754610,2025,14
2132,Cincinnati Bearcats,4059.0,2475,78.06,6.134615384615385,47.59615384615385,10,60.97560975609756,401756967,2025,14
2628,TCU Horned Frogs,4607.0,3416,62.26,8.22972972972973,46.16216216216216,11,74.14803559800303,401756967,2025,14
338,Kennesaw State Owls,4616.0,3206,71.02,7.123076923076923,49.323076923076925,11,69.45407279029463,401757313,2025,14
2335,Liberty Flames,4777.0,2688,60.47,8.025316455696203,34.0253164556962,13,56.269625287837556,401757313,2025,14
2653,Troy Trojans,5475.0,3661,76.04,9.11111111111111,50.84722222222222,11,66.8675799086758,401761666,2025,14
2572,Southern Miss Golden Eagles,4568.0,2500,71.38,7.65625,39.0625,12,54.72854640980736,401761666,2025,14
349,Army Black Knights,4490.0,2931,76.1,10.457627118644067,49.67796610169491,9,65.27839643652561,401762441,2025,14
2636,UTSA Roadrunners,4144.0,2732,62.79,7.333333333333333,41.39393939393939,10,65.92664092664093,401762441,2025,14
324,Coastal Carolina Chanticleers,4348.0,1263,70.13,5.838709677419355,20.370967741935484,13,29.047838086476542,401761662,2025,14
256,James Madison Dukes,3968.0,2825,58.35,6.338235294117647,41.544117647058826,13,71.1945564516129,401761662,2025,14
57,Florida Gators,4277.0,3477,62.9,8.764705882352942,51.13235294117647,10,81.29530044423662,401752785,2025,14
52,Florida State Seminoles,4797.0,3073,73.8,6.984615384615385,47.276923076923076,11,64.06087137794455,401752785,2025,14
204,Oregon State Beavers,5497.0,1850,78.53,6.4714285714285715,26.428571428571427,13,33.65472075677642,401752946,2025,14
265,Washington State Cougars,3717.0,2390,59.95,6.806451612903226,38.54838709677419,12,64.29916599408125,401752946,2025,14
127,Michigan State Spartans,4801.0,3231,72.74,6.878787878787879,48.95454545454545,11,67.29847948344094,401752923,2025,14
120,Maryland Terrapins,5879.0,3885,77.36,7.723684210526316,51.11842105263158,12,66.08266712025855,401752923,2025,14
58,South Florida Bulls,5532.0,4983,72.79,9.421052631578947,65.5657894736842,10,90.0759219088937,401762520,2025,14
242,Rice Owls,4474.0,2057,77.14,7.4655172413793105,35.46551724137931,10,45.97675458202951,401762520,2025,14
77,Northwestern Wildcats,4842.0,2759,74.49,9.123076923076923,42.44615384615385,11,56.98058653448988,401752922,2025,14
356,Illinois Fighting Illini,3478.0,1899,68.2,6.235294117647059,37.23529411764706,10,54.60034502587694,401752922,2025,14
152,NC State Wolfpack,4893.0,4491,67.96,9.694444444444445,62.375,9,91.7841814837523,401754612,2025,14
153,North Carolina Tar Heels,4236.0,2930,71.8,9.186440677966102,49.66101694915254,8,69.16902738432483,401754612,2025,14
2440,Nevada Wolf Pack,4977.0,2757,74.28,8.194029850746269,41.149253731343286,11,55.39481615430982,401760425,2025,14
2439,UNLV Rebels,3813.0,2987,71.94,6.283018867924528,56.35849056603774,10,78.33726724364018,401760425,2025,14
278,Fresno State Bulldogs,4425.0,2083,60.62,6.287671232876712,28.534246575342465,15,47.07344632768361,401760423,2025,14
23,San José State Spartans,4286.0,1506,69.13,5.5,24.29032258064516,14,35.1376574895007,401760423,2025,14
2751,Wyoming Cowboys,4938.0,2094,75.97,6.861538461538461,32.215384615384615,11,42.40583232077764,401760424,2025,14
62,Hawai'i Rainbow Warriors,3939.0,2210,74.32,6.283018867924528,41.698113207547166,11,56.1056105610561,401760424,2025,14
249,North Texas Mean Green,5173.0,3616,76.07,9.176470588235293,53.1764705882353,9,69.90141117340035,401777324,2025,15
2655,Tulane Green Wave,5092.0,3651,71.72,10.816901408450704,51.42253521126761,9,71.700706991359,401777324,2025,15
2653,Troy Trojans,4568.0,1299,68.18,5.552238805970149,19.388059701492537,15,28.436952714535902,401777352,2025,15
256,James Madison Dukes,4562.0,1830,71.28,5.71875,28.59375,15,40.113985094256904,401777352,2025,15
55,Jacksonville State Gamecocks,4363.0,2771,69.25,8.238095238095237,43.98412698412698,10,63.51134540453816,401777325,2025,15
338,Kennesaw State Owls,5206.0,3736,77.7,9.686567164179104,55.76119402985075,9,71.76334998079139,401777325,2025,15
68,Boise State Broncos,4956.0,3079,72.88,7.161764705882353,45.279411764705884,12,62.12671509281679,401777326,2025,15
2439,UNLV Rebels,5309.0,2967,74.77,7.140845070422535,41.7887323943662,12,55.88623092861179,401777326,2025,15
194,Ohio State Buckeyes,4350.0,2850,77.68,8.839285714285714,50.892857142857146,9,65.51724137931035,401777353,2025,15
84,Indiana Hoosiers,4382.0,2596,76.88,8.403508771929825,45.54385964912281,9,59.242355089000455,401777353,2025,15
333,Alabama Crimson Tide,4415.0,1897,81.76,6.555555555555555,35.129629629629626,11,42.967157417893546,401777351,2025,15
61,Georgia Bulldogs,3952.0,1914,61.75,7.421875,29.90625,12,48.431174089068826,401777351,2025,15
252,BYU Cougars,4486.0,2073,76.03,7.898305084745763,35.13559322033898,13,46.21043245653143,401777327,2025,15
2641,Texas Tech Red Raiders,4358.0,2750,61.38,7.76056338028169,38.732394366197184,13,63.10234052317577,401777327,2025,15
258,Virginia Cavaliers,5241.0,3547,75.96,9.753623188405797,51.405797101449274,10,67.67792406029383,401777328,2025,15
150,Duke Blue Devils,4624.0,3175,68.0,9.279411764705882,46.69117647058823,10,68.66349480968859,401777328,2025,15
2711,Western Michigan Broncos,4563.0,2860,68.1,7.208955223880597,42.6865671641791,12,62.67806267806268,401777329,2025,15
193,Miami (OH) RedHawks,5404.0,2104,78.32,6.260869565217392,30.492753623188406,13,38.934122871946705,401777329,2025,15
2426,Navy Midshipmen,4487.0,2824,71.22,10.0,44.82539682539682,8,62.93737463784266,401762521,2025,16
349,Army Black Knights,2996.0,1981,68.09,9.386363636363637,45.02272727272727,8,66.1214953271028,401762521,2025,16
68,Boise State Broncos,5293.0,2844,74.55,7.887323943661972,40.056338028169016,13,53.73134328358209,401778302,2025,1
264,Washington Huskies,3882.0,2088,62.61,6.709677419354839,33.67741935483871,14,53.78670788253478,401778302,2025,1
2653,Troy Trojans,4192.0,1788,67.61,7.661290322580645,28.838709677419356,11,42.652671755725194,401778303,2025,1
55,Jacksonville State Gamecocks,4284.0,1844,65.91,6.876923076923077,28.369230769230768,12,43.04388422035481,401778303,2025,1
295,Old Dominion Monarchs,5522.0,3039,69.9,7.569620253164557,38.46835443037975,14,55.034407823252444,401778304,2025,1
58,South Florida Bulls,5044.0,2027,68.16,6.77027027027027,27.39189189189189,13,40.18636003172086,401778304,2025,1
48,Delaware Blue Hens,4107.0,2531,68.45,7.7,42.18333333333333,10,61.62649135622109,401778305,2025,1
309,Louisiana Ragin' Cajuns,5369.0,4040,69.73,10.714285714285714,52.467532467532465,10,75.2467871111939,401778305,2025,1
2032,Arkansas State Red Wolves,3277.0,1817,63.02,5.0576923076923075,34.94230769230769,12,55.44705523344523,401838053,2025,1
2623,Missouri State Bears,5530.0,2684,76.81,7.722222222222222,37.27777777777778,12,48.53526220614828,401838053,2025,1
2711,Western Michigan Broncos,4494.0,2709,73.67,7.491803278688525,44.40983606557377,11,60.2803738317757,401778306,2025,1
338,Kennesaw State Owls,5547.0,2373,79.24,6.085714285714285,33.9,14,42.77988101676582,401778306,2025,1
152,NC State Wolfpack,4072.0,2095,67.87,6.433333333333334,34.916666666666664,12,51.448919449901766,401778307,2025,1
235,Memphis Tigers,4904.0,2533,67.18,7.506849315068493,34.6986301369863,13,51.651712887438826,401778307,2025,1
265,Washington State Cougars,6446.0,4880,73.25,8.056818181818182,55.45454545454545,13,75.70586410176854,401778308,2025,1
328,Utah State Aggies,3381.0,1605,63.79,4.981132075471698,30.28301886792453,12,47.47116237799467,401778308,2025,1
97,Louisville Cardinals,4180.0,2286,70.85,6.186440677966102,38.74576271186441,12,54.688995215311,401778309,2025,1
2649,Toledo Rockets,5052.0,2888,73.22,8.028985507246377,41.85507246376812,12,57.16547901821061,401778309,2025,1
2572,Southern Miss Golden Eagles,6296.0,2575,73.21,7.313953488372093,29.941860465116278,15,40.898983481575605,401778310,2025,1
98,Western Kentucky Hilltoppers,4938.0,2521,65.84,6.4,33.61333333333334,15,51.0530579181855,401778310,2025,1
2439,UNLV Rebels,4570.0,2559,77.46,7.864406779661017,43.3728813559322,9,55.99562363238512,401778311,2025,1
195,Ohio Bobcats,4395.0,3211,78.48,9.232142857142858,57.339285714285715,10,73.06029579067122,401778311,2025,1
25,California Golden Bears,4920.0,3523,73.43,7.537313432835821,52.582089552238806,10,71.60569105691057,401778312,2025,1
62,Hawai'i Rainbow Warriors,4804.0,3501,66.72,9.277777777777779,48.625,9,72.8767693588676,401778312,2025,1
77,Northwestern Wildcats,3900.0,2307,63.93,7.032786885245901,37.81967213114754,11,59.15384615384615,401778313,2025,1
2117,Central Michigan Chippewas,4495.0,1628,74.92,6.25,27.133333333333333,13,36.21802002224694,401778313,2025,1
2229,Florida International Panthers,5858.0,2614,74.15,7.1265822784810124,33.08860759493671,13,44.62273813588256,401778315,2025,1
2636,UTSA Roadrunners,4075.0,2819,58.21,6.542857142857143,40.27142857142857,13,69.17791411042944,401778315,2025,1
252,BYU Cougars,4493.0,4054,72.47,9.306451612903226,65.38709677419355,8,90.2292454929891,401778319,2025,1
59,Georgia Tech Yellow Jackets,5624.0,3816,82.71,9.029411764705882,56.11764705882353,10,67.8520625889047,401778319,2025,1
142,Missouri Tigers,3906.0,1951,71.02,6.763636363636364,35.472727272727276,11,49.948796722990274,401778322,2025,1
258,Virginia Cavaliers,5370.0,3394,68.85,11.217948717948717,43.51282051282051,9,63.20297951582868,401778322,2025,1
248,Houston Cougars,6064.0,4994,76.76,9.582278481012658,63.21518987341772,10,82.35488126649076,401778323,2025,1
99,LSU Tigers,3290.0,1959,67.14,6.469387755102041,39.97959183673469,9,59.54407294832827,401778323,2025,1
249,North Texas Mean Green,6117.0,4780,61.79,7.7272727272727275,48.282828282828284,16,78.14288049697564,401778321,2025,1
21,San Diego State Aztecs,5779.0,4219,70.48,8.670731707317072,51.451219512195124,15,73.00571033050701,401778321,2025,1
221,Pittsburgh Panthers,6314.0,3509,78.93,8.7875,43.8625,12,55.57491289198606,401778316,2025,1
151,East Carolina Pirates,3116.0,925,52.81,6.016949152542373,15.677966101694915,13,29.685494223363285,401778316,2025,1
213,Penn State Nittany Lions,5242.0,2983,70.84,8.486486486486486,40.310810810810814,11,56.90576115986265,401778317,2025,1
228,Clemson Tigers,4763.0,2010,73.28,7.923076923076923,30.923076923076923,10,42.200293932395546,401778317,2025,1
349,Army Black Knights,4684.0,4188,72.06,9.953846153846154,64.43076923076923,8,89.41076003415884,401778318,2025,1
41,UConn Huskies,3318.0,1843,70.6,7.0212765957446805,39.212765957446805,9,55.545509342977695,401778318,2025,1
193,Miami (OH) RedHawks,3499.0,1396,72.9,6.041666666666667,29.083333333333332,10,39.897113460988855,401778320,2025,1
278,Fresno State Bulldogs,5018.0,3552,73.79,9.573529411764707,52.23529411764706,11,70.78517337584695,401778320,2025,1
2026,App State Mountaineers,4488.0,3025,72.39,8.17741935483871,48.79032258064516,9,67.40196078431373,401778324,2025,1
290,Georgia Southern Eagles,4971.0,3874,77.67,10.25,60.53125,10,77.93200563266949,401778324,2025,1
2628,TCU Horned Frogs,5192.0,3429,73.13,9.028169014084508,48.29577464788732,12,66.04391371340525,401778327,2025,1
30,USC Trojans,4054.0,2561,65.39,6.661290322580645,41.306451612903224,11,63.172175629008386,401778327,2025,1
2348,Louisiana Tech Bulldogs,4303.0,1256,65.2,5.045454545454546,19.03030303030303,17,29.188937950267256,401778325,2025,1
324,Coastal Carolina Chanticleers,5479.0,2313,74.04,5.243243243243243,31.256756756756758,18,42.21573279795583,401778325,2025,1
2633,Tennessee Volunteers,4051.0,3142,73.65,10.181818181818182,57.127272727272725,8,77.56109602567267,401778326,2025,1
356,Illinois Fighting Illini,5307.0,4135,74.75,9.985915492957746,58.23943661971831,8,77.91596005276051,401778326,2025,1
130,Michigan Wolverines,5162.0,2848,62.95,8.390243902439025,34.73170731707317,13,55.172413793103445,401778330,2025,1
251,Texas Longhorns,4758.0,3444,72.09,7.803030303030303,52.18181818181818,11,72.38335435056746,401778330,2025,1
2294,Iowa Hawkeyes,3940.0,2479,69.12,7.0701754385964914,43.49122807017544,12,62.91878172588832,401778328,2025,1
238,Vanderbilt Commodores,4735.0,2449,78.92,7.2,40.81666666666667,11,51.721224920802534,401778328,2025,1
254,Utah Utes,5357.0,4418,70.49,8.039473684210526,58.13157894736842,11,82.47153257420197,401778331,2025,1
158,Nebraska Cornhuskers,5050.0,3104,77.69,7.861538461538461,47.753846153846155,12,61.46534653465346,401778331,2025,1
150,Duke Blue Devils,5879.0,3488,69.16,7.1647058823529415,41.03529411764706,15,59.329817996257866,401778329,2025,1
9,Arizona State Sun Devils,5065.0,4030,64.11,6.2784810126582276,51.0126582278481,14,79.56564659427443,401778329,2025,1
2567,SMU Mustangs,4966.0,3577,78.83,9.412698412698413,56.77777777777778,10,72.02980265807491,401831583,2025,1
12,Arizona Wildcats,5993.0,4223,74.91,9.1625,52.7875,11,70.46554313365593,401831583,2025,1
242,Rice Owls,4535.0,1838,69.77,6.938461538461539,28.276923076923076,13,40.529217199558985,401778332,2025,1
326,Texas State Bobcats,4428.0,2712,69.19,7.125,42.375,14,61.24661246612466,401778332,2025,1
2132,Cincinnati Bearcats,4130.0,2121,72.46,8.333333333333334,37.21052631578947,12,51.355932203389834,401778333,2025,1
2426,Navy Midshipmen,4588.0,3146,69.52,8.393939393939394,47.666666666666664,11,68.57018308631211,401778333,2025,1
154,Wake Forest Demon Deacons,4858.0,3142,72.51,7.432835820895522,46.8955223880597,12,64.67682173734048,401778334,2025,1
344,Mississippi State Bulldogs,4806.0,2763,69.65,6.304347826086956,40.04347826086956,14,57.49063670411985,401778334,2025,1
201,Oklahoma Sooners,5127.0,2617,68.36,6.44,34.89333333333333,14,51.04349522137702,401779840,2025,1
333,Alabama Crimson Tide,3483.0,1566,66.98,5.461538461538462,30.115384615384617,12,44.96124031007752,401779840,2025,1
2483,Oregon Ducks,3241.0,2344,64.82,5.34,46.88,11,72.32335698858377,401779843,2025,1
256,James Madison Dukes,6266.0,4168,74.6,8.416666666666666,49.61904761904762,13,66.51771465049474,401779843,2025,1
145,Ole Miss Rebels,4456.0,3112,67.52,6.681818181818182,47.15151515151515,12,69.83842010771993,401779842,2025,1
2655,Tulane Green Wave,5431.0,2683,76.49,6.915492957746479,37.7887323943662,12,49.401583502117475,401779842,2025,1
2390,Miami Hurricanes,3235.0,1546,67.4,5.416666666666667,32.208333333333336,11,47.789799072642964,401779841,2025,1
245,Texas A&M Aggies,5626.0,2863,75.01,8.986666666666666,38.17333333333333,11,50.888730892285814,401779841,2025,1
194,Ohio State Buckeyes,4830.0,2756,81.86,8.033898305084746,46.71186440677966,10,57.060041407867494,401769070,2025,1
2390,Miami Hurricanes,4451.0,2796,72.97,8.836065573770492,45.83606557377049,8,62.817344416984945,401769070,2025,1
333,Alabama Crimson Tide,3672.0,1562,74.94,7.448979591836735,31.877551020408163,8,42.53812636165577,401769072,2025,1
84,Indiana Hoosiers,4582.0,3664,72.73,9.682539682539682,58.15873015873016,9,79.96508075076386,401769072,2025,1
145,Ole Miss Rebels,5568.0,3340,75.24,6.6891891891891895,45.13513513513514,14,59.985632183908045,401769073,2025,1
61,Georgia Bulldogs,5005.0,3276,71.5,8.014285714285714,46.8,12,65.45454545454545,401769073,2025,1
2641,Texas Tech Red Raiders,4911.0,1606,79.21,6.854838709677419,25.903225806451612,13,32.70209733251883,401769071,2025,1
2483,Oregon Ducks,4844.0,2858,59.8,9.049382716049383,35.28395061728395,13,59.00082576383154,401769071,2025,1
145,Ole Miss Rebels,4711.0,2969,78.52,7.75,49.483333333333334,11,63.02271279983019,401769075,2025,1
2390,Miami Hurricanes,6355.0,4583,72.22,11.045454545454545,52.07954545454545,11,72.1164437450826,401769075,2025,1
2483,Oregon Ducks,5157.0,3216,78.14,8.787878787878787,48.72727272727273,12,62.361838278068646,401769074,2025,1
84,Indiana Hoosiers,3603.0,2670,61.07,7.305084745762712,45.25423728813559,10,74.10491257285595,401769074,2025,1
84,Indiana Hoosiers,5549.0,3492,78.15,9.56338028169014,49.183098591549296,11,62.93025770409083,401769076,2025,1
2390,Miami Hurricanes,4194.0,2298,79.13,6.339622641509434,43.35849056603774,11,54.79256080114449,401769076,2025,1
