pos_team_id,pos_team,drive_total_available_yards,drive_total_gained_yards,avg_field_position,plays_per_drive,yards_per_drive,drives,drive_total_gained_yards_rate,game_id,season,week
23,San José State Spartans,2735.0,2992,42.73,6.328125,46.75,12,109.39670932358318,401523986,2023,1
30,USC Trojans,4164.0,1177,62.15,5.104477611940299,17.567164179104477,10,28.266090297790587,401523986,2023,1
87,Notre Dame Fighting Irish,3956.0,3455,69.4,8.175438596491228,60.6140350877193,8,87.33569261880687,401525434,2023,1
2426,Navy Midshipmen,4114.0,1920,76.19,10.314814814814815,35.55555555555556,7,46.66990763247448,401525434,2023,1
2638,UTEP Miners,5549.0,3095,79.27,7.728571428571429,44.214285714285715,11,55.77581546224545,401520145,2023,1
55,Jacksonville State Gamecocks,4401.0,2476,70.98,8.435483870967742,39.935483870967744,10,56.25994092251761,401520145,2023,1
113,Massachusetts Minutemen,3887.0,2387,71.98,6.888888888888889,44.2037037037037,11,61.40982763056341,401525450,2023,1
166,New Mexico State Aggies,4777.0,3020,73.49,6.661538461538462,46.46153846153846,13,63.219593887377016,401525450,2023,1
21,San Diego State Aztecs,4143.0,2555,71.43,7.568965517241379,44.05172413793103,10,61.670287231474774,401532392,2023,1
195,Ohio Bobcats,6206.0,4538,73.88,12.202380952380953,54.023809523809526,10,73.12278440219143,401532392,2023,1
2348,Louisiana Tech Bulldogs,5698.0,3251,72.13,8.531645569620252,41.151898734177216,12,57.05510705510706,401520146,2023,1
2229,Florida International Panthers,3116.0,875,72.47,4.372093023255814,20.348837209302324,12,28.080872913992298,401520146,2023,1
62,Hawai'i Rainbow Warriors,2713.0,2338,45.98,5.1525423728813555,39.6271186440678,11,86.17766310357538,401520147,2023,1
238,Vanderbilt Commodores,2426.0,2521,45.77,5.377358490566038,47.56603773584906,10,103.9159109645507,401520147,2023,1
57,Florida Gators,4961.0,2738,77.52,7.59375,42.78125,11,55.19048578915541,401520176,2023,1
254,Utah Utes,3608.0,1543,69.38,5.961538461538462,29.673076923076923,12,42.76607538802661,401520176,2023,1
154,Wake Forest Demon Deacons,4145.0,2562,63.77,6.6923076923076925,39.41538461538462,13,61.80940892641737,401525461,2023,1
2210,Elon Phoenix,5029.0,2537,78.58,9.046875,39.640625,12,50.4474050507059,401525461,2023,1
2116,UCF Knights,5596.0,4857,71.74,7.897435897435898,62.26923076923077,12,86.79413867047892,401525816,2023,1
2309,Kent State Golden Flashes,5050.0,1870,74.26,7.102941176470588,27.5,12,37.02970297029703,401525816,2023,1
227,Rhode Island Rams,5181.0,3843,71.96,8.847222222222221,53.375,11,74.17486971627099,401531834,2023,1
2247,Georgia State Panthers,4040.0,2653,73.45,6.909090909090909,48.236363636363635,11,65.66831683168317,401531834,2023,1
2711,Western Michigan Broncos,6771.0,5144,75.23,10.6,57.15555555555556,10,75.97105302023334,401532393,2023,1
2598,St. Francis (PA) Red Flash,3660.0,1921,79.57,6.108695652173913,41.76086956521739,10,52.486338797814206,401532393,2023,1
41,UConn Huskies,3891.0,1779,73.42,7.6415094339622645,33.56603773584906,9,45.720894371626834,401520174,2023,1
152,NC State Wolfpack,5439.0,3379,76.61,8.774647887323944,47.59154929577465,10,62.12539069681927,401520174,2023,1
135,Minnesota Golden Gophers,4913.0,2533,74.44,9.287878787878787,38.378787878787875,9,51.55709342560554,401520148,2023,1
158,Nebraska Cornhuskers,4191.0,2332,74.84,8.071428571428571,41.642857142857146,9,55.643044619422575,401520148,2023,1
142,Missouri Tigers,4340.0,3369,67.81,7.953125,52.640625,10,77.62672811059907,401520165,2023,1
233,South Dakota Coyotes,4528.0,1604,75.47,9.216666666666667,26.733333333333334,11,35.42402826855124,401520165,2023,1
2029,Arkansas-Pine Bluff Golden Lions,5120.0,1654,74.2,5.927536231884058,23.971014492753625,13,32.3046875,401531337,2023,1
202,Tulsa Golden Hurricane,5030.0,3600,75.07,7.2835820895522385,53.73134328358209,12,71.57057654075547,401531337,2023,1
2448,North Carolina A&T Aggies,3513.0,1704,71.69,8.326530612244898,34.775510204081634,9,48.505550811272414,401531377,2023,1
5,UAB Blazers,5156.0,4670,72.62,10.788732394366198,65.77464788732394,8,90.57408844065166,401531377,2023,1
9,Arizona State Sun Devils,4696.0,2239,76.98,6.409836065573771,36.704918032786885,12,47.67887563884157,401523987,2023,1
253,Southern Utah Thunderbirds,3336.0,1341,70.98,5.914893617021277,28.53191489361702,10,40.197841726618705,401523987,2023,1
47,Howard Bison,4851.0,3109,67.38,8.166666666666666,43.18055555555556,11,64.08987837559266,401532394,2023,1
2199,Eastern Michigan Eagles,4009.0,2376,70.33,7.824561403508772,41.68421052631579,10,59.266650037415815,401532394,2023,1
2117,Central Michigan Chippewas,4513.0,1714,71.63,7.222222222222222,27.206349206349206,13,37.97917128296034,401520163,2023,1
127,Michigan State Spartans,4294.0,2214,69.26,5.290322580645161,35.70967741935484,13,51.56031672100605,401520163,2023,1
2390,Miami Hurricanes,5831.0,3244,97.18,8.1,54.06666666666667,11,55.63368204424627,401525463,2023,1
193,Miami (OH) RedHawks,0.0,1416,0.0,5.795918367346939,28.897959183673468,10,,401525463,2023,1
2305,Kansas Jayhawks,4231.0,3420,66.11,6.984375,53.4375,12,80.83195462065706,401525815,2023,1
2623,Missouri State Bears,3354.0,1511,69.88,6.083333333333333,31.479166666666668,11,45.050685748360166,401525815,2023,1
24,Stanford Cardinal,4570.0,3622,70.31,8.907692307692308,55.723076923076924,10,79.25601750547045,401523988,2023,1
62,Hawai'i Rainbow Warriors,4952.0,3016,73.91,8.805970149253731,45.014925373134325,11,60.90468497576737,401523988,2023,1
2630,UT Martin Skyhawks,4720.0,2047,76.13,6.806451612903226,33.016129032258064,13,43.36864406779661,401520154,2023,1
61,Georgia Bulldogs,5574.0,4143,79.63,7.6571428571428575,59.18571428571428,12,74.32723358449947,401520154,2023,1
151,East Carolina Pirates,4109.0,1844,74.71,7.945454545454545,33.527272727272724,9,44.877099050863954,401520162,2023,1
130,Michigan Wolverines,4680.0,3723,75.48,8.483870967741936,60.04838709677419,9,79.55128205128206,401520162,2023,1
84,Indiana Hoosiers,4411.0,1491,80.2,7.963636363636364,27.10909090909091,10,33.80185898889141,401520156,2023,1
194,Ohio State Buckeyes,4888.0,3589,72.96,9.17910447761194,53.56716417910448,10,73.42471358428806,401520156,2023,1
333,Alabama Crimson Tide,4199.0,2714,65.61,6.75,42.40625,13,64.63443677065968,401520149,2023,1
2393,Middle Tennessee Blue Raiders,3837.0,1598,62.9,6.590163934426229,26.19672131147541,12,41.647120145947355,401520149,2023,1
2440,Nevada Wolf Pack,5321.0,2103,76.01,6.928571428571429,30.042857142857144,14,39.52264611915054,401523996,2023,1
30,USC Trojans,3814.0,3004,71.96,5.415094339622642,56.679245283018865,12,78.76245411641321,401523996,2023,1
264,Washington Huskies,4199.0,2795,69.98,5.7,46.583333333333336,13,66.56346749226006,401523997,2023,1
68,Boise State Broncos,5820.0,3240,77.6,7.1866666666666665,43.2,14,55.670103092783506,401523997,2023,1
251,Texas Longhorns,3156.0,1778,68.61,10.043478260869565,38.65217391304348,11,56.337135614702156,401525824,2023,1
242,Rice Owls,2402.0,1285,72.79,8.757575757575758,38.93939393939394,7,53.497085761865115,401525824,2023,1
258,Virginia Cavaliers,4123.0,1567,65.44,5.761904761904762,24.873015873015873,14,38.00630608780015,401520179,2023,1
2633,Tennessee Volunteers,5853.0,4085,68.86,7.564705882352941,48.05882352941177,14,69.79326840936272,401520179,2023,1
87,Notre Dame Fighting Irish,4689.0,3989,74.43,7.222222222222222,63.317460317460316,10,85.07144380464918,401525435,2023,1
2634,Tennessee State Tigers,3841.0,1385,67.39,7.894736842105263,24.29824561403509,11,36.05831814631606,401525435,2023,1
2483,Oregon Ducks,4717.0,4267,66.44,6.464788732394366,60.098591549295776,13,90.46003815984736,401523992,2023,1
2502,Portland State Vikings,4264.0,1487,77.53,6.090909090909091,27.036363636363635,12,34.873358348968104,401523992,2023,1
2546,Southeast Missouri State Redhawks,4892.0,1312,77.65,6.555555555555555,20.825396825396826,12,26.819296811120196,401525821,2023,1
2306,Kansas State Wildcats,5259.0,4485,74.07,7.873239436619718,63.16901408450704,11,85.28237307472904,401525821,2023,1
2628,TCU Horned Frogs,5400.0,4154,69.23,8.512820512820513,53.256410256410255,12,76.92592592592592,401523994,2023,1
38,Colorado Buffaloes,6212.0,4396,76.69,8.481481481481481,54.27160493827161,13,70.76625885383129,401523994,2023,1
2084,Buffalo Bulls,4885.0,1782,70.8,6.144927536231884,25.82608695652174,14,36.47901740020471,401520180,2023,1
275,Wisconsin Badgers,4759.0,2777,69.99,6.147058823529412,40.838235294117645,14,58.35259508300063,401520180,2023,1
2032,Arkansas State Red Wolves,3684.0,1206,73.68,4.96,24.12,13,32.73615635179153,401525822,2023,1
201,Oklahoma Sooners,5841.0,5538,71.23,8.975609756097562,67.53658536585365,11,94.8125321006677,401525822,2023,1
153,North Carolina Tar Heels,4722.0,3317,69.44,8.705882352941176,48.779411764705884,10,70.24565861922915,401520167,2023,1
2579,South Carolina Gamecocks,4873.0,2533,69.61,7.042857142857143,36.18571428571428,12,51.98029961009645,401520167,2023,1
145,Ole Miss Rebels,4769.0,4415,65.33,7.904109589041096,60.47945205479452,12,92.5770601803313,401520168,2023,1
2382,Mercer Bears,4991.0,1197,76.78,7.538461538461538,18.415384615384614,12,23.983169705469845,401520168,2023,1
167,New Mexico Lobos,0.0,1941,0.0,7.083333333333333,32.35,11,,401520173,2023,1
245,Texas A&M Aggies,6300.0,2997,100.0,6.492063492063492,47.57142857142857,11,47.57142857142857,401520173,2023,1
2655,Tulane Green Wave,2855.0,1932,54.9,5.653846153846154,37.15384615384615,12,67.6707530647986,401531347,2023,1
6,South Alabama Jaguars,4315.0,2367,69.6,7.887096774193548,38.17741935483871,11,54.85515643105446,401531347,2023,1
328,Utah State Aggies,5586.0,2420,77.58,8.069444444444445,33.611111111111114,13,43.322592194772646,401520157,2023,1
2294,Iowa Hawkeyes,4441.0,2506,68.32,7.430769230769231,38.55384615384615,12,56.42873226750732,401520157,2023,1
2050,Ball State Cardinals,5176.0,3328,72.9,9.04225352112676,46.87323943661972,11,64.2967542503864,401520159,2023,1
96,Kentucky Wildcats,3697.0,2476,72.49,6.8431372549019605,48.549019607843135,9,66.97322153097106,401520159,2023,1
189,Bowling Green Falcons,4674.0,2284,76.62,7.19672131147541,37.442622950819676,12,48.8660676080445,401520160,2023,1
2335,Liberty Flames,4448.0,2755,67.39,6.9393939393939394,41.74242424242424,12,61.93794964028777,401520160,2023,1
278,Fresno State Bulldogs,5986.0,4541,75.77,9.632911392405063,57.48101265822785,12,75.86034079518878,401520170,2023,1
2509,Purdue Boilermakers,3967.0,2340,66.12,7.2,39.0,11,58.9866397781699,401520170,2023,1
2567,SMU Mustangs,5410.0,3708,69.36,9.371794871794872,47.53846153846154,12,68.53974121996303,401520172,2023,1
2348,Louisiana Tech Bulldogs,4294.0,1712,75.33,5.543859649122807,30.035087719298247,12,39.86958546809502,401520172,2023,1
2459,Northern Illinois Huskies,5504.0,2753,73.39,7.666666666666667,36.70666666666666,13,50.018168604651166,401525464,2023,1
103,Boston College Eagles,4160.0,1943,67.1,6.887096774193548,31.338709677419356,12,46.70673076923077,401525464,2023,1
195,Ohio Bobcats,3506.0,2235,61.51,7.12280701754386,39.21052631578947,10,63.74786081003993,401532395,2023,1
2341,Long Island University Sharks,3620.0,1497,67.04,6.962962962962963,27.72222222222222,11,41.353591160220994,401532395,2023,1
8,Arkansas Razorbacks,3715.0,2139,61.92,6.283333333333333,35.65,12,57.57738896366084,401520150,2023,1
2717,Western Carolina Catamounts,5288.0,2756,76.64,7.507246376811594,39.94202898550725,13,52.11800302571861,401520150,2023,1
2005,Air Force Falcons,3322.0,2778,60.4,6.345454545454546,50.50909090909091,9,83.62432269717038,401532570,2023,1
2523,Robert Morris Colonials,2718.0,675,55.47,6.816326530612245,13.775510204081632,10,24.834437086092716,401532570,2023,1
2193,East Tennessee State Buccaneers,4362.0,1140,77.89,4.625,20.357142857142858,14,26.13480055020633,401520158,2023,1
55,Jacksonville State Gamecocks,4568.0,2303,61.73,6.45945945945946,31.12162162162162,14,50.41593695271454,401520158,2023,1
66,Iowa State Cyclones,2940.0,1080,68.37,4.627906976744186,25.11627906976744,11,36.734693877551024,401525820,2023,1
2460,Northern Iowa Panthers,5328.0,2541,74.0,8.069444444444445,35.291666666666664,13,47.69144144144144,401525820,2023,1
2006,Akron Zips,4123.0,1644,72.33,6.087719298245614,28.842105263157894,12,39.87387824399709,401531387,2023,1
218,Temple Owls,5435.0,3398,73.45,7.756756756756757,45.91891891891892,13,62.52069917203312,401531387,2023,1
113,Massachusetts Minutemen,3852.0,1577,77.04,5.36,31.54,12,40.939771547248185,401520151,2023,1
2,Auburn Tigers,4270.0,3086,63.73,8.522388059701493,46.059701492537314,12,72.27166276346604,401520151,2023,1
119,Towson Tigers,4833.0,2345,74.35,9.015384615384615,36.07692307692308,11,48.520587626732876,401520161,2023,1
120,Maryland Terrapins,5807.0,4610,73.51,10.417721518987342,58.35443037974684,10,79.38694678835888,401520161,2023,1
98,Western Kentucky Hilltoppers,5537.0,3382,75.85,7.232876712328767,46.32876712328767,14,61.080007224128586,401520181,2023,1
58,South Florida Bulls,7192.0,4536,75.71,9.31578947368421,47.747368421052634,15,63.07007786429366,401520181,2023,1
221,Pittsburgh Panthers,5384.0,4624,71.79,9.866666666666667,61.653333333333336,10,85.88410104011886,401525465,2023,1
2747,Wofford Terriers,2586.0,423,73.89,4.114285714285714,12.085714285714285,10,16.357308584686773,401525465,2023,1
2198,Eastern Kentucky Colonels,4170.0,1801,73.16,6.56140350877193,31.596491228070175,13,43.189448441247,401525818,2023,1
2132,Cincinnati Bearcats,4836.0,4482,70.09,7.521739130434782,64.95652173913044,12,92.67990074441687,401525818,2023,1
2026,Appalachian State Mountaineers,4300.0,3039,65.15,8.43939393939394,46.04545454545455,12,70.67441860465117,401531835,2023,1
2241,Gardner-Webb Runnin' Bulldogs,5116.0,2907,70.08,8.945205479452055,39.821917808219176,13,56.82173573103987,401531835,2023,1
2545,SE Louisiana Lions,4202.0,1851,77.81,8.074074074074074,34.27777777777778,11,44.05045216563541,401520164,2023,1
344,Mississippi State Bulldogs,5007.0,3675,75.86,8.030303030303031,55.68181818181818,10,73.39724385859796,401520164,2023,1
25,California Golden Bears,5721.0,4110,60.86,7.691489361702128,43.723404255319146,15,71.84058730991086,401523991,2023,1
249,North Texas Mean Green,3655.0,962,70.29,3.8076923076923075,18.5,15,26.320109439124487,401523991,2023,1
2142,Colgate Raiders,4271.0,301,74.93,4.473684210526316,5.280701754385965,16,7.047529852493561,401525466,2023,1
183,Syracuse Orange,6102.0,4951,69.34,8.022727272727273,56.26136363636363,14,81.13733202228778,401525466,2023,1
2803,Bryant Bulldogs,4694.0,2734,75.71,7.870967741935484,44.096774193548384,10,58.24456753302088,401532572,2023,1
2439,UNLV Rebels,3290.0,1590,59.82,7.9818181818181815,28.90909090909091,13,48.328267477203646,401532572,2023,1
2429,Charlotte 49ers,4286.0,2587,68.03,7.555555555555555,41.06349206349206,12,60.35930937937471,401531402,2023,1
2569,South Carolina State Bulldogs,3518.0,1262,65.15,6.981481481481482,23.37037037037037,11,35.8726549175668,401531402,2023,1
2226,Florida Atlantic Owls,4317.0,2443,73.17,5.033898305084746,41.40677966101695,15,56.59022469307389,401531418,2023,1
2405,Monmouth Hawks,6044.0,2830,73.71,7.121951219512195,34.51219512195122,15,46.82329583057578,401531418,2023,1
290,Georgia Southern Eagles,4786.0,3666,67.41,8.873239436619718,51.63380281690141,11,76.59841203510238,401531836,2023,1
2643,The Citadel Bulldogs,3882.0,1473,76.12,5.784313725490196,28.88235294117647,11,37.94435857805255,401531836,2023,1
256,James Madison Dukes,3381.0,2475,52.02,5.969230769230769,38.07692307692308,13,73.20319432120674,401531837,2023,1
2083,Bucknell Bison,4602.0,1155,80.74,5.315789473684211,20.263157894736842,13,25.097783572359845,401531837,2023,1
276,Marshall Thundering Herd,4025.0,2268,68.22,5.932203389830509,38.440677966101696,12,56.34782608695652,401531838,2023,1
399,UAlbany Great Danes,5529.0,2742,76.79,8.305555555555555,38.083333333333336,12,49.593054801953336,401531838,2023,1
2229,Florida International Panthers,4051.0,2250,71.07,5.771929824561403,39.473684210526315,12,55.541841520612195,401520153,2023,1
311,Maine Black Bears,6204.0,3939,69.71,8.719101123595506,44.258426966292134,13,63.49129593810445,401520153,2023,1
2433,UL Monroe Warhawks,4098.0,1662,66.1,7.516129032258065,26.806451612903224,12,40.55636896046852,401520175,2023,1
349,Army Black Knights,4541.0,2168,74.44,7.081967213114754,35.540983606557376,12,47.74278793217353,401520175,2023,1
2010,Alabama A&M Bulldogs,5242.0,2275,78.24,9.626865671641792,33.95522388059702,12,43.399465852727964,401520178,2023,1
238,Vanderbilt Commodores,3534.0,2675,55.22,6.453125,41.796875,12,75.69326542161856,401520178,2023,1
36,Colorado State Rams,4900.0,2149,76.56,7.234375,33.578125,13,43.857142857142854,401523990,2023,1
265,Washington State Cougars,5761.0,4685,66.22,8.229885057471265,53.85057471264368,13,81.32268703350113,401523990,2023,1
326,Texas State Bobcats,4704.0,3633,71.27,8.212121212121213,55.04545454545455,11,77.23214285714286,401525817,2023,1
239,Baylor Bears,5124.0,3895,67.42,8.236842105263158,51.25,12,76.01483216237314,401525817,2023,1
248,Houston Cougars,4833.0,2443,70.04,7.304347826086956,35.405797101449274,12,50.5483136768053,401525819,2023,1
2636,UTSA Roadrunners,5933.0,3580,83.56,8.830985915492958,50.42253521126761,11,60.34046856564976,401525819,2023,1
197,Oklahoma State Cowboys,5831.0,3586,75.73,8.077922077922079,46.57142857142857,13,61.498885268393074,401525823,2023,1
2110,Central Arkansas Bears,4928.0,2616,78.22,7.0476190476190474,41.523809523809526,11,53.08441558441559,401525823,2023,1
2065,Bethune-Cookman Wildcats,3572.0,396,76.0,4.23404255319149,8.425531914893616,13,11.08622620380739,401531426,2023,1
235,Memphis Tigers,4574.0,2989,58.64,6.3076923076923075,38.32051282051282,15,65.34761696545694,401531426,2023,1
2016,Alcorn State Braves,3272.0,925,76.09,4.209302325581396,21.511627906976745,13,28.270171149144254,401531840,2023,1
2572,Southern Miss Golden Eagles,4224.0,3066,64.0,7.636363636363637,46.45454545454545,12,72.58522727272727,401531840,2023,1
2653,Troy Trojans,4270.0,2960,68.87,6.645161290322581,47.74193548387097,12,69.3208430913349,401531841,2023,1
2617,Stephen F. Austin Lumberjacks,3969.0,1849,69.63,6.771929824561403,32.43859649122807,12,46.58604182413706,401531841,2023,1
2649,Toledo Rockets,6351.0,4686,76.52,9.349397590361447,56.45783132530121,11,73.7836561171469,401520155,2023,1
356,Illinois Fighting Illini,4304.0,2997,71.73,8.3,49.95,9,69.63289962825279,401520155,2023,1
295,Old Dominion Monarchs,5337.0,2886,80.86,7.757575757575758,43.72727272727273,12,54.07532321528949,401525467,2023,1
259,Virginia Tech Hokies,3830.0,3002,53.94,7.52112676056338,42.28169014084507,12,78.38120104438643,401525467,2023,1
309,Louisiana Ragin' Cajuns,3937.0,2124,61.52,5.21875,33.1875,15,53.9497078994158,401531839,2023,1
2466,Northwestern State Demons,4546.0,902,67.85,4.970149253731344,13.462686567164178,16,19.841619005719313,401531839,2023,1
2641,Texas Tech Red Raiders,5335.0,3187,66.69,8.5125,39.8375,14,59.737582005623246,401525825,2023,1
2751,Wyoming Cowboys,5265.0,2992,69.28,8.06578947368421,39.36842105263158,14,56.8281101614435,401525825,2023,1
2710,Western Illinois Leathernecks,4095.0,2437,73.12,7.303571428571429,43.517857142857146,11,59.51159951159951,401520166,2023,1
166,New Mexico State Aggies,4260.0,3922,71.0,8.133333333333333,65.36666666666666,11,92.06572769953051,401520166,2023,1
2916,Incarnate Word Cardinals,4089.0,2982,74.35,9.927272727272728,54.21818181818182,8,72.92736610418196,401520177,2023,1
2638,UTEP Miners,4970.0,3868,84.24,9.101694915254237,65.55932203389831,9,77.82696177062374,401520177,2023,1
12,Arizona Wildcats,3604.0,2608,69.31,5.6923076923076925,50.15384615384615,10,72.36403995560488,401523989,2023,1
2464,Northern Arizona Lumberjacks,4878.0,2141,73.91,7.803030303030303,32.43939393939394,12,43.89093890938909,401523989,2023,1
2534,Sam Houston Bearkats,4448.0,948,79.43,4.910714285714286,16.928571428571427,14,21.31294964028777,401520152,2023,1
252,BYU Cougars,4411.0,1612,68.92,6.15625,25.1875,13,36.54500113352981,401520152,2023,1
324,Coastal Carolina Chanticleers,5952.0,3850,77.3,10.012987012987013,50.0,11,64.68413978494624,401523995,2023,1
26,UCLA Bruins,3866.0,2826,65.53,7.084745762711864,47.898305084745765,11,73.09881013967926,401523995,2023,1
304,Idaho State Bengals,5600.0,3611,72.73,8.03896103896104,46.896103896103895,14,64.48214285714286,401532571,2023,1
21,San Diego State Aztecs,3830.0,2076,60.79,6.412698412698413,32.95238095238095,14,54.20365535248042,401532571,2023,1
99,LSU Tigers,4976.0,3244,77.75,7.015625,50.6875,11,65.19292604501608,401520182,2023,1
52,Florida State Seminoles,5026.0,3707,77.32,7.2,57.03076923076923,12,73.75646637485077,401520182,2023,1
204,Oregon State Beavers,4357.0,3656,70.27,7.741935483870968,58.96774193548387,9,83.91094789993114,401532573,2023,1
23,San José State Spartans,4505.0,2380,71.51,7.380952380952381,37.77777777777778,10,52.83018867924528,401532573,2023,1
164,Rutgers Scarlet Knights,4723.0,3433,65.6,10.458333333333334,47.68055555555556,10,72.68685157738726,401520171,2023,1
77,Northwestern Wildcats,4662.0,1439,75.19,6.419354838709677,23.20967741935484,12,30.86658086658087,401520171,2023,1
228,Clemson Tigers,90.0,3097,1.08,7.63855421686747,37.31325301204819,13,3441.1111111111113,401525468,2023,1
150,Duke Blue Devils,4908.0,2286,79.16,6.983870967741935,36.87096774193548,12,46.577017114914426,401525468,2023,1
97,Louisville Cardinals,5430.0,4147,71.45,7.0394736842105265,54.56578947368421,14,76.3720073664825,401525469,2023,2
93,Murray State Racers,4060.0,842,75.19,5.222222222222222,15.592592592592593,13,20.738916256157637,401525469,2023,2
282,Indiana State Sycamores,3010.0,988,73.41,6.560975609756097,24.097560975609756,9,32.82392026578073,401520193,2023,2
84,Indiana Hoosiers,5726.0,4908,73.41,9.551282051282051,62.92307692307692,11,85.71428571428571,401520193,2023,2
356,Illinois Fighting Illini,3869.0,2314,74.4,6.346153846153846,44.5,10,59.80873610752133,401520195,2023,2
2305,Kansas Jayhawks,5537.0,4386,79.1,8.285714285714286,62.65714285714286,11,79.21256998374571,401520195,2023,2
61,Georgia Bulldogs,3766.0,2505,63.83,7.186440677966102,42.45762711864407,11,66.51619755708975,401520191,2023,2
2050,Ball State Cardinals,4833.0,2027,74.35,8.23076923076923,31.184615384615384,13,41.94082350506932,401520191,2023,2
2439,UNLV Rebels,4359.0,1761,76.47,6.333333333333333,30.894736842105264,11,40.39917412250516,401520202,2023,2
130,Michigan Wolverines,4307.0,3433,71.78,7.183333333333334,57.21666666666667,11,79.70745298351521,401520202,2023,2
333,Alabama Crimson Tide,4666.0,2313,75.26,6.774193548387097,37.306451612903224,12,49.57136733819117,401520183,2023,2
251,Texas Longhorns,5294.0,3428,71.54,8.64864864864865,46.32432432432432,12,64.75255005666793,401520183,2023,2
2572,Southern Miss Golden Eagles,5022.0,2263,81.0,7.161290322580645,36.5,12,45.06172839506173,401525493,2023,2
52,Florida State Seminoles,4586.0,3749,66.46,7.6521739130434785,54.333333333333336,12,81.74880069777583,401525493,2023,2
194,Ohio State Buckeyes,4603.0,3806,76.72,9.066666666666666,63.43333333333333,10,82.68520530089073,401520208,2023,2
2754,Youngstown State Penguins,4551.0,1988,79.84,7.842105263157895,34.87719298245614,10,43.68270709734124,401520208,2023,2
24,Stanford Cardinal,5054.0,2446,77.75,6.184615384615385,37.63076923076923,14,48.397309062129004,401524003,2023,2
30,USC Trojans,4934.0,3699,77.09,6.875,57.796875,12,74.96959870287799,401524003,2023,2
213,Penn State Nittany Lions,5677.0,4737,63.08,9.0,52.63333333333333,11,83.44195878104632,401520209,2023,2
48,Delaware Blue Hens,3112.0,774,77.8,5.35,19.35,11,24.87146529562982,401520209,2023,2
202,Tulsa Golden Hurricane,5369.0,3145,76.7,8.842857142857143,44.92857142857143,10,58.57701620413485,401524004,2023,2
264,Washington Huskies,4698.0,4380,75.77,7.548387096774194,70.64516129032258,9,93.23116219667943,401524004,2023,2
2046,Austin Peay Governors,5600.0,3007,75.68,8.635135135135135,40.63513513513514,12,53.69642857142857,401520213,2023,2
2633,Tennessee Volunteers,4135.0,2677,63.62,6.492307692307692,41.184615384615384,13,64.74002418379686,401520213,2023,2
152,NC State Wolfpack,5290.0,2533,67.82,6.346153846153846,32.47435897435897,16,47.882797731569,401525436,2023,2
87,Notre Dame Fighting Irish,4287.0,1878,70.28,5.459016393442623,30.78688524590164,16,43.80685794261721,401525436,2023,2
239,Baylor Bears,4292.0,2372,75.3,7.315789473684211,41.6140350877193,11,55.26561043802423,401523999,2023,2
254,Utah Utes,5186.0,2937,71.04,8.58904109589041,40.23287671232877,11,56.63324334747397,401523999,2023,2
2483,Oregon Ducks,5251.0,3737,70.96,9.68918918918919,50.5,11,71.16739668634546,401524002,2023,2
2641,Texas Tech Red Raiders,5002.0,3137,71.46,7.942857142857143,44.81428571428572,13,62.71491403438625,401524002,2023,2
99,LSU Tigers,5130.0,4962,63.33,8.08641975308642,61.25925925925926,11,96.72514619883042,401520199,2023,2
2755,Grambling Tigers,4716.0,2456,79.93,7.0508474576271185,41.6271186440678,11,52.07803223070399,401520199,2023,2
2306,Kansas State Wildcats,4075.0,2981,59.06,7.072463768115942,43.20289855072464,13,73.15337423312883,401525829,2023,2
2653,Troy Trojans,5094.0,2416,77.18,7.333333333333333,36.60606060606061,13,47.428347074990185,401525829,2023,2
302,UC Davis Aggies,4376.0,1401,74.17,5.711864406779661,23.74576271186441,13,32.015539305301644,401524000,2023,2
204,Oregon State Beavers,4271.0,3494,70.02,8.065573770491802,57.278688524590166,11,81.80753921798174,401524000,2023,2
2026,Appalachian State Mountaineers,6428.0,4687,80.35,11.1375,58.5875,10,72.9153702551338,401525495,2023,2
153,North Carolina Tar Heels,4930.0,3441,71.45,8.565217391304348,49.869565217391305,12,69.7971602434077,401525495,2023,2
2567,SMU Mustangs,4316.0,2584,83.0,10.75,49.69230769230769,9,59.87025023169601,401525830,2023,2
201,Oklahoma Sooners,2321.0,1698,74.87,8.903225806451612,54.774193548387096,9,73.15812149935373,401525830,2023,2
265,Washington State Cougars,4573.0,2203,70.35,7.092307692307692,33.89230769230769,12,48.1740651650995,401520217,2023,2
275,Wisconsin Badgers,4770.0,2416,69.13,6.913043478260869,35.01449275362319,12,50.64989517819706,401520217,2023,2
2655,Tulane Green Wave,6086.0,2751,74.22,7.7682926829268295,33.548780487804876,14,45.20210318764377,401520214,2023,2
145,Ole Miss Rebels,4244.0,1968,68.45,7.048387096774194,31.741935483870968,13,46.37134778510839,401520214,2023,2
150,Duke Blue Devils,4477.0,4184,69.95,9.765625,65.375,9,93.45543890998437,401525492,2023,2
322,Lafayette Leopards,3856.0,1882,75.61,7.784313725490196,36.90196078431372,9,48.80705394190871,401525492,2023,2
158,Nebraska Cornhuskers,4719.0,2008,76.11,6.064516129032258,32.38709677419355,13,42.55138800593346,401520188,2023,2
38,Colorado Buffaloes,4527.0,2968,62.01,7.52054794520548,40.657534246575345,13,65.56218246079081,401520188,2023,2
2390,Miami Hurricanes,5188.0,2465,96.07,5.481481481481482,45.648148148148145,12,47.51349267540478,401520201,2023,2
245,Texas A&M Aggies,63.0,3978,0.78,8.641975308641975,49.111111111111114,13,6314.285714285715,401520201,2023,2
2127,Charleston Southern Buccaneers,3128.0,601,71.09,4.840909090909091,13.659090909090908,13,19.213554987212277,401525491,2023,2
228,Clemson Tigers,6332.0,5372,73.63,8.395348837209303,62.46511627906977,13,84.83891345546431,401525491,2023,2
238,Vanderbilt Commodores,5125.0,2728,80.08,7.09375,42.625,11,53.229268292682924,401520216,2023,2
154,Wake Forest Demon Deacons,5531.0,4472,74.74,9.027027027027026,60.432432432432435,11,80.85337190381486,401520216,2023,2
2169,Delaware State Hornets,5553.0,2756,81.66,9.808823529411764,40.529411764705884,11,49.63083018188367,401520185,2023,2
349,Army Black Knights,3404.0,2891,58.69,7.741379310344827,49.8448275862069,12,84.9294947121034,401520185,2023,2
259,Virginia Tech Hokies,4501.0,1980,73.79,5.786885245901639,32.459016393442624,13,43.99022439457898,401520215,2023,2
2509,Purdue Boilermakers,5793.0,3283,75.23,7.9480519480519485,42.63636363636363,14,56.67184533057138,401520215,2023,2
103,Boston College Eagles,5152.0,4152,79.26,10.076923076923077,63.87692307692308,8,80.59006211180125,401525490,2023,2
107,Holy Cross Crusaders,4006.0,3072,74.19,9.185185185185185,56.888888888888886,8,76.68497254118822,401525490,2023,2
258,Virginia Cavaliers,4201.0,1652,71.2,5.338983050847458,28.0,14,39.32397048321828,401525498,2023,2
256,James Madison Dukes,4469.0,2830,69.83,6.046875,44.21875,13,63.32512866413068,401525498,2023,2
59,Georgia Tech Yellow Jackets,4167.0,3364,64.11,7.276923076923077,51.753846153846155,12,80.72954163666907,401525494,2023,2
2569,South Carolina State Bulldogs,4257.0,1973,72.15,6.491525423728813,33.440677966101696,11,46.34719285882077,401525494,2023,2
160,New Hampshire Wildcats,4857.0,3186,73.59,7.2727272727272725,48.27272727272727,13,65.59604694255714,401532396,2023,2
2117,Central Michigan Chippewas,4745.0,2830,69.78,6.985294117647059,41.61764705882353,13,59.64172813487882,401532396,2023,2
2197,Eastern Illinois Panthers,4774.0,3223,80.92,8.864406779661017,54.6271186440678,9,67.51152073732719,401532400,2023,2
189,Bowling Green Falcons,4646.0,3861,72.59,8.734375,60.328125,9,83.10374515712441,401532400,2023,2
96,Kentucky Wildcats,4233.0,2351,71.75,6.966101694915254,39.847457627118644,11,55.539806283959365,401520196,2023,2
2198,Eastern Kentucky Colonels,3975.0,2219,72.27,6.618181818181818,40.345454545454544,11,55.82389937106918,401520196,2023,2
252,BYU Cougars,3741.0,2452,71.94,5.730769230769231,47.15384615384615,12,65.54397219994654,401525828,2023,2
253,Southern Utah Thunderbirds,4378.0,2280,75.48,6.344827586206897,39.310344827586206,12,52.07857469164002,401525828,2023,2
2294,Iowa Hawkeyes,4006.0,1913,81.76,6.387755102040816,39.04081632653061,10,47.753369945082376,401520194,2023,2
66,Iowa State Cyclones,5470.0,2934,72.93,9.28,39.12,12,53.63802559414991,401520194,2023,2
127,Michigan State Spartans,3971.0,2870,66.18,6.3,47.833333333333336,12,72.27398640141023,401520203,2023,2
257,Richmond Spiders,3874.0,1520,71.74,6.962962962962963,28.14814814814815,11,39.235931853381516,401520203,2023,2
2638,UTEP Miners,4800.0,2239,73.85,7.1692307692307695,34.44615384615385,11,46.645833333333336,401520207,2023,2
77,Northwestern Wildcats,4383.0,2997,74.29,7.1525423728813555,50.79661016949152,12,68.37782340862422,401520207,2023,2
183,Syracuse Orange,1901.0,924,70.41,6.62962962962963,34.22222222222222,10,48.60599684376644,401525497,2023,2
2711,Western Michigan Broncos,2183.0,1243,68.22,7.40625,38.84375,8,56.93999083829592,401525497,2023,2
193,Miami (OH) RedHawks,246.0,1897,4.39,4.964285714285714,33.875,14,771.1382113821138,401526833,2023,2
113,Massachusetts Minutemen,5883.0,2536,91.92,8.34375,39.625,14,43.10725820159782,401526833,2023,2
326,Texas State Bobcats,4196.0,1723,72.34,6.948275862068965,29.70689655172414,11,41.06291706387035,401531395,2023,2
2636,UTSA Roadrunners,6361.0,3279,73.11,9.528735632183908,37.689655172413794,11,51.54849866373212,401531395,2023,2
2426,Navy Midshipmen,4228.0,2394,69.31,6.426229508196721,39.24590163934426,13,56.62251655629139,401531432,2023,2
2681,Wagner Seahawks,4615.0,1336,71.0,6.707692307692308,20.553846153846155,12,28.94907908992416,401531432,2023,2
2459,Northern Illinois Huskies,5392.0,3105,75.94,7.971830985915493,43.732394366197184,12,57.5853115727003,401532397,2023,2
79,Southern Illinois Salukis,3207.0,1115,71.27,4.7555555555555555,24.77777777777778,11,34.76769566573121,401532397,2023,2
2640,Texas Southern Tigers,4793.0,1782,79.88,6.833333333333333,29.7,12,37.17921969538911,401532398,2023,2
2649,Toledo Rockets,4546.0,4321,63.14,8.527777777777779,60.013888888888886,11,95.05059392872855,401532398,2023,2
8,Arkansas Razorbacks,5503.0,3612,80.93,9.397058823529411,53.11764705882353,9,65.63692531346538,401520184,2023,2
2309,Kent State Golden Flashes,4061.0,2158,73.84,8.054545454545455,39.236363636363635,9,53.13962078305836,401520184,2023,2
276,Marshall Thundering Herd,4571.0,2839,71.42,7.078125,44.359375,14,62.108947713848174,401531411,2023,2
151,East Carolina Pirates,4467.0,1775,65.69,6.970588235294118,26.102941176470587,14,39.73584060890978,401531411,2023,2
13,Cal Poly Mustangs,3645.0,1348,63.95,7.157894736842105,23.649122807017545,11,36.98216735253772,401532578,2023,2
23,San José State Spartans,4442.0,3650,68.34,8.046153846153846,56.15384615384615,11,82.17019360648356,401532578,2023,2
2751,Wyoming Cowboys,3665.0,1962,69.15,6.320754716981132,37.0188679245283,11,53.53342428376535,401532580,2023,2
2502,Portland State Vikings,5703.0,3557,72.19,10.063291139240507,45.0253164556962,11,62.37068209714185,401532580,2023,2
6,South Alabama Jaguars,4497.0,3290,73.72,8.459016393442623,53.9344262295082,10,73.15988436735601,401531844,2023,2
2545,SE Louisiana Lions,4723.0,3311,76.18,8.64516129032258,53.403225806451616,9,70.10374761803938,401531844,2023,2
166,New Mexico State Aggies,3775.0,2460,78.65,7.25,51.25,9,65.16556291390728,401520198,2023,2
2335,Liberty Flames,5338.0,4336,72.14,9.527027027027026,58.5945945945946,10,81.22892469089547,401520198,2023,2
2184,Duquesne Dukes,4250.0,1336,70.83,4.933333333333334,22.266666666666666,15,31.435294117647057,401525833,2023,2
277,West Virginia Mountaineers,5046.0,4049,63.08,7.125,50.6125,13,80.2417756638922,401525833,2023,2
5,UAB Blazers,5072.0,3639,72.46,7.4,51.98571428571429,12,71.7468454258675,401531378,2023,2
290,Georgia Southern Eagles,4429.0,3890,63.27,8.67142857142857,55.57142857142857,11,87.83020997967938,401531378,2023,2
195,Ohio Bobcats,5415.0,3236,75.21,8.277777777777779,44.94444444444444,12,59.75992613111727,401531419,2023,2
2226,Florida Atlantic Owls,3894.0,1032,67.14,6.137931034482759,17.79310344827586,12,26.50231124807396,401531419,2023,2
309,Louisiana Ragin' Cajuns,5756.0,4393,75.74,9.223684210526315,57.80263157894737,10,76.32036136205699,401531842,2023,2
295,Old Dominion Monarchs,3720.0,2735,70.19,7.188679245283019,51.60377358490566,9,73.52150537634408,401531842,2023,2
2415,Morgan State Bears,4451.0,2207,69.55,6.828125,34.484375,14,49.584363064479895,401532399,2023,2
2006,Akron Zips,2666.0,1337,62.0,8.116279069767442,31.093023255813954,9,50.15003750937734,401532399,2023,2
2229,Florida International Panthers,3256.0,2027,72.36,6.088888888888889,45.044444444444444,15,62.25429975429975,401520189,2023,2
249,North Texas Mean Green,3721.0,3104,61.0,7.245901639344262,50.885245901639344,16,83.4184359043268,401520189,2023,2
2132,Cincinnati Bearcats,5190.0,2721,77.46,8.194029850746269,40.61194029850746,12,52.42774566473989,401525496,2023,2
221,Pittsburgh Panthers,4087.0,2205,69.27,7.11864406779661,37.3728813559322,11,53.95155370687546,401525496,2023,2
324,Coastal Carolina Chanticleers,5497.0,3249,74.28,9.175675675675675,43.9054054054054,12,59.104966345279244,401520187,2023,2
55,Jacksonville State Gamecocks,5396.0,3079,73.92,7.739726027397261,42.178082191780824,11,57.06078576723499,401520187,2023,2
2247,Georgia State Panthers,4937.0,3011,70.53,7.685714285714286,43.01428571428571,13,60.988454527040716,401520192,2023,2
41,UConn Huskies,5139.0,2338,74.48,7.188405797101449,33.88405797101449,12,45.49523253551275,401520192,2023,2
2348,Louisiana Tech Bulldogs,3705.0,2092,62.8,6.271186440677966,35.45762711864407,15,56.4642375168691,401520197,2023,2
2466,Northwestern State Demons,5556.0,2005,72.16,6.194805194805195,26.038961038961038,16,36.087113030957525,401520197,2023,2
142,Missouri Tigers,4322.0,2670,70.85,8.59016393442623,43.77049180327869,10,61.77695511337344,401520206,2023,2
2393,Middle Tennessee Blue Raiders,4999.0,3266,76.91,9.661538461538461,50.246153846153845,10,65.33306661332267,401520206,2023,2
98,Western Kentucky Hilltoppers,4186.0,3396,68.62,7.327868852459017,55.67213114754098,10,81.12756808408982,401520218,2023,2
2277,Houston Christian Huskies,4322.0,3111,69.71,7.435483870967742,50.17741935483871,11,71.98056455344748,401520218,2023,2
2116,UCF Knights,4560.0,3386,82.91,8.4,61.56363636363636,9,74.25438596491227,401525827,2023,2
68,Boise State Broncos,4655.0,2629,80.26,8.10344827586207,45.327586206896555,8,56.47690655209452,401525827,2023,2
248,Houston Cougars,5976.0,3818,70.31,7.870588235294117,44.917647058823526,14,63.888888888888886,401525831,2023,2
242,Rice Owls,5634.0,4121,68.71,6.914634146341464,50.25609756097561,15,73.14518991835286,401525831,2023,2
50,Florida A&M Rattlers,5428.0,3374,77.54,7.942857142857143,48.2,13,62.159174649963155,401531422,2023,2
58,South Florida Bulls,5057.0,3195,63.21,6.8125,39.9375,14,63.179750840419224,401531422,2023,2
2032,Arkansas State Red Wolves,5416.0,2199,78.49,7.507246376811594,31.869565217391305,13,40.60192023633678,401531427,2023,2
235,Memphis Tigers,4832.0,3000,69.03,7.742857142857143,42.857142857142854,12,62.086092715231786,401531427,2023,2
2377,McNeese Cowboys,2933.0,626,73.32,5.45,15.65,10,21.343334469826118,401520190,2023,2
57,Florida Gators,5568.0,4791,76.27,8.643835616438356,65.63013698630137,10,86.04525862068965,401520190,2023,2
120,Maryland Terrapins,5130.0,3804,74.35,7.927536231884058,55.130434782608695,12,74.15204678362574,401520200,2023,2
2429,Charlotte 49ers,3920.0,1813,72.59,5.7407407407407405,33.574074074074076,10,46.25,401520200,2023,2
135,Minnesota Golden Gophers,5209.0,4699,72.35,10.652777777777779,65.26388888888889,8,90.2092532155884,401520204,2023,2
2199,Eastern Michigan Eagles,3123.0,1266,74.36,6.785714285714286,30.142857142857142,9,40.53794428434198,401520204,2023,2
12,Arizona Wildcats,5530.0,3786,79.0,9.6,54.08571428571429,12,68.4629294755877,401520205,2023,2
344,Mississippi State Bulldogs,3233.0,2042,62.17,7.1923076923076925,39.26923076923077,11,63.161150634085985,401520205,2023,2
164,Rutgers Scarlet Knights,4951.0,3127,68.76,7.0,43.43055555555556,13,63.1589577863058,401520210,2023,2
218,Temple Owls,5150.0,2669,78.03,8.196969696969697,40.43939393939394,12,51.8252427184466,401520210,2023,2
2579,South Carolina Gamecocks,5517.0,3721,72.59,7.302631578947368,48.96052631578947,13,67.44607576581475,401520212,2023,2
231,Furman Paladins,4639.0,2208,72.48,6.96875,34.5,13,47.5964647553352,401520212,2023,2
21,San Diego State Aztecs,5082.0,2215,73.65,6.913043478260869,32.10144927536232,13,43.58520267611177,401524001,2023,2
26,UCLA Bruins,4964.0,3248,75.21,6.5606060606060606,49.21212121212121,14,65.43110394842869,401524001,2023,2
2534,Sam Houston Bearkats,3225.0,615,73.3,7.045454545454546,13.977272727272727,9,19.069767441860463,401520211,2023,2
2005,Air Force Falcons,4138.0,2044,68.97,8.133333333333333,34.06666666666667,10,49.395843402609955,401520211,2023,2
2628,TCU Horned Frogs,1363.0,1089,52.42,6.153846153846154,41.88461538461539,11,79.89728539985326,401525832,2023,2
2447,Nicholls Colonels,2377.0,820,81.97,7.275862068965517,28.275862068965516,8,34.49726546066471,401525832,2023,2
2433,UL Monroe Warhawks,4464.0,2680,73.18,7.180327868852459,43.9344262295082,10,60.03584229390681,401531843,2023,2
2320,Lamar Cardinals,4777.0,2638,78.31,8.311475409836065,43.24590163934426,10,55.22294326983462,401531843,2023,2
2635,Tennessee Tech Golden Eagles,4961.0,2473,71.9,8.304347826086957,35.84057971014493,13,49.848820802257606,401532577,2023,2
167,New Mexico Lobos,3846.0,3215,72.57,6.9245283018867925,60.660377358490564,12,83.59334373374935,401532577,2023,2
328,Utah State Aggies,4590.0,3726,66.52,8.27536231884058,54.0,13,81.17647058823529,401532579,2023,2
304,Idaho State Bengals,6433.0,3984,78.45,8.048780487804878,48.58536585365854,15,61.93066998290067,401532579,2023,2
278,Fresno State Bulldogs,4438.0,2135,61.64,6.083333333333333,29.65277777777778,15,48.10725552050473,401532574,2023,2
331,Eastern Washington Eagles,5966.0,4001,73.65,9.938271604938272,49.39506172839506,15,67.063359034529,401532574,2023,2
2,Auburn Tigers,3567.0,1219,69.94,5.294117647058823,23.901960784313726,13,34.174376226520884,401520186,2023,2
25,California Golden Bears,4825.0,2030,62.66,7.922077922077922,26.363636363636363,13,42.07253886010363,401520186,2023,2
9,Arizona State Sun Devils,4692.0,2058,75.68,6.870967741935484,33.193548387096776,11,43.8618925831202,401523998,2023,2
197,Oklahoma State Cowboys,3568.0,1887,59.47,6.4,31.45,11,52.88677130044843,401523998,2023,2
62,Hawai'i Rainbow Warriors,5132.0,2618,70.3,6.2465753424657535,35.863013698630134,15,51.01325019485581,401532575,2023,2
399,UAlbany Great Danes,4467.0,1459,67.68,5.954545454545454,22.106060606060606,14,32.66174166107007,401532575,2023,2
2065,Bethune-Cookman Wildcats,3488.0,1154,75.83,6.456521739130435,25.08695652173913,10,33.0848623853211,401525499,2023,3
2390,Miami Hurricanes,4923.0,4528,69.34,8.28169014084507,63.774647887323944,11,91.97643713183018,401525499,2023,3
2426,Navy Midshipmen,4858.0,2381,71.44,6.6911764705882355,35.01470588235294,13,49.01193906957596,401531428,2023,3
235,Memphis Tigers,4498.0,2718,70.28,6.78125,42.46875,13,60.42685638061361,401531428,2023,3
120,Maryland Terrapins,4750.0,3617,77.87,8.01639344262295,59.295081967213115,10,76.14736842105263,401520231,2023,3
258,Virginia Cavaliers,5357.0,2884,79.96,8.402985074626866,43.04477611940298,12,53.83610229606123,401520231,2023,3
349,Army Black Knights,5523.0,4179,68.19,10.91358024691358,51.592592592592595,10,75.66539923954373,401531396,2023,3
2636,UTSA Roadrunners,3687.0,2304,75.24,6.591836734693878,47.02040816326531,10,62.489829129373476,401531396,2023,3
2005,Air Force Falcons,4499.0,3371,66.16,8.75,49.5735294117647,10,74.92776172482775,401532581,2023,3
328,Utah State Aggies,4189.0,2886,72.22,9.03448275862069,49.758620689655174,9,68.89472427787061,401532581,2023,3
2579,South Carolina Gamecocks,4626.0,1958,79.76,6.586206896551724,33.758620689655174,10,42.32598357111976,401520225,2023,3
61,Georgia Bulldogs,5595.0,4090,72.66,9.766233766233766,53.116883116883116,10,73.10098302055407,401520225,2023,3
130,Michigan Wolverines,2533.0,1405,58.91,4.651162790697675,32.674418604651166,11,55.46782471377813,401520232,2023,3
189,Bowling Green Falcons,3992.0,1602,72.58,7.163636363636364,29.12727272727273,12,40.13026052104208,401520232,2023,3
103,Boston College Eagles,5621.0,3894,74.95,9.306666666666667,51.92,11,69.27592954990216,401525500,2023,3
52,Florida State Seminoles,4224.0,2483,74.11,6.280701754385965,43.56140350877193,12,58.78314393939394,401525500,2023,3
251,Texas Longhorns,3863.0,2662,74.29,9.192307692307692,51.19230769230769,9,68.91017344033135,401525840,2023,3
2751,Wyoming Cowboys,5269.0,2697,79.83,8.878787878787879,40.86363636363637,11,51.18618333649649,401525840,2023,3
194,Ohio State Buckeyes,4101.0,2905,69.51,6.576271186440678,49.23728813559322,12,70.83638137039746,401520240,2023,3
98,Western Kentucky Hilltoppers,5279.0,1984,73.32,6.888888888888889,27.555555555555557,14,37.58287554461072,401520240,2023,3
213,Penn State Nittany Lions,4680.0,2387,61.58,6.657894736842105,31.407894736842106,15,51.004273504273506,401520226,2023,3
356,Illinois Fighting Illini,5188.0,2254,73.07,6.056338028169014,31.746478873239436,15,43.44641480339244,401520226,2023,3
127,Michigan State Spartans,4994.0,2174,81.87,6.852459016393443,35.63934426229508,12,43.53223868642371,401520233,2023,3
264,Washington Huskies,5128.0,3854,73.26,7.314285714285714,55.05714285714286,12,75.15600624024961,401520233,2023,3
2117,Central Michigan Chippewas,3684.0,2058,69.51,6.679245283018868,38.83018867924528,11,55.86319218241042,401525437,2023,3
87,Notre Dame Fighting Irish,4801.0,3376,75.02,7.15625,52.75,11,70.31868360758175,401525437,2023,3
58,South Florida Bulls,5664.0,2133,76.54,7.824324324324325,28.824324324324323,13,37.65889830508475,401520244,2023,3
333,Alabama Crimson Tide,4549.0,2114,69.98,6.323076923076923,32.52307692307692,12,46.471752033413935,401520244,2023,3
57,Florida Gators,4576.0,3001,69.33,9.136363636363637,45.46969696969697,10,65.5812937062937,401520224,2023,3
2633,Tennessee Volunteers,4538.0,2532,70.91,7.734375,39.5625,11,55.795504627589246,401520224,2023,3
2692,Weber State Wildcats,2973.0,675,70.79,4.904761904761905,16.071428571428573,11,22.70433905146317,401524012,2023,3
254,Utah Utes,5305.0,3733,72.67,8.383561643835616,51.136986301369866,10,70.36757775683317,401524012,2023,3
62,Hawai'i Rainbow Warriors,4743.0,2350,75.29,7.9523809523809526,37.301587301587304,11,49.546700400590346,401524008,2023,3
2483,Oregon Ducks,4397.0,3845,68.7,7.8125,60.078125,11,87.44598589947691,401524008,2023,3
99,LSU Tigers,5644.0,4145,74.26,8.93421052631579,54.53947368421053,11,73.44082211197733,401520235,2023,3
344,Mississippi State Bulldogs,3472.0,1510,69.44,6.28,30.2,10,43.49078341013825,401520235,2023,3
142,Missouri Tigers,4584.0,2181,72.76,6.015873015873016,34.61904761904762,13,47.57853403141361,401520236,2023,3
2306,Kansas State Wildcats,5054.0,3303,69.23,7.958904109589041,45.24657534246575,12,65.35417491096162,401520236,2023,3
21,San Diego State Aztecs,4521.0,2455,69.55,7.184615384615385,37.76923076923077,11,54.30214554302145,401524009,2023,3
204,Oregon State Beavers,4828.0,2632,79.15,6.868852459016393,43.14754098360656,12,54.51532725766363,401524009,2023,3
38,Colorado Buffaloes,4801.0,2762,66.68,6.375,38.361111111111114,16,57.52968131639242,401524007,2023,3
36,Colorado State Rams,6820.0,3303,78.39,7.632183908045977,37.96551724137931,15,48.43108504398827,401524007,2023,3
202,Tulsa Golden Hurricane,5475.0,2702,75.0,7.328767123287672,37.013698630136986,13,49.35159817351598,401525842,2023,3
201,Oklahoma Sooners,4311.0,3707,70.67,7.590163934426229,60.77049180327869,12,85.98932962189747,401525842,2023,3
153,North Carolina Tar Heels,6027.0,3982,78.27,7.974025974025974,51.714285714285715,12,66.06935457109672,401520239,2023,3
135,Minnesota Golden Gophers,4596.0,2239,75.34,6.508196721311475,36.704918032786885,11,48.71627502175805,401520239,2023,3
150,Duke Blue Devils,4418.0,3532,76.17,7.4655172413793105,60.89655172413793,10,79.9456767768221,401520223,2023,3
77,Northwestern Wildcats,5050.0,3157,73.19,10.18840579710145,45.7536231884058,9,62.51485148514851,401520223,2023,3
265,Washington State Cougars,5162.0,4792,73.74,7.414285714285715,68.45714285714286,11,92.83223556760946,401524013,2023,3
2458,Northern Colorado Bears,4803.0,2438,78.74,5.918032786885246,39.967213114754095,12,50.75994170310223,401524013,2023,3
26,UCLA Bruins,4084.0,3130,72.93,6.714285714285714,55.892857142857146,13,76.64054848188051,401524011,2023,3
2428,North Carolina Central Eagles,4654.0,1601,70.52,6.803030303030303,24.257575757575758,13,34.400515685431884,401524011,2023,3
2294,Iowa Hawkeyes,3650.0,2108,57.03,5.765625,32.9375,13,57.75342465753425,401520227,2023,3
2711,Western Michigan Broncos,4256.0,1194,78.81,5.296296296296297,22.11111111111111,14,28.054511278195488,401520227,2023,3
2084,Buffalo Bulls,6569.0,3752,77.28,7.4,44.141176470588235,16,57.11676054193941,401520222,2023,3
2335,Liberty Flames,4202.0,2604,61.79,5.632352941176471,38.294117647058826,16,61.970490242741555,401520222,2023,3
97,Louisville Cardinals,4630.0,2963,78.47,8.457627118644067,50.220338983050844,9,63.99568034557235,401520230,2023,3
84,Indiana Hoosiers,4903.0,2899,80.38,7.426229508196721,47.52459016393443,10,59.12706506220681,401520230,2023,3
290,Georgia Southern Eagles,5740.0,3036,73.59,7.538461538461538,38.92307692307692,13,52.89198606271777,401520249,2023,3
275,Wisconsin Badgers,4895.0,3117,70.94,6.536231884057971,45.17391304347826,13,63.677221654749744,401520249,2023,3
295,Old Dominion Monarchs,4595.0,1628,74.11,5.419354838709677,26.258064516129032,14,35.42981501632209,401525504,2023,3
154,Wake Forest Demon Deacons,5596.0,2864,68.24,6.463414634146342,34.926829268292686,16,51.17941386704789,401525504,2023,3
2341,Long Island University Sharks,3145.0,1053,73.14,6.348837209302325,24.488372093023255,9,33.48171701112877,401525834,2023,3
239,Baylor Bears,5738.0,4600,76.51,11.266666666666667,61.333333333333336,10,80.16730568142209,401525834,2023,3
195,Ohio Bobcats,5267.0,2644,79.8,8.363636363636363,40.06060606060606,10,50.199354471236,401525838,2023,3
66,Iowa State Cyclones,3680.0,1855,78.3,8.0,39.46808510638298,10,50.40760869565217,401525838,2023,3
2115,Central Connecticut Blue Devils,3553.0,1384,68.33,6.038461538461538,26.615384615384617,13,38.952997466929354,401532404,2023,3
2309,Kent State Golden Flashes,4861.0,3231,69.44,6.614285714285714,46.15714285714286,14,66.4678049783995,401532404,2023,3
155,North Dakota Fighting Hawks,4388.0,1733,69.65,6.555555555555555,27.50793650793651,13,39.49407474931632,401532582,2023,3
68,Boise State Broncos,4416.0,3319,65.91,7.82089552238806,49.53731343283582,13,75.15851449275362,401532582,2023,3
2678,VMI Keydets,3444.0,1291,76.53,5.311111111111111,28.68888888888889,10,37.48548199767712,401525502,2023,3
152,NC State Wolfpack,6187.0,5211,80.35,11.571428571428571,67.67532467532467,8,84.2249878778083,401525502,2023,3
113,Massachusetts Minutemen,6009.0,3156,81.2,7.297297297297297,42.648648648648646,13,52.52121817274089,401526834,2023,3
2199,Eastern Michigan Eagles,3432.0,1633,70.04,4.673469387755102,33.326530612244895,13,47.58158508158508,401526834,2023,3
218,Temple Owls,4355.0,3812,68.05,8.375,59.5625,9,87.53157290470723,401531388,2023,3
2450,Norfolk State Spartans,4531.0,2871,76.8,8.64406779661017,48.66101694915254,10,63.36349591701611,401531388,2023,3
2050,Ball State Cardinals,4570.0,3194,70.31,7.753846153846154,49.13846153846154,12,69.89059080962801,401532402,2023,3
282,Indiana State Sycamores,3880.0,1318,73.21,5.452830188679245,24.867924528301888,12,33.96907216494845,401532402,2023,3
164,Rutgers Scarlet Knights,3432.0,1636,68.64,4.64,32.72,13,47.66899766899767,401520243,2023,3
259,Virginia Tech Hokies,4932.0,2340,70.46,7.9714285714285715,33.42857142857143,12,47.44525547445255,401520243,2023,3
41,UConn Huskies,5240.0,2455,74.86,6.771428571428571,35.07142857142857,14,46.85114503816794,401520246,2023,3
2229,Florida International Panthers,3982.0,1679,69.86,5.245614035087719,29.45614035087719,13,42.16474133601206,401520246,2023,3
151,East Carolina Pirates,4119.0,1430,71.02,5.862068965517241,24.655172413793103,12,34.71716436028162,401531412,2023,3
2026,Appalachian State Mountaineers,3978.0,1580,56.83,5.3,22.571428571428573,16,39.71845148315737,401531412,2023,3
2433,UL Monroe Warhawks,1885.0,1530,39.27,6.5,31.875,11,81.16710875331565,401520245,2023,3
245,Texas A&M Aggies,6530.0,3993,89.45,7.767123287671233,54.6986301369863,11,61.14854517611026,401520245,2023,3
70,Idaho Vandals,5136.0,3272,73.37,8.185714285714285,46.74285714285714,11,63.70716510903427,401524006,2023,3
25,California Golden Bears,4832.0,2970,73.21,7.303030303030303,45.0,11,61.46523178807947,401524006,2023,3
2655,Tulane Green Wave,3376.0,2120,64.92,6.134615384615385,40.76923076923077,11,62.796208530805686,401531348,2023,3
2572,Southern Miss Golden Eagles,4622.0,1753,74.55,8.32258064516129,28.274193548387096,10,37.92730419731718,401531348,2023,3
2247,Georgia State Panthers,5273.0,3526,77.54,7.882352941176471,51.85294117647059,12,66.86895505404893,401531403,2023,3
2429,Charlotte 49ers,4498.0,2301,70.28,7.0,35.953125,11,51.15606936416185,401531403,2023,3
2116,UCF Knights,5935.0,4569,68.22,8.528735632183908,52.51724137931034,13,76.98399326032013,401525843,2023,3
222,Villanova Wildcats,3828.0,1585,73.62,5.961538461538462,30.48076923076923,13,41.40543364681296,401525843,2023,3
2535,Samford Bulldogs,4506.0,1465,73.87,6.147540983606557,24.016393442622952,13,32.51220594762539,401520221,2023,3
2,Auburn Tigers,4840.0,4182,62.86,9.025974025974026,54.311688311688314,11,86.40495867768595,401520221,2023,3
249,North Texas Mean Green,6428.0,5262,73.89,10.241379310344827,60.48275862068966,11,81.86060983198506,401520229,2023,3
2348,Louisiana Tech Bulldogs,4390.0,3062,71.97,8.311475409836065,50.19672131147541,12,69.749430523918,401520229,2023,3
2393,Middle Tennessee Blue Raiders,3977.0,2376,67.41,5.6440677966101696,40.271186440677965,13,59.74352527030425,401520234,2023,3
93,Murray State Racers,5450.0,3072,77.86,6.514285714285714,43.885714285714286,14,56.36697247706422,401520234,2023,3
2459,Northern Illinois Huskies,4155.0,1290,71.64,5.568965517241379,22.24137931034483,13,31.04693140794224,401520237,2023,3
158,Nebraska Cornhuskers,4821.0,2889,70.9,7.529411764705882,42.48529411764706,13,59.92532669570628,401520237,2023,3
2439,UNLV Rebels,5163.0,2598,68.84,7.426666666666667,34.64,15,50.31958163858222,401520247,2023,3
238,Vanderbilt Commodores,5092.0,2650,67.89,6.653333333333333,35.333333333333336,15,52.04241948153967,401520247,2023,3
2132,Cincinnati Bearcats,8223.0,4861,97.89,10.119047619047619,57.86904761904762,11,59.11467834123799,401525835,2023,3
193,Miami (OH) RedHawks,22.0,2273,0.48,7.391304347826087,49.41304347826087,10,10331.818181818182,401525835,2023,3
6,South Alabama Jaguars,4458.0,2337,73.08,7.229508196721311,38.31147540983606,13,52.42261103633916,401525839,2023,3
197,Oklahoma State Cowboys,5051.0,1994,81.47,8.741935483870968,32.16129032258065,11,39.47733122154029,401525839,2023,3
2641,Texas Tech Red Raiders,5240.0,3682,73.8,8.704225352112676,51.859154929577464,11,70.26717557251908,401525841,2023,3
2627,Tarleton State Texans,5870.0,2902,74.3,8.645569620253164,36.734177215189874,13,49.43781942078365,401525841,2023,3
309,Louisiana Ragin' Cajuns,4419.0,3122,70.14,6.746031746031746,49.55555555555556,13,70.64946820547635,401531379,2023,3
5,UAB Blazers,5137.0,2847,72.35,7.056338028169014,40.098591549295776,13,55.421452209460774,401531379,2023,3
2567,SMU Mustangs,3931.0,3437,65.52,7.183333333333334,57.28333333333333,11,87.43322309844824,401531438,2023,3
2504,Prairie View A&M Panthers,4244.0,1419,74.46,6.43859649122807,24.894736842105264,13,33.43543826578699,401531438,2023,3
242,Rice Owls,4559.0,3333,69.08,7.96969696969697,50.5,13,73.10813774950647,401531441,2023,3
2640,Texas Southern Tigers,3791.0,1342,77.37,5.204081632653061,27.387755102040817,13,35.39963070429966,401531441,2023,3
324,Coastal Carolina Chanticleers,3468.0,3273,65.43,7.7924528301886795,61.75471698113208,9,94.37716262975779,401531845,2023,3
2184,Duquesne Dukes,4514.0,2133,72.81,7.048387096774194,34.403225806451616,13,47.25299069561365,401531845,2023,3
2619,Stony Brook Seawolves,4467.0,2454,73.23,7.852459016393443,40.22950819672131,11,54.93619879113499,401531846,2023,3
2032,Arkansas State Red Wolves,5204.0,3507,75.42,7.536231884057971,50.82608695652174,11,67.39046887009992,401531846,2023,3
2653,Troy Trojans,4803.0,2090,75.05,6.078125,32.65625,13,43.51447012283989,401531848,2023,3
256,James Madison Dukes,4176.0,1840,67.35,6.370967741935484,29.677419354838708,13,44.06130268199234,401531848,2023,3
2649,Toledo Rockets,4600.0,3033,82.14,9.660714285714286,54.160714285714285,10,65.93478260869566,401532403,2023,3
23,San José State Spartans,4877.0,2395,70.68,9.347826086956522,34.710144927536234,12,49.108058232519994,401532403,2023,3
8,Arkansas Razorbacks,5151.0,2352,70.56,5.972602739726027,32.21917808219178,15,45.661036691904485,401520220,2023,3
252,BYU Cougars,3642.0,1714,65.04,5.839285714285714,30.607142857142858,15,47.062053816584296,401520220,2023,3
2006,Akron Zips,4653.0,2005,71.58,8.476923076923077,30.846153846153847,10,43.09047926069203,401520228,2023,3
96,Kentucky Wildcats,3460.0,2480,72.08,5.729166666666667,51.666666666666664,10,71.67630057803468,401520228,2023,3
2509,Purdue Boilermakers,5366.0,3903,69.69,8.675324675324676,50.688311688311686,11,72.7357435706299,401520242,2023,3
183,Syracuse Orange,5648.0,3836,76.32,7.04054054054054,51.83783783783784,12,67.91784702549575,401520242,2023,3
277,West Virginia Mountaineers,3914.0,2023,63.13,7.725806451612903,32.62903225806452,12,51.68625447112928,401525503,2023,3
221,Pittsburgh Panthers,4089.0,1605,73.02,7.196428571428571,28.660714285714285,11,39.251650770359504,401525503,2023,3
166,New Mexico State Aggies,3513.0,2532,79.84,8.0,57.54545454545455,8,72.07514944491888,401520238,2023,3
167,New Mexico Lobos,5593.0,4181,78.77,10.52112676056338,58.88732394366197,9,74.75415698194172,401520238,2023,3
228,Clemson Tigers,3957.0,2876,59.95,6.287878787878788,43.57575757575758,14,72.68132423553197,401525501,2023,3
2226,Florida Atlantic Owls,5869.0,2824,71.57,8.426829268292684,34.4390243902439,15,48.11722610325439,401525501,2023,3
248,Houston Cougars,3955.0,1881,64.84,6.344262295081967,30.83606557377049,12,47.560050568900124,401525836,2023,3
2628,TCU Horned Frogs,6599.0,4182,75.85,9.160919540229886,48.06896551724138,14,63.373238369449915,401525836,2023,3
326,Texas State Bobcats,4657.0,4359,71.65,6.953846153846154,67.06153846153846,13,93.60103070646339,401531847,2023,3
2296,Jackson State Tigers,5221.0,3468,71.52,7.876712328767123,47.50684931506849,12,66.4240566941199,401531847,2023,3
9,Arizona State Sun Devils,4739.0,1914,75.22,6.492063492063492,30.38095238095238,13,40.38826756699726,401524005,2023,3
278,Fresno State Bulldogs,5269.0,2748,65.86,8.6,34.35,13,52.154108939077624,401524005,2023,3
2305,Kansas Jayhawks,5211.0,3478,75.52,8.44927536231884,50.405797101449274,11,66.74342736518902,401525837,2023,3
2440,Nevada Wolf Pack,4400.0,2531,73.33,8.316666666666666,42.18333333333333,10,57.52272727272727,401525837,2023,3
12,Arizona Wildcats,4734.0,3330,76.35,6.258064516129032,53.70967741935484,12,70.34220532319392,401520219,2023,3
2638,UTEP Miners,4511.0,2026,77.78,6.241379310344827,34.93103448275862,11,44.91243626690313,401520219,2023,3
324,Coastal Carolina Chanticleers,4908.0,3253,74.36,8.651515151515152,49.28787878787879,9,66.27954360228199,401531849,2023,4
2247,Georgia State Panthers,4948.0,3317,70.69,9.014285714285714,47.385714285714286,10,67.03718674211802,401531849,2023,4
2509,Purdue Boilermakers,5331.0,3043,77.26,7.420289855072464,44.10144927536232,11,57.08122303507785,401520266,2023,4
275,Wisconsin Badgers,4350.0,3289,63.04,9.159420289855072,47.666666666666664,10,75.60919540229885,401520266,2023,4
152,NC State Wolfpack,4695.0,2023,71.14,5.9393939393939394,30.651515151515152,13,43.08839190628328,401525505,2023,4
258,Virginia Cavaliers,5241.0,2858,75.96,7.6521739130434785,41.42028985507246,12,54.531577943140626,401525505,2023,4
68,Boise State Broncos,4074.0,2756,66.79,7.19672131147541,45.18032786885246,11,67.6485027000491,401532583,2023,4
21,San Diego State Aztecs,4581.0,3017,73.89,6.661290322580645,48.66129032258065,12,65.85898275485702,401532583,2023,4
23,San José State Spartans,3929.0,2669,78.58,7.64,53.38,8,67.9307711885976,401532584,2023,4
2005,Air Force Falcons,4928.0,4562,67.51,11.424657534246576,62.49315068493151,8,92.57305194805195,401532584,2023,4
5,UAB Blazers,5470.0,2742,71.04,7.701298701298701,35.61038961038961,14,50.12797074954296,401520252,2023,4
61,Georgia Bulldogs,5495.0,4282,72.3,7.578947368421052,56.3421052631579,12,77.92538671519563,401520252,2023,4
130,Michigan Wolverines,4818.0,3862,78.98,10.065573770491802,63.31147540983606,7,80.15774180157742,401520260,2023,4
164,Rutgers Scarlet Knights,3391.0,1638,77.07,7.340909090909091,37.22727272727273,8,48.30433500442347,401520260,2023,4
251,Texas Longhorns,4367.0,3128,74.02,6.745762711864407,53.016949152542374,11,71.62811999084039,401525844,2023,4
239,Baylor Bears,6164.0,3289,73.38,7.583333333333333,39.154761904761905,14,53.35820895522388,401525844,2023,4
52,Florida State Seminoles,4348.0,2267,76.28,7.140350877192983,39.771929824561404,11,52.138914443422266,401525507,2023,4
228,Clemson Tigers,6001.0,3713,75.96,8.531645569620252,47.0,13,61.87302116313948,401525507,2023,4
9,Arizona State Sun Devils,5060.0,2873,72.29,8.728571428571428,41.042857142857144,12,56.77865612648221,401524014,2023,4
30,USC Trojans,4018.0,3029,70.49,7.087719298245614,53.14035087719298,12,75.38576406172226,401524014,2023,4
194,Ohio State Buckeyes,4589.0,3471,71.7,10.671875,54.234375,8,75.63739376770538,401521330,2023,4
87,Notre Dame Fighting Irish,5290.0,3779,83.97,10.206349206349206,59.98412698412698,8,71.4366729678639,401521330,2023,4
2294,Iowa Hawkeyes,2326.0,352,70.48,3.787878787878788,10.666666666666666,10,15.133276010318143,401520265,2023,4
213,Penn State Nittany Lions,6626.0,4307,69.02,10.84375,44.864583333333336,12,65.00150920615756,401520265,2023,4
264,Washington Huskies,4631.0,3306,74.69,6.306451612903226,53.32258064516129,11,71.3884690131721,401524018,2023,4
25,California Golden Bears,6455.0,4186,79.69,7.197530864197531,51.67901234567901,14,64.84895429899304,401524018,2023,4
2483,Oregon Ducks,5363.0,4566,73.47,8.780821917808218,62.54794520547945,10,85.1389147865001,401524015,2023,4
38,Colorado Buffaloes,4691.0,2088,82.3,8.192982456140351,36.63157894736842,10,44.510765295246216,401524015,2023,4
254,Utah Utes,4284.0,1457,69.1,5.887096774193548,23.5,13,34.01027077497666,401524017,2023,4
26,UCLA Bruins,5221.0,2221,79.11,6.545454545454546,33.65151515151515,14,42.53974334418694,401524017,2023,4
99,LSU Tigers,4329.0,3440,74.64,7.810344827586207,59.310344827586206,9,79.46407946407946,401520258,2023,4
8,Arkansas Razorbacks,4981.0,3970,73.25,10.205882352941176,58.38235294117647,10,79.70287090945594,401520258,2023,4
333,Alabama Crimson Tide,4710.0,2881,74.76,8.142857142857142,45.73015873015873,10,61.167728237791934,401520250,2023,4
145,Ole Miss Rebels,4664.0,2630,74.03,9.317460317460318,41.74603174603175,10,56.3893653516295,401520250,2023,4
204,Oregon State Beavers,5466.0,4288,76.99,8.464788732394366,60.394366197183096,10,78.44859129162093,401524019,2023,4
265,Washington State Cougars,4393.0,3733,70.85,7.82258064516129,60.20967741935484,10,84.97609833826542,401524019,2023,4
2132,Cincinnati Bearcats,5743.0,3079,72.7,7.89873417721519,38.9746835443038,12,53.61309420163678,401525845,2023,4
201,Oklahoma Sooners,5409.0,3438,78.39,8.173913043478262,49.82608695652174,11,63.56073211314476,401525845,2023,4
221,Pittsburgh Panthers,4398.0,2314,74.54,7.0,39.220338983050844,12,52.61482492041837,401525510,2023,4
153,North Carolina Tar Heels,4862.0,3144,74.8,7.076923076923077,48.36923076923077,11,64.6647470176882,401525510,2023,4
150,Duke Blue Devils,3953.0,2296,64.8,7.0,37.63934426229508,13,58.082469010877816,401520272,2023,4
41,UConn Huskies,4818.0,1666,74.12,6.246153846153846,25.630769230769232,13,34.57866334578663,401520272,2023,4
218,Temple Owls,4678.0,1868,80.66,6.206896551724138,32.206896551724135,11,39.93159469858914,401525509,2023,4
2390,Miami Hurricanes,4514.0,3657,67.37,7.611940298507463,54.582089552238806,11,81.0146211785556,401525509,2023,4
2633,Tennessee Volunteers,4165.0,2550,66.11,6.936507936507937,40.476190476190474,14,61.224489795918366,401520269,2023,4
2636,UTSA Roadrunners,5775.0,2440,74.04,7.487179487179487,31.28205128205128,15,42.25108225108225,401520269,2023,4
57,Florida Gators,4231.0,2927,75.55,7.125,52.267857142857146,10,69.17986291656818,401520251,2023,4
2429,Charlotte 49ers,3745.0,1290,72.02,5.826923076923077,24.807692307692307,11,34.44592790387183,401520251,2023,4
349,Army Black Knights,5117.0,3107,77.53,11.833333333333334,47.07575757575758,11,60.71917138948603,401520268,2023,4
183,Syracuse Orange,4064.0,2602,66.62,6.852459016393443,42.65573770491803,12,64.0255905511811,401520268,2023,4
245,Texas A&M Aggies,5211.0,1835,91.42,6.280701754385965,32.19298245614035,12,35.21397044713107,401520270,2023,4
2,Auburn Tigers,1852.0,1443,28.94,7.421875,22.546875,11,77.9157667386609,401520270,2023,4
98,Western Kentucky Hilltoppers,3480.0,1885,68.24,5.392156862745098,36.96078431372549,11,54.166666666666664,401520271,2023,4
2653,Troy Trojans,5858.0,4263,73.22,9.0375,53.2875,13,72.77227722772277,401520271,2023,4
238,Vanderbilt Commodores,5103.0,2512,70.88,6.847222222222222,34.888888888888886,15,49.225945522241815,401520274,2023,4
96,Kentucky Wildcats,4274.0,2602,74.98,6.824561403508772,45.64912280701754,12,60.879737950397754,401520274,2023,4
276,Marshall Thundering Herd,5067.0,2916,71.37,6.873239436619718,41.070422535211264,14,57.54884547069272,401525511,2023,4
259,Virginia Tech Hokies,4659.0,2099,71.68,5.815384615384615,32.292307692307695,13,45.0525863919296,401525511,2023,4
2567,SMU Mustangs,5499.0,3580,76.38,8.875,49.72222222222222,11,65.10274595380979,401525849,2023,4
2628,TCU Horned Frogs,4881.0,3600,63.39,8.96103896103896,46.753246753246756,11,73.75537799631223,401525849,2023,4
202,Tulsa Golden Hurricane,4198.0,2430,62.66,6.865671641791045,36.26865671641791,13,57.884707003334924,401531338,2023,4
2459,Northern Illinois Huskies,5093.0,2842,74.9,10.205882352941176,41.794117647058826,12,55.80208128804241,401531338,2023,4
2649,Toledo Rockets,4175.0,2546,63.26,5.0,38.57575757575758,15,60.98203592814371,401532406,2023,4
2711,Western Michigan Broncos,5160.0,3069,66.15,7.551282051282051,39.34615384615385,15,59.47674418604651,401532406,2023,4
290,Georgia Southern Eagles,5005.0,3071,65.0,6.4935064935064934,39.883116883116884,14,61.35864135864136,401531871,2023,4
2050,Ball State Cardinals,4464.0,1665,78.32,6.2105263157894735,29.210526315789473,13,37.29838709677419,401531871,2023,4
2226,Florida Atlantic Owls,5072.0,2974,72.46,7.757142857142857,42.48571428571429,12,58.63564668769716,401520255,2023,4
356,Illinois Fighting Illini,6124.0,3804,81.65,7.36,50.72,13,62.11626387981711,401520255,2023,4
127,Michigan State Spartans,5874.0,3891,78.32,9.68,51.88,11,66.24106230847804,401520261,2023,4
120,Maryland Terrapins,4015.0,2972,61.77,7.538461538461538,45.723076923076924,11,74.02241594022416,401520261,2023,4
158,Nebraska Cornhuskers,4720.0,2760,76.13,6.741935483870968,44.516129032258064,11,58.47457627118644,401520263,2023,4
2348,Louisiana Tech Bulldogs,4948.0,2362,79.81,6.645161290322581,38.096774193548384,11,47.736459175424415,401520263,2023,4
97,Louisville Cardinals,3723.0,2985,62.05,7.533333333333333,49.75,12,80.17727639000806,401525506,2023,4
103,Boston College Eagles,5319.0,3351,74.92,7.338028169014085,47.19718309859155,11,63.00056401579244,401525506,2023,4
2305,Kansas Jayhawks,4061.0,2986,73.84,8.254545454545454,54.29090909090909,8,73.5286875153903,401525847,2023,4
252,BYU Cougars,5510.0,4054,75.48,9.520547945205479,55.534246575342465,10,73.57531760435572,401525847,2023,4
277,West Virginia Mountaineers,4459.0,2581,70.78,7.603174603174603,40.96825396825397,12,57.88293339313748,401525850,2023,4
2641,Texas Tech Red Raiders,5989.0,3296,73.94,9.469135802469136,40.69135802469136,13,55.03422942060444,401525850,2023,4
167,New Mexico Lobos,3434.0,2103,71.54,5.666666666666667,43.8125,11,61.24053581828771,401526835,2023,4
113,Massachusetts Minutemen,4944.0,3706,76.06,8.092307692307692,57.01538461538462,10,74.95954692556634,401526835,2023,4
2837,Texas A&M-Commerce Lions,4661.0,1798,69.57,5.925373134328358,26.83582089552239,14,38.57541300150182,401531873,2023,4
295,Old Dominion Monarchs,3954.0,2176,68.17,6.172413793103448,37.51724137931034,12,55.03287809812848,401531873,2023,4
189,Bowling Green Falcons,3489.0,970,68.41,4.7254901960784315,19.019607843137255,13,27.801662367440528,401532405,2023,4
195,Ohio Bobcats,3969.0,2433,70.88,6.714285714285714,43.44642857142857,11,61.30007558578987,401532405,2023,4
193,Miami (OH) RedHawks,6150.0,3694,96.09,7.109375,57.71875,12,60.0650406504065,401532408,2023,4
2169,Delaware State Hornets,1485.0,2656,25.6,7.275862068965517,45.793103448275865,11,178.85521885521885,401532408,2023,4
66,Iowa State Cyclones,5109.0,2553,74.04,6.884057971014493,37.0,14,49.97064004697592,401525846,2023,4
197,Oklahoma State Cowboys,5310.0,2326,73.75,5.972222222222222,32.30555555555556,15,43.804143126177024,401525846,2023,4
58,South Florida Bulls,4791.0,3847,70.46,7.5588235294117645,56.5735294117647,12,80.29638906282614,401531423,2023,4
242,Rice Owls,5273.0,3649,75.33,8.185714285714285,52.128571428571426,11,69.20159302105064,401531423,2023,4
55,Jacksonville State Gamecocks,4570.0,2562,65.29,7.142857142857143,36.6,13,56.06126914660832,401520257,2023,4
2199,Eastern Michigan Eagles,5040.0,889,80.0,5.619047619047619,14.11111111111111,13,17.63888888888889,401520257,2023,4
6,South Alabama Jaguars,4356.0,3036,73.83,7.4576271186440675,51.45762711864407,11,69.6969696969697,401531876,2023,4
2117,Central Michigan Chippewas,4769.0,3491,71.18,9.044776119402986,52.1044776119403,11,73.20192912560285,401531876,2023,4
151,East Carolina Pirates,3934.0,2671,53.89,7.054794520547945,36.58904109589041,14,67.89527198779868,401531413,2023,4
2241,Gardner-Webb Runnin' Bulldogs,4486.0,894,74.77,5.633333333333334,14.9,14,19.92866696388765,401531413,2023,4
2335,Liberty Flames,3921.0,2716,61.27,5.921875,42.4375,13,69.26804386636063,401520275,2023,4
2229,Florida International Panthers,4428.0,1648,77.68,6.2631578947368425,28.912280701754387,12,37.217705510388434,401520275,2023,4
154,Wake Forest Demon Deacons,6159.0,4152,76.04,9.234567901234568,51.25925925925926,12,67.4135411592791,401525508,2023,4
59,Georgia Tech Yellow Jackets,3775.0,1983,63.98,5.52542372881356,33.610169491525426,13,52.52980132450331,401525508,2023,4
248,Houston Cougars,5474.0,4382,70.18,9.064102564102564,56.17948717948718,12,80.05115089514067,401520254,2023,4
2534,Sam Houston Bearkats,3749.0,1097,76.51,6.387755102040816,22.387755102040817,11,29.261136303014137,401520254,2023,4
36,Colorado State Rams,5006.0,3003,80.74,8.32258064516129,48.435483870967744,11,59.98801438274071,401520262,2023,4
2393,Middle Tennessee Blue Raiders,6020.0,3452,72.53,8.493975903614459,41.59036144578313,12,57.3421926910299,401520262,2023,4
12,Arizona Wildcats,4666.0,2517,71.78,7.523076923076923,38.723076923076924,11,53.94342048864124,401524016,2023,4
24,Stanford Cardinal,4580.0,2699,69.39,8.257575757575758,40.89393939393939,10,58.930131004366814,401524016,2023,4
2447,Nicholls Colonels,4819.0,2420,76.49,6.984126984126984,38.41269841269841,11,50.21788752853289,401531349,2023,4
2655,Tulane Green Wave,3705.0,2421,63.88,7.706896551724138,41.741379310344826,11,65.34412955465586,401531349,2023,4
2026,Appalachian State Mountaineers,7170.0,4623,81.48,10.988636363636363,52.53409090909091,12,64.47698744769875,401531870,2023,4
2751,Wyoming Cowboys,2751.0,573,67.1,4.2682926829268295,13.975609756097562,11,20.828789531079607,401531870,2023,4
2032,Arkansas State Red Wolves,4194.0,2264,65.53,6.328125,35.375,13,53.98187887458274,401531874,2023,4
2572,Southern Miss Golden Eagles,4980.0,3216,71.14,7.228571428571429,45.94285714285714,14,64.57831325301204,401531874,2023,4
326,Texas State Bobcats,4600.0,3681,71.88,7.25,57.515625,13,80.02173913043478,401531877,2023,4
2440,Nevada Wolf Pack,5087.0,3487,75.93,9.388059701492537,52.04477611940298,10,68.54727737369767,401531877,2023,4
84,Indiana Hoosiers,3654.0,1887,68.94,6.132075471698113,35.60377358490566,12,51.64203612479474,401520256,2023,4
2006,Akron Zips,5031.0,2172,70.86,6.028169014084507,30.591549295774648,17,43.172331544424566,401520256,2023,4
235,Memphis Tigers,5344.0,3231,70.32,8.052631578947368,42.51315789473684,12,60.46032934131737,401520259,2023,4
142,Missouri Tigers,4410.0,3005,76.03,6.4655172413793105,51.810344827586206,12,68.140589569161,401520259,2023,4
135,Minnesota Golden Gophers,4256.0,2242,69.77,5.983606557377049,36.75409836065574,13,52.67857142857143,401520264,2023,4
77,Northwestern Wildcats,6476.0,3297,78.98,8.048780487804878,40.207317073170735,14,50.911056207535516,401520264,2023,4
2579,South Carolina Gamecocks,5150.0,3946,80.47,9.703125,61.65625,11,76.62135922330097,401520267,2023,4
344,Mississippi State Bulldogs,5273.0,3399,74.27,7.71830985915493,47.87323943661972,12,64.46045894177887,401520267,2023,4
309,Louisiana Ragin' Cajuns,4822.0,3630,73.06,7.287878787878788,55.0,12,75.27996681874741,401531875,2023,4
2084,Buffalo Bulls,5211.0,2459,66.81,6.230769230769231,31.525641025641026,15,47.18863941661869,401531875,2023,4
2116,UCF Knights,4013.0,2618,69.19,7.275862068965517,45.13793103448276,11,65.23797657612758,401525848,2023,4
2306,Kansas State Wildcats,5889.0,5056,72.7,9.185185185185185,62.41975308641975,11,85.8549838682289,401525848,2023,4
328,Utah State Aggies,5587.0,3168,69.84,6.8625,39.6,17,56.70306067657061,401531872,2023,4
256,James Madison Dukes,4596.0,3071,67.59,5.897058823529412,45.161764705882355,15,66.81897302001741,401531872,2023,4
2638,UTEP Miners,5327.0,3057,75.03,7.225352112676056,43.056338028169016,13,57.38689694011639,401520273,2023,4
2439,UNLV Rebels,5193.0,3689,67.44,9.077922077922079,47.90909090909091,13,71.03793568264972,401520273,2023,4
278,Fresno State Bulldogs,4160.0,3792,66.03,8.46031746031746,60.19047619047619,9,91.15384615384616,401532407,2023,4
2309,Kent State Golden Flashes,4018.0,1714,78.78,7.784313725490196,33.6078431372549,10,42.65803882528621,401532407,2023,4
62,Hawai'i Rainbow Warriors,4377.0,2923,66.32,8.424242424242424,44.28787878787879,10,66.78090015992689,401520253,2023,4
166,New Mexico State Aggies,3371.0,2187,73.28,7.934782608695652,47.54347826086956,8,64.87689113022842,401520253,2023,4
2393,Middle Tennessee Blue Raiders,5540.0,3421,75.89,8.575342465753424,46.863013698630134,13,61.75090252707581,401520277,2023,5
98,Western Kentucky Hilltoppers,5680.0,3169,71.9,8.063291139240507,40.11392405063291,13,55.79225352112676,401520277,2023,5
218,Temple Owls,4969.0,2801,70.99,8.7,40.01428571428571,11,56.369490843228014,401531339,2023,5
202,Tulsa Golden Hurricane,4606.0,3332,66.75,6.594202898550725,48.289855072463766,13,72.34042553191489,401531339,2023,5
2534,Sam Houston Bearkats,6519.0,3007,70.86,7.065217391304348,32.68478260869565,17,46.12670655008437,401520276,2023,5
55,Jacksonville State Gamecocks,4655.0,2147,70.53,4.757575757575758,32.53030303030303,16,46.12244897959184,401520276,2023,5
254,Utah Utes,4586.0,1661,75.18,6.934426229508197,27.229508196721312,12,36.218927169646754,401524020,2023,5
204,Oregon State Beavers,4367.0,2388,71.59,6.688524590163935,39.14754098360656,12,54.682848637508584,401524020,2023,5
97,Louisville Cardinals,4489.0,1792,72.4,6.145161290322581,28.903225806451612,13,39.919803965248384,401525512,2023,5
152,NC State Wolfpack,3720.0,1362,66.43,6.232142857142857,24.321428571428573,13,36.61290322580645,401525512,2023,5
2638,UTEP Miners,6120.0,4022,78.46,9.987179487179487,51.56410256410256,11,65.71895424836602,401520278,2023,5
2348,Louisiana Tech Bulldogs,3918.0,1906,73.92,6.660377358490566,35.9622641509434,10,48.64726901480347,401520278,2023,5
252,BYU Cougars,3332.0,1628,64.08,6.538461538461538,31.307692307692307,11,48.85954381752701,401525851,2023,5
2132,Cincinnati Bearcats,6513.0,4539,77.54,9.916666666666666,54.035714285714285,12,69.69138645785353,401525851,2023,5
2,Auburn Tigers,4454.0,2438,70.7,7.26984126984127,38.698412698412696,11,54.737314773237536,401520280,2023,5
61,Georgia Bulldogs,4716.0,3415,77.31,8.0,55.98360655737705,10,72.41306191687872,401520280,2023,5
158,Nebraska Cornhuskers,3444.0,1498,76.53,6.466666666666667,33.28888888888889,10,43.49593495934959,401520286,2023,5
130,Michigan Wolverines,4926.0,4384,66.57,9.594594594594595,59.24324324324324,9,88.99715793747463,401520286,2023,5
251,Texas Longhorns,6467.0,5293,75.2,9.325581395348838,61.54651162790697,11,81.84629658265038,401525854,2023,5
2305,Kansas Jayhawks,3406.0,1498,77.41,5.431818181818182,34.04545454545455,10,43.98120963006459,401525854,2023,5
213,Penn State Nittany Lions,4181.0,2630,58.89,8.140845070422536,37.04225352112676,12,62.90361157617795,401520287,2023,5
77,Northwestern Wildcats,4349.0,1538,69.03,6.142857142857143,24.41269841269841,13,35.36445159806852,401520287,2023,5
12,Arizona Wildcats,5581.0,3791,82.07,9.735294117647058,55.75,9,67.92689482171654,401524021,2023,5
264,Washington Huskies,4655.0,3750,72.73,8.4375,58.59375,10,80.55853920515575,401524021,2023,5
30,USC Trojans,4018.0,2864,64.81,5.693548387096774,46.193548387096776,14,71.27924340467895,401524023,2023,5
38,Colorado Buffaloes,6908.0,4606,77.62,8.539325842696629,51.752808988764045,14,66.67631731325999,401524023,2023,5
24,Stanford Cardinal,5183.0,2423,74.04,10.8,34.614285714285714,9,46.74898707312367,401524024,2023,5
2483,Oregon Ducks,4187.0,3481,70.97,6.932203389830509,59.0,10,83.13828516837832,401524024,2023,5
150,Duke Blue Devils,5045.0,3004,75.3,7.731343283582089,44.83582089552239,12,59.54410307234886,401525438,2023,5
87,Notre Dame Fighting Irish,4627.0,2771,73.44,7.063492063492063,43.98412698412698,12,59.88761616598228,401525438,2023,5
344,Mississippi State Bulldogs,4452.0,2383,72.98,7.737704918032787,39.0655737704918,11,53.52650494159928,401520285,2023,5
333,Alabama Crimson Tide,3630.0,2255,64.82,7.428571428571429,40.267857142857146,11,62.121212121212125,401520285,2023,5
99,LSU Tigers,5455.0,4177,72.73,6.373333333333333,55.693333333333335,13,76.57195233730522,401520288,2023,5
145,Ole Miss Rebels,6607.0,5557,75.08,9.340909090909092,63.14772727272727,12,84.10776449220523,401520288,2023,5
66,Iowa State Cyclones,4846.0,2493,72.33,6.656716417910448,37.208955223880594,13,51.44449030127941,401525852,2023,5
201,Oklahoma Sooners,5895.0,4305,69.35,8.976470588235294,50.64705882352941,11,73.02798982188295,401525852,2023,5
2633,Tennessee Volunteers,4851.0,3658,69.3,7.5,52.25714285714286,12,75.4071325499897,401520291,2023,5
2579,South Carolina Gamecocks,4423.0,1703,71.34,6.032258064516129,27.467741935483872,13,38.50327831788379,401520291,2023,5
96,Kentucky Wildcats,4023.0,2911,71.84,6.821428571428571,51.982142857142854,11,72.35893611732538,401520282,2023,5
57,Florida Gators,4548.0,1942,77.08,6.728813559322034,32.91525423728814,10,42.70008795074758,401520282,2023,5
238,Vanderbilt Commodores,4038.0,1781,79.18,5.862745098039215,34.92156862745098,11,44.105993065874195,401520293,2023,5
142,Missouri Tigers,5467.0,3984,72.89,8.293333333333333,53.12,12,72.87360526797147,401520293,2023,5
2440,Nevada Wolf Pack,5053.0,1833,77.74,8.784615384615385,28.2,12,36.27547991292302,401532587,2023,5
278,Fresno State Bulldogs,4232.0,2541,72.97,6.051724137931035,43.810344827586206,12,60.04253308128544,401532587,2023,5
8,Arkansas Razorbacks,4932.0,1528,88.07,7.321428571428571,27.285714285714285,13,30.981346309813464,401520279,2023,5
245,Texas A&M Aggies,740.0,2844,11.04,7.373134328358209,42.44776119402985,12,384.3243243243243,401520279,2023,5
135,Minnesota Golden Gophers,4426.0,3350,69.16,7.765625,52.34375,10,75.68910980569363,401520284,2023,5
309,Louisiana Ragin' Cajuns,3805.0,2666,74.61,7.313725490196078,52.27450980392157,10,70.06570302233902,401520284,2023,5
328,Utah State Aggies,3755.0,2425,73.63,6.549019607843137,47.549019607843135,12,64.58055925432757,401520292,2023,5
41,UConn Huskies,5877.0,4126,76.32,8.337662337662337,53.58441558441559,12,70.20588735749531,401520292,2023,5
183,Syracuse Orange,4892.0,1748,75.26,5.676923076923077,26.892307692307693,14,35.7318070318888,401525514,2023,5
228,Clemson Tigers,5098.0,2894,70.81,7.277777777777778,40.19444444444444,14,56.767359748921145,401525514,2023,5
2655,Tulane Green Wave,4349.0,3133,69.03,7.4603174603174605,49.73015873015873,10,72.03954932168314,401531370,2023,5
5,UAB Blazers,5483.0,3680,76.15,8.5,51.111111111111114,11,67.11654203902972,401531370,2023,5
6,South Alabama Jaguars,5394.0,2497,75.97,6.28169014084507,35.16901408450704,15,46.29217649239896,401531880,2023,5
256,James Madison Dukes,4561.0,1783,70.17,5.661538461538462,27.43076923076923,15,39.09230431922824,401531880,2023,5
2006,Akron Zips,4452.0,2417,80.95,7.818181818181818,43.945454545454545,10,54.290206648697215,401532412,2023,5
2084,Buffalo Bulls,5319.0,2592,70.92,10.506666666666666,34.56,11,48.73096446700507,401532412,2023,5
2117,Central Michigan Chippewas,4047.0,2740,77.83,6.711538461538462,52.69230769230769,9,67.70447244872746,401532410,2023,5
2199,Eastern Michigan Eagles,4670.0,3264,71.85,9.584615384615384,50.215384615384615,9,69.89293361884368,401532410,2023,5
258,Virginia Cavaliers,4110.0,1853,67.38,5.754098360655738,30.37704918032787,13,45.08515815085158,401525513,2023,5
103,Boston College Eagles,5189.0,2920,73.08,7.112676056338028,41.12676056338028,12,56.27288494893043,401525513,2023,5
193,Miami (OH) RedHawks,132.0,1852,2.44,5.888888888888889,34.2962962962963,12,1403.030303030303,401532413,2023,5
2309,Kent State Golden Flashes,5597.0,1455,86.11,6.984615384615385,22.384615384615383,11,25.99606932285153,401532413,2023,5
25,California Golden Bears,4761.0,2541,65.22,8.67123287671233,34.80821917808219,12,53.37114051669817,401524022,2023,5
9,Arizona State Sun Devils,5673.0,2890,79.9,7.126760563380282,40.70422535211268,13,50.94306363476115,401524022,2023,5
84,Indiana Hoosiers,5785.0,3223,74.17,8.987179487179487,41.32051282051282,12,55.71305099394987,401520283,2023,5
120,Maryland Terrapins,3823.0,2453,68.27,6.428571428571429,43.80357142857143,12,64.1642688987706,401520283,2023,5
2509,Purdue Boilermakers,4840.0,3330,70.14,7.608695652173913,48.26086956521739,11,68.80165289256199,401520289,2023,5
356,Illinois Fighting Illini,5052.0,2671,76.55,6.53030303030303,40.46969696969697,13,52.8701504354711,401520289,2023,5
2681,Wagner Seahawks,2541.0,552,68.68,4.918918918918919,14.91891891891892,9,21.723730814639907,401520290,2023,5
164,Rutgers Scarlet Knights,4849.0,4407,66.42,9.67123287671233,60.36986301369863,9,90.88471849865952,401520290,2023,5
189,Bowling Green Falcons,5176.0,3843,72.9,9.267605633802816,54.12676056338028,9,74.24652241112828,401525515,2023,5
59,Georgia Tech Yellow Jackets,4035.0,2711,73.36,6.709090909090909,49.29090909090909,11,67.18711276332094,401525515,2023,5
248,Houston Cougars,5808.0,3589,77.44,7.666666666666667,47.85333333333333,12,61.794077134986225,401525855,2023,5
2641,Texas Tech Red Raiders,4139.0,3144,71.36,8.517241379310345,54.206896551724135,9,75.96037690263348,401525855,2023,5
239,Baylor Bears,5313.0,3648,71.8,8.364864864864865,49.2972972972973,11,68.6617730095991,401525856,2023,5
2116,UCF Knights,4151.0,2706,69.18,8.383333333333333,45.1,11,65.18911105757648,401525856,2023,5
113,Massachusetts Minutemen,4319.0,2862,71.98,7.966666666666667,47.7,11,66.26533919888863,401526836,2023,5
2032,Arkansas State Red Wolves,4109.0,3468,67.36,7.868852459016393,56.85245901639344,11,84.40009734728645,401526836,2023,5
58,South Florida Bulls,5644.0,3582,73.3,7.805194805194805,46.51948051948052,13,63.46562721474132,401531424,2023,5
2426,Navy Midshipmen,3458.0,1353,58.61,4.779661016949152,22.93220338983051,15,39.126662810873334,401531424,2023,5
295,Old Dominion Monarchs,3672.0,1165,69.28,4.320754716981132,21.9811320754717,16,31.726579520697168,401531881,2023,5
276,Marshall Thundering Herd,5525.0,3642,70.83,7.397435897435898,46.69230769230769,14,65.91855203619909,401531881,2023,5
2711,Western Michigan Broncos,5128.0,3463,72.23,6.802816901408451,48.774647887323944,13,67.53120124804992,401532409,2023,5
2050,Ball State Cardinals,3286.0,1949,53.87,5.868852459016393,31.950819672131146,12,59.31223371880706,401532409,2023,5
2459,Northern Illinois Huskies,4666.0,2715,74.06,6.349206349206349,43.095238095238095,12,58.18688384054865,401532411,2023,5
2649,Toledo Rockets,4665.0,3245,76.48,6.901639344262295,53.19672131147541,12,69.56055734190782,401532411,2023,5
235,Memphis Tigers,4951.0,3046,79.85,7.516129032258065,49.12903225806452,10,61.522924661684506,401531429,2023,5
68,Boise State Broncos,4936.0,3462,70.51,7.242857142857143,49.457142857142856,12,70.13776337115073,401531429,2023,5
2439,UNLV Rebels,4682.0,3316,70.94,8.030303030303031,50.24242424242424,12,70.82443400256301,401532586,2023,5
62,Hawai'i Rainbow Warriors,4704.0,2320,77.11,6.836065573770492,38.032786885245905,12,49.31972789115646,401532586,2023,5
2751,Wyoming Cowboys,3866.0,1873,69.04,6.821428571428571,33.44642857142857,12,48.44800827728919,401532588,2023,5
167,New Mexico Lobos,5326.0,3664,78.32,7.911764705882353,53.88235294117647,12,68.79459256477656,401532588,2023,5
151,East Carolina Pirates,5983.0,3930,72.08,9.783132530120483,47.34939759036145,12,65.68611064683269,401531414,2023,5
242,Rice Owls,3540.0,1783,68.08,5.5,34.28846153846154,12,50.367231638418076,401531414,2023,5
2000,Abilene Christian Wildcats,5203.0,3064,75.41,6.811594202898551,44.405797101449274,13,58.88910244089948,401531436,2023,5
249,North Texas Mean Green,5249.0,4084,69.99,8.24,54.45333333333333,12,77.80529624690418,401531436,2023,5
324,Coastal Carolina Chanticleers,5125.0,3127,75.37,7.529411764705882,45.98529411764706,14,61.014634146341464,401531878,2023,5
290,Georgia Southern Eagles,5405.0,3605,69.29,8.576923076923077,46.217948717948715,12,66.69750231267345,401531878,2023,5
2247,Georgia State Panthers,4438.0,2497,73.97,8.666666666666666,41.61666666666667,10,56.26408292023434,401531879,2023,5
2653,Troy Trojans,4658.0,3583,72.78,9.0625,55.984375,10,76.92142550450838,401531879,2023,5
2572,Southern Miss Golden Eagles,6352.0,4249,73.01,7.885057471264368,48.839080459770116,15,66.89231738035265,401531883,2023,5
326,Texas State Bobcats,3765.0,2330,66.05,5.0701754385964914,40.87719298245614,13,61.885790172642764,401531883,2023,5
36,Colorado State Rams,4225.0,3407,67.06,6.396825396825397,54.07936507936508,12,80.63905325443787,401532585,2023,5
3101,Utah Tech Trailblazers,5086.0,2760,75.91,7.567164179104478,41.19402985074627,12,54.26661423515533,401532585,2023,5
2294,Iowa Hawkeyes,3972.0,1451,69.68,5.333333333333333,25.45614035087719,14,36.53071500503525,401520281,2023,5
127,Michigan State Spartans,5560.0,2162,74.13,6.666666666666667,28.826666666666668,15,38.884892086330936,401520281,2023,5
2429,Charlotte 49ers,5552.0,3194,76.05,8.917808219178083,43.75342465753425,11,57.528818443804035,401531404,2023,5
2567,SMU Mustangs,3741.0,2451,61.33,8.049180327868852,40.18032786885246,10,65.51724137931035,401531404,2023,5
259,Virginia Tech Hokies,5223.0,3217,71.55,8.219178082191782,44.06849315068493,13,61.59295424085774,401525516,2023,5
221,Pittsburgh Panthers,3381.0,919,75.13,5.4,20.42222222222222,12,27.181307305530908,401525516,2023,5
2628,TCU Horned Frogs,6068.0,3433,77.79,8.243589743589743,44.01282051282051,12,56.57547791694133,401525853,2023,5
277,West Virginia Mountaineers,3890.0,2338,61.75,6.634920634920635,37.111111111111114,12,60.102827763496144,401525853,2023,5
2026,Appalachian State Mountaineers,5313.0,3430,72.78,7.136986301369863,46.986301369863014,14,64.55862977602108,401531882,2023,5
2433,UL Monroe Warhawks,4526.0,3149,67.55,5.925373134328358,47.0,15,69.57578435704816,401531882,2023,5
2005,Air Force Falcons,4294.0,4024,76.68,9.464285714285714,71.85714285714286,7,93.71215649743829,401532589,2023,5
21,San Diego State Aztecs,4386.0,2460,79.75,10.436363636363636,44.72727272727273,9,56.087551299589606,401532589,2023,5
55,Jacksonville State Gamecocks,4577.0,1813,60.22,5.0,23.855263157894736,18,39.6110989731265,401520294,2023,6
2393,Middle Tennessee Blue Raiders,5857.0,2906,70.57,6.216867469879518,35.01204819277108,19,49.61584428888509,401520294,2023,6
2229,Florida International Panthers,4592.0,2778,75.28,6.573770491803279,45.540983606557376,12,60.49651567944251,401520297,2023,6
166,New Mexico State Aggies,4389.0,2864,70.79,7.064516129032258,46.193548387096776,12,65.25404420141263,401520297,2023,6
2534,Sam Houston Bearkats,5082.0,3364,80.67,8.412698412698413,53.3968253968254,11,66.1944116489571,401520296,2023,6
2335,Liberty Flames,4747.0,2879,77.82,7.032786885245901,47.19672131147541,11,60.64883084053086,401520296,2023,6
2348,Louisiana Tech Bulldogs,4974.0,2426,63.77,6.884615384615385,31.102564102564102,15,48.77362283876156,401520295,2023,6
98,Western Kentucky Hilltoppers,4551.0,2495,77.14,6.423728813559322,42.28813559322034,14,54.82311579872555,401520295,2023,6
2306,Kansas State Wildcats,5401.0,2780,75.01,6.638888888888889,38.611111111111114,13,51.47194963895575,401525857,2023,6
197,Oklahoma State Cowboys,5031.0,3392,67.99,8.878378378378379,45.83783783783784,12,67.42198370105346,401525857,2023,6
356,Illinois Fighting Illini,5166.0,2686,78.27,7.909090909090909,40.696969696969695,12,51.99380565234224,401520301,2023,6
158,Nebraska Cornhuskers,4653.0,2766,64.62,8.305555555555555,38.416666666666664,13,59.4455190199871,401520301,2023,6
96,Kentucky Wildcats,3623.0,1192,72.46,5.72,23.84,11,32.90091084736406,401520300,2023,6
61,Georgia Bulldogs,5595.0,4864,76.64,8.821917808219178,66.63013698630137,11,86.93476318141198,401520300,2023,6
135,Minnesota Golden Gophers,4234.0,1646,75.61,6.232142857142857,29.392857142857142,12,38.875767595654224,401520303,2023,6
130,Michigan Wolverines,3966.0,3108,69.58,7.43859649122807,54.526315789473685,10,78.36611195158851,401520303,2023,6
251,Texas Longhorns,5868.0,4199,75.23,8.487179487179487,53.833333333333336,11,71.5576005453306,401525861,2023,6
201,Oklahoma Sooners,6166.0,4559,76.12,8.814814814814815,56.28395061728395,12,73.93772299708077,401525861,2023,6
120,Maryland Terrapins,5308.0,2812,71.73,7.621621621621622,38.0,13,52.97663903541824,401520307,2023,6
194,Ohio State Buckeyes,3882.0,2064,65.8,6.372881355932203,34.983050847457626,12,53.168469860896444,401520307,2023,6
259,Virginia Tech Hokies,4724.0,2838,76.19,9.17741935483871,45.774193548387096,10,60.0762066045724,401525518,2023,6
52,Florida State Seminoles,4205.0,2840,72.5,7.879310344827586,48.96551724137931,12,67.53864447086801,401525518,2023,6
30,USC Trojans,4137.0,2590,70.12,5.983050847457627,43.898305084745765,14,62.60575296108291,401524025,2023,6
12,Arizona Wildcats,5516.0,4056,71.64,8.064935064935066,52.675324675324674,13,73.53154459753445,401524025,2023,6
87,Notre Dame Fighting Irish,5049.0,2099,77.68,5.938461538461539,32.292307692307695,14,41.57258863141216,401525439,2023,6
97,Louisville Cardinals,3862.0,2451,62.29,7.419354838709677,39.53225806451613,13,63.464526152252716,401525439,2023,6
245,Texas A&M Aggies,5373.0,2123,89.55,6.783333333333333,35.38333333333333,13,39.51237669830635,401520310,2023,6
333,Alabama Crimson Tide,1348.0,1691,22.85,5.186440677966102,28.661016949152543,13,125.44510385756676,401520310,2023,6
26,UCLA Bruins,6729.0,3602,72.35,7.731182795698925,38.73118279569893,17,53.5294991826423,401524028,2023,6
265,Washington State Cougars,3960.0,1227,68.28,4.689655172413793,21.155172413793103,16,30.984848484848484,401524028,2023,6
183,Syracuse Orange,3584.0,1469,71.68,7.0,29.38,10,40.987723214285715,401525520,2023,6
153,North Carolina Tar Heels,6561.0,6661,68.34,11.989583333333334,69.38541666666667,10,101.52415790275873,401525520,2023,6
204,Oregon State Beavers,4422.0,3880,64.09,9.521739130434783,56.231884057971016,11,87.7431026684758,401524027,2023,6
25,California Golden Bears,4269.0,3197,65.68,6.907692307692308,49.184615384615384,11,74.8887327242914,401524027,2023,6
8,Arkansas Razorbacks,4820.0,2645,70.88,8.75,38.89705882352941,11,54.87551867219917,401520308,2023,6
145,Ole Miss Rebels,4422.0,2730,67.0,7.424242424242424,41.36363636363637,12,61.73677069199457,401520308,2023,6
2390,Miami Hurricanes,7021.0,3427,86.68,8.049382716049383,42.30864197530864,13,48.810710724967954,401525519,2023,6
59,Georgia Tech Yellow Jackets,1045.0,1687,20.1,5.8076923076923075,32.44230769230769,12,161.4354066985646,401525519,2023,6
99,LSU Tigers,4916.0,3525,75.63,7.6923076923076925,54.23076923076923,11,71.7046379170057,401520305,2023,6
142,Missouri Tigers,5497.0,3331,80.84,6.382352941176471,48.98529411764706,13,60.59668910314717,401520305,2023,6
278,Fresno State Bulldogs,4898.0,2860,75.35,8.923076923076923,44.0,9,58.391180073499385,401532591,2023,6
2751,Wyoming Cowboys,4719.0,3608,79.98,9.203389830508474,61.152542372881356,8,76.45687645687646,401532591,2023,6
349,Army Black Knights,2869.0,1552,62.37,5.413043478260869,33.73913043478261,10,54.09550365981178,401520298,2023,6
103,Boston College Eagles,4801.0,3259,71.66,9.835820895522389,48.64179104477612,9,67.88169131430952,401520298,2023,6
2711,Western Michigan Broncos,5729.0,3594,74.4,7.8311688311688314,46.675324675324674,13,62.73346133705708,401520304,2023,6
344,Mississippi State Bulldogs,3706.0,2555,57.02,6.507692307692308,39.30769230769231,12,68.94225580140314,401520304,2023,6
275,Wisconsin Badgers,5344.0,3104,70.32,8.236842105263158,40.8421052631579,12,58.08383233532934,401520311,2023,6
164,Rutgers Scarlet Knights,4107.0,2076,69.61,6.220338983050848,35.186440677966104,12,50.54784514243974,401520311,2023,6
2729,William & Mary Tribe,426.0,2298,7.47,9.280701754385966,40.31578947368421,9,539.4366197183099,401525522,2023,6
258,Virginia Cavaliers,6935.0,4181,97.68,9.19718309859155,58.88732394366197,10,60.28839221341024,401525522,2023,6
2649,Toledo Rockets,4460.0,3274,71.94,7.516129032258065,52.806451612903224,11,73.40807174887892,401526837,2023,6
113,Massachusetts Minutemen,4785.0,2844,77.18,8.17741935483871,45.87096774193548,11,59.43573667711599,401526837,2023,6
276,Marshall Thundering Herd,5855.0,3149,66.53,7.5,35.78409090909091,17,53.78309137489325,401525521,2023,6
152,NC State Wolfpack,3710.0,1628,59.84,4.645161290322581,26.258064516129032,18,43.881401617250674,401525521,2023,6
2636,UTSA Roadrunners,4460.0,3096,70.79,7.412698412698413,49.142857142857146,12,69.4170403587444,401531389,2023,6
218,Temple Owls,7126.0,5400,75.81,9.563829787234043,57.4468085106383,12,75.77883805781644,401531389,2023,6
2117,Central Michigan Chippewas,5929.0,3358,76.01,8.91025641025641,43.05128205128205,13,56.63686962388261,401532415,2023,6
2084,Buffalo Bulls,4559.0,2981,68.04,9.104477611940299,44.492537313432834,11,65.38714630401404,401532415,2023,6
77,Northwestern Wildcats,4061.0,2617,67.68,8.366666666666667,43.61666666666667,10,64.44225560206846,401520306,2023,6
47,Howard Bison,4699.0,2971,73.42,10.609375,46.421875,9,63.22621834432858,401520306,2023,6
2509,Purdue Boilermakers,5655.0,2130,72.5,6.294871794871795,27.307692307692307,14,37.6657824933687,401520302,2023,6
2294,Iowa Hawkeyes,3440.0,1479,64.91,4.830188679245283,27.90566037735849,14,42.99418604651163,401520302,2023,6
154,Wake Forest Demon Deacons,4050.0,2187,64.29,7.190476190476191,34.714285714285715,12,54.0,401525517,2023,6
228,Clemson Tigers,4979.0,3165,73.22,9.794117647058824,46.544117647058826,11,63.566981321550514,401525517,2023,6
249,North Texas Mean Green,5598.0,3988,81.13,8.782608695652174,57.79710144927536,11,71.23972847445516,401531433,2023,6
2426,Navy Midshipmen,4877.0,3048,75.03,7.923076923076923,46.89230769230769,10,62.49743694894402,401531433,2023,6
326,Texas State Bobcats,6361.0,4899,74.84,9.988235294117647,57.63529411764706,10,77.01619242257507,401531884,2023,6
309,Louisiana Ragin' Cajuns,3676.0,3057,68.07,7.166666666666667,56.611111111111114,10,83.16104461371056,401531884,2023,6
2050,Ball State Cardinals,3831.0,2151,66.05,7.120689655172414,37.08620689655172,10,56.14722004698512,401532414,2023,6
2199,Eastern Michigan Eagles,4522.0,2565,69.57,8.169230769230769,39.46153846153846,10,56.72268907563025,401532414,2023,6
189,Bowling Green Falcons,1811.0,926,46.44,8.282051282051283,23.743589743589745,8,51.131971286582,401532416,2023,6
193,Miami (OH) RedHawks,6308.0,3892,97.05,11.092307692307692,59.87692307692308,8,61.699429296131896,401532416,2023,6
195,Ohio Bobcats,4477.0,3238,66.82,7.268656716417911,48.32835820895522,11,72.32521777976324,401532417,2023,6
2309,Kent State Golden Flashes,4338.0,1928,77.46,6.053571428571429,34.42857142857143,12,44.44444444444444,401532417,2023,6
2459,Northern Illinois Huskies,3372.0,2265,64.85,4.75,43.55769230769231,13,67.17081850533808,401532418,2023,6
2006,Akron Zips,5443.0,2239,68.9,8.468354430379748,28.341772151898734,14,41.135403270255374,401532418,2023,6
57,Florida Gators,5260.0,3972,77.35,8.132352941176471,58.411764705882355,11,75.51330798479087,401520299,2023,6
238,Vanderbilt Commodores,4040.0,1906,77.69,5.6923076923076925,36.65384615384615,11,47.17821782178218,401520299,2023,6
2305,Kansas Jayhawks,4239.0,3797,68.37,9.290322580645162,61.24193548387097,10,89.57301250294881,401525860,2023,6
2116,UCF Knights,4614.0,2630,75.64,8.344262295081966,43.114754098360656,11,57.000433463372346,401525860,2023,6
5,UAB Blazers,4648.0,3281,61.97,6.066666666666666,43.74666666666667,15,70.5895008605852,401531380,2023,6
58,South Florida Bulls,5491.0,3352,67.79,6.9753086419753085,41.382716049382715,15,61.045346931342195,401531380,2023,6
2653,Troy Trojans,5229.0,3363,74.7,7.228571428571429,48.042857142857144,12,64.31440045897877,401531887,2023,6
2032,Arkansas State Red Wolves,4168.0,1425,70.64,6.864406779661017,24.152542372881356,11,34.189059500959694,401531887,2023,6
41,UConn Huskies,2884.0,1570,61.36,5.191489361702128,33.40425531914894,11,54.438280166435504,401520309,2023,6
242,Rice Owls,5179.0,3894,73.99,8.1,55.628571428571426,12,75.1882602819077,401520309,2023,6
202,Tulsa Golden Hurricane,5672.0,3083,79.89,8.04225352112676,43.42253521126761,12,54.35472496473907,401531340,2023,6
2226,Florida Atlantic Owls,4873.0,3099,71.66,7.411764705882353,45.5735294117647,11,63.595321157397905,401531340,2023,6
9,Arizona State Sun Devils,5806.0,3358,74.44,8.128205128205128,43.05128205128205,13,57.83672063382708,401524026,2023,6
38,Colorado Buffaloes,5097.0,2762,74.96,8.632352941176471,40.61764705882353,12,54.18873847361193,401524026,2023,6
2433,UL Monroe Warhawks,4540.0,2138,76.95,7.271186440677966,36.23728813559322,11,47.09251101321586,401531885,2023,6
6,South Alabama Jaguars,5232.0,4623,64.59,9.802469135802468,57.074074074074076,10,88.36009174311927,401531885,2023,6
2572,Southern Miss Golden Eagles,5018.0,3027,72.72,9.63768115942029,43.869565217391305,10,60.32283778397768,401531886,2023,6
295,Old Dominion Monarchs,4329.0,1674,75.95,5.684210526315789,29.36842105263158,12,38.66943866943867,401531886,2023,6
2641,Texas Tech Red Raiders,4133.0,3213,62.62,7.924242424242424,48.68181818181818,12,77.7401403338979,401525858,2023,6
239,Baylor Bears,5604.0,2401,80.06,6.957142857142857,34.3,14,42.84439685938615,401525858,2023,6
2628,TCU Horned Frogs,5241.0,2967,71.79,7.191780821917808,40.64383561643836,12,56.611333714939896,401525859,2023,6
66,Iowa State Cyclones,3968.0,2139,64.0,6.919354838709677,34.5,12,53.90625,401525859,2023,6
328,Utah State Aggies,6265.0,3821,75.48,6.542168674698795,46.036144578313255,17,60.98962490023943,401532590,2023,6
36,Colorado State Rams,6194.0,2835,75.54,7.2926829268292686,34.573170731707314,17,45.770100096867935,401532590,2023,6
23,San José State Spartans,4463.0,2431,70.84,6.523809523809524,38.58730158730159,13,54.47008738516693,401532592,2023,6
68,Boise State Broncos,4787.0,3576,74.8,8.484375,55.875,12,74.70231878002924,401532592,2023,6
2348,Louisiana Tech Bulldogs,5513.0,3767,75.52,8.493150684931507,51.602739726027394,11,68.32940322873209,401520313,2023,7
2393,Middle Tennessee Blue Raiders,4599.0,3023,71.86,7.65625,47.234375,10,65.73168080017395,401520313,2023,7
2335,Liberty Flames,5734.0,4508,80.76,11.408450704225352,63.49295774647887,9,78.6187652598535,401520312,2023,7
55,Jacksonville State Gamecocks,4998.0,3381,72.43,10.144927536231885,49.0,9,67.6470588235294,401520312,2023,7
2026,Appalachian State Mountaineers,4196.0,2625,73.61,6.912280701754386,46.05263157894737,10,62.55958055290753,401531888,2023,7
324,Coastal Carolina Chanticleers,5937.0,3850,81.33,7.315068493150685,52.73972602739726,11,64.84756611083039,401531888,2023,7
2638,UTEP Miners,4112.0,2789,68.53,7.583333333333333,46.483333333333334,12,67.82587548638132,401520314,2023,7
2229,Florida International Panthers,4946.0,2419,78.51,5.9523809523809526,38.3968253968254,13,48.908208653457336,401520314,2023,7
2534,Sam Houston Bearkats,5261.0,2431,78.52,6.731343283582089,36.28358208955224,13,46.2079452575556,401520315,2023,7
166,New Mexico State Aggies,5160.0,3208,73.71,7.171428571428572,45.82857142857143,13,62.17054263565891,401520315,2023,7
248,Houston Cougars,3655.0,1987,68.96,5.30188679245283,37.490566037735846,11,54.36388508891929,401525862,2023,7
277,West Virginia Mountaineers,6481.0,4782,79.04,9.25609756097561,58.31707317073171,12,73.78490973615183,401525862,2023,7
151,East Carolina Pirates,5893.0,2392,76.53,7.48051948051948,31.064935064935064,16,40.590531138639065,401531415,2023,7
2567,SMU Mustangs,4441.0,1899,74.02,5.016666666666667,31.65,15,42.7606394956091,401531415,2023,7
235,Memphis Tigers,4943.0,2865,79.73,6.903225806451613,46.20967741935484,12,57.96075257940522,401531371,2023,7
2655,Tulane Green Wave,4560.0,2908,67.06,7.823529411764706,42.76470588235294,12,63.771929824561404,401531371,2023,7
278,Fresno State Bulldogs,5353.0,3836,72.34,8.256756756756756,51.83783783783784,12,71.66075098075845,401532594,2023,7
328,Utah State Aggies,6293.0,3881,78.66,7.825,48.5125,12,61.67169871285555,401532594,2023,7
24,Stanford Cardinal,6362.0,4036,72.3,9.670454545454545,45.86363636363637,14,63.43917007230431,401524029,2023,7
38,Colorado Buffaloes,5466.0,3422,66.66,6.963414634146342,41.73170731707317,13,62.60519575557995,401524029,2023,7
238,Vanderbilt Commodores,2962.0,1605,70.52,7.142857142857143,38.214285714285715,9,54.18636056718434,401520327,2023,7
61,Georgia Bulldogs,5714.0,4492,75.18,11.631578947368421,59.10526315789474,10,78.61393069653482,401520327,2023,7
130,Michigan Wolverines,3733.0,3283,59.25,7.761904761904762,52.111111111111114,11,87.94535226359497,401520321,2023,7
84,Indiana Hoosiers,4657.0,2213,76.34,8.934426229508198,36.278688524590166,10,47.519862572471546,401520321,2023,7
194,Ohio State Buckeyes,4575.0,3528,68.28,7.2835820895522385,52.656716417910445,12,77.11475409836065,401520323,2023,7
2509,Purdue Boilermakers,5002.0,2087,71.46,7.228571428571429,29.814285714285713,13,41.72331067572971,401520323,2023,7
52,Florida State Seminoles,4944.0,3109,68.67,6.277777777777778,43.18055555555556,13,62.88430420711974,401525524,2023,7
183,Syracuse Orange,5157.0,2100,76.97,7.447761194029851,31.34328358208955,13,40.72134962187318,401525524,2023,7
213,Penn State Nittany Lions,3644.0,2989,62.83,6.913793103448276,51.53448275862069,9,82.0252469813392,401520322,2023,7
113,Massachusetts Minutemen,4511.0,1058,75.18,6.283333333333333,17.633333333333333,13,23.45377964974507,401520322,2023,7
264,Washington Huskies,4367.0,3253,71.59,8.245901639344263,53.32786885245902,10,74.49049690863293,401524034,2023,7
2483,Oregon Ducks,6509.0,5071,77.49,9.583333333333334,60.36904761904762,11,77.90751267475802,401524034,2023,7
30,USC Trojans,5197.0,2056,71.19,6.986301369863014,28.164383561643834,14,39.56128535693669,401524031,2023,7
87,Notre Dame Fighting Irish,2913.0,1353,61.98,5.085106382978723,28.78723404255319,12,46.44696189495366,401524031,2023,7
8,Arkansas Razorbacks,4679.0,2184,77.98,6.683333333333334,36.4,12,46.67664030775807,401520316,2023,7
333,Alabama Crimson Tide,4772.0,2490,76.97,6.483870967741935,40.16129032258065,12,52.17937971500419,401520316,2023,7
153,North Carolina Tar Heels,5470.0,3325,71.97,6.868421052631579,43.75,13,60.786106032906766,401525526,2023,7
2390,Miami Hurricanes,5672.0,3904,74.63,7.184210526315789,51.36842105263158,14,68.8293370944993,401525526,2023,7
221,Pittsburgh Panthers,3786.0,1993,64.17,6.576271186440678,33.779661016949156,14,52.64131008980454,401525525,2023,7
97,Louisville Cardinals,6209.0,3470,73.92,6.7023809523809526,41.30952380952381,14,55.886616202287,401525525,2023,7
26,UCLA Bruins,6177.0,3711,74.42,8.975903614457831,44.71084337349398,12,60.07770762506071,401524032,2023,7
204,Oregon State Beavers,3640.0,2078,68.68,6.566037735849057,39.20754716981132,10,57.08791208791209,401524032,2023,7
25,California Golden Bears,4147.0,1943,75.4,6.963636363636364,35.32727272727273,11,46.85314685314685,401524033,2023,7
254,Utah Utes,5118.0,3833,68.24,9.586666666666666,51.10666666666667,11,74.8925361469324,401524033,2023,7
152,NC State Wolfpack,5499.0,2072,78.56,7.5,29.6,12,37.67957810511002,401525523,2023,7
150,Duke Blue Devils,3091.0,1202,75.39,5.219512195121951,29.317073170731707,11,38.8870915561307,401525523,2023,7
245,Texas A&M Aggies,0.0,2850,0.0,7.954545454545454,43.18181818181818,11,,401520326,2023,7
2633,Tennessee Volunteers,7425.0,3012,97.7,8.881578947368421,39.63157894736842,10,40.56565656565657,401520326,2023,7
12,Arizona Wildcats,5223.0,3882,66.11,9.189873417721518,49.139240506329116,12,74.32510051694429,401524030,2023,7
265,Washington State Cougars,4252.0,1541,77.31,6.0181818181818185,28.01818181818182,11,36.241768579492,401524030,2023,7
2,Auburn Tigers,4751.0,2504,77.89,6.721311475409836,41.049180327868854,11,52.704693748684484,401520319,2023,7
99,LSU Tigers,4333.0,3613,66.66,7.6461538461538465,55.58461538461538,10,83.38333717978306,401520319,2023,7
197,Oklahoma State Cowboys,5537.0,4089,70.09,8.012658227848101,51.75949367088607,13,73.84865450605021,401525864,2023,7
2305,Kansas Jayhawks,4718.0,2833,74.89,5.666666666666667,44.96825396825397,14,60.04662992793556,401525864,2023,7
96,Kentucky Wildcats,3809.0,1971,68.02,5.928571428571429,35.19642857142857,13,51.74586505644526,401520318,2023,7
142,Missouri Tigers,3936.0,2630,60.55,7.2153846153846155,40.46153846153846,12,66.8191056910569,401520318,2023,7
127,Michigan State Spartans,5145.0,3162,74.57,9.507246376811594,45.82608695652174,11,61.457725947521865,401520324,2023,7
164,Rutgers Scarlet Knights,4150.0,2330,69.17,8.833333333333334,38.833333333333336,10,56.144578313253014,401520324,2023,7
66,Iowa State Cyclones,3912.0,2628,62.1,8.333333333333334,41.714285714285715,10,67.17791411042944,401525863,2023,7
2132,Cincinnati Bearcats,4499.0,2047,73.75,8.147540983606557,33.557377049180324,10,45.498999777728386,401525863,2023,7
218,Temple Owls,5880.0,3156,73.5,7.775,39.45,11,53.673469387755105,401531390,2023,7
249,North Texas Mean Green,5499.0,3946,72.36,9.447368421052632,51.921052631578945,11,71.75850154573558,401531390,2023,7
256,James Madison Dukes,3879.0,2865,73.19,7.320754716981132,54.056603773584904,10,73.85924207269915,401531890,2023,7
290,Georgia Southern Eagles,6449.0,3529,73.28,9.306818181818182,40.10227272727273,11,54.72166227322065,401531890,2023,7
2309,Kent State Golden Flashes,5746.0,2789,72.73,8.291139240506329,35.30379746835443,16,48.53811347024017,401532422,2023,7
2199,Eastern Michigan Eagles,4400.0,1798,73.33,5.633333333333334,29.966666666666665,15,40.86363636363637,401532422,2023,7
2429,Charlotte 49ers,5431.0,1790,81.06,6.164179104477612,26.71641791044776,13,32.9589394218376,401531405,2023,7
2426,Navy Midshipmen,3993.0,1200,72.6,5.4363636363636365,21.818181818181817,13,30.05259203606311,401531405,2023,7
2649,Toledo Rockets,5452.0,3863,77.89,11.8,55.18571428571428,10,70.8547322083639,401532419,2023,7
2050,Ball State Cardinals,3843.0,1864,71.17,8.166666666666666,34.51851851851852,9,48.50377309393703,401532419,2023,7
349,Army Black Knights,5200.0,2170,77.61,7.373134328358209,32.38805970149254,12,41.73076923076923,401520317,2023,7
2653,Troy Trojans,3541.0,2183,60.02,6.220338983050848,37.0,12,61.64925162383508,401520317,2023,7
356,Illinois Fighting Illini,4755.0,2731,72.05,6.545454545454546,41.378787878787875,12,57.43427970557308,401520320,2023,7
120,Maryland Terrapins,4843.0,2843,72.28,7.17910447761194,42.43283582089552,11,58.703283088994425,401520320,2023,7
57,Florida Gators,5580.0,4128,73.42,8.56578947368421,54.31578947368421,12,73.97849462365592,401520325,2023,7
2579,South Carolina Gamecocks,4607.0,3174,74.31,6.596774193548387,51.193548387096776,11,68.89515953983069,401520325,2023,7
154,Wake Forest Demon Deacons,4907.0,2073,72.16,7.117647058823529,30.485294117647058,12,42.245771347055225,401525527,2023,7
259,Virginia Tech Hokies,4453.0,2616,69.58,7.28125,40.875,13,58.7469121940265,401525527,2023,7
2628,TCU Horned Frogs,6296.0,4541,73.21,8.313953488372093,52.80232558139535,13,72.12515883100382,401525865,2023,7
252,BYU Cougars,4978.0,2165,75.42,6.7727272727272725,32.803030303030305,13,43.49136199276818,401525865,2023,7
2226,Florida Atlantic Owls,5325.0,4286,71.0,7.026666666666666,57.14666666666667,12,80.48826291079813,401531420,2023,7
58,South Florida Bulls,5346.0,2792,76.37,7.2,39.885714285714286,12,52.22596333707445,401531420,2023,7
2006,Akron Zips,3760.0,1023,70.94,4.811320754716981,19.30188679245283,13,27.20744680851064,401532420,2023,7
2117,Central Michigan Chippewas,5829.0,3197,71.09,9.829268292682928,38.98780487804878,12,54.84645736833076,401532420,2023,7
2084,Buffalo Bulls,5064.0,2499,72.34,7.085714285714285,35.7,13,49.34834123222749,401532421,2023,7
189,Bowling Green Falcons,3733.0,2274,64.36,7.344827586206897,39.206896551724135,11,60.91615322796678,401532421,2023,7
2711,Western Michigan Broncos,6513.0,2743,90.46,8.944444444444445,38.09722222222222,12,42.115768463073856,401532423,2023,7
193,Miami (OH) RedHawks,548.0,2577,8.84,7.274193548387097,41.564516129032256,11,470.2554744525547,401532423,2023,7
2294,Iowa Hawkeyes,4471.0,1393,73.3,5.967213114754099,22.83606557377049,14,31.156340863341534,401520328,2023,7
275,Wisconsin Badgers,6406.0,2913,82.13,7.448717948717949,37.34615384615385,15,45.47299406806119,401520328,2023,7
2459,Northern Illinois Huskies,3656.0,2222,67.7,7.2592592592592595,41.148148148148145,10,60.776805251641136,401532424,2023,7
195,Ohio Bobcats,4360.0,2698,73.9,10.220338983050848,45.728813559322035,9,61.88073394495413,401532424,2023,7
2439,UNLV Rebels,4834.0,3021,66.22,6.821917808219178,41.38356164383562,14,62.49482829954489,401532597,2023,7
2440,Nevada Wolf Pack,5413.0,3337,79.6,7.176470588235294,49.0735294117647,13,61.64788472196564,401532597,2023,7
23,San José State Spartans,3348.0,2555,72.78,6.0,55.54347826086956,11,76.3142174432497,401532596,2023,7
167,New Mexico Lobos,4884.0,3004,75.14,8.0,46.215384615384615,12,61.50696150696151,401532596,2023,7
2641,Texas Tech Red Raiders,6443.0,4199,82.6,8.307692307692308,53.833333333333336,12,65.17150395778364,401525866,2023,7
2306,Kansas State Wildcats,4483.0,3066,73.49,6.688524590163935,50.26229508196721,12,68.39170198527772,401525866,2023,7
2247,Georgia State Panthers,5457.0,3980,74.75,8.780821917808218,54.52054794520548,11,72.93384643577058,401531889,2023,7
276,Marshall Thundering Herd,5111.0,3115,76.28,6.7164179104477615,46.492537313432834,12,60.946977108198006,401531889,2023,7
326,Texas State Bobcats,7783.0,5089,77.83,11.18,50.89,12,65.3860979056919,401531891,2023,7
2433,UL Monroe Warhawks,3546.0,1830,63.32,6.196428571428571,32.67857142857143,12,51.60744500846024,401531891,2023,7
2751,Wyoming Cowboys,3991.0,2767,67.64,8.016949152542374,46.898305084745765,9,69.33099473816087,401532598,2023,7
2005,Air Force Falcons,4297.0,3526,71.62,9.866666666666667,58.766666666666666,10,82.05724924365836,401532598,2023,7
2636,UTSA Roadrunners,3915.0,2775,56.74,7.826086956521739,40.21739130434783,11,70.88122605363985,401531381,2023,7
5,UAB Blazers,5414.0,2697,77.34,8.228571428571428,38.52857142857143,11,49.81529368304396,401531381,2023,7
36,Colorado State Rams,4946.0,2621,67.75,6.917808219178082,35.9041095890411,14,52.992317023857666,401532593,2023,7
68,Boise State Broncos,4593.0,2801,70.66,7.2153846153846155,43.09230769230769,12,60.984106248639236,401532593,2023,7
21,San Diego State Aztecs,4129.0,2370,62.56,6.5606060606060606,35.90909090909091,14,57.39888592879632,401532595,2023,7
62,Hawai'i Rainbow Warriors,5026.0,2793,81.06,6.0,45.04838709677419,14,55.571030640668525,401532595,2023,7
2393,Middle Tennessee Blue Raiders,4412.0,2571,70.03,6.142857142857143,40.80952380952381,13,58.27289211242067,401520330,2023,8
2335,Liberty Flames,5747.0,4468,77.66,8.391891891891891,60.37837837837838,13,77.74491038802854,401520330,2023,8
55,Jacksonville State Gamecocks,7535.0,4743,80.16,9.77659574468085,50.45744680851064,13,62.94625082946251,401520329,2023,8
98,Western Kentucky Hilltoppers,5106.0,2404,70.92,6.694444444444445,33.388888888888886,13,47.08186447316882,401520329,2023,8
2572,Southern Miss Golden Eagles,4315.0,1636,78.45,6.581818181818182,29.745454545454546,11,37.91425260718424,401531892,2023,8
6,South Alabama Jaguars,5115.0,4625,69.12,8.905405405405405,62.5,12,90.42033235581623,401531892,2023,8
2534,Sam Houston Bearkats,4707.0,2869,70.25,7.388059701492537,42.82089552238806,11,60.951773953686,401520331,2023,8
2229,Florida International Panthers,4965.0,2871,66.2,8.76,38.28,12,57.82477341389728,401520331,2023,8
166,New Mexico State Aggies,4133.0,2972,71.26,7.448275862068965,51.241379310344826,9,71.90902492136463,401520332,2023,8
2638,UTEP Miners,4765.0,2248,78.11,7.688524590163935,36.85245901639344,9,47.17733473242392,401520332,2023,8
202,Tulsa Golden Hurricane,4599.0,2136,74.18,7.516129032258065,34.45161290322581,12,46.44487932159165,401531341,2023,8
242,Rice Owls,5404.0,4059,83.14,8.569230769230769,62.44615384615385,11,75.11102886750555,401531341,2023,8
256,James Madison Dukes,4046.0,2425,60.39,5.7611940298507465,36.19402985074627,13,59.93573900148294,401531893,2023,8
276,Marshall Thundering Herd,5351.0,1170,86.31,5.935483870967742,18.870967741935484,13,21.865071949168378,401531893,2023,8
218,Temple Owls,3973.0,1465,74.96,6.509433962264151,27.641509433962263,12,36.87389881701485,401531391,2023,8
2567,SMU Mustangs,5998.0,4592,67.39,8.269662921348315,51.59550561797753,12,76.55885295098366,401531391,2023,8
127,Michigan State Spartans,4241.0,1379,75.73,7.035714285714286,24.625,12,32.5159160575336,401520340,2023,8
130,Michigan Wolverines,4720.0,3572,70.45,8.104477611940299,53.3134328358209,11,75.67796610169492,401520340,2023,8
194,Ohio State Buckeyes,5240.0,3055,70.81,7.878378378378378,41.28378378378378,12,58.30152671755725,401520343,2023,8
213,Penn State Nittany Lions,5056.0,1846,74.35,6.25,27.147058823529413,14,36.51107594936709,401520343,2023,8
150,Duke Blue Devils,3893.0,2062,68.3,7.807017543859649,36.175438596491226,10,52.96686360133573,401525530,2023,8
52,Florida State Seminoles,5315.0,3843,78.16,8.955882352941176,56.51470588235294,10,72.30479774223895,401525530,2023,8
9,Arizona State Sun Devils,5222.0,2665,68.71,8.078947368421053,35.06578947368421,11,51.03408655687476,401524038,2023,8
264,Washington Huskies,3948.0,2150,74.49,6.716981132075472,40.56603773584906,10,54.45795339412361,401524038,2023,8
201,Oklahoma Sooners,5693.0,3408,68.59,7.457831325301205,41.06024096385542,14,59.862989636395575,401525871,2023,8
2116,UCF Knights,5576.0,3297,78.54,7.661971830985915,46.436619718309856,13,59.12840746054519,401525871,2023,8
248,Houston Cougars,4685.0,2916,73.2,7.5,45.5625,11,62.24119530416222,401525869,2023,8
251,Texas Longhorns,4202.0,2780,62.72,8.074626865671641,41.492537313432834,11,66.15897191813423,401525869,2023,8
265,Washington State Cougars,5407.0,3311,76.15,7.577464788732394,46.63380281690141,11,61.23543554651378,401524035,2023,8
2483,Oregon Ducks,4062.0,3066,71.26,6.350877192982456,53.78947368421053,11,75.48005908419498,401524035,2023,8
258,Virginia Cavaliers,5174.0,3424,63.88,7.555555555555555,42.27160493827161,13,66.17703904136064,401525531,2023,8
153,North Carolina Tar Heels,6089.0,3284,79.08,6.766233766233766,42.64935064935065,14,53.93332238462802,401525531,2023,8
333,Alabama Crimson Tide,4503.0,2324,71.48,7.174603174603175,36.888888888888886,13,51.61003775260937,401520333,2023,8
2633,Tennessee Volunteers,5775.0,3358,73.1,7.810126582278481,42.50632911392405,14,58.14718614718615,401520333,2023,8
2,Auburn Tigers,3819.0,1672,68.2,5.321428571428571,29.857142857142858,13,43.78109452736319,401520335,2023,8
145,Ole Miss Rebels,5197.0,3279,72.18,6.930555555555555,45.541666666666664,13,63.09409274581489,401520335,2023,8
30,USC Trojans,4670.0,2649,80.52,6.9655172413793105,45.672413793103445,11,56.723768736616705,401524037,2023,8
254,Utah Utes,4842.0,3039,71.21,7.0,44.69117647058823,12,62.7633209417596,401524037,2023,8
349,Army Black Knights,4225.0,1240,72.84,5.931034482758621,21.379310344827587,12,29.349112426035504,401520339,2023,8
99,LSU Tigers,3387.0,2897,57.41,7.779661016949152,49.101694915254235,11,85.53291998819014,401520339,2023,8
142,Missouri Tigers,4557.0,3204,72.33,7.619047619047619,50.857142857142854,10,70.30941408821593,401520341,2023,8
2579,South Carolina Gamecocks,5080.0,2299,74.71,7.867647058823529,33.80882352941177,11,45.25590551181102,401520341,2023,8
2005,Air Force Falcons,3059.0,1258,61.18,5.66,25.16,12,41.12455050670154,401531434,2023,8
2426,Navy Midshipmen,5022.0,1388,79.71,6.936507936507937,22.03174603174603,14,27.638391079251296,401531434,2023,8
249,North Texas Mean Green,5631.0,3485,75.08,7.666666666666667,46.46666666666667,12,61.88954004617297,401531372,2023,8
2655,Tulane Green Wave,4410.0,3728,65.82,8.582089552238806,55.64179104477612,10,84.53514739229026,401531372,2023,8
2294,Iowa Hawkeyes,4032.0,1259,72.0,5.5,22.482142857142858,14,31.22519841269841,401520338,2023,8
135,Minnesota Golden Gophers,4994.0,1959,73.44,6.970588235294118,28.808823529411764,14,39.22707248698438,401520338,2023,8
24,Stanford Cardinal,4710.0,1747,75.97,5.741935483870968,28.177419354838708,13,37.09129511677283,401524036,2023,8
26,UCLA Bruins,6364.0,4520,74.0,8.779069767441861,52.55813953488372,14,71.024512884978,401524036,2023,8
8,Arkansas Razorbacks,5122.0,1430,75.32,6.661764705882353,21.029411764705884,12,27.918781725888326,401520334,2023,8
344,Mississippi State Bulldogs,3448.0,1250,71.83,5.395833333333333,26.041666666666668,11,36.25290023201856,401520334,2023,8
164,Rutgers Scarlet Knights,4569.0,2846,71.39,9.40625,44.46875,9,62.28934121251915,401520337,2023,8
84,Indiana Hoosiers,4616.0,2648,76.93,8.766666666666667,44.13333333333333,9,57.36568457538995,401520337,2023,8
103,Boston College Eagles,5251.0,3603,76.1,7.550724637681159,52.21739130434783,12,68.61550180917921,401525528,2023,8
59,Georgia Tech Yellow Jackets,5067.0,2972,76.77,6.424242424242424,45.03030303030303,13,58.65403591868956,401525528,2023,8
239,Baylor Bears,5000.0,2875,74.63,7.91044776119403,42.91044776119403,12,57.5,401525868,2023,8
2132,Cincinnati Bearcats,5473.0,3823,73.96,8.756756756756756,51.66216216216216,11,69.85200073086058,401525868,2023,8
5,UAB Blazers,4629.0,3174,71.22,8.323076923076924,48.83076923076923,11,68.56772521062865,401531382,2023,8
235,Memphis Tigers,4579.0,3683,67.34,10.558823529411764,54.161764705882355,9,80.4324088228871,401531382,2023,8
195,Ohio Bobcats,5703.0,3974,75.04,8.513157894736842,52.28947368421053,11,69.68262318078204,401532428,2023,8
2711,Western Michigan Broncos,4457.0,2772,70.75,7.73015873015873,44.0,10,62.19430109939421,401532428,2023,8
151,East Carolina Pirates,3345.0,867,68.27,5.244897959183674,17.693877551020407,13,25.919282511210763,401531406,2023,8
2429,Charlotte 49ers,4323.0,2235,72.05,7.766666666666667,37.25,11,51.700208188757806,401531406,2023,8
2433,UL Monroe Warhawks,5586.0,2153,75.49,5.662162162162162,29.094594594594593,17,38.54278553526674,401531894,2023,8
290,Georgia Southern Eagles,5647.0,2860,72.4,6.538461538461538,36.666666666666664,17,50.64636089959271,401531894,2023,8
2006,Akron Zips,4593.0,1970,74.08,7.725806451612903,31.774193548387096,11,42.8913564119312,401532429,2023,8
189,Bowling Green Falcons,3371.0,2254,59.14,6.701754385964913,39.54385964912281,12,66.86443191931178,401532429,2023,8
356,Illinois Fighting Illini,4589.0,2422,69.53,7.242424242424242,36.696969696969695,11,52.778383089997824,401520336,2023,8
275,Wisconsin Badgers,5656.0,3770,74.42,8.881578947368421,49.60526315789474,11,66.65487977369166,401520336,2023,8
158,Nebraska Cornhuskers,4148.0,1659,76.81,6.2592592592592595,30.72222222222222,12,39.99517839922854,401520342,2023,8
77,Northwestern Wildcats,4368.0,1451,72.8,5.866666666666666,24.183333333333334,13,33.21886446886447,401520342,2023,8
58,South Florida Bulls,5979.0,3812,68.72,8.057471264367816,43.81609195402299,13,63.75648101689246,401520344,2023,8
41,UConn Huskies,5055.0,2533,77.77,5.553846153846154,38.96923076923077,14,50.108803165182984,401520344,2023,8
154,Wake Forest Demon Deacons,4256.0,1869,68.65,5.629032258064516,30.14516129032258,13,43.91447368421053,401525532,2023,8
221,Pittsburgh Panthers,5630.0,2652,74.08,6.842105263157895,34.89473684210526,14,47.10479573712256,401525532,2023,8
197,Oklahoma State Cowboys,4588.0,2923,66.49,6.507246376811594,42.36231884057971,14,63.70967741935484,401525872,2023,8
277,West Virginia Mountaineers,5411.0,3779,74.12,7.383561643835616,51.76712328767123,13,69.8392164110146,401525872,2023,8
2050,Ball State Cardinals,4333.0,3162,73.44,8.677966101694915,53.59322033898305,9,72.97484421878606,401532425,2023,8
2117,Central Michigan Chippewas,5146.0,2888,77.97,9.106060606060606,43.75757575757576,9,56.121259230470265,401532425,2023,8
2459,Northern Illinois Huskies,4401.0,2663,70.98,9.0,42.95161290322581,9,60.50897523290161,401532426,2023,8
2199,Eastern Michigan Eagles,4383.0,2285,74.29,8.372881355932204,38.728813559322035,9,52.13324207164043,401532426,2023,8
2309,Kent State Golden Flashes,4517.0,1205,74.05,6.032786885245901,19.75409836065574,13,26.67699800752712,401532430,2023,8
2084,Buffalo Bulls,4198.0,2192,65.59,6.4375,34.25,12,52.21534063839924,401532430,2023,8
193,Miami (OH) RedHawks,5591.0,2444,87.36,6.90625,38.1875,13,43.713110355929174,401532427,2023,8
2649,Toledo Rockets,1287.0,2916,17.39,7.972972972972973,39.4054054054054,12,226.5734265734266,401532427,2023,8
2226,Florida Atlantic Owls,4567.0,1353,74.87,6.967213114754099,22.18032786885246,12,29.625574775563827,401531397,2023,8
2636,UTSA Roadrunners,5557.0,3461,70.34,7.89873417721519,43.81012658227848,13,62.28180673025013,401531397,2023,8
167,New Mexico Lobos,4151.0,3374,70.36,8.203389830508474,57.186440677966104,10,81.28161888701517,401532600,2023,8
62,Hawai'i Rainbow Warriors,4906.0,3393,76.66,7.75,53.015625,10,69.1602119853241,401532600,2023,8
252,BYU Cougars,3920.0,1667,70.0,5.642857142857143,29.767857142857142,12,42.525510204081634,401525867,2023,8
2641,Texas Tech Red Raiders,6091.0,3459,78.09,9.243589743589743,44.34615384615385,13,56.788704646199314,401525867,2023,8
2306,Kansas State Wildcats,6016.0,4963,78.13,9.766233766233766,64.45454545454545,9,82.49667553191489,401525870,2023,8
2628,TCU Horned Frogs,4948.0,2910,76.12,9.292307692307693,44.76923076923077,9,58.81164106709782,401525870,2023,8
295,Old Dominion Monarchs,4957.0,2972,78.68,8.19047619047619,47.17460317460318,10,59.955618317530764,401531895,2023,8
2026,Appalachian State Mountaineers,4646.0,2876,70.39,8.181818181818182,43.57575757575758,10,61.90271201033147,401531895,2023,8
324,Coastal Carolina Chanticleers,5135.0,3260,74.42,7.72463768115942,47.2463768115942,12,63.4858812074002,401531896,2023,8
2032,Arkansas State Red Wolves,4139.0,2246,71.36,6.379310344827586,38.724137931034484,13,54.26431505194491,401531896,2023,8
2439,UNLV Rebels,5823.0,3634,70.16,9.63855421686747,43.78313253012048,12,62.40769362871372,401532599,2023,8
36,Colorado State Rams,4973.0,3047,74.22,8.194029850746269,45.47761194029851,11,61.27086265835512,401532599,2023,8
23,San José State Spartans,3768.0,2697,55.41,7.132352941176471,39.661764705882355,12,71.57643312101911,401532602,2023,8
328,Utah State Aggies,4843.0,2497,78.11,7.387096774193548,40.274193548387096,12,51.55895106339046,401532602,2023,8
2390,Miami Hurricanes,4614.0,2372,67.85,8.029411764705882,34.88235294117647,13,51.40875596012137,401525529,2023,8
228,Clemson Tigers,4119.0,2407,72.26,6.982456140350878,42.228070175438596,13,58.43651371692158,401525529,2023,8
309,Louisiana Ragin' Cajuns,4732.0,2804,69.59,9.029411764705882,41.23529411764706,11,59.256128486897715,401531897,2023,8
2247,Georgia State Panthers,4221.0,2895,70.35,7.633333333333334,48.25,11,68.58564321250888,401531897,2023,8
21,San Diego State Aztecs,3393.0,1345,65.25,6.730769230769231,25.865384615384617,10,39.64043619216033,401532601,2023,8
2440,Nevada Wolf Pack,4548.0,1875,75.8,7.6,31.25,11,41.226912928759894,401532601,2023,8
2348,Louisiana Tech Bulldogs,4735.0,3212,69.63,8.838235294117647,47.23529411764706,10,67.83526927138331,401520345,2023,9
166,New Mexico State Aggies,4253.0,3014,75.95,9.142857142857142,53.82142857142857,9,70.86762285445567,401520345,2023,9
2335,Liberty Flames,5147.0,3939,77.98,7.53030303030303,59.68181818181818,11,76.53001748591413,401520346,2023,9
98,Western Kentucky Hilltoppers,4639.0,3487,71.37,8.476923076923077,53.646153846153844,10,75.16706186678164,401520346,2023,9
55,Jacksonville State Gamecocks,4505.0,2410,61.71,5.986301369863014,33.013698630136986,14,53.496115427302996,401520347,2023,9
2229,Florida International Panthers,4914.0,1870,74.45,6.7727272727272725,28.333333333333332,13,38.05453805453806,401520347,2023,9
2638,UTEP Miners,4397.0,3203,72.08,8.524590163934427,52.50819672131148,12,72.84512167386855,401520348,2023,9
2534,Sam Houston Bearkats,5320.0,3068,72.88,7.8493150684931505,42.02739726027397,12,57.669172932330824,401520348,2023,9
183,Syracuse Orange,3197.0,1114,76.12,5.119047619047619,26.523809523809526,12,34.84516734438536,401525533,2023,9
259,Virginia Tech Hokies,5320.0,3839,69.09,7.9480519480519485,49.857142857142854,12,72.16165413533835,401525533,2023,9
2247,Georgia State Panthers,5603.0,3500,72.77,7.1688311688311686,45.45454545454545,14,62.466535784401216,401531929,2023,9
290,Georgia Southern Eagles,4918.0,3121,67.37,7.041095890410959,42.75342465753425,13,63.4607564050427,401531929,2023,9
2429,Charlotte 49ers,5877.0,2944,71.67,9.390243902439025,35.90243902439025,11,50.093585162497874,401531407,2023,9
2226,Florida Atlantic Owls,3494.0,2447,69.88,6.3,48.94,11,70.03434459072696,401531407,2023,9
57,Florida Gators,4987.0,2488,84.53,6.661016949152542,42.16949152542373,11,49.8897132544616,401520352,2023,9
61,Georgia Bulldogs,4346.0,3264,68.98,7.333333333333333,51.80952380952381,11,75.10354348826507,401520352,2023,9
194,Ohio State Buckeyes,4294.0,2677,67.09,6.875,41.828125,11,62.342803912435954,401520360,2023,9
275,Wisconsin Badgers,4708.0,2027,73.56,7.40625,31.671875,12,43.05437553101105,401520360,2023,9
154,Wake Forest Demon Deacons,4856.0,2217,75.88,6.375,34.640625,13,45.654859967051074,401525536,2023,9
52,Florida State Seminoles,4509.0,2898,69.37,6.476923076923077,44.58461538461538,14,64.27145708582835,401525536,2023,9
24,Stanford Cardinal,6233.0,3395,77.91,7.2,42.4375,14,54.46815337718595,401524042,2023,9
264,Washington Huskies,3923.0,2461,65.38,5.55,41.016666666666666,13,62.73260260005098,401524042,2023,9
2305,Kansas Jayhawks,5481.0,3604,75.08,7.917808219178082,49.36986301369863,12,65.75442437511403,401525874,2023,9
201,Oklahoma Sooners,4789.0,3144,65.6,6.821917808219178,43.06849315068493,14,65.6504489455001,401525874,2023,9
252,BYU Cougars,5213.0,2521,78.98,8.015151515151516,38.196969696969695,13,48.35986955687704,401525877,2023,9
251,Texas Longhorns,3654.0,2550,60.9,7.1,42.5,11,69.78653530377669,401525877,2023,9
254,Utah Utes,4761.0,2098,71.06,7.8059701492537314,31.313432835820894,12,44.06637261079605,401524044,2023,9
2483,Oregon Ducks,4088.0,2700,70.48,6.896551724137931,46.55172413793103,11,66.04696673189824,401524044,2023,9
84,Indiana Hoosiers,3819.0,2137,73.44,8.173076923076923,41.09615384615385,12,55.95705682115737,401520358,2023,9
213,Penn State Nittany Lions,4615.0,2356,64.1,6.736111111111111,32.72222222222222,14,51.05092091007584,401520358,2023,9
12,Arizona Wildcats,4387.0,2726,71.92,8.639344262295081,44.68852459016394,9,62.13813540004559,401524039,2023,9
204,Oregon State Beavers,4603.0,3200,74.24,8.0,51.61290322580645,9,69.5198783402129,401524039,2023,9
238,Vanderbilt Commodores,4607.0,1848,74.31,6.967741935483871,29.806451612903224,12,40.11287171695246,401520357,2023,9
145,Ole Miss Rebels,4407.0,2640,64.81,6.764705882352941,38.8235294117647,12,59.904697072838665,401520357,2023,9
221,Pittsburgh Panthers,3829.0,1094,75.08,4.607843137254902,21.45098039215686,14,28.571428571428573,401525440,2023,9
87,Notre Dame Fighting Irish,4053.0,3021,65.37,6.532258064516129,48.725806451612904,11,74.53737971872687,401525440,2023,9
153,North Carolina Tar Heels,5366.0,3935,75.58,7.704225352112676,55.42253521126761,12,73.33209094297428,401525537,2023,9
59,Georgia Tech Yellow Jackets,5945.0,4098,77.21,7.064935064935065,53.22077922077922,13,68.9318755256518,401525537,2023,9
150,Duke Blue Devils,3712.0,779,75.76,5.36734693877551,15.89795918367347,10,20.985991379310345,401525535,2023,9
97,Louisville Cardinals,4434.0,2886,71.52,8.403225806451612,46.54838709677419,10,65.08795669824086,401525535,2023,9
36,Colorado State Rams,5283.0,2647,82.55,8.5,41.359375,10,50.10410751466969,401532603,2023,9
2005,Air Force Falcons,3961.0,2319,67.14,7.423728813559322,39.30508474576271,11,58.54582176218127,401532603,2023,9
96,Kentucky Wildcats,4725.0,3550,75.0,8.063492063492063,56.34920634920635,9,75.13227513227513,401520353,2023,9
2633,Tennessee Volunteers,4795.0,3196,71.57,8.029850746268657,47.701492537313435,10,66.65276329509906,401520353,2023,9
2655,Tulane Green Wave,4636.0,3563,66.23,9.82857142857143,50.9,10,76.85504745470233,401531373,2023,9
242,Rice Owls,3555.0,2122,74.06,6.958333333333333,44.208333333333336,10,59.69057665260197,401531373,2023,9
38,Colorado Buffaloes,5036.0,2372,75.16,7.119402985074627,35.40298507462686,13,47.10087370929309,401524043,2023,9
26,UCLA Bruins,5297.0,3947,73.57,8.51388888888889,54.81944444444444,12,74.51387577874269,401524043,2023,9
30,USC Trojans,5289.0,3042,67.81,6.705128205128205,39.0,18,57.515598411798074,401524041,2023,9
25,California Golden Bears,5456.0,3650,69.06,6.7215189873417724,46.20253164556962,16,66.89882697947215,401524041,2023,9
256,James Madison Dukes,5174.0,3203,70.88,7.109589041095891,43.87671232876713,13,61.90568225744105,401531900,2023,9
295,Old Dominion Monarchs,5646.0,3110,71.47,7.784810126582278,39.36708860759494,14,55.08324477506199,401531900,2023,9
113,Massachusetts Minutemen,4218.0,2738,70.3,8.366666666666667,45.63333333333333,8,64.91228070175438,401520349,2023,9
349,Army Black Knights,4815.0,3273,76.43,9.952380952380953,51.95238095238095,9,67.97507788161994,401520349,2023,9
41,UConn Huskies,3275.0,1527,71.2,6.956521739130435,33.19565217391305,9,46.62595419847328,401520351,2023,9
103,Boston College Eagles,5858.0,4513,69.74,10.464285714285714,53.726190476190474,9,77.03994537384773,401520351,2023,9
120,Maryland Terrapins,4661.0,3031,63.85,7.972602739726027,41.52054794520548,12,65.02896374168634,401520356,2023,9
77,Northwestern Wildcats,4362.0,3107,75.21,7.517241379310345,53.56896551724138,11,71.2287941311325,401520356,2023,9
2579,South Carolina Gamecocks,1685.0,1933,27.62,7.049180327868853,31.688524590163933,12,114.71810089020771,401520359,2023,9
245,Texas A&M Aggies,5909.0,2732,84.41,7.857142857142857,39.02857142857143,12,46.23455745473007,401520359,2023,9
2306,Kansas State Wildcats,4837.0,3733,67.18,8.791666666666666,51.84722222222222,11,77.17593549720901,401525875,2023,9
248,Houston Cougars,4510.0,1211,73.93,6.0,19.852459016393443,12,26.851441241685144,401525875,2023,9
277,West Virginia Mountaineers,4396.0,3548,62.8,7.785714285714286,50.68571428571428,11,80.70973612374887,401525878,2023,9
2116,UCF Knights,5311.0,3789,76.97,7.782608695652174,54.91304347826087,11,71.34249670495198,401525878,2023,9
2567,SMU Mustangs,4619.0,3757,67.93,6.985294117647059,55.25,13,81.33795193764884,401531342,2023,9
202,Tulsa Golden Hurricane,5142.0,2049,72.42,6.774647887323944,28.859154929577464,15,39.84830805134189,401531342,2023,9
2199,Eastern Michigan Eagles,4792.0,2453,79.87,6.583333333333333,40.88333333333333,14,51.18948247078464,401532431,2023,9
2711,Western Michigan Broncos,4964.0,3804,59.1,8.535714285714286,45.285714285714285,13,76.6317485898469,401532431,2023,9
152,NC State Wolfpack,3291.0,1028,73.13,4.355555555555555,22.844444444444445,12,31.236706168337893,401525534,2023,9
228,Clemson Tigers,5885.0,2753,74.49,7.962025316455696,34.848101265822784,14,46.779949022939675,401525534,2023,9
235,Memphis Tigers,5052.0,3667,73.22,7.63768115942029,53.14492753623188,13,72.58511480601742,401531430,2023,9
249,North Texas Mean Green,5662.0,3967,76.51,7.081081081081081,53.608108108108105,13,70.06358177322501,401531430,2023,9
344,Mississippi State Bulldogs,4518.0,2614,69.51,8.169230769230769,40.215384615384615,10,57.85745905267817,401520350,2023,9
2,Auburn Tigers,4639.0,2807,77.32,7.066666666666666,46.78333333333333,11,60.50873032981246,401520350,2023,9
135,Minnesota Golden Gophers,5003.0,3390,73.57,7.514705882352941,49.85294117647059,12,67.75934439336397,401520354,2023,9
127,Michigan State Spartans,4125.0,1945,75.0,5.6,35.36363636363637,13,47.15151515151515,401520354,2023,9
158,Nebraska Cornhuskers,3888.0,2047,68.21,7.105263157894737,35.91228070175438,14,52.64917695473251,401520355,2023,9
2509,Purdue Boilermakers,4197.0,1023,69.95,5.283333333333333,17.05,14,24.37455325232309,401520355,2023,9
2390,Miami Hurricanes,3828.0,1627,69.6,5.963636363636364,29.581818181818182,12,42.50261233019854,401525538,2023,9
258,Virginia Cavaliers,6050.0,3603,73.78,9.451219512195122,43.9390243902439,13,59.553719008264466,401525538,2023,9
239,Baylor Bears,4525.0,2252,68.56,6.575757575757576,34.121212121212125,12,49.767955801104975,401525873,2023,9
66,Iowa State Cyclones,4356.0,2768,70.26,7.338709677419355,44.645161290322584,11,63.544536271809,401525873,2023,9
151,East Carolina Pirates,5737.0,3199,74.51,7.9480519480519485,41.54545454545455,13,55.76085061879031,401531398,2023,9
2636,UTSA Roadrunners,4223.0,2736,67.03,6.825396825396825,43.42857142857143,13,64.78806535638172,401531398,2023,9
2572,Southern Miss Golden Eagles,6244.0,4160,73.46,7.847058823529411,48.94117647058823,15,66.62395900064061,401531898,2023,9
2026,Appalachian State Mountaineers,4785.0,2879,74.77,5.078125,44.984375,14,60.167189132706376,401531898,2023,9
195,Ohio Bobcats,6024.0,2683,92.68,7.369230769230769,41.276923076923076,12,44.53851261620186,401532432,2023,9
193,Miami (OH) RedHawks,93.0,1763,1.86,6.68,35.26,11,1895.6989247311828,401532432,2023,9
2433,UL Monroe Warhawks,6049.0,3780,75.61,8.6375,47.25,13,62.48966771367168,401531901,2023,9
2032,Arkansas State Red Wolves,4537.0,2898,70.89,7.0625,45.28125,12,63.87480714128279,401531901,2023,9
309,Louisiana Ragin' Cajuns,4596.0,2857,71.81,7.65625,44.640625,10,62.1627502175805,401531902,2023,9
6,South Alabama Jaguars,5815.0,3678,75.52,8.116883116883116,47.76623376623377,12,63.250214961306966,401531902,2023,9
2751,Wyoming Cowboys,3305.0,372,75.11,4.204545454545454,8.454545454545455,12,11.255673222390318,401532607,2023,9
68,Boise State Broncos,4984.0,3656,70.2,8.67605633802817,51.49295774647887,11,73.35473515248796,401532607,2023,9
324,Coastal Carolina Chanticleers,4201.0,3044,68.87,7.262295081967213,49.90163934426229,11,72.45893834801238,401531899,2023,9
276,Marshall Thundering Herd,5018.0,2281,70.68,7.76056338028169,32.12676056338028,13,45.456357114388204,401531899,2023,9
2653,Troy Trojans,4289.0,2614,63.07,6.338235294117647,38.44117647058823,12,60.94660760083936,401531903,2023,9
326,Texas State Bobcats,5754.0,3559,76.72,7.32,47.45333333333333,12,61.85262426138338,401531903,2023,9
9,Arizona State Sun Devils,4768.0,3511,78.16,8.19672131147541,57.557377049180324,10,73.63674496644295,401524040,2023,9
265,Washington State Cougars,5098.0,4056,72.83,10.271428571428572,57.94285714285714,9,79.56061200470774,401524040,2023,9
2132,Cincinnati Bearcats,5749.0,2517,76.65,5.746666666666667,33.56,15,43.78152722212559,401525876,2023,9
197,Oklahoma State Cowboys,4910.0,3470,70.14,6.785714285714286,49.57142857142857,14,70.67209775967413,401525876,2023,9
167,New Mexico Lobos,5490.0,3317,79.57,8.898550724637682,48.072463768115945,13,60.41894353369763,401532604,2023,9
2440,Nevada Wolf Pack,4584.0,2552,65.49,7.4,36.457142857142856,12,55.67190226876091,401532604,2023,9
2439,UNLV Rebels,5186.0,3336,66.49,8.0,42.76923076923077,12,64.32703432317778,401532606,2023,9
278,Fresno State Bulldogs,3963.0,2142,66.05,6.033333333333333,35.7,13,54.04996214988645,401532606,2023,9
23,San José State Spartans,4916.0,3921,72.29,8.617647058823529,57.661764705882355,11,79.75996745321399,401532605,2023,9
62,Hawai'i Rainbow Warriors,4265.0,1352,77.55,7.236363636363636,24.581818181818182,10,31.699882766705745,401532605,2023,9
2117,Central Michigan Chippewas,4041.0,2477,65.18,5.516129032258065,39.95161290322581,13,61.29670873546152,401532433,2023,10
2459,Northern Illinois Huskies,4637.0,3071,74.79,6.758064516129032,49.53225806451613,13,66.22816476169938,401532433,2023,10
2649,Toledo Rockets,3133.0,1639,61.43,5.490196078431373,32.13725490196079,15,52.31407596552825,401532434,2023,10
2084,Buffalo Bulls,5866.0,2830,69.01,7.741176470588235,33.294117647058826,15,48.24411864984658,401532434,2023,10
189,Bowling Green Falcons,3289.0,2101,58.73,8.035714285714286,37.517857142857146,10,63.87959866220736,401532435,2023,10
2050,Ball State Cardinals,4959.0,3077,71.87,9.63768115942029,44.594202898550726,11,62.048800161322845,401532435,2023,10
2006,Akron Zips,5193.0,3725,74.19,8.457142857142857,53.214285714285715,11,71.73117658386289,401532436,2023,10
2309,Kent State Golden Flashes,4357.0,2339,72.62,7.233333333333333,38.983333333333334,11,53.68372733532247,401532436,2023,10
2641,Texas Tech Red Raiders,5479.0,3634,74.04,9.378378378378379,49.108108108108105,12,66.32597189268115,401525879,2023,10
2628,TCU Horned Frogs,5883.0,3867,76.4,8.74025974025974,50.22077922077922,12,65.7317695053544,401525879,2023,10
150,Duke Blue Devils,4220.0,1963,74.04,7.087719298245614,34.43859649122807,13,46.51658767772512,401525539,2023,10
154,Wake Forest Demon Deacons,4602.0,2538,69.73,6.106060606060606,38.45454545454545,13,55.14993481095176,401525539,2023,10
6,South Alabama Jaguars,4019.0,1769,74.43,6.185185185185185,32.75925925925926,12,44.01592435929336,401531904,2023,10
2653,Troy Trojans,4784.0,3454,74.75,9.171875,53.96875,11,72.1989966555184,401531904,2023,10
103,Boston College Eagles,6637.0,4088,70.61,10.27659574468085,43.48936170212766,12,61.594093717040835,401525540,2023,10
183,Syracuse Orange,3485.0,1175,69.7,5.26,23.5,12,33.715925394548066,401525540,2023,10
36,Colorado State Rams,4794.0,2079,76.1,6.603174603174603,33.0,12,43.36670838548185,401532609,2023,10
2751,Wyoming Cowboys,4038.0,2344,62.12,7.107692307692307,36.06153846153846,12,58.04853888063398,401532609,2023,10
164,Rutgers Scarlet Knights,4601.0,2809,68.67,6.91044776119403,41.92537313432836,12,61.05194522929798,401520375,2023,10
194,Ohio State Buckeyes,3609.0,2042,65.62,6.163636363636364,37.127272727272725,10,56.58077029648102,401520375,2023,10
142,Missouri Tigers,4919.0,2960,78.08,7.968253968253968,46.98412698412698,10,60.17483228298435,401520364,2023,10
61,Georgia Bulldogs,4607.0,3386,71.98,8.59375,52.90625,10,73.49685261558498,401520364,2023,10
130,Michigan Wolverines,4580.0,2811,66.38,6.086956521739131,40.73913043478261,13,61.375545851528386,401520368,2023,10
2509,Purdue Boilermakers,4256.0,1417,74.67,4.9298245614035086,24.859649122807017,14,33.294172932330824,401520368,2023,10
221,Pittsburgh Panthers,4468.0,1327,74.47,4.833333333333333,22.116666666666667,14,29.700089525514773,401525541,2023,10
52,Florida State Seminoles,5791.0,3847,78.26,7.27027027027027,51.986486486486484,14,66.43066827836297,401525541,2023,10
264,Washington Huskies,5168.0,4567,73.83,7.9714285714285715,65.24285714285715,10,88.37074303405572,401524048,2023,10
30,USC Trojans,4808.0,3599,76.32,7.253968253968254,57.12698412698413,11,74.85440931780366,401524048,2023,10
2483,Oregon Ducks,5555.0,4659,67.74,8.24390243902439,56.81707317073171,14,83.87038703870387,401524047,2023,10
25,California Golden Bears,4450.0,2108,71.77,6.016129032258065,34.0,14,47.37078651685393,401524047,2023,10
251,Texas Longhorns,5225.0,2787,70.61,6.702702702702703,37.66216216216216,16,53.33971291866029,401525884,2023,10
2306,Kansas State Wildcats,4842.0,2010,68.2,5.661971830985915,28.309859154929576,17,41.51177199504337,401525884,2023,10
99,LSU Tigers,4349.0,2974,76.3,6.666666666666667,52.175438596491226,10,68.3835364451598,401520362,2023,10
333,Alabama Crimson Tide,4587.0,3581,68.46,7.940298507462686,53.44776119402985,11,78.06845432744713,401520362,2023,10
197,Oklahoma State Cowboys,5666.0,3699,71.72,7.025316455696203,46.822784810126585,13,65.28415107659724,401525883,2023,10
201,Oklahoma Sooners,4822.0,2888,75.34,6.21875,45.125,13,59.892160929075075,401525883,2023,10
145,Ole Miss Rebels,6378.0,4100,96.64,8.015151515151516,62.121212121212125,11,64.28347444339919,401520374,2023,10
245,Texas A&M Aggies,0.0,4269,0.0,9.41025641025641,54.73076923076923,10,,401520374,2023,10
213,Penn State Nittany Lions,4743.0,3925,63.24,8.946666666666667,52.333333333333336,11,82.75353152013494,401520367,2023,10
120,Maryland Terrapins,4128.0,2041,75.05,7.072727272727272,37.10909090909091,12,49.44282945736434,401520367,2023,10
97,Louisville Cardinals,4077.0,2183,79.94,6.686274509803922,42.80392156862745,10,53.544272749570766,401525543,2023,10
259,Virginia Tech Hokies,880.0,1065,17.25,6.352941176470588,20.88235294117647,11,121.02272727272727,401525543,2023,10
87,Notre Dame Fighting Irish,4882.0,1992,80.03,6.114754098360656,32.65573770491803,14,40.80294961081524,401525441,2023,10
228,Clemson Tigers,4335.0,2081,62.83,6.043478260869565,30.159420289855074,15,48.004613610149946,401525441,2023,10
204,Oregon State Beavers,5458.0,3521,76.87,8.04225352112676,49.59154929577465,12,64.51080982044705,401524046,2023,10
38,Colorado Buffaloes,4134.0,1899,72.53,6.280701754385965,33.31578947368421,11,45.93613933236575,401524046,2023,10
41,UConn Huskies,5149.0,2553,78.02,8.803030303030303,38.68181818181818,12,49.58244319285298,401520377,2023,10
2633,Tennessee Volunteers,5026.0,3914,77.32,8.276923076923078,60.215384615384615,10,77.87504974134501,401520377,2023,10
9,Arizona State Sun Devils,3978.0,467,69.79,4.87719298245614,8.192982456140351,14,11.739567621920562,401524049,2023,10
254,Utah Utes,4372.0,3307,58.29,7.4,44.093333333333334,14,75.64043915827996,401524049,2023,10
26,UCLA Bruins,4069.0,2371,65.63,8.919354838709678,38.24193548387097,9,58.269845170803634,401524045,2023,10
12,Arizona Wildcats,4765.0,3447,72.2,9.166666666666666,52.22727272727273,9,72.33997901364113,401524045,2023,10
66,Iowa State Cyclones,3973.0,2728,70.95,6.892857142857143,48.714285714285715,11,68.66347847973823,401525882,2023,10
2305,Kansas Jayhawks,4283.0,2635,75.14,8.298245614035087,46.228070175438596,9,61.52229745505487,401525882,2023,10
2655,Tulane Green Wave,4734.0,3698,72.83,10.8,56.89230769230769,8,78.11575834389522,401531374,2023,10
151,East Carolina Pirates,3030.0,1625,73.9,7.487804878048781,39.63414634146341,7,53.63036303630363,401531374,2023,10
349,Army Black Knights,3316.0,1309,59.21,6.053571428571429,23.375,13,39.475271411338966,401520361,2023,10
2005,Air Force Falcons,4652.0,2059,72.69,6.796875,32.171875,12,44.26053310404127,401520361,2023,10
57,Florida Gators,4645.0,2215,66.36,6.885714285714286,31.642857142857142,15,47.68568353067815,401520363,2023,10
8,Arkansas Razorbacks,5368.0,3369,71.57,7.1466666666666665,44.92,13,62.76080476900149,401520363,2023,10
275,Wisconsin Badgers,5376.0,2545,75.72,7.309859154929577,35.84507042253521,12,47.34002976190476,401520365,2023,10
84,Indiana Hoosiers,4831.0,2636,67.1,8.25,36.611111111111114,11,54.564272407369074,401520365,2023,10
158,Nebraska Cornhuskers,5141.0,2390,76.73,6.955223880597015,35.67164179104478,13,46.48900992024898,401520369,2023,10
127,Michigan State Spartans,3961.0,1782,72.02,6.036363636363636,32.4,13,44.98863923251704,401520369,2023,10
2579,South Carolina Gamecocks,4999.0,2298,67.55,5.905405405405405,31.054054054054053,15,45.96919383876775,401520376,2023,10
55,Jacksonville State Gamecocks,6077.0,3234,75.02,6.45679012345679,39.925925925925924,17,53.2170478854698,401520376,2023,10
153,North Carolina Tar Heels,3674.0,2559,62.27,5.661016949152542,43.3728813559322,13,69.6516058791508,401525545,2023,10
2097,Campbell Fighting Camels,5816.0,2265,74.56,7.756410256410256,29.03846153846154,13,38.944291609353506,401525545,2023,10
338,Kennesaw State Owls,3099.0,1369,64.56,5.895833333333333,28.520833333333332,10,44.175540496934495,401525451,2023,10
2534,Sam Houston Bearkats,6009.0,4076,75.11,10.025,50.95,11,67.83158595440173,401525451,2023,10
258,Virginia Cavaliers,5209.0,2782,75.49,7.695652173913044,40.31884057971015,13,53.40756383182953,401525542,2023,10
59,Georgia Tech Yellow Jackets,5116.0,3355,67.32,8.25,44.14473684210526,12,65.57857701329164,401525542,2023,10
2426,Navy Midshipmen,4421.0,2036,71.31,6.935483870967742,32.83870967741935,11,46.05292920153811,401531392,2023,10
218,Temple Owls,4152.0,2984,75.49,7.5636363636363635,54.25454545454546,10,71.86897880539499,401531392,2023,10
2226,Florida Atlantic Owls,4717.0,2860,64.62,6.123287671232877,39.178082191780824,15,60.63175747297011,401531383,2023,10
5,UAB Blazers,5478.0,3444,74.03,6.95945945945946,46.54054054054054,14,62.869660460021905,401531383,2023,10
249,North Texas Mean Green,5422.0,4133,71.34,9.81578947368421,54.38157894736842,11,76.22648469199558,401531399,2023,10
2636,UTSA Roadrunners,5292.0,3346,71.51,8.27027027027027,45.21621621621622,12,63.22751322751323,401531399,2023,10
58,South Florida Bulls,6259.0,3952,74.51,6.416666666666667,47.04761904761905,15,63.141076849336955,401531425,2023,10
235,Memphis Tigers,4532.0,3347,64.74,6.014285714285714,47.81428571428572,15,73.85260370697264,401531425,2023,10
2032,Arkansas State Red Wolves,5495.0,4260,70.45,10.217948717948717,54.61538461538461,9,77.52502274795269,401531908,2023,10
309,Louisiana Ragin' Cajuns,4868.0,2680,79.8,8.049180327868852,43.9344262295082,11,55.05341002465078,401531908,2023,10
356,Illinois Fighting Illini,5153.0,2779,74.68,7.768115942028985,40.27536231884058,12,53.929749660392005,401520370,2023,10
135,Minnesota Golden Gophers,3748.0,1964,66.93,6.946428571428571,35.07142857142857,11,52.40128068303095,401520370,2023,10
2294,Iowa Hawkeyes,3652.0,1365,66.4,6.509090909090909,24.818181818181817,10,37.37677984665937,401520373,2023,10
77,Northwestern Wildcats,4165.0,1702,68.28,8.704918032786885,27.901639344262296,11,40.86434573829532,401520373,2023,10
2771,Merrimack Warriors,4160.0,1846,70.51,6.932203389830509,31.28813559322034,11,44.375,401520400,2023,10
113,Massachusetts Minutemen,3656.0,2351,65.29,6.035714285714286,41.982142857142854,12,64.30525164113786,401520400,2023,10
248,Houston Cougars,3668.0,2314,71.92,7.862745098039215,45.372549019607845,10,63.086150490730645,401525880,2023,10
239,Baylor Bears,4943.0,3345,76.05,9.984615384615385,51.46153846153846,8,67.6714545822375,401525880,2023,10
2132,Cincinnati Bearcats,5310.0,3798,75.86,8.585714285714285,54.25714285714286,10,71.52542372881356,401525881,2023,10
2116,UCF Knights,4627.0,3226,77.12,7.45,53.766666666666666,11,69.72120164253296,401525881,2023,10
2247,Georgia State Panthers,3402.0,1266,72.38,5.297872340425532,26.93617021276596,11,37.213403880070544,401531906,2023,10
256,James Madison Dukes,5860.0,4874,71.46,9.231707317073171,59.4390243902439,11,83.1740614334471,401531906,2023,10
324,Coastal Carolina Chanticleers,5609.0,3708,73.8,7.9605263157894735,48.78947368421053,13,66.10804064895703,401531907,2023,10
295,Old Dominion Monarchs,4727.0,2180,71.62,5.621212121212121,33.03030303030303,14,46.118045271842604,401531907,2023,10
238,Vanderbilt Commodores,4674.0,2014,75.39,7.67741935483871,32.483870967741936,13,43.08943089430894,401520379,2023,10
2,Auburn Tigers,4309.0,1944,69.5,5.82258064516129,31.35483870967742,14,45.114875841262474,401520379,2023,10
202,Tulsa Golden Hurricane,6281.0,3497,81.57,8.090909090909092,45.41558441558441,14,55.67584779493711,401531343,2023,10
2429,Charlotte 49ers,2675.0,3230,38.21,7.457142857142857,46.142857142857146,13,120.74766355140187,401531343,2023,10
2433,UL Monroe Warhawks,3862.0,1511,75.73,5.686274509803922,29.627450980392158,13,39.12480580010357,401531909,2023,10
2572,Southern Miss Golden Eagles,5688.0,3352,73.87,8.753246753246753,43.532467532467535,14,58.931082981715896,401531909,2023,10
62,Hawai'i Rainbow Warriors,5069.0,2285,68.5,7.0675675675675675,30.87837837837838,14,45.07792463996844,401532610,2023,10
2440,Nevada Wolf Pack,4426.0,1633,69.16,6.15625,25.515625,15,36.895616809760504,401532610,2023,10
290,Georgia Southern Eagles,4147.0,2815,75.4,6.2727272727272725,51.18181818181818,11,67.88039546660237,401531910,2023,10
326,Texas State Bobcats,5079.0,4126,69.58,9.054794520547945,56.52054794520548,10,81.23646387084072,401531910,2023,10
2348,Louisiana Tech Bulldogs,4216.0,2746,70.27,7.45,45.766666666666666,10,65.13282732447819,401520366,2023,10
2335,Liberty Flames,5239.0,4876,74.84,8.4,69.65714285714286,11,93.07119679328116,401520366,2023,10
166,New Mexico State Aggies,5055.0,2847,75.45,7.149253731343284,42.492537313432834,11,56.32047477744807,401520372,2023,10
2393,Middle Tennessee Blue Raiders,5365.0,2748,81.29,8.469696969696969,41.63636363636363,11,51.22087604846226,401520372,2023,10
2026,Appalachian State Mountaineers,3004.0,2109,46.94,5.515625,32.953125,10,70.20639147802929,401531905,2023,10
276,Marshall Thundering Herd,2807.0,2255,63.8,7.363636363636363,51.25,9,80.33487709298183,401531905,2023,10
2439,UNLV Rebels,3023.0,2317,61.69,6.73469387755102,47.285714285714285,11,76.64571617598412,401532611,2023,10
167,New Mexico Lobos,5536.0,2873,79.09,8.628571428571428,41.042857142857144,11,51.89667630057804,401532611,2023,10
277,West Virginia Mountaineers,5313.0,4293,73.79,7.944444444444445,59.625,11,80.80180688876341,401525885,2023,10
252,BYU Cougars,4555.0,2159,72.3,7.492063492063492,34.26984126984127,10,47.398463227222834,401525885,2023,10
328,Utah State Aggies,4901.0,2163,70.01,6.728571428571429,30.9,13,44.13385023464599,401532612,2023,10
21,San Diego State Aztecs,4446.0,2285,68.4,6.230769230769231,35.15384615384615,13,51.39451192082771,401532612,2023,10
96,Kentucky Wildcats,3541.0,2025,66.81,6.962264150943396,38.20754716981132,10,57.187235244281275,401520371,2023,10
344,Mississippi State Bulldogs,5002.0,2551,79.4,11.142857142857142,40.492063492063494,12,50.99960015993602,401520371,2023,10
2567,SMU Mustangs,5503.0,3423,69.66,7.291139240506329,43.32911392405063,15,62.202435035435215,401531440,2023,10
242,Rice Owls,3833.0,1867,69.69,5.527272727272727,33.945454545454545,13,48.70858335507435,401531440,2023,10
2390,Miami Hurricanes,5025.0,2481,71.79,7.714285714285714,35.44285714285714,12,49.37313432835821,401525544,2023,10
152,NC State Wolfpack,3075.0,1379,68.33,4.977777777777778,30.644444444444446,11,44.84552845528455,401525544,2023,10
98,Western Kentucky Hilltoppers,3345.0,1829,71.17,8.48936170212766,38.91489361702128,9,54.67862481315396,401520378,2023,10
2638,UTEP Miners,4619.0,2761,72.17,7.96875,43.140625,10,59.774843039618965,401520378,2023,10
265,Washington State Cougars,4627.0,2048,73.44,7.380952380952381,32.507936507936506,11,44.261940782364384,401524050,2023,10
24,Stanford Cardinal,5121.0,2027,74.22,7.753623188405797,29.3768115942029,11,39.58211286858035,401524050,2023,10
278,Fresno State Bulldogs,4768.0,3521,70.12,8.176470588235293,51.779411764705884,11,73.84647651006712,401532608,2023,10
68,Boise State Broncos,6301.0,4236,78.76,9.15,52.95,12,67.22742421837803,401532608,2023,10
2459,Northern Illinois Huskies,4686.0,3003,82.21,8.035087719298245,52.68421052631579,10,64.08450704225352,401532437,2023,11
2050,Ball State Cardinals,4314.0,2313,62.52,7.942028985507246,33.52173913043478,10,53.61613351877608,401532437,2023,11
2117,Central Michigan Chippewas,3746.0,2133,62.43,6.066666666666666,35.55,14,56.94073678590497,401532438,2023,11
2711,Western Michigan Broncos,5845.0,3521,75.91,7.675324675324675,45.72727272727273,13,60.23952095808383,401532438,2023,11
2084,Buffalo Bulls,4957.0,2727,77.45,9.703125,42.609375,8,55.01311276982046,401532439,2023,11
195,Ohio Bobcats,3149.0,2040,64.27,8.63265306122449,41.63265306122449,7,64.78247062559542,401532439,2023,11
2006,Akron Zips,1813.0,1764,27.89,6.907692307692308,27.138461538461538,12,97.29729729729729,401532441,2023,11
193,Miami (OH) RedHawks,4686.0,1685,88.42,6.132075471698113,31.79245283018868,12,35.958173282116945,401532441,2023,11
2309,Kent State Golden Flashes,4841.0,2511,68.18,6.746478873239437,35.36619718309859,13,51.869448461061765,401532442,2023,11
189,Bowling Green Falcons,3674.0,2747,62.27,6.627118644067797,46.559322033898304,12,74.76864452912358,401532442,2023,11
2649,Toledo Rockets,4239.0,3915,75.7,8.214285714285714,69.91071428571429,9,92.35668789808918,401532440,2023,11
2199,Eastern Michigan Eagles,3995.0,2111,66.58,7.333333333333333,35.18333333333333,10,52.84105131414268,401532440,2023,11
97,Louisville Cardinals,4302.0,2302,74.17,6.706896551724138,39.689655172413794,13,53.50999535099953,401525546,2023,11
258,Virginia Cavaliers,5177.0,2731,76.13,6.779411764705882,40.161764705882355,12,52.752559397334366,401525546,2023,11
2572,Southern Miss Golden Eagles,5221.0,3011,70.55,7.216216216216216,40.689189189189186,14,57.67094426355104,401531911,2023,11
309,Louisiana Ragin' Cajuns,4783.0,3252,73.58,9.092307692307692,50.03076923076923,11,67.99080075266569,401531911,2023,11
2567,SMU Mustangs,5013.0,3938,66.84,8.08,52.50666666666667,12,78.55575503690405,401531437,2023,11
249,North Texas Mean Green,4779.0,2594,74.67,6.3125,40.53125,12,54.2791378949571,401531437,2023,11
2439,UNLV Rebels,4254.0,2817,61.65,8.304347826086957,40.82608695652174,11,66.22002820874471,401532618,2023,11
2751,Wyoming Cowboys,4571.0,2044,74.93,6.590163934426229,33.50819672131148,12,44.716692189892804,401532618,2023,11
194,Ohio State Buckeyes,5216.0,3962,79.03,7.742424242424242,60.03030303030303,11,75.95858895705521,401520393,2023,11
127,Michigan State Spartans,3911.0,1223,72.43,6.574074074074074,22.64814814814815,11,31.27077473791869,401520393,2023,11
61,Georgia Bulldogs,4260.0,3742,71.0,6.6,62.36666666666667,11,87.84037558685446,401520382,2023,11
145,Ole Miss Rebels,5168.0,3041,76.0,8.411764705882353,44.720588235294116,11,58.842879256965944,401520382,2023,11
130,Michigan Wolverines,3465.0,1989,66.63,7.269230769230769,38.25,11,57.4025974025974,401520394,2023,11
213,Penn State Nittany Lions,4229.0,2455,74.19,7.7368421052631575,43.07017543859649,10,58.05154882951052,401520394,2023,11
52,Florida State Seminoles,4123.0,2083,67.59,6.491803278688525,34.14754098360656,12,50.52146495270434,401525550,2023,11
2390,Miami Hurricanes,4880.0,2007,76.25,7.078125,31.359375,13,41.127049180327866,401525550,2023,11
254,Utah Utes,4197.0,2492,79.19,6.377358490566038,47.0188679245283,12,59.37574457946152,401524056,2023,11
264,Washington Huskies,4890.0,3319,66.99,7.780821917808219,45.465753424657535,11,67.87321063394683,401524056,2023,11
30,USC Trojans,4532.0,3095,78.14,7.637931034482759,53.36206896551724,9,68.29214474845543,401524053,2023,11
2483,Oregon Ducks,4600.0,3945,75.41,9.245901639344263,64.67213114754098,9,85.76086956521739,401524053,2023,11
2628,TCU Horned Frogs,4379.0,2666,68.42,7.25,41.65625,12,60.88147978990637,401525891,2023,11
251,Texas Longhorns,5574.0,3218,75.32,7.378378378378378,43.486486486486484,13,57.73232866881952,401525891,2023,11
96,Kentucky Wildcats,3783.0,1769,68.78,5.4363636363636365,32.163636363636364,13,46.76182923605604,401520386,2023,11
333,Alabama Crimson Tide,4218.0,2968,65.91,6.9375,46.375,12,70.36510194404931,401520386,2023,11
204,Oregon State Beavers,4414.0,3622,68.97,6.78125,56.59375,13,82.05709107385591,401524054,2023,11
24,Stanford Cardinal,4746.0,1992,75.33,7.396825396825397,31.61904761904762,13,41.97218710493047,401524054,2023,11
2633,Tennessee Volunteers,4180.0,2009,73.33,6.649122807017544,35.24561403508772,11,48.0622009569378,401520391,2023,11
142,Missouri Tigers,6074.0,4261,82.08,10.324324324324325,57.58108108108108,10,70.15146526177149,401520391,2023,11
197,Oklahoma State Cowboys,4170.0,2017,66.19,6.761904761904762,32.01587301587302,14,48.36930455635492,401525892,2023,11
2116,UCF Knights,5060.0,3564,72.29,6.785714285714286,50.91428571428571,14,70.43478260869566,401525892,2023,11
2305,Kansas Jayhawks,5985.0,4290,83.12,11.152777777777779,59.583333333333336,12,71.67919799498746,401525888,2023,11
2641,Texas Tech Red Raiders,4486.0,2169,63.18,7.873239436619718,30.549295774647888,11,48.35042353990192,401525888,2023,11
277,West Virginia Mountaineers,5117.0,2864,67.33,6.934210526315789,37.68421052631579,14,55.9702950947821,401525890,2023,11
201,Oklahoma Sooners,5499.0,4448,69.61,7.367088607594937,56.30379746835443,13,80.88743407892343,401525890,2023,11
99,LSU Tigers,4222.0,3746,71.56,6.677966101694915,63.49152542372882,11,88.72572240644244,401520389,2023,11
57,Florida Gators,5727.0,3871,72.49,8.0,49.0,13,67.59210756067749,401520389,2023,11
38,Colorado Buffaloes,3974.0,2193,63.08,6.428571428571429,34.80952380952381,12,55.18369401107197,401524052,2023,11
12,Arizona Wildcats,4560.0,2553,78.62,6.103448275862069,44.01724137931034,12,55.98684210526316,401524052,2023,11
2294,Iowa Hawkeyes,4951.0,3076,65.14,8.223684210526315,40.473684210526315,11,62.128862855988686,401520384,2023,11
164,Rutgers Scarlet Knights,3051.0,624,76.28,4.75,15.6,10,20.45231071779744,401520384,2023,11
202,Tulsa Golden Hurricane,5591.0,3058,75.55,7.405405405405405,41.32432432432432,12,54.695045609014485,401531344,2023,11
2655,Tulane Green Wave,4538.0,2309,74.39,6.639344262295082,37.85245901639344,12,50.881445570736005,401531344,2023,11
153,North Carolina Tar Heels,5791.0,4902,73.3,10.227848101265822,62.050632911392405,11,84.64859264375755,401525549,2023,11
150,Duke Blue Devils,4172.0,2672,65.19,6.9375,41.75,12,64.04602109300096,401525549,2023,11
2306,Kansas State Wildcats,5046.0,3661,71.07,7.676056338028169,51.563380281690144,13,72.55251684502576,401525889,2023,11
239,Baylor Bears,5511.0,2462,68.89,7.35,30.775,15,44.67428778806024,401525889,2023,11
107,Holy Cross Crusaders,5348.0,3802,75.32,9.985915492957746,53.54929577464789,8,71.09199700822738,401520381,2023,11
349,Army Black Knights,3449.0,2237,74.98,8.065217391304348,48.630434782608695,8,64.85937953029864,401520381,2023,11
356,Illinois Fighting Illini,5201.0,4178,76.49,7.397058823529412,61.44117647058823,14,80.33070563353202,401520383,2023,11
84,Indiana Hoosiers,4726.0,3085,66.56,6.140845070422535,43.45070422535211,13,65.27719001269573,401520383,2023,11
120,Maryland Terrapins,4265.0,2671,67.7,9.142857142857142,42.3968253968254,11,62.626025791324736,401520392,2023,11
158,Nebraska Cornhuskers,4635.0,2618,77.25,8.233333333333333,43.63333333333333,10,56.48327939590075,401520392,2023,11
2579,South Carolina Gamecocks,4239.0,3024,73.09,6.379310344827586,52.13793103448276,11,71.3375796178344,401520396,2023,11
238,Vanderbilt Commodores,4922.0,1916,72.38,6.602941176470588,28.176470588235293,13,38.92726533929297,401520396,2023,11
103,Boston College Eagles,3706.0,1897,67.38,7.181818181818182,34.49090909090909,11,51.187263896384245,401525547,2023,11
259,Virginia Tech Hokies,4727.0,3737,66.58,7.126760563380282,52.63380281690141,12,79.05648402792468,401525547,2023,11
228,Clemson Tigers,5281.0,3753,66.01,8.9375,46.9125,13,71.06608596856655,401525548,2023,11
59,Georgia Tech Yellow Jackets,4432.0,1928,68.18,6.876923076923077,29.661538461538463,13,43.501805054151625,401525548,2023,11
58,South Florida Bulls,5664.0,3573,74.53,8.236842105263158,47.01315789473684,13,63.08262711864407,401531393,2023,11
218,Temple Owls,5313.0,3424,72.78,8.027397260273972,46.9041095890411,13,64.44569922830793,401531393,2023,11
2335,Liberty Flames,4674.0,3400,68.74,7.088235294117647,50.0,12,72.74283269148481,401520388,2023,11
295,Old Dominion Monarchs,5677.0,2690,69.23,8.78048780487805,32.80487804878049,12,47.384181786154656,401520388,2023,11
256,James Madison Dukes,4192.0,3209,74.86,8.160714285714286,57.30357142857143,9,76.55057251908397,401520385,2023,11
41,UConn Huskies,4778.0,2613,74.66,7.9375,40.828125,11,54.688154039347005,401520385,2023,11
235,Memphis Tigers,5207.0,3650,67.62,8.012987012987013,47.4025974025974,14,70.09794507393893,401531408,2023,11
2429,Charlotte 49ers,4303.0,2492,66.2,5.584615384615384,38.33846153846154,15,57.913083894957005,401531408,2023,11
2247,Georgia State Panthers,5263.0,2713,69.25,9.223684210526315,35.69736842105263,14,51.548546456393694,401531913,2023,11
2026,Appalachian State Mountaineers,4243.0,2278,74.44,5.771929824561403,39.96491228070175,14,53.68842799905727,401531913,2023,11
2653,Troy Trojans,4664.0,3150,63.03,7.054054054054054,42.567567567567565,13,67.53859348198971,401531915,2023,11
2433,UL Monroe Warhawks,4678.0,2487,70.88,7.712121212121212,37.68181818181818,13,53.16374519025224,401531915,2023,11
2534,Sam Houston Bearkats,4096.0,2248,70.62,6.155172413793103,38.758620689655174,11,54.8828125,401520387,2023,11
2348,Louisiana Tech Bulldogs,4864.0,3185,72.6,6.865671641791045,47.53731343283582,13,65.4810855263158,401520387,2023,11
328,Utah State Aggies,5084.0,2961,67.79,6.266666666666667,39.48,16,58.241542092840284,401532615,2023,11
2440,Nevada Wolf Pack,4619.0,1910,67.93,5.0588235294117645,28.08823529411765,16,41.35094176228621,401532615,2023,11
2393,Middle Tennessee Blue Raiders,4569.0,2918,73.69,7.193548387096774,47.064516129032256,12,63.86517837601226,401520390,2023,11
2229,Florida International Panthers,5687.0,2812,75.83,8.906666666666666,37.49333333333333,13,49.44610515210128,401520390,2023,11
2509,Purdue Boilermakers,5161.0,4191,74.8,7.695652173913044,60.73913043478261,12,81.20519279209455,401520395,2023,11
135,Minnesota Golden Gophers,4984.0,3121,72.23,8.81159420289855,45.231884057971016,12,62.62038523274478,401520395,2023,11
77,Northwestern Wildcats,4914.0,3326,80.56,8.934426229508198,54.52459016393443,9,67.68416768416769,401520398,2023,11
275,Wisconsin Badgers,4635.0,2793,67.17,8.521739130434783,40.47826086956522,10,60.25889967637541,401520398,2023,11
98,Western Kentucky Hilltoppers,5131.0,4063,76.58,9.686567164179104,60.64179104477612,10,79.18534398752679,401520399,2023,11
166,New Mexico State Aggies,3928.0,3052,68.91,8.298245614035087,53.54385964912281,9,77.69857433808554,401520399,2023,11
183,Syracuse Orange,5033.0,3048,69.9,8.180555555555555,42.333333333333336,11,60.560302006755414,401525552,2023,11
221,Pittsburgh Panthers,3394.0,1172,69.27,4.714285714285714,23.918367346938776,12,34.531526222746024,401525552,2023,11
2426,Navy Midshipmen,3899.0,2869,70.89,10.236363636363636,52.163636363636364,9,73.58296999230572,401531384,2023,11
5,UAB Blazers,4608.0,2699,70.89,7.938461538461539,41.52307692307692,11,58.572048611111114,401531384,2023,11
324,Coastal Carolina Chanticleers,4902.0,3834,70.03,8.385714285714286,54.77142857142857,11,78.21297429620563,401531912,2023,11
326,Texas State Bobcats,4577.0,2928,69.35,8.257575757575758,44.36363636363637,12,63.972034083460784,401531912,2023,11
2,Auburn Tigers,5689.0,4038,74.86,8.18421052631579,53.13157894736842,12,70.9790824397961,401520380,2023,11
8,Arkansas Razorbacks,3977.0,1236,76.48,5.019230769230769,23.76923076923077,13,31.078702539602716,401520380,2023,11
25,California Golden Bears,3975.0,2231,72.27,6.672727272727273,40.56363636363636,11,56.125786163522015,401524051,2023,11
265,Washington State Cougars,6652.0,4584,68.58,8.711340206185566,47.25773195876289,14,68.91160553217078,401524051,2023,11
2226,Florida Atlantic Owls,4484.0,1175,67.94,5.9393939393939394,17.803030303030305,14,26.2042818911686,401531416,2023,11
151,East Carolina Pirates,4345.0,1717,64.85,6.776119402985074,25.62686567164179,14,39.51668584579977,401531416,2023,11
2032,Arkansas State Red Wolves,4215.0,2339,66.9,6.666666666666667,37.12698412698413,11,55.49228944246738,401531916,2023,11
6,South Alabama Jaguars,4515.0,2470,74.02,7.262295081967213,40.49180327868852,12,54.70653377630122,401531916,2023,11
2132,Cincinnati Bearcats,4836.0,3216,69.09,8.914285714285715,45.94285714285714,11,66.50124069478908,401525887,2023,11
248,Houston Cougars,3949.0,2085,77.43,7.470588235294118,40.88235294117647,11,52.79817675360851,401525887,2023,11
276,Marshall Thundering Herd,3667.0,1922,73.34,5.72,38.44,13,52.41341696209435,401531914,2023,11
290,Georgia Southern Eagles,4906.0,2592,62.9,6.833333333333333,33.23076923076923,15,52.8332653893192,401531914,2023,11
36,Colorado State Rams,5950.0,3621,81.51,7.931506849315069,49.602739726027394,12,60.857142857142854,401532617,2023,11
21,San Diego State Aztecs,3934.0,2566,69.02,8.157894736842104,45.01754385964912,11,65.2262328418912,401532617,2023,11
245,Texas A&M Aggies,5534.0,2961,83.85,6.712121212121212,44.86363636363637,12,53.50560173473075,401520397,2023,11
344,Mississippi State Bulldogs,2308.0,1684,40.49,6.701754385964913,29.54385964912281,12,72.9636048526863,401520397,2023,11
2636,UTSA Roadrunners,4514.0,3253,67.37,8.029850746268657,48.55223880597015,10,72.06468763845812,401531400,2023,11
242,Rice Owls,4532.0,1761,80.93,6.357142857142857,31.446428571428573,11,38.85701676963813,401531400,2023,11
26,UCLA Bruins,3745.0,1849,66.88,6.107142857142857,33.017857142857146,11,49.372496662216285,401524055,2023,11
9,Arizona State Sun Devils,5204.0,3320,80.06,9.107692307692307,51.07692307692308,11,63.797079169869335,401524055,2023,11
68,Boise State Broncos,3900.0,3155,68.42,7.7894736842105265,55.35087719298246,10,80.8974358974359,401532616,2023,11
167,New Mexico Lobos,4545.0,2624,79.74,8.385964912280702,46.03508771929825,9,57.733773377337734,401532616,2023,11
252,BYU Cougars,4810.0,2654,72.88,6.696969696969697,40.21212121212121,12,55.17671517671518,401525886,2023,11
66,Iowa State Cyclones,4244.0,2899,68.45,6.82258064516129,46.75806451612903,12,68.30819981149858,401525886,2023,11
278,Fresno State Bulldogs,5246.0,2737,73.89,8.43661971830986,38.54929577464789,12,52.17308425467022,401532614,2023,11
23,San José State Spartans,3960.0,2398,68.28,6.310344827586207,41.3448275862069,11,60.55555555555556,401532614,2023,11
2005,Air Force Falcons,3858.0,2740,71.44,11.851851851851851,50.74074074074074,9,71.02125453602903,401532613,2023,11
62,Hawai'i Rainbow Warriors,4172.0,2905,75.85,8.727272727272727,52.81818181818182,9,69.63087248322148,401532613,2023,11
189,Bowling Green Falcons,5410.0,3434,69.36,9.115384615384615,44.02564102564103,13,63.47504621072089,401532443,2023,12
2649,Toledo Rockets,4095.0,2238,73.12,5.071428571428571,39.964285714285715,13,54.65201465201465,401532443,2023,12
2711,Western Michigan Broncos,4086.0,1748,83.39,7.448979591836735,35.673469387755105,9,42.780225159079784,401532444,2023,12
2459,Northern Illinois Huskies,5260.0,3391,80.92,10.015384615384615,52.16923076923077,8,64.46768060836501,401532444,2023,12
2006,Akron Zips,4608.0,3163,78.1,10.559322033898304,53.610169491525426,7,68.64149305555556,401532445,2023,12
2199,Eastern Michigan Eagles,4304.0,2675,74.21,8.758620689655173,46.12068965517241,9,62.15148698884759,401532445,2023,12
195,Ohio Bobcats,4271.0,2767,70.02,7.163934426229508,45.36065573770492,11,64.78576445797238,401532446,2023,12
2117,Central Michigan Chippewas,3924.0,1907,72.67,5.481481481481482,35.31481481481482,12,48.598369011213045,401532446,2023,12
2084,Buffalo Bulls,1927.0,2429,31.08,8.709677419354838,39.17741935483871,11,126.05085625324338,401532447,2023,12
193,Miami (OH) RedHawks,4358.0,1890,83.81,6.423076923076923,36.34615384615385,11,43.36851766865534,401532447,2023,12
221,Pittsburgh Panthers,4012.0,2866,80.24,8.36,57.32,9,71.4356929212363,401525553,2023,12
103,Boston College Eagles,4949.0,3051,74.98,8.772727272727273,46.22727272727273,10,61.64881794301879,401525553,2023,12
2636,UTSA Roadrunners,6678.0,4752,76.76,7.873563218390805,54.62068965517241,13,71.15902964959568,401531401,2023,12
58,South Florida Bulls,5766.0,3038,73.92,7.512820512820513,38.94871794871795,14,52.68817204301075,401531401,2023,12
265,Washington State Cougars,4853.0,3200,74.66,5.923076923076923,49.23076923076923,13,65.9385946837008,401524057,2023,12
38,Colorado Buffaloes,4772.0,1663,71.22,5.3283582089552235,24.82089552238806,16,34.849119865884326,401524057,2023,12
2633,Tennessee Volunteers,3728.0,1450,69.04,6.7407407407407405,26.85185185185185,11,38.89484978540773,401520419,2023,12
61,Georgia Bulldogs,5328.0,4072,75.04,8.661971830985916,57.352112676056336,10,76.42642642642643,401520419,2023,12
135,Minnesota Golden Gophers,3388.0,1034,73.65,6.260869565217392,22.47826086956522,10,30.51948051948052,401520415,2023,12
194,Ohio State Buckeyes,5217.0,3623,77.87,9.119402985074627,54.07462686567164,11,69.44604178646732,401520415,2023,12
120,Maryland Terrapins,4950.0,3028,78.57,8.746031746031745,48.06349206349206,10,61.17171717171717,401520410,2023,12
130,Michigan Wolverines,4204.0,3052,63.7,9.242424242424242,46.24242424242424,10,72.59752616555662,401520410,2023,12
52,Florida State Seminoles,4553.0,3132,67.96,6.746268656716418,46.74626865671642,14,68.78980891719745,401525556,2023,12
2453,North Alabama Lions,4869.0,2063,76.08,5.859375,32.234375,15,42.370096529061406,401525556,2023,12
264,Washington Huskies,3108.0,1755,63.43,6.510204081632653,35.816326530612244,10,56.46718146718147,401524060,2023,12
204,Oregon State Beavers,5681.0,3599,77.82,9.821917808219178,49.3013698630137,10,63.351522619257175,401524060,2023,12
9,Arizona State Sun Devils,4693.0,2922,72.2,9.36923076923077,44.95384615384615,10,62.262944811421264,401524059,2023,12
2483,Oregon Ducks,4780.0,4202,73.54,8.046153846153846,64.64615384615385,10,87.90794979079497,401524059,2023,12
66,Iowa State Cyclones,4354.0,2317,80.63,6.777777777777778,42.907407407407405,10,53.21543408360129,401525895,2023,12
251,Texas Longhorns,4545.0,2707,72.14,7.428571428571429,42.96825396825397,11,59.55995599559956,401525895,2023,12
333,Alabama Crimson Tide,3743.0,3217,68.05,6.0,58.49090909090909,11,85.94710125567727,401520401,2023,12
236,Chattanooga Mocs,4222.0,1477,75.39,5.428571428571429,26.375,13,34.983420180009475,401520401,2023,12
142,Missouri Tigers,4862.0,3251,73.67,7.9393939393939394,49.25757575757576,11,66.86548745372275,401520413,2023,12
57,Florida Gators,4849.0,2994,75.77,6.828125,46.78125,12,61.74468962672716,401520413,2023,12
97,Louisville Cardinals,5341.0,4050,75.23,8.23943661971831,57.04225352112676,12,75.82849653622917,401525558,2023,12
2390,Miami Hurricanes,4815.0,3175,74.08,6.815384615384615,48.84615384615385,13,65.93977154724818,401525558,2023,12
164,Rutgers Scarlet Knights,4283.0,1839,73.84,8.551724137931034,31.70689655172414,10,42.937193555918746,401520417,2023,12
213,Penn State Nittany Lions,3474.0,2685,65.55,8.377358490566039,50.660377358490564,9,77.28842832469776,401520417,2023,12
2433,UL Monroe Warhawks,5165.0,2879,77.09,9.149253731343284,42.97014925373134,11,55.7405614714424,401520416,2023,12
145,Ole Miss Rebels,5286.0,3828,72.41,8.164383561643836,52.43835616438356,11,72.41770715096482,401520416,2023,12
252,BYU Cougars,4578.0,2815,72.67,7.555555555555555,44.682539682539684,11,61.48973350808213,401525893,2023,12
201,Oklahoma Sooners,4404.0,2587,71.03,7.693548387096774,41.725806451612904,10,58.74205267938238,401525893,2023,12
99,LSU Tigers,3651.0,3311,70.21,6.903846153846154,63.67307692307692,9,90.68748288140236,401520409,2023,12
2247,Georgia State Panthers,4642.0,2708,74.87,8.370967741935484,43.67741935483871,9,58.33692373976734,401520409,2023,12
356,Illinois Fighting Illini,5251.0,2613,76.1,7.811594202898551,37.869565217391305,11,49.761950104741956,401520406,2023,12
2294,Iowa Hawkeyes,4662.0,2092,72.84,7.140625,32.6875,12,44.873444873444875,401520406,2023,12
12,Arizona Wildcats,3959.0,2926,69.46,7.052631578947368,51.333333333333336,10,73.90755241222531,401524058,2023,12
254,Utah Utes,7047.0,4630,79.18,11.044943820224718,52.02247191011236,11,65.70171704271321,401524058,2023,12
154,Wake Forest Demon Deacons,4011.0,1946,70.37,7.0701754385964914,34.14035087719298,10,48.51657940663176,401525442,2023,12
87,Notre Dame Fighting Irish,4433.0,3447,70.37,7.9523809523809526,54.714285714285715,11,77.75772614482293,401525442,2023,12
228,Clemson Tigers,6384.0,4329,72.55,8.284090909090908,49.19318181818182,15,67.81015037593986,401525554,2023,12
153,North Carolina Tar Heels,4847.0,2487,73.44,6.0606060606060606,37.68181818181818,14,51.310088714668865,401525554,2023,12
2306,Kansas State Wildcats,4251.0,2694,72.05,7.016949152542373,45.66101694915254,11,63.37332392378264,401525896,2023,12
2305,Kansas Jayhawks,4285.0,3362,73.88,8.39655172413793,57.96551724137931,9,78.45974329054843,401525896,2023,12
197,Oklahoma State Cowboys,5208.0,3689,70.38,7.635135135135135,49.851351351351354,14,70.83333333333333,401525894,2023,12
248,Houston Cougars,4531.0,2088,79.49,5.333333333333333,36.63157894736842,12,46.08254248510263,401525894,2023,12
2226,Florida Atlantic Owls,4482.0,2840,73.48,11.360655737704919,46.557377049180324,9,63.36456938866577,401531375,2023,12
2655,Tulane Green Wave,3627.0,2706,63.63,8.701754385964913,47.473684210526315,8,74.60711331679073,401531375,2023,12
349,Army Black Knights,4541.0,3637,73.24,10.838709677419354,58.66129032258065,8,80.09249064082802,401520403,2023,12
324,Coastal Carolina Chanticleers,3980.0,2868,79.6,7.68,57.36,8,72.06030150753769,401520403,2023,12
84,Indiana Hoosiers,6470.0,4158,81.9,9.39240506329114,52.63291139240506,11,64.26584234930448,401520405,2023,12
127,Michigan State Spartans,5080.0,2745,72.57,7.814285714285714,39.214285714285715,11,54.03543307086614,401520405,2023,12
344,Mississippi State Bulldogs,4265.0,2361,63.66,7.298507462686567,35.23880597014925,13,55.357561547479484,401520412,2023,12
2572,Southern Miss Golden Eagles,4418.0,1577,71.26,5.903225806451613,25.43548387096774,13,35.694884563150744,401520412,2023,12
2509,Purdue Boilermakers,5523.0,3689,71.73,8.2987012987013,47.90909090909091,13,66.7934093789607,401520414,2023,12
77,Northwestern Wildcats,3957.0,1651,69.42,5.087719298245614,28.964912280701753,13,41.72352792519585,401520414,2023,12
245,Texas A&M Aggies,6600.0,3162,100.0,6.818181818181818,47.90909090909091,13,47.90909090909091,401520420,2023,12
2000,Abilene Christian Wildcats,2532.0,1505,42.92,6.406779661016949,25.508474576271187,13,59.439178515007896,401520420,2023,12
2529,Sacred Heart Pioneers,4261.0,1682,78.91,7.148148148148148,31.14814814814815,11,39.474301807087535,401520421,2023,12
41,UConn Huskies,4757.0,3240,68.94,8.840579710144928,46.95652173913044,10,68.1101534580618,401520421,2023,12
151,East Carolina Pirates,4376.0,801,75.45,4.9655172413793105,13.810344827586206,14,18.304387568555757,401531417,2023,12
2426,Navy Midshipmen,3817.0,1210,63.62,5.266666666666667,20.166666666666668,14,31.70028818443804,401531417,2023,12
235,Memphis Tigers,5501.0,4205,76.4,8.972222222222221,58.40277777777778,10,76.44064715506272,401531431,2023,12
2567,SMU Mustangs,4585.0,3574,71.64,8.453125,55.84375,11,77.94983642311887,401531431,2023,12
2335,Liberty Flames,4854.0,4179,69.34,8.128571428571428,59.7,11,86.09394313967861,401520408,2023,12
113,Massachusetts Minutemen,4551.0,2155,73.4,6.145161290322581,34.75806451612903,13,47.35223027905955,401520408,2023,12
2348,Louisiana Tech Bulldogs,5005.0,2017,70.49,6.323943661971831,28.408450704225352,14,40.2997002997003,401520407,2023,12
55,Jacksonville State Gamecocks,5396.0,3655,70.08,6.909090909090909,47.467532467532465,14,67.7353595255745,401520407,2023,12
2393,Middle Tennessee Blue Raiders,4672.0,2851,68.71,6.926470588235294,41.9264705882353,14,61.02311643835616,401520411,2023,12
2638,UTEP Miners,5334.0,3103,74.08,8.375,43.09722222222222,12,58.17397825271841,401520411,2023,12
2429,Charlotte 49ers,3705.0,1265,66.16,6.517857142857143,22.589285714285715,12,34.14304993252362,401531409,2023,12
242,Rice Owls,4115.0,2769,69.75,7.8474576271186445,46.932203389830505,11,67.29040097205346,401531409,2023,12
256,James Madison Dukes,5410.0,3517,70.26,9.220779220779221,45.675324675324674,12,65.00924214417745,401531918,2023,12
2026,Appalachian State Mountaineers,5184.0,3094,74.06,7.357142857142857,44.2,14,59.68364197530864,401531918,2023,12
2050,Ball State Cardinals,4802.0,3517,70.62,7.647058823529412,51.720588235294116,11,73.24031653477718,401532448,2023,12
2309,Kent State Golden Flashes,3247.0,1006,69.09,6.48936170212766,21.404255319148938,10,30.982445334154605,401532448,2023,12
2751,Wyoming Cowboys,3253.0,1798,66.39,4.938775510204081,36.69387755102041,13,55.272056563172455,401532620,2023,12
62,Hawai'i Rainbow Warriors,5649.0,2823,72.42,7.871794871794871,36.19230769230769,13,49.97344662772172,401532620,2023,12
2132,Cincinnati Bearcats,4525.0,2637,79.39,7.087719298245614,46.26315789473684,10,58.27624309392265,401525899,2023,12
277,West Virginia Mountaineers,5132.0,4541,80.19,8.75,70.953125,10,88.48402182385036,401525899,2023,12
258,Virginia Cavaliers,5080.0,3570,74.71,8.882352941176471,52.5,11,70.2755905511811,401525555,2023,12
150,Duke Blue Devils,5093.0,3691,71.73,8.704225352112676,51.985915492957744,12,72.47202042018456,401525555,2023,12
202,Tulsa Golden Hurricane,6090.0,3145,79.09,7.2727272727272725,40.84415584415584,14,51.64203612479474,401531345,2023,12
249,North Texas Mean Green,5524.0,3029,71.74,6.285714285714286,39.33766233766234,15,54.833454018826934,401531345,2023,12
218,Temple Owls,5263.0,3315,78.55,8.805970149253731,49.47761194029851,10,62.9868896066882,401531385,2023,12
5,UAB Blazers,5344.0,3943,76.34,7.871428571428571,56.32857142857143,10,73.78368263473054,401531385,2023,12
326,Texas State Bobcats,6445.0,4690,72.42,8.629213483146067,52.69662921348315,14,72.76958882854926,401531919,2023,12
2032,Arkansas State Red Wolves,3909.0,3207,71.07,7.381818181818182,58.30909090909091,10,82.04144282425173,401531919,2023,12
36,Colorado State Rams,4494.0,2771,69.14,6.8307692307692305,42.63076923076923,11,61.659991099243435,401532621,2023,12
2440,Nevada Wolf Pack,5395.0,3079,75.99,10.267605633802816,43.36619718309859,10,57.071362372567194,401532621,2023,12
98,Western Kentucky Hilltoppers,5266.0,2918,75.23,6.042857142857143,41.68571428571428,14,55.41207747816179,401520423,2023,12
2534,Sam Houston Bearkats,5044.0,2474,68.16,6.743243243243243,33.432432432432435,15,49.04837430610627,401520423,2023,12
30,USC Trojans,5022.0,3221,76.09,7.924242424242424,48.803030303030305,12,64.13779370768619,401524062,2023,12
26,UCLA Bruins,4570.0,3115,61.76,9.54054054054054,42.0945945945946,11,68.16192560175055,401524062,2023,12
259,Virginia Tech Hokies,3452.0,1934,76.71,5.844444444444444,42.977777777777774,11,56.025492468134416,401525559,2023,12
152,NC State Wolfpack,5361.0,3390,72.45,7.513513513513513,45.810810810810814,12,63.23447118074986,401525559,2023,12
239,Baylor Bears,5295.0,2921,74.58,8.126760563380282,41.140845070422536,10,55.16525023607176,401525897,2023,12
2628,TCU Horned Frogs,4409.0,3986,69.98,9.317460317460318,63.26984126984127,10,90.40598775232479,401525897,2023,12
309,Louisiana Ragin' Cajuns,4598.0,2722,71.84,7.15625,42.53125,11,59.19965202261853,401531921,2023,12
2653,Troy Trojans,4738.0,3040,71.79,8.212121212121213,46.06060606060606,11,64.16209371042633,401531921,2023,12
2439,UNLV Rebels,4446.0,2450,72.89,6.147540983606557,40.16393442622951,14,55.105713000449846,401532624,2023,12
2005,Air Force Falcons,5166.0,2881,72.76,5.873239436619718,40.57746478873239,15,55.76848625629113,401532624,2023,12
2,Auburn Tigers,3521.0,1594,80.02,7.0227272727272725,36.22727272727273,8,45.27122976427152,401520404,2023,12
166,New Mexico State Aggies,4834.0,4124,75.53,10.875,64.4375,7,85.31237070748863,401520404,2023,12
2641,Texas Tech Red Raiders,4375.0,2915,71.72,6.934426229508197,47.78688524590164,10,66.62857142857143,401525898,2023,12
2116,UCF Knights,5160.0,3761,73.71,9.242857142857142,53.72857142857143,10,72.8875968992248,401525898,2023,12
276,Marshall Thundering Herd,4436.0,1169,80.65,5.745454545454545,21.254545454545454,12,26.352569882777278,401531920,2023,12
6,South Alabama Jaguars,4770.0,3298,66.25,8.73611111111111,45.80555555555556,12,69.14046121593292,401531920,2023,12
295,Old Dominion Monarchs,4601.0,2512,73.03,6.984126984126984,39.87301587301587,11,54.59682677678766,401531917,2023,12
290,Georgia Southern Eagles,5316.0,2959,77.04,7.826086956521739,42.88405797101449,11,55.66215199398044,401531917,2023,12
24,Stanford Cardinal,3936.0,1593,70.29,7.25,28.446428571428573,11,40.47256097560975,401524061,2023,12
25,California Golden Bears,5966.0,4210,73.65,9.098765432098766,51.97530864197531,12,70.56654374790479,401524061,2023,12
328,Utah State Aggies,5293.0,2565,74.55,7.690140845070423,36.12676056338028,14,48.4602304931041,401532619,2023,12
68,Boise State Broncos,4417.0,2189,67.95,6.1692307692307695,33.676923076923075,15,49.55852388498981,401532619,2023,12
8,Arkansas Razorbacks,5303.0,3561,66.29,7.7125,44.5125,13,67.15066943239675,401520402,2023,12
2229,Florida International Panthers,4448.0,2090,75.39,5.322033898305085,35.42372881355932,14,46.98741007194245,401520402,2023,12
2579,South Carolina Gamecocks,4000.0,2074,67.8,7.4576271186440675,35.152542372881356,11,51.85,401520418,2023,12
96,Kentucky Wildcats,4598.0,2500,77.93,7.271186440677966,42.3728813559322,11,54.371465854719446,401520418,2023,12
275,Wisconsin Badgers,4238.0,2448,70.63,7.8,40.8,10,57.763095799905614,401520422,2023,12
158,Nebraska Cornhuskers,4384.0,2631,76.91,7.666666666666667,46.1578947368421,10,60.01368613138686,401520422,2023,12
59,Georgia Tech Yellow Jackets,3720.0,2559,71.54,6.884615384615385,49.21153846153846,12,68.79032258064517,401525557,2023,12
183,Syracuse Orange,3439.0,1717,61.41,7.875,30.660714285714285,11,49.927304448967725,401525557,2023,12
278,Fresno State Bulldogs,3782.0,2167,74.16,7.764705882352941,42.490196078431374,10,57.29772607086198,401532622,2023,12
167,New Mexico Lobos,5478.0,3343,78.26,7.3,47.75714285714286,12,61.02592186929537,401532622,2023,12
23,San José State Spartans,3471.0,2431,73.85,7.1063829787234045,51.723404255319146,8,70.0374531835206,401532623,2023,12
21,San Diego State Aztecs,4805.0,3349,75.08,10.6875,52.328125,7,69.69823100936524,401532623,2023,12
189,Bowling Green Falcons,3707.0,2415,65.04,8.017543859649123,42.36842105263158,9,65.14701915295387,401532450,2023,13
2711,Western Michigan Broncos,5266.0,2488,77.44,8.808823529411764,36.588235294117645,11,47.24648689707558,401532450,2023,13
2084,Buffalo Bulls,4420.0,2747,72.46,7.213114754098361,45.032786885245905,10,62.14932126696833,401532449,2023,13
2199,Eastern Michigan Eagles,4965.0,3158,67.09,7.864864864864865,42.67567567567568,12,63.605236656596176,401532449,2023,13
344,Mississippi State Bulldogs,5303.0,2294,79.15,7.0,34.23880597014925,12,43.25853290590232,401520424,2023,13
145,Ole Miss Rebels,5361.0,2811,72.45,7.783783783783784,37.986486486486484,13,52.434247341913824,401520424,2023,13
204,Oregon State Beavers,4741.0,2772,83.18,9.105263157894736,48.63157894736842,8,58.46867749419953,401524063,2023,13
2483,Oregon Ducks,5131.0,4462,76.58,10.313432835820896,66.59701492537313,8,86.96160592477099,401524063,2023,13
2641,Texas Tech Red Raiders,5078.0,1060,79.34,4.96875,16.5625,15,20.874359984245768,401525901,2023,13
251,Texas Longhorns,4452.0,3447,59.36,7.506666666666667,45.96,13,77.42587601078166,401525901,2023,13
8,Arkansas Razorbacks,4816.0,2235,76.44,7.666666666666667,35.476190476190474,13,46.4078073089701,401520426,2023,13
142,Missouri Tigers,3802.0,2315,61.32,6.17741935483871,37.33870967741935,12,60.88900578642819,401520426,2023,13
213,Penn State Nittany Lions,4736.0,3441,70.69,6.880597014925373,51.35820895522388,12,72.65625,401520435,2023,13
127,Michigan State Spartans,3540.0,419,76.96,4.804347826086956,9.108695652173912,12,11.836158192090396,401520435,2023,13
2628,TCU Horned Frogs,6489.0,4416,72.91,8.02247191011236,49.61797752808989,15,68.05362921867776,401525900,2023,13
201,Oklahoma Sooners,5680.0,4735,68.43,8.144578313253012,57.04819277108434,13,83.36267605633803,401525900,2023,13
2294,Iowa Hawkeyes,4389.0,1869,66.5,7.5,28.318181818181817,13,42.58373205741627,401520425,2023,13
158,Nebraska Cornhuskers,3945.0,1369,68.02,6.172413793103448,23.603448275862068,12,34.702154626109,401520425,2023,13
2655,Tulane Green Wave,4062.0,1942,65.52,5.5,31.322580645161292,14,47.80896110290497,401531376,2023,13
2636,UTSA Roadrunners,5990.0,3060,75.82,7.670886075949367,38.734177215189874,13,51.08514190317195,401531376,2023,13
103,Boston College Eagles,3826.0,2054,75.02,6.019607843137255,40.27450980392157,11,53.68531102979613,401525560,2023,13
2390,Miami Hurricanes,5257.0,4716,70.09,9.28,62.88,10,89.70895948259464,401525560,2023,13
235,Memphis Tigers,4165.0,3292,69.42,6.833333333333333,54.86666666666667,12,79.03961584633853,401531394,2023,13
218,Temple Owls,5026.0,2862,70.79,7.084507042253521,40.309859154929576,12,56.94389176283327,401531394,2023,13
2117,Central Michigan Chippewas,4794.0,2855,69.48,8.72463768115942,41.3768115942029,10,59.55360867751356,401532451,2023,13
2649,Toledo Rockets,4206.0,2745,66.76,6.825396825396825,43.57142857142857,11,65.26390870185449,401532451,2023,13
2006,Akron Zips,3757.0,1603,73.67,7.588235294117647,31.431372549019606,9,42.66702155975512,401532452,2023,13
195,Ohio Bobcats,5358.0,3492,68.69,9.474358974358974,44.76923076923077,10,65.17357222844345,401532452,2023,13
2005,Air Force Falcons,4805.0,2313,76.27,7.111111111111111,36.714285714285715,11,48.13735691987513,401532625,2023,13
68,Boise State Broncos,3963.0,2600,73.39,7.296296296296297,48.148148148148145,10,65.60686348725713,401532625,2023,13
59,Georgia Tech Yellow Jackets,4641.0,3061,73.67,8.920634920634921,48.58730158730159,9,65.95561301443654,401520430,2023,13
61,Georgia Bulldogs,3792.0,3212,67.71,8.071428571428571,57.357142857142854,9,84.70464135021098,401520430,2023,13
194,Ohio State Buckeyes,4222.0,2926,76.76,7.7272727272727275,53.2,10,69.30364756039792,401520434,2023,13
130,Michigan Wolverines,4084.0,2928,69.22,9.016949152542374,49.6271186440678,9,71.69441723800196,401520434,2023,13
264,Washington Huskies,4331.0,2140,71.0,6.655737704918033,35.08196721311475,12,49.41122142692219,401524068,2023,13
265,Washington State Cougars,5184.0,2572,70.05,7.675675675675675,34.75675675675676,12,49.614197530864196,401524068,2023,13
57,Florida Gators,4159.0,2183,70.49,8.796610169491526,37.0,11,52.488578985333014,401520429,2023,13
52,Florida State Seminoles,3885.0,2277,73.3,7.0,42.9622641509434,11,58.61003861003861,401520429,2023,13
333,Alabama Crimson Tide,4501.0,2821,70.33,8.1875,44.078125,11,62.67496111975117,401520427,2023,13
2,Auburn Tigers,4461.0,2472,76.91,8.431034482758621,42.62068965517241,11,55.41358439811702,401520427,2023,13
97,Louisville Cardinals,5226.0,3495,68.76,9.31578947368421,45.98684210526316,11,66.87715269804822,401520432,2023,13
96,Kentucky Wildcats,2677.0,1423,59.49,6.533333333333333,31.622222222222224,9,53.156518490847965,401520432,2023,13
99,LSU Tigers,2776.0,1460,69.4,5.35,36.5,9,52.59365994236311,401520433,2023,13
245,Texas A&M Aggies,192.0,3885,2.49,10.61038961038961,50.45454545454545,10,2023.4375,401520433,2023,13
12,Arizona Wildcats,4131.0,3638,64.55,6.625,56.84375,13,88.06584362139918,401524064,2023,13
9,Arizona State Sun Devils,4812.0,2400,75.19,6.578125,37.5,13,49.87531172069826,401524064,2023,13
24,Stanford Cardinal,4831.0,2346,68.04,6.732394366197183,33.04225352112676,13,48.56137445663424,401524065,2023,13
87,Notre Dame Fighting Irish,4146.0,3561,66.87,7.516129032258065,57.435483870967744,12,85.89001447178003,401524065,2023,13
2306,Kansas State Wildcats,7955.0,6048,77.99,10.735294117647058,59.294117647058826,13,76.02765556253928,401525904,2023,13
66,Iowa State Cyclones,2300.0,1326,69.7,3.121212121212121,40.18181818181818,12,57.65217391304348,401525904,2023,13
197,Oklahoma State Cowboys,6131.0,3576,74.77,7.402439024390244,43.609756097560975,16,58.32653726961344,401525905,2023,13
252,BYU Cougars,4589.0,2134,72.84,6.142857142857143,33.87301587301587,14,46.502505992590976,401525905,2023,13
238,Vanderbilt Commodores,4241.0,2090,73.12,6.103448275862069,36.03448275862069,13,49.28082999292619,401520442,2023,13
2633,Tennessee Volunteers,5576.0,4417,71.49,8.884615384615385,56.62820512820513,12,79.21449067431851,401520442,2023,13
153,North Carolina Tar Heels,4348.0,2358,77.64,6.017857142857143,42.107142857142854,12,54.23183072677093,401525562,2023,13
152,NC State Wolfpack,4807.0,3405,67.7,7.845070422535211,47.95774647887324,13,70.83420012481797,401525562,2023,13
2579,South Carolina Gamecocks,4368.0,1526,78.0,6.571428571428571,27.25,12,34.93589743589744,401520441,2023,13
228,Clemson Tigers,5147.0,2048,71.49,7.263888888888889,28.444444444444443,12,39.79016903050321,401520441,2023,13
2335,Liberty Flames,5305.0,4226,73.68,8.75,58.69444444444444,12,79.66069745523092,401520444,2023,13
2638,UTEP Miners,3599.0,1931,67.91,7.584905660377358,36.43396226415094,12,53.65379272020006,401520444,2023,13
84,Indiana Hoosiers,4605.0,2301,74.27,5.645161290322581,37.11290322580645,13,49.96742671009772,401520438,2023,13
2509,Purdue Boilermakers,5437.0,3544,68.82,7.139240506329114,44.860759493670884,14,65.1830053338238,401520438,2023,13
2534,Sam Houston Bearkats,5196.0,2645,67.48,8.532467532467532,34.35064935064935,12,50.90454195535027,401520440,2023,13
2393,Middle Tennessee Blue Raiders,4812.0,2353,72.91,6.409090909090909,35.65151515151515,13,48.89858686616791,401520440,2023,13
41,UConn Huskies,4790.0,3640,65.62,8.808219178082192,49.863013698630134,12,75.99164926931107,401520443,2023,13
113,Massachusetts Minutemen,3922.0,1515,74.0,5.377358490566038,28.58490566037736,13,38.62825089240184,401520443,2023,13
150,Duke Blue Devils,3907.0,2520,63.02,7.564516129032258,40.645161290322584,11,64.49961607371385,401525561,2023,13
221,Pittsburgh Panthers,5103.0,3202,81.0,9.571428571428571,50.82539682539682,10,62.74740348814423,401525561,2023,13
2116,UCF Knights,5131.0,3961,72.27,9.450704225352112,55.7887323943662,9,77.19742740206587,401525906,2023,13
248,Houston Cougars,3795.0,2067,70.28,8.38888888888889,38.27777777777778,8,54.466403162055336,401525906,2023,13
2426,Navy Midshipmen,5070.0,1528,72.43,6.328571428571428,21.82857142857143,17,30.138067061143985,401531435,2023,13
2567,SMU Mustangs,4342.0,3032,68.92,5.777777777777778,48.12698412698413,13,69.82957162597882,401531435,2023,13
2572,Southern Miss Golden Eagles,4404.0,2017,68.81,7.28125,31.515625,11,45.799273387829246,401531927,2023,13
2653,Troy Trojans,4732.0,3125,73.94,7.171875,48.828125,11,66.03972950126796,401531927,2023,13
2309,Kent State Golden Flashes,4601.0,3394,75.43,8.868852459016393,55.63934426229508,10,73.76657248424256,401532453,2023,13
2459,Northern Illinois Huskies,4047.0,2899,71.0,6.649122807017544,50.85964912280702,11,71.63330862367185,401532453,2023,13
193,Miami (OH) RedHawks,86.0,1183,1.79,5.0,24.645833333333332,12,1375.5813953488373,401532454,2023,13
2050,Ball State Cardinals,6770.0,3580,94.03,9.125,49.72222222222222,11,52.88035450516987,401532454,2023,13
242,Rice Owls,6124.0,5204,77.52,10.417721518987342,65.87341772151899,9,84.97713912475506,401531421,2023,13
2226,Florida Atlantic Owls,3293.0,1169,76.58,5.372093023255814,27.186046511627907,9,35.49954448830853,401531421,2023,13
154,Wake Forest Demon Deacons,3356.0,2727,65.8,8.254901960784315,53.470588235294116,8,81.25744934445768,401525563,2023,13
183,Syracuse Orange,5602.0,4898,76.74,11.301369863013699,67.0958904109589,9,87.43305962156373,401525563,2023,13
151,East Carolina Pirates,4090.0,2619,74.36,6.818181818181818,47.61818181818182,11,64.03422982885085,401531346,2023,13
202,Tulsa Golden Hurricane,4649.0,2813,68.37,7.455882352941177,41.36764705882353,12,60.50763605076361,401531346,2023,13
249,North Texas Mean Green,6969.0,5493,70.39,8.969696969696969,55.484848484848484,13,78.82049074472664,401531386,2023,13
5,UAB Blazers,4313.0,2819,77.02,6.517857142857143,50.339285714285715,12,65.36053790864827,401531386,2023,13
2247,Georgia State Panthers,4664.0,2238,62.19,6.68,29.84,16,47.98456260720412,401531925,2023,13
295,Old Dominion Monarchs,4813.0,1713,69.75,5.681159420289855,24.82608695652174,16,35.59110741741118,401531925,2023,13
98,Western Kentucky Hilltoppers,4942.0,3222,69.61,8.225352112676056,45.38028169014085,12,65.19627681100769,401520428,2023,13
2229,Florida International Panthers,5210.0,3082,75.51,8.26086956521739,44.666666666666664,12,59.15547024952016,401520428,2023,13
254,Utah Utes,3990.0,3115,67.63,10.203389830508474,52.79661016949152,8,78.0701754385965,401524067,2023,13
38,Colorado Buffaloes,3217.0,1805,76.6,7.119047619047619,42.976190476190474,7,56.108175318619836,401524067,2023,13
2433,UL Monroe Warhawks,1846.0,2789,30.26,10.311475409836065,45.721311475409834,10,151.0834236186349,401531926,2023,13
309,Louisiana Ragin' Cajuns,4076.0,3801,66.82,8.0,62.31147540983606,10,93.2531894013739,401531926,2023,13
2439,UNLV Rebels,4433.0,3106,72.67,7.180327868852459,50.91803278688525,11,70.06541845251523,401532628,2023,13
23,San José State Spartans,4153.0,3241,65.92,7.079365079365079,51.44444444444444,11,78.03997110522513,401532628,2023,13
356,Illinois Fighting Illini,4744.0,3306,70.81,7.895522388059701,49.343283582089555,11,69.68802698145025,401520431,2023,13
77,Northwestern Wildcats,4406.0,2825,65.76,6.626865671641791,42.16417910447761,13,64.11711302768951,401520431,2023,13
135,Minnesota Golden Gophers,4560.0,2517,77.29,7.8474576271186445,42.66101694915254,11,55.19736842105263,401520436,2023,13
275,Wisconsin Badgers,4852.0,2938,73.52,7.0,44.515151515151516,12,60.55234954657873,401520436,2023,13
120,Maryland Terrapins,4102.0,2978,69.53,6.288135593220339,50.47457627118644,13,72.59873232569478,401520439,2023,13
164,Rutgers Scarlet Knights,6126.0,3096,77.54,8.227848101265822,39.18987341772152,13,50.538687561214495,401520439,2023,13
258,Virginia Cavaliers,5377.0,2376,72.66,7.337837837837838,32.108108108108105,14,44.188209038497305,401525564,2023,13
259,Virginia Tech Hokies,3606.0,2365,61.12,5.9491525423728815,40.08474576271186,13,65.58513588463671,401525564,2023,13
290,Georgia Southern Eagles,4630.0,2472,73.49,7.317460317460317,39.23809523809524,11,53.39092872570195,401531922,2023,13
2026,Appalachian State Mountaineers,4776.0,3817,71.28,6.522388059701493,56.97014925373134,13,79.92043551088777,401531922,2023,13
324,Coastal Carolina Chanticleers,3783.0,1965,71.38,5.584905660377358,37.075471698113205,12,51.942902458366376,401531923,2023,13
256,James Madison Dukes,4119.0,3425,58.84,7.371428571428571,48.92857142857143,12,83.15125030347171,401531923,2023,13
2032,Arkansas State Red Wolves,4935.0,2429,68.54,5.777777777777778,33.736111111111114,14,49.219858156028366,401531924,2023,13
276,Marshall Thundering Herd,5553.0,3296,74.04,7.12,43.946666666666665,14,59.35530343958221,401531924,2023,13
55,Jacksonville State Gamecocks,3888.0,2086,67.03,6.931034482758621,35.96551724137931,11,53.6522633744856,401520437,2023,13
166,New Mexico State Aggies,5812.0,3880,73.57,9.291139240506329,49.11392405063291,12,66.75843083275981,401520437,2023,13
239,Baylor Bears,4050.0,2382,71.05,7.368421052631579,41.78947368421053,10,58.81481481481482,401525902,2023,13
277,West Virginia Mountaineers,4787.0,3123,78.48,6.311475409836065,51.19672131147541,11,65.23918947148528,401525902,2023,13
326,Texas State Bobcats,4506.0,2972,70.41,6.65625,46.4375,11,65.95650244118953,401531928,2023,13
6,South Alabama Jaguars,5274.0,4004,67.62,8.58974358974359,51.333333333333336,13,75.91960561243837,401531928,2023,13
2305,Kansas Jayhawks,3603.0,2861,72.06,6.6,57.22,10,79.40605051346101,401525903,2023,13
2132,Cincinnati Bearcats,5389.0,3122,73.82,9.904109589041095,42.76712328767123,11,57.932826127296345,401525903,2023,13
2429,Charlotte 49ers,4712.0,2019,71.39,6.7272727272727275,30.59090909090909,13,42.84804753820034,401531410,2023,13
58,South Florida Bulls,4059.0,2726,59.69,6.9411764705882355,40.088235294117645,14,67.15939886671595,401531410,2023,13
2440,Nevada Wolf Pack,4469.0,1983,77.05,7.655172413793103,34.189655172413794,10,44.372342805996865,401532630,2023,13
2751,Wyoming Cowboys,4366.0,3191,69.3,8.333333333333334,50.65079365079365,10,73.08749427393495,401532630,2023,13
25,California Golden Bears,3690.0,2054,62.54,7.508474576271187,34.813559322033896,11,55.66395663956639,401524066,2023,13
26,UCLA Bruins,6126.0,3686,75.63,10.45679012345679,45.50617283950617,11,60.169768201110024,401524066,2023,13
278,Fresno State Bulldogs,4274.0,2210,76.32,6.089285714285714,39.464285714285715,11,51.708001871782876,401532627,2023,13
21,San Diego State Aztecs,5202.0,3745,68.45,9.763157894736842,49.276315789473685,10,71.9915417147251,401532627,2023,13
62,Hawai'i Rainbow Warriors,5264.0,3764,78.57,9.164179104477611,56.17910447761194,10,71.50455927051672,401532626,2023,13
36,Colorado State Rams,4828.0,3627,74.28,9.153846153846153,55.8,9,75.12427506213753,401532626,2023,13
264,Washington Huskies,5499.0,4018,72.36,9.223684210526315,52.86842105263158,10,73.06783051463903,401539475,2023,14
2483,Oregon Ducks,4144.0,2884,76.74,8.796296296296296,53.407407407407405,10,69.5945945945946,401539475,2023,14
166,New Mexico State Aggies,4507.0,3173,72.69,8.370967741935484,51.17741935483871,10,70.4015975149767,401539476,2023,14
2335,Liberty Flames,4997.0,4791,74.58,7.940298507462686,71.50746268656717,10,95.87752651590955,401539476,2023,14
61,Georgia Bulldogs,4496.0,2494,74.93,7.4,41.56666666666667,11,55.47153024911032,401539483,2023,14
333,Alabama Crimson Tide,4481.0,2868,71.13,7.301587301587301,45.523809523809526,11,64.00357063155546,401539483,2023,14
130,Michigan Wolverines,3908.0,1426,63.03,7.0,23.0,14,36.489252814739,401539480,2023,14
2294,Iowa Hawkeyes,4218.0,778,75.32,5.035714285714286,13.892857142857142,13,18.44476055002371,401539480,2023,14
97,Louisville Cardinals,4944.0,1278,70.63,5.871428571428571,18.257142857142856,16,25.849514563106798,401539478,2023,14
52,Florida State Seminoles,4473.0,1303,68.82,5.615384615384615,20.046153846153846,16,29.130337581041807,401539478,2023,14
251,Texas Longhorns,6938.0,5250,80.67,9.13953488372093,61.04651162790697,11,75.67022196598444,401539479,2023,14
197,Oklahoma State Cowboys,4125.0,2165,75.0,6.290909090909091,39.36363636363637,11,52.484848484848484,401539479,2023,14
2655,Tulane Green Wave,4771.0,1777,76.95,6.387096774193548,28.661290322580644,14,37.24586040662335,401539477,2023,14
2567,SMU Mustangs,5083.0,3019,65.17,7.641025641025641,38.705128205128204,15,59.3940586267952,401539477,2023,14
2649,Toledo Rockets,5851.0,2205,91.42,5.75,34.453125,14,37.68586566398906,401539481,2023,14
193,Miami (OH) RedHawks,618.0,1717,10.84,5.631578947368421,30.12280701754386,12,277.831715210356,401539481,2023,14
68,Boise State Broncos,4544.0,2991,69.91,6.538461538461538,46.01538461538462,13,65.8230633802817,401539482,2023,14
2439,UNLV Rebels,4790.0,2538,72.58,8.015151515151516,38.45454545454545,12,52.98538622129436,401539482,2023,14
2653,Troy Trojans,4473.0,2826,72.15,6.467741935483871,45.58064516129032,11,63.17907444668008,401539484,2023,14
2026,Appalachian State Mountaineers,5845.0,3496,73.06,8.325,43.7,13,59.81180496150556,401539484,2023,14
349,Army Black Knights,4355.0,1991,71.39,7.491803278688525,32.63934426229508,11,45.71756601607348,401520445,2023,15
2426,Navy Midshipmen,4740.0,2562,74.06,7.609375,40.03125,11,54.050632911392405,401520445,2023,15
195,Ohio Bobcats,3537.0,2557,56.14,7.619047619047619,40.58730158730159,12,72.29290359061352,401551733,2023,1
290,Georgia Southern Eagles,4665.0,2376,75.24,6.887096774193548,38.32258064516129,12,50.932475884244376,401551733,2023,1
47,Howard Bison,3483.0,1047,64.5,6.5,19.38888888888889,11,30.060292850990525,401551470,2023,1
50,Florida A&M Rattlers,4122.0,2554,64.41,7.28125,39.90625,13,61.960213488597766,401551470,2023,1
309,Louisiana Ragin' Cajuns,4349.0,1720,70.15,6.161290322580645,27.741935483870968,13,39.54932168314555,401551751,2023,1
55,Jacksonville State Gamecocks,8250.0,5280,76.39,9.398148148148149,48.888888888888886,15,64.0,401551751,2023,1
2026,Appalachian State Mountaineers,6494.0,3219,92.77,8.157142857142857,45.98571428571429,12,49.568832768709576,401551731,2023,1
193,Miami (OH) RedHawks,334.0,1373,6.55,6.0588235294117645,26.92156862745098,11,411.07784431137725,401551731,2023,1
278,Fresno State Bulldogs,4145.0,3300,63.77,7.615384615384615,50.76923076923077,11,79.61399276236429,401551732,2023,1
166,New Mexico State Aggies,4458.0,1867,74.3,7.35,31.116666666666667,12,41.87976671152983,401551732,2023,1
68,Boise State Broncos,4188.0,2316,72.21,7.155172413793103,39.93103448275862,10,55.30085959885387,401551752,2023,1
26,UCLA Bruins,4457.0,2891,70.75,7.26984126984127,45.888888888888886,11,64.86425846982274,401551752,2023,1
2641,Texas Tech Red Raiders,5254.0,3322,64.86,8.074074074074074,41.01234567901235,14,63.22801674914351,401551753,2023,1
25,California Golden Bears,5110.0,2131,78.62,6.2615384615384615,32.784615384615385,15,41.702544031311156,401551753,2023,1
98,Western Kentucky Hilltoppers,6839.0,4327,75.15,7.736263736263736,47.54945054945055,13,63.26948384266706,401551469,2023,1
295,Old Dominion Monarchs,3318.0,2182,62.6,6.509433962264151,41.16981132075472,12,65.76250753465943,401551469,2023,1
2636,UTSA Roadrunners,5010.0,2832,69.58,6.972222222222222,39.333333333333336,15,56.52694610778443,401551735,2023,1
276,Marshall Thundering Herd,4704.0,1919,69.18,5.647058823529412,28.220588235294116,15,40.79506802721088,401551735,2023,1
183,Syracuse Orange,4644.0,1007,72.56,4.875,15.734375,16,21.6838931955211,401551737,2023,1
58,South Florida Bulls,4876.0,2536,65.89,6.743243243243243,34.270270270270274,14,52.00984413453651,401551737,2023,1
59,Georgia Tech Yellow Jackets,4358.0,2975,70.29,7.838709677419355,47.983870967741936,10,68.26525929325379,401551754,2023,1
2116,UCF Knights,5076.0,3233,75.76,7.970149253731344,48.25373134328358,11,63.69188337273444,401551754,2023,1
2653,Troy Trojans,5110.0,2513,79.84,7.546875,39.265625,11,49.178082191780824,401551739,2023,1
150,Duke Blue Devils,4647.0,2588,70.41,8.848484848484848,39.21212121212121,12,55.6918442005595,401551739,2023,1
2459,Northern Illinois Huskies,5384.0,3616,75.83,7.915492957746479,50.929577464788736,11,67.16196136701338,401551741,2023,1
2032,Arkansas State Red Wolves,4195.0,2360,73.6,6.824561403508772,41.40350877192982,11,56.25744934445769,401551741,2023,1
2005,Air Force Falcons,4647.0,3141,69.36,9.194029850746269,46.88059701492537,10,67.59199483537766,401551742,2023,1
256,James Madison Dukes,3712.0,2198,72.78,7.078431372549019,43.09803921568628,9,59.213362068965516,401551742,2023,1
328,Utah State Aggies,4351.0,2213,69.06,6.142857142857143,35.12698412698413,13,50.86187083429097,401551743,2023,1
2247,Georgia State Panthers,5000.0,4140,71.43,6.714285714285714,59.142857142857146,13,82.8,401551743,2023,1
2199,Eastern Michigan Eagles,4255.0,1490,69.75,6.754098360655738,24.42622950819672,13,35.01762632197415,401551755,2023,1
6,South Alabama Jaguars,4856.0,3695,66.52,6.36986301369863,50.61643835616438,14,76.09143327841845,401551755,2023,1
254,Utah Utes,5096.0,1645,78.4,6.230769230769231,25.307692307692307,13,32.28021978021978,401551744,2023,1
77,Northwestern Wildcats,4477.0,1967,63.96,6.014285714285714,28.1,14,43.93567120839848,401551744,2023,1
324,Coastal Carolina Chanticleers,5372.0,3410,74.61,8.722222222222221,47.361111111111114,10,63.47728965003723,401551746,2023,1
23,San José State Spartans,4209.0,2538,77.94,6.944444444444445,47.0,10,60.29935851746258,401551746,2023,1
189,Bowling Green Falcons,4295.0,2523,72.8,8.23728813559322,42.76271186440678,10,58.74272409778813,401551756,2023,1
135,Minnesota Golden Gophers,3893.0,2624,64.88,7.7,43.733333333333334,11,67.40303108142821,401551756,2023,1
326,Texas State Bobcats,4589.0,2513,65.56,7.357142857142857,35.9,15,54.76138592285901,401551748,2023,1
242,Rice Owls,3918.0,1514,68.74,5.631578947368421,26.56140350877193,14,38.642164369576314,401551748,2023,1
2439,UNLV Rebels,3999.0,2667,67.78,5.9491525423728815,45.20338983050848,13,66.69167291822956,401551757,2023,1
2305,Kansas Jayhawks,5049.0,3772,77.68,7.061538461538461,58.03076923076923,13,74.70786294315707,401551757,2023,1
30,USC Trojans,3376.0,2634,67.52,6.36,52.68,10,78.02132701421802,401581109,2023,1
97,Louisville Cardinals,5058.0,3781,72.26,9.685714285714285,54.01428571428571,11,74.7528667457493,401581109,2023,1
245,Texas A&M Aggies,0.0,2942,0.0,6.5,49.03333333333333,12,,401551749,2023,1
197,Oklahoma State Cowboys,7613.0,4539,96.37,8.39240506329114,57.45569620253165,11,59.62169972415605,401551749,2023,1
2655,Tulane Green Wave,3667.0,2609,67.91,9.37037037037037,48.31481481481482,9,71.14807744750478,401551758,2023,1
259,Virginia Tech Hokies,5384.0,3234,75.83,7.732394366197183,45.54929577464789,13,60.06686478454681,401551758,2023,1
153,North Carolina Tar Heels,4863.0,2496,71.51,7.720588235294118,36.705882352941174,11,51.326341764343,401551761,2023,1
277,West Virginia Mountaineers,3583.0,1783,66.35,6.037037037037037,33.01851851851852,11,49.762768629639965,401551761,2023,1
201,Oklahoma Sooners,6052.0,3450,77.59,7.0,44.23076923076923,15,57.00594844679445,401551765,2023,1
12,Arizona Wildcats,4837.0,2522,75.58,6.8125,39.40625,14,52.13975604713666,401551765,2023,1
2306,Kansas State Wildcats,5107.0,3617,72.96,8.32857142857143,51.67142857142857,11,70.82435872332093,401551764,2023,1
152,NC State Wolfpack,4813.0,3084,77.63,7.709677419354839,49.74193548387097,11,64.07645958861417,401551764,2023,1
2567,SMU Mustangs,6121.0,3294,77.48,10.39240506329114,41.69620253164557,10,53.81473615422317,401551750,2023,1
103,Boston College Eagles,3509.0,2268,62.66,6.785714285714286,40.5,10,64.6337988030778,401551750,2023,1
164,Rutgers Scarlet Knights,4247.0,2525,71.98,8.847457627118644,42.79661016949152,8,59.45373204615022,401551762,2023,1
2390,Miami Hurricanes,4895.0,2839,76.48,7.265625,44.359375,11,57.99795709908069,401551762,2023,1
194,Ohio State Buckeyes,4572.0,1316,80.21,6.157894736842105,23.087719298245613,11,28.78390201224847,401551768,2023,1
142,Missouri Tigers,5194.0,2748,75.28,7.260869565217392,39.82608695652174,12,52.907200616095494,401551768,2023,1
204,Oregon State Beavers,3235.0,969,73.52,4.954545454545454,22.022727272727273,10,29.953632148377125,401551798,2023,1
87,Notre Dame Fighting Irish,4581.0,3571,68.37,8.462686567164178,53.298507462686565,9,77.95241213708798,401551798,2023,1
96,Kentucky Wildcats,3933.0,1553,78.66,4.8,31.06,13,39.486397152301045,401551766,2023,1
228,Clemson Tigers,5267.0,2987,65.84,7.8875,37.3375,15,56.71160053161192,401551766,2023,1
235,Memphis Tigers,4916.0,3730,74.48,10.015151515151516,56.515151515151516,10,75.87469487388121,401551767,2023,1
66,Iowa State Cyclones,4802.0,2900,80.03,6.65,48.333333333333336,10,60.391503540191586,401551767,2023,1
61,Georgia Bulldogs,5579.0,4856,75.39,7.486486486486487,65.62162162162163,12,87.04068829539344,401551773,2023,1
52,Florida State Seminoles,4074.0,1418,76.87,6.377358490566038,26.754716981132077,11,34.80608738340697,401551773,2023,1
145,Ole Miss Rebels,6470.0,4490,74.37,8.022988505747126,51.60919540229885,13,69.39721792890263,401551769,2023,1
213,Penn State Nittany Lions,5362.0,2870,78.85,6.514705882352941,42.205882352941174,13,53.52480417754569,401551769,2023,1
2,Auburn Tigers,6224.0,3488,80.83,10.428571428571429,45.298701298701296,11,56.041131105398456,401551770,2023,1
120,Maryland Terrapins,3866.0,1918,67.82,6.175438596491228,33.64912280701754,12,49.612002069322294,401551770,2023,1
2649,Toledo Rockets,3646.0,1917,68.79,7.962264150943396,36.16981132075472,9,52.578167855183764,401554566,2023,1
2751,Wyoming Cowboys,5865.0,3522,86.25,8.558823529411764,51.794117647058826,10,60.051150895140665,401554566,2023,1
130,Michigan Wolverines,4302.0,2417,75.47,6.368421052631579,42.40350877192982,12,56.183170618317064,401551786,2023,1
333,Alabama Crimson Tide,4878.0,1864,73.91,6.5606060606060606,28.242424242424242,13,38.212382123821236,401551786,2023,1
264,Washington Huskies,5054.0,4022,73.25,7.869565217391305,58.289855072463766,11,79.58053027305105,401551788,2023,1
251,Texas Longhorns,5067.0,3420,71.37,6.957746478873239,48.16901408450704,13,67.49555950266429,401551788,2023,1
2335,Liberty Flames,3876.0,1890,77.52,6.28,37.8,9,48.76160990712074,401551782,2023,1
2483,Oregon Ducks,5240.0,4552,74.86,8.271428571428572,65.02857142857142,10,86.87022900763358,401551782,2023,1
275,Wisconsin Badgers,5179.0,2831,70.95,6.671232876712328,38.78082191780822,13,54.663062367252365,401551778,2023,1
99,LSU Tigers,5514.0,3555,78.77,6.585714285714285,50.785714285714285,12,64.47225244831338,401551778,2023,1
2294,Iowa Hawkeyes,4441.0,1454,72.8,6.836065573770492,23.83606557377049,13,32.740373789687006,401551780,2023,1
2633,Tennessee Volunteers,5177.0,2992,69.96,7.027027027027027,40.432432432432435,12,57.79408924087309,401551780,2023,1
264,Washington Huskies,5227.0,2552,74.67,7.985714285714286,36.457142857142856,12,48.823416873923854,401551789,2023,1
130,Michigan Wolverines,3883.0,2287,70.6,5.2727272727272725,41.58181818181818,13,58.8977594643317,401551789,2023,1
