pos_team_id,pos_team,drive_total_available_yards,drive_total_gained_yards,avg_field_position,plays_per_drive,yards_per_drive,drives,drive_total_gained_yards_rate,game_id,season,week
2803,Bryant Bulldogs,4581.0,2143,73.89,7.951612903225806,34.564516129032256,12,46.78017900021829,401628579,2024,1
48,Delaware Blue Hens,4834.0,3996,71.09,8.529411764705882,58.76470588235294,12,82.66446007447249,401628579,2024,1
149,Montana Grizzlies,4197.0,2745,72.36,8.068965517241379,47.327586206896555,10,65.40385989992852,401634180,2024,1
2623,Missouri State Bears,5308.0,3088,72.71,8.73972602739726,42.3013698630137,11,58.176337603617185,401634180,2024,1
2634,Tennessee State Tigers,4178.0,1284,78.83,5.754716981132075,24.22641509433962,11,30.732407850646243,401634207,2024,2
2449,North Dakota State Bison,3866.0,3053,61.37,7.0,48.46031746031746,12,78.9705121572685,401634207,2024,2
48,Delaware Blue Hens,5848.0,4451,75.95,8.454545454545455,57.8051948051948,12,76.11149110807114,401628609,2024,3
2448,North Carolina A&T Aggies,4973.0,2289,76.51,7.615384615384615,35.215384615384615,11,46.02855419264026,401628609,2024,3
2193,East Tennessee State Buccaneers,3983.0,2905,75.15,7.773584905660377,54.81132075471698,10,72.93497363796133,401634135,2024,3
2449,North Dakota State Bison,4971.0,3902,65.41,8.947368421052632,51.3421052631579,10,78.49527258096963,401634135,2024,3
2623,Missouri State Bears,5099.0,3797,77.26,7.621212121212121,57.53030303030303,10,74.465581486566,401634182,2024,3
2815,Lindenwood Lions,3858.0,1912,77.16,6.16,38.24,10,49.55935717988595,401634182,2024,3
2447,Nicholls Colonels,4669.0,1542,80.5,6.689655172413793,26.586206896551722,12,33.02634397087171,401655618,2024,3
16,Sacramento State Hornets,3796.0,2564,59.31,6.1875,40.0625,14,67.54478398314015,401655618,2024,3
119,Towson Tigers,3760.0,2058,75.2,5.86,41.16,11,54.734042553191486,401628629,2024,4
2449,North Dakota State Bison,4608.0,3795,64.9,8.887323943661972,53.45070422535211,9,82.35677083333333,401628629,2024,4
48,Delaware Blue Hens,4246.0,3486,67.4,9.095238095238095,55.333333333333336,9,82.10080075365049,401628621,2024,4
219,Pennsylvania Quakers,4507.0,3044,73.89,8.098360655737705,49.90163934426229,10,67.53938318171733,401628621,2024,4
2623,Missouri State Bears,3933.0,2158,69.0,6.385964912280702,37.85964912280702,12,54.86905669972032,401634183,2024,4
2630,UT Martin Skyhawks,4549.0,2611,73.37,7.129032258064516,42.11290322580645,11,57.39723016047483,401634183,2024,4
2837,East Texas A&M Lions,3887.0,1502,67.02,5.896551724137931,25.896551724137932,13,38.64162593259583,401654851,2024,4
16,Sacramento State Hornets,5287.0,3419,71.45,8.162162162162161,46.2027027027027,11,64.66805371666351,401654851,2024,4
2287,Illinois State Redbirds,3649.0,1526,76.02,7.208333333333333,31.791666666666668,9,41.819676623732526,401634161,2024,5
2449,North Dakota State Bison,4848.0,4294,70.26,9.304347826086957,62.231884057971016,10,88.57260726072607,401634161,2024,5
2754,Youngstown State Penguins,5569.0,3954,75.26,10.405405405405405,53.432432432432435,9,71.0001795654516,401634184,2024,5
2623,Missouri State Bears,3477.0,2495,72.44,5.479166666666667,51.979166666666664,10,71.7572620074777,401634184,2024,5
48,Delaware Blue Hens,4529.0,3748,62.04,10.315068493150685,51.342465753424655,9,82.75557518215942,401628635,2024,5
2529,Sacred Heart Pioneers,3696.0,1062,75.43,6.285714285714286,21.6734693877551,11,28.733766233766232,401628635,2024,5
48,Delaware Blue Hens,5591.0,5031,70.77,10.08860759493671,63.68354430379747,10,89.9839027007691,401628640,2024,6
2405,Monmouth Hawks,4565.0,3279,72.46,8.396825396825397,52.04761904761905,11,71.82913472070099,401628640,2024,6
2449,North Dakota State Bison,4466.0,3454,66.66,8.283582089552239,51.55223880597015,10,77.33990147783251,401634201,2024,6
155,North Dakota Fighting Hawks,3841.0,2100,72.47,7.169811320754717,39.62264150943396,11,54.67326217130955,401634201,2024,6
48,Delaware Blue Hens,5032.0,4105,68.93,8.643835616438356,56.23287671232877,10,81.5779014308426,401628650,2024,7
311,Maine Black Bears,3300.0,1635,64.71,6.019607843137255,32.05882352941177,11,49.54545454545455,401628650,2024,7
2287,Illinois State Redbirds,5498.0,2798,77.44,7.647887323943662,39.40845070422535,13,50.89123317570026,401634163,2024,7
2623,Missouri State Bears,4485.0,3264,64.07,7.957142857142857,46.628571428571426,11,72.77591973244147,401634163,2024,7
2449,North Dakota State Bison,4940.0,3459,73.73,9.08955223880597,51.62686567164179,9,70.02024291497976,401634208,2024,7
79,Southern Illinois Salukis,3705.0,1646,74.1,7.64,32.92,9,44.42645074224021,401634208,2024,7
16,Sacramento State Hornets,4861.0,3968,75.95,11.71875,62.0,7,81.62929438387164,401634057,2024,7
331,Eastern Washington Eagles,5045.0,4296,72.07,9.685714285714285,61.371428571428574,9,85.15361744301289,401634057,2024,7
2623,Missouri State Bears,4861.0,3752,73.65,7.803030303030303,56.84848484848485,10,77.18576424603991,401634175,2024,8
282,Indiana State Sycamores,3483.0,1563,65.72,6.962264150943396,29.49056603773585,11,44.87510766580534,401634175,2024,8
48,Delaware Blue Hens,4965.0,2563,76.38,7.461538461538462,39.43076923076923,11,51.62134944612286,401628658,2024,8
257,Richmond Spiders,4457.0,3260,68.57,8.615384615384615,50.15384615384615,11,73.14336997980705,401628658,2024,8
2571,South Dakota State Jackrabbits,4999.0,2212,80.63,8.790322580645162,35.67741935483871,10,44.24884976995399,401634209,2024,8
2449,North Dakota State Bison,4252.0,2604,74.6,8.473684210526315,45.68421052631579,9,61.241768579492,401634209,2024,8
16,Sacramento State Hornets,5119.0,3657,70.12,7.835616438356165,50.0958904109589,14,71.43973432310999,401634106,2024,8
2692,Weber State Wildcats,5196.0,4104,65.77,9.025316455696203,51.949367088607595,13,78.98383371824481,401634106,2024,8
93,Murray State Racers,4792.0,2694,65.64,8.26027397260274,36.9041095890411,12,56.21869782971619,401634194,2024,9
2449,North Dakota State Bison,3935.0,2879,65.58,6.966666666666667,47.983333333333334,11,73.16391359593392,401634194,2024,9
48,Delaware Blue Hens,4055.0,2625,68.73,8.76271186440678,44.49152542372882,9,64.73489519112208,401628662,2024,9
399,UAlbany Great Danes,4712.0,2984,72.49,9.446153846153846,45.90769230769231,10,63.3276740237691,401628662,2024,9
2623,Missouri State Bears,4276.0,3693,75.02,7.105263157894737,64.78947368421052,10,86.36576239476146,401634185,2024,9
2460,Northern Iowa Panthers,5827.0,4619,77.69,8.466666666666667,61.586666666666666,10,79.26892054230308,401634185,2024,9
304,Idaho State Bengals,2709.0,1457,77.4,5.742857142857143,41.628571428571426,8,53.783684016242155,401634108,2024,9
16,Sacramento State Hornets,3878.0,2911,71.81,7.777777777777778,53.907407407407405,8,75.06446621970088,401634108,2024,9
2623,Missouri State Bears,3896.0,2309,60.88,6.25,36.078125,14,59.265913757700204,401634186,2024,10
79,Southern Illinois Salukis,6423.0,3091,79.3,7.45679012345679,38.160493827160494,15,48.123929627899734,401634186,2024,10
2460,Northern Iowa Panthers,2431.0,4417,41.91,8.275862068965518,76.15517241379311,8,181.69477581242288,401634210,2024,10
2449,North Dakota State Bison,1560.0,3003,27.86,8.196428571428571,53.625,8,192.5,401634210,2024,10
16,Sacramento State Hornets,4819.0,3548,73.02,7.348484848484849,53.75757575757576,11,73.62523345092343,401634114,2024,10
2502,Portland State Vikings,4981.0,4003,65.54,8.328947368421053,52.671052631578945,11,80.3653884762096,401634114,2024,10
48,Delaware Blue Hens,5372.0,3392,75.66,8.732394366197184,47.774647887323944,11,63.14221891288161,401628680,2024,11
227,Rhode Island Rams,3713.0,1884,75.78,6.183673469387755,38.44897959183673,10,50.74064099111231,401628680,2024,11
2623,Missouri State Bears,4447.0,3628,74.12,6.25,60.46666666666667,12,81.58308972340905,401634187,2024,11
93,Murray State Racers,4671.0,2480,72.98,6.109375,38.75,14,53.093555983729395,401634187,2024,11
147,Montana State Bobcats,4468.0,3658,74.47,7.866666666666666,60.96666666666667,10,81.87108325872873,401634120,2024,11
16,Sacramento State Hornets,4598.0,1961,74.16,7.193548387096774,31.629032258064516,11,42.64897781644193,401634120,2024,11
48,Delaware Blue Hens,5040.0,3883,75.22,7.223880597014926,57.95522388059702,10,77.0436507936508,401628691,2024,12
2097,Campbell Fighting Camels,3947.0,1766,64.7,7.278688524590164,28.950819672131146,11,44.74284266531543,401628691,2024,12
2449,North Dakota State Bison,4651.0,4164,71.55,7.969230769230769,64.06153846153846,11,89.5291335196732,401634188,2024,12
2623,Missouri State Bears,5037.0,3376,75.18,8.791044776119403,50.38805970149254,12,67.02402223545761,401634188,2024,12
16,Sacramento State Hornets,4480.0,2546,62.22,7.680555555555555,35.361111111111114,12,56.830357142857146,401634121,2024,12
13,Cal Poly Mustangs,5447.0,3597,75.65,9.208333333333334,49.958333333333336,12,66.03635028456031,401634121,2024,12
222,Villanova Wildcats,4157.0,2241,69.28,6.5,37.35,12,53.9090690401732,401628694,2024,13
48,Delaware Blue Hens,5063.0,2951,69.36,7.808219178082192,40.42465753424658,14,58.28560142208177,401628694,2024,13
233,South Dakota Coyotes,4399.0,3017,74.56,7.593220338983051,51.13559322033898,9,68.58376903841783,401634211,2024,13
2449,North Dakota State Bison,5644.0,4106,83.0,10.676470588235293,60.38235294117647,10,72.74982282069455,401634211,2024,13
2571,South Dakota State Jackrabbits,4623.0,3638,67.99,8.191176470588236,53.5,11,78.69348907635734,401634189,2024,13
2623,Missouri State Bears,4263.0,1665,74.79,6.5964912280701755,29.210526315789473,13,39.057002111189306,401634189,2024,13
302,UC Davis Aggies,4790.0,3482,73.69,6.507692307692308,53.56923076923077,13,72.69311064718163,401634132,2024,13
16,Sacramento State Hornets,5175.0,3573,71.88,6.902777777777778,49.625,13,69.04347826086956,401634132,2024,13
2449,North Dakota State Bison,3591.0,2652,61.91,6.879310344827586,45.724137931034484,12,73.85129490392649,401729745,2024,15
2000,Abilene Christian Wildcats,4305.0,2189,70.57,6.622950819672131,35.885245901639344,14,50.847851335656216,401729745,2024,15
2449,North Dakota State Bison,4466.0,2336,66.66,6.985074626865671,34.865671641791046,12,52.30631437527989,401729785,2024,16
2382,Mercer Bears,3643.0,897,71.43,4.686274509803922,17.58823529411765,13,24.622563821026628,401729785,2024,16
2571,South Dakota State Jackrabbits,5172.0,3073,79.57,8.446153846153846,47.276923076923076,10,59.41608662026295,401729786,2024,1
2449,North Dakota State Bison,3955.0,2240,73.24,7.0,41.48148148148148,9,56.63716814159292,401729786,2024,1
147,Montana State Bobcats,4379.0,3346,72.98,10.266666666666667,55.766666666666666,8,76.41013930121032,401680057,2024,1
2449,North Dakota State Bison,4176.0,3186,70.78,8.084745762711865,54.0,9,76.29310344827586,401680057,2024,1
52,Florida State Seminoles,4365.0,2938,75.26,9.568965517241379,50.6551724137931,7,67.30813287514319,401635525,2024,1
59,Georgia Tech Yellow Jackets,4075.0,3200,78.37,10.057692307692308,61.53846153846154,7,78.52760736196319,401635525,2024,1
167,New Mexico Lobos,4031.0,2559,74.65,6.537037037037037,47.388888888888886,11,63.4830066980898,401643697,2024,1
147,Montana State Bobcats,6128.0,4236,78.56,7.935897435897436,54.30769230769231,12,69.12532637075718,401643697,2024,1
2567,SMU Mustangs,5025.0,2839,76.14,7.181818181818182,43.015151515151516,12,56.49751243781095,401643696,2024,1
2440,Nevada Wolf Pack,5772.0,3401,73.06,8.215189873417721,43.050632911392405,12,58.92238392238392,401643696,2024,1
2169,Delaware State Hornets,4875.0,1638,81.25,5.4,27.3,14,33.6,401643858,2024,1
62,Hawai'i Rainbow Warriors,3972.0,1792,66.2,5.266666666666667,29.866666666666667,13,45.115810674723065,401643858,2024,1
93,Murray State Racers,3675.0,521,75.0,4.8979591836734695,10.63265306122449,12,14.17687074829932,401628327,2024,1
142,Missouri Tigers,5319.0,4242,71.88,9.45945945945946,57.32432432432432,11,79.75183305132543,401628327,2024,1
253,Southern Utah Thunderbirds,3633.0,777,74.14,5.285714285714286,15.857142857142858,11,21.387283236994218,401636607,2024,1
254,Utah Utes,4120.0,3324,65.4,7.714285714285714,52.76190476190476,12,80.67961165048544,401636607,2024,1
2815,Lindenwood Lions,4455.0,1940,78.16,8.421052631578947,34.03508771929825,9,43.54657687991021,401636606,2024,1
2305,Kansas Jayhawks,5035.0,4518,79.92,8.793650793650794,71.71428571428571,9,89.73187686196624,401636606,2024,1
2717,Western Carolina Catamounts,4502.0,2714,73.8,6.557377049180328,44.49180327868852,12,60.284318080852955,401634299,2024,1
152,NC State Wolfpack,4966.0,3628,68.97,8.069444444444445,50.388888888888886,11,73.05678614579138,401634299,2024,1
47,Howard Bison,4801.0,2282,80.02,7.566666666666666,38.03333333333333,10,47.53176421578838,401628458,2024,1
164,Rutgers Scarlet Knights,4592.0,3813,67.53,9.176470588235293,56.0735294117647,10,83.03571428571429,401628458,2024,1
154,Wake Forest Demon Deacons,5117.0,3849,76.37,8.761194029850746,57.44776119402985,10,75.21985538401407,401628581,2024,1
2448,North Carolina A&T Aggies,5534.0,3060,80.2,9.130434782608695,44.34782608695652,10,55.294542826165525,401628581,2024,1
2116,UCF Knights,4985.0,3920,65.59,8.276315789473685,51.578947368421055,15,78.63590772316951,401628582,2024,1
160,New Hampshire Wildcats,4124.0,798,76.37,4.2407407407407405,14.777777777777779,15,19.350145489815713,401628582,2024,1
322,Lafayette Leopards,4495.0,2223,67.09,7.104477611940299,33.17910447761194,13,49.45494994438265,401644727,2024,1
2084,Buffalo Bulls,5100.0,2679,70.83,6.986111111111111,37.208333333333336,13,52.529411764705884,401644727,2024,1
189,Bowling Green Falcons,4249.0,3464,78.69,8.37037037037037,64.14814814814815,8,81.52506472111085,401644729,2024,1
2230,Fordham Rams,5074.0,3346,79.28,9.0625,52.28125,10,65.94402837997634,401644729,2024,1
8,Arkansas Razorbacks,4937.0,4937,70.53,7.828571428571428,70.52857142857142,10,100.0,401628320,2024,1
2029,Arkansas-Pine Bluff Golden Lions,3453.0,717,75.07,5.565217391304348,15.58695652173913,11,20.764552562988705,401628320,2024,1
2649,Toledo Rockets,3862.0,3097,58.52,7.545454545454546,46.92424242424242,11,80.19161056447436,401644728,2024,1
2184,Duquesne Dukes,4556.0,2403,79.93,7.87719298245614,42.1578947368421,10,52.74363476733977,401644728,2024,1
2449,North Dakota State Bison,5106.0,3854,74.0,8.869565217391305,55.85507246376812,9,75.4798276537407,401634206,2024,1
38,Colorado Buffaloes,4506.0,3689,79.05,9.052631578947368,64.71929824561404,9,81.86861961828673,401634206,2024,1
55,Jacksonville State Gamecocks,4236.0,2221,74.32,6.87719298245614,38.96491228070175,14,52.431539187913124,401640998,2024,1
324,Coastal Carolina Chanticleers,5051.0,4195,67.35,7.226666666666667,55.93333333333333,13,83.05286081963968,401640998,2024,1
2016,Alcorn State Braves,4792.0,1092,76.06,5.825396825396825,17.333333333333332,13,22.78797996661102,401645316,2024,1
5,UAB Blazers,5756.0,4392,67.72,8.576470588235294,51.67058823529412,13,76.30298818624044,401645316,2024,1
2655,Tulane Green Wave,3885.0,3512,71.94,8.296296296296296,65.03703703703704,8,90.3989703989704,401645317,2024,1
2545,SE Louisiana Lions,3663.0,1516,69.11,6.849056603773585,28.60377358490566,10,41.38684138684139,401645317,2024,1
202,Tulsa Golden Hurricane,5078.0,4189,71.52,7.577464788732394,59.0,11,82.49310752264671,401645318,2024,1
2466,Northwestern State Demons,3392.0,930,70.67,4.979166666666667,19.375,13,27.41745283018868,401645318,2024,1
135,Minnesota Golden Gophers,3757.0,2125,68.31,7.672727272727273,38.63636363636363,11,56.56108597285068,401628448,2024,1
153,North Carolina Tar Heels,4710.0,2759,73.59,9.578125,43.109375,11,58.57749469214438,401628448,2024,1
356,Illinois Fighting Illini,5030.0,3849,71.86,7.7,54.98571428571429,11,76.52087475149105,401654845,2024,1
2197,Eastern Illinois Panthers,4308.0,1434,79.78,5.37037037037037,26.555555555555557,12,33.286908077994426,401654845,2024,1
23,San José State Spartans,4391.0,3046,71.98,6.442622950819672,49.9344262295082,14,69.36916419949898,401643698,2024,1
16,Sacramento State Hornets,5615.0,3562,68.48,8.439024390243903,43.4390243902439,14,63.437221727515585,401643698,2024,1
218,Temple Owls,4637.0,1161,74.79,5.467741935483871,18.725806451612904,15,25.037739918050463,401628328,2024,1
201,Oklahoma Sooners,4049.0,2608,62.29,6.707692307692308,40.12307692307692,13,64.41096567053593,401628328,2024,1
2329,Lehigh Mountain Hawks,3940.0,2591,75.77,9.807692307692308,49.82692307692308,7,65.76142131979695,401645319,2024,1
349,Army Black Knights,4679.0,4535,75.47,10.370967741935484,73.14516129032258,7,96.9224193203676,401645319,2024,1
127,Michigan State Spartans,3820.0,1973,64.75,6.559322033898305,33.440677966101696,13,51.64921465968586,401628453,2024,1
2226,Florida Atlantic Owls,5393.0,2322,78.16,6.768115942028985,33.65217391304348,13,43.055813091043944,401628453,2024,1
150,Duke Blue Devils,6800.0,2703,100.0,8.455882352941176,39.75,11,39.75,401628584,2024,1
2210,Elon Phoenix,0.0,1138,0.0,6.852459016393443,18.65573770491803,12,,401628584,2024,1
2711,Western Michigan Broncos,3737.0,2371,71.87,9.5,45.59615384615385,7,63.44661493176345,401628461,2024,1
275,Wisconsin Badgers,6094.0,4693,74.32,12.182926829268293,57.23170731707317,9,77.01017394158188,401628461,2024,1
2628,TCU Horned Frogs,4902.0,3582,65.36,8.413333333333334,47.76,13,73.07221542227663,401634300,2024,1
24,Stanford Cardinal,5245.0,3159,72.85,8.0,43.875,12,60.22878932316492,401634300,2024,1
228,Clemson Tigers,4105.0,1711,80.49,7.0588235294117645,33.549019607843135,10,41.680876979293544,401628323,2024,1
61,Georgia Bulldogs,4327.0,2863,72.12,6.716666666666667,47.71666666666667,11,66.16593482782528,401628323,2024,1
2006,Akron Zips,4817.0,1503,76.46,7.317460317460317,23.857142857142858,13,31.201992941664937,401628455,2024,1
194,Ohio State Buckeyes,4442.0,3220,70.51,8.26984126984127,51.111111111111114,10,72.4898694281855,401628455,2024,1
70,Idaho Vandals,3406.0,1023,72.47,4.446808510638298,21.76595744680851,12,30.03523194362889,401628456,2024,1
2483,Oregon Ducks,6487.0,4389,76.32,8.788235294117648,51.63529411764706,12,67.65839371049792,401628456,2024,1
251,Texas Longhorns,4905.0,3904,67.19,7.863013698630137,53.47945205479452,11,79.59225280326197,401628331,2024,1
36,Colorado State Rams,4188.0,1045,74.79,5.392857142857143,18.660714285714285,12,24.952244508118433,401628331,2024,1
333,Alabama Crimson Tide,4297.0,3250,66.11,7.123076923076923,50.0,14,75.63416336979287,401628319,2024,1
98,Western Kentucky Hilltoppers,4902.0,2002,73.16,9.462686567164178,29.880597014925375,14,40.84047327621379,401628319,2024,1
231,Furman Paladins,4693.0,860,74.49,4.7936507936507935,13.65079365079365,16,18.32516513956957,401628325,2024,1
145,Ole Miss Rebels,5439.0,4423,66.33,7.097560975609756,53.9390243902439,16,81.3200956058099,401628325,2024,1
87,Notre Dame Fighting Irish,4564.0,2293,71.31,6.734375,35.828125,12,50.2410166520596,401628332,2024,1
245,Texas A&M Aggies,4922.0,2054,72.38,7.0588235294117645,30.205882352941178,12,41.73100365704998,401628332,2024,1
213,Penn State Nittany Lions,4278.0,2727,71.3,6.133333333333334,45.45,12,63.74474053295933,401628457,2024,1
277,West Virginia Mountaineers,4751.0,2772,73.09,9.0,42.646153846153844,12,58.34561145022101,401628457,2024,1
278,Fresno State Bulldogs,4119.0,1621,72.26,5.754385964912281,28.43859649122807,12,39.35421218742413,401628452,2024,1
130,Michigan Wolverines,4309.0,2083,71.82,7.85,34.71666666666667,10,48.34068229287538,401628452,2024,1
2633,Tennessee Volunteers,6545.0,5406,72.72,9.28888888888889,60.06666666666667,13,82.59740259740259,401628330,2024,1
236,Chattanooga Mocs,4251.0,1128,70.85,5.216666666666667,18.8,14,26.534932956951305,401628330,2024,1
197,Oklahoma State Cowboys,4338.0,3075,61.97,7.357142857142857,43.92857142857143,13,70.88520055325034,401634212,2024,1
2571,South Dakota State Jackrabbits,5138.0,1997,79.05,5.923076923076923,30.723076923076924,13,38.86726352666407,401634212,2024,1
2306,Kansas State Wildcats,4010.0,2699,71.61,6.607142857142857,48.19642857142857,10,67.3067331670823,401636612,2024,1
2630,UT Martin Skyhawks,3823.0,809,69.51,5.581818181818182,14.709090909090909,13,21.16139157729532,401636612,2024,1
2390,Miami Hurricanes,5017.0,4036,72.71,7.115942028985507,58.492753623188406,12,80.44648196133147,401628322,2024,1
57,Florida Gators,3647.0,1665,67.54,6.351851851851852,30.833333333333332,12,45.65396216068001,401628322,2024,1
12,Arizona Wildcats,3983.0,3158,69.88,6.4035087719298245,55.40350877192982,12,79.28696962088878,401636608,2024,1
167,New Mexico Lobos,5787.0,4119,72.34,7.75,51.4875,14,71.1767755313634,401636608,2024,1
2287,Illinois State Redbirds,4681.0,972,75.5,5.064516129032258,15.67741935483871,14,20.76479384746849,401628450,2024,1
2294,Iowa Hawkeyes,4550.0,2679,64.08,5.873239436619718,37.732394366197184,14,58.879120879120876,401628450,2024,1
238,Vanderbilt Commodores,4125.0,2671,65.48,7.380952380952381,42.3968253968254,11,64.75151515151515,401628333,2024,1
259,Virginia Tech Hokies,4921.0,2864,76.89,7.28125,44.75,11,58.199552936395044,401628333,2024,1
41,UConn Huskies,4720.0,1845,77.38,5.327868852459017,30.24590163934426,14,39.08898305084746,401628451,2024,1
120,Maryland Terrapins,5505.0,3902,69.68,6.860759493670886,49.392405063291136,15,70.88101725703906,401628451,2024,1
97,Louisville Cardinals,3949.0,2950,63.69,6.419354838709677,47.58064516129032,13,74.7024563180552,401632062,2024,1
2046,Austin Peay Governors,4410.0,589,76.03,4.862068965517241,10.155172413793103,14,13.356009070294785,401632062,2024,1
2509,Purdue Boilermakers,4262.0,3079,66.59,6.5625,48.109375,11,72.24307836696387,401634169,2024,1
282,Indiana State Sycamores,4019.0,1041,77.29,5.269230769230769,20.01923076923077,12,25.901965663100274,401634169,2024,1
221,Pittsburgh Panthers,5560.0,4528,71.28,8.628205128205128,58.05128205128205,12,81.43884892086331,401634305,2024,1
2309,Kent State Golden Flashes,4726.0,2284,72.71,7.138461538461539,35.13846153846154,13,48.3283961066441,401634305,2024,1
2426,Navy Midshipmen,4126.0,2336,59.8,6.840579710144928,33.85507246376812,13,56.61657779932138,401645322,2024,1
2083,Bucknell Bison,4394.0,2282,65.58,7.2388059701492535,34.059701492537314,13,51.93445607646791,401645322,2024,1
2132,Cincinnati Bearcats,4656.0,3552,75.1,6.709677419354839,57.29032258064516,12,76.28865979381443,401628591,2024,1
119,Towson Tigers,5181.0,3053,72.97,7.028169014084507,43.0,13,58.926848098822624,401628591,2024,1
265,Washington State Cougars,3711.0,3057,75.73,5.979591836734694,62.38775510204081,12,82.37671786580437,401637159,2024,1
2502,Portland State Vikings,6107.0,3896,73.58,8.144578313253012,46.93975903614458,14,63.79564434255772,401637159,2024,1
2229,Florida International Panthers,4442.0,1693,75.29,7.610169491525424,28.694915254237287,10,38.11346240432238,401628449,2024,1
84,Indiana Hoosiers,4893.0,3662,75.28,9.830769230769231,56.33846153846154,10,74.84161046392806,401628449,2024,1
158,Nebraska Cornhuskers,5696.0,4877,68.63,9.963855421686747,58.75903614457831,11,85.62148876404494,401628454,2024,1
2638,UTEP Miners,3636.0,914,75.75,5.6875,19.041666666666668,11,25.13751375137514,401628454,2024,1
113,Massachusetts Minutemen,4998.0,3049,73.5,9.411764705882353,44.838235294117645,9,61.00440176070428,401629039,2024,1
2199,Eastern Michigan Eagles,4507.0,3379,75.12,9.0,56.31666666666667,9,74.97226536498779,401629039,2024,1
2026,App State Mountaineers,4842.0,3470,72.27,8.73134328358209,51.791044776119406,11,71.66460140437836,401634133,2024,1
2193,East Tennessee State Buccaneers,4464.0,1880,74.4,7.533333333333333,31.333333333333332,11,42.11469534050179,401634133,2024,1
155,North Dakota Fighting Hawks,6059.0,3801,84.15,13.208333333333334,52.791666666666664,8,62.733124277933655,401634197,2024,1
66,Iowa State Cyclones,3681.0,2481,76.69,7.666666666666667,51.6875,8,67.400162999185,401634197,2024,1
183,Syracuse Orange,5234.0,4062,74.77,9.0,58.02857142857143,11,77.60794803209782,401634304,2024,1
195,Ohio Bobcats,5204.0,3405,78.85,8.803030303030303,51.59090909090909,10,65.4304381245196,401634304,2024,1
2636,UTSA Roadrunners,4862.0,2988,68.48,7.225352112676056,42.08450704225352,12,61.45619086795558,401641015,2024,1
338,Kennesaw State Owls,4689.0,2314,73.27,7.8125,36.15625,12,49.34954148005971,401641015,2024,1
2005,Air Force Falcons,4348.0,2363,63.01,8.26086956521739,34.2463768115942,11,54.34682612695492,401643699,2024,1
2771,Merrimack Warriors,3695.0,1574,65.98,8.089285714285714,28.107142857142858,11,42.598105548037886,401643699,2024,1
193,Miami (OH) RedHawks,1165.0,1977,20.09,7.258620689655173,34.08620689655172,10,169.69957081545064,401644683,2024,1
77,Northwestern Wildcats,4217.0,2444,70.28,7.366666666666666,40.733333333333334,10,57.95589281479725,401644683,2024,1
2459,Northern Illinois Huskies,5085.0,4647,73.7,8.63768115942029,67.34782608695652,12,91.38643067846607,401644731,2024,1
2710,Western Illinois Leathernecks,4563.0,2333,78.67,7.5,40.224137931034484,11,51.12864343633574,401644731,2024,1
68,Boise State Broncos,4262.0,3237,68.74,7.354838709677419,52.20967741935484,13,75.95025809479118,401643700,2024,1
290,Georgia Southern Eagles,5618.0,3812,66.09,7.658823529411765,44.84705882352941,13,67.85332858668565,401643700,2024,1
295,Old Dominion Monarchs,5246.0,2172,73.89,7.408450704225352,30.591549295774648,14,41.40297369424324,401628329,2024,1
2579,South Carolina Gamecocks,5218.0,2581,70.51,8.864864864864865,34.87837837837838,14,49.46339593714067,401628329,2024,1
276,Marshall Thundering Herd,4613.0,3112,68.85,7.014925373134329,46.44776119402985,13,67.46152178625623,401628590,2024,1
2619,Stony Brook Seawolves,6214.0,1882,77.68,7.4125,23.525,13,30.286449951721917,401628590,2024,1
302,UC Davis Aggies,1441.0,2483,30.02,9.791666666666666,51.729166666666664,6,172.31089521165856,401634301,2024,1
25,California Golden Bears,1866.0,653,88.86,4.809523809523809,31.095238095238095,6,34.994640943194,401634301,2024,1
6,South Alabama Jaguars,6195.0,4815,76.48,8.716049382716049,59.44444444444444,12,77.72397094430993,401643775,2024,1
249,North Texas Mean Green,5130.0,4590,69.32,9.58108108108108,62.027027027027025,10,89.47368421052632,401643775,2024,1
344,Mississippi State Bulldogs,3401.0,2447,60.73,6.410714285714286,43.69642857142857,11,71.94942663922376,401628326,2024,1
2198,Eastern Kentucky Colonels,5880.0,2496,77.37,7.447368421052632,32.8421052631579,13,42.44897959183673,401628326,2024,1
2335,Liberty Flames,5205.0,4342,72.29,9.444444444444445,60.30555555555556,11,83.41978866474544,401628586,2024,1
2097,Campbell Fighting Camels,3502.0,1688,72.96,5.229166666666667,35.166666666666664,11,48.20102798400914,401628586,2024,1
257,Richmond Spiders,4287.0,2078,71.45,7.45,34.63333333333333,11,48.47212502915792,401628589,2024,1
258,Virginia Cavaliers,4487.0,3159,71.22,7.365079365079365,50.142857142857146,11,70.403387564074,401628589,2024,1
151,East Carolina Pirates,4856.0,3544,66.52,6.52054794520548,48.54794520547945,14,72.9818780889621,401645320,2024,1
2450,Norfolk State Spartans,4656.0,694,75.1,5.17741935483871,11.193548387096774,16,14.905498281786942,401645320,2024,1
304,Idaho State Bengals,4545.0,2188,77.03,7.220338983050848,37.08474576271186,10,48.14081408140814,401643704,2024,1
204,Oregon State Beavers,5153.0,4198,72.58,8.887323943661972,59.12676056338028,10,81.46710653987968,401643704,2024,1
2032,Arkansas State Red Wolves,6523.0,4426,72.48,8.766666666666667,49.17777777777778,14,67.85221523838725,401632064,2024,1
2110,Central Arkansas Bears,4641.0,1882,77.35,4.933333333333334,31.366666666666667,15,40.55160525748761,401632064,2024,1
2065,Bethune-Cookman Wildcats,5558.0,1758,78.28,7.309859154929577,24.760563380281692,13,31.630082763584024,401636363,2024,1
58,South Florida Bulls,4111.0,2809,59.58,6.565217391304348,40.710144927536234,14,68.32887375334468,401636363,2024,1
2627,Tarleton State Texans,4377.0,1318,79.58,5.745454545454545,23.963636363636365,13,30.111948823395018,401636610,2024,1
239,Baylor Bears,4264.0,3213,60.91,6.885714285714286,45.9,13,75.35178236397749,401636610,2024,1
248,Houston Cougars,4979.0,1835,80.31,6.080645161290323,29.596774193548388,14,36.85479011849769,401636611,2024,1
2439,UNLV Rebels,3347.0,1719,56.73,6.305084745762712,29.135593220338983,12,51.35942635195698,401636611,2024,1
2635,Tennessee Tech Golden Eagles,4449.0,2092,70.62,7.857142857142857,33.20634920634921,11,47.02180265228141,401641023,2024,1
2393,Middle Tennessee Blue Raiders,4517.0,3413,67.42,9.776119402985074,50.940298507462686,10,75.55899933584237,401641023,2024,1
2534,Sam Houston Bearkats,4857.0,2779,68.41,7.859154929577465,39.140845070422536,12,57.21638871731521,401641039,2024,1
242,Rice Owls,4671.0,1959,75.34,6.435483870967742,31.596774193548388,13,41.939627488760436,401641039,2024,1
2653,Troy Trojans,4994.0,3809,76.83,9.4,58.6,9,76.27152583099719,401643701,2024,1
2440,Nevada Wolf Pack,3652.0,2440,67.63,7.092592592592593,45.18518518518518,9,66.81270536692223,401643701,2024,1
2453,North Alabama Lions,4253.0,1467,73.33,9.517241379310345,25.29310344827586,11,34.49329884787209,401645321,2024,1
235,Memphis Tigers,3354.0,2463,59.89,7.196428571428571,43.982142857142854,10,73.43470483005366,401645321,2024,1
2010,Alabama A&M Bulldogs,5192.0,2146,75.25,6.681159420289855,31.10144927536232,15,41.33281972265023,401628321,2024,1
2,Auburn Tigers,2799.0,2334,63.61,4.590909090909091,53.04545454545455,13,83.38692390139336,401628321,2024,1
62,Hawai'i Rainbow Warriors,5117.0,2411,73.1,7.0285714285714285,34.44285714285714,12,47.11745163181552,401628459,2024,1
26,UCLA Bruins,4140.0,2586,72.63,6.456140350877193,45.36842105263158,11,62.46376811594203,401628459,2024,1
2000,Abilene Christian Wildcats,6425.0,4886,74.71,8.104651162790697,56.81395348837209,13,76.04669260700389,401636613,2024,1
2641,Texas Tech Red Raiders,4644.0,3816,63.62,8.273972602739725,52.273972602739725,12,82.17054263565892,401636613,2024,1
96,Kentucky Wildcats,2523.0,2079,63.08,6.975,51.975,7,82.40190249702735,401628324,2024,1
2572,Southern Miss Golden Eagles,2500.0,1270,80.65,8.225806451612904,40.96774193548387,7,50.8,401628324,2024,1
252,BYU Cougars,5230.0,3748,69.73,8.013333333333334,49.973333333333336,12,71.66347992351817,401634240,2024,1
79,Southern Illinois Salukis,3941.0,1497,77.27,5.352941176470588,29.352941176470587,11,37.98528292311596,401634240,2024,1
59,Georgia Tech Yellow Jackets,4529.0,3061,74.25,7.60655737704918,50.18032786885246,10,67.5866637226761,401634302,2024,1
2247,Georgia State Panthers,4750.0,3623,76.61,9.903225806451612,58.435483870967744,9,76.27368421052631,401634302,2024,1
2277,Houston Christian Huskies,3740.0,937,70.57,5.150943396226415,17.67924528301887,13,25.053475935828878,401634303,2024,1
2567,SMU Mustangs,5376.0,4370,70.74,8.539473684210526,57.5,12,81.28720238095238,401634303,2024,1
2755,Grambling Tigers,3678.0,1601,76.62,6.270833333333333,33.354166666666664,10,43.52909189777053,401636380,2024,1
309,Louisiana Ragin' Cajuns,4762.0,4289,75.59,9.380952380952381,68.07936507936508,8,90.06719865602687,401636380,2024,1
2447,Nicholls Colonels,4027.0,1459,64.95,6.161290322580645,23.532258064516128,16,36.23044449962752,401641007,2024,1
2348,Louisiana Tech Bulldogs,4954.0,2208,72.85,5.3088235294117645,32.470588235294116,16,44.57004440855874,401641007,2024,1
2837,East Texas A&M Lions,4448.0,1953,69.5,6.09375,30.515625,13,43.90737410071942,401643702,2024,1
21,San Diego State Aztecs,5658.0,3557,73.48,8.714285714285714,46.1948051948052,11,62.866737363025806,401643702,2024,1
328,Utah State Aggies,4867.0,3008,78.5,6.225806451612903,48.516129032258064,14,61.803986028354224,401643703,2024,1
2523,Robert Morris Colonials,5149.0,2275,72.52,6.126760563380282,32.04225352112676,14,44.18333657020781,401643703,2024,1
256,James Madison Dukes,3816.0,2451,65.79,6.913793103448276,42.258620689655174,11,64.22955974842768,401643774,2024,1
2429,Charlotte 49ers,5837.0,2427,76.8,8.342105263157896,31.93421052631579,12,41.57957855062532,401643774,2024,1
326,Texas State Bobcats,5601.0,4308,69.15,9.283950617283951,53.18518518518518,11,76.91483663631494,401643776,2024,1
2320,Lamar Cardinals,5053.0,2781,70.18,6.652777777777778,38.625,13,55.03661191371462,401643776,2024,1
2546,Southeast Missouri State Redhawks,4716.0,2421,72.55,7.153846153846154,37.246153846153845,12,51.33587786259542,401641032,2024,1
166,New Mexico State Aggies,5080.0,3078,72.57,9.414285714285715,43.97142857142857,11,60.59055118110236,401641032,2024,1
2751,Wyoming Cowboys,3822.0,942,74.94,5.431372549019608,18.470588235294116,12,24.646781789638933,401636609,2024,1
9,Arizona State Sun Devils,4933.0,3868,69.48,8.732394366197184,54.478873239436616,10,78.41070342590716,401636609,2024,1
264,Washington Huskies,5060.0,3449,76.67,7.151515151515151,52.25757575757576,11,68.16205533596838,401628460,2024,1
2692,Weber State Wildcats,4949.0,2143,73.87,8.447761194029852,31.98507462686567,10,43.30167710648616,401628460,2024,1
99,LSU Tigers,4879.0,3369,76.23,8.359375,52.640625,10,69.0510350481656,401628334,2024,1
30,USC Trojans,4631.0,3204,77.18,7.1,53.4,11,69.18592096739366,401628334,2024,1
103,Boston College Eagles,4974.0,3348,73.15,8.235294117647058,49.23529411764706,12,67.31001206272617,401634306,2024,1
52,Florida State Seminoles,4192.0,1928,72.28,7.068965517241379,33.241379310344826,11,45.99236641221374,401634306,2024,1
84,Indiana Hoosiers,4122.0,3892,61.52,6.955223880597015,58.08955223880597,13,94.42018437651626,401628463,2024,2
2710,Western Illinois Leathernecks,3984.0,907,76.62,6.019230769230769,17.442307692307693,13,22.766064257028113,401628463,2024,2
2567,SMU Mustangs,4604.0,2379,63.94,7.888888888888889,33.041666666666664,13,51.672458731537795,401634765,2024,2
252,BYU Cougars,4380.0,2043,73.0,5.383333333333334,34.05,14,46.64383561643836,401634765,2024,2
150,Duke Blue Devils,4690.0,2020,67.97,6.6231884057971016,29.27536231884058,14,43.07036247334755,401635533,2024,2
77,Northwestern Wildcats,4698.0,1906,65.25,6.263888888888889,26.47222222222222,16,40.570455512984246,401635533,2024,2
61,Georgia Bulldogs,4210.0,3408,70.17,8.383333333333333,56.8,10,80.95011876484561,401628339,2024,2
2635,Tennessee Tech Golden Eagles,3425.0,985,74.46,6.673913043478261,21.41304347826087,10,28.759124087591243,401628339,2024,2
194,Ohio State Buckeyes,5018.0,3488,70.68,6.014084507042254,49.12676056338028,13,69.50976484655241,401628468,2024,2
2711,Western Michigan Broncos,3755.0,805,78.23,5.208333333333333,16.770833333333332,13,21.438082556591212,401628468,2024,2
130,Michigan Wolverines,4275.0,2224,79.17,8.222222222222221,41.18518518518518,9,52.0233918128655,401628347,2024,2
251,Texas Longhorns,4195.0,2898,61.69,8.485294117647058,42.61764705882353,10,69.08224076281287,401628347,2024,2
58,South Florida Bulls,5609.0,2437,68.4,6.5,29.71951219512195,17,43.44802995186308,401628335,2024,2
333,Alabama Crimson Tide,4460.0,2464,66.57,6.791044776119403,36.776119402985074,15,55.24663677130045,401628335,2024,2
2459,Northern Illinois Huskies,4516.0,2324,70.56,7.828125,36.3125,10,51.461470327723646,401628977,2024,2
87,Notre Dame Fighting Irish,4242.0,2183,69.54,7.229508196721311,35.78688524590164,11,51.46157472890146,401628977,2024,2
145,Ole Miss Rebels,5315.0,4730,72.81,7.835616438356165,64.79452054794521,11,88.9934148635936,401628342,2024,2
2393,Middle Tennessee Blue Raiders,4764.0,2466,74.44,8.859375,38.53125,10,51.7632241813602,401628342,2024,2
68,Boise State Broncos,4855.0,2367,67.43,6.861111111111111,32.875,15,48.75386199794027,401628469,2024,2
2483,Oregon Ducks,4103.0,1680,74.6,5.654545454545454,30.545454545454547,13,40.945649524737995,401628469,2024,2
189,Bowling Green Falcons,4952.0,2732,76.18,7.107692307692307,42.03076923076923,11,55.16962843295638,401628470,2024,2
213,Penn State Nittany Lions,3889.0,2518,69.45,6.607142857142857,44.964285714285715,11,64.74672152224223,401628470,2024,2
142,Missouri Tigers,5268.0,3524,64.24,8.231707317073171,42.97560975609756,11,66.89445709946848,401628344,2024,2
2084,Buffalo Bulls,3936.0,1075,75.69,6.115384615384615,20.673076923076923,11,27.3119918699187,401628344,2024,2
254,Utah Utes,4219.0,2109,74.02,7.052631578947368,37.0,11,49.98814885043849,401636618,2024,2
239,Baylor Bears,4567.0,1919,74.87,6.60655737704918,31.459016393442624,13,42.01883074228159,401636618,2024,2
2390,Miami Hurricanes,4530.0,3877,64.71,7.814285714285714,55.385714285714286,12,85.58498896247241,401635536,2024,2
50,Florida A&M Rattlers,4015.0,1481,77.21,5.6923076923076925,28.48076923076923,12,36.88667496886675,401635536,2024,2
30,USC Trojans,4755.0,4486,63.4,9.12,59.81333333333333,10,94.34279705573081,401628472,2024,2
328,Utah State Aggies,3855.0,974,77.1,6.06,19.48,11,25.265888456549934,401628472,2024,2
2633,Tennessee Volunteers,3975.0,2807,59.33,6.358208955223881,41.8955223880597,13,70.61635220125787,401628346,2024,2
152,NC State Wolfpack,3734.0,951,74.68,5.86,19.02,12,25.468666309587572,401628346,2024,2
248,Houston Cougars,5475.0,2166,84.23,7.523076923076923,33.323076923076925,12,39.56164383561644,401628345,2024,2
201,Oklahoma Sooners,4231.0,1630,71.71,6.677966101694915,27.627118644067796,12,38.52517135428977,401628345,2024,2
197,Oklahoma State Cowboys,5279.0,2731,71.34,7.554054054054054,36.9054054054054,14,51.733282818715665,401628336,2024,2
8,Arkansas Razorbacks,6791.0,4038,73.02,7.064516129032258,43.41935483870968,15,59.461051391547635,401628336,2024,2
2655,Tulane Green Wave,4723.0,2779,71.56,6.575757575757576,42.10606060606061,12,58.839720516620794,401636616,2024,2
2306,Kansas State Wildcats,4265.0,2567,77.55,6.509090909090909,46.67272727272727,11,60.18757327080891,401636616,2024,2
99,LSU Tigers,3616.0,2694,61.29,6.627118644067797,45.66101694915254,11,74.50221238938053,401628341,2024,2
2447,Nicholls Colonels,4280.0,2598,73.79,8.689655172413794,44.793103448275865,10,60.700934579439256,401628341,2024,2
2305,Kansas Jayhawks,4689.0,2859,72.14,8.215384615384615,43.98461538461538,11,60.972488803582856,401628462,2024,2
356,Illinois Fighting Illini,4322.0,2454,73.25,9.59322033898305,41.59322033898305,9,56.77926885701064,401628462,2024,2
12,Arizona Wildcats,3862.0,2149,70.22,6.236363636363636,39.07272727272727,12,55.64474365613672,401636614,2024,2
2464,Northern Arizona Lumberjacks,4190.0,1482,77.59,5.944444444444445,27.444444444444443,12,35.369928400954656,401636614,2024,2
2294,Iowa Hawkeyes,4517.0,1969,67.42,6.17910447761194,29.388059701492537,15,43.590878901926054,401628464,2024,2
66,Iowa State Cyclones,4865.0,1860,76.02,5.359375,29.0625,15,38.2322713257965,401628464,2024,2
97,Louisville Cardinals,5231.0,4633,74.73,7.542857142857143,66.18571428571428,11,88.56815140508508,401635535,2024,2
55,Jacksonville State Gamecocks,4561.0,2241,76.02,6.7,37.35,11,49.13396185047139,401635535,2024,2
59,Georgia Tech Yellow Jackets,4688.0,3149,72.12,8.353846153846154,48.44615384615385,10,67.17150170648465,401635534,2024,2
183,Syracuse Orange,5921.0,4403,74.95,9.759493670886076,55.734177215189874,9,74.36243877723358,401635534,2024,2
2026,App State Mountaineers,4826.0,2263,70.97,5.75,33.279411764705884,15,46.891835888934935,401635532,2024,2
228,Clemson Tigers,5071.0,3967,69.47,6.328767123287672,54.342465753424655,14,78.22914612502466,401635532,2024,2
227,Rhode Island Rams,3126.0,603,74.43,5.190476190476191,14.357142857142858,10,19.28982725527831,401628466,2024,2
135,Minnesota Golden Gophers,5127.0,4433,72.21,10.140845070422536,62.436619718309856,9,86.4638189974644,401628466,2024,2
2006,Akron Zips,4254.0,1901,74.63,6.807017543859649,33.35087719298246,11,44.68735307945463,401628471,2024,2
164,Rutgers Scarlet Knights,4927.0,3728,74.65,7.348484848484849,56.484848484848484,11,75.6647046884514,401628471,2024,2
221,Pittsburgh Panthers,5218.0,3447,79.06,7.333333333333333,52.22727272727273,11,66.05979302414718,401635538,2024,2
2132,Cincinnati Bearcats,4837.0,3012,65.36,8.864864864864865,40.7027027027027,11,62.270002067397144,401635538,2024,2
41,UConn Huskies,4160.0,3216,64.0,6.523076923076923,49.47692307692308,14,77.3076923076923,401636999,2024,2
2771,Merrimack Warriors,4343.0,1513,74.88,6.137931034482759,26.086206896551722,14,34.83766981349298,401636999,2024,2
235,Memphis Tigers,4073.0,3198,70.22,8.568965517241379,55.13793103448276,10,78.51706358949177,401643784,2024,2
2653,Troy Trojans,4430.0,2800,76.38,9.068965517241379,48.275862068965516,10,63.205417607223474,401643784,2024,2
2226,Florida Atlantic Owls,4028.0,2454,74.59,9.333333333333334,45.44444444444444,8,60.923535253227406,401645323,2024,2
349,Army Black Knights,4913.0,3361,84.71,9.5,57.94827586206897,9,68.41033991451252,401645323,2024,2
245,Texas A&M Aggies,5281.0,4007,83.83,8.555555555555555,63.6031746031746,9,75.875781102064,401628348,2024,2
2377,McNeese Cowboys,1365.0,2875,23.14,10.491525423728813,48.728813559322035,10,210.62271062271063,401628348,2024,2
2050,Ball State Cardinals,5117.0,3352,63.96,7.0375,41.9,14,65.50713308579246,401634181,2024,2
2623,Missouri State Bears,3879.0,2133,64.65,5.766666666666667,35.55,13,54.988399071925755,401634181,2024,2
2598,St. Francis (PA) Red Flash,4977.0,2413,72.13,5.9855072463768115,34.971014492753625,15,48.48302190074342,401644732,2024,2
2309,Kent State Golden Flashes,4398.0,2229,68.72,5.9375,34.828125,14,50.682128240109144,401644732,2024,2
3101,Utah Tech Trailblazers,4278.0,1648,73.76,4.896551724137931,28.413793103448278,15,38.52267414679757,401632071,2024,2
2439,UNLV Rebels,4766.0,4139,61.9,7.064935064935065,53.753246753246756,15,86.84431389005455,401632071,2024,2
2,Auburn Tigers,4493.0,2104,80.23,6.589285714285714,37.57142857142857,14,46.82839973291787,401628337,2024,2
25,California Golden Bears,4396.0,2185,63.71,7.2898550724637685,31.666666666666668,12,49.70427661510464,401628337,2024,2
96,Kentucky Wildcats,4637.0,1473,73.6,7.222222222222222,23.38095238095238,12,31.7662281647617,401628340,2024,2
2579,South Carolina Gamecocks,2910.0,1386,60.62,5.625,28.875,11,47.628865979381445,401628340,2024,2
120,Maryland Terrapins,4787.0,2991,73.65,8.446153846153846,46.01538461538462,11,62.48172132859829,401628465,2024,2
127,Michigan State Spartans,5518.0,3550,81.15,8.735294117647058,52.205882352941174,11,64.33490395070677,401628465,2024,2
264,Washington Huskies,4258.0,3033,76.04,6.964285714285714,54.160714285714285,10,71.23062470643495,401628473,2024,2
2199,Eastern Michigan Eagles,4626.0,2328,71.17,9.753846153846155,35.815384615384616,10,50.3242542153048,401628473,2024,2
233,South Dakota Coyotes,3369.0,1466,67.38,6.24,29.32,10,43.51439596319383,401628474,2024,2
275,Wisconsin Badgers,5071.0,3657,74.57,9.029411764705882,53.779411764705884,10,72.11595346085585,401628474,2024,2
113,Massachusetts Minutemen,6561.0,3843,75.41,9.022988505747126,44.172413793103445,14,58.573388203017835,401629040,2024,2
2649,Toledo Rockets,2273.0,1087,56.83,3.975,27.175,12,47.822261328640565,401629040,2024,2
2184,Duquesne Dukes,4020.0,902,73.09,5.4363636363636365,16.4,13,22.437810945273633,401635531,2024,2
103,Boston College Eagles,4055.0,3423,69.91,6.724137931034483,59.01724137931034,11,84.41430332922319,401635531,2024,2
2751,Wyoming Cowboys,4601.0,2097,66.68,7.202898550724638,30.391304347826086,12,45.57704846772441,401643710,2024,2
70,Idaho Vandals,4317.0,1719,73.17,6.0508474576271185,29.135593220338983,12,39.81931897150799,401643710,2024,2
218,Temple Owls,5005.0,2259,77.0,6.753846153846154,34.753846153846155,13,45.13486513486514,401645324,2024,2
2426,Navy Midshipmen,3579.0,2104,60.66,6.389830508474576,35.66101694915254,13,58.7873707739592,401645324,2024,2
259,Virginia Tech Hokies,3721.0,1824,62.02,6.816666666666666,30.4,12,49.01908089223327,401635540,2024,2
276,Marshall Thundering Herd,3958.0,1571,76.12,6.153846153846154,30.21153846153846,13,39.69176351692774,401635540,2024,2
399,UAlbany Great Danes,5716.0,3619,78.3,9.013698630136986,49.57534246575342,10,63.313505948215536,401628593,2024,2
277,West Virginia Mountaineers,4558.0,4346,82.87,8.672727272727272,79.01818181818182,9,95.34883720930233,401628593,2024,2
2229,Florida International Panthers,2813.0,1472,56.26,4.58,29.44,13,52.32847493778884,401640979,2024,2
2117,Central Michigan Chippewas,6207.0,2999,74.78,8.036144578313253,36.13253012048193,14,48.31641694860641,401640979,2024,2
256,James Madison Dukes,4072.0,2301,71.44,8.175438596491228,40.36842105263158,10,56.50785854616896,401643777,2024,2
2241,Gardner-Webb Runnin' Bulldogs,4712.0,2665,73.62,9.84375,41.640625,9,56.55772495755518,401643777,2024,2
151,East Carolina Pirates,6530.0,3781,73.37,8.235955056179776,42.48314606741573,14,57.90199081163859,401643778,2024,2
295,Old Dominion Monarchs,5362.0,2321,74.47,7.638888888888889,32.236111111111114,13,43.286087280865345,401643778,2024,2
195,Ohio Bobcats,4825.0,3004,75.39,7.953125,46.9375,12,62.259067357512954,401643781,2024,2
6,South Alabama Jaguars,4497.0,2406,72.53,7.290322580645161,38.806451612903224,11,53.502334889926615,401643781,2024,2
57,Florida Gators,4018.0,3049,64.81,7.32258064516129,49.17741935483871,12,75.88352414136386,401628338,2024,2
2535,Samford Bulldogs,5097.0,1737,78.42,7.3076923076923075,26.723076923076924,12,34.078869923484405,401628338,2024,2
324,Coastal Carolina Chanticleers,5192.0,3551,76.35,7.897058823529412,52.220588235294116,11,68.39368258859784,401628603,2024,2
2729,William & Mary Tribe,5056.0,2252,74.35,7.205882352941177,33.11764705882353,13,44.54113924050633,401628603,2024,2
2198,Eastern Kentucky Colonels,4905.0,2367,81.75,8.566666666666666,39.45,10,48.25688073394495,401632068,2024,2
98,Western Kentucky Hilltoppers,4665.0,4093,75.24,8.419354838709678,66.01612903225806,10,87.73847802786709,401632068,2024,2
2247,Georgia State Panthers,4919.0,2733,68.32,6.75,37.958333333333336,13,55.56007318560683,401632459,2024,2
236,Chattanooga Mocs,3691.0,1607,72.37,5.352941176470588,31.50980392156863,13,43.53833649417502,401632459,2024,2
24,Stanford Cardinal,4203.0,3366,68.9,8.147540983606557,55.18032786885246,9,80.08565310492506,401635539,2024,2
13,Cal Poly Mustangs,3514.0,1209,71.71,5.673469387755102,24.6734693877551,10,34.405236198064884,401635539,2024,2
154,Wake Forest Demon Deacons,6051.0,4002,72.9,8.060240963855422,48.21686746987952,14,66.1378284581061,401635639,2024,2
258,Virginia Cavaliers,4800.0,2975,68.57,6.8,42.5,13,61.979166666666664,401635639,2024,2
309,Louisiana Ragin' Cajuns,4324.0,3871,77.21,9.625,69.125,8,89.52358926919518,401641016,2024,2
338,Kennesaw State Owls,3671.0,2284,74.92,10.714285714285714,46.61224489795919,7,62.21737946063743,401641016,2024,2
23,San José State Spartans,4570.0,2086,73.71,6.306451612903226,33.645161290322584,14,45.645514223194745,401643705,2024,2
2005,Air Force Falcons,4702.0,1013,72.34,5.553846153846154,15.584615384615384,14,21.544023819651212,401643705,2024,2
2458,Northern Colorado Bears,4401.0,1682,74.59,5.6440677966101696,28.508474576271187,13,38.218586684844354,401643706,2024,2
36,Colorado State Rams,4766.0,3214,72.21,8.303030303030303,48.696969696969695,11,67.43600503566933,401643706,2024,2
2440,Nevada Wolf Pack,5981.0,4070,79.75,8.453333333333333,54.266666666666666,10,68.0488212673466,401643708,2024,2
290,Georgia Southern Eagles,3892.0,1987,70.76,6.672727272727273,36.127272727272725,10,51.05344295991778,401643708,2024,2
202,Tulsa Golden Hurricane,4179.0,2332,69.65,6.383333333333334,38.86666666666667,13,55.802823642019625,401643779,2024,2
2032,Arkansas State Red Wolves,5546.0,3081,80.38,8.231884057971014,44.65217391304348,12,55.55355210962856,401643779,2024,2
5,UAB Blazers,5014.0,2048,77.14,8.184615384615384,31.50769230769231,12,40.84563222975668,401643780,2024,2
2433,UL Monroe Warhawks,3621.0,1781,58.4,6.854838709677419,28.725806451612904,11,49.185307925987296,401643780,2024,2
2572,Southern Miss Golden Eagles,4094.0,2436,70.59,7.862068965517241,42.0,12,59.50170981924768,401643782,2024,2
2545,SE Louisiana Lions,5310.0,2436,72.74,7.3561643835616435,33.36986301369863,13,45.87570621468927,401643782,2024,2
242,Rice Owls,3911.0,3473,63.08,9.17741935483871,56.016129032258064,12,88.80081820506264,401645326,2024,2
2640,Texas Southern Tigers,3882.0,1071,76.12,5.882352941176471,21.0,13,27.58887171561051,401645326,2024,2
2116,UCF Knights,5347.0,4398,72.26,8.621621621621621,59.432432432432435,11,82.25172994202356,401636617,2024,2
2534,Sam Houston Bearkats,3900.0,1664,76.47,5.921568627450981,32.627450980392155,12,42.666666666666664,401636617,2024,2
2016,Alcorn State Braves,3336.0,503,81.37,4.902439024390244,12.268292682926829,11,15.077937649880097,401628349,2024,2
238,Vanderbilt Commodores,2871.0,1715,56.29,8.215686274509803,33.627450980392155,9,59.73528387321491,401628349,2024,2
38,Colorado Buffaloes,4466.0,1620,73.21,5.950819672131147,26.557377049180328,13,36.274070756829374,401628467,2024,2
158,Nebraska Cornhuskers,4641.0,2445,71.4,7.107692307692307,37.61538461538461,12,52.682611506140915,401628467,2024,2
2617,Stephen F. Austin Lumberjacks,4575.0,2231,66.3,6.579710144927536,32.333333333333336,14,48.76502732240437,401645325,2024,2
249,North Texas Mean Green,5177.0,3026,69.96,6.1891891891891895,40.891891891891895,15,58.450840254973926,401645325,2024,2
2628,TCU Horned Frogs,3969.0,2515,59.24,6.552238805970149,37.53731343283582,13,63.366087175610986,401636615,2024,2
2341,Long Island University Sharks,4278.0,1112,76.39,5.5,19.857142857142858,12,25.993454885460494,401636615,2024,2
253,Southern Utah Thunderbirds,4369.0,2493,67.22,7.184615384615385,38.353846153846156,11,57.06111238269627,401632072,2024,2
2638,UTEP Miners,4531.0,3135,68.65,7.712121212121212,47.5,11,69.1900242772015,401632072,2024,2
265,Washington State Cougars,4068.0,2395,63.56,6.171875,37.421875,14,58.87413962635202,401636859,2024,2
2641,Texas Tech Red Raiders,6457.0,3184,75.96,7.023529411764706,37.45882352941177,15,49.31082546074028,401636859,2024,2
16,Sacramento State Hornets,5209.0,2779,69.45,6.266666666666667,37.053333333333335,17,53.349971203685925,401643707,2024,2
278,Fresno State Bulldogs,5644.0,3581,73.3,7.662337662337662,46.506493506493506,15,63.4479092841956,401643707,2024,2
2335,Liberty Flames,4831.0,2854,74.32,6.661538461538462,43.90769230769231,12,59.07679569447319,401640989,2024,2
166,New Mexico State Aggies,4479.0,1871,72.24,6.209677419354839,30.177419354838708,13,41.77271712435812,401640989,2024,2
9,Arizona State Sun Devils,5488.0,3738,74.16,10.391891891891891,50.513513513513516,9,68.11224489795919,401628343,2024,2
344,Mississippi State Bulldogs,3822.0,2462,70.78,8.425925925925926,45.592592592592595,10,64.41653584510728,401628343,2024,2
204,Oregon State Beavers,5972.0,3510,77.56,8.805194805194805,45.58441558441559,11,58.77427997320831,401643709,2024,2
21,San Diego State Aztecs,3584.0,867,70.27,4.764705882352941,17.0,12,24.190848214285715,401643709,2024,2
2466,Northwestern State Demons,3879.0,827,74.6,4.769230769230769,15.903846153846153,14,21.31992781644754,401643788,2024,3
6,South Alabama Jaguars,2818.0,2512,57.51,5.816326530612245,51.265306122448976,13,89.14123491838183,401643788,2024,3
12,Arizona Wildcats,4477.0,2395,73.39,8.475409836065573,39.26229508196721,9,53.495644404735316,401636864,2024,3
2306,Kansas State Wildcats,4731.0,3743,77.56,9.98360655737705,61.36065573770492,8,79.11646586345381,401636864,2024,3
2439,UNLV Rebels,4300.0,2997,68.25,10.682539682539682,47.57142857142857,10,69.69767441860465,401636863,2024,3
2305,Kansas Jayhawks,5079.0,2977,83.26,8.065573770491802,48.80327868852459,10,58.61390037408939,401636863,2024,3
61,Georgia Bulldogs,3883.0,2001,73.26,7.3584905660377355,37.75471698113208,9,51.53232037084728,401628354,2024,3
96,Kentucky Wildcats,5935.0,2834,81.3,9.082191780821917,38.821917808219176,10,47.75063184498736,401628354,2024,3
2636,UTSA Roadrunners,5096.0,1595,73.86,6.478260869565218,23.115942028985508,16,31.29905808477237,401628361,2024,3
251,Texas Longhorns,4860.0,3235,72.54,6.641791044776119,48.28358208955224,14,66.56378600823045,401628361,2024,3
275,Wisconsin Badgers,5646.0,2783,78.42,9.11111111111111,38.65277777777778,13,49.291533829259656,401628350,2024,3
333,Alabama Crimson Tide,3639.0,1941,64.98,6.553571428571429,34.660714285714285,12,53.33882934872218,401628350,2024,3
154,Wake Forest Demon Deacons,5269.0,2957,72.18,8.712328767123287,40.50684931506849,11,56.12070601632188,401628355,2024,3
145,Ole Miss Rebels,6180.0,4763,80.26,9.623376623376624,61.857142857142854,12,77.07119741100324,401628355,2024,3
142,Missouri Tigers,5101.0,3244,72.87,9.057142857142857,46.34285714285714,10,63.595373456185065,401628357,2024,3
103,Boston College Eagles,4130.0,2535,76.48,8.222222222222221,46.94444444444444,9,61.380145278450364,401628357,2024,3
2633,Tennessee Volunteers,5173.0,4944,64.66,8.2125,61.8,12,95.57316837425091,401628360,2024,3
2309,Kent State Golden Flashes,3480.0,765,77.33,5.155555555555556,17.0,11,21.982758620689655,401628360,2024,3
204,Oregon State Beavers,5073.0,3079,76.86,9.515151515151516,46.65151515151515,9,60.69386950522373,401628483,2024,3
2483,Oregon Ducks,4130.0,3941,75.09,7.6909090909090905,71.65454545454546,8,95.42372881355932,401628483,2024,3
2390,Miami Hurricanes,5097.0,4176,73.87,7.739130434782608,60.52173913043478,13,81.93054738081224,401635544,2024,3
2050,Ball State Cardinals,3921.0,749,75.4,4.923076923076923,14.403846153846153,12,19.102269829125223,401635544,2024,3
328,Utah State Aggies,4667.0,2207,67.64,6.0144927536231885,31.985507246376812,14,47.28947932290551,401636870,2024,3
254,Utah Utes,4893.0,3227,67.96,6.402777777777778,44.81944444444444,14,65.95135908440629,401636870,2024,3
197,Oklahoma State Cowboys,5212.0,3875,71.4,8.945205479452055,53.082191780821915,13,74.34765924788948,401636869,2024,3
202,Tulsa Golden Hurricane,5013.0,2397,72.65,6.898550724637682,34.73913043478261,12,47.815679233991624,401636869,2024,3
2655,Tulane Green Wave,5203.0,2390,76.51,7.514705882352941,35.14705882352941,12,45.93503747837786,401628358,2024,3
201,Oklahoma Sooners,4890.0,3205,66.08,8.472972972972974,43.310810810810814,13,65.54192229038854,401628358,2024,3
2579,South Carolina Gamecocks,4372.0,2191,71.67,6.459016393442623,35.91803278688525,14,50.114364135407136,401628359,2024,3
99,LSU Tigers,4859.0,3431,67.49,6.625,47.65277777777778,14,70.61123688001646,401628359,2024,3
130,Michigan Wolverines,4712.0,3287,77.25,8.01639344262295,53.885245901639344,10,69.75806451612904,401628479,2024,3
2032,Arkansas State Red Wolves,4761.0,2851,69.0,8.420289855072463,41.31884057971015,11,59.882377651753835,401628479,2024,3
2509,Purdue Boilermakers,3648.0,638,74.45,3.6530612244897958,13.020408163265307,15,17.489035087719298,401628978,2024,3
87,Notre Dame Fighting Irish,4798.0,3533,69.54,6.72463768115942,51.20289855072464,14,73.63484785327219,401628978,2024,3
158,Nebraska Cornhuskers,3865.0,3423,72.92,7.018867924528302,64.58490566037736,9,88.5640362225097,401628482,2024,3
2460,Northern Iowa Panthers,5167.0,3020,75.99,10.455882352941176,44.411764705882355,8,58.44784207470486,401628482,2024,3
356,Illinois Fighting Illini,3742.0,2317,64.52,7.379310344827586,39.94827586206897,10,61.918760021378944,401628475,2024,3
2117,Central Michigan Chippewas,4461.0,2456,73.13,7.819672131147541,40.26229508196721,10,55.054920421430175,401628475,2024,3
235,Memphis Tigers,4658.0,2714,64.69,8.0,37.69444444444444,11,58.26534993559468,401635542,2024,3
52,Florida State Seminoles,4063.0,1892,73.87,8.381818181818181,34.4,10,46.56657642136352,401635542,2024,3
2348,Louisiana Tech Bulldogs,3938.0,1848,71.6,6.472727272727273,33.6,11,46.927374301675975,401635546,2024,3
152,NC State Wolfpack,4646.0,2964,71.48,8.953846153846154,45.6,10,63.7968144640551,401635546,2024,3
2132,Cincinnati Bearcats,1100.0,3370,16.67,9.606060606060606,51.06060606060606,10,306.3636363636364,401636865,2024,3
193,Miami (OH) RedHawks,6000.0,2617,100.0,6.433333333333334,43.61666666666667,12,43.61666666666667,401636865,2024,3
2641,Texas Tech Red Raiders,4655.0,3338,66.5,6.271428571428571,47.68571428571428,14,71.7078410311493,401636868,2024,3
249,North Texas Mean Green,4396.0,2293,69.78,6.682539682539683,36.3968253968254,16,52.16105550500455,401636868,2024,3
2084,Buffalo Bulls,4130.0,2463,68.83,7.416666666666667,41.05,11,59.63680387409201,401629041,2024,3
113,Massachusetts Minutemen,4873.0,1929,72.73,7.626865671641791,28.791044776119403,13,39.58547096244613,401629041,2024,3
324,Coastal Carolina Chanticleers,4647.0,2746,73.76,9.19047619047619,43.58730158730159,10,59.09188723907898,401643786,2024,3
218,Temple Owls,4248.0,2337,69.64,8.065573770491802,38.31147540983606,10,55.01412429378531,401643786,2024,3
245,Texas A&M Aggies,425.0,4219,5.99,10.591549295774648,59.42253521126761,9,992.7058823529412,401628353,2024,3
57,Florida Gators,4965.0,2418,91.94,6.62962962962963,44.77777777777778,10,48.700906344410875,401628353,2024,3
127,Michigan State Spartans,4411.0,3912,72.31,10.426229508196721,64.1311475409836,7,88.68737247789616,401628480,2024,3
2504,Prairie View A&M Panthers,3144.0,1050,73.12,6.3023255813953485,24.41860465116279,9,33.396946564885496,401628480,2024,3
135,Minnesota Golden Gophers,4026.0,2553,70.63,7.245614035087719,44.78947368421053,11,63.41281669150521,401628481,2024,3
2440,Nevada Wolf Pack,3611.0,1265,70.8,7.098039215686274,24.80392156862745,11,35.031847133757964,401628481,2024,3
264,Washington Huskies,4871.0,3028,74.94,7.8307692307692305,46.58461538461538,11,62.163826729624304,401628484,2024,3
265,Washington State Cougars,4473.0,2952,72.15,6.903225806451613,47.61290322580645,11,65.99597585513078,401628484,2024,3
2678,VMI Keydets,3431.0,912,76.24,4.777777777777778,20.266666666666666,12,26.581171670067036,401635543,2024,3
59,Georgia Tech Yellow Jackets,4104.0,3016,64.12,5.734375,47.125,13,73.48927875243665,401635543,2024,3
277,West Virginia Mountaineers,5252.0,3330,70.03,7.466666666666667,44.4,12,63.404417364813405,401635547,2024,3
221,Pittsburgh Panthers,4117.0,2589,72.23,6.649122807017544,45.421052631578945,11,62.88559630799126,401635547,2024,3
195,Ohio Bobcats,4175.0,2180,78.77,5.811320754716981,41.132075471698116,12,52.21556886227545,401644734,2024,3
2415,Morgan State Bears,3968.0,2059,65.05,7.39344262295082,33.75409836065574,11,51.890120967741936,401644734,2024,3
2294,Iowa Hawkeyes,4943.0,3166,72.69,6.514705882352941,46.55882352941177,12,64.05017196034797,401628477,2024,3
2653,Troy Trojans,3634.0,1038,77.32,5.085106382978723,22.085106382978722,11,28.56356631810677,401628477,2024,3
151,East Carolina Pirates,4509.0,2197,77.74,7.655172413793103,37.87931034482759,12,48.72477267686848,401643785,2024,3
2026,App State Mountaineers,5894.0,3458,72.77,7.703703703703703,42.69135802469136,13,58.66983372921615,401643785,2024,3
5,UAB Blazers,4905.0,3463,74.32,9.303030303030303,52.46969696969697,10,70.60142711518859,401628351,2024,3
8,Arkansas Razorbacks,4245.0,3570,70.75,8.35,59.5,9,84.09893992932862,401628351,2024,3
41,UConn Huskies,5289.0,2061,77.78,6.3088235294117645,30.308823529411764,13,38.967668746454905,401629030,2024,3
150,Duke Blue Devils,5503.0,3003,70.55,7.089743589743589,38.5,14,54.570234417590406,401629030,2024,3
153,North Carolina Tar Heels,4814.0,3178,68.77,6.6,45.4,12,66.01578728707935,401635545,2024,3
2428,North Carolina Central Eagles,4185.0,1764,70.93,7.830508474576271,29.89830508474576,12,42.1505376344086,401635545,2024,3
295,Old Dominion Monarchs,3917.0,1038,76.8,4.490196078431373,20.352941176470587,13,26.499872351289252,401635548,2024,3
259,Virginia Tech Hokies,5013.0,3389,65.1,6.922077922077922,44.01298701298701,14,67.60422900458808,401635548,2024,3
2638,UTEP Miners,5396.0,2613,73.92,7.767123287671233,35.794520547945204,13,48.42475908080059,401640990,2024,3
2335,Liberty Flames,4310.0,2815,71.83,5.933333333333334,46.916666666666664,13,65.31322505800465,401640990,2024,3
290,Georgia Southern Eagles,3592.0,2596,66.52,7.148148148148148,48.074074074074076,11,72.271714922049,401643787,2024,3
2569,South Carolina State Bulldogs,5399.0,2947,78.25,7.898550724637682,42.710144927536234,11,54.58418225597333,401643787,2024,3
2142,Colgate Raiders,4580.0,1656,72.7,7.174603174603175,26.285714285714285,13,36.157205240174676,401644733,2024,3
2006,Akron Zips,5620.0,3530,72.99,8.233766233766234,45.84415584415584,13,62.811387900355875,401644733,2024,3
2429,Charlotte 49ers,3671.0,1850,64.4,5.964912280701754,32.45614035087719,13,50.394987741759735,401645327,2024,3
2241,Gardner-Webb Runnin' Bulldogs,5150.0,3449,78.03,8.454545454545455,52.25757575757576,11,66.97087378640776,401645327,2024,3
2711,Western Michigan Broncos,4046.0,3240,69.76,5.620689655172414,55.86206896551724,13,80.0790904597133,401636364,2024,3
2065,Bethune-Cookman Wildcats,4650.0,2369,76.23,7.442622950819672,38.83606557377049,11,50.946236559139784,401636364,2024,3
2247,Georgia State Panthers,5385.0,3529,71.8,8.013333333333334,47.053333333333335,12,65.5338904363974,401628362,2024,3
238,Vanderbilt Commodores,4384.0,2834,67.45,7.676923076923077,43.6,11,64.64416058394161,401628362,2024,3
55,Jacksonville State Gamecocks,4414.0,2981,67.91,7.446153846153846,45.86153846153846,12,67.53511554145899,401640999,2024,3
2199,Eastern Michigan Eagles,6152.0,3970,68.36,9.166666666666666,44.111111111111114,13,64.53185955786736,401640999,2024,3
23,San José State Spartans,4081.0,2853,66.9,7.590163934426229,46.77049180327869,11,69.9093359470718,401641017,2024,3
338,Kennesaw State Owls,4341.0,1911,70.02,9.129032258064516,30.822580645161292,12,44.02211472011057,401641017,2024,3
98,Western Kentucky Hilltoppers,5364.0,4967,77.74,9.217391304347826,71.98550724637681,9,92.59880686055183,401641024,2024,3
2393,Middle Tennessee Blue Raiders,4014.0,2897,75.74,7.60377358490566,54.660377358490564,9,72.17239661185849,401641024,2024,3
62,Hawai'i Rainbow Warriors,4162.0,1945,68.23,7.836065573770492,31.885245901639344,11,46.73234022104757,401641040,2024,3
2534,Sam Houston Bearkats,4755.0,3427,69.93,9.176470588235293,50.39705882352941,11,72.07150368033649,401641040,2024,3
2572,Southern Miss Golden Eagles,4531.0,2792,74.28,5.540983606557377,45.77049180327869,13,61.619951445596996,401643789,2024,3
58,South Florida Bulls,5501.0,4411,68.76,8.7375,55.1375,13,80.1854208325759,401643789,2024,3
167,New Mexico Lobos,5033.0,3612,74.01,8.485294117647058,53.11764705882353,11,71.7663421418637,401628352,2024,3
2,Auburn Tigers,4006.0,3222,62.59,7.0625,50.34375,11,80.42935596605092,401628352,2024,3
344,Mississippi State Bulldogs,4885.0,3357,75.15,8.76923076923077,51.646153846153844,11,68.72057318321392,401628356,2024,3
2649,Toledo Rockets,4801.0,3979,66.68,9.11111111111111,55.263888888888886,10,82.87856696521558,401628356,2024,3
26,UCLA Bruins,3634.0,2489,74.16,9.408163265306122,50.795918367346935,8,68.49201981287837,401628476,2024,3
84,Indiana Hoosiers,4604.0,4009,75.48,9.147540983606557,65.72131147540983,9,87.07645525629887,401628476,2024,3
2005,Air Force Falcons,4704.0,1907,73.5,9.28125,29.796875,11,40.539965986394556,401636860,2024,3
239,Baylor Bears,3606.0,2505,59.11,6.508196721311475,41.0655737704918,12,69.4675540765391,401636860,2024,3
36,Colorado State Rams,5166.0,3158,77.1,8.582089552238806,47.134328358208954,12,61.13046844754162,401636861,2024,3
38,Colorado Buffaloes,4990.0,3217,75.61,7.696969696969697,48.74242424242424,11,64.46893787575151,401636861,2024,3
2116,UCF Knights,6083.0,4381,75.1,9.765432098765432,54.08641975308642,16,72.02038467861253,401636866,2024,3
2628,TCU Horned Frogs,4818.0,3599,64.24,6.56,47.986666666666665,16,74.69904524699045,401636866,2024,3
77,Northwestern Wildcats,4977.0,3525,73.19,7.911764705882353,51.838235294117645,10,70.82579867389994,401655632,2024,3
2197,Eastern Illinois Panthers,3750.0,1917,70.75,7.90566037735849,36.16981132075472,11,51.12,401655632,2024,3
2229,Florida International Panthers,4244.0,2666,71.93,6.864406779661017,45.186440677966104,13,62.81809613572102,401640980,2024,3
2226,Florida Atlantic Owls,4801.0,3033,63.17,7.723684210526316,39.9078947368421,14,63.17433867944178,401640980,2024,3
120,Maryland Terrapins,5103.0,2689,65.42,7.333333333333333,34.47435897435897,13,52.69449343523418,401628478,2024,3
258,Virginia Cavaliers,5148.0,2662,76.84,6.7611940298507465,39.73134328358209,13,51.70940170940171,401628478,2024,3
248,Houston Cougars,4599.0,2554,74.18,7.838709677419355,41.193548387096776,13,55.53381169819526,401636862,2024,3
242,Rice Owls,3744.0,1256,74.88,5.82,25.12,12,33.547008547008545,401636862,2024,3
252,BYU Cougars,4730.0,3035,70.6,7.014925373134329,45.298507462686565,12,64.16490486257928,401636871,2024,3
2751,Wyoming Cowboys,4632.0,2026,73.52,7.015873015873016,32.15873015873016,12,43.73920552677029,401636871,2024,3
166,New Mexico State Aggies,4387.0,1182,74.36,6.135593220338983,20.033898305084747,15,26.94324139503077,401641033,2024,3
278,Fresno State Bulldogs,4612.0,2898,68.84,6.029850746268656,43.25373134328358,14,62.836079791847354,401641033,2024,3
6,South Alabama Jaguars,4686.0,3515,73.22,7.4375,54.921875,11,75.01067008109261,401643790,2024,4
2026,App State Mountaineers,4848.0,2855,72.36,6.731343283582089,42.61194029850746,12,58.89026402640264,401643790,2024,4
356,Illinois Fighting Illini,4631.0,3314,72.36,8.28125,51.78125,10,71.56121787950767,401628485,2024,4
158,Nebraska Cornhuskers,4514.0,3178,70.53,9.78125,49.65625,9,70.40319007532122,401628485,2024,4
183,Syracuse Orange,4167.0,2059,70.63,6.4576271186440675,34.898305084745765,12,49.4120470362371,401634766,2024,4
24,Stanford Cardinal,5256.0,2640,75.09,7.6,37.714285714285715,12,50.22831050228311,401634766,2024,4
23,San José State Spartans,4475.0,3312,60.47,6.648648648648648,44.75675675675676,14,74.01117318435755,401643714,2024,4
265,Washington State Cougars,6551.0,4779,69.69,8.914893617021276,50.840425531914896,15,72.95069455045031,401643714,2024,4
251,Texas Longhorns,5425.0,4112,66.98,7.444444444444445,50.76543209876543,13,75.79723502304148,401628371,2024,4
2433,UL Monroe Warhawks,3656.0,917,73.12,6.0,18.34,13,25.082056892778994,401628371,2024,4
145,Ole Miss Rebels,4740.0,3251,68.7,7.217391304347826,47.11594202898551,13,68.58649789029536,401628366,2024,4
290,Georgia Southern Eagles,4700.0,1997,71.21,7.303030303030303,30.257575757575758,13,42.48936170212766,401628366,2024,4
201,Oklahoma Sooners,4931.0,2192,72.51,6.25,32.23529411764706,16,44.45345771648753,401628369,2024,4
2633,Tennessee Volunteers,5250.0,1692,71.92,5.534246575342466,23.17808219178082,17,32.22857142857143,401628369,2024,4
238,Vanderbilt Commodores,3909.0,2001,68.58,5.807017543859649,35.10526315789474,14,51.18956254796623,401628368,2024,4
142,Missouri Tigers,5150.0,3417,67.76,8.210526315789474,44.96052631578947,12,66.3495145631068,401628368,2024,4
58,South Florida Bulls,5805.0,3372,77.4,10.026666666666667,44.96,10,58.087855297157624,401635555,2024,4
2390,Miami Hurricanes,4796.0,4188,79.93,7.833333333333333,69.8,10,87.32276897414512,401635555,2024,4
2309,Kent State Golden Flashes,2930.0,530,69.76,4.190476190476191,12.619047619047619,11,18.088737201365188,401628493,2024,4
213,Penn State Nittany Lions,6568.0,5613,81.09,8.185185185185185,69.29629629629629,11,85.45980511571254,401628493,2024,4
130,Michigan Wolverines,4347.0,2184,76.26,5.982456140350878,38.31578947368421,12,50.24154589371981,401628489,2024,4
30,USC Trojans,5490.0,2529,75.21,6.465753424657534,34.64383561643836,15,46.0655737704918,401628489,2024,4
197,Oklahoma State Cowboys,4380.0,1774,74.24,5.593220338983051,30.06779661016949,15,40.50228310502283,401636876,2024,4
254,Utah Utes,5524.0,3124,69.92,7.8354430379746836,39.54430379746835,15,56.55322230267922,401636876,2024,4
2306,Kansas State Wildcats,5902.0,3525,81.97,9.958333333333334,48.958333333333336,11,59.725516773974924,401636872,2024,4
252,BYU Cougars,2998.0,1646,65.17,7.782608695652174,35.78260869565217,9,54.903268845897266,401636872,2024,4
26,UCLA Bruins,4388.0,2274,75.66,7.413793103448276,39.206896551724135,9,51.82315405651777,401628365,2024,4
99,LSU Tigers,5279.0,4057,74.35,9.126760563380282,57.140845070422536,9,76.85167645387384,401628365,2024,4
193,Miami (OH) RedHawks,78.0,1982,1.22,7.59375,30.96875,12,2541.025641025641,401628979,2024,4
87,Notre Dame Fighting Irish,6060.0,3181,94.69,6.53125,49.703125,11,52.491749174917494,401628979,2024,4
59,Georgia Tech Yellow Jackets,4963.0,3530,72.99,8.926470588235293,51.911764705882355,10,71.12633487809792,401635554,2024,4
97,Louisville Cardinals,3441.0,1996,80.02,7.395348837209302,46.41860465116279,8,58.00639349026446,401635554,2024,4
2032,Arkansas State Red Wolves,3868.0,1090,67.86,6.298245614035087,19.12280701754386,12,28.179937952430198,401636875,2024,4
66,Iowa State Cyclones,4896.0,3839,68.0,7.638888888888889,53.31944444444444,12,78.4109477124183,401636875,2024,4
152,NC State Wolfpack,5217.0,3201,75.61,6.188405797101449,46.391304347826086,14,61.3571017826337,401635552,2024,4
228,Clemson Tigers,4263.0,2975,65.58,6.123076923076923,45.76923076923077,13,69.78653530377669,401635552,2024,4
2459,Northern Illinois Huskies,5444.0,3382,68.91,9.025316455696203,42.81012658227848,13,62.123438648052904,401644736,2024,4
2084,Buffalo Bulls,3516.0,1410,71.76,5.551020408163265,28.775510204081634,12,40.10238907849829,401644736,2024,4
245,Texas A&M Aggies,6664.0,4011,95.2,10.757142857142858,57.3,10,60.1890756302521,401628372,2024,4
189,Bowling Green Falcons,3899.0,2427,64.98,8.233333333333333,40.45,10,62.24672993075148,401628372,2024,4
344,Mississippi State Bulldogs,6600.0,5121,73.33,10.177777777777777,56.9,11,77.5909090909091,401628367,2024,4
57,Florida Gators,4991.0,4282,77.98,8.421875,66.90625,11,85.79442997395311,401628367,2024,4
84,Indiana Hoosiers,4044.0,3372,61.27,6.666666666666667,51.09090909090909,11,83.38278931750742,401628486,2024,4
2429,Charlotte 49ers,3910.0,2352,71.09,7.545454545454546,42.763636363636365,10,60.153452685421996,401628486,2024,4
120,Maryland Terrapins,4571.0,3968,71.42,8.515625,62.0,10,86.80813826296215,401628488,2024,4
222,Villanova Wildcats,4529.0,2847,70.77,8.734375,44.484375,10,62.8615588430117,401628488,2024,4
153,North Carolina Tar Heels,5946.0,3953,76.23,6.256410256410256,50.67948717948718,16,66.48166834846955,401635556,2024,4
256,James Madison Dukes,4914.0,2983,68.25,6.25,41.43055555555556,16,60.704110704110704,401635556,2024,4
248,Houston Cougars,4236.0,1820,78.44,7.314814814814815,33.7037037037037,9,42.965061378659115,401636873,2024,4
2132,Cincinnati Bearcats,3902.0,3025,70.95,9.145454545454545,55.0,9,77.52434648898002,401636873,2024,4
277,West Virginia Mountaineers,4259.0,2690,68.69,6.741935483870968,43.38709677419355,11,63.16036628316506,401636879,2024,4
2305,Kansas Jayhawks,5497.0,3125,78.53,7.642857142857143,44.642857142857146,11,56.84919046752774,401636879,2024,4
309,Louisiana Ragin' Cajuns,4702.0,3553,75.84,8.112903225806452,57.306451612903224,10,75.56358996171842,401643791,2024,4
2655,Tulane Green Wave,1695.0,3475,27.79,11.049180327868852,56.967213114754095,7,205.01474926253687,401643791,2024,4
349,Army Black Knights,5900.0,3358,100.0,9.915254237288135,56.91525423728814,8,56.91525423728814,401645328,2024,4
242,Rice Owls,0.0,2360,0.0,8.981132075471699,44.528301886792455,9,,401645328,2024,4
96,Kentucky Wildcats,4889.0,3841,72.97,8.791044776119403,57.32835820895522,9,78.56412354264675,401628364,2024,4
195,Ohio Bobcats,3885.0,1565,76.18,6.7254901960784315,30.686274509803923,10,40.283140283140284,401628364,2024,4
2117,Central Michigan Chippewas,4002.0,2581,74.11,5.296296296296297,47.7962962962963,12,64.4927536231884,401644735,2024,4
2050,Ball State Cardinals,5270.0,3415,70.27,7.88,45.53333333333333,12,64.80075901328273,401644735,2024,4
258,Virginia Cavaliers,5300.0,3699,67.09,8.139240506329115,46.822784810126585,13,69.79245283018868,401635558,2024,4
324,Coastal Carolina Chanticleers,4265.0,2697,76.16,6.125,48.160714285714285,11,63.23563892145369,401635558,2024,4
328,Utah State Aggies,4949.0,3055,62.65,7.481012658227848,38.67088607594937,13,61.7296423519903,401643715,2024,4
218,Temple Owls,4997.0,2887,74.58,6.298507462686567,43.08955223880597,14,57.77466479887933,401643715,2024,4
2598,St. Francis (PA) Red Flash,4429.0,1397,75.07,6.559322033898305,23.677966101694917,13,31.54210882817792,401644737,2024,4
2199,Eastern Michigan Eagles,4218.0,2305,65.91,7.453125,36.015625,11,54.64675201517307,401644737,2024,4
55,Jacksonville State Gamecocks,4082.0,2733,65.84,6.483870967741935,44.08064516129032,12,66.95247427731505,401641000,2024,4
2572,Southern Miss Golden Eagles,4266.0,1728,71.1,6.066666666666666,28.8,12,40.50632911392405,401641000,2024,4
331,Eastern Washington Eagles,4798.0,2964,77.39,8.82258064516129,47.806451612903224,9,61.77573989162151,401643713,2024,4
2440,Nevada Wolf Pack,4900.0,4570,71.01,9.08695652173913,66.23188405797102,9,93.26530612244898,401643713,2024,4
2,Auburn Tigers,4569.0,2434,74.9,5.524590163934426,39.90163934426229,13,53.27205077697527,401628363,2024,4
8,Arkansas Razorbacks,5613.0,3658,69.3,9.333333333333334,45.160493827160494,12,65.17014074469981,401628363,2024,4
259,Virginia Tech Hokies,4156.0,2057,76.96,5.962962962962963,38.092592592592595,12,49.49470644850818,401628494,2024,4
164,Rutgers Scarlet Knights,4535.0,3016,59.67,6.868421052631579,39.68421052631579,13,66.50496141124586,401628494,2024,4
113,Massachusetts Minutemen,5646.0,4155,78.42,8.416666666666666,57.708333333333336,11,73.59192348565357,401629042,2024,4
2115,Central Connecticut Blue Devils,2972.0,1346,59.44,4.58,26.92,13,45.28936742934051,401629042,2024,4
2754,Youngstown State Penguins,4830.0,2025,75.47,6.671875,31.640625,13,41.92546583850932,401634247,2024,4
221,Pittsburgh Panthers,4524.0,4053,75.4,7.466666666666667,67.55,11,89.58885941644563,401634247,2024,4
2641,Texas Tech Red Raiders,5182.0,3364,67.3,9.571428571428571,43.688311688311686,11,64.91702045542262,401636877,2024,4
9,Arizona State Sun Devils,4984.0,3042,74.39,7.3283582089552235,45.40298507462686,12,61.03531300160514,401636877,2024,4
235,Memphis Tigers,6961.0,5861,74.85,10.161290322580646,63.02150537634409,13,84.19767274816837,401645329,2024,4
2426,Navy Midshipmen,3765.0,3110,71.04,6.69811320754717,58.679245283018865,10,82.60292164674635,401645329,2024,4
2636,UTSA Roadrunners,5318.0,4346,67.32,8.69620253164557,55.0126582278481,11,81.72245204964273,401645330,2024,4
2277,Houston Christian Huskies,3803.0,1375,70.43,6.814814814814815,25.462962962962962,10,36.15566657901657,401645330,2024,4
150,Duke Blue Devils,3258.0,1881,62.65,5.115384615384615,36.17307692307692,13,57.73480662983425,401635553,2024,4
2393,Middle Tennessee Blue Raiders,5301.0,2143,71.64,7.081081081081081,28.95945945945946,14,40.4263346538389,401635553,2024,4
2567,SMU Mustangs,3786.0,2705,65.28,7.827586206896552,46.63793103448276,11,71.4474379292129,401635557,2024,4
2628,TCU Horned Frogs,5173.0,3584,68.07,7.578947368421052,47.1578947368421,13,69.2828146143437,401635557,2024,4
36,Colorado State Rams,4339.0,2427,68.87,7.317460317460317,38.523809523809526,12,55.93454713067527,401641028,2024,4
2638,UTEP Miners,5181.0,2444,75.09,6.3768115942028984,35.42028985507246,13,47.172360548156725,401641028,2024,4
2229,Florida International Panthers,3882.0,2409,70.58,5.2,43.8,12,62.05564142194745,401628625,2024,4
2405,Monmouth Hawks,5895.0,4195,68.55,7.6976744186046515,48.77906976744186,14,71.16200169635285,401628625,2024,4
151,East Carolina Pirates,4205.0,2628,62.76,7.492537313432836,39.223880597014926,11,62.49702734839477,401640991,2024,4
2335,Liberty Flames,5807.0,4470,77.43,10.24,59.6,10,76.97606337179266,401640991,2024,4
77,Northwestern Wildcats,3119.0,686,59.98,5.0576923076923075,13.192307692307692,12,21.99422891952549,401628491,2024,4
264,Washington Huskies,4724.0,3088,70.51,7.432835820895522,46.08955223880597,13,65.36833192209991,401628491,2024,4
41,UConn Huskies,5760.0,5055,72.91,9.531645569620252,63.9873417721519,11,87.76041666666667,401629031,2024,4
2226,Florida Atlantic Owls,2991.0,1342,72.95,4.926829268292683,32.73170731707317,10,44.86793714476764,401629031,2024,4
25,California Golden Bears,5370.0,2862,74.58,9.25,39.75,11,53.29608938547486,401635551,2024,4
52,Florida State Seminoles,4665.0,2525,75.24,8.161290322580646,40.725806451612904,10,54.12647374062165,401635551,2024,4
2653,Troy Trojans,4346.0,2865,76.25,6.982456140350878,50.26315789473684,10,65.92268752876208,401636374,2024,4
50,Florida A&M Rattlers,4512.0,2514,70.5,8.046875,39.28125,10,55.71808510638298,401636374,2024,4
2348,Louisiana Tech Bulldogs,4788.0,1984,68.4,5.385714285714286,28.34285714285714,16,41.436925647451964,401641008,2024,4
202,Tulsa Golden Hurricane,4245.0,1635,65.31,5.4,25.153846153846153,15,38.51590106007067,401641008,2024,4
2649,Toledo Rockets,5181.0,3204,69.08,7.986666666666666,42.72,14,61.84134337000579,401641037,2024,4
98,Western Kentucky Hilltoppers,4134.0,1600,70.07,5.3559322033898304,27.11864406779661,15,38.703434929850026,401641037,2024,4
2751,Wyoming Cowboys,4482.0,2325,77.28,7.517241379310345,40.08620689655172,10,51.874163319946454,401643716,2024,4
249,North Texas Mean Green,5166.0,4131,70.77,7.904109589041096,56.58904109589041,11,79.96515679442508,401643716,2024,4
2006,Akron Zips,3739.0,807,76.31,4.653061224489796,16.46938775510204,12,21.583311045734153,401628370,2024,4
2579,South Carolina Gamecocks,5684.0,4417,71.95,8.240506329113924,55.91139240506329,13,77.70935960591133,401628370,2024,4
135,Minnesota Golden Gophers,4394.0,1791,75.76,5.862068965517241,30.879310344827587,12,40.76012744651798,401628487,2024,4
2294,Iowa Hawkeyes,4309.0,2149,67.33,6.40625,33.578125,12,49.87236017637503,401628487,2024,4
127,Michigan State Spartans,5234.0,3414,78.12,9.925373134328359,50.95522388059702,10,65.22735957202904,401628490,2024,4
103,Boston College Eagles,3321.0,2299,63.87,7.730769230769231,44.21153846153846,10,69.2261367058115,401628490,2024,4
239,Baylor Bears,3999.0,2092,64.5,6.080645161290323,33.74193548387097,13,52.31307826956739,401636874,2024,4
38,Colorado Buffaloes,5955.0,3607,72.62,7.2560975609756095,43.98780487804878,14,60.57094878253569,401636874,2024,4
278,Fresno State Bulldogs,3930.0,2901,61.41,8.8125,45.328125,10,73.81679389312977,401643711,2024,4
167,New Mexico Lobos,6349.0,4198,78.38,9.382716049382717,51.82716049382716,11,66.12064892108994,401643711,2024,4
204,Oregon State Beavers,5358.0,3978,73.4,9.164383561643836,54.49315068493151,10,74.2441209406495,401643717,2024,4
2509,Purdue Boilermakers,3318.0,1870,70.6,5.51063829787234,39.787234042553195,12,56.35925256178421,401643717,2024,4
2502,Portland State Vikings,3824.0,1821,67.09,6.2105263157894735,31.94736842105263,13,47.62029288702929,401637162,2024,4
68,Boise State Broncos,4592.0,3574,69.58,7.606060606060606,54.15151515151515,12,77.83101045296168,401637162,2024,4
2460,Northern Iowa Panthers,3753.0,1671,75.06,7.2,33.42,9,44.524380495603516,401643712,2024,4
62,Hawai'i Rainbow Warriors,5020.0,3844,77.23,7.8,59.13846153846154,9,76.57370517928287,401643712,2024,4
218,Temple Owls,3726.0,1423,71.65,5.884615384615385,27.365384615384617,10,38.191089640365,401645331,2024,5
349,Army Black Knights,4720.0,3262,73.75,7.46875,50.96875,11,69.11016949152543,401645331,2024,5
2390,Miami Hurricanes,5136.0,3776,73.37,7.7,53.94285714285714,11,73.5202492211838,401634767,2024,5
259,Virginia Tech Hokies,4509.0,2447,68.32,7.954545454545454,37.07575757575758,11,54.26923929917942,401634767,2024,5
264,Washington Huskies,4748.0,3537,74.19,7.96875,55.265625,11,74.49452401010952,401628501,2024,5
164,Rutgers Scarlet Knights,4506.0,3038,79.05,8.68421052631579,53.29824561403509,10,67.42121615623613,401628501,2024,5
344,Mississippi State Bulldogs,5206.0,2183,71.32,8.246575342465754,29.904109589041095,11,41.93238570879754,401628378,2024,5
251,Texas Longhorns,4249.0,3376,73.26,7.068965517241379,58.206896551724135,11,79.45398917392328,401628378,2024,5
333,Alabama Crimson Tide,4659.0,2890,70.59,5.787878787878788,43.78787878787879,13,62.03047864348573,401628374,2024,5
61,Georgia Bulldogs,5969.0,3827,77.52,8.428571428571429,49.701298701298704,14,64.11459205897135,401628374,2024,5
127,Michigan State Spartans,3546.0,1497,73.88,5.458333333333333,31.1875,11,42.2165820642978,401628498,2024,5
194,Ohio State Buckeyes,5313.0,3932,71.8,9.0,53.13513513513514,11,74.00715226802183,401628498,2024,5
145,Ole Miss Rebels,4083.0,2169,72.91,6.178571428571429,38.732142857142854,11,53.122703894195446,401628377,2024,5
96,Kentucky Wildcats,5923.0,3360,81.14,9.424657534246576,46.02739726027397,11,56.72800945466824,401628377,2024,5
26,UCLA Bruins,3705.0,1599,77.19,7.5,33.3125,9,43.1578947368421,401628500,2024,5
2483,Oregon Ducks,4996.0,3699,67.51,9.27027027027027,49.986486486486484,11,74.03923138510808,401628500,2024,5
213,Penn State Nittany Lions,4650.0,3528,72.66,9.234375,55.125,8,75.87096774193549,401628495,2024,5
356,Illinois Fighting Illini,4412.0,2021,78.79,8.321428571428571,36.089285714285715,8,45.80689029918404,401628495,2024,5
254,Utah Utes,5198.0,3002,75.33,7.884057971014493,43.507246376811594,12,57.752981916121584,401636886,2024,5
12,Arizona Wildcats,4345.0,2530,77.59,6.553571428571429,45.17857142857143,12,58.22784810126582,401636886,2024,5
130,Michigan Wolverines,4124.0,2118,66.52,8.403225806451612,34.16129032258065,13,51.35790494665373,401628497,2024,5
135,Minnesota Golden Gophers,5150.0,3213,74.64,9.27536231884058,46.56521739130435,12,62.38834951456311,401628497,2024,5
30,USC Trojans,5973.0,3752,73.74,7.716049382716049,46.32098765432099,12,62.816005357441824,401628502,2024,5
275,Wisconsin Badgers,3449.0,1579,70.39,5.387755102040816,32.224489795918366,12,45.781385908959116,401628502,2024,5
6,South Alabama Jaguars,4778.0,2398,77.06,6.983870967741935,38.67741935483871,11,50.18836333193805,401628376,2024,5
99,LSU Tigers,5397.0,4221,78.22,8.391304347826088,61.17391304347826,11,78.21011673151752,401628376,2024,5
87,Notre Dame Fighting Irish,3575.0,2005,68.75,6.903846153846154,38.55769230769231,12,56.08391608391609,401628980,2024,5
97,Louisville Cardinals,5450.0,2872,72.67,7.773333333333333,38.29333333333334,13,52.69724770642202,401628980,2024,5
228,Clemson Tigers,4301.0,2289,70.51,5.901639344262295,37.52459016393443,15,53.22018135317368,401635561,2024,5
24,Stanford Cardinal,5323.0,2698,74.97,6.014084507042254,38.0,14,50.68570355062934,401635561,2024,5
248,Houston Cougars,3561.0,1530,79.13,5.866666666666666,34.0,9,42.96545914069082,401636881,2024,5
66,Iowa State Cyclones,4662.0,2738,70.64,8.045454545454545,41.484848484848484,10,58.73015873015873,401636881,2024,5
2306,Kansas State Wildcats,4796.0,3184,73.78,6.630769230769231,48.98461538461538,15,66.38865721434529,401636883,2024,5
197,Oklahoma State Cowboys,6169.0,3440,77.11,7.225,43.0,15,55.762684389690385,401636883,2024,5
2,Auburn Tigers,5455.0,3583,72.73,7.693333333333333,47.77333333333333,12,65.68285976168653,401628375,2024,5
201,Oklahoma Sooners,3213.0,1473,68.36,5.914893617021277,31.340425531914892,10,45.84500466853408,401628375,2024,5
239,Baylor Bears,5262.0,3008,70.16,7.506666666666667,40.10666666666667,13,57.16457620676549,401636880,2024,5
252,BYU Cougars,4523.0,2889,67.51,7.477611940298507,43.11940298507463,12,63.873535264205174,401636880,2024,5
245,Texas A&M Aggies,5635.0,1687,92.38,5.147540983606557,27.65573770491803,14,29.937888198757765,401628373,2024,5
8,Arkansas Razorbacks,5854.0,2741,82.45,7.267605633802817,38.605633802816904,13,46.82268534335497,401628373,2024,5
68,Boise State Broncos,3728.0,2839,67.78,6.036363636363636,51.61818181818182,11,76.15343347639485,401643719,2024,5
265,Washington State Cougars,5701.0,3191,75.01,8.43421052631579,41.98684210526316,12,55.97263637958253,401643719,2024,5
120,Maryland Terrapins,5294.0,2525,75.63,7.0,36.07142857142857,15,47.69550434454099,401628496,2024,5
84,Indiana Hoosiers,5130.0,3340,71.25,6.638888888888889,46.388888888888886,14,65.10721247563353,401628496,2024,5
2509,Purdue Boilermakers,4310.0,2123,78.36,8.309090909090909,38.6,10,49.25754060324826,401628499,2024,5
158,Nebraska Cornhuskers,3756.0,2744,69.56,7.018518518518518,50.81481481481482,10,73.05644302449414,401628499,2024,5
2084,Buffalo Bulls,4644.0,1483,74.9,5.709677419354839,23.919354838709676,14,31.93367786391042,401629032,2024,5
41,UConn Huskies,4837.0,3537,65.36,7.5675675675675675,47.7972972972973,13,73.12383708910481,401629032,2024,5
103,Boston College Eagles,4223.0,2388,64.97,7.923076923076923,36.738461538461536,11,56.54747809614018,401635560,2024,5
98,Western Kentucky Hilltoppers,5581.0,3157,71.55,8.871794871794872,40.47435897435897,11,56.566923490413906,401635560,2024,5
2459,Northern Illinois Huskies,2436.0,2003,42.0,7.379310344827586,34.53448275862069,12,82.22495894909687,401635564,2024,5
152,NC State Wolfpack,2871.0,986,65.25,4.954545454545454,22.40909090909091,10,34.343434343434346,401635564,2024,5
183,Syracuse Orange,6497.0,4623,70.62,8.293478260869565,50.25,14,71.15591811605357,401635565,2024,5
107,Holy Cross Crusaders,4027.0,1168,75.98,4.660377358490566,22.037735849056602,14,29.004221504842313,401635565,2024,5
5,UAB Blazers,5122.0,2864,78.8,9.63076923076923,44.06153846153846,9,55.9156579461148,401645332,2024,5
2426,Navy Midshipmen,4020.0,3357,78.82,9.254901960784315,65.82352941176471,8,83.50746268656717,401645332,2024,5
58,South Florida Bulls,4060.0,1535,76.6,6.415094339622642,28.962264150943398,11,37.80788177339902,401645337,2024,5
2655,Tulane Green Wave,5048.0,4183,74.24,10.308823529411764,61.51470588235294,10,82.86450079239303,401645337,2024,5
256,James Madison Dukes,4090.0,3922,65.97,8.193548387096774,63.25806451612903,9,95.89242053789731,401643793,2024,5
2050,Ball State Cardinals,5325.0,2364,75.0,9.901408450704226,33.29577464788732,10,44.394366197183096,401643793,2024,5
2534,Sam Houston Bearkats,4662.0,3145,64.75,7.833333333333333,43.68055555555556,12,67.46031746031746,401641041,2024,5
326,Texas State Bobcats,4494.0,3185,67.07,8.388059701492537,47.53731343283582,11,70.87227414330218,401641041,2024,5
113,Massachusetts Minutemen,834.0,2750,14.14,8.440677966101696,46.610169491525426,10,329.73621103117506,401629043,2024,5
193,Miami (OH) RedHawks,5380.0,2130,96.07,6.642857142857143,38.035714285714285,10,39.5910780669145,401629043,2024,5
309,Louisiana Ragin' Cajuns,4168.0,3096,68.33,7.901639344262295,50.75409836065574,9,74.28023032629558,401635659,2024,5
154,Wake Forest Demon Deacons,5386.0,4423,75.86,9.887323943661972,62.29577464788732,10,82.12031191979206,401635659,2024,5
2628,TCU Horned Frogs,5121.0,3697,73.16,8.342857142857143,52.81428571428572,11,72.19293106815076,401636882,2024,5
2305,Kansas Jayhawks,4623.0,2670,70.05,7.166666666666667,40.45454545454545,12,57.754704737183644,401636882,2024,5
2439,UNLV Rebels,3468.0,2476,64.22,5.166666666666667,45.851851851851855,12,71.39561707035756,401643720,2024,5
278,Fresno State Bulldogs,5743.0,2895,76.57,7.16,38.6,13,50.40919380114922,401643720,2024,5
2117,Central Michigan Chippewas,6894.0,4620,78.34,10.340909090909092,52.5,11,67.0147954743255,401643721,2024,5
21,San Diego State Aztecs,4566.0,2539,70.25,7.507692307692308,39.06153846153846,13,55.606657906263685,401643721,2024,5
2247,Georgia State Panthers,1240.0,1735,20.67,5.316666666666666,28.916666666666668,14,139.91935483870967,401643792,2024,5
290,Georgia Southern Eagles,6624.0,4845,80.78,9.036585365853659,59.08536585365854,14,73.14311594202898,401643792,2024,5
276,Marshall Thundering Herd,4574.0,3236,72.6,9.031746031746032,51.36507936507937,10,70.74770441626585,401643794,2024,5
2711,Western Michigan Broncos,4736.0,3021,70.69,9.686567164179104,45.08955223880597,11,63.78800675675676,401643794,2024,5
195,Ohio Bobcats,4999.0,2762,73.51,6.676470588235294,40.61764705882353,14,55.25105021004201,401644738,2024,5
2006,Akron Zips,4201.0,1426,73.7,5.56140350877193,25.017543859649123,14,33.94429897643418,401644738,2024,5
2309,Kent State Golden Flashes,4890.0,2364,74.09,5.257575757575758,35.81818181818182,16,48.34355828220859,401644739,2024,5
2199,Eastern Michigan Eagles,5615.0,3364,65.29,6.930232558139535,39.116279069767444,17,59.91095280498664,401644739,2024,5
153,North Carolina Tar Heels,5870.0,2652,74.3,6.746835443037975,33.56962025316456,14,45.17887563884157,401635562,2024,5
150,Duke Blue Devils,5536.0,2936,75.84,7.47945205479452,40.21917808219178,13,53.03468208092485,401635562,2024,5
151,East Carolina Pirates,4796.0,2480,67.55,5.732394366197183,34.929577464788736,16,51.70975813177648,401645334,2024,5
2636,UTSA Roadrunners,6624.0,3426,77.93,7.541176470588235,40.305882352941175,15,51.721014492753625,401645334,2024,5
2116,UCF Knights,4633.0,2717,59.4,8.41025641025641,34.833333333333336,13,58.64450679905029,401636885,2024,5
38,Colorado Buffaloes,4393.0,2974,70.85,6.483870967741935,47.96774193548387,13,67.69861142727066,401636885,2024,5
189,Bowling Green Falcons,5014.0,3101,71.63,7.785714285714286,44.3,12,61.846828879138414,401643795,2024,5
295,Old Dominion Monarchs,4484.0,2503,72.32,7.951612903225806,40.37096774193548,12,55.8206958073149,401643795,2024,5
2348,Louisiana Tech Bulldogs,4205.0,2377,64.69,8.846153846153847,36.56923076923077,11,56.52794292508918,401640981,2024,5
2229,Florida International Panthers,4722.0,2488,76.16,7.419354838709677,40.12903225806452,11,52.68953833121559,401640981,2024,5
338,Kennesaw State Owls,4779.0,1781,73.52,8.123076923076923,27.4,10,37.2672107135384,401641018,2024,5
2630,UT Martin Skyhawks,3932.0,2728,68.98,9.631578947368421,47.85964912280702,9,69.3794506612411,401641018,2024,5
2653,Troy Trojans,4097.0,2256,77.3,9.169811320754716,42.56603773584906,8,55.064681474249454,401643796,2024,5
2433,UL Monroe Warhawks,3221.0,1858,68.53,7.212765957446808,39.53191489361702,9,57.683949084135364,401643796,2024,5
242,Rice Owls,4723.0,3313,67.47,7.585714285714285,47.32857142857143,12,70.14609358458607,401645333,2024,5
2429,Charlotte 49ers,5041.0,2218,77.55,6.2,34.12307692307692,12,43.99920650664551,401645333,2024,5
249,North Texas Mean Green,4201.0,2903,71.2,6.033898305084746,49.20338983050848,14,69.10259462032849,401645336,2024,5
202,Tulsa Golden Hurricane,6446.0,3733,73.25,7.840909090909091,42.42045454545455,15,57.9118833385045,401645336,2024,5
2393,Middle Tennessee Blue Raiders,4370.0,1833,79.45,5.890909090909091,33.32727272727273,12,41.94508009153318,401641025,2024,5
235,Memphis Tigers,5324.0,3336,73.94,8.583333333333334,46.333333333333336,10,62.65965439519159,401641025,2024,5
2567,SMU Mustangs,5135.0,3565,74.42,8.0,51.666666666666664,11,69.4255111976631,401635563,2024,5
52,Florida State Seminoles,4235.0,2195,74.3,6.350877192982456,38.50877192982456,13,51.82998819362456,401635563,2024,5
2641,Texas Tech Red Raiders,4623.0,3528,71.12,8.215384615384615,54.276923076923076,9,76.31408176508761,401636884,2024,5
2132,Cincinnati Bearcats,5687.0,4290,73.86,9.051948051948052,55.714285714285715,12,75.43520309477756,401636884,2024,5
166,New Mexico State Aggies,4644.0,3036,73.71,7.317460317460317,48.19047619047619,13,65.37467700258398,401641035,2024,5
167,New Mexico Lobos,5323.0,3998,72.92,7.575342465753424,54.76712328767123,12,75.10802179222243,401641035,2024,5
2751,Wyoming Cowboys,4527.0,3498,75.45,8.733333333333333,58.3,8,77.26971504307488,401643718,2024,5
2005,Air Force Falcons,4404.0,2772,75.93,7.844827586206897,47.793103448275865,9,62.94277929155314,401643718,2024,5
326,Texas State Bobcats,4540.0,2871,67.76,7.014925373134329,42.850746268656714,12,63.23788546255506,401643797,2024,6
2653,Troy Trojans,4789.0,2252,74.83,7.109375,35.1875,11,47.0244309876801,401643797,2024,6
2534,Sam Houston Bearkats,6047.0,4116,75.59,8.2625,51.45,15,68.06680998842401,401641029,2024,6
2638,UTEP Miners,4691.0,1365,74.46,5.126984126984127,21.666666666666668,15,29.09827328927734,401641029,2024,6
127,Michigan State Spartans,3824.0,1801,76.48,6.96,36.02,9,47.09728033472803,401628506,2024,6
2483,Oregon Ducks,4976.0,4206,72.12,9.73913043478261,60.95652173913044,9,84.52572347266882,401628506,2024,6
183,Syracuse Orange,6880.0,5385,77.3,10.707865168539326,60.50561797752809,11,78.2703488372093,401634779,2024,6
2439,UNLV Rebels,3375.0,2575,75.0,7.5777777777777775,57.22222222222222,9,76.29629629629629,401634779,2024,6
55,Jacksonville State Gamecocks,5110.0,4341,67.24,7.7894736842105265,57.11842105263158,12,84.95107632093934,401641001,2024,6
338,Kennesaw State Owls,4217.0,1983,70.28,7.083333333333333,33.05,12,47.023950675835906,401641001,2024,6
248,Houston Cougars,4010.0,2617,64.68,7.903225806451613,42.20967741935484,11,65.26184538653366,401636891,2024,6
2628,TCU Horned Frogs,4401.0,2383,74.59,6.661016949152542,40.389830508474574,11,54.14678482163145,401636891,2024,6
333,Alabama Crimson Tide,3337.0,2522,75.84,6.090909090909091,57.31818181818182,9,75.5768654480072,401628384,2024,6
238,Vanderbilt Commodores,5124.0,3910,70.19,9.917808219178083,53.56164383561644,9,76.30757220921156,401628384,2024,6
8,Arkansas Razorbacks,5570.0,4108,76.3,9.95890410958904,56.273972602739725,10,73.75224416517055,401628379,2024,6
2633,Tennessee Volunteers,4759.0,2283,73.22,6.661538461538462,35.12307692307692,11,47.972263080479095,401628379,2024,6
61,Georgia Bulldogs,4580.0,3230,71.56,9.578125,50.46875,8,70.52401746724891,401628381,2024,6
2,Auburn Tigers,4581.0,2671,78.98,7.862068965517241,46.05172413793103,9,58.306046714691114,401628381,2024,6
26,UCLA Bruins,4139.0,2467,71.36,9.5,42.53448275862069,9,59.60376902633487,401628510,2024,6
213,Penn State Nittany Lions,3893.0,2882,74.87,9.192307692307692,55.42307692307692,8,74.03031081428205,401628510,2024,6
2390,Miami Hurricanes,6340.0,4358,74.59,8.329411764705883,51.27058823529412,12,68.73817034700315,401635568,2024,6
25,California Golden Bears,3668.0,1976,76.42,4.979166666666667,41.166666666666664,11,53.87131952017448,401635568,2024,6
245,Texas A&M Aggies,5800.0,2964,100.0,7.224137931034483,51.10344827586207,11,51.10344827586207,401628383,2024,6
142,Missouri Tigers,4447.0,2237,72.9,8.836065573770492,36.67213114754098,11,50.30357544411963,401628383,2024,6
130,Michigan Wolverines,4774.0,2251,77.0,6.725806451612903,36.306451612903224,11,47.15123586091328,401628505,2024,6
264,Washington Huskies,4570.0,3240,68.21,8.253731343283581,48.35820895522388,11,70.89715536105032,401628505,2024,6
135,Minnesota Golden Gophers,4249.0,3087,73.26,8.655172413793103,53.224137931034484,8,72.65238879736408,401628507,2024,6
30,USC Trojans,4968.0,3643,80.13,10.03225806451613,58.75806451612903,9,73.329307568438,401628507,2024,6
145,Ole Miss Rebels,4640.0,2842,69.25,6.835820895522388,42.417910447761194,12,61.25,401628382,2024,6
2579,South Carolina Gamecocks,5560.0,2506,72.21,8.142857142857142,32.54545454545455,13,45.07194244604317,401628382,2024,6
228,Clemson Tigers,5179.0,3843,70.95,8.794520547945206,52.64383561643836,11,74.20351419192895,401635569,2024,6
52,Florida State Seminoles,4875.0,2541,76.17,8.3125,39.703125,11,52.12307692307692,401635569,2024,6
66,Iowa State Cyclones,5180.0,4474,74.0,9.371428571428572,63.91428571428571,10,86.37065637065638,401636889,2024,6
239,Baylor Bears,4912.0,3056,76.75,7.375,47.75,11,62.214983713355046,401636889,2024,6
328,Utah State Aggies,5219.0,3206,70.53,6.8108108108108105,43.32432432432432,14,61.429392603947115,401643723,2024,6
68,Boise State Broncos,5113.0,3838,70.04,7.835616438356165,52.57534246575342,13,75.06356346567573,401643723,2024,6
97,Louisville Cardinals,4775.0,3317,72.35,8.484848484848484,50.25757575757576,9,69.46596858638743,401635571,2024,6
2567,SMU Mustangs,4552.0,3276,78.48,7.551724137931035,56.48275862068966,10,71.96836555360281,401635571,2024,6
77,Northwestern Wildcats,4203.0,2384,70.05,7.233333333333333,39.733333333333334,9,56.72138948370212,401628503,2024,6
84,Indiana Hoosiers,4970.0,4362,76.46,8.107692307692307,67.1076923076923,9,87.76659959758551,401628503,2024,6
2509,Purdue Boilermakers,3108.0,1048,66.13,5.404255319148936,22.29787234042553,11,33.71943371943372,401628509,2024,6
275,Wisconsin Badgers,5487.0,4171,76.21,6.930555555555555,57.93055555555556,13,76.01603790778204,401628509,2024,6
113,Massachusetts Minutemen,4495.0,3049,72.5,8.258064516129032,49.17741935483871,10,67.8309232480534,401629044,2024,6
2459,Northern Illinois Huskies,4366.0,3241,70.42,8.080645161290322,52.274193548387096,10,74.23270728355475,401629044,2024,6
258,Virginia Cavaliers,4370.0,3058,70.48,10.048387096774194,49.32258064516129,10,69.9771167048055,401635567,2024,6
103,Boston College Eagles,4453.0,2186,76.78,6.758620689655173,37.689655172413794,10,49.090500785986976,401635567,2024,6
153,North Carolina Tar Heels,5873.0,4291,74.34,10.79746835443038,54.31645569620253,10,73.06317044100119,401635572,2024,6
221,Pittsburgh Panthers,5615.0,4275,75.88,9.68918918918919,57.770270270270274,11,76.1353517364203,401635572,2024,6
152,NC State Wolfpack,5206.0,3794,69.41,8.76,50.586666666666666,12,72.87744909719554,401635638,2024,6
154,Wake Forest Demon Deacons,4174.0,2976,69.57,7.883333333333334,49.6,11,71.29851461427887,401635638,2024,6
2005,Air Force Falcons,4314.0,1734,78.44,6.054545454545455,31.527272727272727,11,40.19471488178025,401643722,2024,6
2426,Navy Midshipmen,4778.0,3504,75.84,7.7936507936507935,55.61904761904762,11,73.3361239012139,401643722,2024,6
202,Tulsa Golden Hurricane,5481.0,2814,78.3,9.657142857142857,40.2,10,51.34099616858238,401645339,2024,6
349,Army Black Knights,2949.0,2574,64.11,6.869565217391305,55.95652173913044,9,87.28382502543235,401645339,2024,6
2655,Tulane Green Wave,3941.0,3220,57.96,7.617647058823529,47.35294117647059,14,81.70515097690941,401645338,2024,6
5,UAB Blazers,4709.0,2202,75.95,6.596774193548387,35.516129032258064,15,46.761520492673604,401645338,2024,6
2050,Ball State Cardinals,5144.0,3464,80.38,8.59375,54.125,11,67.34059097978228,401644741,2024,6
2711,Western Michigan Broncos,4525.0,3412,68.56,7.984848484848484,51.696969696969695,12,75.40331491712708,401644741,2024,6
41,UConn Huskies,5524.0,2790,69.92,7.708860759493671,35.31645569620253,16,50.50687907313541,401629033,2024,6
218,Temple Owls,4655.0,1987,69.48,6.358208955223881,29.65671641791045,14,42.68528464017186,401629033,2024,6
259,Virginia Tech Hokies,3988.0,2539,72.51,7.6,46.163636363636364,9,63.66599799398195,401635573,2024,6
24,Stanford Cardinal,4712.0,2468,71.39,8.863636363636363,37.39393939393939,9,52.37691001697793,401635573,2024,6
2026,App State Mountaineers,6430.0,5381,78.41,10.75609756097561,65.6219512195122,11,83.68584758942457,401643799,2024,6
276,Marshall Thundering Herd,3149.0,2679,65.6,6.833333333333333,55.8125,9,85.07462686567165,401643799,2024,6
2649,Toledo Rockets,4258.0,2766,73.41,7.913793103448276,47.689655172413794,9,64.96007515265383,401644684,2024,6
193,Miami (OH) RedHawks,132.0,3210,1.94,8.632352941176471,47.205882352941174,11,2431.818181818182,401644684,2024,6
189,Bowling Green Falcons,5597.0,3722,81.12,9.884057971014492,53.94202898550725,11,66.49991066642845,401644740,2024,6
2006,Akron Zips,4060.0,2358,75.19,6.777777777777778,43.666666666666664,10,58.07881773399015,401644740,2024,6
151,East Carolina Pirates,4345.0,1942,71.23,5.901639344262295,31.83606557377049,12,44.69505178365938,401645340,2024,6
2429,Charlotte 49ers,4829.0,3408,69.99,7.260869565217392,49.391304347826086,13,70.57361772623732,401645340,2024,6
197,Oklahoma State Cowboys,3113.0,1364,70.75,6.386363636363637,31.0,9,43.81625441696113,401636890,2024,6
277,West Virginia Mountaineers,5777.0,4940,73.13,9.468354430379748,62.53164556962025,9,85.51151116496452,401636890,2024,6
36,Colorado State Rams,4594.0,3098,66.58,7.9855072463768115,44.89855072463768,13,67.4357858075751,401643724,2024,6
204,Oregon State Beavers,5827.0,3997,77.69,10.146666666666667,53.29333333333334,12,68.59447400034323,401643724,2024,6
324,Coastal Carolina Chanticleers,4163.0,2634,67.15,6.903225806451613,42.483870967741936,11,63.271679077588274,401643798,2024,6
295,Old Dominion Monarchs,5470.0,3988,72.93,8.413333333333334,53.17333333333333,12,72.90676416819012,401643798,2024,6
6,South Alabama Jaguars,5402.0,3246,79.44,8.323529411764707,47.73529411764706,11,60.08885597926694,401643800,2024,6
2032,Arkansas State Red Wolves,5443.0,3680,80.04,9.014705882352942,54.11764705882353,10,67.60977402167921,401643800,2024,6
2433,UL Monroe Warhawks,3791.0,1938,64.25,7.9491525423728815,32.847457627118644,9,51.12107623318386,401643801,2024,6
256,James Madison Dukes,6310.0,3412,77.9,8.62962962962963,42.123456790123456,12,54.0729001584786,401643801,2024,6
2572,Southern Miss Golden Eagles,3060.0,1221,78.46,5.410256410256411,31.307692307692307,10,39.90196078431372,401643802,2024,6
309,Louisiana Ragin' Cajuns,5008.0,3531,70.54,9.225352112676056,49.732394366197184,10,70.50718849840256,401643802,2024,6
2440,Nevada Wolf Pack,4711.0,3426,70.31,8.761194029850746,51.134328358208954,9,72.72341328804924,401643726,2024,6
23,San José State Spartans,5139.0,4183,76.7,9.447761194029852,62.43283582089552,9,81.39715898034638,401643726,2024,6
2116,UCF Knights,4852.0,2643,77.02,8.904761904761905,41.95238095238095,9,54.47238252267106,401628380,2024,6
57,Florida Gators,4465.0,2720,70.87,8.603174603174603,43.17460317460318,10,60.91825307950728,401628380,2024,6
150,Duke Blue Devils,3722.0,2084,72.98,7.529411764705882,40.86274509803921,10,55.991402471789364,401635570,2024,6
59,Georgia Tech Yellow Jackets,6157.0,4273,77.94,10.037974683544304,54.08860759493671,10,69.40068215039793,401635570,2024,6
2305,Kansas Jayhawks,4745.0,3705,76.53,8.290322580645162,59.75806451612903,10,78.08219178082192,401636888,2024,6
9,Arizona State Sun Devils,5015.0,3988,71.64,7.914285714285715,56.97142857142857,10,79.52143569292123,401636888,2024,6
62,Hawai'i Rainbow Warriors,5929.0,4242,82.35,10.958333333333334,58.916666666666664,10,71.54663518299881,401643725,2024,6
21,San Diego State Aztecs,4205.0,2795,63.71,8.954545454545455,42.34848484848485,10,66.46848989298454,401643725,2024,6
2641,Texas Tech Red Raiders,3637.0,1476,66.13,4.836363636363636,26.836363636363636,14,40.58289799285125,401636887,2024,6
12,Arizona Wildcats,5466.0,3023,70.08,7.205128205128205,38.756410256410255,14,55.305525064032196,401636887,2024,6
2229,Florida International Panthers,4208.0,2652,68.98,7.049180327868853,43.47540983606557,11,63.02281368821293,401640982,2024,7
2335,Liberty Flames,4324.0,2887,65.52,6.909090909090909,43.74242424242424,12,66.76688251618872,401640982,2024,7
55,Jacksonville State Gamecocks,4319.0,3171,64.46,6.701492537313433,47.32835820895522,13,73.41977309562398,401641002,2024,7
166,New Mexico State Aggies,5118.0,2492,76.39,6.358208955223881,37.19402985074627,14,48.69089488081282,401641002,2024,7
256,James Madison Dukes,4272.0,2589,62.82,6.5588235294117645,38.0735294117647,13,60.603932584269664,401643803,2024,7
324,Coastal Carolina Chanticleers,4032.0,852,79.06,4.431372549019608,16.705882352941178,14,21.13095238095238,401643803,2024,7
2348,Louisiana Tech Bulldogs,4364.0,3401,64.18,7.794117647058823,50.01470588235294,11,77.93308890925756,401641009,2024,7
2393,Middle Tennessee Blue Raiders,4473.0,2754,77.12,6.879310344827586,47.48275862068966,12,61.56941649899397,401641009,2024,7
98,Western Kentucky Hilltoppers,4022.0,2674,60.03,7.82089552238806,39.91044776119403,11,66.48433615116858,401641030,2024,7
2638,UTEP Miners,5226.0,2510,80.4,8.23076923076923,38.61538461538461,10,48.02908534251818,401641030,2024,7
254,Utah Utes,4859.0,3126,69.41,8.957142857142857,44.65714285714286,10,64.33422514920765,401636892,2024,7
9,Arizona State Sun Devils,4150.0,2581,72.81,7.456140350877193,45.280701754385966,11,62.19277108433735,401636892,2024,7
77,Northwestern Wildcats,3261.0,1763,66.55,5.714285714285714,35.97959183673469,12,54.06317080650107,401628513,2024,7
120,Maryland Terrapins,6801.0,4627,80.01,11.211764705882352,54.43529411764706,12,68.03411263049551,401628513,2024,7
2439,UNLV Rebels,3926.0,2567,61.34,6.390625,40.109375,13,65.38461538461539,401643733,2024,7
328,Utah State Aggies,6712.0,4778,75.42,8.01123595505618,53.68539325842696,14,71.18593563766389,401643733,2024,7
251,Texas Longhorns,4001.0,2596,65.59,7.278688524590164,42.557377049180324,12,64.88377905523619,401628390,2024,7
201,Oklahoma Sooners,4874.0,2000,71.68,8.882352941176471,29.41176470588235,12,41.03405826836274,401628390,2024,7
2483,Oregon Ducks,4400.0,3324,68.75,7.671875,51.9375,11,75.54545454545455,401628515,2024,7
194,Ohio State Buckeyes,5200.0,3578,77.61,8.582089552238806,53.40298507462686,10,68.8076923076923,401628515,2024,7
213,Penn State Nittany Lions,5630.0,4281,77.12,8.753424657534246,58.64383561643836,13,76.03907637655418,401628516,2024,7
30,USC Trojans,4097.0,2189,70.64,6.086206896551724,37.741379310344826,12,53.42933854039541,401628516,2024,7
61,Georgia Bulldogs,5487.0,4429,75.16,9.493150684931507,60.67123287671233,11,80.71806087114999,401628386,2024,7
344,Mississippi State Bulldogs,4597.0,2729,74.15,6.903225806451613,44.016129032258064,11,59.364803132477704,401628386,2024,7
2579,South Carolina Gamecocks,5635.0,3819,79.37,9.535211267605634,53.7887323943662,11,67.77284826974268,401628385,2024,7
333,Alabama Crimson Tide,4173.0,2693,68.41,7.426229508196721,44.14754098360656,10,64.5339084591421,401628385,2024,7
57,Florida Gators,5028.0,2897,69.83,6.888888888888889,40.236111111111114,14,57.617342879872716,401628391,2024,7
2633,Tennessee Volunteers,4862.0,1992,70.46,6.391304347826087,28.869565217391305,14,40.97079391197038,401628391,2024,7
99,LSU Tigers,5680.0,3283,75.73,7.946666666666666,43.77333333333333,14,57.79929577464789,401628388,2024,7
145,Ole Miss Rebels,5755.0,3319,69.34,8.240963855421686,39.98795180722892,14,57.671589921807126,401628388,2024,7
154,Wake Forest Demon Deacons,4191.0,1912,73.53,6.157894736842105,33.54385964912281,11,45.62157003101885,401635576,2024,7
228,Clemson Tigers,6384.0,4821,76.0,9.357142857142858,57.392857142857146,12,75.51691729323308,401635576,2024,7
87,Notre Dame Fighting Irish,4046.0,3559,61.3,8.454545454545455,53.92424242424242,10,87.9634206623826,401628981,2024,7
24,Stanford Cardinal,4303.0,1499,72.93,6.796610169491525,25.406779661016948,10,34.83616081803393,401628981,2024,7
66,Iowa State Cyclones,4886.0,3667,70.81,10.057971014492754,53.14492753623188,9,75.05116659844454,401636896,2024,7
277,West Virginia Mountaineers,4668.0,3333,74.1,9.80952380952381,52.904761904761905,8,71.40102827763496,401636896,2024,7
12,Arizona Wildcats,6135.0,4111,75.74,10.098765432098766,50.75308641975309,12,67.00896495517523,401636893,2024,7
252,BYU Cougars,4235.0,3269,71.78,7.966101694915254,55.40677966101695,11,77.1900826446281,401636893,2024,7
62,Hawai'i Rainbow Warriors,4788.0,2595,81.15,10.23728813559322,43.983050847457626,8,54.19799498746867,401643728,2024,7
68,Boise State Broncos,5049.0,3993,80.14,10.793650793650794,63.38095238095238,8,79.08496732026144,401643728,2024,7
38,Colorado Buffaloes,3955.0,2454,69.39,7.087719298245614,43.05263157894737,10,62.0480404551201,401636894,2024,7
2306,Kansas State Wildcats,4911.0,3197,75.55,9.646153846153846,49.184615384615384,9,65.09875789045002,401636894,2024,7
142,Missouri Tigers,4456.0,3049,71.87,7.951612903225806,49.17741935483871,12,68.4245960502693,401628389,2024,7
113,Massachusetts Minutemen,4231.0,1757,76.93,6.236363636363636,31.945454545454545,11,41.5268258095013,401628389,2024,7
221,Pittsburgh Panthers,4405.0,2108,80.09,6.509090909090909,38.32727272727273,11,47.85471055618615,401635575,2024,7
25,California Golden Bears,5988.0,2995,77.77,8.142857142857142,38.896103896103895,12,50.01670006680027,401635575,2024,7
264,Washington Huskies,6175.0,4454,77.19,11.1125,55.675,10,72.12955465587045,401628512,2024,7
2294,Iowa Hawkeyes,2865.0,2053,59.69,6.354166666666667,42.770833333333336,11,71.65794066317626,401628512,2024,7
275,Wisconsin Badgers,5055.0,3324,68.31,6.148648648648648,44.91891891891892,14,65.7566765578635,401628517,2024,7
164,Rutgers Scarlet Knights,5010.0,2194,74.78,6.552238805970149,32.74626865671642,15,43.79241516966068,401628517,2024,7
59,Georgia Tech Yellow Jackets,4812.0,3432,67.77,7.436619718309859,48.33802816901409,13,71.3216957605985,401635577,2024,7
153,North Carolina Tar Heels,4874.0,2938,71.68,7.911764705882353,43.205882352941174,12,60.27903159622487,401635577,2024,7
2050,Ball State Cardinals,4649.0,3158,64.57,8.458333333333334,43.861111111111114,11,67.92858679285868,401644743,2024,7
2309,Kent State Golden Flashes,4972.0,3195,75.33,7.287878787878788,48.40909090909091,12,64.25985518905873,401644743,2024,7
2649,Toledo Rockets,6208.0,3797,81.68,8.710526315789474,49.96052631578947,12,61.163015463917525,401644745,2024,7
2084,Buffalo Bulls,4824.0,2624,68.91,7.1571428571428575,37.48571428571429,13,54.39469320066335,401644745,2024,7
5,UAB Blazers,5021.0,3179,78.45,9.4375,49.671875,11,63.314080860386376,401645342,2024,7
349,Army Black Knights,4551.0,3492,70.02,8.2,53.723076923076924,12,76.73038892551088,401645342,2024,7
2199,Eastern Michigan Eagles,7149.0,3043,92.84,9.142857142857142,39.51948051948052,11,42.56539376136523,401644685,2024,7
193,Miami (OH) RedHawks,136.0,1752,3.16,4.767441860465116,40.74418604651163,11,1288.235294117647,401644685,2024,7
97,Louisville Cardinals,4391.0,2820,74.42,7.661016949152542,47.79661016949152,12,64.22227283079025,401635578,2024,7
258,Virginia Cavaliers,6048.0,4178,73.76,10.341463414634147,50.951219512195124,11,69.08068783068784,401635578,2024,7
2116,UCF Knights,1098.0,3439,17.43,8.507936507936508,54.58730158730159,10,313.20582877959924,401636895,2024,7
2132,Cincinnati Bearcats,4514.0,2986,64.49,8.6,42.65714285714286,10,66.14975631369074,401636895,2024,7
23,San José State Spartans,4993.0,3039,78.02,7.984375,47.484375,10,60.86521129581414,401643729,2024,7
36,Colorado State Rams,5008.0,3274,77.05,7.523076923076923,50.36923076923077,11,65.37539936102236,401643729,2024,7
21,San Diego State Aztecs,4304.0,1954,69.42,5.435483870967742,31.516129032258064,13,45.399628252788105,401643732,2024,7
2751,Wyoming Cowboys,5204.0,2524,76.53,7.573529411764706,37.11764705882353,15,48.50115295926211,401643732,2024,7
2247,Georgia State Panthers,5330.0,2567,72.03,7.0,34.689189189189186,14,48.16135084427767,401643805,2024,7
295,Old Dominion Monarchs,4545.0,2355,72.14,6.492063492063492,37.38095238095238,12,51.81518151815182,401643805,2024,7
2006,Akron Zips,4969.0,3044,75.29,7.181818181818182,46.121212121212125,12,61.25981082712819,401644742,2024,7
2711,Western Michigan Broncos,4188.0,2258,68.66,6.508196721311475,37.01639344262295,11,53.915950334288446,401644742,2024,7
189,Bowling Green Falcons,4016.0,1778,73.02,7.090909090909091,32.32727272727273,11,44.27290836653386,401644744,2024,7
2459,Northern Illinois Huskies,4549.0,2547,65.93,8.478260869565217,36.91304347826087,11,55.99032754451528,401644744,2024,7
58,South Florida Bulls,4544.0,1715,75.73,5.733333333333333,28.583333333333332,14,37.742077464788736,401645341,2024,7
235,Memphis Tigers,5212.0,2407,75.54,6.507246376811594,34.88405797101449,13,46.181887950882576,401645341,2024,7
195,Ohio Bobcats,4218.0,2630,74.0,5.912280701754386,46.14035087719298,12,62.35182550972025,401644746,2024,7
2117,Central Michigan Chippewas,4235.0,1920,70.58,6.5,32.0,12,45.336481700118064,401644746,2024,7
2572,Southern Miss Golden Eagles,4916.0,2554,76.81,6.8125,39.90625,12,51.95280716029292,401643807,2024,7
2433,UL Monroe Warhawks,4190.0,2370,69.83,5.45,39.5,14,56.563245823389025,401643807,2024,7
167,New Mexico Lobos,3441.0,2853,61.45,7.535714285714286,50.94642857142857,10,82.91194420226678,401643727,2024,7
2005,Air Force Falcons,5422.0,3756,75.31,9.38888888888889,52.166666666666664,10,69.27333087421616,401643727,2024,7
326,Texas State Bobcats,5234.0,4312,79.3,9.272727272727273,65.33333333333333,10,82.38440962934658,401643808,2024,7
2032,Arkansas State Red Wolves,5556.0,3320,78.25,9.23943661971831,46.76056338028169,10,59.755219582433405,401643808,2024,7
249,North Texas Mean Green,5240.0,3582,74.86,8.142857142857142,51.17142857142857,12,68.3587786259542,401645343,2024,7
2226,Florida Atlantic Owls,5008.0,3623,68.6,7.739726027397261,49.63013698630137,12,72.34424920127796,401645343,2024,7
2636,UTSA Roadrunners,5728.0,3147,74.39,8.545454545454545,40.87012987012987,12,54.940642458100555,401645344,2024,7
242,Rice Owls,4023.0,2235,68.19,5.8474576271186445,37.88135593220339,12,55.55555555555556,401645344,2024,7
204,Oregon State Beavers,6242.0,4828,74.31,8.464285714285714,57.476190476190474,11,77.34700416533163,401643731,2024,7
2440,Nevada Wolf Pack,4062.0,3272,73.85,8.563636363636364,59.49090909090909,9,80.55145248645987,401643731,2024,7
309,Louisiana Ragin' Cajuns,3844.0,2068,68.64,7.214285714285714,36.92857142857143,12,53.79812695109261,401643806,2024,7
2026,App State Mountaineers,5645.0,3613,74.28,8.697368421052632,47.53947368421053,12,64.00354295837023,401643806,2024,7
96,Kentucky Wildcats,3883.0,2513,73.26,8.924528301886792,47.41509433962264,7,64.71800154519701,401628387,2024,7
238,Vanderbilt Commodores,4097.0,2460,78.79,8.442307692307692,47.30769230769231,7,60.043934586282646,401628387,2024,7
183,Syracuse Orange,5145.0,4132,68.6,10.386666666666667,55.093333333333334,9,80.31098153547133,401635574,2024,7
152,NC State Wolfpack,3359.0,2378,76.34,6.818181818181818,54.04545454545455,8,70.79487942840132,401635574,2024,7
276,Marshall Thundering Herd,5293.0,2900,77.84,7.5,42.64705882352941,14,54.78934441715473,401643804,2024,7
290,Georgia Southern Eagles,4731.0,2754,65.71,6.277777777777778,38.25,14,58.211794546607486,401643804,2024,7
135,Minnesota Golden Gophers,4089.0,1954,69.31,6.728813559322034,33.11864406779661,10,47.786744925409636,401628514,2024,7
26,UCLA Bruins,4758.0,2700,76.74,7.370967741935484,43.54838709677419,11,56.746532156368225,401628514,2024,7
2653,Troy Trojans,4121.0,1547,71.05,6.9655172413793105,26.67241379310345,13,37.53943217665615,401643809,2024,8
6,South Alabama Jaguars,3830.0,1717,66.03,6.068965517241379,29.603448275862068,13,44.83028720626632,401643809,2024,8
338,Kennesaw State Owls,4235.0,1437,70.58,5.716666666666667,23.95,14,33.93152302243211,401641019,2024,8
2393,Middle Tennessee Blue Raiders,5346.0,2345,81.0,7.196969696969697,35.53030303030303,14,43.86457164234942,401641019,2024,8
166,New Mexico State Aggies,4544.0,2795,74.49,7.80327868852459,45.81967213114754,12,61.50968309859155,401641010,2024,8
2348,Louisiana Tech Bulldogs,5439.0,3380,67.99,9.1125,42.25,14,62.143776429490714,401641010,2024,8
98,Western Kentucky Hilltoppers,4908.0,2897,69.13,7.408450704225352,40.80281690140845,12,59.02607986960065,401641038,2024,8
2534,Sam Houston Bearkats,5166.0,2713,73.8,7.057142857142857,38.75714285714286,12,52.51645373596593,401641038,2024,8
2638,UTEP Miners,4747.0,2207,69.81,6.25,32.455882352941174,15,46.492521592584794,401640983,2024,8
2229,Florida International Panthers,3786.0,1369,63.1,4.866666666666666,22.816666666666666,14,36.15953512942419,401640983,2024,8
276,Marshall Thundering Herd,4033.0,2646,74.69,7.296296296296297,49.0,11,65.60872799404909,401643810,2024,8
2247,Georgia State Panthers,5347.0,3869,75.31,9.112676056338028,54.49295774647887,11,72.35833177482701,401643810,2024,8
259,Virginia Tech Hokies,4133.0,2613,73.8,6.571428571428571,46.660714285714285,13,63.22284055165739,401634768,2024,8
103,Boston College Eagles,5091.0,2815,68.8,6.945945945945946,38.04054054054054,13,55.293655470438026,401634768,2024,8
2509,Purdue Boilermakers,4261.0,1932,72.22,6.796610169491525,32.74576271186441,10,45.341469138699836,401628523,2024,8
2483,Oregon Ducks,4080.0,3132,71.58,7.298245614035087,54.94736842105263,10,76.76470588235294,401628523,2024,8
197,Oklahoma State Cowboys,5065.0,4094,76.74,10.181818181818182,62.03030303030303,10,80.82922013820335,401636898,2024,8
252,BYU Cougars,4507.0,3317,70.42,7.59375,51.828125,10,73.59662746838252,401636898,2024,8
150,Duke Blue Devils,3742.0,1186,66.82,5.821428571428571,21.178571428571427,13,31.694281133083912,401634769,2024,8
52,Florida State Seminoles,4590.0,1716,69.55,6.4393939393939394,26.0,14,37.38562091503268,401634769,2024,8
278,Fresno State Bulldogs,3762.0,2482,64.86,7.672413793103448,42.793103448275865,11,65.97554492291334,401643735,2024,8
2440,Nevada Wolf Pack,4966.0,2414,81.41,7.655737704918033,39.57377049180328,11,48.61055175191301,401643735,2024,8
251,Texas Longhorns,5564.0,2475,73.21,6.657894736842105,32.56578947368421,14,44.482386772106395,401628398,2024,8
61,Georgia Bulldogs,4553.0,2193,65.04,6.428571428571429,31.32857142857143,15,48.166044366351855,401628398,2024,8
2390,Miami Hurricanes,5256.0,4064,76.17,9.304347826086957,58.89855072463768,10,77.32115677321157,401635589,2024,8
97,Louisville Cardinals,5187.0,3884,73.06,9.014084507042254,54.70422535211268,11,74.87950645845383,401635589,2024,8
333,Alabama Crimson Tide,5598.0,2457,72.7,7.545454545454546,31.90909090909091,14,43.89067524115756,401628397,2024,8
2633,Tennessee Volunteers,5147.0,2729,70.51,5.808219178082192,37.38356164383562,16,53.021177384884396,401628397,2024,8
8,Arkansas Razorbacks,3757.0,1946,75.14,7.5,38.92,10,51.79664626031408,401628392,2024,8
99,LSU Tigers,4964.0,3651,70.91,9.857142857142858,52.15714285714286,10,73.54955680902498,401628392,2024,8
66,Iowa State Cyclones,7213.0,4365,75.93,8.442105263157895,45.94736842105263,16,60.51573547760987,401636900,2024,8
2116,UCF Knights,4450.0,1611,75.42,4.830508474576271,27.305084745762713,16,36.20224719101124,401636900,2024,8
258,Virginia Cavaliers,4383.0,2564,71.85,7.508196721311475,42.032786885245905,11,58.49874515172257,401635588,2024,8
228,Clemson Tigers,5359.0,4444,75.48,9.0,62.59154929577465,13,82.92591901474155,401635588,2024,8
59,Georgia Tech Yellow Jackets,4971.0,2786,75.32,8.545454545454545,42.21212121212121,11,56.045061355864014,401628982,2024,8
87,Notre Dame Fighting Irish,4495.0,2934,67.09,9.059701492537313,43.791044776119406,9,65.27252502780868,401628982,2024,8
245,Texas A&M Aggies,0.0,3045,0.0,9.688524590163935,49.91803278688525,11,,401628394,2024,8
344,Mississippi State Bulldogs,6912.0,3102,98.74,8.814285714285715,44.31428571428572,10,44.87847222222222,401628394,2024,8
84,Indiana Hoosiers,3767.0,3055,63.85,6.220338983050848,51.779661016949156,11,81.09901778603664,401628519,2024,8
158,Nebraska Cornhuskers,5437.0,2018,73.47,9.216216216216216,27.27027027027027,11,37.11605664888725,401628519,2024,8
2306,Kansas State Wildcats,3555.0,2665,67.08,7.69811320754717,50.283018867924525,10,74.9648382559775,401636904,2024,8
277,West Virginia Mountaineers,5346.0,2995,75.3,8.352112676056338,42.183098591549296,11,56.0231949120838,401636904,2024,8
142,Missouri Tigers,5841.0,3258,78.93,9.0,44.027027027027025,13,55.77812018489985,401628395,2024,8
2,Auburn Tigers,4514.0,2256,71.65,7.2063492063492065,35.80952380952381,12,49.97784669915818,401628395,2024,8
24,Stanford Cardinal,4876.0,1551,69.66,6.828571428571428,22.15714285714286,15,31.808859721082854,401635590,2024,8
2567,SMU Mustangs,4576.0,2904,71.5,7.640625,45.375,13,63.46153846153846,401635590,2024,8
356,Illinois Fighting Illini,3702.0,2078,64.95,6.649122807017544,36.45614035087719,10,56.13182063749325,401628518,2024,8
130,Michigan Wolverines,5267.0,3267,75.24,9.742857142857142,46.67142857142857,10,62.02771976457186,401628518,2024,8
349,Army Black Knights,4310.0,3195,68.41,8.063492063492063,50.714285714285715,12,74.12993039443155,401645346,2024,8
151,East Carolina Pirates,4385.0,2579,75.6,6.172413793103448,44.46551724137931,11,58.81413911060433,401645346,2024,8
2429,Charlotte 49ers,5253.0,2717,75.04,6.985714285714286,38.81428571428572,15,51.722825052351034,401645347,2024,8
2426,Navy Midshipmen,3051.0,1426,56.5,5.037037037037037,26.40740740740741,12,46.73877417240249,401645347,2024,8
275,Wisconsin Badgers,4328.0,2446,65.58,6.242424242424242,37.06060606060606,13,56.51571164510166,401628522,2024,8
77,Northwestern Wildcats,3970.0,1636,73.52,7.12962962962963,30.296296296296298,12,41.20906801007557,401628522,2024,8
164,Rutgers Scarlet Knights,4188.0,2951,72.21,7.413793103448276,50.87931034482759,10,70.4632282712512,401628524,2024,8
26,UCLA Bruins,5146.0,3941,77.97,8.712121212121213,59.71212121212121,9,76.58375437232802,401628524,2024,8
154,Wake Forest Demon Deacons,5119.0,3153,69.18,7.824324324324325,42.608108108108105,12,61.59406134010549,401629034,2024,8
41,UConn Huskies,5047.0,2709,76.47,7.757575757575758,41.04545454545455,12,53.675450762829406,401629034,2024,8
9,Arizona State Sun Devils,4739.0,2615,76.44,7.17741935483871,42.17741935483871,12,55.18041780966448,401636899,2024,8
2132,Cincinnati Bearcats,4651.0,2790,71.55,7.923076923076923,42.92307692307692,11,59.987099548484196,401636899,2024,8
309,Louisiana Ragin' Cajuns,5760.0,4209,80.0,8.652777777777779,58.458333333333336,10,73.07291666666667,401643811,2024,8
324,Coastal Carolina Chanticleers,4673.0,2989,77.88,7.883333333333334,49.81666666666667,10,63.96319280975818,401643811,2024,8
2117,Central Michigan Chippewas,4086.0,2130,72.96,5.303571428571429,38.035714285714285,13,52.12922173274596,401644750,2024,8
2199,Eastern Michigan Eagles,5786.0,3797,73.24,8.30379746835443,48.063291139240505,14,65.62391980642931,401644750,2024,8
202,Tulsa Golden Hurricane,4322.0,1698,77.18,6.964285714285714,30.321428571428573,11,39.28736695974086,401645351,2024,8
218,Temple Owls,5435.0,3295,73.45,8.283783783783784,44.527027027027025,12,60.62557497700092,401645351,2024,8
152,NC State Wolfpack,4695.0,2792,73.36,8.015625,43.625,11,59.46751863684771,401635587,2024,8
25,California Golden Bears,4480.0,2617,63.1,7.971830985915493,36.859154929577464,13,58.41517857142857,401635587,2024,8
248,Houston Cougars,4532.0,2533,69.72,7.246153846153846,38.96923076923077,10,55.89143865842895,401636901,2024,8
2305,Kansas Jayhawks,3801.0,3066,74.53,8.27450980392157,60.11764705882353,10,80.66298342541437,401636901,2024,8
62,Hawai'i Rainbow Warriors,3762.0,1926,72.35,6.0576923076923075,37.03846153846154,10,51.196172248803826,401643736,2024,8
265,Washington State Cougars,4327.0,3038,69.79,8.612903225806452,49.0,11,70.21030737231338,401643736,2024,8
193,Miami (OH) RedHawks,4468.0,1611,87.61,5.294117647058823,31.58823529411765,13,36.05640107430618,401644686,2024,8
195,Ohio Bobcats,3168.0,2746,42.81,8.243243243243244,37.108108108108105,13,86.67929292929293,401644686,2024,8
2309,Kent State Golden Flashes,3702.0,1166,71.19,5.576923076923077,22.423076923076923,12,31.496488384656942,401644748,2024,8
189,Bowling Green Falcons,5395.0,3789,75.99,8.661971830985916,53.36619718309859,11,70.23169601482854,401644748,2024,8
2711,Western Michigan Broncos,5005.0,3752,70.49,6.830985915492958,52.84507042253521,13,74.96503496503496,401644749,2024,8
2084,Buffalo Bulls,4820.0,3536,66.94,7.194444444444445,49.111111111111114,13,73.3609958506224,401644749,2024,8
2649,Toledo Rockets,4238.0,2386,68.35,6.951612903225806,38.483870967741936,13,56.300141576215196,401644751,2024,8
2459,Northern Illinois Huskies,7109.0,3115,77.27,7.641304347826087,33.858695652173914,14,43.817695878463915,401644751,2024,8
5,UAB Blazers,6655.0,3668,73.94,7.2555555555555555,40.75555555555555,16,55.116453794139744,401645345,2024,8
58,South Florida Bulls,4672.0,1753,66.74,5.685714285714286,25.042857142857144,16,37.52140410958904,401645345,2024,8
2226,Florida Atlantic Owls,3404.0,1213,63.04,4.777777777777778,22.462962962962962,14,35.63454759106933,401645348,2024,8
2636,UTSA Roadrunners,6328.0,4273,71.91,8.568181818181818,48.55681818181818,14,67.52528445006321,401645348,2024,8
2655,Tulane Green Wave,4313.0,2086,68.46,6.634920634920635,33.111111111111114,12,48.36540690934385,401645350,2024,8
242,Rice Owls,4485.0,2117,71.19,5.920634920634921,33.6031746031746,14,47.20178372352285,401645350,2024,8
120,Maryland Terrapins,5530.0,3293,74.73,7.6891891891891895,44.5,12,59.54792043399638,401628521,2024,8
30,USC Trojans,5313.0,3075,72.78,6.780821917808219,42.12328767123287,13,57.87690570299266,401628521,2024,8
12,Arizona Wildcats,4553.0,1633,77.17,6.0,27.677966101694917,13,35.866461673621785,401636897,2024,8
38,Colorado Buffaloes,4181.0,3259,59.73,7.357142857142857,46.55714285714286,12,77.94785936378857,401636897,2024,8
239,Baylor Bears,4117.0,2853,63.34,5.876923076923077,43.89230769230769,14,69.29803254797183,401636902,2024,8
2641,Texas Tech Red Raiders,6384.0,4033,76.92,7.867469879518072,48.59036144578313,12,63.173558897243105,401636902,2024,8
23,San José State Spartans,4953.0,3366,79.89,6.403225806451613,54.29032258064516,13,67.9588128407026,401643738,2024,8
2751,Wyoming Cowboys,5079.0,2055,68.64,7.0,27.77027027027027,14,40.460720614294154,401643738,2024,8
290,Georgia Southern Eagles,5545.0,3808,80.36,9.652173913043478,55.18840579710145,11,68.67448151487827,401643812,2024,8
256,James Madison Dukes,5433.0,3210,74.42,10.876712328767123,43.97260273972603,11,59.083379348426284,401643812,2024,8
2050,Ball State Cardinals,4011.0,2267,78.65,7.1568627450980395,44.450980392156865,9,56.51957117925704,401628399,2024,8
238,Vanderbilt Commodores,4899.0,3604,75.37,9.476923076923077,55.44615384615385,9,73.56603388446622,401628399,2024,8
2572,Southern Miss Golden Eagles,4921.0,3796,73.45,9.522388059701493,56.656716417910445,11,77.13879292826661,401643814,2024,8
2032,Arkansas State Red Wolves,4644.0,3886,66.34,9.871428571428572,55.51428571428571,11,83.67786391042205,401643814,2024,8
127,Michigan State Spartans,4957.0,3483,72.9,7.882352941176471,51.220588235294116,10,70.26427274561226,401628520,2024,8
2294,Iowa Hawkeyes,3091.0,1646,68.69,6.155555555555556,36.577777777777776,10,53.25137495956001,401628520,2024,8
235,Memphis Tigers,4664.0,3333,66.63,6.171428571428572,47.614285714285714,15,71.4622641509434,401645349,2024,8
249,North Texas Mean Green,7401.0,4367,76.3,7.639175257731959,45.02061855670103,16,59.00553979192001,401645349,2024,8
96,Kentucky Wildcats,2962.0,2129,44.21,4.731343283582089,31.776119402985074,12,71.87711006076975,401628393,2024,8
57,Florida Gators,3583.0,2329,61.78,6.913793103448276,40.1551724137931,13,65.00139547864917,401628393,2024,8
36,Colorado State Rams,4343.0,2145,74.88,6.137931034482759,36.98275862068966,12,49.38982270320055,401643734,2024,8
2005,Air Force Falcons,5981.0,2587,74.76,7.9125,32.3375,13,43.253636515632834,401643734,2024,8
2439,UNLV Rebels,4961.0,3355,74.04,9.955223880597014,50.07462686567164,11,67.62749445676275,401643739,2024,8
204,Oregon State Beavers,5347.0,3307,73.25,8.58904109589041,45.3013698630137,11,61.84776510192631,401643739,2024,8
254,Utah Utes,4871.0,1431,82.56,4.661016949152542,24.25423728813559,14,29.377951139396426,401636903,2024,8
2628,TCU Horned Frogs,4616.0,2594,65.94,6.357142857142857,37.05714285714286,14,56.19584055459272,401636903,2024,8
2229,Florida International Panthers,3896.0,1313,69.57,6.767857142857143,23.446428571428573,11,33.70123203285421,401640984,2024,9
2534,Sam Houston Bearkats,3960.0,2223,63.87,9.67741935483871,35.854838709677416,10,56.13636363636363,401640984,2024,9
2348,Louisiana Tech Bulldogs,3752.0,1940,64.69,6.5,33.44827586206897,12,51.70575692963752,401641011,2024,9
2638,UTEP Miners,4756.0,2042,77.97,6.721311475409836,33.47540983606557,12,42.93523969722456,401641011,2024,9
338,Kennesaw State Owls,4230.0,2520,68.23,7.725806451612903,40.645161290322584,10,59.57446808510638,401640993,2024,9
2335,Liberty Flames,5168.0,3433,74.9,8.898550724637682,49.7536231884058,10,66.4280185758514,401640993,2024,9
55,Jacksonville State Gamecocks,5519.0,4585,77.73,8.43661971830986,64.5774647887324,10,83.07664431962311,401641003,2024,9
2393,Middle Tennessee Blue Raiders,4384.0,2695,78.29,7.321428571428571,48.125,9,61.4735401459854,401641003,2024,9
221,Pittsburgh Panthers,2955.0,1215,67.16,5.0,27.613636363636363,10,41.11675126903553,401634770,2024,9
183,Syracuse Orange,7046.0,3768,75.76,10.849462365591398,40.516129032258064,13,53.47715015611695,401634770,2024,9
295,Old Dominion Monarchs,4776.0,3603,70.24,7.235294117647059,52.98529411764706,12,75.43969849246231,401643815,2024,9
290,Georgia Southern Eagles,4553.0,2466,78.5,6.120689655172414,42.51724137931034,13,54.16209092905776,401643815,2024,9
68,Boise State Broncos,4935.0,3155,71.52,8.347826086956522,45.72463768115942,11,63.93110435663627,401643740,2024,9
2439,UNLV Rebels,4061.0,2269,73.84,6.963636363636364,41.25454545454546,10,55.87293770007388,401643740,2024,9
97,Louisville Cardinals,4898.0,3319,72.03,7.4411764705882355,48.80882352941177,13,67.76235198040017,401634771,2024,9
103,Boston College Eagles,4519.0,1990,65.49,6.159420289855072,28.840579710144926,14,44.036291214870545,401634771,2024,9
30,USC Trojans,3435.0,2507,68.7,5.86,50.14,10,72.9839883551674,401628532,2024,9
164,Rutgers Scarlet Knights,6707.0,5068,76.22,11.488636363636363,57.59090909090909,10,75.56284478902639,401628532,2024,9
356,Illinois Fighting Illini,4879.0,2994,73.92,8.727272727272727,45.36363636363637,11,61.36503381840541,401628525,2024,9
2483,Oregon Ducks,4962.0,3726,74.06,6.791044776119403,55.61194029850746,11,75.0906892382104,401628525,2024,9
213,Penn State Nittany Lions,5330.0,3516,80.76,8.212121212121213,53.27272727272727,10,65.96622889305816,401628531,2024,9
275,Wisconsin Badgers,5208.0,2879,75.48,9.202898550724637,41.72463768115942,11,55.28033794162826,401628531,2024,9
158,Nebraska Cornhuskers,4679.0,2247,71.98,7.3076923076923075,34.56923076923077,12,48.023081855097246,401628530,2024,9
194,Ohio State Buckeyes,3190.0,1739,72.5,5.0,39.52272727272727,11,54.5141065830721,401628530,2024,9
251,Texas Longhorns,4321.0,2290,66.48,7.4,35.23076923076923,11,52.996991437167324,401628405,2024,9
238,Vanderbilt Commodores,4022.0,1787,67.03,6.033333333333333,29.783333333333335,12,44.43063152660368,401628405,2024,9
52,Florida State Seminoles,4526.0,2685,75.43,8.933333333333334,44.75,8,59.32390631904551,401635596,2024,9
2390,Miami Hurricanes,5518.0,4617,74.57,11.283783783783784,62.391891891891895,9,83.67162015222907,401635596,2024,9
245,Texas A&M Aggies,5898.0,2143,86.74,6.102941176470588,31.514705882352942,14,36.3343506273313,401628404,2024,9
99,LSU Tigers,5595.0,3097,76.64,6.917808219178082,42.42465753424658,14,55.352993744414654,401628404,2024,9
252,BYU Cougars,5727.0,4412,79.54,10.027777777777779,61.27777777777778,10,77.03858913916535,401636911,2024,9
2116,UCF Knights,4158.0,2552,77.0,6.685185185185185,47.25925925925926,11,61.37566137566137,401636911,2024,9
2426,Navy Midshipmen,4468.0,2774,79.79,8.446428571428571,49.535714285714285,9,62.08594449418084,401628983,2024,9
87,Notre Dame Fighting Irish,4246.0,3047,65.32,7.107692307692307,46.87692307692308,11,71.76165803108809,401628983,2024,9
84,Indiana Hoosiers,4554.0,3170,67.97,11.35820895522388,47.3134328358209,10,69.60913482652613,401628526,2024,9
264,Washington Huskies,3725.0,1979,68.98,6.5,36.648148148148145,11,53.12751677852349,401628526,2024,9
142,Missouri Tigers,4795.0,2143,76.11,7.317460317460317,34.01587301587302,12,44.692387904066734,401628400,2024,9
333,Alabama Crimson Tide,4898.0,2918,77.75,6.317460317460317,46.317460317460316,12,59.57533687219273,401628400,2024,9
2306,Kansas State Wildcats,4911.0,3286,71.17,7.144927536231884,47.6231884057971,12,66.9110160863368,401636909,2024,9
2305,Kansas Jayhawks,4680.0,2861,75.48,6.951612903225806,46.145161290322584,12,61.13247863247863,401636909,2024,9
201,Oklahoma Sooners,6577.0,3861,81.2,8.728395061728396,47.666666666666664,13,58.70457655466018,401628402,2024,9
145,Ole Miss Rebels,4092.0,2616,69.36,6.406779661016949,44.33898305084746,11,63.929618768328446,401628402,2024,9
2567,SMU Mustangs,5465.0,3854,75.9,9.333333333333334,53.52777777777778,13,70.52150045745654,401635595,2024,9
150,Duke Blue Devils,5420.0,3294,71.32,7.565789473684211,43.3421052631579,14,60.77490774907749,401635595,2024,9
259,Virginia Tech Hokies,3956.0,1366,68.21,4.879310344827586,23.551724137931036,14,34.52982810920121,401635597,2024,9
59,Georgia Tech Yellow Jackets,6374.0,2898,80.68,8.177215189873417,36.68354430379747,14,45.46595544399121,401635597,2024,9
258,Virginia Cavaliers,4835.0,2463,70.07,8.492753623188406,35.69565217391305,12,50.94105480868666,401635598,2024,9
153,North Carolina Tar Heels,4287.0,3223,63.04,7.985294117647059,47.39705882352941,10,75.18077909960346,401635598,2024,9
2084,Buffalo Bulls,5149.0,2948,73.56,7.442857142857143,42.114285714285714,12,57.2538356962517,401644755,2024,9
195,Ohio Bobcats,4119.0,3244,69.81,7.372881355932203,54.983050847457626,10,78.75697984947803,401644755,2024,9
235,Memphis Tigers,4926.0,3942,63.97,8.454545454545455,51.1948051948052,11,80.02436053593179,401645353,2024,9
2429,Charlotte 49ers,3863.0,1990,77.26,5.78,39.8,12,51.51436707222366,401645353,2024,9
2655,Tulane Green Wave,3811.0,2446,65.71,5.517241379310345,42.172413793103445,13,64.18262923117292,401645354,2024,9
249,North Texas Mean Green,6189.0,4668,77.36,9.625,58.35,13,75.4241396025206,401645354,2024,9
344,Mississippi State Bulldogs,4810.0,3640,68.71,8.485714285714286,52.0,12,75.67567567567568,401628403,2024,9
8,Arkansas Razorbacks,4489.0,3880,71.25,6.4603174603174605,61.58730158730159,12,86.43350412118512,401628403,2024,9
2247,Georgia State Panthers,4262.0,2826,78.93,7.314814814814815,52.333333333333336,9,66.30689816987329,401643816,2024,9
2026,App State Mountaineers,4661.0,3920,72.83,8.421875,61.25,9,84.10212400772366,401643816,2024,9
193,Miami (OH) RedHawks,5391.0,2802,86.95,7.629032258064516,45.193548387096776,11,51.97551474680022,401644687,2024,9
2117,Central Michigan Chippewas,3732.0,1274,74.64,7.26,25.48,12,34.137191854233656,401644687,2024,9
151,East Carolina Pirates,4113.0,2682,67.43,5.967213114754099,43.967213114754095,13,65.20787746170679,401645352,2024,9
218,Temple Owls,5515.0,3600,75.55,8.356164383561644,49.31506849315068,13,65.27651858567543,401645352,2024,9
77,Northwestern Wildcats,3920.0,829,78.4,4.52,16.58,14,21.147959183673468,401628527,2024,9
2294,Iowa Hawkeyes,4270.0,2313,65.69,6.184615384615385,35.58461538461538,15,54.168618266978925,401628527,2024,9
135,Minnesota Golden Gophers,4342.0,2945,70.03,6.419354838709677,47.5,11,67.82588668816214,401628528,2024,9
120,Maryland Terrapins,4999.0,3327,76.91,7.523076923076923,51.184615384615384,11,66.55331066213243,401628528,2024,9
242,Rice Owls,4240.0,1033,69.51,4.688524590163935,16.934426229508198,15,24.36320754716981,401629035,2024,9
41,UConn Huskies,4479.0,1805,69.98,6.375,28.203125,15,40.29917392275061,401629035,2024,9
154,Wake Forest Demon Deacons,4614.0,2800,64.99,8.084507042253522,39.436619718309856,11,60.68487212830516,401635599,2024,9
24,Stanford Cardinal,5327.0,3480,80.71,9.363636363636363,52.72727272727273,11,65.32757649709029,401635599,2024,9
197,Oklahoma State Cowboys,5544.0,3622,73.92,7.746666666666667,48.29333333333334,12,65.33189033189034,401636906,2024,9
239,Baylor Bears,4386.0,3062,78.32,5.714285714285714,54.67857142857143,13,69.81304149566803,401636906,2024,9
2641,Texas Tech Red Raiders,5600.0,3262,63.64,7.920454545454546,37.06818181818182,14,58.25,401636910,2024,9
2628,TCU Horned Frogs,4574.0,2454,77.53,5.8474576271186445,41.59322033898305,14,53.65107127240927,401636910,2024,9
2572,Southern Miss Golden Eagles,4575.0,1923,61.0,6.1466666666666665,25.64,15,42.032786885245905,401643817,2024,9
256,James Madison Dukes,3776.0,1439,59.94,4.920634920634921,22.841269841269842,14,38.10911016949152,401643817,2024,9
2199,Eastern Michigan Eagles,6501.0,4345,79.28,9.841463414634147,52.98780487804878,11,66.83587140439933,401644752,2024,9
2006,Akron Zips,4126.0,2521,66.55,6.580645161290323,40.66129032258065,11,61.10033931168201,401644752,2024,9
2050,Ball State Cardinals,5108.0,3287,69.03,9.743243243243244,44.41891891891892,11,64.35003915426782,401644753,2024,9
2459,Northern Illinois Huskies,5181.0,2990,77.33,7.134328358208955,44.62686567164179,12,57.71086662806408,401644753,2024,9
189,Bowling Green Falcons,4095.0,2607,63.98,6.734375,40.734375,11,63.663003663003664,401644754,2024,9
2649,Toledo Rockets,5430.0,3217,74.38,7.5479452054794525,44.06849315068493,13,59.24493554327808,401644754,2024,9
2309,Kent State Golden Flashes,4534.0,2368,74.33,7.852459016393443,38.81967213114754,12,52.22761358623732,401644756,2024,9
2711,Western Michigan Broncos,4176.0,3137,69.6,6.766666666666667,52.28333333333333,14,75.11973180076629,401644756,2024,9
2681,Wagner Seahawks,4033.0,2243,70.75,9.631578947368421,39.35087719298246,9,55.61616662534094,401645308,2024,9
113,Massachusetts Minutemen,3237.0,2203,71.93,7.622222222222222,48.955555555555556,8,68.05684275563793,401645308,2024,9
202,Tulsa Golden Hurricane,6082.0,3059,76.99,5.987341772151899,38.721518987341774,17,50.29595527786912,401645355,2024,9
2636,UTSA Roadrunners,6385.0,3832,69.4,7.217391304347826,41.65217391304348,17,60.01566170712608,401645355,2024,9
204,Oregon State Beavers,4125.0,2265,75.0,9.49090909090909,41.18181818181818,9,54.90909090909091,401635594,2024,9
25,California Golden Bears,4503.0,3494,67.21,8.194029850746269,52.149253731343286,11,77.59271596713302,401635594,2024,9
36,Colorado State Rams,4210.0,1980,76.55,7.345454545454546,36.0,10,47.03087885985748,401643741,2024,9
167,New Mexico Lobos,5652.0,3129,76.38,8.364864864864865,42.28378378378378,11,55.360934182590235,401643741,2024,9
6,South Alabama Jaguars,5241.0,4169,68.06,7.688311688311688,54.142857142857146,13,79.54588818927685,401643819,2024,9
2433,UL Monroe Warhawks,4672.0,2550,77.87,7.266666666666667,42.5,13,54.580479452054796,401643819,2024,9
12,Arizona Wildcats,4438.0,3229,75.22,8.864406779661017,54.728813559322035,9,72.7579990986931,401636905,2024,9
277,West Virginia Mountaineers,4294.0,2918,72.78,8.169491525423728,49.45762711864407,9,67.955286446204,401636905,2024,9
254,Utah Utes,4551.0,1714,73.4,6.741935483870968,27.64516129032258,13,37.66205229619864,401636908,2024,9
248,Houston Cougars,4348.0,1995,65.88,6.0,30.227272727272727,14,45.88316467341306,401636908,2024,9
2751,Wyoming Cowboys,5238.0,3662,74.83,8.6,52.31428571428572,11,69.91218022145857,401643745,2024,9
328,Utah State Aggies,5434.0,2990,76.54,7.985915492957746,42.11267605633803,12,55.02392344497608,401643745,2024,9
2653,Troy Trojans,4972.0,3405,71.03,8.185714285714285,48.642857142857146,12,68.48350764279968,401643818,2024,9
2032,Arkansas State Red Wolves,6005.0,4584,75.06,8.2375,57.3,12,76.33638634471274,401643818,2024,9
127,Michigan State Spartans,4785.0,3335,75.95,9.698412698412698,52.93650793650794,9,69.6969696969697,401628529,2024,9
130,Michigan Wolverines,3521.0,2141,69.04,6.901960784313726,41.98039215686274,10,60.80658903720534,401628529,2024,9
96,Kentucky Wildcats,3848.0,1878,72.6,7.754716981132075,35.43396226415094,9,48.804573804573806,401628401,2024,9
2,Auburn Tigers,5847.0,4429,80.1,9.342465753424657,60.67123287671233,10,75.74824696425517,401628401,2024,9
278,Fresno State Bulldogs,5704.0,3823,73.13,8.987179487179487,49.01282051282051,13,67.02314165497896,401643742,2024,9
23,San José State Spartans,5399.0,2802,79.4,7.6911764705882355,41.205882352941174,13,51.898499722170776,401643742,2024,9
2132,Cincinnati Bearcats,4867.0,3322,79.79,8.60655737704918,54.459016393442624,9,68.25559893158002,401636907,2024,9
38,Colorado Buffaloes,4933.0,3843,73.63,9.104477611940299,57.35820895522388,9,77.9039124265153,401636907,2024,9
21,San Diego State Aztecs,4936.0,3013,70.51,7.8428571428571425,43.042857142857144,11,61.04132901134522,401643744,2024,9
265,Washington State Cougars,4048.0,2414,62.28,6.3538461538461535,37.13846153846154,12,59.634387351778656,401643744,2024,9
2440,Nevada Wolf Pack,4799.0,2906,73.83,9.169230769230769,44.707692307692305,9,60.55428214211294,401643743,2024,9
62,Hawai'i Rainbow Warriors,4205.0,3552,67.82,9.016129032258064,57.29032258064516,8,84.47086801426873,401643743,2024,9
2229,Florida International Panthers,4323.0,2749,74.53,7.637931034482759,47.39655172413793,12,63.59009946796206,401640985,2024,10
166,New Mexico State Aggies,4171.0,1738,68.38,6.639344262295082,28.491803278688526,12,41.66866458882762,401640985,2024,10
326,Texas State Bobcats,5126.0,3551,71.19,9.291666666666666,49.31944444444444,9,69.27428794381584,401643820,2024,10
309,Louisiana Ragin' Cajuns,4626.0,3111,75.84,7.983606557377049,51.0,10,67.2503242542153,401643820,2024,10
2534,Sam Houston Bearkats,3832.0,1609,69.67,5.927272727272728,29.254545454545454,12,41.988517745302715,401641012,2024,10
2348,Louisiana Tech Bulldogs,5209.0,2860,65.94,8.518987341772151,36.20253164556962,12,54.904972163563066,401641012,2024,10
55,Jacksonville State Gamecocks,4274.0,2651,74.98,7.052631578947368,46.50877192982456,11,62.02620496022461,401640994,2024,10
2335,Liberty Flames,5906.0,3989,76.7,9.220779220779221,51.8051948051948,11,67.5414832373857,401640994,2024,10
98,Western Kentucky Hilltoppers,4412.0,3299,80.22,7.290909090909091,59.981818181818184,10,74.77334542157752,401641020,2024,10
338,Kennesaw State Owls,5002.0,2188,74.66,7.865671641791045,32.656716417910445,11,43.74250299880048,401641020,2024,10
2429,Charlotte 49ers,3255.0,1008,73.98,5.386363636363637,22.90909090909091,9,30.967741935483872,401645356,2024,10
2655,Tulane Green Wave,5900.0,4806,75.64,12.628205128205128,61.61538461538461,8,81.45762711864407,401645356,2024,10
21,San Diego State Aztecs,3846.0,2339,68.68,8.446428571428571,41.767857142857146,11,60.816432657306294,401643747,2024,10
68,Boise State Broncos,6108.0,5348,76.35,9.675,66.85,10,87.55730189914865,401643747,2024,10
2247,Georgia State Panthers,5193.0,3788,74.19,9.842857142857143,54.114285714285714,10,72.94434816098594,401629036,2024,10
41,UConn Huskies,3785.0,2230,66.4,7.105263157894737,39.12280701754386,11,58.91677675033025,401629036,2024,10
2226,Florida Atlantic Owls,5894.0,3779,74.61,7.30379746835443,47.835443037974684,14,64.11605022056328,401645357,2024,10
58,South Florida Bulls,5224.0,2891,70.59,6.9324324324324325,39.067567567567565,15,55.34073506891271,401645357,2024,10
130,Michigan Wolverines,3715.0,2108,70.09,6.773584905660377,39.77358490566038,11,56.74293405114401,401628536,2024,10
2483,Oregon Ducks,5587.0,4698,78.69,9.901408450704226,66.16901408450704,9,84.08806157150528,401628536,2024,10
61,Georgia Bulldogs,5288.0,3127,73.44,6.666666666666667,43.43055555555556,15,59.1338880484115,401628408,2024,10
57,Florida Gators,4698.0,1221,69.09,6.411764705882353,17.955882352941178,15,25.98978288633461,401628408,2024,10
194,Ohio State Buckeyes,4932.0,3295,79.55,8.67741935483871,53.145161290322584,9,66.80859691808597,401628539,2024,10
213,Penn State Nittany Lions,3768.0,2385,71.09,8.566037735849056,45.0,8,63.296178343949045,401628539,2024,10
2390,Miami Hurricanes,4434.0,3233,62.45,6.619718309859155,45.53521126760563,14,72.91384754172304,401635601,2024,10
150,Duke Blue Devils,5228.0,2994,76.88,6.25,44.029411764705884,15,57.26855394032135,401635601,2024,10
96,Kentucky Wildcats,4868.0,2451,74.89,6.323076923076923,37.707692307692305,12,50.349219391947415,401628412,2024,10
2633,Tennessee Volunteers,5667.0,4090,69.96,8.962962962962964,50.49382716049383,13,72.17222516322569,401628412,2024,10
2579,South Carolina Gamecocks,6584.0,3424,94.06,6.385714285714286,48.91428571428571,14,52.004860267314704,401628411,2024,10
245,Texas A&M Aggies,0.0,2300,0.0,6.202898550724638,33.333333333333336,14,,401628411,2024,10
2641,Texas Tech Red Raiders,5733.0,3424,77.47,8.283783783783784,46.270270270270274,12,59.72440258154544,401636914,2024,10
66,Iowa State Cyclones,5240.0,3053,68.95,7.394736842105263,40.171052631578945,13,58.26335877862596,401636914,2024,10
228,Clemson Tigers,7488.0,5214,74.14,10.792079207920793,51.62376237623762,12,69.63141025641026,401635600,2024,10
97,Louisville Cardinals,3879.0,2409,65.75,6.983050847457627,40.83050847457627,11,62.103634957463264,401635600,2024,10
127,Michigan State Spartans,4709.0,1751,75.95,7.096774193548387,28.241935483870968,12,37.18411552346571,401628534,2024,10
84,Indiana Hoosiers,3589.0,2168,61.88,6.241379310344827,37.37931034482759,12,60.406798551128446,401628534,2024,10
248,Houston Cougars,3190.0,1187,62.55,5.1568627450980395,23.274509803921568,12,37.210031347962385,401636913,2024,10
2306,Kansas State Wildcats,5412.0,2932,73.14,8.432432432432432,39.62162162162162,13,54.175905395417594,401636913,2024,10
221,Pittsburgh Panthers,6156.0,3780,69.17,8.292134831460674,42.47191011235955,14,61.40350877192982,401635627,2024,10
2567,SMU Mustangs,4102.0,2751,63.11,7.446153846153846,42.323076923076925,14,67.06484641638225,401635627,2024,10
145,Ole Miss Rebels,5710.0,4880,75.13,8.342105263157896,64.21052631578948,12,85.46409807355516,401628406,2024,10
8,Arkansas Razorbacks,4952.0,3182,77.38,6.40625,49.71875,13,64.25686591276252,401628406,2024,10
2005,Air Force Falcons,4003.0,1942,72.78,8.927272727272728,35.30909090909091,8,48.51361478890832,401643746,2024,10
349,Army Black Knights,3595.0,2081,70.49,7.901960784313726,40.80392156862745,9,57.88595271210014,401643746,2024,10
135,Minnesota Golden Gophers,4636.0,2752,68.18,8.279411764705882,40.470588235294116,10,59.36151855047455,401628533,2024,10
356,Illinois Fighting Illini,4508.0,2501,72.71,7.032258064516129,40.33870967741935,11,55.47914818101154,401628533,2024,10
311,Maine Black Bears,4503.0,2463,75.05,8.633333333333333,41.05,11,54.696868754163894,401628410,2024,10
201,Oklahoma Sooners,5178.0,4679,67.25,9.584415584415584,60.76623376623377,11,90.36307454615682,401628410,2024,10
2509,Purdue Boilermakers,4590.0,3274,72.86,8.603174603174603,51.96825396825397,10,71.32897603485839,401628538,2024,10
77,Northwestern Wildcats,4731.0,2956,70.61,9.432835820895523,44.11940298507463,10,62.48150496723737,401628538,2024,10
152,NC State Wolfpack,3684.0,3257,61.4,7.4,54.28333333333333,12,88.40933767643865,401635516,2024,10
24,Stanford Cardinal,3957.0,2172,71.95,4.8545454545454545,39.49090909090909,12,54.890068233510235,401635516,2024,10
183,Syracuse Orange,4785.0,2985,71.42,7.2388059701492535,44.55223880597015,13,62.38244514106583,401635604,2024,10
259,Virginia Tech Hokies,4886.0,3074,70.81,6.478260869565218,44.55072463768116,14,62.914449447400735,401635604,2024,10
2084,Buffalo Bulls,4219.0,2587,60.27,6.385714285714286,36.957142857142856,15,61.31784783123963,401644757,2024,10
2006,Akron Zips,5652.0,3343,76.38,7.027027027027027,45.17567567567568,14,59.147204529370136,401644757,2024,10
2649,Toledo Rockets,4229.0,1931,65.06,5.2153846153846155,29.70769230769231,15,45.66091274532987,401644758,2024,10
2199,Eastern Michigan Eagles,6158.0,3745,72.45,7.811764705882353,44.05882352941177,15,60.81519974017538,401644758,2024,10
2636,UTSA Roadrunners,3966.0,2454,55.86,5.985915492957746,34.563380281690144,14,61.87594553706505,401645359,2024,10
235,Memphis Tigers,5240.0,3158,72.78,6.25,43.861111111111114,15,60.267175572519086,401645359,2024,10
238,Vanderbilt Commodores,4307.0,2042,74.26,7.431034482758621,35.206896551724135,11,47.411191084281405,401628407,2024,10
2,Auburn Tigers,4513.0,2099,77.81,6.362068965517241,36.189655172413794,12,46.510081985375585,401628407,2024,10
2026,App State Mountaineers,4051.0,2651,71.07,7.315789473684211,46.50877192982456,10,65.44063194273019,401643821,2024,10
295,Old Dominion Monarchs,5699.0,4024,77.01,8.945945945945946,54.37837837837838,10,70.60887875065801,401643821,2024,10
202,Tulsa Golden Hurricane,6591.0,3804,74.06,8.202247191011235,42.741573033707866,14,57.71506599908967,401645358,2024,10
5,UAB Blazers,4155.0,2943,70.42,5.813559322033898,49.88135593220339,13,70.83032490974729,401645358,2024,10
158,Nebraska Cornhuskers,5254.0,3424,72.97,9.166666666666666,47.55555555555556,11,65.16939474685954,401628537,2024,10
26,UCLA Bruins,4165.0,2778,77.13,8.425925925925926,51.44444444444444,9,66.69867947178872,401628537,2024,10
153,North Carolina Tar Heels,5206.0,4157,72.31,8.76388888888889,57.736111111111114,11,79.8501728774491,401635602,2024,10
52,Florida State Seminoles,3667.0,1158,79.72,5.586956521739131,25.17391304347826,10,31.57894736842105,401635602,2024,10
197,Oklahoma State Cowboys,3823.0,1919,69.51,6.2727272727272725,34.89090909090909,10,50.19618100967826,401636915,2024,10
9,Arizona State Sun Devils,5665.0,4361,73.57,8.402597402597403,56.63636363636363,11,76.98146513680494,401636915,2024,10
2116,UCF Knights,5254.0,4719,79.61,8.712121212121213,71.5,10,89.8172820708032,401636916,2024,10
12,Arizona Wildcats,4566.0,2220,78.72,7.586206896551724,38.275862068965516,10,48.62023653088042,401636916,2024,10
2638,UTEP Miners,5461.0,2395,73.8,7.283783783783784,32.36486486486486,14,43.8564365500824,401641026,2024,10
2393,Middle Tennessee Blue Raiders,4022.0,1958,64.87,6.612903225806452,31.580645161290324,12,48.68224763799105,401641026,2024,10
276,Marshall Thundering Herd,3829.0,2477,63.82,7.25,41.28333333333333,11,64.69051971794202,401643822,2024,10
2433,UL Monroe Warhawks,4280.0,1941,75.09,7.368421052631579,34.05263157894737,11,45.350467289719624,401643822,2024,10
167,New Mexico Lobos,4418.0,2935,73.63,5.9,48.916666666666664,13,66.43277501131733,401643750,2024,10
2751,Wyoming Cowboys,5540.0,4197,71.03,7.5,53.80769230769231,13,75.7581227436823,401643750,2024,10
324,Coastal Carolina Chanticleers,4496.0,2562,73.7,8.360655737704919,42.0,11,56.98398576512456,401643824,2024,10
2653,Troy Trojans,4867.0,3815,71.57,8.735294117647058,56.10294117647059,10,78.38504212040272,401643824,2024,10
242,Rice Owls,4157.0,2523,65.98,6.9523809523809526,40.04761904761905,11,60.69280731296608,401645360,2024,10
2426,Navy Midshipmen,4648.0,2263,76.2,8.852459016393443,37.09836065573771,12,48.68760757314974,401645360,2024,10
113,Massachusetts Minutemen,5571.0,3709,72.35,9.636363636363637,48.16883116883117,10,66.57691617303895,401628409,2024,10
344,Mississippi State Bulldogs,3867.0,3130,75.82,6.529411764705882,61.372549019607845,10,80.94129816395139,401628409,2024,10
278,Fresno State Bulldogs,3570.0,1656,70.0,6.882352941176471,32.470588235294116,10,46.38655462184874,401643749,2024,10
62,Hawai'i Rainbow Warriors,6851.0,4365,77.85,9.875,49.60227272727273,11,63.71332652167567,401643749,2024,10
2294,Iowa Hawkeyes,4480.0,3471,72.26,8.0,55.983870967741936,11,77.47767857142857,401628535,2024,10
275,Wisconsin Badgers,4279.0,1876,76.41,6.892857142857143,33.5,11,43.84201916335592,401628535,2024,10
264,Washington Huskies,4777.0,2770,71.3,7.985074626865671,41.343283582089555,10,57.98618379736236,401628540,2024,10
30,USC Trojans,5739.0,4293,72.65,9.772151898734178,54.34177215189873,11,74.80397281756403,401628540,2024,10
290,Georgia Southern Eagles,4910.0,3276,72.21,9.205882352941176,48.1764705882353,11,66.72097759674135,401643823,2024,10
6,South Alabama Jaguars,4679.0,3416,69.84,8.791044776119403,50.985074626865675,10,73.0070527890575,401643823,2024,10
239,Baylor Bears,5943.0,4316,76.19,8.615384615384615,55.333333333333336,11,72.62325424869594,401636912,2024,10
2628,TCU Horned Frogs,4935.0,3456,75.92,7.676923076923077,53.16923076923077,10,70.03039513677811,401636912,2024,10
36,Colorado State Rams,3136.0,2071,60.31,6.5576923076923075,39.82692307692308,10,66.03954081632654,401643748,2024,10
2440,Nevada Wolf Pack,5329.0,4019,79.54,9.134328358208956,59.985074626865675,11,75.41752674047663,401643748,2024,10
189,Bowling Green Falcons,4276.0,2608,66.81,7.5625,40.75,11,60.991580916744624,401644760,2024,11
2117,Central Michigan Chippewas,3734.0,1891,74.68,6.92,37.82,10,50.64274236743439,401644760,2024,11
2050,Ball State Cardinals,5464.0,2427,92.61,7.101694915254237,41.13559322033898,10,44.41800878477306,401644688,2024,11
193,Miami (OH) RedHawks,360.0,2442,6.1,7.423728813559322,41.389830508474574,10,678.3333333333334,401644688,2024,11
2309,Kent State Golden Flashes,3822.0,788,74.94,5.03921568627451,15.450980392156863,12,20.617477760334904,401644761,2024,11
195,Ohio Bobcats,4876.0,3124,71.71,8.058823529411764,45.94117647058823,10,64.06890894175554,401644761,2024,11
2459,Northern Illinois Huskies,3574.0,2804,62.7,8.035087719298245,49.19298245614035,10,78.45551203133743,401644762,2024,11
2711,Western Michigan Broncos,4656.0,2871,73.9,7.9523809523809526,45.57142857142857,11,61.66237113402062,401644762,2024,11
324,Coastal Carolina Chanticleers,3846.0,2913,68.68,9.089285714285714,52.017857142857146,10,75.74102964118565,401643825,2024,11
2026,App State Mountaineers,5401.0,3488,78.28,9.318840579710145,50.55072463768116,10,64.58063321607109,401643825,2024,11
151,East Carolina Pirates,4079.0,3668,75.54,8.74074074074074,67.92592592592592,9,89.92400098063251,401645361,2024,11
2226,Florida Atlantic Owls,5884.0,4315,78.45,10.573333333333334,57.53333333333333,10,73.33446634942216,401645361,2024,11
25,California Golden Bears,2930.0,3083,34.47,6.435294117647059,36.27058823529412,14,105.22184300341297,401634773,2024,11
154,Wake Forest Demon Deacons,2793.0,2424,37.74,6.216216216216216,32.75675675675676,15,86.78839957035446,401634773,2024,11
2294,Iowa Hawkeyes,3001.0,1838,66.69,6.955555555555556,40.84444444444444,9,61.24625124958347,401628542,2024,11
26,UCLA Bruins,4735.0,3338,66.69,9.211267605633802,47.014084507042256,10,70.49630411826821,401628542,2024,11
235,Memphis Tigers,5272.0,2745,76.41,7.565217391304348,39.78260869565217,12,52.06752655538695,401645362,2024,11
242,Rice Owls,4884.0,2917,72.9,7.208955223880597,43.53731343283582,11,59.72563472563473,401645362,2024,11
21,San Diego State Aztecs,6301.0,3712,73.27,10.151162790697674,43.16279069767442,10,58.911283923186794,401643754,2024,11
167,New Mexico Lobos,4299.0,2723,76.77,7.196428571428571,48.625,10,63.34031170039544,401643754,2024,11
2483,Oregon Ducks,4715.0,3394,73.67,8.1875,53.03125,11,71.983032873807,401628543,2024,11
120,Maryland Terrapins,5317.0,2942,71.85,8.364864864864865,39.75675675675676,12,55.33195410946022,401628543,2024,11
194,Ohio State Buckeyes,4632.0,3401,70.18,8.333333333333334,51.53030303030303,10,73.42400690846287,401628545,2024,11
2509,Purdue Boilermakers,4210.0,2035,75.18,7.928571428571429,36.339285714285715,11,48.33729216152019,401628545,2024,11
61,Georgia Bulldogs,4620.0,2393,73.33,8.555555555555555,37.98412698412698,10,51.7965367965368,401628414,2024,11
145,Ole Miss Rebels,4680.0,3255,74.29,7.9523809523809526,51.666666666666664,10,69.55128205128206,401628414,2024,11
59,Georgia Tech Yellow Jackets,4575.0,3105,73.79,8.806451612903226,50.08064516129032,11,67.8688524590164,401635609,2024,11
2390,Miami Hurricanes,4671.0,3073,74.14,7.587301587301587,48.77777777777778,10,65.78891029758081,401635609,2024,11
251,Texas Longhorns,4389.0,3075,69.67,7.349206349206349,48.80952380952381,13,70.06151742993848,401628417,2024,11
57,Florida Gators,4746.0,2647,71.91,7.7272727272727275,40.10606060606061,13,55.773282764433205,401628417,2024,11
264,Washington Huskies,3821.0,2242,68.23,10.089285714285714,40.035714285714285,8,58.67573933525255,401628546,2024,11
213,Penn State Nittany Lions,5068.0,4700,73.45,11.043478260869565,68.1159420289855,8,92.73875295974743,401628546,2024,11
2633,Tennessee Volunteers,5081.0,3746,65.99,9.324675324675324,48.64935064935065,13,73.72564455815784,401628416,2024,11
344,Mississippi State Bulldogs,4820.0,2166,77.74,7.67741935483871,34.935483870967744,12,44.93775933609958,401628416,2024,11
130,Michigan Wolverines,4561.0,1976,70.17,8.061538461538461,30.4,11,43.32383249287437,401628541,2024,11
84,Indiana Hoosiers,3657.0,1538,67.72,5.611111111111111,28.48148148148148,12,42.05633032540334,401628541,2024,11
254,Utah Utes,3609.0,1898,69.4,6.576923076923077,36.5,11,52.59074535882516,401636922,2024,11
252,BYU Cougars,5256.0,2795,80.86,7.553846153846154,43.0,11,53.17732115677321,401636922,2024,11
52,Florida State Seminoles,5210.0,2229,75.51,8.376811594202898,32.30434782608695,13,42.783109404990405,401628984,2024,11
87,Notre Dame Fighting Irish,3992.0,3155,65.44,7.0,51.721311475409834,11,79.03306613226452,401628984,2024,11
333,Alabama Crimson Tide,4427.0,3602,68.11,9.0,55.41538461538462,9,81.36435509374294,401628413,2024,11
99,LSU Tigers,4881.0,2979,73.95,8.469696969696969,45.13636363636363,10,61.03257529194837,401628413,2024,11
2440,Nevada Wolf Pack,3816.0,1849,66.95,5.526315789473684,32.43859649122807,12,48.4538784067086,401643752,2024,11
68,Boise State Broncos,4641.0,3033,71.4,7.2153846153846155,46.66153846153846,12,65.35229476405947,401643752,2024,11
66,Iowa State Cyclones,4618.0,2989,75.7,6.377049180327869,49.0,12,64.72498917280208,401636919,2024,11
2305,Kansas Jayhawks,4700.0,3545,71.21,7.954545454545454,53.71212121212121,11,75.42553191489361,401636919,2024,11
258,Virginia Cavaliers,4707.0,2402,70.25,7.731343283582089,35.850746268656714,13,51.03038028468239,401635610,2024,11
221,Pittsburgh Panthers,5030.0,2643,76.21,7.46969696969697,40.04545454545455,13,52.54473161033797,401635610,2024,11
2641,Texas Tech Red Raiders,5844.0,3016,67.95,6.895348837209302,35.06976744186046,16,51.60848733744011,401636921,2024,11
38,Colorado Buffaloes,4659.0,2612,67.52,6.405797101449275,37.85507246376812,14,56.06353294698433,401636921,2024,11
265,Washington State Cougars,4585.0,4052,69.47,8.636363636363637,61.39393939393939,10,88.37513631406762,401643756,2024,11
328,Utah State Aggies,5249.0,3442,72.9,8.5,47.80555555555556,11,65.57439512288055,401643756,2024,11
228,Clemson Tigers,5402.0,2955,70.16,8.03896103896104,38.37662337662338,14,54.701962236208814,401635607,2024,11
259,Virginia Tech Hokies,4583.0,1883,79.02,6.827586206896552,32.46551724137931,13,41.08662448178049,401635607,2024,11
201,Oklahoma Sooners,4353.0,2103,70.21,7.725806451612903,33.91935483870968,12,48.311509303928325,401628415,2024,11
142,Missouri Tigers,4712.0,2251,64.55,7.438356164383562,30.835616438356166,12,47.77164685908319,401628415,2024,11
249,North Texas Mean Green,4091.0,3215,74.38,11.636363636363637,58.45454545454545,6,78.58714250794426,401629045,2024,11
349,Army Black Knights,5161.0,3673,79.4,13.015384615384615,56.50769230769231,7,71.16837822127495,401629045,2024,11
135,Minnesota Golden Gophers,4782.0,2499,75.9,6.7936507936507935,39.666666666666664,12,52.25846925972397,401628544,2024,11
164,Rutgers Scarlet Knights,5175.0,2959,75.0,6.898550724637682,42.88405797101449,12,57.17874396135266,401628544,2024,11
183,Syracuse Orange,5225.0,3370,71.58,6.917808219178082,46.16438356164384,13,64.49760765550239,401635606,2024,11
103,Boston College Eagles,4083.0,2768,70.4,7.103448275862069,47.724137931034484,12,67.79328924810189,401635606,2024,11
277,West Virginia Mountaineers,2634.0,1319,62.71,5.0,31.404761904761905,10,50.075930144267275,401636918,2024,11
2132,Cincinnati Bearcats,6102.0,3537,77.24,8.962025316455696,44.77215189873418,13,57.9646017699115,401636918,2024,11
2433,UL Monroe Warhawks,4742.0,2497,74.09,7.140625,39.015625,13,52.65710670603121,401643828,2024,11
326,Texas State Bobcats,4535.0,3124,67.69,7.925373134328358,46.62686567164179,12,68.8864388092613,401643828,2024,11
58,South Florida Bulls,5197.0,2752,76.43,6.9411764705882355,40.470588235294116,12,52.9536270925534,401645363,2024,11
2426,Navy Midshipmen,5235.0,2976,75.87,7.739130434782608,43.130434782608695,13,56.84813753581662,401645363,2024,11
2393,Middle Tennessee Blue Raiders,4366.0,2853,76.6,9.31578947368421,50.05263157894737,10,65.34585432890518,401640995,2024,11
2335,Liberty Flames,4693.0,3897,75.69,8.080645161290322,62.854838709677416,10,83.03856808011933,401640995,2024,11
41,UConn Huskies,4962.0,2869,69.89,8.169014084507042,40.40845070422535,14,57.81942765014107,401629037,2024,11
5,UAB Blazers,5329.0,3336,72.01,7.662162162162162,45.08108108108108,14,62.600863201351096,401629037,2024,11
276,Marshall Thundering Herd,4028.0,3087,56.73,7.591549295774648,43.478873239436616,13,76.63853028798411,401643829,2024,11
2572,Southern Miss Golden Eagles,4133.0,1004,71.26,5.637931034482759,17.310344827586206,14,24.292281635615776,401643829,2024,11
150,Duke Blue Devils,3627.0,1645,67.17,5.2592592592592595,30.462962962962962,13,45.35428728977116,401635608,2024,11
152,NC State Wolfpack,4536.0,2624,72.0,7.73015873015873,41.65079365079365,13,57.848324514991184,401635608,2024,11
23,San José State Spartans,3990.0,2479,79.8,6.04,49.58,10,62.13032581453634,401643755,2024,11
204,Oregon State Beavers,6311.0,4507,78.89,10.15,56.3375,10,71.4149897005229,401643755,2024,11
2247,Georgia State Panthers,4628.0,1742,74.65,6.5,28.096774193548388,12,37.640449438202246,401643826,2024,11
256,James Madison Dukes,4428.0,3268,66.09,7.7611940298507465,48.776119402985074,12,73.80307136404697,401643826,2024,11
338,Kennesaw State Owls,4242.0,1455,64.27,5.545454545454546,22.045454545454547,16,34.2998585572843,401641021,2024,11
2638,UTEP Miners,5200.0,3047,65.82,5.7215189873417724,38.56962025316456,18,58.59615384615385,401641021,2024,11
2655,Tulane Green Wave,5061.0,3469,69.33,6.698630136986301,47.52054794520548,14,68.5437660541395,401645364,2024,11
218,Temple Owls,3214.0,431,73.05,3.8636363636363638,9.795454545454545,13,13.410080896079652,401645364,2024,11
2579,South Carolina Gamecocks,4795.0,3532,78.61,10.049180327868852,57.90163934426229,9,73.66006256517205,401628418,2024,11
238,Vanderbilt Commodores,4672.0,2319,79.19,8.152542372881356,39.30508474576271,9,49.6361301369863,401628418,2024,11
55,Jacksonville State Gamecocks,6117.0,3893,71.13,9.023255813953488,45.26744186046512,15,63.64230832107242,401641004,2024,11
2348,Louisiana Tech Bulldogs,4291.0,2517,62.19,5.956521739130435,36.47826086956522,15,58.65765555814495,401641004,2024,11
2032,Arkansas State Red Wolves,5895.0,3170,77.57,7.315789473684211,41.71052631578947,12,53.774385072094994,401643827,2024,11
309,Louisiana Ragin' Cajuns,4461.0,3689,73.13,6.508196721311475,60.47540983606557,11,82.6944631248599,401643827,2024,11
98,Western Kentucky Hilltoppers,3814.0,2586,61.52,5.854838709677419,41.70967741935484,14,67.80283167278448,401641036,2024,11
166,New Mexico State Aggies,5610.0,3598,72.86,8.233766233766234,46.72727272727273,13,64.1354723707665,401641036,2024,11
2116,UCF Knights,4772.0,3315,70.18,8.985294117647058,48.75,11,69.46772841575859,401636917,2024,11
9,Arizona State Sun Devils,3982.0,2421,71.11,7.339285714285714,43.232142857142854,9,60.79859367152185,401636917,2024,11
2628,TCU Horned Frogs,4395.0,3633,67.62,8.615384615384615,55.89230769230769,9,82.66211604095564,401636920,2024,11
197,Oklahoma State Cowboys,5785.0,3871,83.84,10.81159420289855,56.10144927536232,8,66.91443388072602,401636920,2024,11
2439,UNLV Rebels,4885.0,2748,66.01,6.702702702702703,37.13513513513514,15,56.25383828045036,401643753,2024,11
62,Hawai'i Rainbow Warriors,5058.0,2206,79.03,5.953125,34.46875,14,43.61407671016212,401643753,2024,11
278,Fresno State Bulldogs,2584.0,1552,69.84,5.8108108108108105,41.945945945945944,8,60.06191950464396,401643751,2024,11
2005,Air Force Falcons,5256.0,4537,61.84,12.658823529411764,53.37647058823529,8,86.32039573820396,401643751,2024,11
2050,Ball State Cardinals,4999.0,3276,70.41,6.352112676056338,46.140845070422536,13,65.53310662132427,401644763,2024,12
2084,Buffalo Bulls,5750.0,4340,70.12,8.670731707317072,52.926829268292686,14,75.47826086956522,401644763,2024,12
2711,Western Michigan Broncos,5017.0,3294,73.78,9.426470588235293,48.44117647058823,10,65.65676699222644,401644764,2024,12
189,Bowling Green Falcons,3524.0,2268,66.49,7.113207547169812,42.79245283018868,9,64.35868331441544,401644764,2024,12
2649,Toledo Rockets,4022.0,2479,69.34,7.0344827586206895,42.741379310344826,12,61.63600198906017,401644765,2024,12
2117,Central Michigan Chippewas,4466.0,2349,72.03,7.951612903225806,37.88709677419355,12,52.5974025974026,401644765,2024,12
2459,Northern Illinois Huskies,3835.0,1979,68.48,5.125,35.339285714285715,13,51.603650586701434,401644766,2024,12
2006,Akron Zips,5827.0,2821,78.74,8.445945945945946,38.12162162162162,12,48.41256221039986,401644766,2024,12
2199,Eastern Michigan Eagles,4577.0,2165,71.52,7.515625,33.828125,13,47.301726021411405,401644767,2024,12
195,Ohio Bobcats,4610.0,2992,74.35,6.548387096774194,48.25806451612903,13,64.90238611713666,401644767,2024,12
151,East Carolina Pirates,5134.0,3098,68.45,6.44,41.306666666666665,16,60.34281262173744,401645365,2024,12
202,Tulsa Golden Hurricane,4626.0,2753,70.09,6.7727272727272725,41.71212121212121,13,59.511456982274105,401645365,2024,12
36,Colorado State Rams,4310.0,2415,71.83,5.966666666666667,40.25,13,56.03248259860789,401643759,2024,12
2751,Wyoming Cowboys,3980.0,1315,71.07,5.267857142857143,23.482142857142858,12,33.040201005025125,401643759,2024,12
2636,UTSA Roadrunners,6453.0,4765,71.7,8.877777777777778,52.94444444444444,14,73.84162405082907,401645366,2024,12
249,North Texas Mean Green,4539.0,2709,74.41,6.409836065573771,44.40983606557377,13,59.6827495042961,401645366,2024,12
264,Washington Huskies,3830.0,2253,68.39,6.625,40.232142857142854,11,58.825065274151434,401628553,2024,12
26,UCLA Bruins,5312.0,3080,68.1,8.961538461538462,39.48717948717949,11,57.98192771084337,401628553,2024,12
248,Houston Cougars,4440.0,2253,75.25,6.372881355932203,38.186440677966104,12,50.74324324324324,401636923,2024,12
12,Arizona Wildcats,4766.0,2258,69.07,7.0144927536231885,32.72463768115942,13,47.37725556021821,401636923,2024,12
2483,Oregon Ducks,4487.0,2668,63.2,7.71830985915493,37.57746478873239,12,59.46066414085135,401628551,2024,12
275,Wisconsin Badgers,4615.0,2191,76.92,9.083333333333334,36.516666666666666,11,47.475622968580716,401628551,2024,12
194,Ohio State Buckeyes,4262.0,3129,74.77,7.912280701754386,54.89473684210526,9,73.41623650868137,401628550,2024,12
77,Northwestern Wildcats,4985.0,3166,76.69,10.261538461538462,48.707692307692305,9,63.510531594784354,401628550,2024,12
251,Texas Longhorns,4966.0,2641,68.97,8.875,36.68055555555556,11,53.1816351188079,401628419,2024,12
8,Arkansas Razorbacks,4437.0,1880,75.2,7.389830508474576,31.864406779661017,11,42.37097137705657,401628419,2024,12
2509,Purdue Boilermakers,4478.0,1972,77.21,6.396551724137931,34.0,12,44.03751674854846,401628552,2024,12
213,Penn State Nittany Lions,4422.0,3524,72.49,6.475409836065574,57.77049180327869,11,79.69244685662596,401628552,2024,12
252,BYU Cougars,4569.0,3344,72.52,10.174603174603174,53.07936507936508,8,73.18888159334647,401636924,2024,12
2305,Kansas Jayhawks,3770.0,2159,76.94,8.26530612244898,44.06122448979592,9,57.26790450928382,401636924,2024,12
2633,Tennessee Volunteers,5595.0,2947,77.71,8.902777777777779,40.93055555555556,10,52.672028596961574,401628421,2024,12
61,Georgia Bulldogs,5734.0,4323,81.91,9.0,61.75714285714286,10,75.39239623299616,401628421,2024,12
87,Notre Dame Fighting Irish,4378.0,2710,64.38,7.75,39.85294117647059,14,61.900411146642305,401628985,2024,12
258,Virginia Cavaliers,5185.0,2208,77.39,6.925373134328358,32.95522388059702,14,42.58437801350048,401628985,2024,12
2382,Mercer Bears,3298.0,1069,73.29,4.733333333333333,23.755555555555556,11,32.41358399029715,401628425,2024,12
333,Alabama Crimson Tide,5552.0,4538,72.1,9.727272727272727,58.935064935064936,11,81.73631123919309,401628425,2024,12
23,San José State Spartans,5064.0,3775,73.39,7.63768115942029,54.710144927536234,10,74.54581358609795,401643758,2024,12
68,Boise State Broncos,5258.0,4603,76.2,10.231884057971014,66.71014492753623,8,87.54279193609737,401643758,2024,12
2567,SMU Mustangs,4144.0,3188,66.84,7.645161290322581,51.41935483870968,10,76.93050193050193,401635580,2024,12
103,Boston College Eagles,5617.0,3818,75.91,9.04054054054054,51.5945945945946,11,67.97222716752715,401635580,2024,12
166,New Mexico State Aggies,2124.0,1654,36.0,6.779661016949152,28.033898305084747,11,77.87193973634652,401628424,2024,12
245,Texas A&M Aggies,7500.0,4366,100.0,9.04,58.21333333333333,11,58.21333333333333,401628424,2024,12
9,Arizona State Sun Devils,5097.0,3267,71.79,8.295774647887324,46.014084507042256,10,64.09652736904061,401636927,2024,12
2306,Kansas State Wildcats,4995.0,3497,76.85,9.307692307692308,53.8,10,70.01001001001,401636927,2024,12
38,Colorado Buffaloes,4426.0,2597,72.56,6.60655737704918,42.57377049180328,14,58.67600542250339,401636925,2024,12
254,Utah Utes,4679.0,1475,65.9,5.464788732394366,20.774647887323944,16,31.523829878179097,401636925,2024,12
167,New Mexico Lobos,5756.0,4598,77.78,8.64864864864865,62.13513513513514,11,79.88186240444753,401643761,2024,12
265,Washington State Cougars,5285.0,3682,78.88,6.880597014925373,54.95522388059702,12,69.66887417218543,401643761,2024,12
97,Louisville Cardinals,4687.0,2876,71.02,6.848484848484849,43.57575757575758,12,61.36121186259868,401635517,2024,12
24,Stanford Cardinal,5295.0,3405,74.58,8.098591549295774,47.95774647887324,13,64.30594900849859,401635517,2024,12
221,Pittsburgh Panthers,6424.0,3643,73.84,8.241379310344827,41.87356321839081,15,56.70921544209215,401635582,2024,12
228,Clemson Tigers,5213.0,2185,76.66,6.147058823529412,32.13235294117647,14,41.9144446575868,401635582,2024,12
2579,South Carolina Gamecocks,4758.0,3598,74.34,8.640625,56.21875,10,75.62000840689365,401628423,2024,12
142,Missouri Tigers,4431.0,2840,66.13,7.895522388059701,42.38805970149254,11,64.09388399909727,401628423,2024,12
99,LSU Tigers,7378.0,4481,80.2,12.032608695652174,48.70652173913044,10,60.73461642721605,401628420,2024,12
57,Florida Gators,2689.0,1473,67.22,5.525,36.825,9,54.77872815172927,401628420,2024,12
2426,Navy Midshipmen,3260.0,906,72.44,6.822222222222222,20.133333333333333,9,27.791411042944784,401645370,2024,12
2655,Tulane Green Wave,4219.0,2950,69.16,8.098360655737705,48.36065573770492,10,69.92178241289405,401645370,2024,12
2335,Liberty Flames,4817.0,3560,76.46,7.888888888888889,56.507936507936506,10,73.90492007473532,401629046,2024,12
113,Massachusetts Minutemen,5294.0,4086,74.56,8.732394366197184,57.54929577464789,11,77.18171514922554,401629046,2024,12
2348,Louisiana Tech Bulldogs,4272.0,2357,68.9,9.0,38.016129032258064,9,55.17322097378277,401641013,2024,12
98,Western Kentucky Hilltoppers,3716.0,2415,79.06,9.53191489361702,51.38297872340426,8,64.98923573735199,401641013,2024,12
2433,UL Monroe Warhawks,3874.0,1194,74.5,5.384615384615385,22.96153846153846,12,30.82085699535364,401628426,2024,12
2,Auburn Tigers,5155.0,4485,69.66,9.405405405405405,60.608108108108105,11,87.00290979631426,401628426,2024,12
276,Marshall Thundering Herd,4358.0,2209,69.17,6.904761904761905,35.06349206349206,12,50.688389169343736,401643832,2024,12
324,Coastal Carolina Chanticleers,5136.0,2699,70.36,7.657534246575342,36.97260273972603,13,52.5506230529595,401643832,2024,12
93,Murray State Racers,3954.0,1937,74.6,6.622641509433962,36.54716981132076,12,48.98836621143146,401628422,2024,12
96,Kentucky Wildcats,5687.0,5210,76.85,9.716216216216216,70.4054054054054,10,91.61244944610515,401628422,2024,12
2229,Florida International Panthers,4985.0,3435,74.4,8.477611940298507,51.26865671641791,11,68.90672016048144,401640986,2024,12
55,Jacksonville State Gamecocks,5298.0,3404,71.59,8.202702702702704,46.0,12,64.25066062665157,401640986,2024,12
2226,Florida Atlantic Owls,4730.0,2747,77.54,7.39344262295082,45.032786885245905,10,58.07610993657505,401645369,2024,12
218,Temple Owls,5690.0,3231,74.87,9.223684210526315,42.51315789473684,11,56.78383128295255,401645369,2024,12
127,Michigan State Spartans,5027.0,2225,76.17,7.696969696969697,33.71212121212121,11,44.260990650487365,401628547,2024,12
356,Illinois Fighting Illini,4062.0,2910,65.52,8.14516129032258,46.935483870967744,11,71.63958641063516,401628547,2024,12
183,Syracuse Orange,5662.0,4560,72.59,11.012820512820513,58.46153846153846,9,80.53691275167785,401635581,2024,12
25,California Golden Bears,4628.0,3152,82.64,9.232142857142858,56.285714285714285,10,68.10717372515126,401635581,2024,12
2534,Sam Houston Bearkats,5533.0,2939,75.79,7.534246575342466,40.26027397260274,14,53.1176576902223,401641022,2024,12
338,Kennesaw State Owls,4170.0,2074,75.82,6.9818181818181815,37.70909090909091,12,49.73621103117506,401641022,2024,12
62,Hawai'i Rainbow Warriors,5095.0,1701,76.04,5.791044776119403,25.388059701492537,16,33.38567222767419,401643760,2024,12
328,Utah State Aggies,5672.0,4397,70.9,7.5,54.9625,15,77.52115655853315,401643760,2024,12
204,Oregon State Beavers,3556.0,1214,79.02,6.6,26.977777777777778,8,34.13948256467941,401643757,2024,12
2005,Air Force Falcons,5064.0,4306,71.32,10.309859154929578,60.647887323943664,8,85.03159557661927,401643757,2024,12
58,South Florida Bulls,4391.0,3012,70.82,6.548387096774194,48.58064516129032,13,68.5948531086313,401645368,2024,12
2429,Charlotte 49ers,5480.0,2619,75.07,6.8493150684931505,35.87671232876713,14,47.79197080291971,401645368,2024,12
158,Nebraska Cornhuskers,4723.0,2561,76.18,7.983870967741935,41.306451612903224,11,54.22401016303197,401628549,2024,12
30,USC Trojans,4796.0,3387,76.13,7.936507936507937,53.76190476190476,11,70.62135112593828,401628549,2024,12
239,Baylor Bears,4753.0,3305,69.9,7.0588235294117645,48.60294117647059,11,69.53503050704818,401636929,2024,12
277,West Virginia Mountaineers,6365.0,4943,72.33,9.340909090909092,56.17045454545455,12,77.65907305577376,401636929,2024,12
290,Georgia Southern Eagles,3706.0,2618,78.85,8.297872340425531,55.702127659574465,8,70.64220183486239,401643830,2024,12
2653,Troy Trojans,5073.0,4114,70.46,10.36111111111111,57.138888888888886,9,81.09599842302386,401643830,2024,12
256,James Madison Dukes,5398.0,3043,74.97,8.041666666666666,42.263888888888886,13,56.37273064097814,401643833,2024,12
295,Old Dominion Monarchs,3946.0,2114,69.23,5.157894736842105,37.08771929824562,14,53.573238722757225,401643833,2024,12
2032,Arkansas State Red Wolves,4762.0,2374,75.59,6.634920634920635,37.682539682539684,12,49.8530029399412,401643831,2024,12
2247,Georgia State Panthers,5451.0,2972,76.77,7.366197183098592,41.859154929577464,12,54.5221060355898,401643831,2024,12
164,Rutgers Scarlet Knights,4783.0,3642,74.73,9.984375,56.90625,9,76.14467907171232,401628548,2024,12
120,Maryland Terrapins,6147.0,4452,74.96,9.28048780487805,54.292682926829265,10,72.42557345046365,401628548,2024,12
309,Louisiana Ragin' Cajuns,4361.0,3137,69.22,9.761904761904763,49.79365079365079,10,71.93304288007337,401643834,2024,12
6,South Alabama Jaguars,4426.0,2580,71.39,7.32258064516129,41.61290322580645,10,58.29191143244464,401643834,2024,12
326,Texas State Bobcats,5024.0,4097,77.29,7.553846153846154,63.03076923076923,11,81.54856687898089,401643835,2024,12
2572,Southern Miss Golden Eagles,4927.0,1854,72.46,7.867647058823529,27.264705882352942,13,37.629389080576416,401643835,2024,12
154,Wake Forest Demon Deacons,4975.0,2617,74.25,7.3283582089552235,39.059701492537314,13,52.60301507537689,401635583,2024,12
153,North Carolina Tar Heels,5111.0,2946,71.99,7.830985915492958,41.49295774647887,13,57.640383486597536,401635583,2024,12
2132,Cincinnati Bearcats,4192.0,2084,74.86,6.232142857142857,37.214285714285715,12,49.713740458015266,401636926,2024,12
66,Iowa State Cyclones,4562.0,3067,66.12,8.231884057971014,44.44927536231884,11,67.22928540113985,401636926,2024,12
235,Memphis Tigers,4679.0,3961,63.23,7.648648648648648,53.527027027027025,12,84.654840777944,401645367,2024,12
5,UAB Blazers,4852.0,2629,75.81,6.828125,41.078125,12,54.1838417147568,401645367,2024,12
21,San Diego State Aztecs,3740.0,1144,66.79,4.857142857142857,20.428571428571427,14,30.58823529411765,401643762,2024,12
2439,UNLV Rebels,4904.0,3641,62.08,6.860759493670886,46.08860759493671,14,74.24551386623165,401643762,2024,12
2006,Akron Zips,5419.0,3954,71.3,6.973684210526316,52.026315789473685,13,72.96549178815279,401644769,2024,13
2309,Kent State Golden Flashes,3192.0,1049,72.55,4.545454545454546,23.84090909090909,12,32.863408521303256,401644769,2024,13
2117,Central Michigan Chippewas,4121.0,2131,68.68,8.65,35.516666666666666,12,51.71074981800534,401644770,2024,13
2711,Western Michigan Broncos,4072.0,1731,79.84,7.352941176470588,33.94117647058823,10,42.5098231827112,401644770,2024,13
2459,Northern Illinois Huskies,2455.0,2052,33.18,8.216216216216216,27.72972972972973,11,83.58452138492872,401644690,2024,13
193,Miami (OH) RedHawks,4350.0,1951,90.62,5.8125,40.645833333333336,10,44.85057471264368,401644690,2024,13
2084,Buffalo Bulls,4952.0,2813,72.82,8.044117647058824,41.36764705882353,13,56.805331179321485,401644772,2024,13
2199,Eastern Michigan Eagles,5255.0,2645,75.07,6.214285714285714,37.785714285714285,15,50.33301617507136,401644772,2024,13
2649,Toledo Rockets,3629.0,840,74.06,5.020408163265306,17.142857142857142,12,23.146872416643703,401644773,2024,13
195,Ohio Bobcats,4383.0,2540,61.73,7.267605633802817,35.774647887323944,12,57.951174994296146,401644773,2024,13
59,Georgia Tech Yellow Jackets,5081.0,2749,70.57,7.125,38.18055555555556,13,54.10352292855737,401634772,2024,13
152,NC State Wolfpack,4516.0,2441,76.54,5.338983050847458,41.3728813559322,14,54.052258635961024,401634772,2024,13
23,San José State Spartans,3516.0,919,78.13,5.022222222222222,20.42222222222222,11,26.137656427758817,401643767,2024,13
2439,UNLV Rebels,5864.0,3826,72.4,9.296296296296296,47.23456790123457,12,65.24556616643929,401643767,2024,13
218,Temple Owls,4304.0,1192,65.21,4.484848484848484,18.060606060606062,18,27.695167286245354,401645374,2024,13
2636,UTSA Roadrunners,4159.0,2035,64.98,5.015625,31.796875,16,48.930031257513825,401645374,2024,13
2509,Purdue Boilermakers,5245.0,3370,77.13,8.838235294117647,49.55882352941177,10,64.2516682554814,401628558,2024,13
127,Michigan State Spartans,4784.0,2884,67.38,8.23943661971831,40.61971830985915,10,60.28428093645485,401628558,2024,13
84,Indiana Hoosiers,4497.0,2050,77.53,8.758620689655173,35.3448275862069,10,45.585946186346455,401628555,2024,13
194,Ohio State Buckeyes,3488.0,2663,63.42,9.181818181818182,48.41818181818182,9,76.34747706422019,401628555,2024,13
96,Kentucky Wildcats,3771.0,1654,69.83,6.518518518518518,30.62962962962963,11,43.861044815698754,401628436,2024,13
251,Texas Longhorns,5726.0,4135,75.34,9.460526315789474,54.4078947368421,11,72.21446035626964,401628436,2024,13
135,Minnesota Golden Gophers,4174.0,2228,71.97,7.586206896551724,38.41379310344828,10,53.378054623862006,401628559,2024,13
213,Penn State Nittany Lions,4141.0,2639,66.79,6.741935483870968,42.564516129032256,11,63.7285679787491,401628559,2024,13
87,Notre Dame Fighting Irish,2488.0,2330,54.09,6.630434782608695,50.65217391304348,10,93.64951768488746,401640959,2024,13
349,Army Black Knights,5935.0,2999,88.58,10.283582089552239,44.76119402985075,10,50.530749789385005,401640959,2024,13
201,Oklahoma Sooners,3968.0,2532,64.0,8.338709677419354,40.83870967741935,9,63.810483870967744,401628433,2024,13
333,Alabama Crimson Tide,4505.0,2082,79.04,7.964912280701754,36.526315789473685,10,46.21531631520533,401628433,2024,13
2390,Miami Hurricanes,5175.0,3427,73.93,8.042857142857143,48.957142857142856,11,66.22222222222223,401635618,2024,13
154,Wake Forest Demon Deacons,3605.0,1688,63.25,8.719298245614034,29.614035087719298,10,46.82385575589459,401635618,2024,13
57,Florida Gators,4844.0,2205,78.13,5.790322580645161,35.564516129032256,13,45.52023121387283,401628429,2024,13
145,Ole Miss Rebels,5634.0,3493,73.17,7.571428571428571,45.36363636363637,12,61.99858004969826,401628429,2024,13
113,Massachusetts Minutemen,4235.0,2620,74.3,8.508771929824562,45.96491228070175,11,61.86540731995277,401628430,2024,13
61,Georgia Bulldogs,5051.0,4360,71.14,8.394366197183098,61.40845070422535,10,86.31954068501287,401628430,2024,13
2633,Tennessee Volunteers,4250.0,2746,62.5,6.411764705882353,40.38235294117647,14,64.61176470588235,401628435,2024,13
2638,UTEP Miners,5513.0,1555,75.52,6.739726027397261,21.301369863013697,15,28.20605840740069,401628435,2024,13
68,Boise State Broncos,3878.0,1844,70.51,6.072727272727272,33.527272727272724,11,47.550283651366684,401643764,2024,13
2751,Wyoming Cowboys,4684.0,2053,75.55,6.967741935483871,33.11290322580645,11,43.83005977796755,401643764,2024,13
2567,SMU Mustangs,4683.0,3313,68.87,8.073529411764707,48.720588235294116,12,70.7452487721546,401635619,2024,13
258,Virginia Cavaliers,4209.0,1265,63.77,6.878787878787879,19.166666666666668,12,30.05464480874317,401635619,2024,13
252,BYU Cougars,4840.0,3420,80.67,8.1,57.0,9,70.66115702479338,401636930,2024,13
9,Arizona State Sun Devils,4518.0,3701,68.45,9.227272727272727,56.07575757575758,9,81.91677733510403,401636930,2024,13
245,Texas A&M Aggies,425.0,3732,5.0,8.68235294117647,43.90588235294118,14,878.1176470588235,401628428,2024,13
2,Auburn Tigers,6729.0,3035,93.46,7.194444444444445,42.15277777777778,15,45.103284291871006,401628428,2024,13
2305,Kansas Jayhawks,5396.0,5068,71.95,10.8,67.57333333333334,8,93.92142327650112,401636932,2024,13
38,Colorado Buffaloes,3022.0,1939,73.71,7.390243902439025,47.292682926829265,7,64.16280608868298,401636932,2024,13
228,Clemson Tigers,4124.0,3574,71.1,7.689655172413793,61.62068965517241,10,86.66343355965083,401635614,2024,13
2643,The Citadel Bulldogs,4587.0,2694,70.57,8.046153846153846,41.44615384615385,11,58.73119686069327,401635614,2024,13
2579,South Carolina Gamecocks,6188.0,5651,79.33,9.897435897435898,72.44871794871794,10,91.32191338073692,401628434,2024,13
2747,Wofford Terriers,3507.0,1619,64.94,6.62962962962963,29.98148148148148,10,46.164813230681496,401628434,2024,13
66,Iowa State Cyclones,5342.0,3959,70.29,8.947368421052632,52.0921052631579,10,74.11081991763385,401636936,2024,13
254,Utah Utes,3225.0,1737,75.0,6.5813953488372094,40.395348837209305,10,53.86046511627907,401636936,2024,13
344,Mississippi State Bulldogs,3568.0,2282,72.82,7.591836734693878,46.57142857142857,10,63.95739910313901,401628432,2024,13
142,Missouri Tigers,5468.0,4402,75.94,10.347222222222221,61.138888888888886,10,80.50475493782004,401628432,2024,13
356,Illinois Fighting Illini,4530.0,3579,73.06,7.82258064516129,57.725806451612904,10,79.00662251655629,401628554,2024,13
164,Rutgers Scarlet Knights,5827.0,4643,72.84,11.1,58.0375,9,79.68079629311825,401628554,2024,13
2294,Iowa Hawkeyes,4622.0,3304,65.1,9.28169014084507,46.53521126760563,11,71.48420597144093,401628556,2024,13
120,Maryland Terrapins,4377.0,1696,76.79,6.12280701754386,29.75438596491228,12,38.74800091386795,401628556,2024,13
183,Syracuse Orange,5610.0,4294,72.86,9.2987012987013,55.76623376623377,11,76.54188948306596,401635518,2024,13
41,UConn Huskies,4900.0,2904,76.56,8.28125,45.375,11,59.265306122448976,401635518,2024,13
153,North Carolina Tar Heels,3808.0,1754,70.52,6.185185185185185,32.48148148148148,12,46.0609243697479,401635612,2024,13
103,Boston College Eagles,6055.0,4030,69.6,9.770114942528735,46.32183908045977,11,66.55656482246077,401635612,2024,13
2534,Sam Houston Bearkats,4554.0,2694,69.0,9.545454545454545,40.81818181818182,10,59.156785243741766,401641005,2024,13
55,Jacksonville State Gamecocks,5252.0,3725,77.24,10.558823529411764,54.779411764705884,8,70.92536176694593,401641005,2024,13
2335,Liberty Flames,5573.0,4735,75.31,9.283783783783784,63.986486486486484,10,84.96321550331957,401640996,2024,13
98,Western Kentucky Hilltoppers,4396.0,3097,73.27,8.066666666666666,51.61666666666667,9,70.45040946314832,401640996,2024,13
52,Florida State Seminoles,3583.0,2527,63.98,7.214285714285714,45.125,10,70.52749092938878,401635616,2024,13
2127,Charleston Southern Buccaneers,4371.0,2472,71.66,8.0,40.52459016393443,10,56.55456417295813,401635616,2024,13
189,Bowling Green Falcons,4362.0,2971,64.15,9.382352941176471,43.69117647058823,11,68.11095827602017,401644774,2024,13
2050,Ball State Cardinals,4602.0,1860,74.23,6.193548387096774,30.0,12,40.41720990873533,401644774,2024,13
5,UAB Blazers,4084.0,2621,77.06,7.547169811320755,49.45283018867924,12,64.17727717923604,401645373,2024,13
242,Rice Owls,4930.0,2760,67.53,8.424657534246576,37.80821917808219,12,55.98377281947262,401645373,2024,13
166,New Mexico State Aggies,3906.0,2813,72.33,8.75925925925926,52.092592592592595,9,72.01740911418331,401641027,2024,13
2393,Middle Tennessee Blue Raiders,5555.0,3692,76.1,8.506849315068493,50.57534246575342,10,66.46264626462646,401641027,2024,13
2026,App State Mountaineers,4142.0,2344,71.41,6.103448275862069,40.41379310344828,12,56.59101883148237,401643836,2024,13
256,James Madison Dukes,5366.0,2566,72.51,7.081081081081081,34.67567567567568,13,47.819604919865824,401643836,2024,13
2628,TCU Horned Frogs,4201.0,3359,67.76,7.306451612903226,54.17741935483871,11,79.95715305879553,401636935,2024,13
12,Arizona Wildcats,4915.0,2912,74.47,9.56060606060606,44.121212121212125,9,59.24720244150559,401636935,2024,13
338,Kennesaw State Owls,4446.0,2546,67.36,6.484848484848484,38.57575757575758,13,57.26495726495727,401640987,2024,13
2229,Florida International Panthers,4268.0,1979,71.13,5.35,32.983333333333334,14,46.36832239925023,401640987,2024,13
2433,UL Monroe Warhawks,4464.0,2668,76.97,7.517241379310345,46.0,10,59.76702508960574,401643839,2024,13
2032,Arkansas State Red Wolves,4376.0,3031,70.58,9.193548387096774,48.88709677419355,10,69.26416819012798,401643839,2024,13
6,South Alabama Jaguars,3881.0,2222,77.62,5.4,44.44,11,57.253285235763975,401643841,2024,13
2572,Southern Miss Golden Eagles,5475.0,3106,72.04,9.0,40.86842105263158,12,56.730593607305934,401643841,2024,13
2429,Charlotte 49ers,3846.0,2620,75.41,6.9411764705882355,51.372549019607845,10,68.12272490899636,401645371,2024,13
2226,Florida Atlantic Owls,5285.0,3227,73.4,7.694444444444445,44.81944444444444,12,61.05960264900662,401645371,2024,13
130,Michigan Wolverines,4299.0,3334,61.41,9.285714285714286,47.628571428571426,10,77.55291928355432,401628557,2024,13
77,Northwestern Wildcats,3242.0,739,68.98,5.9361702127659575,15.72340425531915,10,22.794571252313386,401628557,2024,13
158,Nebraska Cornhuskers,5036.0,3987,71.94,7.985714285714286,56.957142857142856,12,79.16997617156473,401628560,2024,13
275,Wisconsin Badgers,3775.0,2439,71.23,6.377358490566038,46.0188679245283,12,64.6092715231788,401628560,2024,13
24,Stanford Cardinal,4330.0,2219,63.68,8.102941176470589,32.63235294117647,10,51.24711316397229,401635613,2024,13
25,California Golden Bears,4811.0,3200,74.02,8.569230769230769,49.23076923076923,10,66.51423820411557,401635613,2024,13
2641,Texas Tech Red Raiders,6876.0,4870,75.56,8.428571428571429,53.51648351648352,13,70.826061663758,401636934,2024,13
197,Oklahoma State Cowboys,4530.0,3071,67.61,5.701492537313433,45.83582089552239,14,67.7924944812362,401636934,2024,13
277,West Virginia Mountaineers,4746.0,3586,65.92,10.208333333333334,49.80555555555556,10,75.5583649388959,401636937,2024,13
2116,UCF Knights,4146.0,2172,76.78,6.203703703703703,40.22222222222222,10,52.38784370477569,401636937,2024,13
328,Utah State Aggies,5512.0,3353,73.49,6.786666666666667,44.70666666666666,13,60.83091436865022,401643766,2024,13
21,San Diego State Aztecs,5649.0,3217,71.51,8.08860759493671,40.721518987341774,13,56.94813241281643,401643766,2024,13
290,Georgia Southern Eagles,5265.0,3292,69.28,9.671052631578947,43.31578947368421,13,62.52611585944919,401643837,2024,13
324,Coastal Carolina Chanticleers,4111.0,1654,74.75,5.672727272727273,30.072727272727274,12,40.23351982486013,401643837,2024,13
151,East Carolina Pirates,5327.0,3782,67.43,8.430379746835444,47.87341772151899,13,70.99680871034353,401645372,2024,13
249,North Texas Mean Green,5940.0,3915,72.44,8.207317073170731,47.74390243902439,13,65.9090909090909,401645372,2024,13
58,South Florida Bulls,5956.0,4037,66.18,6.611111111111111,44.855555555555554,17,67.78038952316992,401645375,2024,13
202,Tulsa Golden Hurricane,5376.0,3090,66.37,6.111111111111111,38.148148148148145,18,57.47767857142857,401645375,2024,13
2348,Louisiana Tech Bulldogs,4718.0,1766,63.76,6.54054054054054,23.864864864864863,14,37.4311148791861,401628427,2024,13
8,Arkansas Razorbacks,5614.0,3506,75.86,7.783783783783784,47.37837837837838,13,62.45101531884574,401628427,2024,13
221,Pittsburgh Panthers,4604.0,2211,74.26,6.548387096774194,35.66129032258065,12,48.023457862728065,401635617,2024,13
97,Louisville Cardinals,5033.0,3730,72.94,8.594202898550725,54.05797101449275,12,74.11086826942181,401635617,2024,13
309,Louisiana Ragin' Cajuns,3414.0,2036,64.42,5.547169811320755,38.41509433962264,12,59.63678968951377,401643840,2024,13
2653,Troy Trojans,5874.0,3146,75.31,7.410256410256411,40.333333333333336,13,53.558052434456926,401643840,2024,13
204,Oregon State Beavers,5704.0,4476,72.2,9.873417721518987,56.65822784810127,10,78.47124824684433,401628572,2024,13
265,Washington State Cougars,3584.0,2873,71.68,8.12,57.46,9,80.16183035714286,401628572,2024,13
248,Houston Cougars,3758.0,1891,73.69,8.333333333333334,37.07843137254902,9,50.31931878658861,401636931,2024,13
239,Baylor Bears,5003.0,3057,71.47,8.82857142857143,43.67142857142857,11,61.10333799720168,401636931,2024,13
2247,Georgia State Panthers,4603.0,2984,70.82,5.476923076923077,45.90769230769231,15,64.82728655224854,401643842,2024,13
326,Texas State Bobcats,5459.0,4033,67.4,8.308641975308642,49.79012345679013,13,73.87799963363253,401643842,2024,13
276,Marshall Thundering Herd,4613.0,2766,70.97,6.3076923076923075,42.55384615384615,13,59.960979839583786,401643838,2024,13
295,Old Dominion Monarchs,5964.0,3926,77.45,7.4935064935064934,50.98701298701299,13,65.82830315224682,401643838,2024,13
238,Vanderbilt Commodores,3570.0,2108,74.38,8.395833333333334,43.916666666666664,8,59.04761904761905,401628431,2024,13
99,LSU Tigers,5267.0,4562,79.8,10.030303030303031,69.12121212121212,8,86.61477121701158,401628431,2024,13
150,Duke Blue Devils,3794.0,1657,70.26,4.37037037037037,30.685185185185187,16,43.67422245651028,401635615,2024,13
259,Virginia Tech Hokies,5405.0,2422,65.12,6.265060240963855,29.180722891566266,17,44.81036077705828,401635615,2024,13
2132,Cincinnati Bearcats,5127.0,2822,74.3,7.028985507246377,40.89855072463768,12,55.04193485469085,401636933,2024,13
2306,Kansas State Wildcats,4079.0,2781,64.75,6.7936507936507935,44.142857142857146,12,68.17847511645012,401636933,2024,13
26,UCLA Bruins,4270.0,2235,77.64,6.509090909090909,40.63636363636363,10,52.34192037470726,401628561,2024,13
30,USC Trojans,3963.0,2737,64.97,9.0,44.868852459016395,9,69.06384052485491,401628561,2024,13
2005,Air Force Falcons,4872.0,3297,71.65,9.852941176470589,48.48529411764706,9,67.67241379310344,401643763,2024,13
2440,Nevada Wolf Pack,4409.0,2923,73.48,7.866666666666666,48.71666666666667,9,66.29621229303697,401643763,2024,13
36,Colorado State Rams,6385.0,3476,79.81,8.5625,43.45,13,54.440093970242756,401643765,2024,13
278,Fresno State Bulldogs,3998.0,2230,66.63,5.833333333333333,37.166666666666664,12,55.77788894447224,401643765,2024,13
2649,Toledo Rockets,6936.0,5157,77.93,9.662921348314606,57.943820224719104,11,74.35121107266436,401644775,2024,14
2006,Akron Zips,4524.0,2058,79.37,7.491228070175438,36.10526315789474,11,45.49071618037135,401644775,2024,14
2084,Buffalo Bulls,5092.0,3814,64.46,7.430379746835443,48.278481012658226,13,74.9018067556952,401644776,2024,14
2309,Kent State Golden Flashes,3996.0,1221,75.4,4.735849056603773,23.037735849056602,13,30.555555555555557,401644776,2024,14
2655,Tulane Green Wave,3506.0,2396,68.75,6.313725490196078,46.98039215686274,10,68.33998859098688,401645376,2024,14
235,Memphis Tigers,5591.0,4183,72.61,9.519480519480519,54.324675324675326,11,74.81666964764801,401645376,2024,14
59,Georgia Tech Yellow Jackets,6900.0,5066,76.67,8.9,56.28888888888889,18,73.42028985507247,401628439,2024,14
61,Georgia Bulldogs,4904.0,3262,66.27,7.27027027027027,44.08108108108108,18,66.51712887438825,401628439,2024,14
204,Oregon State Beavers,4507.0,2059,80.48,6.571428571428571,36.767857142857146,11,45.68449079210117,401643769,2024,14
68,Boise State Broncos,5442.0,4546,68.03,10.275,56.825,10,83.53546490260933,401643769,2024,14
344,Mississippi State Bulldogs,4781.0,2525,75.89,7.222222222222222,40.07936507936508,11,52.81321899184271,401628442,2024,14
145,Ole Miss Rebels,5438.0,3005,72.51,8.213333333333333,40.06666666666667,13,55.25928650239059,401628442,2024,14
38,Colorado Buffaloes,4404.0,2833,62.03,5.943661971830986,39.901408450704224,15,64.32788374205268,401636938,2024,14
197,Oklahoma State Cowboys,5142.0,1670,79.11,6.630769230769231,25.692307692307693,16,32.47763516141579,401636938,2024,14
275,Wisconsin Badgers,3879.0,1315,71.83,6.296296296296297,24.35185185185185,11,33.90048981696314,401628568,2024,14
135,Minnesota Golden Gophers,4669.0,2845,72.95,6.859375,44.453125,12,60.93381880488327,401628568,2024,14
193,Miami (OH) RedHawks,196.0,1988,3.77,6.423076923076923,38.23076923076923,12,1014.2857142857143,401644691,2024,14
189,Bowling Green Falcons,5313.0,2116,80.5,6.590909090909091,32.06060606060606,13,39.82683982683983,401644691,2024,14
2050,Ball State Cardinals,5153.0,2896,71.57,7.444444444444445,40.22222222222222,13,56.20027168639628,401644777,2024,14
195,Ohio Bobcats,3608.0,2414,65.6,5.345454545454546,43.89090909090909,12,66.90687361419069,401644777,2024,14
2426,Navy Midshipmen,4893.0,3166,71.96,7.529411764705882,46.55882352941177,13,64.70468015532393,401645379,2024,14
151,East Carolina Pirates,4715.0,2802,68.33,8.159420289855072,40.608695652173914,13,59.42735949098621,401645379,2024,14
2534,Sam Houston Bearkats,5377.0,3152,69.83,8.948051948051948,40.935064935064936,13,58.6200483541008,401640997,2024,14
2335,Liberty Flames,4499.0,1904,66.16,6.617647058823529,28.0,14,42.32051567014892,401640997,2024,14
36,Colorado State Rams,4835.0,3276,69.07,8.157142857142857,46.8,13,67.7559462254395,401643770,2024,14
328,Utah State Aggies,5666.0,3858,75.55,8.453333333333333,51.44,13,68.09036357218497,401643770,2024,14
326,Texas State Bobcats,5523.0,4485,68.19,8.234567901234568,55.370370370370374,13,81.20586637696904,401643843,2024,14
6,South Alabama Jaguars,3989.0,2615,73.87,7.703703703703703,48.425925925925924,12,65.55527701178241,401643843,2024,14
24,Stanford Cardinal,4869.0,3472,68.58,9.47887323943662,48.901408450704224,10,71.30827685356336,401635625,2024,14
23,San José State Spartans,4890.0,3439,70.87,7.6231884057971016,49.84057971014493,11,70.32719836400818,401635625,2024,14
158,Nebraska Cornhuskers,5969.0,3050,78.54,8.43421052631579,40.13157894736842,11,51.09733623722567,401628562,2024,14
2294,Iowa Hawkeyes,2672.0,609,65.17,3.6097560975609757,14.853658536585366,13,22.79191616766467,401628562,2024,14
2116,UCF Knights,6513.0,3404,77.54,8.416666666666666,40.523809523809526,13,52.264701366497775,401636939,2024,14
254,Utah Utes,3403.0,1221,66.73,6.0,23.941176470588236,11,35.8801057890097,401636939,2024,14
264,Washington Huskies,4024.0,2327,70.6,7.614035087719298,40.824561403508774,10,57.82803180914513,401628569,2024,14
2483,Oregon Ducks,4126.0,3285,69.93,7.423728813559322,55.67796610169491,10,79.61706253029568,401628569,2024,14
130,Michigan Wolverines,4159.0,2722,72.96,9.403508771929825,47.75438596491228,10,65.44842510218803,401628566,2024,14
194,Ohio State Buckeyes,4353.0,2448,73.78,7.576271186440678,41.49152542372882,10,56.23707787732598,401628566,2024,14
245,Texas A&M Aggies,5214.0,1870,91.47,7.807017543859649,32.80701754385965,9,35.86497890295359,401628445,2024,14
251,Texas Longhorns,1303.0,4463,17.14,8.776315789473685,58.723684210526315,11,342.5172678434382,401628445,2024,14
120,Maryland Terrapins,4420.0,1044,77.54,4.9298245614035086,18.31578947368421,13,23.619909502262445,401628565,2024,14
213,Penn State Nittany Lions,4867.0,3106,61.61,7.962025316455696,39.31645569620253,14,63.81754674337374,401628565,2024,14
30,USC Trojans,5540.0,3714,71.95,6.48051948051948,48.23376623376623,13,67.03971119133574,401628571,2024,14
87,Notre Dame Fighting Irish,4352.0,3293,73.76,8.338983050847459,55.813559322033896,11,75.66636029411765,401628571,2024,14
2390,Miami Hurricanes,5342.0,4458,76.31,8.071428571428571,63.68571428571428,10,83.45189067764882,401635623,2024,14
183,Syracuse Orange,5327.0,4021,72.97,8.808219178082192,55.082191780821915,10,75.48338652149427,401635623,2024,14
2633,Tennessee Volunteers,5382.0,4132,73.73,9.397260273972602,56.602739726027394,11,76.77443329617243,401628446,2024,14
238,Vanderbilt Commodores,3082.0,1435,64.21,6.166666666666667,29.895833333333332,9,46.560674886437376,401628446,2024,14
2567,SMU Mustangs,4351.0,2611,69.06,6.396825396825397,41.44444444444444,12,60.009193288899105,401635621,2024,14
25,California Golden Bears,4246.0,1696,70.77,6.983333333333333,28.266666666666666,12,39.94347621290626,401635621,2024,14
2509,Purdue Boilermakers,3275.0,240,74.43,3.8181818181818183,5.454545454545454,14,7.32824427480916,401628564,2024,14
84,Indiana Hoosiers,4603.0,3688,63.05,6.5479452054794525,50.52054794520548,14,80.12165978709537,401628564,2024,14
2579,South Carolina Gamecocks,4550.0,2504,74.59,6.311475409836065,41.049180327868854,11,55.032967032967036,401628444,2024,14
228,Clemson Tigers,5441.0,3087,78.86,7.057971014492754,44.73913043478261,12,56.73589413710715,401628444,2024,14
2,Auburn Tigers,4848.0,3018,74.58,6.923076923076923,46.43076923076923,12,62.25247524752475,401628437,2024,14
333,Alabama Crimson Tide,5884.0,3895,76.42,8.818181818181818,50.58441558441559,11,66.19646498980285,401628437,2024,14
12,Arizona Wildcats,4344.0,1783,74.9,6.4655172413793105,30.74137931034483,11,41.0451197053407,401636940,2024,14
9,Arizona State Sun Devils,4416.0,3972,72.39,7.229508196721311,65.11475409836065,10,89.94565217391305,401636940,2024,14
2306,Kansas State Wildcats,1655.0,2167,27.58,5.916666666666667,36.11666666666667,14,130.93655589123867,401636944,2024,14
66,Iowa State Cyclones,5824.0,2777,76.63,7.815789473684211,36.53947368421053,13,47.682005494505496,401636944,2024,14
252,BYU Cougars,3748.0,2637,64.62,6.775862068965517,45.46551724137931,10,70.35752401280683,401636942,2024,14
248,Houston Cougars,4288.0,2305,70.3,7.622950819672131,37.78688524590164,11,53.75466417910448,401636942,2024,14
8,Arkansas Razorbacks,5020.0,3389,73.82,9.338235294117647,49.838235294117645,10,67.50996015936255,401628443,2024,14
142,Missouri Tigers,4199.0,2667,63.62,8.666666666666666,40.40909090909091,10,63.51512264824958,401628443,2024,14
2440,Nevada Wolf Pack,5135.0,2860,80.23,7.640625,44.6875,10,55.69620253164557,401643772,2024,14
2439,UNLV Rebels,4891.0,3938,78.89,8.0,63.516129032258064,9,80.51523205888367,401643772,2024,14
356,Illinois Fighting Illini,3230.0,1660,64.6,4.66,33.2,13,51.39318885448916,401628563,2024,14
77,Northwestern Wildcats,6711.0,4708,74.57,9.6,52.31111111111111,13,70.1534793622411,401628563,2024,14
97,Louisville Cardinals,4482.0,2912,66.9,6.970149253731344,43.46268656716418,14,64.97099509147702,401628440,2024,14
96,Kentucky Wildcats,4013.0,1499,72.96,4.527272727272727,27.254545454545454,15,37.353600797408426,401628440,2024,14
113,Massachusetts Minutemen,5165.0,3413,71.74,7.083333333333333,47.40277777777778,14,66.07938044530493,401629038,2024,14
41,UConn Huskies,4388.0,3086,68.56,7.265625,48.21875,12,70.3281677301732,401629038,2024,14
150,Duke Blue Devils,4217.0,1890,70.28,5.45,31.5,13,44.818591415698364,401635622,2024,14
154,Wake Forest Demon Deacons,5359.0,2424,73.41,8.479452054794521,33.205479452054796,11,45.232319462586304,401635622,2024,14
2305,Kansas Jayhawks,4086.0,2962,77.09,7.754716981132075,55.886792452830186,10,72.49143416544298,401636941,2024,14
239,Baylor Bears,5977.0,4562,74.71,8.5375,57.025,11,76.32591601137695,401636941,2024,14
2641,Texas Tech Red Raiders,4903.0,4638,67.16,9.10958904109589,63.534246575342465,10,94.59514582908423,401636945,2024,14
277,West Virginia Mountaineers,5833.0,3472,77.77,8.48,46.29333333333334,11,59.52340133721927,401636945,2024,14
2433,UL Monroe Warhawks,4659.0,2808,70.59,8.56060606060606,42.54545454545455,11,60.27044430135222,401643848,2024,14
309,Louisiana Ragin' Cajuns,4628.0,3566,68.06,8.426470588235293,52.44117647058823,10,77.05272255834053,401643848,2024,14
2636,UTSA Roadrunners,3923.0,2401,72.65,7.277777777777778,44.46296296296296,10,61.203160846291105,401645378,2024,14
349,Army Black Knights,5016.0,3797,66.88,10.413333333333334,50.626666666666665,10,75.69776714513557,401645378,2024,14
218,Temple Owls,5058.0,2102,68.35,5.608108108108108,28.405405405405407,17,41.55792803479636,401645381,2024,14
249,North Texas Mean Green,5849.0,2751,74.04,6.2405063291139244,34.822784810126585,17,47.03368097110617,401645381,2024,14
2229,Florida International Panthers,4484.0,3656,70.06,8.375,57.125,11,81.53434433541481,401640988,2024,14
2393,Middle Tennessee Blue Raiders,4714.0,2658,77.28,7.80327868852459,43.57377049180328,11,56.38523546881629,401640988,2024,14
2247,Georgia State Panthers,4865.0,3453,77.22,8.158730158730158,54.80952380952381,12,70.97636176772868,401643845,2024,14
324,Coastal Carolina Chanticleers,4606.0,3524,64.87,7.704225352112676,49.63380281690141,12,76.50890143291359,401643845,2024,14
2653,Troy Trojans,4735.0,3187,68.62,8.594202898550725,46.18840579710145,12,67.30728616684266,401643849,2024,14
2572,Southern Miss Golden Eagles,4277.0,1710,71.28,6.616666666666666,28.5,14,39.98129530044424,401643849,2024,14
58,South Florida Bulls,5496.0,3082,76.33,6.277777777777778,42.80555555555556,16,56.077147016011644,401645382,2024,14
242,Rice Owls,4988.0,3250,63.95,6.935897435897436,41.666666666666664,15,65.15637530072173,401645382,2024,14
103,Boston College Eagles,4382.0,2644,69.56,6.587301587301587,41.96825396825397,12,60.33774532177088,401635620,2024,14
221,Pittsburgh Panthers,5438.0,2631,79.97,6.544117647058823,38.69117647058823,13,48.38175799926444,401635620,2024,14
295,Old Dominion Monarchs,4640.0,3173,76.07,7.836065573770492,52.01639344262295,12,68.38362068965517,401643847,2024,14
2032,Arkansas State Red Wolves,5467.0,3751,73.88,8.432432432432432,50.689189189189186,12,68.61167002012073,401643847,2024,14
164,Rutgers Scarlet Knights,4303.0,3657,64.22,9.552238805970148,54.582089552238806,9,84.98721821984662,401628567,2024,14
127,Michigan State Spartans,3598.0,1942,74.96,6.875,40.458333333333336,9,53.97443023902168,401628567,2024,14
26,UCLA Bruins,4995.0,3267,70.35,8.943661971830986,46.014084507042256,10,65.4054054054054,401628570,2024,14
278,Fresno State Bulldogs,4516.0,2347,82.11,7.945454545454545,42.67272727272727,10,51.97077059344553,401628570,2024,14
153,North Carolina Tar Heels,4759.0,2842,76.76,7.338709677419355,45.83870967741935,13,59.71842824122715,401635624,2024,14
152,NC State Wolfpack,4641.0,2799,71.4,6.123076923076923,43.06153846153846,13,60.31027795733678,401635624,2024,14
2117,Central Michigan Chippewas,3673.0,1504,64.44,6.842105263157895,26.385964912280702,11,40.94745439695072,401644779,2024,14
2459,Northern Illinois Huskies,4629.0,2984,66.13,8.957142857142857,42.628571428571426,11,64.46316699071073,401644779,2024,14
5,UAB Blazers,5295.0,3495,69.67,7.157894736842105,45.98684210526316,13,66.0056657223796,401645377,2024,14
2429,Charlotte 49ers,4470.0,2571,74.5,5.883333333333334,42.85,13,57.51677852348993,401645377,2024,14
2226,Florida Atlantic Owls,4507.0,3044,67.27,6.2835820895522385,45.43283582089552,16,67.53938318171733,401645380,2024,14
202,Tulsa Golden Hurricane,5463.0,2458,68.29,5.7875,30.725,18,44.993593263774486,401645380,2024,14
55,Jacksonville State Gamecocks,4361.0,1618,73.92,4.610169491525424,27.423728813559322,15,37.101582205916074,401641006,2024,14
98,Western Kentucky Hilltoppers,6397.0,3670,76.15,8.511904761904763,43.69047619047619,14,57.37064248866656,401641006,2024,14
338,Kennesaw State Owls,4368.0,1236,78.0,5.714285714285714,22.071428571428573,13,28.296703296703296,401641014,2024,14
2348,Louisiana Tech Bulldogs,5120.0,2835,73.14,6.857142857142857,40.5,13,55.37109375,401641014,2024,14
166,New Mexico State Aggies,7970.0,4736,75.19,9.59433962264151,44.679245283018865,16,59.4228356336261,401641031,2024,14
2638,UTEP Miners,3973.0,1837,72.24,5.472727272727273,33.4,11,46.237100427888244,401641031,2024,14
2628,TCU Horned Frogs,4217.0,2219,62.94,7.044776119402985,33.11940298507463,11,52.620346217690305,401636943,2024,14
2132,Cincinnati Bearcats,6108.0,3556,82.54,9.108108108108109,48.054054054054056,10,58.21872953503602,401636943,2024,14
2026,App State Mountaineers,5290.0,3776,71.49,9.14864864864865,51.027027027027025,10,71.37996219281663,401643844,2024,14
290,Georgia Southern Eagles,4578.0,3476,76.3,8.4,57.93333333333333,11,75.92835299257318,401643844,2024,14
265,Washington State Cougars,4047.0,1879,74.94,6.0,34.7962962962963,11,46.42945391648134,401643773,2024,14
2751,Wyoming Cowboys,5386.0,3305,74.81,9.402777777777779,45.90277777777778,11,61.36279242480505,401643773,2024,14
52,Florida State Seminoles,5097.0,2421,73.87,7.913043478260869,35.08695652173913,12,47.49852854620365,401628438,2024,14
57,Florida Gators,4020.0,2208,68.14,5.711864406779661,37.42372881355932,13,54.92537313432836,401628438,2024,14
201,Oklahoma Sooners,4628.0,2034,78.44,7.067796610169491,34.47457627118644,11,43.949870354364734,401628441,2024,14
99,LSU Tigers,4276.0,2646,67.87,7.26984126984127,42.0,10,61.88026192703461,401628441,2024,14
259,Virginia Tech Hokies,4093.0,2686,71.81,7.280701754385965,47.12280701754386,12,65.62423650134376,401635640,2024,14
258,Virginia Cavaliers,5011.0,2420,75.92,7.2727272727272725,36.666666666666664,11,48.29375374176811,401635640,2024,14
256,James Madison Dukes,5091.0,3554,79.55,9.34375,55.53125,11,69.80946768807699,401643846,2024,14
276,Marshall Thundering Herd,3655.0,2160,66.45,8.254545454545454,39.27272727272727,10,59.097127222982216,401643846,2024,14
2005,Air Force Falcons,3937.0,3241,75.71,8.442307692307692,62.32692307692308,8,82.32156464312929,401643768,2024,14
21,San Diego State Aztecs,5066.0,3472,75.61,10.985074626865671,51.82089552238806,7,68.53533359652586,401643768,2024,14
62,Hawai'i Rainbow Warriors,6104.0,4974,74.44,9.195121951219512,60.65853658536585,11,81.4875491480996,401643771,2024,14
167,New Mexico Lobos,5956.0,4419,76.36,9.448717948717949,56.65384615384615,11,74.19408999328408,401643771,2024,14
68,Boise State Broncos,4512.0,2250,72.77,7.145161290322581,36.29032258064516,11,49.86702127659574,401673468,2024,15
2439,UNLV Rebels,4880.0,2555,77.46,8.206349206349206,40.55555555555556,11,52.35655737704918,401673468,2024,15
349,Army Black Knights,3677.0,3566,65.66,11.017857142857142,63.67857142857143,7,96.98123470220288,401673462,2024,15
2655,Tulane Green Wave,3802.0,2942,71.74,11.49056603773585,55.509433962264154,6,77.38032614413467,401673462,2024,15
98,Western Kentucky Hilltoppers,4037.0,1805,73.4,6.218181818181818,32.81818181818182,11,44.71141937081992,401673466,2024,15
55,Jacksonville State Gamecocks,4785.0,4392,68.36,8.285714285714286,62.74285714285714,10,91.78683385579937,401673466,2024,15
2483,Oregon Ducks,5713.0,4298,77.2,8.121621621621621,58.08108108108108,12,75.2319271836163,401673464,2024,15
213,Penn State Nittany Lions,5576.0,4350,75.35,8.472972972972974,58.78378378378378,12,78.012912482066,401673464,2024,15
251,Texas Longhorns,5317.0,2965,71.85,8.513513513513514,40.067567567567565,11,55.764528869663344,401673469,2024,15
61,Georgia Bulldogs,4831.0,2897,72.1,8.567164179104477,43.23880597014925,12,59.96688056303043,401673469,2024,15
228,Clemson Tigers,4944.0,2273,66.81,6.337837837837838,30.716216216216218,16,45.974919093851135,401673463,2024,15
2567,SMU Mustangs,6140.0,3695,72.24,8.435294117647059,43.470588235294116,14,60.17915309446254,401673463,2024,15
9,Arizona State Sun Devils,3334.0,2604,60.62,6.6,47.345454545454544,11,78.10437912417517,401673465,2024,15
66,Iowa State Cyclones,5248.0,3461,74.97,9.085714285714285,49.44285714285714,11,65.94893292682927,401673465,2024,15
193,Miami (OH) RedHawks,4700.0,1706,100.0,8.425531914893616,36.297872340425535,8,36.297872340425535,401673467,2024,15
195,Ohio Bobcats,410.0,4660,5.69,11.23611111111111,64.72222222222223,8,1136.5853658536585,401673467,2024,15
276,Marshall Thundering Herd,5163.0,3336,73.76,7.257142857142857,47.65714285714286,11,64.61359674607786,401673470,2024,15
309,Louisiana Ragin' Cajuns,4513.0,2321,75.22,10.066666666666666,38.68333333333333,10,51.42920452027476,401673470,2024,15
2426,Navy Midshipmen,3373.0,2405,66.14,7.529411764705882,47.15686274509804,9,71.30151200711532,401645383,2024,16
349,Army Black Knights,3849.0,1791,72.62,8.754716981132075,33.79245283018868,8,46.531566640685895,401645383,2024,16
2711,Western Michigan Broncos,3733.0,2295,69.13,7.7592592592592595,42.5,10,61.47870345566569,401677077,2024,1
6,South Alabama Jaguars,4632.0,3620,79.86,7.431034482758621,62.41379310344828,10,78.15198618307427,401677077,2024,1
277,West Virginia Mountaineers,5985.0,4513,78.75,9.236842105263158,59.38157894736842,11,75.40517961570593,401677080,2024,1
235,Memphis Tigers,3714.0,2616,67.53,7.054545454545455,47.56363636363636,10,70.4361873990307,401677080,2024,1
25,California Golden Bears,6038.0,2642,73.63,7.7439024390243905,32.21951219512195,14,43.75621066578337,401677081,2024,1
2439,UNLV Rebels,4132.0,1794,71.24,5.5,30.93103448275862,14,43.417231364956436,401677081,2024,1
98,Western Kentucky Hilltoppers,4117.0,1908,69.78,5.6440677966101696,32.33898305084746,12,46.344425552586834,401677079,2024,1
256,James Madison Dukes,4534.0,2885,67.67,7.08955223880597,43.059701492537314,12,63.630348478164976,401677079,2024,1
290,Georgia Southern Eagles,6083.0,3322,79.0,7.714285714285714,43.142857142857146,14,54.611211573236886,401677082,2024,1
2534,Sam Houston Bearkats,3887.0,1960,65.88,5.796610169491525,33.220338983050844,12,50.4244918960638,401677082,2024,1
195,Ohio Bobcats,5787.0,3882,78.2,7.486486486486487,52.45945945945946,13,67.08138932089166,401677083,2024,1
55,Jacksonville State Gamecocks,4725.0,2737,71.59,7.181818181818182,41.46969696969697,13,57.925925925925924,401677083,2024,1
57,Florida Gators,5225.0,3555,66.14,7.493670886075949,45.0,14,68.03827751196172,401677084,2024,1
2655,Tulane Green Wave,3965.0,1174,69.56,5.578947368421052,20.596491228070175,13,29.609079445145017,401677084,2024,1
324,Coastal Carolina Chanticleers,4902.0,1932,71.04,6.27536231884058,28.0,14,39.4124847001224,401677085,2024,1
2636,UTSA Roadrunners,4632.0,2844,72.38,6.28125,44.4375,13,61.398963730569946,401677085,2024,1
2459,Northern Illinois Huskies,5950.0,4379,77.27,12.38961038961039,56.87012987012987,11,73.59663865546219,401677086,2024,1
278,Fresno State Bulldogs,4261.0,2246,76.09,6.964285714285714,40.107142857142854,11,52.710631307204885,401677086,2024,1
58,South Florida Bulls,4765.0,2439,65.27,7.7534246575342465,33.41095890410959,17,51.18572927597062,401677087,2024,1
23,San José State Spartans,6067.0,3946,66.67,8.186813186813186,43.362637362637365,15,65.04038239657162,401677087,2024,1
2649,Toledo Rockets,5829.0,2705,72.86,6.5125,33.8125,18,46.40590152684852,401677180,2024,1
221,Pittsburgh Panthers,6879.0,3339,68.11,7.108910891089109,33.05940594059406,19,48.53903183602268,401677180,2024,1
2306,Kansas State Wildcats,5157.0,3542,73.67,7.3428571428571425,50.6,14,68.68334302889276,401677088,2024,1
164,Rutgers Scarlet Knights,4443.0,2943,67.32,7.136363636363637,44.59090909090909,13,66.23902768399729,401677088,2024,1
189,Bowling Green Falcons,5288.0,3809,72.44,8.287671232876713,52.178082191780824,12,72.03101361573374,401677089,2024,1
2032,Arkansas State Red Wolves,4065.0,2561,67.75,7.183333333333334,42.68333333333333,11,63.00123001230012,401677089,2024,1
265,Washington State Cougars,5201.0,3872,70.28,8.364864864864865,52.32432432432432,11,74.44722168813689,401729867,2024,1
183,Syracuse Orange,4462.0,3725,75.63,6.4576271186440675,63.13559322033898,11,83.48274316450022,401729867,2024,1
2426,Navy Midshipmen,3405.0,1951,65.48,6.903846153846154,37.51923076923077,10,57.29809104258443,401677090,2024,1
201,Oklahoma Sooners,6474.0,4113,77.07,9.464285714285714,48.964285714285715,11,63.53104726598703,401677090,2024,1
59,Georgia Tech Yellow Jackets,5315.0,4001,77.03,9.73913043478261,57.98550724637681,10,75.27751646284102,401677091,2024,1
238,Vanderbilt Commodores,4000.0,2797,70.18,7.56140350877193,49.07017543859649,10,69.925,401677091,2024,1
8,Arkansas Razorbacks,4602.0,2678,70.8,6.3076923076923075,41.2,14,58.19209039548023,401677092,2024,1
2641,Texas Tech Red Raiders,5352.0,3388,75.38,6.704225352112676,47.71830985915493,13,63.303437967115094,401677092,2024,1
245,Texas A&M Aggies,6679.0,3680,92.76,7.902777777777778,51.111111111111114,14,55.09806857313969,401677093,2024,1
30,USC Trojans,4934.0,3428,70.49,7.085714285714285,48.97142857142857,13,69.47709768950142,401677093,2024,1
2390,Miami Hurricanes,5105.0,4052,70.9,9.222222222222221,56.27777777777778,11,79.37316356513222,401677097,2024,1
66,Iowa State Cyclones,4584.0,3691,69.45,8.393939393939394,55.92424242424242,10,80.51919720767889,401677097,2024,1
252,BYU Cougars,3679.0,2411,57.48,7.03125,37.671875,11,65.53411253057897,401677099,2024,1
38,Colorado Buffaloes,3203.0,1277,76.26,4.904761904761905,30.404761904761905,10,39.8688729316266,401677099,2024,1
349,Army Black Knights,5160.0,4330,72.68,12.47887323943662,60.985915492957744,8,83.91472868217055,401677100,2024,1
2348,Louisiana Tech Bulldogs,3120.0,1596,63.67,7.448979591836735,32.57142857142857,8,51.15384615384615,401677100,2024,1
153,North Carolina Tar Heels,3333.0,1250,79.36,5.142857142857143,29.761904761904763,10,37.503750375037505,401677094,2024,1
41,UConn Huskies,4328.0,2959,62.72,8.782608695652174,42.88405797101449,11,68.36876155268023,401677094,2024,1
103,Boston College Eagles,4924.0,3148,73.49,9.835820895522389,46.985074626865675,9,63.931762794476036,401677095,2024,1
158,Nebraska Cornhuskers,4408.0,3201,71.1,9.096774193548388,51.62903225806452,9,72.61796733212341,401677095,2024,1
2628,TCU Horned Frogs,4041.0,2715,60.31,7.492537313432836,40.52238805970149,12,67.18634001484781,401677096,2024,1
309,Louisiana Ragin' Cajuns,4170.0,1253,70.68,5.983050847457627,21.23728813559322,12,30.047961630695443,401677096,2024,1
193,Miami (OH) RedHawks,899.0,2060,15.24,6.8474576271186445,34.91525423728814,12,229.14349276974417,401677188,2024,1
36,Colorado State Rams,7128.0,3413,95.04,7.586666666666667,45.50666666666667,14,47.88159371492705,401677188,2024,1
151,East Carolina Pirates,5208.0,3993,77.73,9.716417910447761,59.59701492537314,10,76.67050691244239,401677098,2024,1
152,NC State Wolfpack,4548.0,3301,74.56,8.262295081967213,54.114754098360656,9,72.58135444151276,401677098,2024,1
2294,Iowa Hawkeyes,4116.0,2458,73.5,7.178571428571429,43.892857142857146,10,59.71817298347911,401677101,2024,1
142,Missouri Tigers,4977.0,2942,80.27,7.67741935483871,47.45161290322581,10,59.11191480811734,401677101,2024,1
130,Michigan Wolverines,3902.0,1252,63.97,6.459016393442623,20.524590163934427,12,32.08610968733983,401677102,2024,1
333,Alabama Crimson Tide,4464.0,1813,72.0,6.193548387096774,29.241935483870968,13,40.61379928315412,401677102,2024,1
356,Illinois Fighting Illini,4515.0,3177,76.53,8.203389830508474,53.847457627118644,9,70.36544850498339,401677103,2024,1
2579,South Carolina Gamecocks,4958.0,3620,67.92,10.10958904109589,49.58904109589041,9,73.01331181928197,401677103,2024,1
97,Louisville Cardinals,4254.0,2358,74.63,6.368421052631579,41.36842105263158,11,55.43018335684062,401677190,2024,1
264,Washington Huskies,5223.0,3444,76.81,7.911764705882353,50.64705882352941,13,65.9391154508903,401677190,2024,1
99,LSU Tigers,4071.0,2834,67.85,7.633333333333334,47.233333333333334,10,69.61434536968804,401677104,2024,1
239,Baylor Bears,5761.0,4011,67.78,7.4,47.188235294117646,13,69.62332928311056,401677104,2024,1
145,Ole Miss Rebels,4893.0,4058,69.9,8.414285714285715,57.97142857142857,12,82.93480482321684,401677105,2024,1
150,Duke Blue Devils,4952.0,2381,72.82,7.294117647058823,35.01470588235294,11,48.08158319870759,401677105,2024,1
326,Texas State Bobcats,5693.0,3925,72.06,8.569620253164556,49.68354430379747,12,68.94431758299666,401677106,2024,1
249,North Texas Mean Green,5075.0,2921,76.89,6.7272727272727275,44.25757575757576,11,57.556650246305416,401677106,2024,1
259,Virginia Tech Hokies,3411.0,1377,71.06,5.541666666666667,28.6875,10,40.36939313984169,401677107,2024,1
135,Minnesota Golden Gophers,4952.0,3480,76.18,9.169230769230769,53.53846153846154,9,70.27463651050081,401677107,2024,1
2084,Buffalo Bulls,4818.0,3374,66.0,10.04109589041096,46.21917808219178,10,70.02905770029058,401677108,2024,1
2335,Liberty Flames,4284.0,2041,76.5,7.696428571428571,36.44642857142857,11,47.64239028944911,401677108,2024,1
87,Notre Dame Fighting Irish,4732.0,3510,71.7,10.893939393939394,53.18181818181818,9,74.17582417582418,401677179,2024,1
84,Indiana Hoosiers,4465.0,2282,73.2,7.360655737704918,37.40983606557377,11,51.108622620380736,401677179,2024,1
251,Texas Longhorns,5324.0,4108,74.99,8.690140845070422,57.859154929577464,12,77.16003005259203,401677176,2024,1
228,Clemson Tigers,4679.0,3108,69.84,7.2388059701492535,46.38805970149254,12,66.42444966873263,401677176,2024,1
2567,SMU Mustangs,4778.0,1926,65.45,6.876712328767123,26.383561643835616,13,40.30975303474257,401677178,2024,1
213,Penn State Nittany Lions,4577.0,2441,70.42,6.7846153846153845,37.55384615384615,12,53.33187677518025,401677178,2024,1
194,Ohio State Buckeyes,4565.0,3311,71.33,6.765625,51.734375,12,72.53012048192771,401677177,2024,1
2633,Tennessee Volunteers,5822.0,2766,83.17,8.6,39.51428571428571,11,47.50944692545517,401677177,2024,1
213,Penn State Nittany Lions,4650.0,2797,71.54,6.969230769230769,43.03076923076923,12,60.1505376344086,401677181,2024,1
68,Boise State Broncos,5657.0,3239,75.43,8.466666666666667,43.18666666666667,12,57.256496376171114,401677181,2024,1
194,Ohio State Buckeyes,4108.0,2358,72.07,6.333333333333333,41.36842105263158,12,57.40019474196689,401677183,2024,1
2483,Oregon Ducks,5055.0,2501,72.21,7.228571428571429,35.72857142857143,13,49.4757665677547,401677183,2024,1
251,Texas Longhorns,4112.0,2788,69.69,8.457627118644067,47.25423728813559,13,67.80155642023347,401677182,2024,1
9,Arizona State Sun Devils,6428.0,4617,68.38,9.617021276595745,49.11702127659574,12,71.82638456751711,401677182,2024,1
61,Georgia Bulldogs,4273.0,2232,74.96,7.298245614035087,39.1578947368421,12,52.23496372571964,401677184,2024,1
87,Notre Dame Fighting Irish,4078.0,1617,75.52,8.222222222222221,29.944444444444443,9,39.65179009318293,401677184,2024,1
213,Penn State Nittany Lions,5074.0,3179,78.06,8.984615384615385,48.90769230769231,11,62.652739456050455,401677189,2024,1
87,Notre Dame Fighting Irish,5357.0,3397,73.38,8.232876712328768,46.534246575342465,11,63.41235766287101,401677189,2024,1
194,Ohio State Buckeyes,4473.0,2408,79.88,7.571428571428571,43.0,11,53.834115805946794,401677191,2024,1
251,Texas Longhorns,4970.0,2474,73.09,7.088235294117647,36.38235294117647,12,49.77867203219316,401677191,2024,1
194,Ohio State Buckeyes,4543.0,3852,73.27,8.919354838709678,62.12903225806452,8,84.78978648470174,401677192,2024,1
87,Notre Dame Fighting Irish,4424.0,3407,76.28,10.879310344827585,58.741379310344826,9,77.0117540687161,401677192,2024,1
