pos_team_id,pos_team,drive_total_available_yards,drive_total_gained_yards,avg_field_position,plays_per_drive,yards_per_drive,drives,drive_total_gained_yards_rate,game_id,season,week
52,Florida State Seminoles,4586.0,2832,72.79,6.0,44.95238095238095,14,61.75316179677279,401411109,2022,3
97,Louisville Cardinals,5595.0,3279,71.73,6.948717948717949,42.03846153846154,14,58.605898123324394,401411109,2022,3
2751,Wyoming Cowboys,4537.0,2591,76.9,8.64406779661017,43.91525423728814,9,57.10822129160238,401415217,2022,3
2005,Air Force Falcons,4093.0,2399,75.8,8.61111111111111,44.425925925925924,9,58.61226484241388,401415217,2022,3
2433,UL Monroe Warhawks,4719.0,1117,74.9,5.380952380952381,17.73015873015873,15,23.67026912481458,401403880,2022,3
333,Alabama Crimson Tide,3429.0,2550,60.16,5.947368421052632,44.73684210526316,12,74.36570428696413,401403880,2022,3
194,Ohio State Buckeyes,5449.0,4933,69.86,6.948717948717949,63.243589743589745,13,90.53037254542117,401405088,2022,3
2649,Toledo Rockets,4269.0,1904,76.23,5.607142857142857,34.0,13,44.60060904193019,401405088,2022,3
41,UConn Huskies,4100.0,610,77.36,4.962264150943396,11.50943396226415,13,14.878048780487806,401404149,2022,3
130,Michigan Wolverines,4012.0,3069,59.0,6.9411764705882355,45.13235294117647,13,76.49551345962114,401404149,2022,3
2348,Louisiana Tech Bulldogs,4662.0,2129,72.84,5.484375,33.265625,15,45.667095667095666,401426556,2022,3
228,Clemson Tigers,5501.0,3618,74.34,7.486486486486487,48.891891891891895,14,65.76986002544992,401426556,2022,3
201,Oklahoma Sooners,5559.0,3837,65.4,6.647058823529412,45.141176470588235,14,69.02320561252024,401404070,2022,3
158,Nebraska Cornhuskers,5609.0,2820,75.8,7.324324324324325,38.108108108108105,14,50.276341593867,401404070,2022,3
30,USC Trojans,6302.0,5637,75.02,10.345238095238095,67.10714285714286,10,89.44779435099969,401403992,2022,3
278,Fresno State Bulldogs,4613.0,3241,74.4,7.580645161290323,52.274193548387096,10,70.25796661608497,401403992,2022,3
197,Oklahoma State Cowboys,5052.0,3467,77.72,6.538461538461538,53.33846153846154,14,68.62628661916072,401404075,2022,3
2029,Arkansas-Pine Bluff Golden Lions,4874.0,1637,67.69,5.847222222222222,22.73611111111111,15,33.5863766926549,401404075,2022,3
96,Kentucky Wildcats,5040.0,3450,70.0,7.166666666666667,47.916666666666664,12,68.45238095238095,401403884,2022,3
2754,Youngstown State Penguins,3289.0,875,74.75,4.454545454545454,19.886363636363637,11,26.603830951657038,401403884,2022,3
2623,Missouri State Bears,5626.0,2869,73.06,6.818181818181818,37.25974025974026,14,50.995378599360116,401403881,2022,3
8,Arkansas Razorbacks,5251.0,3928,79.56,7.878787878787879,59.515151515151516,12,74.8047990858884,401403881,2022,3
127,Michigan State Spartans,5682.0,2958,81.17,8.742857142857142,42.25714285714286,11,52.05913410770855,401403994,2022,3
264,Washington Huskies,4713.0,3874,62.01,8.197368421052632,50.973684210526315,12,82.19817525991937,401403994,2022,3
2483,Oregon Ducks,4581.0,3817,69.41,8.681818181818182,57.833333333333336,10,83.32241868587644,401403989,2022,3
252,BYU Cougars,4528.0,2968,69.66,7.923076923076923,45.66153846153846,11,65.54770318021201,401403989,2022,3
245,Texas A&M Aggies,4022.0,1621,77.35,6.269230769230769,31.173076923076923,10,40.30333167578319,401403890,2022,3
2390,Miami Hurricanes,6341.0,4249,82.35,10.571428571428571,55.18181818181818,9,67.00835830310676,401403890,2022,3
21,San Diego State Aztecs,3672.0,1056,66.76,6.0181818181818185,19.2,12,28.758169934640524,401403993,2022,3
254,Utah Utes,4747.0,2644,69.81,6.4411764705882355,38.88235294117647,12,55.69833579102591,401403993,2022,3
2633,Tennessee Volunteers,5048.0,4283,72.11,7.7,61.18571428571428,12,84.84548335974644,401403889,2022,3
2006,Akron Zips,5168.0,2314,74.9,6.681159420289855,33.53623188405797,13,44.77554179566563,401403889,2022,3
152,NC State Wolfpack,3754.0,1744,62.57,7.25,29.066666666666666,13,46.457112413425676,401404072,2022,3
2641,Texas Tech Red Raiders,5487.0,2577,78.39,7.0285714285714285,36.81428571428572,13,46.96555494805905,401404072,2022,3
326,Texas State Bobcats,4935.0,2306,70.5,7.271428571428571,32.94285714285714,13,46.7274569402229,401404071,2022,3
239,Baylor Bears,4543.0,3372,70.98,7.71875,52.6875,12,74.22408100374201,401404071,2022,3
58,South Florida Bulls,5101.0,3427,68.01,9.44,45.693333333333335,10,67.18290531268379,401403883,2022,3
57,Florida Gators,3392.0,2234,72.17,6.829787234042553,47.53191489361702,10,65.86084905660377,401403883,2022,3
145,Ole Miss Rebels,5553.0,3988,69.41,8.175,49.85,12,71.81703583648478,401403886,2022,3
59,Georgia Tech Yellow Jackets,5128.0,1665,75.41,7.147058823529412,24.485294117647058,12,32.468798751950075,401403886,2022,3
2,Auburn Tigers,5535.0,3299,72.83,8.039473684210526,43.4078947368421,12,59.60252935862692,401403882,2022,3
213,Penn State Nittany Lions,4018.0,2935,65.87,6.934426229508197,48.114754098360656,11,73.04629168740667,401403882,2022,3
221,Pittsburgh Panthers,4774.0,3628,74.59,8.625,56.6875,10,75.99497276916632,401411115,2022,3
2711,Western Michigan Broncos,3249.0,1222,67.69,6.583333333333333,25.458333333333332,11,37.61157279162819,401411115,2022,3
259,Virginia Tech Hokies,6098.0,4377,75.28,9.666666666666666,54.03703703703704,10,71.77763201049524,401411114,2022,3
2747,Wofford Terriers,3627.0,1284,80.6,5.333333333333333,28.533333333333335,10,35.401157981803145,401411114,2022,3
2579,South Carolina Gamecocks,1885.0,2235,27.32,6.927536231884058,32.391304347826086,11,118.56763925729443,401403888,2022,3
61,Georgia Bulldogs,1192.0,4283,18.92,8.396825396825397,67.98412698412699,10,359.31208053691273,401403888,2022,3
349,Army Black Knights,4010.0,3294,72.91,8.10909090909091,59.89090909090909,9,82.14463840399003,401404136,2022,3
222,Villanova Wildcats,4168.0,2072,73.12,7.771929824561403,36.35087719298246,11,49.712092130518236,401404136,2022,3
79,Southern Illinois Salukis,5224.0,2664,65.3,6.925,33.3,13,50.995405819295556,401405083,2022,3
77,Northwestern Wildcats,7097.0,5002,76.31,10.129032258064516,53.784946236559136,12,70.48048471185008,401405083,2022,3
2309,Kent State Golden Flashes,4572.0,4136,70.34,7.4,63.63076923076923,10,90.46369203849518,401416603,2022,3
2341,Long Island University Sharks,0.0,2529,0.0,7.953125,39.515625,11,,401416603,2022,3
98,Western Kentucky Hilltoppers,5599.0,3654,71.78,7.243589743589744,46.84615384615385,14,65.26165386676192,401426563,2022,3
84,Indiana Hoosiers,6153.0,4005,72.39,7.8352941176470585,47.11764705882353,13,65.09019990248659,401426563,2022,3
119,Towson Tigers,4170.0,1557,73.16,8.12280701754386,27.31578947368421,10,37.33812949640288,401404073,2022,3
277,West Virginia Mountaineers,5511.0,5475,64.84,10.070588235294117,64.41176470588235,10,99.34676102340774,401404073,2022,3
2084,Buffalo Bulls,6265.0,3444,68.1,10.108695652173912,37.43478260869565,14,54.97206703910614,401416601,2022,3
324,Coastal Carolina Chanticleers,3233.0,1948,64.66,4.92,38.96,14,60.253634395298484,401416601,2022,3
2083,Bucknell Bison,4500.0,1355,70.31,6.203125,21.171875,14,30.11111111111111,401416602,2022,3
2117,Central Michigan Chippewas,5531.0,4142,71.83,8.7012987012987,53.79220779220779,12,74.8870005423974,401416602,2022,3
26,UCLA Bruins,5023.0,4201,68.81,8.972602739726028,57.54794520547945,10,83.6352777224766,401403991,2022,3
6,South Alabama Jaguars,5199.0,3702,75.35,8.478260869565217,53.65217391304348,10,71.20600115406809,401403991,2022,3
195,Ohio Bobcats,5236.0,1569,75.88,6.101449275362318,22.73913043478261,14,29.965622612681436,401404069,2022,3
66,Iowa State Cyclones,5481.0,3946,60.23,7.648351648351649,43.362637362637365,13,71.99416164933406,401404069,2022,3
218,Temple Owls,5757.0,2800,76.76,8.0,37.333333333333336,11,48.636442591627585,401405089,2022,3
164,Rutgers Scarlet Knights,3392.0,1460,58.48,7.568965517241379,25.17241379310345,10,43.04245283018868,401405089,2022,3
258,Virginia Cavaliers,2272.0,3848,28.05,8.185185185185185,47.50617283950617,13,169.3661971830986,401411113,2022,3
295,Old Dominion Monarchs,5400.0,2595,79.41,7.367647058823529,38.161764705882355,11,48.05555555555556,401411113,2022,3
2050,Ball State Cardinals,5725.0,3722,65.06,7.534090909090909,42.29545454545455,14,65.01310043668123,401416600,2022,3
93,Murray State Racers,3733.0,824,71.79,4.826923076923077,15.846153846153847,14,22.073399410661665,401416600,2022,3
25,California Golden Bears,4953.0,2837,73.93,7.701492537313433,42.343283582089555,12,57.27841712093681,401403987,2022,3
87,Notre Dame Fighting Irish,4553.0,2372,67.96,6.835820895522388,35.40298507462686,12,52.097518119920935,401403987,2022,3
2306,Kansas State Wildcats,5366.0,2358,73.51,6.876712328767123,32.3013698630137,13,43.94334699962728,401404074,2022,3
2655,Tulane Green Wave,4572.0,2009,71.44,5.78125,31.390625,13,43.9413823272091,401404074,2022,3
2439,UNLV Rebels,5687.0,4804,75.83,10.226666666666667,64.05333333333333,11,84.47336029541059,401426558,2022,3
249,North Texas Mean Green,5398.0,3819,78.23,8.27536231884058,55.34782608695652,11,70.74842534271953,401426558,2022,3
238,Vanderbilt Commodores,4444.0,3263,66.33,8.388059701492537,48.701492537313435,11,73.42484248424843,401403891,2022,3
2459,Northern Illinois Huskies,4191.0,2680,73.53,7.526315789473684,47.01754385964912,10,63.94655213552851,401403891,2022,3
135,Minnesota Golden Gophers,5126.0,4316,67.45,8.013157894736842,56.78947368421053,10,84.19820522824814,401403988,2022,3
38,Colorado Buffaloes,4318.0,2189,70.79,8.049180327868852,35.885245901639344,11,50.69476609541454,401403988,2022,3
275,Wisconsin Badgers,4025.0,3106,64.92,5.5,50.096774193548384,15,77.16770186335404,401405085,2022,3
166,New Mexico State Aggies,5534.0,2176,80.2,6.36231884057971,31.536231884057973,15,39.32056378749548,401405085,2022,3
2619,Stony Brook Seawolves,1730.0,2189,24.71,7.671428571428572,31.271428571428572,11,126.53179190751445,401414780,2022,3
113,Massachusetts Minutemen,1770.0,2119,28.55,7.161290322580645,34.17741935483871,11,119.71751412429379,401414780,2022,3
2653,Troy Trojans,6460.0,5298,72.58,9.797752808988765,59.52808988764045,9,82.0123839009288,401426333,2022,3
2026,Appalachian State Mountaineers,7148.0,5674,76.04,10.680851063829786,60.361702127659576,9,79.3788472299944,401426333,2022,3
5,UAB Blazers,3987.0,2707,67.58,7.728813559322034,45.88135593220339,13,67.89566089791823,401426560,2022,3
290,Georgia Southern Eagles,6971.0,4140,75.77,8.793478260869565,45.0,12,59.388896858413425,401426560,2022,3
2305,Kansas Jayhawks,4736.0,3848,70.69,7.388059701492537,57.43283582089552,11,81.25,401404068,2022,3
248,Houston Cougars,5254.0,3466,75.06,8.042857142857143,49.51428571428571,11,65.96878568709555,401404068,2022,3
68,Boise State Broncos,4714.0,2800,66.39,8.788732394366198,39.436619718309856,12,59.397539244802715,401415218,2022,3
2630,UT Martin Skyhawks,3581.0,686,77.85,5.3478260869565215,14.91304347826087,11,19.15666015079587,401415218,2022,3
265,Washington State Cougars,1699.0,3326,27.4,7.32258064516129,53.645161290322584,11,195.7622130665097,401403995,2022,3
36,Colorado State Rams,1813.0,2126,27.47,6.833333333333333,32.21212121212121,12,117.2642029784887,401403995,2022,3
154,Wake Forest Demon Deacons,2384.0,3085,28.72,7.831325301204819,37.16867469879518,15,129.40436241610738,401404159,2022,3
2335,Liberty Flames,2434.0,3021,29.33,6.650602409638554,36.397590361445786,15,124.11668036154478,401404159,2022,3
344,Mississippi State Bulldogs,2069.0,1838,31.35,5.803030303030303,27.848484848484848,13,88.83518608023199,401403885,2022,3
99,LSU Tigers,5636.0,3278,74.16,7.131578947368421,43.13157894736842,14,58.16181689141235,401403885,2022,3
151,East Carolina Pirates,4383.0,3594,66.41,6.090909090909091,54.45454545454545,12,81.99863107460644,401415621,2022,3
2097,Campbell Fighting Camels,5607.0,2893,77.88,7.847222222222222,40.18055555555556,11,51.59621901194935,401415621,2022,3
55,Jacksonville State Gamecocks,5200.0,2506,77.61,7.582089552238806,37.40298507462686,12,48.19230769230769,401413216,2022,3
202,Tulsa Golden Hurricane,5176.0,3779,68.11,7.157894736842105,49.723684210526315,14,73.01004636785163,401413216,2022,3
2572,Southern Miss Golden Eagles,4165.0,2823,58.66,6.408450704225352,39.76056338028169,16,67.77911164465786,401415032,2022,3
2466,Northwestern State Demons,5162.0,1247,77.04,5.074626865671642,18.611940298507463,16,24.15730337078652,401415032,2022,3
2032,Arkansas State Red Wolves,4867.0,2716,71.57,6.529411764705882,39.94117647058823,12,55.80439695911239,401415622,2022,3
235,Memphis Tigers,5535.0,3848,74.8,7.9324324324324325,52.0,11,69.52122854561878,401415622,2022,3
2247,Georgia State Panthers,6576.0,4681,73.89,7.887640449438202,52.59550561797753,14,71.1830900243309,401426554,2022,3
2429,Charlotte 49ers,5221.0,3811,70.55,6.702702702702703,51.5,12,72.99367937176785,401426554,2022,3
2393,Middle Tennessee Blue Raiders,4227.0,2972,63.09,7.865671641791045,44.35820895522388,11,70.30991246747102,401426557,2022,3
2634,Tennessee State Tigers,4133.0,1432,73.8,5.928571428571429,25.571428571428573,11,34.647955480280665,401426557,2022,3
2294,Iowa Hawkeyes,1552.0,1861,25.87,6.633333333333334,31.016666666666666,12,119.90979381443299,401405082,2022,3
2440,Nevada Wolf Pack,1514.0,1059,21.94,5.913043478260869,15.347826086956522,13,69.94715984147952,401405082,2022,3
2567,SMU Mustangs,6372.0,4381,69.26,8.5,47.619565217391305,14,68.75392341494036,401405087,2022,3
120,Maryland Terrapins,4111.0,2494,68.52,7.183333333333334,41.56666666666667,12,60.666504500121626,401405087,2022,3
103,Boston College Eagles,4792.0,2769,65.64,6.095890410958904,37.93150684931507,13,57.78380634390651,401411110,2022,3
311,Maine Black Bears,5362.0,2577,73.45,6.52054794520548,35.3013698630137,14,48.06042521447221,401411110,2022,3
2226,Florida Atlantic Owls,4604.0,2344,76.73,6.333333333333333,39.06666666666667,12,50.912250217202434,401426555,2022,3
2116,UCF Knights,7407.0,6213,76.36,9.010309278350515,64.05154639175258,12,83.88011340623734,401426555,2022,3
242,Rice Owls,5572.0,4674,65.55,8.964705882352941,54.98823529411764,12,83.88370423546303,401426559,2022,3
309,Louisiana Ragin' Cajuns,3043.0,962,63.4,5.125,20.041666666666668,11,31.613539270456787,401426559,2022,3
204,Oregon State Beavers,4260.0,4064,63.58,8.253731343283581,60.656716417910445,10,95.39906103286386,401403990,2022,3
147,Montana State Bobcats,3588.0,2156,71.76,7.12,43.12,10,60.0891861761427,401403990,2022,3
2638,UTEP Miners,4874.0,2182,73.85,6.075757575757576,33.06060606060606,15,44.76815757078375,401426561,2022,3
167,New Mexico Lobos,3710.0,1799,58.89,5.317460317460317,28.555555555555557,15,48.490566037735846,401426561,2022,3
12,Arizona Wildcats,4790.0,3490,73.69,7.815384615384615,53.69230769230769,10,72.86012526096033,401403985,2022,3
2449,North Dakota State Bison,4070.0,3018,70.17,6.896551724137931,52.03448275862069,9,74.15233415233415,401403985,2022,3
2184,Duquesne Dukes,5634.0,3929,69.56,9.975308641975309,48.50617283950617,11,69.73730919417821,401415219,2022,3
62,Hawai'i Rainbow Warriors,2862.0,1310,62.22,7.630434782608695,28.47826086956522,9,45.77218728162124,401415219,2022,3
189,Bowling Green Falcons,4369.0,2219,71.62,5.278688524590164,36.377049180327866,14,50.78965438315404,401416642,2022,12
2649,Toledo Rockets,5724.0,3933,68.14,7.357142857142857,46.82142857142857,16,68.71069182389937,401416642,2022,12
2050,Ball State Cardinals,5254.0,2790,78.42,6.82089552238806,41.64179104477612,13,53.102398172820706,401416643,2022,12
195,Ohio Bobcats,4797.0,3207,69.52,7.913043478260869,46.47826086956522,12,66.85428392745466,401416643,2022,12
2199,Eastern Michigan Eagles,5565.0,3735,67.05,7.566265060240964,45.0,14,67.11590296495957,401416644,2022,12
2309,Kent State Golden Flashes,4778.0,2707,75.84,7.365079365079365,42.96825396825397,12,56.65550439514441,401416644,2022,12
193,Miami (OH) RedHawks,4385.0,2123,64.49,5.897058823529412,31.220588235294116,14,48.41505131128849,401416646,2022,12
2459,Northern Illinois Huskies,3898.0,1718,74.96,5.230769230769231,33.03846153846154,14,44.07388404309903,401416646,2022,12
2711,Western Michigan Broncos,2880.0,1856,73.85,8.615384615384615,47.58974358974359,8,64.44444444444444,401416645,2022,12
2117,Central Michigan Chippewas,2614.0,758,81.69,6.875,23.6875,8,28.99770466717674,401416645,2022,12
2567,SMU Mustangs,7185.0,4421,74.84,9.416666666666666,46.052083333333336,14,61.53096729297147,401415658,2022,12
2655,Tulane Green Wave,3585.0,2521,65.18,6.054545454545455,45.836363636363636,14,70.3207810320781,401415658,2022,12
202,Tulsa Golden Hurricane,4837.0,3865,67.18,6.861111111111111,53.68055555555556,13,79.90489973123837,401415659,2022,12
58,South Florida Bulls,4655.0,3250,70.53,6.681818181818182,49.24242424242424,12,69.81740064446831,401415659,2022,12
167,New Mexico Lobos,3456.0,1259,75.13,5.304347826086956,27.369565217391305,11,36.429398148148145,401415264,2022,12
21,San Diego State Aztecs,4577.0,3351,72.65,7.555555555555555,53.19047619047619,11,73.21389556478043,401415264,2022,12
96,Kentucky Wildcats,4809.0,3016,85.88,9.035714285714286,53.857142857142854,8,62.7157413183614,401403949,2022,12
61,Georgia Bulldogs,4426.0,3207,68.09,9.076923076923077,49.33846153846154,9,72.45820153637597,401403949,2022,12
194,Ohio State Buckeyes,5722.0,3891,77.32,8.756756756756756,52.58108108108108,11,68.00069905627403,401405144,2022,12
120,Maryland Terrapins,4859.0,3128,71.46,7.455882352941177,46.0,13,64.3753858818687,401405144,2022,12
130,Michigan Wolverines,5096.0,3011,68.86,8.027027027027026,40.689189189189186,11,59.08555729984302,401405145,2022,12
356,Illinois Fighting Illini,4733.0,2306,73.95,7.265625,36.03125,12,48.72174096767378,401405145,2022,12
239,Baylor Bears,5974.0,4322,78.61,8.697368421052632,56.86842105263158,11,72.34683629059256,401404114,2022,12
2628,TCU Horned Frogs,4659.0,2953,75.15,6.838709677419355,47.62903225806452,11,63.38270015024683,401404114,2022,12
2579,South Carolina Gamecocks,5222.0,4884,69.63,7.946666666666666,65.12,12,93.52738414400613,401403953,2022,12
2633,Tennessee Volunteers,5834.0,4354,74.79,9.08974358974359,55.82051282051282,11,74.6314706890641,401403953,2022,12
5,UAB Blazers,4134.0,1914,72.53,7.7368421052631575,33.578947368421055,11,46.29898403483309,401426612,2022,12
99,LSU Tigers,5103.0,4249,72.9,7.9,60.7,11,83.2647462277092,401426612,2022,12
30,USC Trojans,5699.0,4495,72.14,7.594936708860759,56.89873417721519,14,78.87348657659238,401404044,2022,12
26,UCLA Bruins,5795.0,3824,77.27,8.04,50.986666666666665,13,65.9879206212252,401404044,2022,12
333,Alabama Crimson Tide,5598.0,4313,74.64,8.586666666666666,57.50666666666667,11,77.04537334762415,401403946,2022,12
2046,Austin Peay Governors,3790.0,1353,65.34,6.413793103448276,23.32758620689655,11,35.699208443271765,401403946,2022,12
2390,Miami Hurricanes,2840.0,460,67.62,3.9761904761904763,10.952380952380953,13,16.197183098591548,401411165,2022,12
228,Clemson Tigers,5763.0,4039,68.61,8.547619047619047,48.083333333333336,13,70.08502516050667,401411165,2022,12
254,Utah Utes,5653.0,3614,77.44,10.164383561643836,49.50684931506849,10,63.93065628869627,401404043,2022,12
2483,Oregon Ducks,4456.0,2618,73.05,8.049180327868852,42.91803278688525,12,58.75224416517056,401404043,2022,12
59,Georgia Tech Yellow Jackets,5316.0,3010,77.04,7.63768115942029,43.6231884057971,11,56.621519939804365,401411168,2022,12
153,North Carolina Tar Heels,4082.0,2232,64.79,8.698412698412698,35.42857142857143,11,54.67907888290054,401411168,2022,12
145,Ole Miss Rebels,6851.0,4999,79.66,8.720930232558139,58.127906976744185,14,72.96745000729821,401403947,2022,12
8,Arkansas Razorbacks,4271.0,3003,66.73,5.75,46.921875,13,70.31140248185437,401403947,2022,12
2306,Kansas State Wildcats,4042.0,2514,61.24,7.136363636363637,38.09090909090909,12,62.19693221177635,401404117,2022,12
277,West Virginia Mountaineers,4791.0,3053,77.27,8.919354838709678,49.24193548387097,11,63.72364850761845,401404117,2022,12
264,Washington Huskies,5286.0,4728,67.77,9.051282051282051,60.61538461538461,13,89.44381384790012,401404042,2022,12
38,Colorado Buffaloes,3913.0,1051,72.46,6.185185185185185,19.462962962962962,11,26.859187324303605,401404042,2022,12
87,Notre Dame Fighting Irish,3692.0,2980,58.6,7.571428571428571,47.301587301587304,10,80.71505958829903,401404132,2022,12
103,Boston College Eagles,4301.0,1194,75.46,6.2631578947368425,20.94736842105263,12,27.7609858172518,401404132,2022,12
309,Louisiana Ragin' Cajuns,5271.0,2847,75.3,8.814285714285715,40.67142857142857,11,54.012521343198635,401411166,2022,12
52,Florida State Seminoles,4135.0,2868,62.65,6.545454545454546,43.45454545454545,11,69.35912938331317,401411166,2022,12
2116,UCF Knights,4131.0,2115,72.47,7.421052631578948,37.10526315789474,10,51.19825708061002,401415661,2022,12
2426,Navy Midshipmen,4624.0,2505,74.58,8.661290322580646,40.403225806451616,10,54.17387543252595,401415661,2022,12
201,Oklahoma Sooners,5460.0,2568,74.79,4.890410958904109,35.178082191780824,18,47.032967032967036,401404118,2022,12
197,Oklahoma State Cowboys,7738.0,4134,76.61,7.455445544554456,40.93069306930693,18,53.42465753424658,401404118,2022,12
204,Oregon State Beavers,4590.0,3751,69.55,9.121212121212121,56.833333333333336,10,81.72113289760348,401404040,2022,12
9,Arizona State Sun Devils,4228.0,2183,74.18,8.719298245614034,38.29824561403509,9,51.63197729422895,401404040,2022,12
97,Louisville Cardinals,4283.0,2260,67.98,6.761904761904762,35.87301587301587,11,52.76675227644175,401411167,2022,12
152,NC State Wolfpack,5483.0,2281,77.23,7.47887323943662,32.12676056338028,12,41.601313149735546,401411167,2022,12
2132,Cincinnati Bearcats,4691.0,2725,61.72,7.802631578947368,35.85526315789474,13,58.089959496908975,401415663,2022,12
218,Temple Owls,4074.0,1421,76.87,6.849056603773585,26.81132075471698,12,34.87972508591065,401415663,2022,12
344,Mississippi State Bulldogs,4000.0,2881,62.5,6.515625,45.015625,12,72.025,401403951,2022,12
2193,East Tennessee State Buccaneers,3963.0,1024,69.53,6.017543859649122,17.964912280701753,13,25.839010850365884,401403951,2022,12
245,Texas A&M Aggies,3477.0,1983,58.93,5.237288135593221,33.610169491525426,14,57.03192407247627,401403954,2022,12
113,Massachusetts Minutemen,4721.0,1250,74.94,6.301587301587301,19.841269841269842,13,26.477441220080493,401403954,2022,12
238,Vanderbilt Commodores,4165.0,2765,68.28,8.114754098360656,45.32786885245902,11,66.38655462184875,401403955,2022,12
57,Florida Gators,4981.0,3123,77.83,7.578125,48.796875,12,62.69825336277856,401403955,2022,12
41,UConn Huskies,4224.0,2771,72.83,8.344827586206897,47.775862068965516,10,65.60132575757575,401404143,2022,12
349,Army Black Knights,3809.0,2014,66.82,7.754385964912281,35.333333333333336,10,52.87477028091362,401404143,2022,12
259,Virginia Tech Hokies,5129.0,3099,70.26,8.178082191780822,42.45205479452055,13,60.42113472411776,401404165,2022,12
2335,Liberty Flames,4761.0,2420,76.79,6.354838709677419,39.03225806451613,12,50.82965763495064,401404165,2022,12
275,Wisconsin Badgers,5168.0,3247,73.83,10.057142857142857,46.385714285714286,9,62.828947368421055,401405142,2022,12
158,Nebraska Cornhuskers,3437.0,1484,71.6,6.166666666666667,30.916666666666668,9,43.17718940936864,401405142,2022,12
77,Northwestern Wildcats,4421.0,1966,69.08,7.890625,30.71875,11,44.46957701877403,401405143,2022,12
2509,Purdue Boilermakers,4585.0,3081,71.64,9.09375,48.140625,10,67.19738276990185,401405143,2022,12
127,Michigan State Spartans,5774.0,4226,64.88,8.280898876404494,47.48314606741573,14,73.19016279875304,401405146,2022,12
84,Indiana Hoosiers,3089.0,1268,63.04,5.244897959183674,25.877551020408163,12,41.04888313370023,401405146,2022,12
221,Pittsburgh Panthers,4548.0,1896,71.06,6.609375,29.625,12,41.68865435356201,401411169,2022,12
150,Duke Blue Devils,4794.0,2898,67.52,7.619718309859155,40.816901408450704,12,60.45056320400501,401411169,2022,12
2636,UTSA Roadrunners,3130.0,1743,59.06,4.39622641509434,32.886792452830186,15,55.68690095846645,401426611,2022,12
242,Rice Owls,5377.0,2123,72.66,6.8108108108108105,28.68918918918919,15,39.48298307606472,401426611,2022,12
12,Arizona Wildcats,5240.0,2985,77.06,6.735294117647059,43.89705882352941,13,56.965648854961835,401404039,2022,12
265,Washington State Cougars,4567.0,2671,67.16,7.647058823529412,39.279411764705884,12,58.484782132691045,401404039,2022,12
151,East Carolina Pirates,4224.0,2062,74.11,5.947368421052632,36.175438596491226,11,48.816287878787875,401415660,2022,12
248,Houston Cougars,5001.0,4068,75.77,8.333333333333334,61.63636363636363,10,81.34373125374925,401415660,2022,12
2453,North Alabama Lions,3675.0,546,78.19,4.276595744680851,11.617021276595745,13,14.857142857142858,401415662,2022,12
235,Memphis Tigers,4485.0,3775,63.17,8.507042253521126,53.16901408450704,10,84.16945373467112,401415662,2022,12
256,James Madison Dukes,4837.0,3125,68.13,6.929577464788732,44.014084507042256,15,64.60616084349803,401426378,2022,12
2247,Georgia State Panthers,3288.0,1204,65.76,5.84,24.08,13,36.61800486618005,401426378,2022,12
2026,Appalachian State Mountaineers,1552.0,3095,24.25,7.375,48.359375,11,199.4201030927835,401426376,2022,12
295,Old Dominion Monarchs,4883.0,2882,75.12,7.984615384615385,44.33846153846154,11,59.021093590006146,401426376,2022,12
2305,Kansas Jayhawks,4300.0,2104,72.88,6.1525423728813555,35.66101694915254,11,48.93023255813954,401404116,2022,12
251,Texas Longhorns,4940.0,4038,63.33,8.615384615384615,51.76923076923077,11,81.74089068825911,401404116,2022,12
3101,Utah Tech Trailblazers,5132.0,2528,74.38,5.797101449275362,36.63768115942029,16,49.25954793452845,401420863,2022,12
252,BYU Cougars,5096.0,3354,68.86,6.297297297297297,45.32432432432432,15,65.81632653061224,401420863,2022,12
2572,Southern Miss Golden Eagles,4540.0,2455,69.85,7.8,37.76923076923077,11,54.07488986784141,401426379,2022,12
6,South Alabama Jaguars,4019.0,2312,68.12,6.372881355932203,39.186440677966104,11,57.52674794725056,401426379,2022,12
2433,UL Monroe Warhawks,4629.0,3048,75.89,9.491803278688524,49.967213114754095,10,65.84575502268308,401426381,2022,12
2653,Troy Trojans,3906.0,2512,69.75,9.571428571428571,44.857142857142854,8,64.31131592421914,401426381,2022,12
2429,Charlotte 49ers,1658.0,2988,27.63,8.5,49.8,11,180.2171290711701,401426608,2022,12
2348,Louisiana Tech Bulldogs,4941.0,3475,73.75,9.313432835820896,51.865671641791046,10,70.32989273426432,401426608,2022,12
2226,Florida Atlantic Owls,4951.0,2215,73.9,6.462686567164179,33.059701492537314,13,44.738436679458694,401426610,2022,12
2393,Middle Tennessee Blue Raiders,5915.0,4799,67.99,8.068965517241379,55.160919540229884,14,81.13271344040575,401426610,2022,12
2294,Iowa Hawkeyes,3645.0,1901,71.47,7.196078431372549,37.27450980392157,9,52.15363511659808,401405141,2022,12
135,Minnesota Golden Gophers,5468.0,3769,84.12,9.476923076923077,57.98461538461538,9,68.92831016825164,401405141,2022,12
2638,UTEP Miners,2392.0,1942,64.65,8.378378378378379,52.486486486486484,12,81.18729096989966,401426609,2022,12
2229,Florida International Panthers,467.0,616,23.35,7.65,30.8,6,131.90578158458243,401426609,2022,12
2,Auburn Tigers,4202.0,2806,68.89,7.360655737704918,46.0,11,66.77772489290814,401426613,2022,12
98,Western Kentucky Hilltoppers,6040.0,3355,70.23,8.348837209302326,39.01162790697674,13,55.54635761589404,401426613,2022,12
2032,Arkansas State Red Wolves,4356.0,2068,70.26,6.290322580645161,33.354838709677416,12,47.474747474747474,401426380,2022,12
326,Texas State Bobcats,5615.0,2853,74.87,7.946666666666666,38.04,13,50.81032947462155,401426380,2022,12
24,Stanford Cardinal,6312.0,2824,78.9,6.9,35.3,15,44.740177439797215,401404041,2022,12
25,California Golden Bears,4363.0,2362,68.17,5.78125,36.90625,13,54.13706165482466,401404041,2022,12
290,Georgia Southern Eagles,5164.0,2489,81.97,6.238095238095238,39.507936507936506,13,48.1990704879938,401426377,2022,12
276,Marshall Thundering Herd,6571.0,4463,77.31,10.058823529411764,52.50588235294118,12,67.91964693349566,401426377,2022,12
2641,Texas Tech Red Raiders,3617.0,1614,88.22,7.487804878048781,39.36585365853659,10,44.62261542714957,401404115,2022,12
66,Iowa State Cyclones,2563.0,1397,56.96,7.488888888888889,31.044444444444444,9,54.506437768240346,401404115,2022,12
68,Boise State Broncos,5520.0,3772,72.63,7.973684210526316,49.63157894736842,12,68.33333333333333,401415261,2022,12
2751,Wyoming Cowboys,3621.0,1536,75.44,5.520833333333333,32.0,12,42.419221209610605,401415261,2022,12
142,Missouri Tigers,4800.0,4039,70.59,9.897058823529411,59.39705882352941,9,84.14583333333333,401403952,2022,12
166,New Mexico State Aggies,4491.0,1952,73.62,7.032786885245901,32.0,10,43.4647071921621,401403952,2022,12
154,Wake Forest Demon Deacons,6793.0,5016,72.27,9.340425531914894,53.361702127659576,12,73.84071838657441,401411171,2022,12
183,Syracuse Orange,4245.0,2721,70.75,6.016666666666667,45.35,13,64.09893992932862,401411171,2022,12
2005,Air Force Falcons,4622.0,3520,68.99,10.850746268656716,52.53731343283582,8,76.15750757247945,401415262,2022,12
36,Colorado State Rams,3324.0,1645,72.26,6.695652173913044,35.76086956521739,9,49.48856799037304,401415262,2022,12
23,San José State Spartans,3630.0,2082,63.68,5.842105263157895,36.526315789473685,12,57.35537190082645,401415265,2022,12
328,Utah State Aggies,6124.0,4376,72.9,9.464285714285714,52.095238095238095,12,71.45656433703462,401415265,2022,12
278,Fresno State Bulldogs,5137.0,3733,72.35,7.563380281690141,52.57746478873239,11,72.66887288300565,401415263,2022,12
2440,Nevada Wolf Pack,5063.0,2435,76.71,6.484848484848484,36.89393939393939,13,48.09401540588584,401415263,2022,12
2439,UNLV Rebels,5427.0,3114,75.38,7.388888888888889,43.25,12,57.37976782752902,401415266,2022,12
62,Hawai'i Rainbow Warriors,4376.0,2387,72.93,6.716666666666667,39.78333333333333,13,54.54753199268738,401415266,2022,12
2046,Austin Peay Governors,4670.0,2278,70.76,7.378787878787879,34.515151515151516,13,48.779443254817984,401426532,2022,1
98,Western Kentucky Hilltoppers,4226.0,2630,66.03,6.109375,41.09375,14,62.23379081874113,401426532,2022,1
158,Nebraska Cornhuskers,5959.0,3585,81.63,7.027397260273973,49.10958904109589,14,60.1611008558483,401405059,2022,1
77,Northwestern Wildcats,6212.0,3925,73.95,7.9523809523809526,46.726190476190474,14,63.1841596909208,401405059,2022,1
328,Utah State Aggies,5948.0,3551,73.43,7.197530864197531,43.839506172839506,14,59.700739744451916,401404146,2022,1
41,UConn Huskies,5223.0,2454,74.61,6.642857142857143,35.05714285714286,13,46.984491671453185,401404146,2022,1
2751,Wyoming Cowboys,3836.0,1166,75.22,4.588235294117647,22.862745098039216,13,30.396246089676747,401405058,2022,1
356,Illinois Fighting Illini,4940.0,3141,61.75,7.3625,39.2625,14,63.582995951417004,401405058,2022,1
52,Florida State Seminoles,5641.0,5055,74.22,9.118421052631579,66.51315789473684,10,89.61177096259529,401411090,2022,1
2184,Duquesne Dukes,3694.0,938,78.6,5.042553191489362,19.95744680851064,11,25.39252842447212,401411090,2022,1
2226,Florida Atlantic Owls,5092.0,3658,71.72,8.43661971830986,51.521126760563384,11,71.8381775333857,401426530,2022,1
2429,Charlotte 49ers,4002.0,2157,75.51,6.962264150943396,40.698113207547166,11,53.89805097451274,401426530,2022,1
153,North Carolina Tar Heels,5528.0,4451,70.87,7.743589743589744,57.06410256410256,12,80.51736613603474,401411091,2022,1
50,Florida A&M Rattlers,4848.0,2625,73.45,7.681818181818182,39.77272727272727,11,54.146039603960396,401411091,2022,1
166,New Mexico State Aggies,4326.0,2434,73.32,7.8474576271186445,41.25423728813559,11,56.264447526583446,401409235,2022,1
2440,Nevada Wolf Pack,4635.0,2531,69.18,9.313432835820896,37.776119402985074,10,54.60625674217907,401409235,2022,1
249,North Texas Mean Green,5327.0,4124,77.2,9.44927536231884,59.768115942028984,10,77.41693260747137,401426531,2022,1
2638,UTEP Miners,5678.0,3693,74.71,9.105263157894736,48.5921052631579,10,65.04050722085242,401426531,2022,1
62,Hawai'i Rainbow Warriors,6106.0,2880,76.32,7.3,36.0,15,47.16672125777924,401403853,2022,1
238,Vanderbilt Commodores,4575.0,3421,67.28,6.602941176470588,50.30882352941177,13,74.77595628415301,401403853,2022,1
197,Oklahoma State Cowboys,4622.0,2790,65.1,4.887323943661972,39.29577464788732,17,60.36347901341411,401416569,2022,1
2117,Central Michigan Chippewas,6833.0,4030,77.65,6.784090909090909,45.79545454545455,17,58.978486755451485,401416569,2022,1
277,West Virginia Mountaineers,5493.0,3278,76.29,7.0,45.52777777777778,14,59.675951210631716,401411092,2022,1
221,Pittsburgh Panthers,4595.0,2382,75.33,6.032786885245901,39.049180327868854,13,51.83895538628944,401411092,2022,1
154,Wake Forest Demon Deacons,4702.0,2820,63.54,7.0,38.108108108108105,13,59.97447894512973,401411093,2022,1
2678,VMI Keydets,5375.0,1672,79.04,6.1911764705882355,24.58823529411765,14,31.106976744186046,401411093,2022,1
2006,Akron Zips,4341.0,2575,70.02,7.161290322580645,41.53225806451613,13,59.318129463257314,401416568,2022,1
2598,St. Francis (PA) Red Flash,4772.0,2090,73.42,6.6,32.15384615384615,13,43.797150041911145,401416568,2022,1
2633,Tennessee Volunteers,6192.0,5069,72.0,8.569767441860465,58.94186046511628,14,81.86369509043928,401403864,2022,1
2050,Ball State Cardinals,5077.0,2388,72.53,7.242857142857143,34.114285714285714,13,47.03565097498523,401403864,2022,1
2803,Bryant Bulldogs,5302.0,4022,66.28,9.3625,50.275,11,75.85816672953602,401426533,2022,1
2229,Florida International Panthers,5375.0,3680,67.19,9.075,46.0,12,68.46511627906976,401426533,2022,1
2649,Toledo Rockets,4096.0,2245,56.11,6.739726027397261,30.753424657534246,14,54.8095703125,401441990,2022,1
2341,Long Island University Sharks,0.0,512,0.0,4.52542372881356,8.677966101694915,15,,401441990,2022,1
2509,Purdue Boilermakers,6360.0,3624,78.52,7.308641975308642,44.74074074074074,13,56.9811320754717,401405064,2022,1
213,Penn State Nittany Lions,5436.0,3028,74.47,6.698630136986301,41.47945205479452,14,55.70272259013981,401405064,2022,1
2459,Northern Illinois Huskies,4048.0,2934,72.29,7.982142857142857,52.392857142857146,10,72.4802371541502,401416592,2022,1
2197,Eastern Illinois Panthers,4811.0,3236,74.02,8.23076923076923,49.784615384615385,10,67.26252338391187,401416592,2022,1
2010,Alabama A&M Bulldogs,5319.0,2094,74.92,7.690140845070423,29.492957746478872,13,39.36830231246475,401426534,2022,1
5,UAB Blazers,4088.0,2828,65.94,7.919354838709677,45.61290322580645,11,69.17808219178082,401426534,2022,1
142,Missouri Tigers,2772.0,3633,34.65,6.625,45.4125,15,131.06060606060606,401426537,2022,1
2348,Louisiana Tech Bulldogs,1896.0,1816,27.88,5.794117647058823,26.705882352941178,15,95.78059071729957,401426537,2022,1
166,New Mexico State Aggies,2448.0,646,76.5,5.59375,20.1875,8,26.38888888888889,401405060,2022,1
135,Minnesota Golden Gophers,4822.0,4497,68.89,10.885714285714286,64.24285714285715,8,93.26005806719203,401405060,2022,1
278,Fresno State Bulldogs,1164.0,4889,15.52,9.613333333333333,65.18666666666667,10,420.0171821305842,401413224,2022,1
13,Cal Poly Mustangs,1441.0,3692,22.17,10.523076923076923,56.8,10,256.2109646079112,401413224,2022,1
23,San José State Spartans,3903.0,2244,66.15,5.864406779661017,38.03389830508475,11,57.49423520368947,401415213,2022,1
2502,Portland State Vikings,5605.0,3885,81.23,9.115942028985508,56.30434782608695,11,69.31311329170384,401415213,2022,1
127,Michigan State Spartans,3804.0,2419,67.93,5.232142857142857,43.19642857142857,13,63.590956887486854,401416591,2022,1
2711,Western Michigan Broncos,5620.0,2620,76.99,7.136986301369863,35.89041095890411,13,46.619217081850536,401416591,2022,1
2199,Eastern Michigan Eagles,3748.0,2654,59.49,6.333333333333333,42.12698412698413,12,70.8110992529349,401416590,2022,1
2198,Eastern Kentucky Colonels,5951.0,4245,74.39,8.6125,53.0625,12,71.33254915140313,401416590,2022,1
259,Virginia Tech Hokies,1960.0,1551,26.13,5.413333333333333,20.68,16,79.13265306122449,401426330,2022,1
295,Old Dominion Monarchs,4578.0,1961,67.32,6.882352941176471,28.83823529411765,15,42.83529925731761,401426330,2022,1
2429,Charlotte 49ers,4860.0,2665,71.47,8.367647058823529,39.19117647058823,11,54.83539094650206,401426535,2022,1
2729,William & Mary Tribe,4632.0,3683,69.13,9.0,54.97014925373134,12,79.51208981001727,401426535,2022,1
218,Temple Owls,4528.0,1291,79.44,6.298245614035087,22.649122807017545,11,28.511484098939928,401411094,2022,1
150,Duke Blue Devils,4212.0,3037,65.81,7.1875,47.453125,11,72.10351377018044,401411094,2022,1
2635,Tennessee Tech Golden Eagles,4331.0,1642,64.64,6.7164179104477615,24.507462686567163,14,37.91272223504964,401404052,2022,1
2305,Kansas Jayhawks,2801.0,2388,57.16,6.408163265306122,48.734693877551024,11,85.25526597643699,401404052,2022,1
84,Indiana Hoosiers,5824.0,2972,74.67,8.423076923076923,38.1025641025641,13,51.03021978021978,401405061,2022,1
356,Illinois Fighting Illini,6410.0,3531,72.02,7.47191011235955,39.674157303370784,13,55.08580343213728,401405061,2022,1
2628,TCU Horned Frogs,3794.0,2734,74.39,8.235294117647058,53.6078431372549,8,72.0611491829204,401403966,2022,1
38,Colorado Buffaloes,5293.0,2693,75.61,7.928571428571429,38.47142857142857,10,50.878518798413,401403966,2022,1
328,Utah State Aggies,4461.0,979,75.61,6.220338983050848,16.593220338983052,13,21.945752073526116,401403854,2022,1
333,Alabama Crimson Tide,5045.0,3594,71.06,6.845070422535211,50.61971830985915,13,71.2388503468781,401403854,2022,1
87,Notre Dame Fighting Irish,3956.0,1736,82.42,5.791666666666667,36.166666666666664,10,43.882709807886755,401404124,2022,1
194,Ohio State Buckeyes,5297.0,3465,80.26,8.787878787878787,52.5,10,65.41438550122712,401404124,2022,1
61,Georgia Bulldogs,4771.0,4484,78.21,8.229508196721312,73.50819672131148,9,93.9844896248166,401403858,2022,1
2483,Oregon Ducks,5454.0,3363,80.21,10.573529411764707,49.455882352941174,9,61.66116611661166,401403858,2022,1
245,Texas A&M Aggies,4908.0,3094,74.36,6.606060606060606,46.878787878787875,13,63.039934800326,401403865,2022,1
2534,Sam Houston Bearkats,4167.0,1303,75.76,5.363636363636363,23.69090909090909,13,31.26949844012479,401403865,2022,1
57,Florida Gators,4867.0,3719,78.5,9.64516129032258,59.983870967741936,9,76.41257448119991,401403857,2022,1
254,Utah Utes,4914.0,4016,69.21,9.126760563380282,56.563380281690144,9,81.72568172568172,401403857,2022,1
36,Colorado State Rams,4487.0,1573,76.05,6.220338983050848,26.661016949152543,12,35.05683084466236,401405067,2022,1
130,Michigan Wolverines,4299.0,3568,63.22,9.338235294117647,52.470588235294116,10,82.99604559199814,401405067,2022,1
201,Oklahoma Sooners,4277.0,3440,70.11,7.39344262295082,56.39344262295082,11,80.43020808978255,401426541,2022,1
2638,UTEP Miners,6306.0,3268,76.9,9.560975609756097,39.853658536585364,11,51.82366000634317,401426541,2022,1
399,Albany Great Danes,4588.0,1632,76.47,6.333333333333333,27.2,13,35.571054925893634,401424416,2022,1
239,Baylor Bears,4514.0,3664,66.38,6.588235294117647,53.88235294117647,12,81.16969428444838,401424416,2022,1
152,NC State Wolfpack,4436.0,2809,69.31,7.65625,43.890625,12,63.322813345356174,401411096,2022,1
151,East Carolina Pirates,5245.0,2868,77.13,6.867647058823529,42.1764705882353,13,54.680648236415635,401411096,2022,1
242,Rice Owls,4490.0,2584,72.42,8.419354838709678,41.67741935483871,11,57.55011135857461,401426540,2022,1
30,USC Trojans,4169.0,3667,71.88,7.344827586206897,63.224137931034484,9,87.95874310386183,401426540,2022,1
2065,Bethune-Cookman Wildcats,4286.0,2184,77.93,6.509090909090909,39.70909090909091,12,50.956602893140456,401411097,2022,1
2390,Miami Hurricanes,3517.0,3650,54.11,6.938461538461539,56.15384615384615,11,103.78163207278931,401411097,2022,1
2287,Illinois State Redbirds,3905.0,1975,78.1,7.8,39.5,9,50.57618437900128,401405065,2022,1
275,Wisconsin Badgers,3905.0,3052,73.68,9.30188679245283,57.58490566037736,9,78.15620998719591,401405065,2022,1
2132,Cincinnati Bearcats,5261.0,3410,71.09,8.013513513513514,46.08108108108108,13,64.81657479566623,401403855,2022,1
8,Arkansas Razorbacks,5339.0,3014,75.2,7.084507042253521,42.45070422535211,13,56.45251919835175,401403855,2022,1
193,Miami (OH) RedHawks,4782.0,2722,74.72,9.078125,42.53125,10,56.92179004600585,401403859,2022,1
96,Kentucky Wildcats,4065.0,3106,73.91,8.581818181818182,56.472727272727276,9,76.40836408364083,401403859,2022,1
145,Ole Miss Rebels,5572.0,3985,76.33,8.67123287671233,54.58904109589041,12,71.51830581478822,401403860,2022,1
2653,Troy Trojans,5830.0,2797,71.98,8.160493827160494,34.53086419753087,12,47.97598627787307,401403860,2022,1
2115,Central Connecticut Blue Devils,3499.0,1534,69.98,6.44,30.68,10,43.84109745641612,401404147,2022,1
41,UConn Huskies,5472.0,4561,72.96,10.493333333333334,60.81333333333333,9,83.3516081871345,401404147,2022,1
2294,Iowa Hawkeyes,3660.0,966,62.03,4.796610169491525,16.372881355932204,14,26.39344262295082,401405062,2022,1
2571,South Dakota State Jackrabbits,4459.0,472,81.07,4.6909090909090905,8.581818181818182,14,10.585333034312626,401405062,2022,1
120,Maryland Terrapins,4368.0,2421,71.61,6.19672131147541,39.68852459016394,13,55.425824175824175,401405066,2022,1
2084,Buffalo Bulls,5511.0,2577,76.54,7.430555555555555,35.791666666666664,13,46.76102340772999,401405066,2022,1
103,Boston College Eagles,4973.0,2412,73.13,6.661764705882353,35.470588235294116,13,48.501910315704805,401405069,2022,1
164,Rutgers Scarlet Knights,4351.0,2229,72.52,6.4,37.15,13,51.22960239025512,401405069,2022,1
2026,Appalachian State Mountaineers,6234.0,5048,70.04,8.02247191011236,56.71910112359551,14,80.97529675970485,401411095,2022,1
153,North Carolina Tar Heels,4884.0,3918,68.79,7.140845070422535,55.183098591549296,13,80.22113022113022,401411095,2022,1
48,Delaware Blue Hens,4059.0,1613,67.65,6.216666666666667,26.883333333333333,14,39.73885193397388,401415611,2022,1
2426,Navy Midshipmen,5297.0,2689,70.63,7.72,35.85333333333333,14,50.76458372663772,401415611,2022,1
257,Richmond Spiders,5093.0,2909,73.81,8.202898550724637,42.15942028985507,11,57.117612409189086,401411100,2022,1
258,Virginia Cavaliers,5322.0,3692,73.92,8.402777777777779,51.27777777777778,12,69.37241638481774,401411100,2022,1
2005,Air Force Falcons,5757.0,5165,88.57,10.938461538461539,79.46153846153847,10,89.71686642348445,401415209,2022,1
2460,Northern Iowa Panthers,4028.0,2303,71.93,6.339285714285714,41.125,11,57.17477656405164,401415209,2022,1
66,Iowa State Cyclones,5351.0,4564,81.08,8.393939393939394,69.15151515151516,10,85.29246869743973,401404057,2022,1
2546,Southeast Missouri State Redhawks,4354.0,2095,72.57,7.966666666666667,34.916666666666664,11,48.1166743224621,401404057,2022,1
26,UCLA Bruins,5500.0,3910,60.44,7.758241758241758,42.967032967032964,14,71.0909090909091,401403971,2022,1
189,Bowling Green Falcons,4164.0,1197,69.4,6.016666666666667,19.95,13,28.746397694524497,401403971,2022,1
21,San Diego State Aztecs,3513.0,1803,63.87,7.163636363636364,32.78181818181818,11,51.323654995730145,401403967,2022,1
12,Arizona Wildcats,5241.0,3917,71.79,8.684931506849315,53.657534246575345,12,74.73764548750239,401403967,2022,1
158,Nebraska Cornhuskers,4418.0,3450,73.63,7.616666666666666,57.5,12,78.08963331824354,401405063,2022,1
155,North Dakota Fighting Hawks,5144.0,2642,73.49,8.471428571428572,37.74285714285714,12,51.360808709175735,401405063,2022,1
2751,Wyoming Cowboys,4221.0,2567,63.95,7.015151515151516,38.89393939393939,13,60.81497275527126,401415211,2022,1
202,Tulsa Golden Hurricane,5989.0,4241,72.16,7.807228915662651,51.096385542168676,15,70.81315745533477,401415211,2022,1
248,Houston Cougars,1617.0,2986,23.1,9.057142857142857,42.65714285714286,13,184.66295609152752,401426542,2022,1
2636,UTSA Roadrunners,2268.0,2925,32.4,6.671428571428572,41.785714285714285,12,128.96825396825398,401426542,2022,1
25,California Golden Bears,5273.0,3094,76.42,7.9855072463768115,44.84057971014493,12,58.676275365067326,401403968,2022,1
302,UC Davis Aggies,5293.0,2888,68.74,9.402597402597403,37.506493506493506,12,54.56262988853202,401403968,2022,1
252,BYU Cougars,4836.0,3818,71.12,8.544117647058824,56.14705882352941,10,78.94954507857733,401415612,2022,1
58,South Florida Bulls,1462.0,1808,25.65,6.473684210526316,31.719298245614034,11,123.66621067031464,401415612,2022,1
2447,Nicholls Colonels,4220.0,1229,76.73,4.8545454545454545,22.345454545454544,15,29.123222748815166,401421116,2022,1
6,South Alabama Jaguars,5076.0,2909,68.59,6.945945945945946,39.310810810810814,15,57.30890464933018,401421116,2022,1
290,Georgia Southern Eagles,4923.0,3434,65.64,6.8133333333333335,45.78666666666667,15,69.75421490960797,401420777,2022,1
2415,Morgan State Bears,4836.0,1491,81.97,5.305084745762712,25.271186440677965,14,30.831265508684865,401420777,2022,1
195,Ohio Bobcats,5236.0,3623,74.8,7.0,51.75714285714286,13,69.19404125286478,401426536,2022,1
2226,Florida Atlantic Owls,5309.0,3666,75.84,8.057142857142857,52.371428571428574,12,69.05255226973064,401426536,2022,1
256,James Madison Dukes,5566.0,3813,66.26,7.678571428571429,45.392857142857146,14,68.50521020481494,401426538,2022,1
2393,Middle Tennessee Blue Raiders,4740.0,1379,77.7,5.786885245901639,22.60655737704918,15,29.09282700421941,401426538,2022,1
2382,Mercer Bears,4530.0,2116,68.64,8.712121212121213,32.06060606060606,11,46.71081677704194,401403856,2022,1
2,Auburn Tigers,4161.0,3068,68.21,6.852459016393443,50.295081967213115,12,73.7322758952175,401403856,2022,1
2210,Elon Phoenix,5041.0,3057,71.0,6.098591549295775,43.056338028169016,16,60.64272961713946,401403866,2022,1
238,Vanderbilt Commodores,4226.0,2156,72.86,4.810344827586207,37.172413793103445,15,51.01751064836725,401403866,2022,1
2306,Kansas State Wildcats,4298.0,2444,70.46,7.622950819672131,40.0655737704918,11,56.863657515123315,401404056,2022,1
233,South Dakota Coyotes,4897.0,2012,74.2,7.5,30.484848484848484,13,41.08637941596896,401404056,2022,1
324,Coastal Carolina Chanticleers,4846.0,4278,70.23,9.53623188405797,62.0,9,88.27899298390425,401404134,2022,1
349,Army Black Knights,3576.0,2219,76.09,7.9361702127659575,47.212765957446805,9,62.05257270693512,401404134,2022,1
2572,Southern Miss Golden Eagles,1915.0,2571,26.97,5.676056338028169,36.2112676056338,16,134.25587467362925,401404157,2022,1
2335,Liberty Flames,1513.0,2816,18.01,6.690476190476191,33.523809523809526,18,186.1202908129544,401404157,2022,1
2545,SE Louisiana Lions,4440.0,2216,74.0,8.8,36.93333333333333,11,49.909909909909906,401421121,2022,1
309,Louisiana Ragin' Cajuns,4759.0,3179,69.99,8.588235294117647,46.75,10,66.79974784618618,401421121,2022,1
2032,Arkansas State Red Wolves,5032.0,4462,62.9,7.975,55.775,12,88.6724960254372,401425418,2022,1
2755,Grambling Tigers,3952.0,1103,79.04,7.52,22.06,11,27.90991902834008,401425418,2022,1
235,Memphis Tigers,3661.0,1782,71.78,5.490196078431373,34.94117647058823,12,48.6752253482655,401403861,2022,1
344,Mississippi State Bulldogs,5590.0,4821,69.01,8.88888888888889,59.51851851851852,13,86.2432915921288,401403861,2022,1
2579,South Carolina Gamecocks,1738.0,2306,25.56,6.632352941176471,33.911764705882355,13,132.6812428078251,401403863,2022,1
2247,Georgia State Panthers,1584.0,2287,23.29,5.779411764705882,33.63235294117647,15,144.38131313131314,401403863,2022,1
2567,SMU Mustangs,4764.0,3378,73.29,7.753846153846154,51.96923076923077,13,70.90680100755668,401426539,2022,1
249,North Texas Mean Green,1785.0,3850,21.77,7.780487804878049,46.951219512195124,15,215.68627450980392,401426539,2022,1
2142,Colgate Raiders,4131.0,1622,70.02,6.813559322033898,27.491525423728813,13,39.2641007020092,401403970,2022,1
24,Stanford Cardinal,3972.0,2610,67.32,5.9491525423728815,44.23728813559322,13,65.70996978851964,401403970,2022,1
2641,Texas Tech Red Raiders,3958.0,2928,62.83,5.873015873015873,46.476190476190474,15,73.97675593734209,401404055,2022,1
93,Murray State Racers,5040.0,1755,78.75,5.375,27.421875,15,34.82142857142857,401404055,2022,1
251,Texas Longhorns,3521.0,2413,61.77,6.473684210526316,42.333333333333336,11,68.53166714001703,401404059,2022,1
2433,UL Monroe Warhawks,4388.0,1482,69.65,5.777777777777778,23.523809523809526,13,33.7739288969918,401404059,2022,1
97,Louisville Cardinals,4158.0,2196,77.0,7.444444444444445,40.666666666666664,9,52.81385281385281,401411099,2022,1
183,Syracuse Orange,4439.0,2839,68.29,7.8,43.676923076923075,10,63.95584591124127,401411099,2022,1
167,New Mexico Lobos,4353.0,3297,60.46,7.694444444444445,45.791666666666664,12,75.7408683666437,401415210,2022,1
311,Maine Black Bears,3287.0,591,69.94,5.042553191489362,12.574468085106384,12,17.97992090051719,401415210,2022,1
70,Idaho Vandals,4595.0,2010,71.8,6.5625,31.40625,12,43.74319912948857,401403974,2022,1
265,Washington State Cougars,4180.0,2633,65.31,6.8125,41.140625,13,62.99043062200957,401403974,2022,1
204,Oregon State Beavers,3773.0,1993,62.88,5.4,33.21666666666667,14,52.82268751656507,401403969,2022,1
68,Boise State Broncos,4792.0,2258,71.52,7.8059701492537314,33.701492537313435,15,47.12020033388982,401403969,2022,1
264,Washington Huskies,5399.0,4652,71.04,9.223684210526315,61.21052631578947,10,86.16410446378958,401403973,2022,1
2309,Kent State Golden Flashes,4931.0,2852,72.51,9.161764705882353,41.94117647058823,12,57.83816670046644,401403973,2022,1
62,Hawai'i Rainbow Warriors,5371.0,2826,67.99,7.443037974683544,35.77215189873418,14,52.61590020480357,401426543,2022,1
98,Western Kentucky Hilltoppers,3818.0,2592,66.98,6.333333333333333,45.473684210526315,13,67.8889470927187,401426543,2022,1
99,LSU Tigers,5081.0,4073,78.17,10.646153846153846,62.66153846153846,8,80.1613855540248,401403867,2022,1
52,Florida State Seminoles,4962.0,4061,69.89,10.253521126760564,57.19718309859155,9,81.84199919387343,401403867,2022,1
228,Clemson Tigers,4988.0,3303,63.95,7.076923076923077,42.34615384615385,14,66.21892542101043,401411101,2022,1
59,Georgia Tech Yellow Jackets,4952.0,1539,75.03,6.575757575757576,23.318181818181817,14,31.078352180936996,401411101,2022,1
97,Louisville Cardinals,5319.0,2937,73.88,7.138888888888889,40.791666666666664,13,55.217146080090245,401415613,2022,2
2116,UCF Knights,5012.0,2658,69.61,6.541666666666667,36.916666666666664,13,53.03272146847566,401415613,2022,2
68,Boise State Broncos,4570.0,2138,72.54,5.396825396825397,33.93650793650794,14,46.78336980306346,401415214,2022,2
167,New Mexico Lobos,4161.0,722,75.65,4.890909090909091,13.127272727272727,15,17.35159817351598,401415214,2022,2
333,Alabama Crimson Tide,4871.0,2511,77.32,7.9523809523809526,39.857142857142854,11,51.549989735167316,401403868,2022,2
251,Texas Longhorns,4943.0,3068,73.78,8.164179104477611,45.791044776119406,12,62.067570301436376,401403868,2022,2
2535,Samford Bulldogs,3194.0,457,74.28,3.8372093023255816,10.627906976744185,12,14.308077645585472,401403872,2022,2
61,Georgia Bulldogs,4805.0,3367,64.07,7.573333333333333,44.89333333333333,12,70.07284079084287,401403872,2022,2
2032,Arkansas State Red Wolves,5317.0,2515,69.96,8.026315789473685,33.0921052631579,14,47.30110964829791,401405079,2022,2
194,Ohio State Buckeyes,4142.0,2953,76.7,5.685185185185185,54.68518518518518,12,71.29406084017383,401405079,2022,2
130,Michigan Wolverines,4093.0,2780,74.42,4.745454545454545,50.54545454545455,14,67.92084045932079,401405077,2022,2
62,Hawai'i Rainbow Warriors,4828.0,2232,69.97,7.36231884057971,32.34782608695652,14,46.23032311516156,401405077,2022,2
228,Clemson Tigers,4405.0,3089,74.66,7.271186440677966,52.355932203389834,10,70.12485811577753,401411102,2022,2
231,Furman Paladins,4661.0,2656,62.99,7.216216216216216,35.891891891891895,12,56.98347993992705,401411102,2022,2
2026,Appalachian State Mountaineers,5872.0,3648,71.61,11.621951219512194,44.48780487804878,10,62.12534059945504,401403878,2022,2
245,Texas A&M Aggies,2808.0,1199,73.89,5.684210526315789,31.55263157894737,8,42.699430199430196,401403878,2022,2
2309,Kent State Golden Flashes,5856.0,2707,80.22,8.547945205479452,37.082191780821915,13,46.22609289617486,401404066,2022,2
201,Oklahoma Sooners,4497.0,2235,68.14,5.757575757575758,33.86363636363637,13,49.69979986657772,401404066,2022,2
276,Marshall Thundering Herd,5411.0,3422,77.3,8.071428571428571,48.885714285714286,11,63.24154500092404,401404125,2022,2
87,Notre Dame Fighting Irish,5063.0,2425,67.51,6.68,32.333333333333336,13,47.89650404898282,401404125,2022,2
252,BYU Cougars,5494.0,3339,75.26,8.150684931506849,45.73972602739726,12,60.77539133600291,401404062,2022,2
239,Baylor Bears,5795.0,3119,74.29,8.987179487179487,39.98717948717949,11,53.822260569456425,401404062,2022,2
24,Stanford Cardinal,6196.0,4628,77.45,9.025,57.85,11,74.69335054874112,401403980,2022,2
30,USC Trojans,4613.0,3192,74.4,7.580645161290323,51.483870967741936,11,69.19575113808801,401403980,2022,2
197,Oklahoma State Cowboys,6255.0,4022,74.46,7.785714285714286,47.88095238095238,14,64.30055955235811,401403975,2022,2
9,Arizona State Sun Devils,4527.0,2116,76.73,5.220338983050848,35.86440677966102,14,46.741771592666225,401403975,2022,2
96,Kentucky Wildcats,4144.0,1749,66.84,6.580645161290323,28.20967741935484,12,42.205598455598455,401403871,2022,2
57,Florida Gators,4752.0,1355,73.11,5.2153846153846155,20.846153846153847,14,28.514309764309765,401403871,2022,2
254,Utah Utes,2931.0,2592,66.61,6.9772727272727275,58.90909090909091,10,88.43398157625384,401403982,2022,2
253,Southern Utah Thunderbirds,2535.0,213,76.82,4.090909090909091,6.454545454545454,9,8.402366863905325,401403982,2022,2
127,Michigan State Spartans,5311.0,3700,63.99,6.698795180722891,44.57831325301205,14,69.66672942948597,401405078,2022,2
2006,Akron Zips,4735.0,1184,72.85,5.569230769230769,18.215384615384615,14,25.005279831045407,401405078,2022,2
8,Arkansas Razorbacks,5546.0,4265,65.25,9.811764705882354,50.1764705882353,12,76.90227190768121,401403869,2022,2
2579,South Carolina Gamecocks,5090.0,3339,74.85,6.897058823529412,49.10294117647059,13,65.5992141453831,401403869,2022,2
2633,Tennessee Volunteers,5503.0,2929,71.47,8.220779220779221,38.03896103896104,14,53.22551335635108,401403877,2022,2
221,Pittsburgh Panthers,5441.0,2704,66.35,7.963414634146342,32.97560975609756,14,49.69674692152178,401403877,2022,2
2127,Charleston Southern Buccaneers,4389.0,765,70.79,4.338709677419355,12.338709677419354,16,17.429938482570062,401411106,2022,2
152,NC State Wolfpack,5456.0,3808,66.54,7.012195121951219,46.4390243902439,15,69.79472140762464,401411106,2022,2
145,Ole Miss Rebels,4467.0,3437,65.69,6.647058823529412,50.544117647058826,14,76.9420192522946,401403874,2022,2
2110,Central Arkansas Bears,5119.0,1556,72.1,6.464788732394366,21.91549295774648,14,30.396561828482124,401403874,2022,2
248,Houston Cougars,4007.0,1544,57.24,5.4,22.057142857142857,15,38.53256800598952,401404063,2022,2
2641,Texas Tech Red Raiders,7502.0,4213,73.55,9.156862745098039,41.30392156862745,16,56.158357771260995,401404063,2022,2
154,Wake Forest Demon Deacons,2203.0,2743,33.38,7.46969696969697,41.56060606060606,14,124.5120290512937,401403879,2022,2
238,Vanderbilt Commodores,1420.0,1623,24.07,4.966101694915254,27.508474576271187,15,114.29577464788733,401403879,2022,2
135,Minnesota Golden Gophers,5258.0,4462,71.05,7.905405405405405,60.2972972972973,13,84.86116394066185,401405071,2022,2
2710,Western Illinois Leathernecks,3519.0,905,73.31,4.520833333333333,18.854166666666668,13,25.717533390167663,401405071,2022,2
77,Northwestern Wildcats,6098.0,4409,75.28,8.864197530864198,54.4320987654321,11,72.30239422761561,401405073,2022,2
150,Duke Blue Devils,3487.0,2478,68.37,6.03921568627451,48.588235294117645,11,71.06395182104961,401405073,2022,2
213,Penn State Nittany Lions,4950.0,3593,66.0,7.373333333333333,47.906666666666666,13,72.58585858585859,401405080,2022,2
195,Ohio Bobcats,5101.0,2307,77.29,7.515151515151516,34.95454545454545,14,45.22642619094295,401405080,2022,2
153,North Carolina Tar Heels,4993.0,2852,76.82,5.523076923076923,43.87692307692308,15,57.11996795513719,401411103,2022,2
2247,Georgia State Panthers,5668.0,3236,72.67,6.846153846153846,41.48717948717949,15,57.0924488355681,401411103,2022,2
2572,Southern Miss Golden Eagles,1156.0,1600,23.12,6.48,32.0,10,138.4083044982699,401411105,2022,2
2390,Miami Hurricanes,2095.0,4079,25.86,10.185185185185185,50.358024691358025,12,194.7016706443914,401411105,2022,2
2636,UTSA Roadrunners,6224.0,5336,74.1,11.047619047619047,63.523809523809526,13,85.73264781491002,401426553,2022,2
349,Army Black Knights,5383.0,4014,69.01,9.794871794871796,51.46153846153846,10,74.56808471112763,401426553,2022,2
2306,Kansas State Wildcats,3725.0,2483,59.13,7.333333333333333,39.41269841269841,12,66.65771812080537,401403876,2022,2
142,Missouri Tigers,4222.0,1225,71.56,5.627118644067797,20.76271186440678,13,29.01468498342018,401403876,2022,2
2117,Central Michigan Chippewas,5314.0,2893,73.81,7.861111111111111,40.18055555555556,13,54.44109898381633,401416597,2022,2
6,South Alabama Jaguars,5933.0,3970,68.99,7.953488372093023,46.16279069767442,14,66.9138715658183,401416597,2022,2
218,Temple Owls,4341.0,2380,66.78,6.523076923076923,36.61538461538461,14,54.82607694079705,401415614,2022,2
322,Lafayette Leopards,3431.0,589,61.27,5.071428571428571,10.517857142857142,13,17.16700670358496,401415614,2022,2
2050,Ball State Cardinals,5199.0,3012,74.27,6.257142857142857,43.02857142857143,14,57.93421811886901,401416594,2022,2
2711,Western Michigan Broncos,5824.0,3492,68.52,8.411764705882353,41.082352941176474,12,59.95879120879121,401416594,2022,2
235,Memphis Tigers,4873.0,3501,70.62,9.043478260869565,50.73913043478261,11,71.84485942950954,401415617,2022,2
2426,Navy Midshipmen,4868.0,3093,70.55,11.231884057971014,44.82608695652174,10,63.53738701725555,401415617,2022,2
2132,Cincinnati Bearcats,3169.0,2519,64.67,6.877551020408164,51.40816326530612,10,79.4887977279899,401415619,2022,2
338,Kennesaw State Owls,5103.0,2077,75.04,7.220588235294118,30.544117647058822,13,40.701548108955514,401415619,2022,2
25,California Golden Bears,5314.0,3960,74.85,9.450704225352112,55.774647887323944,10,74.52013549115544,401403976,2022,2
2439,UNLV Rebels,4691.0,2349,73.3,7.21875,36.703125,12,50.074610957152,401403976,2022,2
264,Washington Huskies,5287.0,4351,72.42,7.63013698630137,59.602739726027394,11,82.2961982220541,401403983,2022,2
2502,Portland State Vikings,3574.0,1462,72.94,7.224489795918367,29.836734693877553,10,40.90654728595411,401403983,2022,2
2294,Iowa Hawkeyes,3667.0,990,69.19,4.830188679245283,18.67924528301887,12,26.997545677665666,401404064,2022,2
66,Iowa State Cyclones,6499.0,3963,77.37,10.261904761904763,47.17857142857143,12,60.978612094168334,401404064,2022,2
356,Illinois Fighting Illini,4711.0,2261,69.28,6.088235294117647,33.25,16,47.99405646359584,401405070,2022,2
258,Virginia Cavaliers,4244.0,1492,67.37,5.4603174603174605,23.682539682539684,15,35.1555136663525,401405070,2022,2
2509,Purdue Boilermakers,5299.0,3628,69.72,7.552631578947368,47.73684210526316,12,68.46574825438762,401405074,2022,2
282,Indiana State Sycamores,3911.0,1199,67.43,5.5,20.67241379310345,15,30.657120940935823,401405074,2022,2
164,Rutgers Scarlet Knights,4719.0,4105,61.29,9.077922077922079,53.311688311688314,13,86.98876880695063,401405081,2022,2
2681,Wagner Seahawks,3874.0,899,70.44,5.1454545454545455,16.345454545454544,13,23.205988642230253,401405081,2022,2
2458,Northern Colorado Bears,4647.0,1400,71.49,6.8307692307692305,21.53846153846154,13,30.126963632451044,401415177,2022,2
2751,Wyoming Cowboys,4536.0,2267,61.3,7.945945945945946,30.635135135135137,13,49.97795414462081,401415177,2022,2
2198,Eastern Kentucky Colonels,5612.0,3720,71.04,8.50632911392405,47.08860759493671,12,66.28652886671418,401416595,2022,2
189,Bowling Green Falcons,4338.0,2695,62.87,6.768115942028985,39.05797101449275,14,62.125403411710465,401416595,2022,2
256,James Madison Dukes,3820.0,2838,52.33,6.438356164383562,38.87671232876713,12,74.29319371727749,401420788,2022,2
2450,Norfolk State Spartans,3588.0,1240,78.0,6.217391304347826,26.956521739130434,12,34.55964325529543,401420788,2022,2
2393,Middle Tennessee Blue Raiders,5665.0,3289,70.81,8.25,41.1125,14,58.05825242718446,401426548,2022,2
36,Colorado State Rams,4428.0,1418,69.19,5.890625,22.15625,15,32.023486901535684,401426548,2022,2
2011,Alabama State Hornets,5452.0,2253,76.79,6.464788732394366,31.732394366197184,12,41.32428466617755,401403981,2022,2
26,UCLA Bruins,4704.0,3515,69.18,7.029411764705882,51.69117647058823,12,74.72363945578232,401403981,2022,2
2916,Incarnate Word Cardinals,4441.0,3009,65.31,5.852941176470588,44.25,16,67.75501013285296,401415216,2022,2
2440,Nevada Wolf Pack,6197.0,3855,68.1,7.395604395604396,42.362637362637365,16,62.2075197676295,401415216,2022,2
277,West Virginia Mountaineers,5845.0,5118,73.99,10.873417721518987,64.78481012658227,11,87.56201881950385,401404065,2022,2
2305,Kansas Jayhawks,4479.0,3472,66.85,7.477611940298507,51.82089552238806,11,77.51730296941281,401404065,2022,2
295,Old Dominion Monarchs,3160.0,1100,71.82,3.7045454545454546,25.0,13,34.81012658227848,401415024,2022,2
151,East Carolina Pirates,5787.0,4442,72.34,10.1375,55.525,13,76.75825125280802,401415024,2022,2
2084,Buffalo Bulls,4142.0,2631,78.15,8.358490566037736,49.64150943396226,11,63.520038628681796,401416596,2022,2
107,Holy Cross Crusaders,4722.0,3526,73.78,10.09375,55.09375,11,74.67174925878865,401416596,2022,2
324,Coastal Carolina Chanticleers,4751.0,2259,71.98,6.454545454545454,34.22727272727273,13,47.54788465586192,401426332,2022,2
2241,Gardner-Webb Runnin' Bulldogs,4624.0,2681,71.14,6.246153846153846,41.246153846153845,13,57.98010380622837,401426332,2022,2
2226,Florida Atlantic Owls,6385.0,5500,73.39,10.172413793103448,63.2183908045977,11,86.13938919342208,401426546,2022,2
2545,SE Louisiana Lions,4462.0,2102,78.28,7.701754385964913,36.87719298245614,10,47.108919766920664,401426546,2022,2
5,UAB Blazers,4214.0,1918,72.66,5.982758620689655,33.06896551724138,12,45.51495016611295,401426551,2022,2
2335,Liberty Flames,4742.0,2205,70.78,5.253731343283582,32.91044776119403,14,46.499367355546184,401426551,2022,2
41,UConn Huskies,3472.0,1364,75.48,5.3478260869565215,29.652173913043477,11,39.285714285714285,401404148,2022,2
183,Syracuse Orange,4547.0,3760,64.04,8.943661971830986,52.95774647887324,11,82.69188475918187,401404148,2022,2
59,Georgia Tech Yellow Jackets,3219.0,2196,60.74,5.471698113207547,41.43396226415094,12,68.21994408201304,401411104,2022,2
2717,Western Carolina Catamounts,6204.0,2814,78.53,7.30379746835443,35.620253164556964,13,45.357833655705996,401411104,2022,2
2649,Toledo Rockets,3772.0,3098,61.84,6.901639344262295,50.78688524590164,13,82.13149522799576,401414779,2022,2
113,Massachusetts Minutemen,5458.0,2554,73.76,9.013513513513514,34.513513513513516,12,46.79369732502748,401414779,2022,2
2692,Weber State Wildcats,5447.0,3272,73.61,8.85135135135135,44.21621621621622,13,60.06976317238847,401415215,2022,2
328,Utah State Aggies,5481.0,2590,74.07,8.337837837837839,35.0,14,47.254150702426564,401415215,2022,2
2655,Tulane Green Wave,5109.0,4320,66.35,8.64935064935065,56.103896103896105,12,84.55666470933646,401415615,2022,2
2016,Alcorn State Braves,3536.0,606,75.23,4.808510638297872,12.893617021276595,12,17.138009049773757,401415615,2022,2
2567,SMU Mustangs,4631.0,3083,69.12,6.119402985074627,46.014925373134325,14,66.57309436406824,401415616,2022,2
2320,Lamar Cardinals,5466.0,2467,70.99,7.922077922077922,32.03896103896104,14,45.1335528723015,401415616,2022,2
58,South Florida Bulls,1718.0,2180,33.04,5.9423076923076925,41.92307692307692,13,126.89173457508731,401415618,2022,2
47,Howard Bison,1922.0,3438,25.29,7.828947368421052,45.23684210526316,12,178.8761706555671,401415618,2022,2
2459,Northern Illinois Huskies,4326.0,2463,65.55,6.0606060606060606,37.31818181818182,13,56.93481276005548,401415620,2022,2
202,Tulsa Golden Hurricane,4436.0,3517,67.21,8.575757575757576,53.28787878787879,11,79.28313796212804,401415620,2022,2
309,Louisiana Ragin' Cajuns,4081.0,2681,63.77,6.15625,41.890625,12,65.69468267581475,401416598,2022,2
2199,Eastern Michigan Eagles,4761.0,2304,76.79,7.5,37.16129032258065,12,48.39319470699433,401416598,2022,2
2653,Troy Trojans,3771.0,2366,69.83,6.2592592592592595,43.81481481481482,11,62.74197825510475,401423439,2022,2
2010,Alabama A&M Bulldogs,4321.0,1703,70.84,6.114754098360656,27.918032786885245,13,39.412173108076836,401423439,2022,2
326,Texas State Bobcats,5071.0,2566,71.42,6.929577464788732,36.140845070422536,14,50.60145927824887,401426544,2022,2
2229,Florida International Panthers,5248.0,2090,69.05,6.618421052631579,27.5,15,39.82469512195122,401426544,2022,2
2617,Stephen F. Austin Lumberjacks,4922.0,1786,74.58,6.242424242424242,27.060606060606062,15,36.28606257618854,401426547,2022,2
2348,Louisiana Tech Bulldogs,4488.0,2792,66.0,6.514705882352941,41.05882352941177,15,62.21033868092692,401426547,2022,2
23,San José State Spartans,4803.0,3006,70.63,8.779411764705882,44.205882352941174,10,62.58588382261087,401403870,2022,2
2,Auburn Tigers,3953.0,2304,71.87,6.745454545454545,41.89090909090909,11,58.28484695168227,401403870,2022,2
99,LSU Tigers,4539.0,3449,63.04,6.277777777777778,47.90277777777778,13,75.98589997796871,401403873,2022,2
2582,Southern Jaguars,1566.0,2080,26.54,6.661016949152542,35.25423728813559,13,132.82247765006386,401403873,2022,2
290,Georgia Southern Eagles,6353.0,5450,74.74,9.047058823529412,64.11764705882354,11,85.78624271997481,401405072,2022,2
158,Nebraska Cornhuskers,6602.0,5519,81.51,9.679012345679013,68.1358024691358,11,83.59588003635263,401405072,2022,2
2377,McNeese Cowboys,3621.0,1626,73.9,5.224489795918367,33.183673469387756,12,44.90472245236123,401426550,2022,2
242,Rice Owls,3967.0,2585,60.11,7.606060606060606,39.166666666666664,12,65.16259137887573,401426550,2022,2
2627,Tarleton Texans,4132.0,1883,76.52,5.944444444444445,34.870370370370374,13,45.57115198451113,401404067,2022,2
2628,TCU Horned Frogs,4453.0,3940,62.72,7.619718309859155,55.49295774647887,12,88.47967662250169,401404067,2022,2
259,Virginia Tech Hokies,3470.0,1393,60.88,6.578947368421052,24.43859649122807,14,40.14409221902017,401411108,2022,2
103,Boston College Eagles,3210.0,426,76.43,5.0476190476190474,10.142857142857142,14,13.271028037383177,401411108,2022,2
304,Idaho State Bengals,5757.0,2647,81.08,7.535211267605634,37.28169014084507,14,45.97880840715651,401413257,2022,2
21,San Diego State Aztecs,4933.0,2892,69.48,5.887323943661972,40.732394366197184,14,58.6255828096493,401413257,2022,2
2433,UL Monroe Warhawks,4414.0,2561,67.91,6.184615384615385,39.4,12,58.01993656547349,401421117,2022,2
2447,Nicholls Colonels,4884.0,2306,77.52,7.349206349206349,36.6031746031746,11,47.21539721539722,401421117,2022,2
2483,Oregon Ducks,5862.0,5547,68.96,8.882352941176471,65.25882352941177,10,94.62640736949847,401403978,2022,2
331,Eastern Washington Eagles,3465.0,1381,69.3,6.26,27.62,11,39.855699855699854,401403978,2022,2
84,Indiana Hoosiers,3437.0,2606,52.88,7.3538461538461535,40.09230769230769,12,75.82193773639803,401405075,2022,2
70,Idaho Vandals,5063.0,2883,76.71,7.954545454545454,43.68181818181818,12,56.94252419514122,401405075,2022,2
2638,UTEP Miners,4067.0,2238,73.95,8.472727272727273,40.69090909090909,12,55.02827637078928,401426552,2022,2
166,New Mexico State Aggies,4918.0,2767,73.4,9.26865671641791,41.298507462686565,13,56.26270841805612,401426552,2022,2
278,Fresno State Bulldogs,2236.0,3576,29.81,8.56,47.68,11,159.9284436493739,401403979,2022,2
204,Oregon State Beavers,1754.0,2703,27.84,7.126984126984127,42.904761904761905,11,154.1049030786773,401403979,2022,2
344,Mississippi State Bulldogs,4862.0,3340,66.6,7.8493150684931505,45.75342465753425,14,68.69600987248046,401403875,2022,2
12,Arizona Wildcats,5273.0,2483,72.23,6.794520547945205,34.013698630136986,14,47.08894367532714,401403875,2022,2
277,West Virginia Mountaineers,5876.0,4516,78.35,9.573333333333334,60.21333333333333,10,76.85500340367597,401411116,2022,4
259,Virginia Tech Hokies,3803.0,1854,73.13,6.576923076923077,35.65384615384615,10,48.750986063633974,401411116,2022,4
2247,Georgia State Panthers,4350.0,2238,75.0,6.224137931034483,38.58620689655172,12,51.44827586206897,401426334,2022,4
324,Coastal Carolina Chanticleers,5930.0,4365,71.45,8.867469879518072,52.59036144578313,14,73.60876897133221,401426334,2022,4
356,Illinois Fighting Illini,5320.0,3341,76.0,7.314285714285714,47.72857142857143,12,62.80075187969925,401421129,2022,4
236,Chattanooga Mocs,3634.0,655,69.88,4.269230769230769,12.596153846153847,14,18.02421574023115,401421129,2022,4
183,Syracuse Orange,5087.0,3197,72.67,8.82857142857143,45.67142857142857,12,62.84647139768036,401411117,2022,4
258,Virginia Cavaliers,4675.0,2368,69.78,6.7611940298507465,35.343283582089555,14,50.6524064171123,401411117,2022,4
2440,Nevada Wolf Pack,2761.0,1417,74.62,5.648648648648648,38.2972972972973,9,51.32198478812025,401415220,2022,4
2005,Air Force Falcons,5614.0,4633,71.97,11.58974358974359,59.3974358974359,10,82.52582828642679,401415220,2022,4
68,Boise State Broncos,3870.0,1849,70.36,7.181818181818182,33.61818181818182,10,47.77777777777778,401426571,2022,4
2638,UTEP Miners,4830.0,3721,72.09,10.238805970149254,55.53731343283582,9,77.03933747412009,401426571,2022,4
61,Georgia Bulldogs,5194.0,3985,68.34,9.052631578947368,52.43421052631579,10,76.72314208702349,401403895,2022,4
2309,Kent State Golden Flashes,3730.0,2291,73.14,8.392156862745098,44.92156862745098,10,61.420911528150135,401403895,2022,4
333,Alabama Crimson Tide,5687.0,4924,73.86,8.922077922077921,63.94805194805195,12,86.58343590645332,401403892,2022,4
238,Vanderbilt Commodores,3986.0,912,76.65,5.1923076923076925,17.53846153846154,13,22.880080280983442,401403892,2022,4
194,Ohio State Buckeyes,5027.0,3879,72.86,7.63768115942029,56.21739130434783,11,77.16331808235527,401405095,2022,4
275,Wisconsin Badgers,4153.0,2097,74.16,7.321428571428571,37.44642857142857,12,50.49361907055141,401405095,2022,4
130,Michigan Wolverines,4755.0,3261,74.3,7.46875,50.953125,11,68.58044164037855,401405097,2022,4
120,Maryland Terrapins,5654.0,3923,77.45,9.575342465753424,53.73972602739726,11,69.38450654403962,401405097,2022,4
154,Wake Forest Demon Deacons,5139.0,2991,75.57,5.852941176470588,43.98529411764706,14,58.20198482194979,401411123,2022,4
228,Clemson Tigers,6504.0,4234,75.63,8.348837209302326,49.23255813953488,14,65.09840098400984,401411123,2022,4
201,Oklahoma Sooners,5452.0,3456,74.68,7.273972602739726,47.342465753424655,12,63.38958180484226,401404081,2022,4
2306,Kansas State Wildcats,5790.0,4360,71.48,8.407407407407407,53.82716049382716,13,75.30224525043178,401404081,2022,4
30,USC Trojans,5720.0,3319,79.44,9.319444444444445,46.09722222222222,10,58.02447552447553,401404000,2022,4
204,Oregon State Beavers,4676.0,2230,74.22,7.365079365079365,35.3968253968254,11,47.69033361847733,401404000,2022,4
96,Kentucky Wildcats,4653.0,3123,77.55,9.016666666666667,52.05,10,67.11798839458415,401403896,2022,4
2459,Northern Illinois Huskies,4090.0,2182,69.32,7.067796610169491,36.983050847457626,10,53.349633251833744,401403896,2022,4
245,Texas A&M Aggies,3921.0,2027,72.61,6.555555555555555,37.53703703703704,11,51.69599591940831,401403893,2022,4
8,Arkansas Razorbacks,5468.0,3648,74.9,8.58904109589041,49.97260273972603,11,66.71543525969275,401403893,2022,4
57,Florida Gators,6838.0,5728,78.6,9.781609195402298,65.83908045977012,10,83.76718338695525,401403901,2022,4
2633,Tennessee Volunteers,5520.0,4679,78.86,8.814285714285715,66.84285714285714,9,84.76449275362319,401403901,2022,4
41,UConn Huskies,3358.0,1173,71.45,5.531914893617022,24.95744680851064,11,34.93150684931507,401404150,2022,4
152,NC State Wolfpack,5081.0,3850,65.14,8.897435897435898,49.35897435897436,11,75.77248573115529,401404150,2022,4
9,Arizona State Sun Devils,3634.0,1409,64.89,5.714285714285714,25.160714285714285,12,38.7727022564667,401403997,2022,4
254,Utah Utes,4860.0,3496,65.68,8.22972972972973,47.24324324324324,12,71.93415637860082,401403997,2022,4
2117,Central Michigan Chippewas,5390.0,3163,71.87,8.733333333333333,42.17333333333333,11,58.68274582560297,401405098,2022,4
213,Penn State Nittany Lions,4873.0,2954,68.63,7.549295774647887,41.605633802816904,13,60.61974143238252,401405098,2022,4
2483,Oregon Ducks,5811.0,4930,76.46,8.736842105263158,64.86842105263158,11,84.83909826191706,401403999,2022,4
265,Washington State Cougars,5279.0,3791,74.35,8.507042253521126,53.394366197183096,11,71.81284334154196,401403999,2022,4
202,Tulsa Golden Hurricane,6355.0,4404,81.47,8.371794871794872,56.46153846153846,12,69.29976396538159,401403898,2022,4
145,Ole Miss Rebels,5656.0,3708,76.43,7.783783783783784,50.108108108108105,12,65.55869872701555,401403898,2022,4
239,Baylor Bears,5026.0,3736,76.15,8.696969696969697,56.60606060606061,10,74.33346597692001,401404080,2022,4
66,Iowa State Cyclones,4809.0,3072,76.33,8.158730158730158,48.76190476190476,10,63.880224578914536,401404080,2022,4
264,Washington Huskies,4775.0,2997,69.2,7.304347826086956,43.43478260869565,12,62.76439790575916,401404001,2022,4
24,Stanford Cardinal,4857.0,2893,78.34,7.709677419354839,46.66129032258065,12,59.56351657401688,401404001,2022,4
252,BYU Cougars,4659.0,3438,73.95,7.444444444444445,54.57142857142857,12,73.7926593689633,401415223,2022,4
2751,Wyoming Cowboys,4385.0,2213,74.32,6.677966101694915,37.50847457627118,11,50.467502850627135,401415223,2022,4
2641,Texas Tech Red Raiders,2633.0,5736,26.33,11.7,57.36,12,217.85036080516522,401404082,2022,4
251,Texas Longhorns,4298.0,2895,71.63,7.116666666666666,48.25,12,67.35691019078641,401404082,2022,4
227,Rhode Island Rams,4101.0,2675,80.41,9.843137254901961,52.450980392156865,9,65.22799317239698,401411121,2022,4
221,Pittsburgh Panthers,4815.0,4243,74.08,11.184615384615384,65.27692307692308,9,88.12045690550363,401411121,2022,4
2390,Miami Hurricanes,6317.0,4171,70.98,9.067415730337078,46.86516853932584,14,66.02817793256293,401426568,2022,4
2393,Middle Tennessee Blue Raiders,4089.0,2332,67.03,6.491803278688525,38.22950819672131,14,57.0310589386158,401426568,2022,4
2,Auburn Tigers,4385.0,1556,66.44,6.909090909090909,23.575757575757574,13,35.48460661345496,401403894,2022,4
142,Missouri Tigers,4604.0,2252,73.08,6.587301587301587,35.74603174603175,13,48.91398783666377,401403894,2022,4
344,Mississippi State Bulldogs,4294.0,2745,67.09,6.703125,42.890625,12,63.92640894271076,401403899,2022,4
189,Bowling Green Falcons,4290.0,1977,79.44,6.185185185185185,36.611111111111114,12,46.08391608391609,401403899,2022,4
2628,TCU Horned Frogs,4240.0,2467,66.25,6.296875,38.546875,12,58.18396226415094,401404078,2022,4
2567,SMU Mustangs,6620.0,4986,77.88,8.964705882352941,58.65882352941176,11,75.31722054380664,401404078,2022,4
150,Duke Blue Devils,5685.0,3960,80.07,8.23943661971831,55.774647887323944,10,69.65699208443272,401404079,2022,4
2305,Kansas Jayhawks,4531.0,3637,73.08,7.483870967741935,58.66129032258065,11,80.26925623482676,401404079,2022,4
97,Louisville Cardinals,5199.0,3661,68.41,6.9868421052631575,48.171052631578945,14,70.41738795922292,401411119,2022,4
58,South Florida Bulls,4416.0,1219,72.39,6.295081967213115,19.983606557377048,13,27.604166666666668,401411119,2022,4
2084,Buffalo Bulls,5613.0,4926,68.45,10.878048780487806,60.073170731707314,11,87.7605558524853,401416604,2022,4
2199,Eastern Michigan Eagles,3635.0,2506,72.7,7.02,50.12,9,68.94085281980743,401416604,2022,4
38,Colorado Buffaloes,5770.0,3193,76.93,8.866666666666667,42.57333333333333,12,55.33795493934142,401403998,2022,4
26,UCLA Bruins,4375.0,3085,71.72,6.098360655737705,50.57377049180328,12,70.51428571428572,401403998,2022,4
113,Massachusetts Minutemen,5168.0,1776,72.79,6.901408450704225,25.014084507042252,14,34.36532507739938,401414781,2022,4
218,Temple Owls,3912.0,2201,66.31,6.203389830508475,37.30508474576271,13,56.26278118609407,401414781,2022,4
153,North Carolina Tar Heels,4673.0,3010,77.88,7.433333333333334,50.166666666666664,12,64.41258292317569,401404126,2022,4
87,Notre Dame Fighting Irish,5779.0,4708,69.63,8.626506024096386,56.72289156626506,12,81.4673818999827,401404126,2022,4
127,Michigan State Spartans,3260.0,1838,74.09,7.340909090909091,41.77272727272727,8,56.38036809815951,401405092,2022,4
135,Minnesota Golden Gophers,5229.0,4710,74.7,10.728571428571428,67.28571428571429,8,90.07458405048766,401405092,2022,4
84,Indiana Hoosiers,7531.0,3969,73.83,9.401960784313726,38.911764705882355,18,52.70216438719957,401405096,2022,4
2132,Cincinnati Bearcats,4681.0,2096,67.84,5.130434782608695,30.3768115942029,17,44.77675710318308,401405096,2022,4
2026,Appalachian State Mountaineers,1537.0,1864,24.79,5.967741935483871,30.06451612903226,14,121.27521145087833,401415037,2022,4
256,James Madison Dukes,1702.0,3230,24.31,7.985714285714286,46.142857142857146,13,189.77673325499413,401415037,2022,4
2649,Toledo Rockets,1467.0,3175,20.38,7.541666666666667,44.09722222222222,14,216.42808452624405,401415224,2022,4
21,San Diego State Aztecs,1761.0,1406,31.45,5.446428571428571,25.107142857142858,13,79.84099943214083,401415224,2022,4
2229,Florida International Panthers,5411.0,1075,76.21,5.394366197183099,15.140845070422536,16,19.86693771946036,401426565,2022,4
98,Western Kentucky Hilltoppers,4794.0,3996,67.52,5.929577464788732,56.28169014084507,14,83.35419274092615,401426565,2022,4
235,Memphis Tigers,5159.0,2676,73.7,6.6571428571428575,38.22857142857143,16,51.870517542159334,401426569,2022,4
249,North Texas Mean Green,5692.0,2560,72.05,5.341772151898734,32.40506329113924,18,44.975404075895995,401426569,2022,4
2640,Texas Southern Tigers,5664.0,3180,69.93,7.08641975308642,39.25925925925926,16,56.144067796610166,401426572,2022,4
2636,UTSA Roadrunners,4569.0,2873,74.9,5.377049180327869,47.09836065573771,14,62.880280148829065,401426572,2022,4
2116,UCF Knights,4987.0,3503,72.28,11.115942028985508,50.768115942028984,10,70.24263084018448,401411122,2022,4
59,Georgia Tech Yellow Jackets,1459.0,2590,23.16,6.682539682539683,41.111111111111114,12,177.51884852638793,401411122,2022,4
16,Sacramento State Hornets,4857.0,3672,65.64,9.513513513513514,49.62162162162162,10,75.60222359481162,401415221,2022,4
36,Colorado State Rams,4111.0,1695,80.61,5.8431372549019605,33.23529411764706,10,41.230844076866944,401415221,2022,4
25,California Golden Bears,4988.0,3868,76.74,6.984615384615385,59.50769230769231,13,77.54611066559744,401403996,2022,4
12,Arizona Wildcats,5427.0,3682,76.44,6.591549295774648,51.859154929577464,12,67.84595540814446,401403996,2022,4
2335,Liberty Flames,4232.0,2199,66.12,6.59375,34.359375,12,51.96124763705104,401404160,2022,4
2006,Akron Zips,5262.0,2464,69.24,7.973684210526316,32.421052631578945,13,46.826301786393,401404160,2022,4
290,Georgia Southern Eagles,5952.0,4480,77.3,9.324675324675324,58.18181818181818,11,75.26881720430107,401416605,2022,4
2050,Ball State Cardinals,5868.0,4157,75.23,9.294871794871796,53.294871794871796,11,70.8418541240627,401416605,2022,4
295,Old Dominion Monarchs,4259.0,1946,74.72,5.87719298245614,34.14035087719298,13,45.691476872505284,401426335,2022,4
2032,Arkansas State Red Wolves,2129.0,2504,26.61,7.225,31.3,15,117.6139032409582,401426335,2022,4
242,Rice Owls,4793.0,2660,76.08,6.412698412698413,42.22222222222222,12,55.497600667640306,401426570,2022,4
248,Houston Cougars,4203.0,2635,73.74,7.333333333333333,46.228070175438596,10,62.69331429931002,401426570,2022,4
164,Rutgers Scarlet Knights,1465.0,3308,20.07,8.95890410958904,45.31506849315068,11,225.80204778156997,401405091,2022,4
2294,Iowa Hawkeyes,1220.0,2377,22.59,7.555555555555555,44.01851851851852,10,194.8360655737705,401405091,2022,4
2655,Tulane Green Wave,5643.0,3394,74.25,7.894736842105263,44.6578947368421,12,60.14531277689172,401415040,2022,4
2572,Southern Miss Golden Eagles,3044.0,1408,60.88,5.74,28.16,10,46.254927726675426,401415040,2022,4
2277,Houston Christian Huskies,4013.0,749,74.31,5.888888888888889,13.87037037037037,12,18.66434089210067,401418793,2022,4
326,Texas State Bobcats,6186.0,4584,79.31,9.282051282051283,58.76923076923077,12,74.10281280310379,401418793,2022,4
2653,Troy Trojans,4194.0,2244,76.25,5.381818181818182,40.8,12,53.50500715307582,401426393,2022,4
276,Marshall Thundering Herd,4518.0,1064,67.43,6.626865671641791,15.880597014925373,13,23.550243470562197,401426393,2022,4
2348,Louisiana Tech Bulldogs,4960.0,2519,78.73,6.7936507936507935,39.98412698412698,12,50.78629032258065,401426567,2022,4
6,South Alabama Jaguars,4177.0,2342,69.62,5.95,39.03333333333333,11,56.06894900646397,401426567,2022,4
99,LSU Tigers,6242.0,5249,79.01,9.91139240506329,66.44303797468355,10,84.09163729573855,401403897,2022,4
167,New Mexico Lobos,2478.0,378,75.09,3.787878787878788,11.454545454545455,10,15.254237288135593,401403897,2022,4
193,Miami (OH) RedHawks,4444.0,2159,72.85,8.295081967213115,35.39344262295082,12,48.582358235823584,401405093,2022,4
77,Northwestern Wildcats,5411.0,2926,73.12,7.945945945945946,39.54054054054054,12,54.07503234152652,401405093,2022,4
2429,Charlotte 49ers,5102.0,3020,79.72,8.1875,47.1875,11,59.19247353978832,401426564,2022,4
2579,South Carolina Gamecocks,4317.0,3880,65.41,7.4393939393939394,58.78787878787879,11,89.87722955756313,401426564,2022,4
2226,Florida Atlantic Owls,5307.0,3570,74.75,8.605633802816902,50.28169014084507,12,67.2696438665913,401426566,2022,4
2509,Purdue Boilermakers,4224.0,2626,68.13,6.645161290322581,42.354838709677416,12,62.16856060606061,401426566,2022,4
166,New Mexico State Aggies,3511.0,2945,62.7,6.928571428571429,52.589285714285715,10,83.8792366847052,401409237,2022,4
62,Hawai'i Rainbow Warriors,5341.0,3866,74.18,9.13888888888889,53.69444444444444,10,72.38344879236098,401409237,2022,4
103,Boston College Eagles,4739.0,2023,75.22,6.698412698412699,32.111111111111114,12,42.68833087149188,401411118,2022,4
52,Florida State Seminoles,4597.0,3414,70.72,6.892307692307693,52.52307692307692,11,74.26582553839461,401411118,2022,4
2433,UL Monroe Warhawks,4921.0,2265,75.71,6.446153846153846,34.84615384615385,14,46.027230237756555,401426336,2022,4
309,Louisiana Ragin' Cajuns,5521.0,2551,69.89,7.848101265822785,32.29113924050633,14,46.20539757290346,401426336,2022,4
2711,Western Michigan Broncos,4794.0,2149,78.59,9.40983606557377,35.22950819672131,11,44.826866916979554,401415225,2022,4
23,San José State Spartans,3352.0,2341,65.73,6.235294117647059,45.90196078431372,10,69.83890214797135,401415225,2022,4
328,Utah State Aggies,5487.0,3225,68.59,7.5625,40.3125,13,58.77528704209951,401415226,2022,5
252,BYU Cougars,4227.0,2699,74.16,6.807017543859649,47.35087719298246,11,63.85143127513603,401415226,2022,5
2579,South Carolina Gamecocks,3652.0,2777,62.97,6.396551724137931,47.87931034482759,12,76.04052573932093,401403908,2022,5
2569,South Carolina State Bulldogs,4161.0,1576,75.65,5.636363636363637,28.654545454545456,14,37.87551069454458,401403908,2022,5
26,UCLA Bruins,4756.0,3936,67.94,8.4,56.22857142857143,10,82.75862068965517,401404007,2022,5
264,Washington Huskies,5762.0,4334,80.03,10.23611111111111,60.19444444444444,10,75.21693856299896,401404007,2022,5
248,Houston Cougars,5820.0,3306,72.75,9.2625,41.325,12,56.8041237113402,401415625,2022,5
2655,Tulane Green Wave,3717.0,1882,68.83,6.425925925925926,34.851851851851855,11,50.63223029324724,401415625,2022,5
2636,UTSA Roadrunners,1913.0,4590,24.22,8.367088607594937,58.10126582278481,12,239.93727130162048,401426576,2022,5
2393,Middle Tennessee Blue Raiders,1859.0,3424,25.12,7.8108108108108105,46.270270270270274,12,184.18504572350727,401426576,2022,5
167,New Mexico Lobos,1673.0,2123,26.98,6.0,34.24193548387097,13,126.89778840406456,401415229,2022,5
2439,UNLV Rebels,5068.0,2932,74.53,7.470588235294118,43.11764705882353,12,57.85319652722968,401415229,2022,5
142,Missouri Tigers,3628.0,1848,68.45,6.0,34.867924528301884,11,50.93715545755237,401403907,2022,5
61,Georgia Bulldogs,5766.0,3934,73.92,9.128205128205128,50.43589743589744,12,68.22754075615678,401403907,2022,5
333,Alabama Crimson Tide,4303.0,2643,68.3,5.682539682539683,41.95238095238095,14,61.42226353706716,401403902,2022,5
8,Arkansas Razorbacks,6089.0,3379,71.64,7.741176470588235,39.752941176470586,15,55.49351289210051,401403902,2022,5
164,Rutgers Scarlet Knights,4261.0,1104,76.09,5.232142857142857,19.714285714285715,13,25.909410936399905,401405104,2022,5
194,Ohio State Buckeyes,3594.0,2630,60.92,7.101694915254237,44.57627118644068,11,73.17751808569838,401405104,2022,5
130,Michigan Wolverines,4854.0,3233,74.68,9.553846153846154,49.738461538461536,9,66.60486196950968,401405100,2022,5
2294,Iowa Hawkeyes,4068.0,2165,73.96,7.290909090909091,39.36363636363637,10,53.220255653883974,401405100,2022,5
152,NC State Wolfpack,5232.0,3187,75.83,8.956521739130435,46.18840579710145,11,60.91360856269113,401411125,2022,5
228,Clemson Tigers,4775.0,3398,72.35,9.06060606060606,51.484848484848484,10,71.16230366492147,401411125,2022,5
30,USC Trojans,4768.0,4217,72.24,8.545454545454545,63.89393939393939,8,88.44379194630872,401404003,2022,5
9,Arizona State Sun Devils,4526.0,3188,74.2,8.918032786885245,52.26229508196721,9,70.43747238179408,401404003,2022,5
96,Kentucky Wildcats,4473.0,2563,73.33,7.295081967213115,42.01639344262295,11,57.29935166554885,401403905,2022,5
145,Ole Miss Rebels,4664.0,2937,70.67,8.075757575757576,44.5,11,62.971698113207545,401403905,2022,5
239,Baylor Bears,5314.0,2971,75.91,6.585714285714285,42.44285714285714,13,55.9089198343997,401404083,2022,5
197,Oklahoma State Cowboys,5159.0,3182,67.88,8.789473684210526,41.86842105263158,11,61.67861988757511,401404083,2022,5
77,Northwestern Wildcats,4870.0,2142,74.92,6.046153846153846,32.95384615384615,14,43.983572895277206,401405105,2022,5
213,Penn State Nittany Lions,5389.0,2297,69.99,6.857142857142857,29.83116883116883,15,42.62386342549638,401405105,2022,5
254,Utah Utes,3766.0,2516,67.25,6.857142857142857,44.92857142857143,11,66.80828465215082,401404006,2022,5
204,Oregon State Beavers,4519.0,3134,69.52,7.4,48.215384615384615,11,69.35162646603231,401404006,2022,5
24,Stanford Cardinal,5285.0,2576,75.5,6.6,36.8,14,48.741721854304636,401404005,2022,5
2483,Oregon Ducks,5003.0,2971,69.49,6.722222222222222,41.263888888888886,15,59.38436937837297,401404005,2022,5
344,Mississippi State Bulldogs,5557.0,3938,80.54,10.130434782608695,57.072463768115945,11,70.86557495051287,401403906,2022,5
245,Texas A&M Aggies,5035.0,3671,71.93,8.514285714285714,52.44285714285714,12,72.90963257199603,401403906,2022,5
2628,TCU Horned Frogs,5555.0,3709,74.07,5.906666666666666,49.45333333333333,16,66.76867686768676,401404086,2022,5
201,Oklahoma Sooners,5594.0,2622,69.06,6.62962962962963,32.370370370370374,16,46.8716481944941,401404086,2022,5
2509,Purdue Boilermakers,4611.0,2366,69.86,7.03030303030303,35.84848484848485,13,51.312079809152024,401405101,2022,5
135,Minnesota Golden Gophers,4072.0,1674,69.02,5.101694915254237,28.372881355932204,13,41.11001964636542,401405101,2022,5
52,Florida State Seminoles,4409.0,2981,69.98,8.222222222222221,47.317460317460316,10,67.61170333408936,401411127,2022,5
154,Wake Forest Demon Deacons,6392.0,4777,77.01,11.734939759036145,57.55421686746988,10,74.73404255319149,401411127,2022,5
221,Pittsburgh Panthers,5626.0,2970,77.07,7.013698630136986,40.68493150684932,13,52.79061500177746,401411129,2022,5
59,Georgia Tech Yellow Jackets,4607.0,2251,65.81,7.228571428571429,32.15714285714286,13,48.8604297807684,401411129,2022,5
2306,Kansas State Wildcats,3527.0,2015,64.13,6.345454545454546,36.63636363636363,14,57.13070598242132,401404085,2022,5
2641,Texas Tech Red Raiders,5874.0,3317,72.52,7.074074074074074,40.95061728395062,15,56.469186244467146,401404085,2022,5
349,Army Black Knights,5543.0,3613,72.93,9.144736842105264,47.53947368421053,10,65.18130976005773,401404137,2022,5
2247,Georgia State Panthers,4008.0,2883,67.93,9.152542372881356,48.86440677966102,11,71.9311377245509,401404137,2022,5
356,Illinois Fighting Illini,1914.0,2215,30.38,6.523809523809524,35.15873015873016,11,115.72622779519331,401405099,2022,5
275,Wisconsin Badgers,1627.0,1546,29.58,6.581818181818182,28.10909090909091,11,95.02151198524892,401405099,2022,5
103,Boston College Eagles,3568.0,2033,69.96,5.568627450980392,39.86274509803921,14,56.978699551569505,401411124,2022,5
97,Louisville Cardinals,5067.0,2885,70.38,7.111111111111111,40.06944444444444,13,56.93704361555161,401411124,2022,5
2426,Navy Midshipmen,4072.0,2103,74.04,7.636363636363637,38.236363636363635,10,51.645383104125735,401415227,2022,5
2005,Air Force Falcons,3978.0,2322,71.04,7.071428571428571,41.464285714285715,10,58.3710407239819,401415227,2022,5
218,Temple Owls,4569.0,1707,77.44,5.186440677966102,28.93220338983051,14,37.36047275114905,401415628,2022,5
235,Memphis Tigers,5964.0,2786,68.55,7.206896551724138,32.02298850574713,14,46.713615023474176,401415628,2022,5
256,James Madison Dukes,5252.0,3492,69.11,6.776315789473684,45.94736842105263,15,66.48895658796648,401426338,2022,5
326,Texas State Bobcats,4151.0,1471,71.57,4.879310344827586,25.362068965517242,16,35.43724403758131,401426338,2022,5
2199,Eastern Michigan Eagles,5033.0,2641,74.01,7.073529411764706,38.838235294117645,12,52.47367375322869,401414782,2022,5
113,Massachusetts Minutemen,5391.0,2823,73.85,8.876712328767123,38.67123287671233,11,52.36505286588759,401414782,2022,5
2459,Northern Illinois Huskies,5710.0,3930,74.16,8.25974025974026,51.03896103896104,13,68.82661996497373,401416608,2022,5
2050,Ball State Cardinals,5580.0,3868,68.89,7.962962962962963,47.75308641975309,12,69.31899641577061,401416608,2022,5
2305,Kansas Jayhawks,3011.0,1309,66.91,5.2,29.08888888888889,11,43.47392892726669,401404084,2022,5
66,Iowa State Cyclones,6101.0,3526,78.22,10.76923076923077,45.205128205128204,10,57.79380429437797,401404084,2022,5
41,UConn Huskies,4737.0,2696,69.66,7.029411764705882,39.64705882352941,12,56.91365843360777,401404151,2022,5
278,Fresno State Bulldogs,3476.0,1131,72.42,5.041666666666667,23.5625,11,32.537399309551205,401404151,2022,5
127,Michigan State Spartans,5080.0,3176,76.97,8.818181818181818,48.121212121212125,11,62.51968503937008,401405103,2022,5
120,Maryland Terrapins,5912.0,4330,78.83,9.64,57.733333333333334,10,73.24086603518268,401405103,2022,5
153,North Carolina Tar Heels,5503.0,4264,75.38,8.616438356164384,58.41095890410959,12,77.4850081773578,401411128,2022,5
259,Virginia Tech Hokies,5202.0,2284,74.31,7.857142857142857,32.628571428571426,12,43.90618992695117,401411128,2022,5
2117,Central Michigan Chippewas,4485.0,2088,63.17,8.267605633802816,29.408450704225352,14,46.55518394648829,401416607,2022,5
2649,Toledo Rockets,4557.0,2635,66.04,6.101449275362318,38.18840579710145,14,57.82312925170068,401416607,2022,5
2006,Akron Zips,3082.0,1883,73.38,8.404761904761905,44.833333333333336,9,61.09669046073978,401416609,2022,5
189,Bowling Green Falcons,2648.0,1627,71.57,7.351351351351352,43.972972972972975,9,61.44259818731118,401416609,2022,5
193,Miami (OH) RedHawks,3199.0,1150,76.17,5.857142857142857,27.38095238095238,11,35.948733979368555,401416610,2022,5
2084,Buffalo Bulls,3242.0,1982,73.68,7.886363636363637,45.04545454545455,10,61.135101789019124,401416610,2022,5
195,Ohio Bobcats,4597.0,2589,71.83,7.28125,40.453125,13,56.31933869915162,401416611,2022,5
2309,Kent State Golden Flashes,7449.0,4910,80.97,8.369565217391305,53.369565217391305,13,65.9148879044167,401416611,2022,5
2026,Appalachian State Mountaineers,3070.0,2336,66.74,5.826086956521739,50.78260869565217,11,76.09120521172639,401421140,2022,5
2643,The Citadel Bulldogs,4835.0,2255,72.16,8.91044776119403,33.656716417910445,11,46.639089968976215,401421140,2022,5
2241,Gardner-Webb Runnin' Bulldogs,3768.0,598,73.88,4.0588235294117645,11.72549019607843,15,15.870488322717621,401426339,2022,5
276,Marshall Thundering Herd,5532.0,2425,64.33,6.767441860465116,28.197674418604652,16,43.83586406362979,401426339,2022,5
249,North Texas Mean Green,5655.0,3811,79.65,8.211267605633802,53.67605633802817,13,67.39168877099911,401426575,2022,5
2226,Florida Atlantic Owls,5454.0,3202,69.92,6.82051282051282,41.05128205128205,14,58.709204253758706,401426575,2022,5
2681,Wagner Seahawks,2748.0,283,74.27,4.486486486486487,7.648648648648648,10,10.298398835516739,401411130,2022,5
183,Syracuse Orange,3435.0,3187,61.34,6.285714285714286,56.910714285714285,10,92.7802037845706,401411130,2022,5
6,South Alabama Jaguars,2314.0,2743,30.45,8.421052631578947,36.0921052631579,12,118.53932584269663,401426341,2022,5
309,Louisiana Ragin' Cajuns,1580.0,2567,23.94,8.93939393939394,38.89393939393939,12,162.46835443037975,401426341,2022,5
25,California Golden Bears,4870.0,1887,79.84,5.967213114754099,30.934426229508198,12,38.747433264887064,401404004,2022,5
265,Washington State Cougars,4374.0,2531,70.55,6.419354838709677,40.82258064516129,12,57.86465477823503,401404004,2022,5
295,Old Dominion Monarchs,5536.0,3156,71.9,7.961038961038961,40.98701298701299,13,57.00867052023121,401404161,2022,5
2335,Liberty Flames,4780.0,3198,74.69,6.640625,49.96875,13,66.90376569037657,401404161,2022,5
2711,Western Michigan Broncos,1056.0,1641,22.0,4.770833333333333,34.1875,14,155.39772727272728,401416612,2022,5
160,New Hampshire Wildcats,1513.0,1692,21.93,7.115942028985507,24.52173913043478,15,111.83079973562458,401416612,2022,5
2429,Charlotte 49ers,4925.0,3450,75.77,8.307692307692308,53.07692307692308,12,70.05076142131979,401426573,2022,5
2638,UTEP Miners,4124.0,3257,72.35,9.473684210526315,57.14035087719298,9,78.97672162948594,401426573,2022,5
2,Auburn Tigers,5172.0,3217,74.96,7.6231884057971016,46.6231884057971,12,62.20030935808198,401403903,2022,5
99,LSU Tigers,5640.0,2303,77.26,6.945205479452055,31.54794520547945,13,40.833333333333336,401403903,2022,5
202,Tulsa Golden Hurricane,5842.0,2798,72.12,7.839506172839506,34.54320987654321,13,47.89455665867853,401415627,2022,5
2132,Cincinnati Bearcats,4450.0,1807,75.42,6.135593220338983,30.627118644067796,12,40.60674157303371,401415627,2022,5
290,Georgia Southern Eagles,5466.0,3369,73.86,7.945945945945946,45.527027027027025,12,61.63556531284303,401426337,2022,5
324,Coastal Carolina Chanticleers,4723.0,3396,72.66,6.815384615384615,52.246153846153845,13,71.90345119627355,401426337,2022,5
2433,UL Monroe Warhawks,3955.0,2198,73.24,7.148148148148148,40.7037037037037,11,55.575221238938056,401426340,2022,5
2032,Arkansas State Red Wolves,4905.0,3879,67.19,9.136986301369863,53.136986301369866,11,79.08256880733946,401426340,2022,5
98,Western Kentucky Hilltoppers,1972.0,3824,23.48,8.714285714285714,45.523809523809526,11,193.91480730223122,401426578,2022,5
2653,Troy Trojans,1811.0,3538,25.87,7.957142857142857,50.542857142857144,11,195.36167863059083,401426578,2022,5
277,West Virginia Mountaineers,5706.0,4016,73.15,11.384615384615385,51.48717948717949,9,70.38205397826849,401404087,2022,5
251,Texas Longhorns,4168.0,2849,70.64,6.627118644067797,48.28813559322034,10,68.35412667946257,401404087,2022,5
84,Indiana Hoosiers,5564.0,1961,80.64,5.202898550724638,28.420289855072465,15,35.244428468727534,401405102,2022,5
158,Nebraska Cornhuskers,4944.0,2184,67.73,6.904109589041096,29.91780821917808,16,44.1747572815534,401405102,2022,5
258,Virginia Cavaliers,1190.0,1290,31.32,9.263157894736842,33.94736842105263,8,108.40336134453781,401411126,2022,5
150,Duke Blue Devils,1694.0,2636,28.71,7.52542372881356,44.67796610169491,11,155.60802833530107,401411126,2022,5
2751,Wyoming Cowboys,3791.0,1360,71.53,5.679245283018868,25.660377358490567,13,35.874439461883405,401415230,2022,5
23,San José State Spartans,5517.0,3674,73.56,8.186666666666667,48.986666666666665,13,66.59416349465289,401415230,2022,5
5,UAB Blazers,4845.0,2829,75.7,7.828125,44.203125,11,58.39009287925697,401426577,2022,5
242,Rice Owls,3711.0,2292,71.37,8.48076923076923,44.07692307692308,10,61.762328213419565,401426577,2022,5
2229,Florida International Panthers,1875.0,2998,30.24,8.596774193548388,48.354838709677416,9,159.89333333333335,401426574,2022,5
166,New Mexico State Aggies,1412.0,2249,24.34,8.379310344827585,38.775862068965516,9,159.27762039660055,401426574,2022,5
12,Arizona Wildcats,4889.0,4373,70.86,9.043478260869565,63.3768115942029,11,89.445694416036,401404002,2022,5
38,Colorado Buffaloes,3528.0,1875,76.7,6.934782608695652,40.76086956521739,10,53.14625850340136,401404002,2022,5
331,Eastern Washington Eagles,6277.0,3587,73.85,8.552941176470588,42.2,12,57.14513302533057,401403904,2022,5
57,Florida Gators,3590.0,2918,73.27,5.816326530612245,59.55102040816327,13,81.28133704735376,401403904,2022,5
2116,UCF Knights,4993.0,3203,70.32,6.971830985915493,45.11267605633803,13,64.14980973362708,401415629,2022,6
2567,SMU Mustangs,6543.0,3811,77.89,7.333333333333333,45.36904761904762,14,58.245453156044626,401415629,2022,6
158,Nebraska Cornhuskers,5107.0,1932,78.57,6.138461538461539,29.723076923076924,13,37.830428823183865,401405111,2022,6
164,Rutgers Scarlet Knights,4731.0,1913,69.57,5.735294117647059,28.13235294117647,14,40.43542591418305,401405111,2022,6
235,Memphis Tigers,5385.0,3957,71.8,9.133333333333333,52.76,13,73.48189415041783,401415630,2022,6
248,Houston Cougars,5808.0,3935,71.7,7.962962962962963,48.58024691358025,12,67.75137741046832,401415630,2022,6
36,Colorado State Rams,4028.0,1102,73.24,4.963636363636364,20.036363636363635,13,27.358490566037737,401415233,2022,6
2440,Nevada Wolf Pack,6438.0,3191,78.51,8.487804878048781,38.91463414634146,14,49.56508232370302,401415233,2022,6
23,San José State Spartans,4695.0,3594,74.52,8.34920634920635,57.04761904761905,11,76.54952076677316,401415236,2022,6
2439,UNLV Rebels,3992.0,1545,73.93,6.074074074074074,28.61111111111111,11,38.70240480961924,401415236,2022,6
333,Alabama Crimson Tide,5000.0,2765,71.43,6.742857142857143,39.5,14,55.3,401403909,2022,6
245,Texas A&M Aggies,5054.0,2290,71.18,6.267605633802817,32.25352112676056,14,45.310645033636725,401403909,2022,6
2,Auburn Tigers,4891.0,1173,77.63,5.26984126984127,18.61904761904762,14,23.982825598037213,401403911,2022,6
61,Georgia Bulldogs,4431.0,2965,63.3,6.771428571428571,42.357142857142854,14,66.9149176258181,401403911,2022,6
194,Ohio State Buckeyes,6067.0,4714,81.99,7.297297297297297,63.7027027027027,12,77.69902752596012,401405110,2022,6
127,Michigan State Spartans,3723.0,1620,77.56,5.583333333333333,33.75,11,43.51329572925061,401405110,2022,6
84,Indiana Hoosiers,5594.0,2491,75.59,7.662162162162162,33.66216216216216,12,44.52985341437254,401405108,2022,6
130,Michigan Wolverines,5326.0,3722,71.01,7.48,49.626666666666665,12,69.88358993616222,401405108,2022,6
265,Washington State Cougars,4715.0,2013,77.3,6.049180327868853,33.0,12,42.69353128313892,401404012,2022,6
30,USC Trojans,4897.0,3425,70.97,8.391304347826088,49.63768115942029,11,69.94078006943026,401404012,2022,6
2641,Texas Tech Red Raiders,8001.0,5383,77.68,9.902912621359222,52.262135922330096,14,67.27909011373578,401404091,2022,6
197,Oklahoma State Cowboys,5391.0,3706,62.69,8.813953488372093,43.093023255813954,14,68.74420330179929,401404091,2022,6
145,Ole Miss Rebels,4202.0,3502,71.22,8.864406779661017,59.355932203389834,10,83.34126606377916,401403915,2022,6
238,Vanderbilt Commodores,5657.0,3887,74.43,10.118421052631579,51.14473684210526,12,68.71133109421955,401403915,2022,6
254,Utah Utes,5772.0,4313,74.96,8.675324675324676,56.01298701298701,10,74.72279972279972,401404011,2022,6
26,UCLA Bruins,4306.0,3432,72.98,7.559322033898305,58.16949152542373,10,79.70274036228518,401404011,2022,6
2483,Oregon Ducks,5131.0,3898,75.46,6.470588235294118,57.3235294117647,12,75.96959656986942,401404008,2022,6
12,Arizona Wildcats,4788.0,2599,71.46,6.850746268656716,38.791044776119406,12,54.28153717627402,401404008,2022,6
152,NC State Wolfpack,4804.0,2492,70.65,6.911764705882353,36.64705882352941,13,51.87343880099917,401411134,2022,6
52,Florida State Seminoles,4366.0,2282,77.96,6.339285714285714,40.75,12,52.267521759047185,401411134,2022,6
349,Army Black Knights,5501.0,2960,74.34,8.608108108108109,40.0,11,53.80839847300491,401404138,2022,6
154,Wake Forest Demon Deacons,4299.0,3521,69.34,7.467741935483871,56.79032258064516,10,81.90276808560131,401404138,2022,6
2305,Kansas Jayhawks,4884.0,3160,68.79,7.23943661971831,44.50704225352113,13,64.7010647010647,401404089,2022,6
2628,TCU Horned Frogs,4447.0,2658,70.59,5.904761904761905,42.19047619047619,13,59.770631886665164,401404089,2022,6
66,Iowa State Cyclones,4944.0,2389,81.05,8.672131147540984,39.16393442622951,11,48.32119741100323,401404088,2022,6
2306,Kansas State Wildcats,4236.0,2220,74.32,6.982456140350878,38.94736842105263,11,52.40793201133145,401404088,2022,6
264,Washington Huskies,6588.0,4730,75.72,9.74712643678161,54.367816091954026,11,71.79720704310868,401404009,2022,6
9,Arizona State Sun Devils,4471.0,3572,74.52,8.783333333333333,59.53333333333333,9,79.89264146723328,401404009,2022,6
8,Arkansas Razorbacks,5186.0,3013,77.4,6.970149253731344,44.97014925373134,12,58.098727342846125,401403914,2022,6
344,Mississippi State Bulldogs,5595.0,4326,68.23,8.060975609756097,52.75609756097561,12,77.31903485254692,401403914,2022,6
58,South Florida Bulls,4859.0,3208,77.13,8.317460317460318,50.92063492063492,10,66.02181518831036,401415633,2022,6
2132,Cincinnati Bearcats,3921.0,2574,66.46,6.661016949152542,43.6271186440678,11,65.64651874521806,401415633,2022,6
142,Missouri Tigers,4979.0,3003,69.15,8.38888888888889,41.708333333333336,10,60.31331592689295,401403910,2022,6
57,Florida Gators,3133.0,2045,74.6,6.309523809523809,48.69047619047619,8,65.27290137248643,401403910,2022,6
2633,Tennessee Volunteers,1332.0,4224,17.53,8.960526315789474,55.578947368421055,11,317.1171171171171,401403913,2022,6
99,LSU Tigers,5747.0,4021,78.73,9.027397260273972,55.082191780821915,10,69.96693927266399,401403913,2022,6
201,Oklahoma Sooners,4388.0,1640,74.37,6.661016949152542,27.796610169491526,13,37.3746581586144,401404090,2022,6
251,Texas Longhorns,5711.0,4719,70.51,7.753086419753086,58.25925925925926,13,82.63001225704781,401404090,2022,6
2509,Purdue Boilermakers,4931.0,3281,68.49,7.916666666666667,45.56944444444444,12,66.53822754005273,401405109,2022,6
120,Maryland Terrapins,4581.0,2301,72.71,6.619047619047619,36.523809523809526,13,50.22920759659463,401405109,2022,6
258,Virginia Cavaliers,4039.0,2184,69.64,6.206896551724138,37.6551724137931,12,54.07279029462738,401411136,2022,6
97,Louisville Cardinals,5261.0,3682,70.15,8.28,49.093333333333334,13,69.98669454476335,401411136,2022,6
2711,Western Michigan Broncos,6646.0,3508,73.03,7.6923076923076925,38.54945054945055,15,52.7836292506771,401416614,2022,6
2199,Eastern Michigan Eagles,6569.0,5294,67.72,7.371134020618556,54.577319587628864,14,80.59065306743797,401416614,2022,6
2084,Buffalo Bulls,4824.0,3261,70.94,8.073529411764707,47.955882352941174,12,67.59950248756219,401416617,2022,6
189,Bowling Green Falcons,5197.0,2528,75.32,6.72463768115942,36.63768115942029,14,48.64344814315952,401416617,2022,6
2006,Akron Zips,5906.0,4629,74.76,9.341772151898734,58.59493670886076,10,78.37792075855063,401416616,2022,6
195,Ohio Bobcats,3840.0,3387,71.11,7.518518518518518,62.72222222222222,9,88.203125,401416616,2022,6
113,Massachusetts Minutemen,4207.0,1298,76.49,5.072727272727272,23.6,14,30.85333967197528,401404164,2022,6
2335,Liberty Flames,4192.0,2405,61.65,5.279411764705882,35.36764705882353,15,57.37118320610687,401404164,2022,6
275,Wisconsin Badgers,4982.0,3991,74.36,8.432835820895523,59.56716417910448,10,80.10839020473705,401405107,2022,6
77,Northwestern Wildcats,5319.0,2743,79.39,7.134328358208955,40.940298507462686,11,51.56984395563076,401405107,2022,6
259,Virginia Tech Hokies,5433.0,2538,72.44,6.866666666666666,33.84,16,46.71452236333517,401411135,2022,6
221,Pittsburgh Panthers,5024.0,2923,71.77,5.714285714285714,41.75714285714286,17,58.18073248407644,401411135,2022,6
2655,Tulane Green Wave,5105.0,3285,77.35,9.090909090909092,49.77272727272727,10,64.34867776689521,401415631,2022,6
151,East Carolina Pirates,5701.0,3282,77.04,8.175675675675675,44.351351351351354,11,57.56884757060165,401415631,2022,6
2426,Navy Midshipmen,4763.0,3006,62.67,7.578947368421052,39.55263157894737,14,63.11148435859752,401415632,2022,6
202,Tulsa Golden Hurricane,3852.0,1824,78.61,5.775510204081633,37.224489795918366,12,47.35202492211838,401415632,2022,6
2050,Ball State Cardinals,4310.0,1698,68.41,5.825396825396825,26.952380952380953,14,39.39675174013921,401416613,2022,6
2117,Central Michigan Chippewas,7061.0,2735,73.55,7.208333333333333,28.489583333333332,17,38.73389038379833,401416613,2022,6
2649,Toledo Rockets,3514.0,2711,63.89,7.8545454545454545,49.29090909090909,8,77.14854866249289,401416615,2022,6
2459,Northern Illinois Huskies,6311.0,4263,70.91,9.337078651685394,47.89887640449438,13,67.5487244493741,401416615,2022,6
5,UAB Blazers,4850.0,3828,74.62,8.123076923076923,58.89230769230769,11,78.9278350515464,401426581,2022,6
2393,Middle Tennessee Blue Raiders,5879.0,3857,72.58,9.864197530864198,47.617283950617285,11,65.60639564551795,401426581,2022,6
150,Duke Blue Devils,1946.0,2949,26.66,9.054794520547945,40.397260273972606,11,151.5416238437821,401411132,2022,6
59,Georgia Tech Yellow Jackets,1394.0,3670,19.91,8.685714285714285,52.42857142857143,11,263.2711621233859,401411132,2022,6
2390,Miami Hurricanes,6216.0,4408,77.7,8.1875,55.1,11,70.91377091377092,401411133,2022,6
153,North Carolina Tar Heels,5458.0,4427,77.97,10.271428571428572,63.24285714285714,10,81.11029681201906,401411133,2022,6
98,Western Kentucky Hilltoppers,5671.0,3860,77.68,7.876712328767123,52.87671232876713,10,68.06559689649092,401426582,2022,6
2636,UTSA Roadrunners,5545.0,3949,72.96,8.776315789473685,51.96052631578947,11,71.21731289449954,401426582,2022,6
328,Utah State Aggies,4257.0,3367,74.68,8.368421052631579,59.07017543859649,9,79.09325816302561,401415231,2022,6
2005,Air Force Falcons,4595.0,3192,69.62,9.56060606060606,48.36363636363637,9,69.46681175190425,401415231,2022,6
167,New Mexico Lobos,5350.0,2582,75.35,7.901408450704225,36.36619718309859,13,48.26168224299065,401415234,2022,6
2751,Wyoming Cowboys,4194.0,2224,71.08,5.9491525423728815,37.69491525423729,12,53.028135431568906,401415234,2022,6
2032,Arkansas State Red Wolves,3834.0,2184,73.73,8.326923076923077,42.0,11,56.96400625978091,401426343,2022,6
256,James Madison Dukes,5924.0,4674,76.94,10.246753246753247,60.701298701298704,11,78.89939230249831,401426343,2022,6
2026,Appalachian State Mountaineers,5121.0,3259,72.13,7.535211267605634,45.901408450704224,12,63.63991407928139,401426345,2022,6
326,Texas State Bobcats,3941.0,2813,64.61,8.557377049180328,46.114754098360656,10,71.37782288759198,401426345,2022,6
2572,Southern Miss Golden Eagles,4260.0,1736,72.2,8.203389830508474,29.423728813559322,12,40.751173708920184,401426346,2022,6
2653,Troy Trojans,3983.0,2016,68.67,6.068965517241379,34.758620689655174,12,50.615114235500876,401426346,2022,6
2229,Florida International Panthers,4952.0,3084,73.91,7.91044776119403,46.02985074626866,10,62.27786752827141,401426579,2022,6
41,UConn Huskies,4871.0,3459,76.11,8.71875,54.046875,10,71.01211250256621,401426579,2022,6
2638,UTEP Miners,6463.0,5101,72.62,10.134831460674157,57.31460674157304,13,78.92619526535664,401426580,2022,6
2348,Louisiana Tech Bulldogs,3754.0,2452,67.04,6.339285714285714,43.785714285714285,12,65.31699520511455,401426580,2022,6
96,Kentucky Wildcats,1555.0,2537,24.68,8.492063492063492,40.26984126984127,12,163.15112540192925,401403912,2022,6
2579,South Carolina Gamecocks,1641.0,2301,26.9,7.344262295081967,37.721311475409834,12,140.21937842778794,401403912,2022,6
252,BYU Cougars,3272.0,1961,71.13,6.173913043478261,42.630434782608695,10,59.932762836185816,401404127,2022,6
87,Notre Dame Fighting Irish,1934.0,4168,27.24,8.605633802816902,58.70422535211268,10,215.511892450879,401404127,2022,6
356,Illinois Fighting Illini,5127.0,2969,71.21,9.805555555555555,41.236111111111114,11,57.909108640530526,401405106,2022,6
2294,Iowa Hawkeyes,4928.0,1684,78.22,6.73015873015873,26.73015873015873,13,34.172077922077925,401405106,2022,6
228,Clemson Tigers,1458.0,2372,23.14,5.492063492063492,37.65079365079365,14,162.6886145404664,401411131,2022,6
103,Boston College Eagles,5029.0,1691,69.85,6.138888888888889,23.48611111111111,15,33.62497514416385,401411131,2022,6
2433,UL Monroe Warhawks,4542.0,3262,65.83,7.913043478260869,47.27536231884058,11,71.81858212241303,401426344,2022,6
324,Coastal Carolina Chanticleers,4620.0,2938,82.5,7.428571428571429,52.464285714285715,10,63.59307359307359,401426344,2022,6
68,Boise State Broncos,4402.0,3431,62.89,8.985714285714286,49.01428571428571,11,77.9418446160836,401415232,2022,6
278,Fresno State Bulldogs,4122.0,2188,71.07,8.206896551724139,37.724137931034484,11,53.081028626880155,401415232,2022,6
21,San Diego State Aztecs,5480.0,2985,78.29,8.057142857142857,42.642857142857146,10,54.47080291970803,401415235,2022,6
62,Hawai'i Rainbow Warriors,4465.0,2266,81.18,7.381818181818182,41.2,10,50.75027995520717,401415235,2022,6
24,Stanford Cardinal,1696.0,2736,27.8,7.229508196721311,44.85245901639344,12,161.32075471698113,401404010,2022,6
204,Oregon State Beavers,1374.0,3769,19.91,9.304347826086957,54.6231884057971,12,274.3085880640466,401404010,2022,6
309,Louisiana Ragin' Cajuns,4120.0,2251,65.4,6.492063492063492,35.73015873015873,12,54.63592233009709,401426347,2022,7
276,Marshall Thundering Herd,4699.0,2394,71.2,7.378787878787879,36.27272727272727,11,50.94701000212811,401426347,2022,7
239,Baylor Bears,5269.0,3949,75.27,7.914285714285715,56.41428571428571,13,74.94780793319416,401404092,2022,7
277,West Virginia Mountaineers,5560.0,4086,73.16,8.276315789473685,53.76315789473684,12,73.48920863309353,401404092,2022,7
218,Temple Owls,5368.0,2953,75.61,9.19718309859155,41.59154929577465,11,55.01117734724292,401415634,2022,7
2116,UCF Knights,4779.0,4264,70.28,6.867647058823529,62.705882352941174,12,89.22368696379996,401415634,2022,7
2567,SMU Mustangs,3246.0,2195,70.57,6.326086956521739,47.71739130434783,10,67.62168823166975,401415635,2022,7
2426,Navy Midshipmen,7595.0,5660,76.72,10.747474747474747,57.17171717171717,11,74.52271231073074,401415635,2022,7
2229,Florida International Panthers,5402.0,2750,72.03,7.493333333333333,36.666666666666664,13,50.90707145501666,401426584,2022,7
2636,UTSA Roadrunners,5218.0,3129,73.49,6.915492957746479,44.070422535211264,13,59.965504024530475,401426584,2022,7
61,Georgia Bulldogs,5524.0,5028,70.82,9.41025641025641,64.46153846153847,10,91.02099927588704,401403918,2022,7
238,Vanderbilt Commodores,3854.0,809,82.0,5.212765957446808,17.21276595744681,11,20.991177996886353,401403918,2022,7
2633,Tennessee Volunteers,5027.0,3284,71.81,6.4,46.91428571428571,14,65.32723294211259,401403921,2022,7
333,Alabama Crimson Tide,6233.0,4841,75.1,9.156626506024097,58.325301204819276,11,77.6672549334189,401403921,2022,7
228,Clemson Tigers,4260.0,2418,64.55,8.969696969696969,36.63636363636363,11,56.76056338028169,401411138,2022,7
52,Florida State Seminoles,5996.0,4651,78.89,9.31578947368421,61.19736842105263,11,77.56837891927952,401411138,2022,7
130,Michigan Wolverines,5549.0,4666,70.24,10.746835443037975,59.063291139240505,10,84.0872229230492,401405115,2022,7
213,Penn State Nittany Lions,3841.0,2041,76.82,7.24,40.82,8,53.137203853163236,401405115,2022,7
30,USC Trojans,5671.0,3860,82.19,7.3478260869565215,55.94202898550725,11,68.06559689649092,401404017,2022,7
254,Utah Utes,5691.0,5057,73.91,9.38961038961039,65.67532467532467,10,88.8596028817431,401404017,2022,7
2628,TCU Horned Frogs,6002.0,3734,72.31,7.0843373493975905,44.98795180722892,15,62.21259580139953,401404095,2022,7
197,Oklahoma State Cowboys,5268.0,2791,70.24,6.48,37.21333333333333,15,52.98025816249051,401404095,2022,7
145,Ole Miss Rebels,6012.0,4569,69.91,9.209302325581396,53.127906976744185,13,75.99800399201597,401403920,2022,7
2,Auburn Tigers,4771.0,2866,73.4,7.2,44.09230769230769,12,60.071263885977785,401403920,2022,7
183,Syracuse Orange,3769.0,3038,68.53,8.563636363636364,55.236363636363635,8,80.60493499602016,401411139,2022,7
152,NC State Wolfpack,4981.0,2905,72.19,11.826086956521738,42.10144927536232,9,58.32162216422405,401411139,2022,7
251,Texas Longhorns,5036.0,3531,75.16,8.597014925373134,52.701492537313435,10,70.11517077045274,401404093,2022,7
66,Iowa State Cyclones,4791.0,3320,74.86,8.84375,51.875,10,69.29659778751827,401404093,2022,7
356,Illinois Fighting Illini,6630.0,5511,78.93,13.142857142857142,65.60714285714286,9,83.12217194570135,401405112,2022,7
135,Minnesota Golden Gophers,2889.0,1294,72.22,5.9,32.35,9,44.79058497750086,401405112,2022,7
290,Georgia Southern Eagles,5520.0,3522,72.63,6.828947368421052,46.3421052631579,15,63.80434782608695,401426349,2022,7
256,James Madison Dukes,6599.0,4512,75.85,7.0,51.86206896551724,16,68.37399606000909,401426349,2022,7
349,Army Black Knights,4196.0,3162,72.34,8.862068965517242,54.51724137931034,11,75.35748331744519,401404139,2022,7
2142,Colgate Raiders,4017.0,2426,62.77,7.34375,37.90625,10,60.393328354493406,401404139,2022,7
189,Bowling Green Falcons,4527.0,2683,66.57,8.455882352941176,39.455882352941174,10,59.266622487298434,401416622,2022,7
193,Miami (OH) RedHawks,3553.0,1163,71.06,5.54,23.26,11,32.73290177314945,401416622,2022,7
324,Coastal Carolina Chanticleers,6448.0,4494,75.86,9.976470588235294,52.870588235294115,10,69.69602977667493,401426348,2022,7
295,Old Dominion Monarchs,3279.0,2745,68.31,6.333333333333333,57.1875,9,83.71454711802379,401426348,2022,7
259,Virginia Tech Hokies,1134.0,1841,19.22,5.813559322033898,31.203389830508474,12,162.34567901234567,401411140,2022,7
2390,Miami Hurricanes,1535.0,2947,23.98,8.609375,46.046875,11,191.98697068403908,401411140,2022,7
2084,Buffalo Bulls,4863.0,3016,74.82,6.907692307692308,46.4,12,62.01932963191446,401414783,2022,7
113,Massachusetts Minutemen,4227.0,1935,76.85,6.5636363636363635,35.18181818181818,11,45.77714691270405,401414783,2022,7
38,Colorado Buffaloes,4832.0,2303,72.12,7.537313432835821,34.37313432835821,13,47.6614238410596,401404014,2022,7
25,California Golden Bears,4499.0,2172,62.49,6.986111111111111,30.166666666666668,14,48.27739497666148,401404014,2022,7
2050,Ball State Cardinals,5167.0,2959,65.41,8.316455696202532,37.45569620253165,13,57.26727307915618,401404153,2022,7
41,UConn Huskies,4323.0,1833,69.73,5.887096774193548,29.56451612903226,12,42.40111034004164,401404153,2022,7
8,Arkansas Razorbacks,6051.0,5181,73.79,9.817073170731707,63.18292682926829,11,85.62221120475954,401403916,2022,7
252,BYU Cougars,5338.0,3977,75.18,7.788732394366197,56.014084507042256,12,74.50355938553766,401403916,2022,7
2241,Gardner-Webb Runnin' Bulldogs,6010.0,3087,77.05,7.423076923076923,39.57692307692308,15,51.364392678868555,401404162,2022,7
2335,Liberty Flames,3879.0,1805,64.65,5.216666666666667,30.083333333333332,15,46.532611497808716,401404162,2022,7
84,Indiana Hoosiers,5432.0,4177,72.43,9.906666666666666,55.693333333333335,12,76.8961708394698,401405114,2022,7
120,Maryland Terrapins,5247.0,3109,65.59,7.5,38.8625,12,59.25290642271774,401405114,2022,7
2459,Northern Illinois Huskies,3952.0,2004,63.74,6.854838709677419,32.32258064516129,12,50.7085020242915,401416620,2022,7
2199,Eastern Michigan Eagles,3523.0,897,71.9,6.285714285714286,18.306122448979593,12,25.461254612546124,401416620,2022,7
2649,Toledo Rockets,4688.0,3345,66.97,6.685714285714286,47.785714285714285,13,71.35238907849829,401416621,2022,7
2309,Kent State Golden Flashes,4937.0,3019,68.57,7.75,41.93055555555556,13,61.15049625278509,401416621,2022,7
195,Ohio Bobcats,4040.0,2985,58.55,7.478260869565218,43.26086956521739,13,73.88613861386139,401416623,2022,7
2711,Western Michigan Broncos,4577.0,2175,75.03,6.459016393442623,35.65573770491803,13,47.52020974437404,401416623,2022,7
2653,Troy Trojans,4458.0,2141,73.08,6.098360655737705,35.09836065573771,13,48.02602063705697,401426352,2022,7
326,Texas State Bobcats,4521.0,1791,77.95,6.172413793103448,30.879310344827587,12,39.615129396151296,401426352,2022,7
2429,Charlotte 49ers,3756.0,1733,75.12,5.48,34.66,11,46.1395101171459,401426583,2022,7
5,UAB Blazers,5240.0,4463,69.87,10.213333333333333,59.50666666666667,11,85.17175572519083,401426583,2022,7
98,Western Kentucky Hilltoppers,5991.0,3307,71.32,7.333333333333333,39.36904761904762,15,55.199465865464866,401426587,2022,7
2393,Middle Tennessee Blue Raiders,5428.0,2038,73.35,6.22972972972973,27.54054054054054,17,37.546057479734706,401426587,2022,7
275,Wisconsin Badgers,4301.0,2519,69.37,7.806451612903226,40.62903225806452,12,58.56777493606138,401405116,2022,7
127,Michigan State Spartans,4692.0,3187,73.31,7.6875,49.796875,13,67.92412617220802,401405116,2022,7
2655,Tulane Green Wave,5728.0,4335,68.19,9.261904761904763,51.607142857142854,14,75.68086592178771,401415636,2022,7
58,South Florida Bulls,3710.0,1800,74.2,4.76,36.0,13,48.517520215633425,401415636,2022,7
249,North Texas Mean Green,5092.0,4147,76.0,8.970149253731343,61.8955223880597,12,81.44147682639435,401426586,2022,7
2348,Louisiana Tech Bulldogs,5597.0,3452,76.67,7.465753424657534,47.28767123287671,12,61.67589780239414,401426586,2022,7
264,Washington Huskies,5072.0,4411,71.44,7.633802816901408,62.12676056338028,11,86.96766561514195,401404013,2022,7
12,Arizona Wildcats,5050.0,3505,75.37,7.746268656716418,52.3134328358209,12,69.4059405940594,401404013,2022,7
57,Florida Gators,4107.0,2800,69.61,7.915254237288136,47.45762711864407,10,68.1762843925006,401403917,2022,7
99,LSU Tigers,5614.0,4726,82.56,10.220588235294118,69.5,8,84.18240114000713,401403917,2022,7
328,Utah State Aggies,5842.0,2875,73.03,7.1,35.9375,15,49.21259842519685,401415238,2022,7
36,Colorado State Rams,4245.0,1485,64.32,5.803030303030303,22.5,14,34.98233215547703,401415238,2022,7
6,South Alabama Jaguars,2722.0,3661,38.89,7.057142857142857,52.3,13,134.49669360764145,401426350,2022,7
2433,UL Monroe Warhawks,1588.0,2325,28.36,6.696428571428571,41.517857142857146,12,146.41057934508817,401426350,2022,7
2572,Southern Miss Golden Eagles,4993.0,3004,74.52,7.895522388059701,44.83582089552239,10,60.164229921890644,401426351,2022,7
2032,Arkansas State Red Wolves,4728.0,2619,75.05,7.634920634920635,41.57142857142857,10,55.39340101522843,401426351,2022,7
344,Mississippi State Bulldogs,1158.0,1725,24.64,7.51063829787234,36.702127659574465,9,148.96373056994818,401403919,2022,7
96,Kentucky Wildcats,1827.0,3566,25.03,8.452054794520548,48.84931506849315,10,195.1833607006021,401403919,2022,7
24,Stanford Cardinal,6057.0,3150,76.67,8.417721518987342,39.87341772151899,11,52.00594353640416,401404016,2022,7
87,Notre Dame Fighting Irish,4125.0,1910,67.62,6.114754098360656,31.311475409836067,11,46.303030303030305,401404016,2022,7
158,Nebraska Cornhuskers,3845.0,2200,73.94,5.115384615384615,42.30769230769231,13,57.21716514954486,401405113,2022,7
2509,Purdue Boilermakers,6779.0,5085,69.89,8.876288659793815,52.422680412371136,13,75.01106357869892,401405113,2022,7
151,East Carolina Pirates,5350.0,3901,72.3,9.04054054054054,52.71621621621622,11,72.91588785046729,401415637,2022,7
235,Memphis Tigers,5139.0,3623,68.52,7.36,48.306666666666665,13,70.50009729519361,401415637,2022,7
167,New Mexico Lobos,1185.0,2950,16.93,10.685714285714285,42.142857142857146,11,248.9451476793249,401409239,2022,7
166,New Mexico State Aggies,1609.0,1049,36.57,6.181818181818182,23.84090909090909,10,65.19577377252952,401409239,2022,7
153,North Carolina Tar Heels,5551.0,4216,77.1,7.958333333333333,58.55555555555556,11,75.95027922896776,401411137,2022,7
150,Duke Blue Devils,4867.0,3714,70.54,7.855072463768116,53.82608695652174,11,76.3098417916581,401411137,2022,7
204,Oregon State Beavers,4865.0,3094,71.54,8.014705882352942,45.5,11,63.597122302158276,401404015,2022,7
265,Washington State Cougars,5617.0,2998,75.91,7.5,40.513513513513516,12,53.37368702154175,401404015,2022,7
2439,UNLV Rebels,1618.0,963,73.55,6.636363636363637,43.77272727272727,6,59.51792336217552,401415237,2022,7
2005,Air Force Falcons,3018.0,2078,68.59,9.454545454545455,47.22727272727273,9,68.85354539430087,401415237,2022,7
23,San José State Spartans,1621.0,1877,24.94,6.153846153846154,28.876923076923077,15,115.79272054287478,401415239,2022,7
278,Fresno State Bulldogs,1521.0,2353,23.05,6.0606060606060606,35.65151515151515,14,154.7008547008547,401415239,2022,7
2440,Nevada Wolf Pack,4857.0,3126,73.59,10.681818181818182,47.36363636363637,10,64.36071649166152,401415240,2022,7
62,Hawai'i Rainbow Warriors,4428.0,3199,67.09,9.363636363636363,48.46969696969697,9,72.24480578139115,401415240,2022,7
2026,Appalachian State Mountaineers,5462.0,3817,66.61,7.682926829268292,46.548780487804876,13,69.88282680336873,401426353,2022,8
2247,Georgia State Panthers,4801.0,2163,75.02,6.15625,33.796875,13,45.05311393459696,401426353,2022,8
59,Georgia Tech Yellow Jackets,5606.0,1941,76.79,6.616438356164384,26.589041095890412,15,34.62361755262219,401411141,2022,8
258,Virginia Cavaliers,4760.0,2480,67.04,5.746478873239437,34.929577464788736,16,52.10084033613445,401411141,2022,8
6,South Alabama Jaguars,4859.0,1581,77.13,6.714285714285714,25.095238095238095,11,32.5375591685532,401426354,2022,8
2653,Troy Trojans,4406.0,1954,72.23,7.622950819672131,32.032786885245905,10,44.348615524285066,401426354,2022,8
202,Tulsa Golden Hurricane,5313.0,3002,78.13,6.4411764705882355,44.14705882352941,15,56.50291737248259,401415638,2022,8
218,Temple Owls,5206.0,2188,71.32,6.8493150684931505,29.972602739726028,14,42.028428736073764,401415638,2022,8
98,Western Kentucky Hilltoppers,4364.0,2140,68.19,7.3125,33.4375,13,49.03758020164986,401426592,2022,8
5,UAB Blazers,3774.0,1704,77.02,5.163265306122449,34.775510204081634,12,45.151033386327505,401426592,2022,8
2294,Iowa Hawkeyes,4417.0,1073,74.86,5.491525423728813,18.1864406779661,15,24.29250622594521,401405119,2022,8
194,Ohio State Buckeyes,3137.0,2036,51.43,5.80327868852459,33.377049180327866,15,64.90277335033471,401405119,2022,8
2633,Tennessee Volunteers,5655.0,4293,68.13,7.554216867469879,51.72289156626506,15,75.91511936339522,401403926,2022,8
2630,UT Martin Skyhawks,5428.0,3304,71.42,7.2894736842105265,43.473684210526315,14,60.869565217391305,401403926,2022,8
228,Clemson Tigers,5942.0,3860,70.74,9.714285714285714,45.95238095238095,12,64.96129249410973,401411142,2022,8
183,Syracuse Orange,4017.0,1781,75.79,5.566037735849057,33.60377358490566,11,44.336569579288025,401411142,2022,8
333,Alabama Crimson Tide,4311.0,2187,67.36,6.5,34.171875,12,50.73068893528184,401403922,2022,8
344,Mississippi State Bulldogs,6532.0,3446,75.08,10.816091954022989,39.60919540229885,12,52.75566442131047,401403922,2022,8
145,Ole Miss Rebels,5517.0,3066,76.62,8.444444444444445,42.583333333333336,11,55.573681348559,401403923,2022,8
99,LSU Tigers,5206.0,4338,68.5,8.355263157894736,57.078947368421055,10,83.32693046484825,401403923,2022,8
2628,TCU Horned Frogs,5551.0,3909,70.27,8.20253164556962,49.48101265822785,12,70.41974419023599,401404097,2022,8
2306,Kansas State Wildcats,3501.0,2260,67.33,6.538461538461538,43.46153846153846,11,64.55298486146815,401404097,2022,8
2483,Oregon Ducks,5304.0,4739,71.68,9.743243243243244,64.04054054054055,9,89.3476621417798,401404021,2022,8
26,UCLA Bruins,4956.0,4074,72.88,10.705882352941176,59.911764705882355,7,82.20338983050847,401404021,2022,8
251,Texas Longhorns,5559.0,2506,68.63,5.074074074074074,30.938271604938272,19,45.08005036877136,401404098,2022,8
197,Oklahoma State Cowboys,7350.0,4345,75.0,6.979591836734694,44.33673469387755,19,59.1156462585034,401404098,2022,8
103,Boston College Eagles,5078.0,2157,74.68,7.602941176470588,31.720588235294116,13,42.477353288696335,401411145,2022,8
154,Wake Forest Demon Deacons,5054.0,3993,68.3,8.486486486486486,53.95945945945946,12,79.00672734467749,401411145,2022,8
213,Penn State Nittany Lions,4764.0,3333,71.1,6.8059701492537314,49.74626865671642,14,69.96221662468514,401405120,2022,8
135,Minnesota Golden Gophers,4897.0,2635,73.09,7.059701492537314,39.32835820895522,13,53.808454155605475,401405120,2022,8
2567,SMU Mustangs,4995.0,2704,74.55,7.447761194029851,40.35820895522388,13,54.134134134134136,401415641,2022,8
2132,Cincinnati Bearcats,4582.0,2583,63.64,8.25,35.875,13,56.37276298559581,401415641,2022,8
235,Memphis Tigers,5479.0,4007,74.04,8.324324324324325,54.148648648648646,12,73.13378353714181,401415639,2022,8
2655,Tulane Green Wave,4562.0,3188,66.12,8.391304347826088,46.20289855072464,11,69.8816308636563,401415639,2022,8
239,Baylor Bears,5719.0,4617,71.49,10.65,57.7125,10,80.73089700996678,401404096,2022,8
2305,Kansas Jayhawks,3686.0,2547,76.79,7.729166666666667,53.0625,10,69.09929462832339,401404096,2022,8
2433,UL Monroe Warhawks,4015.0,2786,77.21,8.0,53.57692307692308,11,69.38978829389788,401404140,2022,8
349,Army Black Knights,4113.0,3339,64.27,7.765625,52.171875,10,81.18161925601751,401404140,2022,8
164,Rutgers Scarlet Knights,5357.0,2796,74.4,8.708333333333334,38.833333333333336,12,52.193391823781965,401405121,2022,8
84,Indiana Hoosiers,4635.0,1919,78.56,6.1525423728813555,32.52542372881356,13,41.40237324703344,401405121,2022,8
2426,Navy Midshipmen,4474.0,2424,71.02,8.333333333333334,38.476190476190474,10,54.17970496200268,401415640,2022,8
248,Houston Cougars,3916.0,3139,62.16,7.079365079365079,49.82539682539682,12,80.15832482124617,401415640,2022,8
2309,Kent State Golden Flashes,4320.0,2799,69.68,6.419354838709677,45.145161290322584,11,64.79166666666667,401416628,2022,8
2006,Akron Zips,6139.0,4503,73.08,10.535714285714286,53.607142857142854,12,73.35070858446001,401416628,2022,8
2390,Miami Hurricanes,4648.0,1862,68.35,6.0,27.38235294117647,14,40.06024096385542,401411144,2022,8
150,Duke Blue Devils,3717.0,2343,57.18,8.123076923076923,36.04615384615385,14,63.03470540758676,401411144,2022,8
2117,Central Michigan Chippewas,4503.0,2383,75.05,6.483333333333333,39.71666666666667,12,52.92027537197424,401416629,2022,8
189,Bowling Green Falcons,3966.0,1968,63.97,6.258064516129032,31.741935483870968,11,49.62178517397882,401416629,2022,8
2199,Eastern Michigan Eagles,5684.0,3492,72.87,10.012820512820513,44.76923076923077,10,61.43560872624912,401416624,2022,8
2050,Ball State Cardinals,4384.0,2553,73.07,8.05,42.55,9,58.23448905109489,401416624,2022,8
2459,Northern Illinois Huskies,4689.0,2666,73.27,8.296875,41.65625,9,56.856472595436124,401416625,2022,8
195,Ohio Bobcats,4718.0,3416,81.34,8.551724137931034,58.89655172413793,9,72.40356083086053,401416625,2022,8
87,Notre Dame Fighting Irish,4098.0,2900,56.14,7.1506849315068495,39.726027397260275,14,70.76622742801366,401404128,2022,8
2439,UNLV Rebels,4383.0,1928,74.29,5.627118644067797,32.67796610169491,15,43.988135979922426,401404128,2022,8
277,West Virginia Mountaineers,5053.0,2451,76.56,8.030303030303031,37.13636363636363,12,48.50583811597071,401404099,2022,8
2641,Texas Tech Red Raiders,7100.0,5808,72.45,11.051020408163266,59.265306122448976,12,81.80281690140845,401404099,2022,8
2348,Louisiana Tech Bulldogs,4755.0,2598,63.4,6.386666666666667,34.64,15,54.63722397476341,401426590,2022,8
242,Rice Owls,4771.0,3161,67.2,7.76056338028169,44.521126760563384,13,66.25445399287361,401426590,2022,8
252,BYU Cougars,3432.0,1419,68.64,5.68,28.38,10,41.34615384615385,401404163,2022,8
2335,Liberty Flames,5550.0,4544,74.0,9.533333333333333,60.586666666666666,11,81.87387387387388,401404163,2022,8
2509,Purdue Boilermakers,5950.0,3679,78.29,8.013157894736842,48.4078947368421,13,61.831932773109244,401405117,2022,8
275,Wisconsin Badgers,3483.0,1974,72.56,5.354166666666667,41.125,11,56.67527993109388,401405117,2022,8
120,Maryland Terrapins,5716.0,3960,75.21,10.0,52.10526315789474,11,69.27921623512947,401405118,2022,8
77,Northwestern Wildcats,4993.0,3134,72.36,8.173913043478262,45.42028985507246,10,62.767875025035046,401405118,2022,8
193,Miami (OH) RedHawks,1784.0,931,81.09,7.181818181818182,42.31818181818182,6,52.18609865470852,401416627,2022,8
2711,Western Michigan Broncos,2205.0,1095,78.75,9.178571428571429,39.107142857142854,6,49.65986394557823,401416627,2022,8
256,James Madison Dukes,5174.0,1259,71.86,4.041666666666667,17.48611111111111,21,24.33320448395825,401426355,2022,8
276,Marshall Thundering Herd,4878.0,1487,65.92,4.743243243243243,20.094594594594593,21,30.483804838048382,401426355,2022,8
295,Old Dominion Monarchs,4150.0,3020,68.03,7.918032786885246,49.50819672131148,11,72.7710843373494,401426356,2022,8
290,Georgia Southern Eagles,5752.0,3979,75.68,8.907894736842104,52.35526315789474,10,69.1759388038943,401426356,2022,8
2229,Florida International Panthers,4552.0,3592,64.11,7.901408450704225,50.59154929577465,11,78.9103690685413,401426588,2022,8
2429,Charlotte 49ers,5416.0,2891,77.37,7.642857142857143,41.3,12,53.37887740029542,401426588,2022,8
249,North Texas Mean Green,3945.0,1867,77.35,5.921568627450981,36.6078431372549,11,47.32572877059569,401426591,2022,8
2636,UTSA Roadrunners,6310.0,4170,69.34,8.857142857142858,45.824175824175825,12,66.08557844690966,401426591,2022,8
142,Missouri Tigers,4663.0,2401,74.02,6.9523809523809526,38.111111111111114,12,51.49045678747587,401403924,2022,8
238,Vanderbilt Commodores,4765.0,2039,67.11,8.267605633802816,28.718309859154928,12,42.79118572927597,401403924,2022,8
24,Stanford Cardinal,6142.0,3456,76.78,8.9625,43.2,11,56.26831650928037,401404018,2022,8
9,Arizona State Sun Devils,4545.0,2265,75.75,6.166666666666667,37.75,11,49.834983498349835,401404018,2022,8
62,Hawai'i Rainbow Warriors,3825.0,2217,75.0,7.647058823529412,43.470588235294116,9,57.96078431372549,401415242,2022,8
36,Colorado State Rams,4551.0,3500,72.24,9.507936507936508,55.55555555555556,8,76.90617446715008,401415242,2022,8
2638,UTEP Miners,4751.0,2745,70.91,7.686567164179104,40.97014925373134,11,57.77731003999158,401426589,2022,8
2226,Florida Atlantic Owls,4311.0,2369,74.33,6.775862068965517,40.8448275862069,10,54.95244722802134,401426589,2022,8
2032,Arkansas State Red Wolves,4186.0,1313,78.98,5.188679245283019,24.77358490566038,13,31.366459627329192,401426357,2022,8
309,Louisiana Ragin' Cajuns,6206.0,3837,72.16,8.406976744186046,44.616279069767444,14,61.827263938124396,401426357,2022,8
326,Texas State Bobcats,4537.0,1569,75.62,5.0,26.15,14,34.58232312100507,401426358,2022,8
2572,Southern Miss Golden Eagles,4721.0,2157,63.8,6.243243243243243,29.14864864864865,14,45.6894725693709,401426358,2022,8
278,Fresno State Bulldogs,5191.0,3761,74.16,9.042857142857143,53.72857142857143,11,72.45232132537083,401415243,2022,8
167,New Mexico Lobos,2730.0,742,62.05,5.5,16.863636363636363,10,27.17948717948718,401415243,2022,8
68,Boise State Broncos,4180.0,2158,70.85,8.745762711864407,36.57627118644068,10,51.6267942583732,401415241,2022,8
2005,Air Force Falcons,4483.0,2441,75.98,8.11864406779661,41.3728813559322,10,54.450144992192726,401415241,2022,8
2579,South Carolina Gamecocks,3853.0,1897,65.31,5.88135593220339,32.152542372881356,13,49.234362834155206,401403925,2022,8
245,Texas A&M Aggies,5797.0,2861,76.28,6.434210526315789,37.64473684210526,16,49.35311367948939,401403925,2022,8
151,East Carolina Pirates,4668.0,4063,69.67,10.522388059701493,60.64179104477612,8,87.0394173093402,401415642,2022,8
2116,UCF Knights,5344.0,3727,78.59,9.352941176470589,54.80882352941177,9,69.74176646706587,401415642,2022,8
38,Colorado Buffaloes,4127.0,2269,72.4,6.947368421052632,39.80701754385965,11,54.97940392536952,401404020,2022,8
204,Oregon State Beavers,4482.0,3455,70.03,7.59375,53.984375,11,77.08612226684515,401404020,2022,8
221,Pittsburgh Panthers,4599.0,2041,70.75,6.076923076923077,31.4,12,44.37921287236356,401411143,2022,8
97,Louisville Cardinals,3991.0,1914,72.56,5.763636363636364,34.8,12,47.95790528689552,401411143,2022,8
328,Utah State Aggies,4325.0,1389,69.76,5.838709677419355,22.403225806451612,12,32.115606936416185,401415244,2022,8
2751,Wyoming Cowboys,5852.0,3399,78.03,7.52,45.32,12,58.08270676691729,401415244,2022,8
264,Washington Huskies,6112.0,4104,74.54,9.695121951219512,50.048780487804876,10,67.14659685863874,401404019,2022,8
25,California Golden Bears,5041.0,2989,77.55,8.507692307692308,45.98461538461538,10,59.29379091450109,401404019,2022,8
2440,Nevada Wolf Pack,4612.0,2529,78.17,8.271186440677965,42.86440677966102,12,54.835212489158714,401415245,2022,8
21,San Diego State Aztecs,4340.0,2175,67.81,7.96875,33.984375,11,50.115207373271886,401415245,2022,8
265,Washington State Cougars,3462.0,1649,69.24,6.0,32.98,10,47.631426920855,401404026,2022,9
254,Utah Utes,4358.0,2604,63.16,7.942028985507246,37.73913043478261,11,59.75217989903626,401404026,2022,9
152,NC State Wolfpack,5317.0,2287,69.05,7.116883116883117,29.7012987012987,13,43.012977242806095,401411146,2022,9
259,Virginia Tech Hokies,3790.0,1159,78.96,4.708333333333333,24.145833333333332,12,30.58047493403694,401411146,2022,9
309,Louisiana Ragin' Cajuns,5245.0,2838,69.93,6.613333333333333,37.84,17,54.10867492850333,401426359,2022,9
2572,Southern Miss Golden Eagles,4148.0,1764,63.82,5.969230769230769,27.138461538461538,15,42.52651880424301,401426359,2022,9
252,BYU Cougars,5246.0,3832,78.3,9.388059701492537,57.19402985074627,9,73.04613038505528,401415645,2022,9
151,East Carolina Pirates,4098.0,3105,70.66,7.155172413793103,53.53448275862069,10,75.76866764275256,401415645,2022,9
2348,Louisiana Tech Bulldogs,5597.0,4279,71.76,8.615384615384615,54.85897435897436,10,76.4516705377881,401426594,2022,9
2229,Florida International Panthers,4872.0,2719,70.61,8.057971014492754,39.405797101449274,11,55.808702791461414,401426594,2022,9
57,Florida Gators,5083.0,2623,71.59,6.901408450704225,36.943661971830984,14,51.60338382844777,401403928,2022,9
61,Georgia Bulldogs,5545.0,3711,72.01,7.441558441558442,48.1948051948052,13,66.92515779981966,401403928,2022,9
213,Penn State Nittany Lions,6078.0,3882,75.97,7.975,48.525,13,63.86969397828233,401405126,2022,9
194,Ohio State Buckeyes,3959.0,2448,67.1,6.0,41.49152542372882,13,61.83379641323567,401405126,2022,9
2633,Tennessee Volunteers,4061.0,3102,62.48,8.415384615384616,47.723076923076924,12,76.38512681605516,401403930,2022,9
96,Kentucky Wildcats,4799.0,2003,77.4,7.709677419354839,32.306451612903224,11,41.73786205459471,401403930,2022,9
130,Michigan Wolverines,5628.0,4068,72.15,9.41025641025641,52.15384615384615,10,72.28144989339019,401405125,2022,9
127,Michigan State Spartans,4266.0,1614,80.49,6.132075471698113,30.452830188679247,10,37.83403656821378,401405125,2022,9
2628,TCU Horned Frogs,4038.0,3107,73.42,7.890909090909091,56.49090909090909,10,76.94403169886083,401404103,2022,9
277,West Virginia Mountaineers,5929.0,4361,75.05,9.265822784810126,55.20253164556962,12,73.55371900826447,401404103,2022,9
2483,Oregon Ducks,5123.0,3925,68.31,6.8,52.333333333333336,13,76.61526449346086,401404024,2022,9
25,California Golden Bears,5852.0,3195,83.6,8.542857142857143,45.642857142857146,12,54.59671907040328,401404024,2022,9
197,Oklahoma State Cowboys,4911.0,1415,79.21,6.645161290322581,22.822580645161292,12,28.81286906943596,401404102,2022,9
2306,Kansas State Wildcats,4780.0,3718,66.39,8.194444444444445,51.638888888888886,13,77.78242677824268,401404102,2022,9
154,Wake Forest Demon Deacons,6357.0,3421,70.63,7.022222222222222,38.01111111111111,16,53.81469246499921,401411148,2022,9
97,Louisville Cardinals,4177.0,2624,65.27,7.078125,41.0,12,62.8202058893943,401411148,2022,9
30,USC Trojans,5632.0,4547,74.11,8.263157894736842,59.828947368421055,12,80.73508522727273,401404022,2022,9
12,Arizona Wildcats,5033.0,3911,72.94,8.304347826086957,56.68115942028985,11,77.70713292271012,401404022,2022,9
24,Stanford Cardinal,4727.0,2461,72.72,7.938461538461539,37.86153846153846,12,52.06261899724984,401404025,2022,9
26,UCLA Bruins,5773.0,4574,78.01,9.635135135135135,61.810810810810814,10,79.23090247704833,401404025,2022,9
245,Texas A&M Aggies,6009.0,3452,82.32,6.726027397260274,47.28767123287671,12,57.44716258944916,401403931,2022,9
145,Ole Miss Rebels,6593.0,4718,80.4,9.634146341463415,57.53658536585366,12,71.56074624601851,401403931,2022,9
183,Syracuse Orange,4437.0,1824,72.74,5.163934426229508,29.901639344262296,15,41.108857336037865,401404129,2022,9
87,Notre Dame Fighting Irish,4407.0,2755,59.55,7.45945945945946,37.229729729729726,14,62.51418198320853,401404129,2022,9
356,Illinois Fighting Illini,4984.0,2785,73.29,8.161764705882353,40.955882352941174,12,55.878812199036915,401405124,2022,9
158,Nebraska Cornhuskers,3524.0,1489,74.98,5.0212765957446805,31.680851063829788,12,42.25312145289444,401405124,2022,9
2132,Cincinnati Bearcats,4872.0,2533,76.12,6.734375,39.578125,12,51.99096880131363,401415644,2022,9
2116,UCF Knights,6287.0,4537,75.75,8.734939759036145,54.66265060240964,12,72.16478447590265,401415644,2022,9
153,North Carolina Tar Heels,5055.0,3564,69.25,7.561643835616438,48.821917808219176,12,70.50445103857567,401411149,2022,9
221,Pittsburgh Panthers,4715.0,2242,77.3,6.065573770491803,36.75409836065574,12,47.55037115588547,401411149,2022,9
2579,South Carolina Gamecocks,4161.0,1891,78.51,7.320754716981132,35.679245283018865,11,45.445806296563326,401403929,2022,9
142,Missouri Tigers,5019.0,3742,78.42,9.625,58.46875,9,74.5566845985256,401403929,2022,9
2,Auburn Tigers,5007.0,2880,70.52,7.197183098591549,40.563380281690144,12,57.51947273816657,401403927,2022,9
8,Arkansas Razorbacks,4967.0,3986,73.04,7.8088235294117645,58.61764705882353,12,80.2496476746527,401403927,2022,9
66,Iowa State Cyclones,6186.0,3252,73.64,8.285714285714286,38.714285714285715,13,52.570320077594566,401404100,2022,9
201,Oklahoma Sooners,5241.0,2968,72.79,8.444444444444445,41.22222222222222,14,56.63041404312154,401404100,2022,9
59,Georgia Tech Yellow Jackets,4245.0,2389,69.59,7.836065573770492,39.16393442622951,11,56.27797408716137,401411147,2022,9
52,Florida State Seminoles,6051.0,5414,74.7,9.604938271604938,66.8395061728395,10,89.47281441084118,401411147,2022,9
58,South Florida Bulls,4848.0,3120,74.58,7.984615384615385,48.0,10,64.35643564356435,401415643,2022,9
248,Houston Cougars,3982.0,3262,68.66,7.931034482758621,56.241379310344826,9,81.9186338523355,401415643,2022,9
2649,Toledo Rockets,4124.0,2735,71.1,7.896551724137931,47.1551724137931,11,66.31910766246362,401416630,2022,9
2199,Eastern Michigan Eagles,4415.0,2082,64.93,7.323529411764706,30.61764705882353,12,47.15741789354473,401416630,2022,9
193,Miami (OH) RedHawks,3962.0,1716,69.51,5.543859649122807,30.105263157894736,12,43.31145885916204,401416631,2022,9
2006,Akron Zips,5604.0,3080,76.77,7.904109589041096,42.19178082191781,14,54.96074232690935,401416631,2022,9
2390,Miami Hurricanes,4563.0,1985,70.2,7.661538461538462,30.53846153846154,11,43.50208196362043,401411150,2022,9
258,Virginia Cavaliers,4256.0,2325,80.3,7.150943396226415,43.867924528301884,9,54.62875939849624,401411150,2022,9
2429,Charlotte 49ers,3773.0,2993,59.89,6.111111111111111,47.507936507936506,12,79.32679565332627,401426593,2022,9
242,Rice Owls,4865.0,2854,78.47,6.887096774193548,46.03225806451613,12,58.6639260020555,401426593,2022,9
164,Rutgers Scarlet Knights,3507.0,965,77.93,6.2444444444444445,21.444444444444443,10,27.516395779868834,401405123,2022,9
135,Minnesota Golden Gophers,5701.0,4085,78.1,11.397260273972602,55.95890410958904,10,71.65409577267147,401405123,2022,9
2247,Georgia State Panthers,5910.0,4557,74.81,11.215189873417721,57.68354430379747,12,77.10659898477158,401426361,2022,9
295,Old Dominion Monarchs,4298.0,1624,76.75,5.571428571428571,29.0,12,37.785016286644954,401426361,2022,9
77,Northwestern Wildcats,4700.0,1959,70.15,9.865671641791044,29.238805970149254,9,41.680851063829785,401405122,2022,9
2294,Iowa Hawkeyes,4654.0,3861,70.52,10.787878787878787,58.5,8,82.9608938547486,401405122,2022,9
166,New Mexico State Aggies,3954.0,1856,74.6,5.3584905660377355,35.0188679245283,12,46.93980778958017,401409242,2022,9
113,Massachusetts Minutemen,4074.0,1489,69.05,6.220338983050848,25.23728813559322,13,36.548846342660774,401409242,2022,9
202,Tulsa Golden Hurricane,4581.0,3016,69.41,7.106060606060606,45.696969696969695,13,65.83715345994324,401415647,2022,9
2567,SMU Mustangs,5059.0,3663,67.45,9.226666666666667,48.84,12,72.40561375765962,401415647,2022,9
2026,Appalachian State Mountaineers,4803.0,3487,66.71,6.694444444444445,48.43055555555556,14,72.60045804705392,401426360,2022,9
2523,Robert Morris Colonials,4401.0,1260,78.59,6.607142857142857,22.5,13,28.629856850715747,401426360,2022,9
2032,Arkansas State Red Wolves,3734.0,928,64.38,5.189655172413793,16.0,15,24.85270487412962,401426363,2022,9
6,South Alabama Jaguars,5121.0,2408,72.13,7.028169014084507,33.91549295774648,14,47.022066002733844,401426363,2022,9
36,Colorado State Rams,3228.0,688,70.17,4.217391304347826,14.956521739130435,13,21.313506815365553,401415246,2022,9
68,Boise State Broncos,5191.0,3768,69.21,7.0,50.24,13,72.58717010209979,401415246,2022,9
9,Arizona State Sun Devils,5228.0,3713,72.61,6.638888888888889,51.56944444444444,13,71.02142310635043,401404023,2022,9
38,Colorado Buffaloes,4744.0,2832,70.81,7.6716417910447765,42.26865671641791,12,59.6964586846543,401404023,2022,9
2641,Texas Tech Red Raiders,5029.0,2683,68.89,7.561643835616438,36.75342465753425,14,53.350566713064225,401404101,2022,9
239,Baylor Bears,6178.0,3918,69.42,8.617977528089888,44.02247191011236,12,63.41858206539333,401404101,2022,9
2393,Middle Tennessee Blue Raiders,4075.0,2076,66.8,6.098360655737705,34.032786885245905,12,50.94478527607362,401426596,2022,9
2638,UTEP Miners,5736.0,3046,81.94,8.657142857142857,43.51428571428571,12,53.10320781032078,401426596,2022,9
21,San Diego State Aztecs,4719.0,3300,78.65,7.15,55.0,11,69.93006993006993,401415248,2022,9
278,Fresno State Bulldogs,4449.0,3207,64.48,8.159420289855072,46.47826086956522,12,72.08361429534727,401415248,2022,9
23,San José State Spartans,5056.0,3963,72.23,8.914285714285715,56.614285714285714,10,78.38212025316456,401415249,2022,9
2440,Nevada Wolf Pack,4498.0,2291,70.28,7.171875,35.796875,11,50.933748332592266,401415249,2022,9
2751,Wyoming Cowboys,4274.0,2443,74.98,6.298245614035087,42.85964912280702,12,57.159569489939166,401415247,2022,9
62,Hawai'i Rainbow Warriors,5144.0,3581,70.47,9.10958904109589,49.054794520547944,11,69.61508553654744,401415247,2022,9
2050,Ball State Cardinals,5460.0,2823,72.8,6.6,37.64,14,51.7032967032967,401416632,2022,10
2309,Kent State Golden Flashes,6127.0,3285,69.62,8.193181818181818,37.32954545454545,14,53.6151460747511,401416632,2022,10
2084,Buffalo Bulls,5635.0,3236,74.14,10.18421052631579,42.578947368421055,12,57.42679680567879,401416633,2022,10
195,Ohio Bobcats,3920.0,2653,66.44,5.8474576271186445,44.96610169491525,13,67.67857142857143,401416633,2022,10
2459,Northern Illinois Huskies,4610.0,2513,69.85,7.090909090909091,38.07575757575758,12,54.511930585683295,401416634,2022,10
2117,Central Michigan Chippewas,5610.0,3042,71.01,7.506329113924051,38.50632911392405,13,54.224598930481285,401416634,2022,10
2711,Western Michigan Broncos,4680.0,2475,74.29,6.7936507936507935,39.285714285714285,12,52.88461538461539,401416635,2022,10
189,Bowling Green Falcons,3927.0,2046,63.34,6.564516129032258,33.0,12,52.10084033613445,401416635,2022,10
2638,UTEP Miners,4330.0,2724,67.66,7.453125,42.5625,12,62.90993071593533,401426601,2022,10
242,Rice Owls,1729.0,3362,27.44,8.063492063492063,53.36507936507937,10,194.44765760555234,401426601,2022,10
2026,Appalachian State Mountaineers,4031.0,2527,73.29,6.0181818181818185,45.945454545454545,12,62.6891590176135,401426364,2022,10
324,Coastal Carolina Chanticleers,5292.0,3261,73.5,8.01388888888889,45.291666666666664,12,61.621315192743765,401426364,2022,10
204,Oregon State Beavers,3970.0,2602,68.45,8.413793103448276,44.86206896551724,9,65.54156171284635,401404031,2022,10
264,Washington Huskies,5888.0,4395,77.47,10.802631578947368,57.828947368421055,10,74.64334239130434,401404031,2022,10
41,UConn Huskies,3210.0,2202,55.34,7.689655172413793,37.96551724137931,12,68.59813084112149,401404155,2022,10
113,Massachusetts Minutemen,4886.0,2838,74.03,7.0,43.0,12,58.08432255423659,401404155,2022,10
103,Boston College Eagles,5944.0,3288,81.42,6.958904109589041,45.04109589041096,13,55.31628532974428,401411151,2022,10
150,Duke Blue Devils,4044.0,2540,62.22,6.138461538461539,39.07692307692308,14,62.80909990108803,401411151,2022,10
61,Georgia Bulldogs,4525.0,2848,74.18,8.278688524590164,46.68852459016394,12,62.93922651933702,401403933,2022,10
2633,Tennessee Volunteers,5313.0,2484,70.84,8.693333333333333,33.12,11,46.753246753246756,401403933,2022,10
194,Ohio State Buckeyes,4067.0,1617,66.67,5.721311475409836,26.508196721311474,12,39.75903614457831,401405129,2022,10
77,Northwestern Wildcats,5817.0,2476,76.54,8.131578947368421,32.578947368421055,13,42.56489599449888,401405129,2022,10
228,Clemson Tigers,5168.0,2685,79.51,7.123076923076923,41.30769230769231,12,51.954334365325074,401404130,2022,10
87,Notre Dame Fighting Irish,4476.0,2897,71.05,7.888888888888889,45.98412698412698,10,64.72296693476318,401404130,2022,10
164,Rutgers Scarlet Knights,3554.0,1201,74.04,4.895833333333333,25.020833333333332,13,33.792909397861564,401405133,2022,10
130,Michigan Wolverines,5030.0,3348,64.49,7.564102564102564,42.92307692307692,13,66.56063618290258,401405133,2022,10
333,Alabama Crimson Tide,5911.0,4039,72.98,8.925925925925926,49.864197530864196,12,68.3302317712739,401403934,2022,10
99,LSU Tigers,4843.0,2886,74.51,7.3076923076923075,44.4,11,59.59116250258104,401403934,2022,10
2628,TCU Horned Frogs,5178.0,3502,71.92,7.388888888888889,48.638888888888886,13,67.63229045963692,401404108,2022,10
2641,Texas Tech Red Raiders,5281.0,2498,74.38,6.070422535211268,35.183098591549296,14,47.30164741526226,401404108,2022,10
38,Colorado Buffaloes,5196.0,2760,74.23,8.857142857142858,39.42857142857143,12,53.11778290993072,401404030,2022,10
2483,Oregon Ducks,4253.0,3618,64.44,7.303030303030303,54.81818181818182,11,85.06936280272748,401404030,2022,10
30,USC Trojans,4897.0,3314,73.09,6.492537313432836,49.46268656716418,12,67.67408617520931,401404029,2022,10
25,California Golden Bears,5374.0,3881,73.62,8.150684931506849,53.16438356164384,13,72.21808708596949,401404029,2022,10
9,Arizona State Sun Devils,5606.0,4148,69.21,7.91358024691358,51.20987654320987,12,73.99215126650017,401404028,2022,10
26,UCLA Bruins,4748.0,4079,79.13,8.766666666666667,67.98333333333333,11,85.90985678180286,401404028,2022,10
2306,Kansas State Wildcats,5493.0,3834,77.37,9.098591549295774,54.0,12,69.79792463134899,401404107,2022,10
251,Texas Longhorns,4970.0,3619,71.0,7.485714285714286,51.7,11,72.8169014084507,401404107,2022,10
254,Utah Utes,5081.0,3773,64.32,7.8354430379746836,47.75949367088607,13,74.25703601653218,401404027,2022,10
12,Arizona Wildcats,4364.0,2040,77.93,5.267857142857143,36.42857142857143,12,46.74610449129239,401404027,2022,10
84,Indiana Hoosiers,4180.0,1480,66.35,5.5396825396825395,23.49206349206349,15,35.4066985645933,401405132,2022,10
213,Penn State Nittany Lions,5945.0,3624,70.77,7.333333333333333,43.142857142857146,15,60.95878889823381,401405132,2022,10
356,Illinois Fighting Illini,6551.0,3785,77.99,8.523809523809524,45.05952380952381,12,57.777438558998625,401405127,2022,10
127,Michigan State Spartans,3724.0,2119,64.21,7.396551724137931,36.53448275862069,12,56.901181525241675,401405127,2022,10
153,North Carolina Tar Heels,5318.0,4064,70.91,8.76,54.18666666666667,11,76.41970665663783,401411156,2022,10
258,Virginia Cavaliers,5574.0,3766,75.32,8.513513513513514,50.891891891891895,10,67.56368855400072,401411156,2022,10
2305,Kansas Jayhawks,5224.0,4485,74.63,10.157142857142857,64.07142857142857,10,85.85375191424195,401404106,2022,10
197,Oklahoma State Cowboys,5497.0,3790,74.28,8.91891891891892,51.21621621621622,11,68.94669819901765,401404106,2022,10
202,Tulsa Golden Hurricane,4220.0,1605,72.76,7.362068965517241,27.67241379310345,10,38.03317535545024,401415649,2022,10
2655,Tulane Green Wave,5910.0,4286,82.08,9.041666666666666,59.52777777777778,10,72.52115059221659,401415649,2022,10
221,Pittsburgh Panthers,4601.0,2529,66.68,7.391304347826087,36.65217391304348,12,54.966311671375784,401411155,2022,10
183,Syracuse Orange,3478.0,1363,74.0,6.042553191489362,29.0,12,39.189189189189186,401411155,2022,10
152,NC State Wolfpack,4815.0,3160,69.78,8.144927536231885,45.79710144927536,12,65.6282450674974,401411154,2022,10
154,Wake Forest Demon Deacons,5655.0,3727,77.47,8.150684931506849,51.054794520547944,11,65.90627763041556,401411154,2022,10
2116,UCF Knights,5144.0,3189,73.49,6.957142857142857,45.55714285714286,12,61.994556765163296,401415651,2022,10
235,Memphis Tigers,5229.0,3983,69.72,8.053333333333333,53.10666666666667,12,76.17135207496653,401415651,2022,10
349,Army Black Knights,3690.0,845,75.31,5.816326530612245,17.244897959183675,10,22.899728997289973,401404141,2022,10
2005,Air Force Falcons,4411.0,2369,66.83,8.469696969696969,35.89393939393939,11,53.70664248469735,401404141,2022,10
96,Kentucky Wildcats,3708.0,1780,62.85,5.8474576271186445,30.16949152542373,12,48.004314994606254,401403936,2022,10
142,Missouri Tigers,4200.0,1810,71.19,6.084745762711864,30.677966101694917,12,43.095238095238095,401403936,2022,10
245,Texas A&M Aggies,5406.0,2848,77.23,7.014285714285714,40.68571428571428,13,52.68220495745468,401403937,2022,10
57,Florida Gators,5222.0,3893,67.82,8.636363636363637,50.55844155844156,13,74.54998085024894,401403937,2022,10
158,Nebraska Cornhuskers,1533.0,2276,25.55,7.5,37.93333333333333,11,148.46705805609915,401405128,2022,10
135,Minnesota Golden Gophers,1465.0,2170,23.63,7.145161290322581,35.0,11,148.12286689419795,401405128,2022,10
2509,Purdue Boilermakers,1682.0,1796,23.04,6.315068493150685,24.602739726027398,14,106.77764565992865,401405130,2022,10
2294,Iowa Hawkeyes,1369.0,2144,23.6,5.758620689655173,36.96551724137931,13,156.61066471877282,401405130,2022,10
120,Maryland Terrapins,4597.0,1702,72.97,7.174603174603175,27.015873015873016,13,37.0241461822928,401405131,2022,10
275,Wisconsin Badgers,3927.0,2239,65.45,6.916666666666667,37.31666666666667,13,57.01553348612172,401405131,2022,10
98,Western Kentucky Hilltoppers,4144.0,3496,72.7,7.491228070175438,61.333333333333336,12,84.36293436293437,401426598,2022,10
2429,Charlotte 49ers,6086.0,2900,77.04,7.9113924050632916,36.70886075949367,13,47.650345054222804,401426598,2022,10
259,Virginia Tech Hokies,2042.0,1599,31.91,5.96875,24.984375,13,78.30558276199804,401411157,2022,10
59,Georgia Tech Yellow Jackets,1909.0,4079,24.47,7.294871794871795,52.294871794871796,16,213.6720796228392,401411157,2022,10
58,South Florida Bulls,5016.0,3440,71.66,8.728571428571428,49.142857142857146,11,68.5805422647528,401415648,2022,10
218,Temple Owls,4249.0,3616,65.37,8.276923076923078,55.63076923076923,11,85.10237702988938,401415648,2022,10
295,Old Dominion Monarchs,4330.0,1041,72.17,4.866666666666666,17.35,14,24.041570438799077,401426366,2022,10
276,Marshall Thundering Herd,5619.0,2719,71.13,7.177215189873418,34.41772151898734,15,48.38939313045026,401426366,2022,10
239,Baylor Bears,1934.0,1743,74.38,9.307692307692308,67.03846153846153,8,90.12409513960704,401404104,2022,10
201,Oklahoma Sooners,1874.0,1507,72.08,10.423076923076923,57.96153846153846,10,80.4162219850587,401404104,2022,10
2247,Georgia State Panthers,5409.0,3359,71.17,7.065789473684211,44.19736842105263,15,62.100203364762436,401426369,2022,10
2572,Southern Miss Golden Eagles,4665.0,1546,77.75,5.7,25.766666666666666,13,33.140407288317256,401426369,2022,10
2393,Middle Tennessee Blue Raiders,6384.0,3901,76.92,10.53012048192771,47.0,14,61.10588972431078,401426600,2022,10
2348,Louisiana Tech Bulldogs,4382.0,3124,62.6,7.128571428571429,44.628571428571426,13,71.29164764947512,401426600,2022,10
265,Washington State Cougars,4409.0,3148,65.81,6.925373134328358,46.985074626865675,13,71.39941029711953,401404032,2022,10
24,Stanford Cardinal,5262.0,2556,76.26,6.956521739130435,37.04347826086956,14,48.574686431014825,401404032,2022,10
66,Iowa State Cyclones,5405.0,3688,75.07,8.319444444444445,51.22222222222222,12,68.23311748381128,401404105,2022,10
277,West Virginia Mountaineers,3621.0,1358,73.9,4.918367346938775,27.714285714285715,12,37.50345208505938,401404105,2022,10
167,New Mexico Lobos,5060.0,2351,79.06,6.921875,36.734375,12,46.462450592885375,401415252,2022,10
328,Utah State Aggies,5073.0,3030,72.47,9.842857142857143,43.285714285714285,12,59.72797161442933,401415252,2022,10
5,UAB Blazers,5267.0,4168,77.46,9.397058823529411,61.294117647058826,9,79.13423201063223,401426602,2022,10
2636,UTSA Roadrunners,4795.0,3292,74.92,7.515625,51.4375,10,68.6548488008342,401426602,2022,10
8,Arkansas Razorbacks,1492.0,3510,19.13,9.384615384615385,45.0,13,235.25469168900804,401403932,2022,10
2335,Liberty Flames,1575.0,2321,25.82,6.377049180327869,38.049180327868854,12,147.36507936507937,401403932,2022,10
2132,Cincinnati Bearcats,4227.0,2895,79.75,9.0,54.62264150943396,8,68.48828956706885,401415650,2022,10
2426,Navy Midshipmen,4511.0,3212,76.46,11.338983050847459,54.440677966101696,9,71.20372422966084,401415650,2022,10
6,South Alabama Jaguars,6069.0,4411,75.86,8.2,55.1375,13,72.68083704069863,401426365,2022,10
290,Georgia Southern Eagles,4678.0,3203,75.45,7.596774193548387,51.66129032258065,12,68.46943138093202,401426365,2022,10
249,North Texas Mean Green,5751.0,4083,75.67,9.06578947368421,53.723684210526315,13,70.99634846113719,401426599,2022,10
2229,Florida International Panthers,4761.0,1917,74.39,6.34375,29.953125,13,40.26465028355388,401426599,2022,10
2653,Troy Trojans,5208.0,3206,75.48,9.768115942028986,46.46376811594203,11,61.55913978494624,401426367,2022,10
309,Louisiana Ragin' Cajuns,4998.0,3158,69.42,8.555555555555555,43.861111111111114,12,63.185274109643856,401426367,2022,10
2433,UL Monroe Warhawks,5125.0,3522,75.37,8.441176470588236,51.794117647058826,11,68.72195121951219,401426368,2022,10
326,Texas State Bobcats,4663.0,2753,63.88,7.2465753424657535,37.71232876712329,13,59.03924512116663,401426368,2022,10
2439,UNLV Rebels,4460.0,1952,73.11,5.967213114754099,32.0,13,43.766816143497756,401415254,2022,10
21,San Diego State Aztecs,5107.0,2553,72.96,6.6571428571428575,36.47142857142857,14,49.990209516350106,401415254,2022,10
248,Houston Cougars,4727.0,4064,66.58,5.971830985915493,57.23943661971831,14,85.97419081870108,401415652,2022,10
2567,SMU Mustangs,4803.0,4473,60.04,7.275,55.9125,13,93.12929419113054,401415652,2022,10
2,Auburn Tigers,4073.0,1604,59.9,5.088235294117647,23.58823529411765,16,39.38129143137736,401403935,2022,10
344,Mississippi State Bulldogs,5473.0,2127,69.28,5.772151898734177,26.924050632911392,17,38.86351178512699,401403935,2022,10
2579,South Carolina Gamecocks,3958.0,2488,69.44,6.543859649122807,43.64912280701754,12,62.860030318342595,401403938,2022,10
238,Vanderbilt Commodores,5252.0,3604,75.03,8.014285714285714,51.48571428571429,13,68.62147753236862,401403938,2022,10
97,Louisville Cardinals,4641.0,3073,74.85,7.693548387096774,49.564516129032256,11,66.21417797888387,401411152,2022,10
256,James Madison Dukes,3634.0,1606,71.25,6.450980392156863,31.49019607843137,11,44.1937259218492,401411152,2022,10
2390,Miami Hurricanes,4360.0,1471,83.85,6.653846153846154,28.28846153846154,11,33.73853211009175,401411153,2022,10
52,Florida State Seminoles,4365.0,3210,69.29,7.2063492063492065,50.95238095238095,11,73.53951890034364,401411153,2022,10
23,San José State Spartans,1834.0,2394,29.11,6.968253968253968,38.0,11,130.53435114503816,401415251,2022,10
36,Colorado State Rams,1878.0,3690,24.39,7.8441558441558445,47.922077922077925,12,196.4856230031949,401415251,2022,10
278,Fresno State Bulldogs,4860.0,4472,72.54,9.402985074626866,66.74626865671642,9,92.01646090534979,401415253,2022,10
62,Hawai'i Rainbow Warriors,5468.0,3269,75.94,8.88888888888889,45.40277777777778,10,59.784198975859546,401415253,2022,10
193,Miami (OH) RedHawks,1102.0,1946,23.45,5.425531914893617,41.40425531914894,10,176.5880217785844,401416638,2022,11
195,Ohio Bobcats,2058.0,4516,26.38,9.717948717948717,57.8974358974359,10,219.4363459669582,401416638,2022,11
2649,Toledo Rockets,5898.0,3146,75.62,6.269230769230769,40.333333333333336,16,53.34011529331977,401416636,2022,11
2050,Ball State Cardinals,4993.0,1530,68.4,5.232876712328767,20.958904109589042,17,30.642900060084116,401416636,2022,11
2711,Western Michigan Broncos,4671.0,2237,66.73,6.185714285714286,31.957142857142856,13,47.89124384500107,401416639,2022,11
2459,Northern Illinois Huskies,4127.0,1943,68.78,6.116666666666666,32.38333333333333,13,47.0802035376787,401416639,2022,11
2084,Buffalo Bulls,6934.0,4462,78.8,10.5,50.70454545454545,12,64.34958177098356,401416640,2022,11
2117,Central Michigan Chippewas,2974.0,1821,57.19,5.326923076923077,35.01923076923077,13,61.23066577000672,401416640,2022,11
189,Bowling Green Falcons,5841.0,2620,73.94,7.936708860759493,33.164556962025316,12,44.855332990926215,401416641,2022,11
2309,Kent State Golden Flashes,3866.0,2996,55.23,7.485714285714286,42.8,12,77.49612002069323,401416641,2022,11
202,Tulsa Golden Hurricane,4314.0,1169,71.9,5.0,19.483333333333334,14,27.097821047751506,401415653,2022,11
235,Memphis Tigers,4744.0,2407,64.99,6.972602739726027,32.97260273972603,14,50.73777403035413,401415653,2022,11
309,Louisiana Ragin' Cajuns,4588.0,3234,65.54,9.228571428571428,46.2,11,70.48823016564953,401426370,2022,11
290,Georgia Southern Eagles,6162.0,3719,79.0,8.85897435897436,47.67948717948718,11,60.35378123985719,401426370,2022,11
38,Colorado Buffaloes,3911.0,1936,71.11,6.345454545454546,35.2,12,49.50140628995142,401404033,2022,11
30,USC Trojans,5172.0,3945,70.85,8.342465753424657,54.04109589041096,12,76.27610208816705,401404033,2022,11
2132,Cincinnati Bearcats,4158.0,1760,72.95,6.350877192982456,30.87719298245614,13,42.32804232804233,401415654,2022,11
151,East Carolina Pirates,5917.0,2975,74.9,7.455696202531645,37.65822784810127,15,50.278857529153285,401415654,2022,11
278,Fresno State Bulldogs,3358.0,2846,58.91,8.912280701754385,49.92982456140351,8,84.7528290649196,401415259,2022,11
2439,UNLV Rebels,4740.0,3367,69.71,10.632352941176471,49.51470588235294,9,71.03375527426161,401415259,2022,11
344,Mississippi State Bulldogs,4797.0,2776,71.6,8.059701492537313,41.43283582089552,12,57.8695017719408,401403944,2022,11
61,Georgia Bulldogs,4916.0,3738,70.23,8.414285714285715,53.4,12,76.03742880390561,401403944,2022,11
194,Ohio State Buckeyes,5343.0,3512,74.21,6.611111111111111,48.77777777777778,15,65.73086281115478,401405139,2022,11
84,Indiana Hoosiers,4881.0,1411,76.27,4.75,22.046875,16,28.908010653554598,401405139,2022,11
2628,TCU Horned Frogs,4854.0,2463,67.42,7.5,34.208333333333336,13,50.741656365883806,401404113,2022,11
251,Texas Longhorns,4510.0,1585,73.93,6.459016393442623,25.983606557377048,12,35.14412416851441,401404113,2022,11
2633,Tennessee Volunteers,5629.0,4359,75.05,6.453333333333333,58.12,14,77.43826612186889,401403945,2022,11
142,Missouri Tigers,5527.0,2548,78.96,6.085714285714285,36.4,15,46.10095892889452,401403945,2022,11
264,Washington Huskies,4081.0,3578,74.2,8.836363636363636,65.05454545454545,9,87.67458956138202,401404037,2022,11
2483,Oregon Ducks,5999.0,4790,75.94,10.620253164556962,60.63291139240506,10,79.84664110685114,401404037,2022,11
8,Arkansas Razorbacks,4537.0,1839,66.72,6.367647058823529,27.044117647058822,13,40.533392109323344,401403939,2022,11
99,LSU Tigers,4782.0,1737,74.72,6.3125,27.140625,13,36.323713927227104,401403939,2022,11
145,Ole Miss Rebels,5496.0,3634,68.7,8.2375,45.425,13,66.12081513828238,401403943,2022,11
333,Alabama Crimson Tide,4329.0,2609,65.59,7.863636363636363,39.53030303030303,12,60.26796026796027,401403943,2022,11
228,Clemson Tigers,5247.0,3408,71.88,7.342465753424658,46.68493150684932,13,64.9514008004574,401411158,2022,11
97,Louisville Cardinals,4552.0,2342,67.94,5.6716417910447765,34.95522388059702,14,51.44991212653778,401411158,2022,11
26,UCLA Bruins,5904.0,4430,77.68,9.210526315789474,58.28947368421053,10,75.03387533875339,401404034,2022,11
12,Arizona Wildcats,4401.0,3378,67.71,7.723076923076923,51.96923076923077,10,76.75528289025222,401404034,2022,11
254,Utah Utes,5087.0,4241,73.72,8.347826086956522,61.46376811594203,10,83.36937291134264,401404038,2022,11
24,Stanford Cardinal,3810.0,1514,76.2,7.18,30.28,10,39.73753280839895,401404038,2022,11
120,Maryland Terrapins,4554.0,1192,77.19,6.898305084745763,20.203389830508474,12,26.174791392182698,401405140,2022,11
213,Penn State Nittany Lions,4954.0,2920,68.81,7.125,40.55555555555556,13,58.94226887363747,401405140,2022,11
153,North Carolina Tar Heels,6056.0,4648,71.25,8.75294117647059,54.68235294117647,12,76.75033025099076,401411164,2022,11
154,Wake Forest Demon Deacons,5448.0,4025,76.73,8.098591549295774,56.690140845070424,12,73.88032305433187,401411164,2022,11
103,Boston College Eagles,5013.0,2499,72.65,6.391304347826087,36.21739130434783,14,49.85038898862956,401411161,2022,11
152,NC State Wolfpack,4653.0,2034,69.45,5.298507462686567,30.35820895522388,16,43.7137330754352,401411161,2022,11
2116,UCF Knights,6020.0,5025,71.67,11.142857142857142,59.82142857142857,11,83.4717607973422,401415657,2022,11
2655,Tulane Green Wave,4772.0,3613,72.3,9.075757575757576,54.74242424242424,11,75.7124895222129,401415657,2022,11
239,Baylor Bears,4742.0,2326,76.48,7.645161290322581,37.516129032258064,9,49.051033319274566,401404109,2022,11
2306,Kansas State Wildcats,5646.0,4128,75.28,10.333333333333334,55.04,9,73.11370882040383,401404109,2022,11
2426,Navy Midshipmen,4674.0,3199,79.22,8.508474576271187,54.220338983050844,12,68.44244758237056,401404131,2022,11
87,Notre Dame Fighting Irish,3528.0,2234,65.33,6.351851851851852,41.370370370370374,12,63.321995464852606,401404131,2022,11
2509,Purdue Boilermakers,5388.0,3434,73.81,7.534246575342466,47.04109589041096,12,63.73422420193022,401405134,2022,11
356,Illinois Fighting Illini,4355.0,2305,69.13,6.634920634920635,36.58730158730159,13,52.927669345579794,401405134,2022,11
52,Florida State Seminoles,4469.0,2992,63.84,7.485714285714286,42.74285714285714,12,66.9501006936675,401411162,2022,11
183,Syracuse Orange,3173.0,846,73.79,4.604651162790698,19.674418604651162,12,26.66246454459502,401411162,2022,11
96,Kentucky Wildcats,3772.0,2739,71.17,9.11320754716981,51.679245283018865,9,72.61399787910922,401403942,2022,11
238,Vanderbilt Commodores,4946.0,3684,77.28,9.453125,57.5625,9,74.48443186413263,401403942,2022,11
277,West Virginia Mountaineers,6269.0,3937,72.9,9.5,45.77906976744186,13,62.80108470250439,401404112,2022,11
201,Oklahoma Sooners,5207.0,2834,76.57,6.897058823529412,41.6764705882353,12,54.42673324371039,401404112,2022,11
2335,Liberty Flames,5753.0,3158,72.82,8.734177215189874,39.9746835443038,13,54.89309925256388,401404156,2022,11
41,UConn Huskies,4029.0,2472,69.47,6.0344827586206895,42.62068965517241,11,61.35517498138496,401404156,2022,11
164,Rutgers Scarlet Knights,6007.0,3660,80.09,8.546666666666667,48.8,11,60.92891626435825,401405138,2022,11
127,Michigan State Spartans,4845.0,3379,73.41,7.742424242424242,51.196969696969695,10,69.74200206398349,401405138,2022,11
259,Virginia Tech Hokies,4103.0,1632,75.98,5.944444444444445,30.22222222222222,11,39.7757738240312,401411159,2022,11
150,Duke Blue Devils,4752.0,3339,67.89,8.314285714285715,47.7,10,70.26515151515152,401411159,2022,11
258,Virginia Cavaliers,4157.0,1257,72.93,5.964912280701754,22.05263157894737,13,30.23815251383209,401411163,2022,11
221,Pittsburgh Panthers,4487.0,2782,65.03,8.304347826086957,40.31884057971015,11,62.001337196345,401411163,2022,11
2567,SMU Mustangs,4872.0,3524,71.65,7.161764705882353,51.8235294117647,12,72.33169129720854,401415656,2022,11
58,South Florida Bulls,5426.0,3423,72.35,8.88,45.64,11,63.08514559528198,401415656,2022,11
2247,Georgia State Panthers,7450.0,4640,77.6,8.979166666666666,48.333333333333336,13,62.281879194630875,401426372,2022,11
2433,UL Monroe Warhawks,3736.0,1833,70.49,7.037735849056604,34.58490566037736,10,49.063169164882225,401426372,2022,11
256,James Madison Dukes,5630.0,4073,81.59,9.46376811594203,59.028985507246375,10,72.34458259325045,401426374,2022,11
295,Old Dominion Monarchs,3761.0,1647,68.38,7.1454545454545455,29.945454545454545,11,43.791544801914384,401426374,2022,11
242,Rice Owls,5227.0,3372,76.87,9.867647058823529,49.588235294117645,10,64.51119188827244,401426607,2022,11
98,Western Kentucky Hilltoppers,4134.0,3366,75.16,7.218181818181818,61.2,9,81.42235123367199,401426607,2022,11
113,Massachusetts Minutemen,6315.0,4511,69.4,8.428571428571429,49.57142857142857,14,71.43309580364212,401414784,2022,11
2032,Arkansas State Red Wolves,3043.0,1211,74.22,4.024390243902439,29.536585365853657,13,39.79625369700953,401414784,2022,11
218,Temple Owls,6159.0,5036,74.2,9.855421686746988,60.674698795180724,10,81.76652053904854,401415655,2022,11
248,Houston Cougars,4209.0,3340,63.77,7.878787878787879,50.60606060606061,10,79.35376574008077,401415655,2022,11
9,Arizona State Sun Devils,5246.0,2357,78.3,7.3283582089552235,35.17910447761194,12,44.92947007243614,401404035,2022,11
265,Washington State Cougars,4787.0,2998,68.39,7.428571428571429,42.82857142857143,12,62.62795069981199,401404035,2022,11
197,Oklahoma State Cowboys,3651.0,1058,64.05,4.350877192982456,18.56140350877193,16,28.978362092577377,401404110,2022,11
66,Iowa State Cyclones,5617.0,2014,71.1,6.0,25.49367088607595,17,35.85543884635926,401404110,2022,11
349,Army Black Knights,4818.0,3387,69.83,10.36231884057971,49.08695652173913,10,70.29887920298879,401404142,2022,11
2653,Troy Trojans,3874.0,2011,74.5,7.3076923076923075,38.67307692307692,10,51.910170366546204,401404142,2022,11
2294,Iowa Hawkeyes,1895.0,841,27.87,5.794117647058823,12.367647058823529,15,44.37994722955145,401405135,2022,11
275,Wisconsin Badgers,1786.0,1372,27.48,5.492307692307692,21.107692307692307,15,76.81970884658455,401405135,2022,11
135,Minnesota Golden Gophers,4567.0,3199,66.19,8.36231884057971,46.36231884057971,12,70.0459820451062,401405136,2022,11
77,Northwestern Wildcats,3910.0,1499,75.19,5.173076923076923,28.826923076923077,12,38.33759590792839,401405136,2022,11
158,Nebraska Cornhuskers,988.0,1059,21.02,6.446808510638298,22.53191489361702,9,107.18623481781377,401405137,2022,11
130,Michigan Wolverines,2046.0,3702,29.65,9.072463768115941,53.65217391304348,9,180.9384164222874,401405137,2022,11
59,Georgia Tech Yellow Jackets,5401.0,3586,80.61,8.865671641791044,53.52238805970149,11,66.39511201629328,401411160,2022,11
2390,Miami Hurricanes,4517.0,3211,76.56,8.694915254237289,54.42372881355932,9,71.08700464910339,401411160,2022,11
2005,Air Force Falcons,5232.0,4071,74.74,9.914285714285715,58.15714285714286,9,77.80963302752293,401415256,2022,11
167,New Mexico Lobos,3482.0,1051,77.38,6.288888888888889,23.355555555555554,9,30.183802412406664,401415256,2022,11
276,Marshall Thundering Herd,4998.0,2964,78.09,7.78125,46.3125,12,59.303721488595436,401426373,2022,11
2026,Appalachian State Mountaineers,4476.0,2381,61.32,8.301369863013699,32.61643835616438,12,53.194816800714925,401426373,2022,11
2429,Charlotte 49ers,5864.0,3357,75.18,7.935897435897436,43.03846153846154,13,57.24761255115962,401426603,2022,11
2393,Middle Tennessee Blue Raiders,4183.0,2462,67.47,6.645161290322581,39.70967741935484,12,58.857279464499165,401426603,2022,11
2636,UTSA Roadrunners,5096.0,4487,71.77,11.140845070422536,63.19718309859155,10,88.04945054945055,401426605,2022,11
2348,Louisiana Tech Bulldogs,4292.0,2557,70.36,8.081967213114755,41.91803278688525,11,59.57595526561044,401426605,2022,11
5,UAB Blazers,5094.0,4270,69.78,9.287671232876713,58.49315068493151,10,83.82410679230468,401426606,2022,11
249,North Texas Mean Green,3939.0,2321,64.57,8.459016393442623,38.049180327868854,10,58.92358466615892,401426606,2022,11
2579,South Carolina Gamecocks,3518.0,1279,73.29,5.75,26.645833333333332,12,36.35588402501421,401403941,2022,11
57,Florida Gators,5150.0,3740,66.03,8.205128205128204,47.94871794871795,12,72.62135922330097,401403941,2022,11
326,Texas State Bobcats,4802.0,2719,76.22,7.984126984126984,43.15873015873016,12,56.62224073302791,401426375,2022,11
6,South Alabama Jaguars,5088.0,3036,65.23,8.935897435897436,38.92307692307692,11,59.66981132075472,401426375,2022,11
2641,Texas Tech Red Raiders,5778.0,4014,72.22,8.1375,50.175,13,69.47040498442368,401404111,2022,11
2305,Kansas Jayhawks,4838.0,3265,73.3,7.181818181818182,49.46969696969697,12,67.48656469615544,401404111,2022,11
2751,Wyoming Cowboys,3779.0,1839,74.1,7.686274509803922,36.05882352941177,10,48.66366763694099,401415258,2022,11
36,Colorado State Rams,4168.0,2505,73.12,8.912280701754385,43.94736842105263,9,60.10076775431862,401415258,2022,11
2226,Florida Atlantic Owls,3878.0,5721,30.06,8.418604651162791,44.348837209302324,15,147.52449716348633,401426604,2022,11
2229,Florida International Panthers,2112.0,2866,23.21,5.6923076923076925,31.494505494505493,14,135.70075757575756,401426604,2022,11
245,Texas A&M Aggies,4628.0,1539,78.44,6.3559322033898304,26.084745762711865,12,33.25410544511668,401403940,2022,11
2,Auburn Tigers,4722.0,2264,72.65,7.015384615384615,34.83076923076923,13,47.94578568403219,401403940,2022,11
324,Coastal Carolina Chanticleers,4058.0,2455,75.15,6.87037037037037,45.46296296296296,10,60.49778215869887,401426371,2022,11
2572,Southern Miss Golden Eagles,4634.0,3024,70.21,8.333333333333334,45.81818181818182,10,65.25679758308156,401426371,2022,11
204,Oregon State Beavers,4450.0,2951,65.44,8.088235294117647,43.39705882352941,10,66.31460674157303,401404036,2022,11
25,California Golden Bears,3667.0,1252,74.84,7.918367346938775,25.551020408163264,10,34.14235069539133,401404036,2022,11
2440,Nevada Wolf Pack,5149.0,2085,74.62,8.173913043478262,30.217391304347824,12,40.493299669838805,401415255,2022,11
68,Boise State Broncos,4331.0,3274,59.33,7.5479452054794525,44.84931506849315,12,75.59455091202956,401415255,2022,11
23,San José State Spartans,3658.0,2292,69.02,7.132075471698113,43.24528301886792,11,62.65718972115911,401415260,2022,11
21,San Diego State Aztecs,4188.0,2891,63.45,7.848484848484849,43.803030303030305,10,69.0305635148042,401415260,2022,11
328,Utah State Aggies,4476.0,2575,65.82,7.470588235294118,37.86764705882353,14,57.52904378909741,401415257,2022,11
62,Hawai'i Rainbow Warriors,6317.0,4185,75.2,7.738095238095238,49.82142857142857,14,66.24980212126009,401415257,2022,11
195,Ohio Bobcats,4954.0,3258,66.05,8.28,43.44,12,65.76503835284619,401416649,2022,13
189,Bowling Green Falcons,4059.0,1877,76.58,5.415094339622642,35.41509433962264,12,46.24291697462429,401416649,2022,13
344,Mississippi State Bulldogs,5185.0,3316,67.34,7.909090909090909,43.064935064935064,14,63.95371263259402,401403956,2022,13
145,Ole Miss Rebels,5821.0,3615,74.63,8.948717948717949,46.34615384615385,14,62.1027314894348,401403956,2022,13
52,Florida State Seminoles,2174.0,3656,29.78,8.219178082191782,50.082191780821915,12,168.16927322907082,401403958,2022,13
57,Florida Gators,5270.0,3474,72.19,9.054794520547945,47.58904109589041,13,65.9203036053131,401403958,2022,13
153,North Carolina Tar Heels,6337.0,3734,71.2,9.415730337078651,41.95505617977528,15,58.92378096891274,401411172,2022,13
152,NC State Wolfpack,4163.0,1771,63.08,5.575757575757576,26.833333333333332,15,42.5414364640884,401411172,2022,13
25,California Golden Bears,3898.0,2218,76.43,5.784313725490196,43.490196078431374,10,56.900974858902,401404046,2022,13
26,UCLA Bruins,6450.0,5051,71.67,9.988888888888889,56.12222222222222,11,78.31007751937985,401404046,2022,13
2655,Tulane Green Wave,4715.0,3005,68.33,8.333333333333334,43.55072463768116,11,63.732767762460234,401415665,2022,13
2132,Cincinnati Bearcats,5141.0,3357,74.51,9.492753623188406,48.65217391304348,11,65.29858004279323,401415665,2022,13
251,Texas Longhorns,4321.0,2882,67.52,6.734375,45.03125,13,66.6975237213608,401404119,2022,13
239,Baylor Bears,5891.0,2544,78.55,9.653333333333334,33.92,11,43.18451875742658,401404119,2022,13
328,Utah State Aggies,6236.0,4186,74.24,8.380952380952381,49.833333333333336,14,67.12636305323926,401415269,2022,13
68,Boise State Broncos,4232.0,2639,71.73,6.220338983050848,44.728813559322035,12,62.35822306238185,401415269,2022,13
2117,Central Michigan Chippewas,3466.0,1479,67.96,5.333333333333333,29.0,13,42.671667628390075,401416650,2022,13
2199,Eastern Michigan Eagles,5639.0,3803,74.2,8.868421052631579,50.03947368421053,14,67.44103564461784,401416650,2022,13
2711,Western Michigan Broncos,4105.0,737,63.15,4.092307692307692,11.338461538461539,18,17.953714981729597,401416651,2022,13
2649,Toledo Rockets,5637.0,1767,73.21,4.935064935064935,22.948051948051948,19,31.346460883448643,401416651,2022,13
12,Arizona Wildcats,3280.0,2290,66.94,5.63265306122449,46.734693877551024,11,69.8170731707317,401404045,2022,13
9,Arizona State Sun Devils,6245.0,5163,75.24,9.987951807228916,62.204819277108435,10,82.67413931144915,401404045,2022,13
142,Missouri Tigers,1654.0,3008,25.45,6.953846153846154,46.276923076923076,11,181.8621523579202,401403961,2022,13
8,Arkansas Razorbacks,1708.0,3060,26.69,8.171875,47.8125,11,179.1569086651054,401403961,2022,13
167,New Mexico Lobos,4710.0,817,75.97,5.82258064516129,13.17741935483871,13,17.34607218683652,401415268,2022,13
36,Colorado State Rams,3972.0,1703,68.48,5.689655172413793,29.362068965517242,12,42.875125881168174,401415268,2022,13
158,Nebraska Cornhuskers,4273.0,1876,68.92,7.258064516129032,30.258064516129032,13,43.90358062251346,401405148,2022,13
2294,Iowa Hawkeyes,5255.0,2206,75.07,7.571428571428571,31.514285714285716,12,41.9790675547098,401405148,2022,13
2751,Wyoming Cowboys,4134.0,1392,72.53,6.0701754385964914,24.42105263157895,13,33.671988388969524,401415270,2022,13
278,Fresno State Bulldogs,4347.0,1551,67.92,5.53125,24.234375,13,35.67977915804003,401415270,2022,13
61,Georgia Bulldogs,3360.0,2165,56.95,6.983050847457627,36.69491525423729,11,64.43452380952381,401403959,2022,13
59,Georgia Tech Yellow Jackets,4844.0,2063,75.69,6.78125,32.234375,11,42.588769611890996,401403959,2022,13
130,Michigan Wolverines,4384.0,2877,75.59,7.655172413793103,49.60344827586207,14,65.625,401405153,2022,13
194,Ohio State Buckeyes,5523.0,3461,72.67,7.5,45.53947368421053,13,62.66521817852616,401405153,2022,13
2628,TCU Horned Frogs,4641.0,3665,68.25,7.970588235294118,53.89705882352941,12,78.97004955828486,401404120,2022,13
66,Iowa State Cyclones,5343.0,2318,77.43,6.942028985507246,33.594202898550726,14,43.38386674153097,401404120,2022,13
245,Texas A&M Aggies,5106.0,4159,77.36,9.530303030303031,63.015151515151516,9,81.45319232275754,401403963,2022,13
99,LSU Tigers,5001.0,3263,73.54,8.044117647058824,47.98529411764706,10,65.24695060987803,401403963,2022,13
30,USC Trojans,4056.0,3332,67.6,7.916666666666667,55.53333333333333,9,82.14990138067061,401404133,2022,13
87,Notre Dame Fighting Irish,4014.0,2847,77.19,6.730769230769231,54.75,9,70.92675635276532,401404133,2022,13
333,Alabama Crimson Tide,4374.0,3219,68.34,6.625,50.296875,12,73.59396433470508,401403957,2022,13
2,Auburn Tigers,5067.0,3314,76.77,8.43939393939394,50.21212121212121,11,65.40359186895598,401403957,2022,13
228,Clemson Tigers,5161.0,2216,79.4,6.0,34.09230769230769,13,42.937415229606664,401403962,2022,13
2579,South Carolina Gamecocks,4623.0,2174,67.0,5.405797101449275,31.507246376811594,17,47.025740860912826,401403962,2022,13
2483,Oregon Ducks,6041.0,4330,72.78,8.325301204819278,52.16867469879518,13,71.67687468962093,401404047,2022,13
204,Oregon State Beavers,1362.0,2142,25.7,6.320754716981132,40.41509433962264,13,157.26872246696036,401404047,2022,13
2633,Tennessee Volunteers,3651.0,2223,68.89,5.754716981132075,41.943396226415096,13,60.887428101889896,401403964,2022,13
238,Vanderbilt Commodores,5589.0,1960,72.58,6.467532467532467,25.454545454545453,14,35.068885310431206,401403964,2022,13
127,Michigan State Spartans,5172.0,2619,74.96,8.159420289855072,37.95652173913044,11,50.638051044083525,401405154,2022,13
213,Penn State Nittany Lions,5113.0,3297,73.04,8.185714285714285,47.1,12,64.48269117934676,401405154,2022,13
2306,Kansas State Wildcats,3861.0,2818,63.3,6.180327868852459,46.19672131147541,13,72.98627298627298,401404121,2022,13
2305,Kansas Jayhawks,4751.0,3319,76.63,9.096774193548388,53.53225806451613,11,69.85897705746159,401404121,2022,13
264,Washington Huskies,5058.0,4431,77.82,8.323076923076924,68.16923076923077,11,87.60379596678528,401404051,2022,13
265,Washington State Cougars,6287.0,4218,73.1,8.511627906976743,49.04651162790697,12,67.09082233179576,401404051,2022,13
38,Colorado Buffaloes,3759.0,1442,72.29,5.365384615384615,27.73076923076923,14,38.361266294227185,401404048,2022,13
254,Utah Utes,4172.0,3338,65.19,5.5,52.15625,14,80.00958772770853,401404048,2022,13
58,South Florida Bulls,4107.0,2983,65.19,7.555555555555555,47.34920634920635,12,72.63209155101048,401415667,2022,13
2116,UCF Knights,5552.0,4571,73.05,8.513157894736842,60.14473684210526,12,82.3306916426513,401415667,2022,13
97,Louisville Cardinals,4857.0,2763,78.34,8.225806451612904,44.564516129032256,10,56.88696726374305,401403960,2022,13
96,Kentucky Wildcats,3940.0,2380,70.36,7.785714285714286,42.5,10,60.40609137055838,401403960,2022,13
197,Oklahoma State Cowboys,2393.0,2824,28.83,7.132530120481928,34.024096385542165,15,118.01086502298371,401404123,2022,13
277,West Virginia Mountaineers,1460.0,1638,23.55,5.870967741935484,26.419354838709676,15,112.1917808219178,401404123,2022,13
113,Massachusetts Minutemen,3764.0,1567,68.44,6.0,28.490909090909092,12,41.63124335812965,401404144,2022,13
349,Army Black Knights,3676.0,2323,60.26,6.524590163934426,38.08196721311475,12,63.193688792165396,401404144,2022,13
2335,Liberty Flames,5111.0,2894,70.01,9.027397260273972,39.64383561643836,12,56.62297006456662,401404166,2022,13
166,New Mexico State Aggies,4210.0,3236,66.83,7.507936507936508,51.36507936507937,11,76.8646080760095,401404166,2022,13
164,Rutgers Scarlet Knights,3424.0,481,77.82,3.772727272727273,10.931818181818182,13,14.047897196261681,401405152,2022,13
120,Maryland Terrapins,6292.0,4738,73.16,8.511627906976743,55.093023255813954,13,75.30197075651621,401405152,2022,13
256,James Madison Dukes,4123.0,2750,62.47,5.409090909090909,41.666666666666664,14,66.69900557846229,401426383,2022,13
324,Coastal Carolina Chanticleers,5025.0,1381,77.31,6.107692307692307,21.246153846153845,14,27.48258706467662,401426383,2022,13
295,Old Dominion Monarchs,4715.0,3159,78.58,8.633333333333333,52.65,9,66.99893955461293,401426389,2022,13
6,South Alabama Jaguars,5593.0,4405,74.57,11.253333333333334,58.733333333333334,9,78.75916323976399,401426389,2022,13
276,Marshall Thundering Herd,4698.0,3026,71.18,7.2727272727272725,45.84848484848485,12,64.41038739889315,401426390,2022,13
2247,Georgia State Panthers,5365.0,3046,77.75,7.811594202898551,44.14492753623188,12,56.775396085740915,401426390,2022,13
2226,Florida Atlantic Owls,726.0,1598,23.42,7.709677419354839,51.54838709677419,8,220.11019283746558,401426615,2022,13
98,Western Kentucky Hilltoppers,762.0,1348,28.22,7.666666666666667,49.925925925925924,10,176.9028871391076,401426615,2022,13
218,Temple Owls,5552.0,3889,71.18,6.794871794871795,49.85897435897436,13,70.04682997118155,401415664,2022,13
151,East Carolina Pirates,4901.0,3683,72.07,7.205882352941177,54.161764705882355,12,75.14792899408285,401415664,2022,13
2309,Kent State Golden Flashes,5423.0,3223,67.79,8.525,40.2875,13,59.43204868154158,401416653,2022,13
2084,Buffalo Bulls,5570.0,3136,65.53,8.670588235294117,36.89411764705882,12,56.3016157989228,401416653,2022,13
2459,Northern Illinois Huskies,4588.0,2399,63.72,8.86111111111111,33.31944444444444,12,52.288578901482126,401416652,2022,13
2006,Akron Zips,4876.0,3957,73.88,7.954545454545454,59.95454545454545,11,81.15258408531584,401416652,2022,13
242,Rice Owls,4536.0,2556,68.73,7.106060606060606,38.72727272727273,11,56.34920634920635,401426617,2022,13
249,North Texas Mean Green,4518.0,2558,79.26,6.7894736842105265,44.87719298245614,10,56.617972554227535,401426617,2022,13
77,Northwestern Wildcats,5986.0,2838,76.74,8.282051282051283,36.38461538461539,12,47.410624791179416,401405149,2022,13
356,Illinois Fighting Illini,3562.0,2301,67.21,7.245283018867925,43.41509433962264,10,64.5985401459854,401405149,2022,13
135,Minnesota Golden Gophers,5066.0,3537,76.76,7.9393939393939394,53.59090909090909,11,69.81839715752072,401405150,2022,13
275,Wisconsin Badgers,4898.0,2679,74.21,8.045454545454545,40.59090909090909,11,54.69579420171499,401405150,2022,13
84,Indiana Hoosiers,6817.0,3989,78.36,9.540229885057471,45.85057471264368,12,58.515476015842744,401405151,2022,13
2509,Purdue Boilermakers,3983.0,2510,78.1,6.1568627450980395,49.21568627450981,10,63.01782575947778,401405151,2022,13
154,Wake Forest Demon Deacons,5544.0,3995,77.0,8.291666666666666,55.486111111111114,10,72.05988455988457,401411174,2022,13
150,Duke Blue Devils,5213.0,3335,73.42,8.450704225352112,46.971830985915496,11,63.97467868789565,401411174,2022,13
62,Hawai'i Rainbow Warriors,4859.0,2583,69.41,9.714285714285714,36.9,10,53.159086231734925,401415271,2022,13
23,San José State Spartans,4316.0,3157,68.51,8.380952380952381,50.111111111111114,10,73.14643188137164,401415271,2022,13
2567,SMU Mustangs,5294.0,4448,71.54,11.013513513513514,60.108108108108105,9,84.01964488099736,401415666,2022,13
235,Memphis Tigers,5560.0,4599,73.16,10.078947368421053,60.51315789473684,10,82.7158273381295,401415666,2022,13
2653,Troy Trojans,4542.0,2961,70.97,7.5625,46.265625,13,65.19154557463672,401426384,2022,13
2032,Arkansas State Red Wolves,4231.0,1899,68.24,6.467741935483871,30.629032258064516,14,44.8830063814701,401426384,2022,13
5,UAB Blazers,4038.0,2339,74.78,5.296296296296297,43.31481481481482,13,57.9247152055473,401426616,2022,13
2348,Louisiana Tech Bulldogs,5620.0,2914,73.95,6.315789473684211,38.3421052631579,14,51.85053380782918,401426616,2022,13
2638,UTEP Miners,4865.0,3156,74.85,7.430769230769231,48.55384615384615,11,64.87153134635149,401426618,2022,13
2636,UTSA Roadrunners,4263.0,2550,77.51,7.3090909090909095,46.36363636363637,10,59.817030260380015,401426618,2022,13
2433,UL Monroe Warhawks,4300.0,1921,71.67,7.366666666666666,32.016666666666666,10,44.674418604651166,401426385,2022,13
2572,Southern Miss Golden Eagles,4498.0,3140,77.55,8.241379310344827,54.13793103448276,10,69.80880391285015,401426385,2022,13
309,Louisiana Ragin' Cajuns,2025.0,3517,30.68,7.787878787878788,53.28787878787879,11,173.679012345679,401426386,2022,13
326,Texas State Bobcats,1214.0,2169,18.97,6.828125,33.890625,11,178.665568369028,401426386,2022,13
2440,Nevada Wolf Pack,6740.0,4059,70.21,8.125,42.28125,17,60.22255192878338,401415272,2022,13
2439,UNLV Rebels,4593.0,1570,74.08,4.854838709677419,25.322580645161292,14,34.18245155671674,401415272,2022,13
290,Georgia Southern Eagles,5414.0,3722,72.19,7.04,49.626666666666665,14,68.74769117103806,401426382,2022,13
2026,Appalachian State Mountaineers,4615.0,3725,65.0,7.042253521126761,52.46478873239437,14,80.71505958829903,401426382,2022,13
2229,Florida International Panthers,5664.0,3348,78.67,7.013888888888889,46.5,14,59.110169491525426,401426614,2022,13
2393,Middle Tennessee Blue Raiders,5672.0,4126,70.02,9.839506172839506,50.93827160493827,11,72.74330042313117,401426614,2022,13
201,Oklahoma Sooners,6009.0,3899,71.54,7.190476190476191,46.416666666666664,16,64.88600432684306,401404122,2022,13
2641,Texas Tech Red Raiders,6904.0,4340,72.67,7.3578947368421055,45.68421052631579,17,62.862108922363845,401404122,2022,13
183,Syracuse Orange,1343.0,3271,20.04,7.985074626865671,48.82089552238806,11,243.55919583023083,401411173,2022,13
103,Boston College Eagles,4759.0,2653,66.1,8.291666666666666,36.84722222222222,12,55.74700567346081,401411173,2022,13
202,Tulsa Golden Hurricane,5069.0,3210,70.4,7.236111111111111,44.583333333333336,13,63.32609982245019,401415668,2022,13
248,Houston Cougars,5203.0,3482,75.41,7.405797101449275,50.46376811594203,12,66.92292907937728,401415668,2022,13
2390,Miami Hurricanes,1440.0,2831,22.15,6.753846153846154,43.55384615384615,13,196.59722222222223,401411175,2022,13
221,Pittsburgh Panthers,1644.0,2885,27.4,6.1,48.083333333333336,13,175.4866180048662,401411175,2022,13
2005,Air Force Falcons,4357.0,2373,67.03,8.0,36.50769230769231,11,54.46408078953408,401415267,2022,13
21,San Diego State Aztecs,3199.0,1043,69.54,5.021739130434782,22.67391304347826,11,32.60393873085339,401415267,2022,13
24,Stanford Cardinal,4482.0,3062,73.48,8.655737704918034,50.19672131147541,8,68.31771530566711,401404049,2022,13
252,BYU Cougars,4488.0,3800,76.07,8.59322033898305,64.40677966101696,8,84.67023172905526,401404049,2022,13
30,USC Trojans,5105.0,3068,75.07,6.838235294117647,45.11764705882353,12,60.09794319294809,401437035,2022,14
254,Utah Utes,4712.0,3691,68.29,8.782608695652174,53.492753623188406,12,78.33191850594227,401437035,2022,14
2084,Buffalo Bulls,3332.0,1502,64.08,6.576923076923077,28.884615384615383,11,45.078031212484994,401506450,2022,14
2006,Akron Zips,4920.0,2569,78.1,6.7936507936507935,40.77777777777778,15,52.21544715447155,401506450,2022,14
2636,UTSA Roadrunners,6033.0,4612,72.69,11.072289156626505,55.566265060240966,12,76.44621249792806,401437032,2022,14
249,North Texas Mean Green,4873.0,3384,77.35,8.412698412698413,53.714285714285715,11,69.44387441001436,401437032,2022,14
99,LSU Tigers,5561.0,3426,77.24,6.902777777777778,47.583333333333336,14,61.6076245279626,401437036,2022,14
61,Georgia Bulldogs,5413.0,3954,75.18,7.416666666666667,54.916666666666664,13,73.04636985036025,401437036,2022,14
130,Michigan Wolverines,3600.0,2471,65.45,6.890909090909091,44.92727272727273,11,68.63888888888889,401437031,2022,14
2509,Purdue Boilermakers,6269.0,4138,74.63,9.678571428571429,49.26190476190476,12,66.00733769341203,401437031,2022,14
2306,Kansas State Wildcats,5547.0,2404,72.99,6.7105263157894735,31.63157894736842,14,43.33874166215973,401437030,2022,14
2628,TCU Horned Frogs,5324.0,3519,73.94,7.25,48.875,14,66.0969196093163,401437030,2022,14
153,North Carolina Tar Heels,5680.0,3905,71.9,9.91139240506329,49.43037974683544,11,68.75,401437009,2022,14
228,Clemson Tigers,4373.0,2687,78.09,7.071428571428571,47.982142857142854,10,61.44523210610565,401437009,2022,14
2116,UCF Knights,6644.0,3723,69.21,9.166666666666666,38.78125,15,56.03552077062011,401437008,2022,14
2655,Tulane Green Wave,4577.0,3322,72.65,5.761904761904762,52.73015873015873,14,72.58029276818877,401437008,2022,14
195,Ohio Bobcats,4755.0,2205,79.25,7.633333333333334,36.75,11,46.37223974763407,401437033,2022,14
2649,Toledo Rockets,5453.0,3420,76.8,9.253521126760564,48.16901408450704,11,62.717770034843205,401437033,2022,14
324,Coastal Carolina Chanticleers,5702.0,3893,79.19,7.638888888888889,54.06944444444444,12,68.27428972290424,401437037,2022,14
2653,Troy Trojans,2695.0,1695,53.9,5.72,33.9,11,62.894248608534326,401437037,2022,14
278,Fresno State Bulldogs,4034.0,2159,66.13,7.081967213114754,35.39344262295082,12,53.52007932573128,401437034,2022,14
68,Boise State Broncos,4791.0,2220,70.46,7.323529411764706,32.64705882352941,13,46.33688165309956,401437034,2022,14
2674,Valparaiso Beacons,5653.0,1847,73.42,6.623376623376624,23.98701298701299,15,32.672917035202545,401507088,2022,14
166,New Mexico State Aggies,3394.0,2121,67.88,4.28,42.42,16,62.49263406010607,401507088,2022,14
2426,Navy Midshipmen,4010.0,1163,65.74,5.704918032786885,19.065573770491802,15,29.002493765586035,401404145,2022,15
349,Army Black Knights,4302.0,735,75.47,5.4035087719298245,12.894736842105264,13,17.08507670850767,401404145,2022,15
193,Miami (OH) RedHawks,4415.0,3025,68.98,9.015625,47.265625,10,68.51642129105323,401441993,2022,1
5,UAB Blazers,4825.0,3304,73.11,9.045454545454545,50.06060606060606,9,68.47668393782384,401441993,2022,1
2636,UTSA Roadrunners,2090.0,3055,28.63,8.164383561643836,41.84931506849315,12,146.17224880382776,401441994,2022,1
2653,Troy Trojans,1124.0,1882,17.29,6.969230769230769,28.953846153846154,14,167.43772241992883,401441994,2022,1
57,Florida Gators,4437.0,2006,80.67,8.036363636363637,36.472727272727276,9,45.21072796934866,401441999,2022,1
204,Oregon State Beavers,4741.0,3802,74.08,9.390625,59.40625,9,80.19405188778738,401441999,2022,1
97,Louisville Cardinals,4969.0,3075,69.01,8.069444444444445,42.708333333333336,12,61.8836788086134,401441995,2022,1
2132,Cincinnati Bearcats,3743.0,1103,70.62,5.716981132075472,20.81132075471698,12,29.46834090301897,401441995,2022,1
265,Washington State Cougars,4707.0,1391,78.45,7.133333333333334,23.183333333333334,11,29.551731463777354,401442038,2022,1
278,Fresno State Bulldogs,4770.0,3345,71.19,6.835820895522388,49.92537313432836,11,70.12578616352201,401442038,2022,1
242,Rice Owls,5877.0,2647,82.77,6.056338028169014,37.28169014084507,14,45.03998638761273,401442041,2022,1
2572,Southern Miss Golden Eagles,4074.0,2368,72.75,5.160714285714286,42.285714285714285,15,58.12469317623957,401442041,2022,1
252,BYU Cougars,4041.0,2621,76.25,8.830188679245284,49.45283018867924,9,64.86018312298935,401441997,2022,1
2567,SMU Mustangs,6696.0,4672,76.97,10.701149425287356,53.701149425287355,10,69.77299880525688,401441997,2022,1
249,North Texas Mean Green,2095.0,3498,27.57,8.052631578947368,46.026315789473685,12,166.96897374701672,401442001,2022,1
68,Boise State Broncos,1633.0,3000,23.67,7.72463768115942,43.47826086956522,11,183.7109614206981,401442001,2022,1
276,Marshall Thundering Herd,4801.0,2134,73.86,6.230769230769231,32.83076923076923,13,44.4490731097688,401442003,2022,1
41,UConn Huskies,5098.0,2862,74.97,7.176470588235294,42.088235294117645,14,56.13966261278933,401442003,2022,1
23,San José State Spartans,5059.0,3419,70.26,7.111111111111111,47.486111111111114,13,67.58252619094682,401442004,2022,1
2199,Eastern Michigan Eagles,4968.0,3610,72.0,7.463768115942029,52.31884057971015,13,72.66505636070853,401442004,2022,1
2649,Toledo Rockets,6263.0,4056,74.56,10.357142857142858,48.285714285714285,10,64.76129650327319,401442006,2022,1
2335,Liberty Flames,2708.0,1290,67.7,5.125,32.25,10,47.63663220088626,401442006,2022,1
98,Western Kentucky Hilltoppers,5394.0,4414,67.43,7.95,55.175,13,81.83166481275491,401442039,2022,1
6,South Alabama Jaguars,6254.0,3753,78.18,7.725,46.9125,12,60.009593859929645,401442039,2022,1
239,Baylor Bears,3285.0,1140,67.04,5.326530612244898,23.26530612244898,11,34.70319634703196,401442040,2022,1
2005,Air Force Falcons,4467.0,2954,61.19,9.0,40.465753424657535,10,66.12939332885605,401442040,2022,1
248,Houston Cougars,4301.0,3052,65.17,8.272727272727273,46.24242424242424,10,70.96024180423157,401442042,2022,1
309,Louisiana Ragin' Cajuns,4830.0,3391,74.31,9.76923076923077,52.16923076923077,10,70.20703933747411,401442042,2022,1
154,Wake Forest Demon Deacons,4963.0,3063,70.9,6.985714285714286,43.75714285714286,12,61.7167036066895,401442007,2022,1
142,Missouri Tigers,6227.0,3448,76.88,8.876543209876543,42.5679012345679,12,55.37176810663241,401442007,2022,1
21,San Diego State Aztecs,5554.0,2536,75.05,7.1891891891891895,34.270270270270274,16,45.660785019805544,401442009,2022,1
2393,Middle Tennessee Blue Raiders,4272.0,1289,58.52,5.780821917808219,17.65753424657534,17,30.173220973782772,401442009,2022,1
166,New Mexico State Aggies,5262.0,3020,76.26,8.420289855072463,43.768115942028984,10,57.39262637780312,401442037,2022,1
189,Bowling Green Falcons,3350.0,1596,71.28,6.851063829787234,33.95744680851064,9,47.64179104477612,401442037,2022,1
290,Georgia Southern Eagles,5334.0,3278,79.61,8.313432835820896,48.92537313432836,11,61.45481814773154,401441998,2022,1
2084,Buffalo Bulls,5498.0,3532,69.59,9.430379746835444,44.70886075949367,11,64.24154237904692,401441998,2022,1
235,Memphis Tigers,5031.0,3269,66.2,7.565789473684211,43.01315789473684,12,64.97714172132777,401442000,2022,1
328,Utah State Aggies,4159.0,1505,71.71,5.793103448275862,25.948275862068964,12,36.18658331329647,401442000,2022,1
324,Coastal Carolina Chanticleers,4598.0,2257,72.98,6.4603174603174605,35.82539682539682,12,49.08655937364071,401442002,2022,1
151,East Carolina Pirates,4204.0,3216,60.06,6.328571428571428,45.94285714285714,12,76.49857278782112,401442002,2022,1
275,Wisconsin Badgers,4814.0,2747,65.95,6.863013698630137,37.63013698630137,15,57.062733693394264,401442005,2022,1
197,Oklahoma State Cowboys,4652.0,1878,81.61,6.473684210526316,32.94736842105263,14,40.369733447979364,401442005,2022,1
2483,Oregon Ducks,4573.0,3080,73.76,7.951612903225806,49.67741935483871,10,67.35184780231795,401470891,2022,1
153,North Carolina Tar Heels,4340.0,2900,62.9,9.623188405797102,42.028985507246375,10,66.82027649769586,401470891,2022,1
150,Duke Blue Devils,4688.0,3181,69.97,8.492537313432836,47.47761194029851,10,67.85409556313994,401442008,2022,1
2116,UCF Knights,5521.0,3215,77.76,9.0,45.28169014084507,10,58.23220431081326,401442008,2022,1
8,Arkansas Razorbacks,1750.0,4146,21.34,6.682926829268292,50.5609756097561,18,236.9142857142857,401442030,2022,1
2305,Kansas Jayhawks,6259.0,3968,69.54,6.711111111111111,44.08888888888889,17,63.39670873941524,401442030,2022,1
145,Ole Miss Rebels,6549.0,4058,77.96,6.785714285714286,48.30952380952381,15,61.96365857382806,401442031,2022,1
2641,Texas Tech Red Raiders,5175.0,4159,59.48,8.25287356321839,47.804597701149426,13,80.3671497584541,401442031,2022,1
251,Texas Longhorns,4970.0,3318,76.46,8.076923076923077,51.04615384615385,10,66.7605633802817,401442034,2022,1
264,Washington Huskies,6357.0,4970,76.59,11.385542168674698,59.87951807228916,10,78.18153216926223,401442034,2022,1
201,Oklahoma Sooners,5937.0,3881,70.68,8.142857142857142,46.20238095238095,12,65.36971534445006,401442033,2022,1
52,Florida State Seminoles,5615.0,4216,77.99,7.916666666666667,58.55555555555556,12,75.08459483526269,401442033,2022,1
135,Minnesota Golden Gophers,1571.0,1556,31.42,6.2,31.12,10,99.04519414385742,401442032,2022,1
183,Syracuse Orange,1863.0,3925,21.92,9.305882352941177,46.1764705882353,11,210.68169618894257,401442032,2022,1
2633,Tennessee Volunteers,4621.0,2362,70.02,5.954545454545454,35.78787878787879,14,51.114477385847216,401442019,2022,1
228,Clemson Tigers,7324.0,4640,72.51,8.594059405940595,45.94059405940594,14,63.353358820316764,401442019,2022,1
120,Maryland Terrapins,5396.0,2607,69.18,7.294871794871795,33.42307692307692,15,48.31356560415122,401442035,2022,1
152,NC State Wolfpack,4707.0,2052,71.32,6.424242424242424,31.09090909090909,14,43.59464627151051,401442035,2022,1
26,UCLA Bruins,4559.0,3191,75.98,6.333333333333333,53.18333333333333,12,69.9934196095635,401443542,2022,1
221,Pittsburgh Panthers,2295.0,4002,25.22,8.494505494505495,43.97802197802198,14,174.37908496732027,401443542,2022,1
2579,South Carolina Gamecocks,1651.0,2641,23.25,6.76056338028169,37.19718309859155,13,159.96365838885524,401442036,2022,1
87,Notre Dame Fighting Irish,2163.0,3715,27.73,7.858974358974359,47.62820512820513,14,171.75219602404067,401442036,2022,1
195,Ohio Bobcats,5311.0,2642,73.76,7.541666666666667,36.69444444444444,12,49.745810581811334,401443543,2022,1
2751,Wyoming Cowboys,4348.0,1908,69.02,6.111111111111111,30.285714285714285,14,43.882244710211594,401443543,2022,1
61,Georgia Bulldogs,4094.0,2901,70.59,6.706896551724138,50.01724137931034,13,70.85979482169027,401442015,2022,1
194,Ohio State Buckeyes,4757.0,3000,72.08,6.7272727272727275,45.45454545454545,13,63.06495690561278,401442015,2022,1
2628,TCU Horned Frogs,5425.0,3066,78.62,6.521739130434782,44.43478260869565,15,56.516129032258064,401442016,2022,1
130,Michigan Wolverines,5156.0,2845,68.75,5.493333333333333,37.93333333333333,18,55.17843289371606,401442016,2022,1
333,Alabama Crimson Tide,3899.0,2457,70.89,4.9818181818181815,44.67272727272727,13,63.016157989228006,401442018,2022,1
2306,Kansas State Wildcats,5399.0,3249,73.96,9.726027397260275,44.50684931506849,12,60.17781070568624,401442018,2022,1
2294,Iowa Hawkeyes,3159.0,1028,65.81,4.708333333333333,21.416666666666668,13,32.541943653054766,401442017,2022,1
96,Kentucky Wildcats,5337.0,1110,77.35,5.927536231884058,16.08695652173913,14,20.798201236649803,401442017,2022,1
213,Penn State Nittany Lions,3696.0,2438,71.08,5.846153846153846,46.88461538461539,11,65.96320346320347,401442014,2022,1
254,Utah Utes,6602.0,3559,79.54,8.25301204819277,42.87951807228916,12,53.90790669494093,401442014,2022,1
30,USC Trojans,6519.0,5314,77.61,10.297619047619047,63.26190476190476,11,81.51556987267986,401442013,2022,1
2655,Tulane Green Wave,3626.0,2918,71.1,7.03921568627451,57.21568627450981,10,80.47435190292333,401442013,2022,1
2509,Purdue Boilermakers,5680.0,2225,72.82,7.615384615384615,28.525641025641026,14,39.17253521126761,401442012,2022,1
99,LSU Tigers,4199.0,3453,60.86,6.797101449275362,50.04347826086956,12,82.23386520600143,401442012,2022,1
356,Illinois Fighting Illini,4978.0,2381,79.02,8.317460317460318,37.79365079365079,11,47.830453997589395,401442011,2022,1
344,Mississippi State Bulldogs,5155.0,3125,76.94,8.119402985074627,46.64179104477612,10,60.62075654704171,401442011,2022,1
61,Georgia Bulldogs,4668.0,4170,66.69,7.9,59.57142857142857,12,89.33161953727506,401442010,2022,1
2628,TCU Horned Frogs,3928.0,988,77.02,4.764705882352941,19.372549019607842,12,25.15274949083503,401442010,2022,1
3194,National,3584.0,1231,71.68,4.72,24.62,12,34.347098214285715,401495504,2022,1
3193,American,4440.0,2615,77.89,6.473684210526316,45.87719298245614,11,58.8963963963964,401495504,2022,1
3146,East All-Stars,3717.0,1245,77.44,5.333333333333333,25.9375,12,33.49475383373689,401495502,2022,1
3147,West All-Stars,4457.0,1759,70.75,6.26984126984127,27.92063492063492,13,39.46600852591429,401495502,2022,1
3193,American,4668.0,2719,72.94,9.359375,42.484375,9,58.24764353041988,401495503,2022,1
3194,National,4228.0,2409,72.9,7.672413793103448,41.53448275862069,11,56.97729422894986,401495503,2022,1
125291,Team Robinson,3575.0,1610,76.06,6.1063829787234045,34.255319148936174,11,45.03496503496503,401495505,2022,1
125290,Team Gaither,3177.0,961,66.19,6.208333333333333,20.020833333333332,10,30.248662259993704,401495505,2022,1
