pos_team_id,pos_team,EPA_success,EPA_success_rate,EPA_success_pass,EPA_success_pass_rate,EPA_success_rush,EPA_success_rush_rate,EPA_success_rz,EPA_success_rate_rz,EPA_success_third,EPA_success_rate_third,EPA_success_early_down,EPA_success_early_down_rate,early_downs,early_down_pass_rate,early_down_rush_rate,EPA_early_down,EPA_early_down_per_play,early_down_first_down,early_down_first_down_rate,early_down_pass,EPA_early_down_pass,EPA_early_down_pass_per_play,EPA_success_early_down_pass,EPA_success_early_down_pass_rate,early_down_rush,EPA_early_down_rush,EPA_early_down_rush_per_play,EPA_success_early_down_rush,EPA_success_early_down_rush_rate,middle_8,middle_8_pass_rate,middle_8_rush_rate,EPA_middle_8,EPA_middle_8_per_play,EPA_middle_8_success,EPA_middle_8_success_rate,middle_8_pass,EPA_middle_8_pass,EPA_middle_8_pass_per_play,EPA_middle_8_success_pass,EPA_middle_8_success_pass_rate,middle_8_rush,EPA_middle_8_rush,EPA_middle_8_rush_per_play,EPA_middle_8_success_rush,EPA_middle_8_success_rush_rate,EPA_success_late_down,EPA_success_late_down_pass,EPA_success_late_down_rush,late_downs,late_down_pass,late_down_rush,EPA_late_down,EPA_late_down_per_play,EPA_success_late_down_rate,EPA_success_late_down_pass_rate,EPA_success_late_down_rush_rate,late_down_pass_rate,late_down_rush_rate,EPA_success_standard_down,EPA_success_standard_down_rate,EPA_standard_down,EPA_standard_down_per_play,standard_downs,EPA_success_passing_down,EPA_success_passing_down_rate,EPA_passing_down,EPA_passing_down_per_play,passing_downs,game_id,season,week
30,USC Trojans,50,0.6666666666666666,26,0.6842105263157895,24,0.6486486486486487,15,0.6818181818181818,10,0.7692307692307693,39,0.65,60,0.5666666666666667,0.43333333333333335,16.79,0.28,18,0.3,34,11.76,0.35,24,0.7058823529411765,26,5.03,0.19,15,0.5769230769230769,12,0.6666666666666666,0.3333333333333333,9.5,0.79,10,0.8333333333333334,8,7.56,0.94,7,0.875,4,1.94,0.49,3,0.75,11,2,9,15,4,11,4.33,0.29,0.7333333333333333,0.13333333333333333,0.6,0.26666666666666666,0.7333333333333333,42,0.6774193548387096,20.58,0.33,62,8,0.6153846153846154,0.55,0.04,13,401864494,2026,1
23,San José State Spartans,28,0.5,17,0.5151515151515151,11,0.4782608695652174,5,0.4166666666666667,6,0.5454545454545454,22,0.5,44,0.5681818181818182,0.4318181818181818,12.42,0.28,12,0.2727272727272727,25,10.15,0.41,13,0.52,19,2.26,0.12,9,0.47368421052631576,9,0.6666666666666666,0.3333333333333333,-2.5,-0.28,2,0.2222222222222222,6,-1.65,-0.27,1,0.16666666666666666,3,-0.86,-0.29,1,0.3333333333333333,6,4,2,12,8,4,0.79,0.07,0.5,0.3333333333333333,0.16666666666666666,0.6666666666666666,0.3333333333333333,20,0.5405405405405406,8.07,0.22,37,8,0.42105263157894735,5.13,0.27,19,401864494,2026,1
2628,TCU Horned Frogs,26,0.36619718309859156,13,0.37142857142857144,13,0.3611111111111111,4,0.2857142857142857,7,0.4117647058823529,18,0.3673469387755102,49,0.4489795918367347,0.5510204081632653,-2.31,-0.05,9,0.1836734693877551,22,0.25,0.01,9,0.4090909090909091,27,-2.56,-0.09,9,0.3333333333333333,14,0.42857142857142855,0.5714285714285714,-6.07,-0.43,4,0.2857142857142857,6,-3.73,-0.62,2,0.3333333333333333,8,-2.33,-0.29,2,0.25,8,4,4,22,13,9,-10.02,-0.46,0.36363636363636365,0.18181818181818182,0.18181818181818182,0.5909090909090909,0.4090909090909091,19,0.4318181818181818,-1.44,-0.03,44,7,0.25925925925925924,-10.88,-0.4,27,401856766,2026,1
153,North Carolina Tar Heels,26,0.45614035087719296,14,0.45161290322580644,12,0.46153846153846156,4,0.36363636363636365,4,0.36363636363636365,21,0.4666666666666667,45,0.4888888888888889,0.5111111111111111,0.85,0.02,13,0.28888888888888886,22,4.64,0.21,11,0.5,23,-3.78,-0.16,10,0.43478260869565216,6,0.6666666666666666,0.3333333333333333,-0.91,-0.15,4,0.6666666666666666,4,-1.72,-0.43,2,0.5,2,0.81,0.4,2,1.0,5,3,2,12,9,3,-2.28,-0.19,0.4166666666666667,0.25,0.16666666666666666,0.75,0.25,18,0.45,-5.03,-0.13,40,8,0.47058823529411764,3.61,0.21,17,401856766,2026,1
152,NC State Wolfpack,18,0.35294117647058826,9,0.3103448275862069,9,0.4090909090909091,1,0.25,4,0.3076923076923077,14,0.3783783783783784,37,0.5675675675675675,0.43243243243243246,-12.36,-0.33,4,0.10810810810810811,21,-8.32,-0.4,7,0.3333333333333333,16,-4.04,-0.25,7,0.4375,7,0.42857142857142855,0.5714285714285714,-7.0,-1.0,0,0.0,3,-1.93,-0.64,0,0.0,4,-5.07,-1.27,0,0.0,4,2,2,14,8,6,-2.96,-0.21,0.2857142857142857,0.14285714285714285,0.14285714285714285,0.5714285714285714,0.42857142857142855,13,0.40625,-7.83,-0.24,32,5,0.2631578947368421,-7.49,-0.39,19,401858202,2026,1
258,Virginia Cavaliers,33,0.4852941176470588,6,0.5,27,0.48214285714285715,6,0.6666666666666666,3,0.21428571428571427,26,0.52,50,0.16,0.84,10.21,0.2,11,0.22,8,7.29,0.91,5,0.625,42,2.92,0.07,21,0.5,13,0.23076923076923078,0.7692307692307693,2.8,0.22,8,0.6153846153846154,3,4.75,1.58,3,1.0,10,-1.95,-0.19,5,0.5,7,1,6,18,4,14,-1.72,-0.1,0.3888888888888889,0.05555555555555555,0.3333333333333333,0.2222222222222222,0.7777777777777778,29,0.5272727272727272,12.98,0.24,55,4,0.3076923076923077,-4.49,-0.35,13,401858202,2026,1
55,Jacksonville State Gamecocks,21,0.39622641509433965,9,0.34615384615384615,12,0.4444444444444444,1,0.3333333333333333,3,0.3,17,0.4146341463414634,41,0.4878048780487805,0.5121951219512195,-16.05,-0.39,7,0.17073170731707318,20,-8.6,-0.43,8,0.4,21,-7.45,-0.35,9,0.42857142857142855,13,0.38461538461538464,0.6153846153846154,-11.21,-0.86,4,0.3076923076923077,5,-6.39,-1.28,1,0.2,8,-4.82,-0.6,3,0.375,4,1,3,12,6,6,-6.56,-0.55,0.3333333333333333,0.08333333333333333,0.25,0.5,0.5,17,0.4857142857142857,-3.9,-0.11,35,4,0.2222222222222222,-18.7,-1.04,18,401864577,2026,1
2449,North Dakota State Bison,30,0.44776119402985076,11,0.44,19,0.4634146341463415,1,0.3333333333333333,7,0.5,21,0.42,50,0.34,0.66,3.67,0.07,9,0.18,17,7.13,0.42,8,0.47058823529411764,33,-3.45,-0.1,13,0.3939393939393939,12,0.8333333333333334,0.16666666666666666,2.44,0.2,6,0.5,10,1.81,0.18,5,0.5,2,0.63,0.31,1,0.5,9,3,6,16,8,8,2.33,0.15,0.5625,0.1875,0.375,0.5,0.5,21,0.44680851063829785,-0.63,-0.01,47,9,0.47368421052631576,6.63,0.35,19,401864577,2026,1
2199,Eastern Michigan Eagles,28,0.4307692307692308,19,0.475,9,0.36,3,0.5,5,0.35714285714285715,23,0.45098039215686275,51,0.6078431372549019,0.39215686274509803,2.87,0.06,11,0.21568627450980393,31,5.53,0.18,17,0.5483870967741935,20,-2.66,-0.13,6,0.3,14,0.7142857142857143,0.2857142857142857,-5.29,-0.38,8,0.5714285714285714,10,-6.27,-0.63,6,0.6,4,0.98,0.25,2,0.5,5,2,3,14,9,5,-9.39,-0.67,0.35714285714285715,0.14285714285714285,0.21428571428571427,0.6428571428571429,0.35714285714285715,24,0.5106382978723404,1.38,0.03,47,4,0.2222222222222222,-7.91,-0.44,18,401866408,2026,1
16,Sacramento State Hornets,24,0.3870967741935484,18,0.375,6,0.42857142857142855,3,0.75,4,0.2857142857142857,19,0.41304347826086957,46,0.782608695652174,0.21739130434782608,-7.49,-0.16,9,0.1956521739130435,36,-4.35,-0.12,16,0.4444444444444444,10,-3.13,-0.31,3,0.3,8,0.875,0.125,-1.5,-0.19,3,0.375,7,-2.29,-0.33,2,0.2857142857142857,1,0.78,0.78,1,1.0,5,2,3,16,12,4,-6.01,-0.38,0.3125,0.125,0.1875,0.75,0.25,18,0.5,2.38,0.07,36,6,0.23076923076923078,-15.87,-0.61,26,401866408,2026,1
62,Hawai'i Rainbow Warriors,31,0.41333333333333333,21,0.3888888888888889,9,0.47368421052631576,5,0.5555555555555556,8,0.47058823529411764,20,0.36363636363636365,55,0.6909090909090909,0.2909090909090909,-8.97,-0.16,6,0.10909090909090909,38,2.11,0.06,14,0.3684210526315789,16,-3.41,-0.21,6,0.375,10,0.8,0.1,-3.4,-0.34,1,0.1,8,-4.27,-0.53,0,0.0,1,-0.62,-0.62,0,0.0,11,7,3,20,16,3,12.35,0.62,0.55,0.35,0.15,0.8,0.15,15,0.38461538461538464,2.68,0.07,39,16,0.4444444444444444,0.71,0.02,36,401858201,2026,1
24,Stanford Cardinal,34,0.4788732394366197,14,0.4117647058823529,20,0.5405405405405406,8,0.5,9,0.6,24,0.4444444444444444,54,0.46296296296296297,0.5370370370370371,5.93,0.11,12,0.2222222222222222,25,8.54,0.34,11,0.44,29,-2.61,-0.09,13,0.4482758620689655,15,0.6,0.4,1.85,0.12,8,0.5333333333333333,9,1.3,0.14,4,0.4444444444444444,6,0.55,0.09,4,0.6666666666666666,10,3,7,17,9,8,6.86,0.4,0.5882352941176471,0.17647058823529413,0.4117647058823529,0.5294117647058824,0.47058823529411764,26,0.5,10.23,0.2,52,8,0.42105263157894735,2.55,0.13,19,401858201,2026,1
166,New Mexico State Aggies,23,0.35384615384615387,17,0.37777777777777777,6,0.3,0,0.0,11,0.6470588235294118,11,0.2391304347826087,46,0.6521739130434783,0.34782608695652173,-14.03,-0.31,6,0.13043478260869565,30,-9.74,-0.32,8,0.26666666666666666,16,-4.29,-0.27,3,0.1875,6,0.5,0.5,-0.67,-0.11,2,0.3333333333333333,3,-0.44,-0.15,1,0.3333333333333333,3,-0.22,-0.07,1,0.3333333333333333,12,9,3,19,15,4,23.74,1.25,0.631578947368421,0.47368421052631576,0.15789473684210525,0.7894736842105263,0.21052631578947367,10,0.2777777777777778,-3.54,-0.1,36,13,0.4482758620689655,13.24,0.46,29,401864570,2026,1
52,Florida State Seminoles,31,0.49206349206349204,12,0.42857142857142855,19,0.5428571428571428,8,0.42105263157894735,8,0.6153846153846154,22,0.4489795918367347,49,0.3673469387755102,0.6326530612244898,1.4,0.03,13,0.2653061224489796,18,-3.59,-0.2,6,0.3333333333333333,31,4.99,0.16,16,0.5161290322580645,13,0.5384615384615384,0.46153846153846156,2.49,0.19,7,0.5384615384615384,7,0.54,0.08,2,0.2857142857142857,6,1.95,0.32,5,0.8333333333333334,9,6,3,14,10,4,16.02,1.14,0.6428571428571429,0.42857142857142855,0.21428571428571427,0.7142857142857143,0.2857142857142857,21,0.4883720930232558,9.06,0.21,43,10,0.5,8.35,0.42,20,401864570,2026,1
235,Memphis Tigers,26,0.4406779661016949,11,0.4074074074074074,15,0.46875,2,0.25,3,0.2727272727272727,23,0.4791666666666667,48,0.4166666666666667,0.5833333333333334,11.94,0.25,13,0.2708333333333333,20,7.73,0.39,10,0.5,28,4.21,0.15,13,0.4642857142857143,6,0.6666666666666666,0.3333333333333333,2.53,0.42,4,0.6666666666666666,4,3.12,0.78,3,0.75,2,-0.59,-0.29,1,0.5,3,1,2,11,7,4,-3.24,-0.29,0.2727272727272727,0.09090909090909091,0.18181818181818182,0.6363636363636364,0.36363636363636365,22,0.5365853658536586,10.5,0.26,41,4,0.2222222222222222,-1.8,-0.1,18,401862693,2026,1
2439,UNLV Rebels,28,0.358974358974359,16,0.36363636363636365,12,0.35294117647058826,3,0.3,5,0.3333333333333333,21,0.3620689655172414,58,0.4827586206896552,0.5172413793103449,6.37,0.11,14,0.2413793103448276,28,3.03,0.11,11,0.39285714285714285,30,3.35,0.11,10,0.3333333333333333,17,0.47058823529411764,0.5294117647058824,9.74,0.57,7,0.4117647058823529,8,3.0,0.37,3,0.375,9,6.75,0.75,4,0.4444444444444444,7,5,2,20,16,4,-3.36,-0.17,0.35,0.25,0.1,0.8,0.2,20,0.45454545454545453,10.65,0.24,44,8,0.23529411764705882,-7.64,-0.22,34,401862693,2026,1
70,Idaho Vandals,20,0.32786885245901637,7,0.22580645161290322,13,0.43333333333333335,3,1.0,4,0.3076923076923077,15,0.32608695652173914,46,0.43478260869565216,0.5652173913043478,-0.77,-0.02,7,0.15217391304347827,20,0.27,0.01,5,0.25,26,-1.03,-0.04,10,0.38461538461538464,8,0.625,0.375,-3.93,-0.49,0,0.0,5,-2.56,-0.51,0,0.0,3,-1.36,-0.45,0,0.0,5,2,3,15,11,4,-4.35,-0.29,0.3333333333333333,0.13333333333333333,0.2,0.7333333333333333,0.26666666666666666,13,0.37142857142857144,-3.47,-0.1,35,7,0.2692307692307692,-1.64,-0.06,26,401856768,2026,1
254,Utah Utes,42,0.5675675675675675,17,0.6538461538461539,25,0.5208333333333334,11,0.5238095238095238,8,0.6666666666666666,33,0.55,60,0.31666666666666665,0.6833333333333333,19.78,0.33,19,0.31666666666666665,19,10.27,0.54,12,0.631578947368421,41,9.51,0.23,21,0.5121951219512195,16,0.5,0.5,8.07,0.5,11,0.6875,8,4.49,0.56,5,0.625,8,3.58,0.45,6,0.75,9,5,4,14,7,7,13.63,0.97,0.6428571428571429,0.35714285714285715,0.2857142857142857,0.5,0.5,33,0.55,18.01,0.3,60,9,0.6428571428571429,15.4,1.1,14,401856768,2026,1
2029,Arkansas-Pine Bluff Golden Lions,19,0.35185185185185186,9,0.34615384615384615,10,0.37037037037037035,1,0.5,3,0.21428571428571427,16,0.41025641025641024,39,0.38461538461538464,0.6153846153846154,9.95,0.26,7,0.1794871794871795,15,4.32,0.29,7,0.4666666666666667,24,5.63,0.23,9,0.375,14,0.6428571428571429,0.35714285714285715,1.27,0.09,6,0.42857142857142855,9,0.18,0.02,4,0.4444444444444444,5,1.09,0.22,2,0.4,3,2,1,15,11,3,-10.92,-0.73,0.2,0.13333333333333333,0.06666666666666667,0.7333333333333333,0.2,11,0.3548387096774194,3.86,0.12,31,8,0.34782608695652173,-4.83,-0.21,23,401856663,2026,1
142,Missouri Tigers,41,0.5324675324675324,20,0.5882352941176471,21,0.4883720930232558,7,0.5,5,0.5,34,0.5230769230769231,65,0.4,0.6,9.62,0.15,20,0.3076923076923077,26,6.07,0.23,15,0.5769230769230769,39,3.55,0.09,19,0.48717948717948717,8,0.5,0.5,2.79,0.35,7,0.875,4,1.29,0.32,4,1.0,4,1.5,0.37,3,0.75,7,5,2,12,8,4,12.06,1.01,0.5833333333333334,0.4166666666666667,0.16666666666666666,0.6666666666666666,0.3333333333333333,32,0.5423728813559322,12.86,0.22,59,9,0.5,8.82,0.49,18,401856663,2026,1
164,Rutgers Scarlet Knights,25,0.4032258064516129,18,0.4186046511627907,7,0.3684210526315789,4,0.4444444444444444,3,0.2727272727272727,18,0.391304347826087,46,0.717391304347826,0.2826086956521739,-13.56,-0.29,10,0.21739130434782608,33,-9.58,-0.29,14,0.42424242424242425,13,-3.99,-0.31,4,0.3076923076923077,4,1.0,0.0,0.68,0.17,2,0.5,4,0.68,0.17,2,0.5,,,,,,7,4,3,16,10,6,7.84,0.49,0.4375,0.25,0.1875,0.625,0.375,17,0.3953488372093023,-13.9,-0.32,43,8,0.42105263157894735,8.18,0.43,19,401858423,2026,1
113,Massachusetts Minutemen,29,0.46774193548387094,11,0.4782608695652174,18,0.46153846153846156,4,0.4,3,0.2727272727272727,25,0.5,50,0.34,0.66,11.45,0.23,13,0.26,17,11.9,0.7,10,0.5882352941176471,33,-0.45,-0.01,15,0.45454545454545453,13,0.5384615384615384,0.46153846153846156,2.43,0.19,6,0.46153846153846156,7,1.23,0.18,3,0.42857142857142855,6,1.2,0.2,3,0.5,4,1,3,12,6,6,0.47,0.04,0.3333333333333333,0.08333333333333333,0.25,0.5,0.5,22,0.4888888888888889,10.74,0.24,45,7,0.4117647058823529,1.17,0.07,17,401858423,2026,1
2065,Bethune-Cookman Wildcats,16,0.26229508196721313,6,0.2608695652173913,10,0.2631578947368421,1,0.3333333333333333,5,0.3125,11,0.24444444444444444,45,0.3111111111111111,0.6888888888888889,-14.37,-0.32,6,0.13333333333333333,14,-6.42,-0.46,4,0.2857142857142857,31,-7.95,-0.26,7,0.22580645161290322,9,0.5555555555555556,0.4444444444444444,-3.43,-0.38,1,0.1111111111111111,5,-1.98,-0.4,1,0.2,4,-1.45,-0.36,0,0.0,5,2,3,16,9,7,0.91,0.06,0.3125,0.125,0.1875,0.5625,0.4375,8,0.25,-13.74,-0.43,32,8,0.27586206896551724,0.27,0.01,29,401856767,2026,1
2116,UCF Knights,33,0.55,13,0.5652173913043478,20,0.5405405405405406,7,0.5833333333333334,5,0.625,28,0.5384615384615384,52,0.38461538461538464,0.6153846153846154,20.07,0.39,16,0.3076923076923077,20,4.9,0.25,12,0.6,32,15.16,0.47,16,0.5,14,0.5,0.5,3.77,0.27,6,0.42857142857142855,7,-0.43,-0.06,2,0.2857142857142857,7,4.21,0.6,4,0.5714285714285714,5,1,4,8,3,5,4.47,0.56,0.625,0.125,0.5,0.375,0.625,26,0.5652173913043478,14.13,0.31,46,7,0.5,10.4,0.74,14,401856767,2026,1
2006,Akron Zips,37,0.5522388059701493,18,0.5142857142857142,19,0.59375,5,0.625,6,0.46153846153846156,31,0.5849056603773585,53,0.5283018867924528,0.4716981132075472,7.35,0.14,10,0.18867924528301888,28,1.79,0.06,16,0.5714285714285714,25,5.56,0.22,15,0.6,12,0.5,0.5,-0.38,-0.03,7,0.5833333333333334,6,1.37,0.23,5,0.8333333333333334,6,-1.75,-0.29,2,0.3333333333333333,6,2,4,14,7,7,-4.24,-0.3,0.42857142857142855,0.14285714285714285,0.2857142857142857,0.5,0.5,28,0.5490196078431373,-3.81,-0.07,51,9,0.5625,6.92,0.43,16,401858204,2026,1
154,Wake Forest Demon Deacons,31,0.4696969696969697,15,0.42857142857142855,16,0.5161290322580645,4,0.26666666666666666,9,0.6,20,0.40816326530612246,49,0.5102040816326531,0.4897959183673469,10.89,0.22,7,0.14285714285714285,25,10.65,0.43,9,0.36,24,0.24,0.01,11,0.4583333333333333,12,0.5833333333333334,0.4166666666666667,1.59,0.13,4,0.3333333333333333,7,0.38,0.05,2,0.2857142857142857,5,1.21,0.24,2,0.4,11,6,5,17,10,7,10.3,0.61,0.6470588235294118,0.35294117647058826,0.29411764705882354,0.5882352941176471,0.4117647058823529,20,0.5,13.86,0.35,40,11,0.4230769230769231,7.33,0.28,26,401858204,2026,1
2771,Merrimack Warriors,19,0.2753623188405797,15,0.3125,4,0.19047619047619047,1,0.25,4,0.23529411764705882,14,0.2857142857142857,49,0.5918367346938775,0.40816326530612246,-9.05,-0.18,7,0.14285714285714285,29,-1.1,-0.04,10,0.3448275862068966,20,-7.95,-0.4,4,0.2,5,0.6,0.4,-6.13,-1.23,0,0.0,3,-2.13,-0.71,0,0.0,2,-4.0,-2.0,0,0.0,5,5,0,20,19,1,-7.52,-0.38,0.25,0.25,0.0,0.95,0.05,12,0.32432432432432434,-5.04,-0.14,37,7,0.21875,-11.53,-0.36,32,401864424,2026,1
48,Delaware Blue Hens,34,0.4788732394366197,21,0.4772727272727273,13,0.48148148148148145,7,0.5384615384615384,5,0.38461538461538464,28,0.49122807017543857,57,0.6140350877192983,0.38596491228070173,2.05,0.04,14,0.24561403508771928,35,-1.79,-0.05,17,0.4857142857142857,22,3.84,0.17,11,0.5,18,0.7222222222222222,0.2777777777777778,11.93,0.66,11,0.6111111111111112,13,8.59,0.66,8,0.6153846153846154,5,3.33,0.67,3,0.6,6,4,2,14,9,5,4.27,0.3,0.42857142857142855,0.2857142857142857,0.14285714285714285,0.6428571428571429,0.35714285714285715,27,0.574468085106383,5.56,0.12,47,7,0.2916666666666667,0.76,0.03,24,401864424,2026,1
338,Kennesaw State Owls,43,0.524390243902439,17,0.4857142857142857,26,0.5652173913043478,8,0.8888888888888888,8,0.5714285714285714,34,0.5230769230769231,65,0.46153846153846156,0.5384615384615384,3.2,0.05,16,0.24615384615384617,30,-3.28,-0.11,15,0.5,35,6.48,0.19,19,0.5428571428571428,13,0.15384615384615385,0.8461538461538461,8.01,0.62,8,0.6153846153846154,2,-0.13,-0.07,1,0.5,11,8.14,0.74,7,0.6363636363636364,9,2,7,16,5,11,0.46,0.03,0.5625,0.125,0.4375,0.3125,0.6875,36,0.6,11.48,0.19,60,7,0.3333333333333333,-7.82,-0.37,21,401864425,2026,1
2698,West Georgia Wolves,11,0.21568627450980393,6,0.21428571428571427,5,0.21739130434782608,,,1,0.08333333333333333,10,0.2631578947368421,38,0.47368421052631576,0.5263157894736842,-9.57,-0.25,6,0.15789473684210525,18,-2.14,-0.12,6,0.3333333333333333,20,-7.43,-0.37,4,0.2,8,0.5,0.5,-3.68,-0.46,2,0.25,4,-1.5,-0.38,1,0.25,4,-2.17,-0.54,1,0.25,1,0,1,13,10,3,-11.41,-0.88,0.07692307692307693,0.0,0.07692307692307693,0.7692307692307693,0.23076923076923078,7,0.25,-9.38,-0.34,28,4,0.17391304347826086,-11.6,-0.5,23,401864425,2026,1
399,UAlbany Great Danes,23,0.3150684931506849,12,0.2727272727272727,11,0.39285714285714285,4,0.5,5,0.2631578947368421,17,0.3333333333333333,51,0.49019607843137253,0.5098039215686274,-3.75,-0.07,6,0.11764705882352941,25,1.66,0.07,7,0.28,26,-5.41,-0.21,10,0.38461538461538464,22,0.5454545454545454,0.4090909090909091,-1.45,-0.07,7,0.3181818181818182,12,1.66,0.14,3,0.25,9,-3.11,-0.35,4,0.4444444444444444,6,5,1,21,19,2,-8.72,-0.42,0.2857142857142857,0.23809523809523808,0.047619047619047616,0.9047619047619048,0.09523809523809523,15,0.39473684210526316,-2.74,-0.07,38,8,0.23529411764705882,-9.73,-0.29,34,401866409,2026,1
2084,Buffalo Bulls,31,0.4025974025974026,18,0.375,13,0.4482758620689655,6,0.5454545454545454,10,0.47619047619047616,21,0.375,56,0.5357142857142857,0.4642857142857143,-4.27,-0.08,6,0.10714285714285714,30,-1.36,-0.05,10,0.3333333333333333,26,-2.91,-0.11,11,0.4230769230769231,7,0.5714285714285714,0.42857142857142855,-1.9,-0.27,1,0.14285714285714285,4,-1.25,-0.31,1,0.25,3,-0.65,-0.22,0,0.0,10,8,2,21,18,3,1.99,0.09,0.47619047619047616,0.38095238095238093,0.09523809523809523,0.8571428571428571,0.14285714285714285,24,0.46153846153846156,0.93,0.02,52,7,0.28,-3.21,-0.13,25,401866409,2026,1
59,Georgia Tech Yellow Jackets,22,0.4074074074074074,13,0.48148148148148145,9,0.3333333333333333,1,0.1111111111111111,5,0.38461538461538464,17,0.4146341463414634,41,0.4146341463414634,0.5853658536585366,-4.74,-0.12,9,0.21951219512195122,17,7.08,0.42,9,0.5294117647058824,24,-11.82,-0.49,8,0.3333333333333333,12,0.5833333333333334,0.4166666666666667,-4.54,-0.38,3,0.25,7,-2.22,-0.32,2,0.2857142857142857,5,-2.31,-0.46,1,0.2,5,4,1,13,10,3,-4.34,-0.33,0.38461538461538464,0.3076923076923077,0.07692307692307693,0.7692307692307693,0.23076923076923078,13,0.40625,-6.61,-0.21,32,9,0.4090909090909091,-2.48,-0.11,22,401856776,2026,1
38,Colorado Buffaloes,29,0.3815789473684211,8,0.27586206896551724,21,0.44680851063829785,5,0.4166666666666667,7,0.4117647058823529,20,0.35714285714285715,56,0.375,0.625,-7.38,-0.13,9,0.16071428571428573,21,-4.0,-0.19,5,0.23809523809523808,35,-3.38,-0.1,15,0.42857142857142855,9,0.4444444444444444,0.5555555555555556,-2.84,-0.32,1,0.1111111111111111,4,-1.07,-0.27,0,0.0,5,-1.77,-0.35,1,0.2,9,3,6,20,8,12,2.24,0.11,0.45,0.15,0.3,0.4,0.6,20,0.4166666666666667,-0.33,-0.01,48,9,0.32142857142857145,-4.81,-0.17,28,401856776,2026,1
135,Minnesota Golden Gophers,37,0.5211267605633803,19,0.5757575757575758,18,0.47368421052631576,7,0.35,10,0.6666666666666666,26,0.4727272727272727,55,0.45454545454545453,0.5454545454545454,-2.94,-0.05,13,0.23636363636363636,25,1.7,0.07,15,0.6,30,-4.63,-0.15,11,0.36666666666666664,15,0.6,0.4,7.56,0.5,10,0.6666666666666666,9,5.79,0.64,7,0.7777777777777778,6,1.77,0.29,3,0.5,11,4,7,16,8,8,17.17,1.07,0.6875,0.25,0.4375,0.5,0.5,30,0.5263157894736842,5.37,0.09,57,7,0.5,8.87,0.63,14,401858422,2026,1
2197,Eastern Illinois Panthers,9,0.21428571428571427,5,0.3125,4,0.15384615384615385,1,0.3333333333333333,3,0.23076923076923078,6,0.20689655172413793,29,0.27586206896551724,0.7241379310344828,-9.86,-0.34,1,0.034482758620689655,8,-3.37,-0.42,2,0.25,21,-6.49,-0.31,4,0.19047619047619047,9,0.4444444444444444,0.5555555555555556,-5.65,-0.63,0,0.0,4,-2.77,-0.69,0,0.0,5,-2.88,-0.58,0,0.0,3,3,0,13,8,5,0.91,0.07,0.23076923076923078,0.23076923076923078,0.0,0.6153846153846154,0.38461538461538464,2,0.1111111111111111,-6.14,-0.34,18,7,0.2916666666666667,-2.81,-0.12,24,401858422,2026,1
5,UAB Blazers,38,0.48717948717948717,16,0.5,22,0.4782608695652174,4,0.36363636363636365,11,0.5789473684210527,24,0.43636363636363634,55,0.4,0.6,2.3,0.04,10,0.18181818181818182,22,3.92,0.18,10,0.45454545454545453,33,-1.62,-0.05,14,0.42424242424242425,10,0.5,0.5,4.97,0.5,6,0.6,5,2.02,0.4,2,0.4,5,2.95,0.59,4,0.8,14,6,8,23,10,13,11.63,0.51,0.6086956521739131,0.2608695652173913,0.34782608695652173,0.43478260869565216,0.5652173913043478,26,0.49056603773584906,7.72,0.15,53,12,0.48,6.21,0.25,25,401858424,2026,1
356,Illinois Fighting Illini,22,0.5238095238095238,11,0.6470588235294118,11,0.44,3,0.6,3,0.5,18,0.5294117647058824,34,0.47058823529411764,0.5294117647058824,18.62,0.55,7,0.20588235294117646,16,13.75,0.86,10,0.625,18,4.88,0.27,8,0.4444444444444444,15,0.4666666666666667,0.5333333333333333,6.27,0.42,7,0.4666666666666667,7,8.81,1.26,4,0.5714285714285714,8,-2.55,-0.32,3,0.375,4,1,3,8,1,7,0.48,0.06,0.5,0.125,0.375,0.125,0.875,16,0.48484848484848486,10.72,0.32,33,6,0.6666666666666666,8.39,0.93,9,401858424,2026,1
2390,Miami Hurricanes,36,0.5454545454545454,24,0.6857142857142857,12,0.3870967741935484,7,0.7,8,0.7272727272727273,28,0.509090909090909,55,0.45454545454545453,0.5454545454545454,9.44,0.17,16,0.2909090909090909,25,12.19,0.49,17,0.68,30,-2.75,-0.09,11,0.36666666666666664,12,0.5833333333333334,0.4166666666666667,5.92,0.49,6,0.5,7,7.41,1.06,5,0.7142857142857143,5,-1.49,-0.3,1,0.2,8,7,1,11,10,1,11.21,1.02,0.7272727272727273,0.6363636363636364,0.09090909090909091,0.9090909090909091,0.09090909090909091,27,0.5510204081632653,13.03,0.27,49,9,0.5294117647058824,7.62,0.45,17,401858206,2026,1
24,Stanford Cardinal,23,0.35384615384615387,18,0.4186046511627907,5,0.22727272727272727,0,0.0,5,0.3333333333333333,18,0.3673469387755102,49,0.6326530612244898,0.3673469387755102,-2.63,-0.05,10,0.20408163265306123,31,2.01,0.06,15,0.4838709677419355,18,-4.64,-0.26,3,0.16666666666666666,12,0.75,0.25,2.21,0.18,6,0.5,9,1.66,0.18,5,0.5555555555555556,3,0.55,0.18,1,0.3333333333333333,5,3,2,16,12,4,-5.01,-0.31,0.3125,0.1875,0.125,0.75,0.25,16,0.4,-0.52,-0.01,40,7,0.28,-7.12,-0.28,25,401858206,2026,1
2638,UTEP Miners,19,0.3392857142857143,8,0.36363636363636365,11,0.3235294117647059,1,0.16666666666666666,2,0.15384615384615385,16,0.4,40,0.3,0.7,-8.34,-0.21,6,0.15,12,-1.67,-0.14,6,0.5,28,-6.67,-0.24,10,0.35714285714285715,14,0.42857142857142855,0.5714285714285714,-2.73,-0.2,7,0.5,6,-0.65,-0.11,3,0.5,8,-2.08,-0.26,4,0.5,3,2,1,16,10,6,-11.49,-0.72,0.1875,0.125,0.0625,0.625,0.375,17,0.425,-4.8,-0.12,40,2,0.125,-15.03,-0.94,16,401856664,2026,1
201,Oklahoma Sooners,28,0.4745762711864407,12,0.5714285714285714,16,0.42105263157894735,6,0.4,6,0.5454545454545454,22,0.4583333333333333,48,0.3125,0.6875,6.17,0.13,12,0.25,15,8.62,0.57,9,0.6,33,-2.45,-0.07,13,0.3939393939393939,6,0.5,0.5,1.23,0.21,2,0.3333333333333333,3,1.09,0.36,1,0.3333333333333333,3,0.15,0.05,1,0.3333333333333333,6,3,3,11,6,5,3.27,0.3,0.5454545454545454,0.2727272727272727,0.2727272727272727,0.5454545454545454,0.45454545454545453,22,0.4782608695652174,6.56,0.14,46,6,0.46153846153846156,2.87,0.22,13,401856664,2026,1
278,Fresno State Bulldogs,16,0.36363636363636365,7,0.3888888888888889,7,0.30434782608695654,1,0.25,3,0.3,13,0.40625,32,0.28125,0.6875,-2.9,-0.09,5,0.15625,9,1.46,0.16,5,0.5555555555555556,22,-4.7,-0.21,7,0.3181818181818182,6,0.3333333333333333,0.6666666666666666,-3.04,-0.51,1,0.16666666666666666,2,-2.3,-1.15,0,0.0,4,-0.74,-0.19,1,0.25,3,2,0,11,9,1,-6.28,-0.57,0.2727272727272727,0.18181818181818182,0.0,0.8181818181818182,0.09090909090909091,9,0.3103448275862069,-9.12,-0.31,29,7,0.5,-0.05,-0.0,14,401858436,2026,1
30,USC Trojans,36,0.5373134328358209,24,0.7741935483870968,12,0.3333333333333333,7,0.5,5,0.625,30,0.5263157894736842,57,0.40350877192982454,0.5964912280701754,14.25,0.25,21,0.3684210526315789,23,18.51,0.8,18,0.782608695652174,34,-4.26,-0.13,12,0.35294117647058826,9,0.3333333333333333,0.6666666666666666,6.17,0.69,6,0.6666666666666666,3,5.79,1.93,3,1.0,6,0.38,0.06,3,0.5,6,6,0,10,8,2,1.23,0.12,0.6,0.6,0.0,0.8,0.2,26,0.5,-5.09,-0.1,52,10,0.6666666666666666,20.56,1.37,15,401858436,2026,1
2199,Eastern Michigan Eagles,21,0.3088235294117647,13,0.3023255813953488,8,0.32,1,0.3333333333333333,5,0.3125,15,0.3125,48,0.5625,0.4375,-6.65,-0.14,8,0.16666666666666666,27,1.74,0.06,11,0.4074074074074074,21,-8.4,-0.4,4,0.19047619047619047,14,0.5714285714285714,0.42857142857142855,2.42,0.17,3,0.21428571428571427,8,-3.0,-0.38,1,0.125,6,5.43,0.9,2,0.3333333333333333,6,2,4,20,16,4,-7.59,-0.38,0.3,0.1,0.2,0.8,0.2,16,0.36363636363636365,-1.65,-0.04,44,5,0.20833333333333334,-12.59,-0.52,24,401864495,2026,1
23,San José State Spartans,30,0.40540540540540543,19,0.4523809523809524,11,0.34375,1,0.3333333333333333,7,0.4375,22,0.39285714285714285,56,0.5535714285714286,0.44642857142857145,-3.45,-0.06,10,0.17857142857142858,31,-0.82,-0.03,13,0.41935483870967744,25,-2.63,-0.11,9,0.36,12,0.6666666666666666,0.3333333333333333,6.82,0.57,7,0.5833333333333334,8,6.61,0.83,5,0.625,4,0.22,0.05,2,0.5,8,6,2,18,11,7,1.47,0.08,0.4444444444444444,0.3333333333333333,0.1111111111111111,0.6111111111111112,0.3888888888888889,17,0.40476190476190477,0.73,0.02,42,13,0.40625,-2.72,-0.08,32,401864495,2026,1
282,Indiana State Sycamores,13,0.2826086956521739,7,0.28,6,0.2857142857142857,1,0.25,4,0.3333333333333333,9,0.2647058823529412,34,0.4411764705882353,0.5588235294117647,-2.3,-0.07,5,0.14705882352941177,15,1.52,0.1,4,0.26666666666666666,19,-3.82,-0.2,5,0.2631578947368421,6,0.6666666666666666,0.3333333333333333,-4.62,-0.77,0,0.0,4,-2.99,-0.75,0,0.0,2,-1.63,-0.82,0,0.0,4,3,1,12,10,2,5.09,0.42,0.3333333333333333,0.25,0.08333333333333333,0.8333333333333334,0.16666666666666666,5,0.22727272727272727,-10.75,-0.49,22,8,0.3333333333333333,13.54,0.56,24,401858435,2026,1
2509,Purdue Boilermakers,39,0.527027027027027,20,0.5555555555555556,19,0.5,6,0.42857142857142855,7,0.6363636363636364,32,0.5161290322580645,62,0.43548387096774194,0.5645161290322581,10.02,0.16,19,0.3064516129032258,27,12.76,0.47,16,0.5925925925925926,35,-2.74,-0.08,16,0.45714285714285713,15,0.6666666666666666,0.3333333333333333,4.45,0.3,9,0.6,10,2.26,0.23,5,0.5,5,2.19,0.44,4,0.8,7,4,3,12,9,3,3.94,0.33,0.5833333333333334,0.3333333333333333,0.25,0.75,0.25,32,0.5714285714285714,9.17,0.16,56,7,0.3888888888888889,4.79,0.27,18,401858435,2026,1
2247,Georgia State Panthers,42,0.6,21,0.6363636363636364,21,0.5675675675675675,9,0.5294117647058824,7,0.6363636363636364,34,0.5862068965517241,58,0.43103448275862066,0.5689655172413793,21.09,0.36,12,0.20689655172413793,25,13.75,0.55,17,0.68,33,7.34,0.22,17,0.5151515151515151,16,0.5625,0.4375,11.16,0.7,9,0.5625,9,6.34,0.7,6,0.6666666666666666,7,4.83,0.69,3,0.42857142857142855,8,4,4,12,8,4,7.99,0.67,0.6666666666666666,0.3333333333333333,0.3333333333333333,0.6666666666666666,0.3333333333333333,33,0.6,20.3,0.37,55,9,0.6,8.78,0.59,15,401866623,2026,1
2448,North Carolina A&T Aggies,17,0.32075471698113206,8,0.2857142857142857,9,0.36,0,0.0,5,0.3333333333333333,12,0.3157894736842105,38,0.47368421052631576,0.5263157894736842,-2.01,-0.05,5,0.13157894736842105,18,0.32,0.02,5,0.2777777777777778,20,-2.33,-0.12,7,0.35,6,0.6666666666666666,0.3333333333333333,-3.89,-0.65,0,0.0,4,-2.83,-0.71,0,0.0,2,-1.06,-0.53,0,0.0,5,3,2,15,10,5,-2.58,-0.17,0.3333333333333333,0.2,0.13333333333333333,0.6666666666666666,0.3333333333333333,10,0.35714285714285715,3.25,0.12,28,7,0.28,-7.83,-0.31,25,401866623,2026,1
2341,Long Island University Sharks,16,0.3018867924528302,8,0.34782608695652173,8,0.26666666666666666,0,0.0,3,0.23076923076923078,12,0.3076923076923077,39,0.358974358974359,0.6410256410256411,-9.54,-0.24,7,0.1794871794871795,14,-1.39,-0.1,5,0.35714285714285715,25,-8.15,-0.33,7,0.28,6,0.3333333333333333,0.6666666666666666,-1.04,-0.17,2,0.3333333333333333,2,-1.01,-0.5,0,0.0,4,-0.03,-0.01,2,0.5,4,3,1,14,9,5,-3.77,-0.27,0.2857142857142857,0.21428571428571427,0.07142857142857142,0.6428571428571429,0.35714285714285715,10,0.37037037037037035,-1.29,-0.05,27,6,0.23076923076923078,-12.02,-0.46,26,401856769,2026,1
2305,Kansas Jayhawks,43,0.5657894736842105,16,0.64,27,0.5294117647058824,13,0.6190476190476191,8,0.6153846153846154,33,0.55,60,0.25,0.75,24.24,0.4,18,0.3,15,14.92,0.99,9,0.6,45,9.32,0.21,24,0.5333333333333333,16,0.25,0.75,11.75,0.73,11,0.6875,4,9.0,2.25,4,1.0,12,2.75,0.23,7,0.5833333333333334,10,7,3,16,10,6,11.51,0.72,0.625,0.4375,0.1875,0.625,0.375,35,0.5932203389830508,23.88,0.4,59,8,0.47058823529411764,11.87,0.7,17,401856769,2026,1
127,Michigan State Spartans,38,0.4634146341463415,23,0.6216216216216216,15,0.3333333333333333,4,0.2857142857142857,6,0.3333333333333333,30,0.4918032786885246,61,0.39344262295081966,0.6065573770491803,0.89,0.01,15,0.2459016393442623,24,4.81,0.2,17,0.7083333333333334,37,-3.92,-0.11,13,0.35135135135135137,19,0.631578947368421,0.3684210526315789,1.09,0.06,11,0.5789473684210527,12,0.91,0.08,9,0.75,7,0.18,0.03,2,0.2857142857142857,8,6,2,21,13,8,0.12,0.01,0.38095238095238093,0.2857142857142857,0.09523809523809523,0.6190476190476191,0.38095238095238093,28,0.45901639344262296,0.83,0.01,61,10,0.47619047619047616,0.19,0.01,21,401858429,2026,1
2649,Toledo Rockets,16,0.3902439024390244,11,0.4782608695652174,5,0.2777777777777778,2,1.0,2,0.25,14,0.4375,32,0.5,0.5,11.48,0.36,4,0.125,16,12.92,0.81,9,0.5625,16,-1.44,-0.09,5,0.3125,,,,,,,,,,,,,,,,,,2,2,0,9,7,2,-8.93,-0.99,0.2222222222222222,0.2222222222222222,0.0,0.7777777777777778,0.2222222222222222,8,0.3333333333333333,-8.58,-0.36,24,8,0.47058823529411764,11.13,0.65,17,401858429,2026,1
194,Ohio State Buckeyes,41,0.5694444444444444,27,0.6923076923076923,14,0.42424242424242425,5,0.45454545454545453,5,0.45454545454545453,34,0.576271186440678,59,0.5084745762711864,0.4915254237288136,22.73,0.39,20,0.3389830508474576,30,23.18,0.77,23,0.7666666666666667,29,-0.45,-0.02,11,0.3793103448275862,13,0.7692307692307693,0.23076923076923078,11.05,0.85,10,0.7692307692307693,10,9.91,0.99,9,0.9,3,1.14,0.38,1,0.3333333333333333,7,4,3,13,9,4,7.85,0.6,0.5384615384615384,0.3076923076923077,0.23076923076923078,0.6923076923076923,0.3076923076923077,34,0.6296296296296297,29.98,0.56,54,7,0.3888888888888889,0.6,0.03,18,401858432,2026,1
2050,Ball State Cardinals,12,0.2033898305084746,7,0.18421052631578946,5,0.23809523809523808,,,2,0.14285714285714285,10,0.22727272727272727,44,0.6136363636363636,0.38636363636363635,-12.53,-0.28,8,0.18181818181818182,27,-5.65,-0.21,6,0.2222222222222222,17,-6.88,-0.4,4,0.23529411764705882,16,0.6875,0.3125,-3.87,-0.24,4,0.25,11,-2.71,-0.25,2,0.18181818181818182,5,-1.15,-0.23,2,0.4,2,1,1,15,11,4,-11.69,-0.78,0.13333333333333333,0.06666666666666667,0.06666666666666667,0.7333333333333333,0.26666666666666666,8,0.25,-6.93,-0.22,32,4,0.14814814814814814,-17.29,-0.64,27,401858432,2026,1
2483,Oregon Ducks,28,0.4375,17,0.425,11,0.4583333333333333,4,0.5,4,0.3333333333333333,24,0.4897959183673469,49,0.5714285714285714,0.42857142857142855,17.33,0.35,11,0.22448979591836735,28,14.51,0.52,14,0.5,21,2.82,0.13,10,0.47619047619047616,16,0.625,0.375,7.05,0.44,6,0.375,10,6.95,0.7,4,0.4,6,0.1,0.02,2,0.3333333333333333,4,3,1,15,12,3,-6.71,-0.45,0.26666666666666666,0.2,0.06666666666666667,0.8,0.2,20,0.43478260869565216,1.21,0.03,46,8,0.4444444444444444,9.41,0.52,18,401858433,2026,1
68,Boise State Broncos,26,0.40625,12,0.375,14,0.4375,4,0.36363636363636365,4,0.26666666666666666,20,0.43478260869565216,46,0.41304347826086957,0.5869565217391305,2.29,0.05,6,0.13043478260869565,19,6.9,0.36,10,0.5263157894736842,27,-4.61,-0.17,10,0.37037037037037035,8,0.375,0.625,-2.59,-0.32,3,0.375,3,-2.94,-0.98,0,0.0,5,0.35,0.07,3,0.6,6,2,4,18,13,5,-5.27,-0.29,0.3333333333333333,0.1111111111111111,0.2222222222222222,0.7222222222222222,0.2777777777777778,21,0.45652173913043476,1.35,0.03,46,5,0.2777777777777778,-4.32,-0.24,18,401858433,2026,1
61,Georgia Bulldogs,42,0.711864406779661,23,0.696969696969697,19,0.7307692307692307,10,0.9090909090909091,5,0.8333333333333334,37,0.7115384615384616,52,0.5576923076923077,0.4423076923076923,31.07,0.6,19,0.36538461538461536,29,19.14,0.66,21,0.7241379310344828,23,11.93,0.52,16,0.6956521739130435,8,0.625,0.375,1.68,0.21,5,0.625,5,1.4,0.28,3,0.6,3,0.28,0.09,2,0.6666666666666666,5,2,3,7,4,3,1.81,0.26,0.7142857142857143,0.2857142857142857,0.42857142857142855,0.5714285714285714,0.42857142857142855,35,0.7446808510638298,26.99,0.57,47,7,0.5833333333333334,5.89,0.49,12,401856658,2026,1
2634,Tennessee State Tigers,21,0.3684210526315789,13,0.4642857142857143,8,0.27586206896551724,0,0.0,6,0.375,15,0.375,40,0.375,0.625,-9.32,-0.23,2,0.05,15,-1.99,-0.13,9,0.6,25,-7.33,-0.29,6,0.24,10,0.6,0.4,-3.41,-0.34,2,0.2,6,-1.01,-0.17,2,0.3333333333333333,4,-2.41,-0.6,0,0.0,6,4,2,17,13,4,-3.97,-0.23,0.35294117647058826,0.23529411764705882,0.11764705882352941,0.7647058823529411,0.23529411764705882,15,0.45454545454545453,-3.28,-0.1,33,6,0.25,-10.0,-0.42,24,401856658,2026,1
326,Texas State Bobcats,30,0.42857142857142855,17,0.5483870967741935,13,0.3333333333333333,1,0.25,8,0.5714285714285714,21,0.39622641509433965,53,0.39622641509433965,0.6037735849056604,-11.73,-0.22,8,0.1509433962264151,21,-4.12,-0.2,10,0.47619047619047616,32,-7.6,-0.24,11,0.34375,5,0.4,0.6,-0.32,-0.06,4,0.8,2,-3.73,-1.87,1,0.5,3,3.42,1.14,3,1.0,9,7,2,17,10,7,1.28,0.08,0.5294117647058824,0.4117647058823529,0.11764705882352941,0.5882352941176471,0.4117647058823529,20,0.36363636363636365,-10.14,-0.18,55,10,0.6666666666666666,-0.3,-0.02,15,401856667,2026,1
251,Texas Longhorns,37,0.5285714285714286,24,0.6857142857142857,13,0.37142857142857144,9,0.5,11,0.7333333333333333,24,0.4528301886792453,53,0.41509433962264153,0.5849056603773585,2.47,0.05,12,0.22641509433962265,22,5.54,0.25,14,0.6363636363636364,31,-3.07,-0.1,10,0.3225806451612903,21,0.5714285714285714,0.42857142857142855,2.19,0.1,10,0.47619047619047616,12,6.67,0.56,8,0.6666666666666666,9,-4.48,-0.5,2,0.2222222222222222,13,10,3,17,13,4,23.49,1.38,0.7647058823529411,0.5882352941176471,0.17647058823529413,0.7647058823529411,0.23529411764705882,24,0.5217391304347826,15.85,0.34,46,13,0.5416666666666666,10.11,0.42,24,401856667,2026,1
84,Indiana Hoosiers,24,0.5333333333333333,12,0.8,12,0.4,10,0.5555555555555556,5,0.625,17,0.4857142857142857,35,0.2857142857142857,0.7142857142857143,12.96,0.37,6,0.17142857142857143,10,11.97,1.2,8,0.8,25,0.99,0.04,9,0.36,5,0.4,0.6,-0.55,-0.11,2,0.4,2,-1.36,-0.68,0,0.0,3,0.81,0.27,2,0.6666666666666666,7,4,3,10,5,5,11.88,1.19,0.7,0.4,0.3,0.5,0.5,17,0.5483870967741935,11.62,0.37,31,7,0.5,13.23,0.94,14,401858425,2026,1
249,North Texas Mean Green,26,0.3880597014925373,14,0.4666666666666667,12,0.32432432432432434,2,0.4,5,0.3333333333333333,20,0.40816326530612246,49,0.3469387755102041,0.6530612244897959,3.4,0.07,10,0.20408163265306123,17,3.28,0.19,9,0.5294117647058824,32,0.12,0.0,11,0.34375,18,0.5555555555555556,0.4444444444444444,7.72,0.43,11,0.6111111111111112,10,6.29,0.63,7,0.7,8,1.43,0.18,4,0.5,6,5,1,18,13,5,1.12,0.06,0.3333333333333333,0.2777777777777778,0.05555555555555555,0.7222222222222222,0.2777777777777778,18,0.4,1.14,0.03,45,8,0.36363636363636365,3.38,0.15,22,401858425,2026,1
245,Texas A&M Aggies,48,0.5454545454545454,21,0.525,25,0.5555555555555556,11,0.6470588235294118,7,0.5,37,0.5362318840579711,69,0.4492753623188406,0.5507246376811594,14.05,0.2,19,0.2753623188405797,31,8.26,0.27,16,0.5161290322580645,38,5.79,0.15,21,0.5526315789473685,16,0.5,0.5,3.61,0.23,7,0.4375,8,3.77,0.47,5,0.625,8,-0.15,-0.02,2,0.25,11,5,4,18,9,7,6.54,0.36,0.6111111111111112,0.2777777777777778,0.2222222222222222,0.5,0.3888888888888889,35,0.5555555555555556,13.67,0.22,63,13,0.5416666666666666,6.91,0.29,24,401856668,2026,1
2623,Missouri State Bears,6,0.15,1,0.05555555555555555,5,0.22727272727272727,,,2,0.18181818181818182,3,0.1111111111111111,27,0.3333333333333333,0.6666666666666666,-14.43,-0.53,1,0.037037037037037035,9,-7.4,-0.82,0,0.0,18,-7.02,-0.39,3,0.16666666666666666,3,0.0,1.0,-3.48,-1.16,0,0.0,,,,,,3,-3.48,-1.16,0,0.0,3,1,2,13,9,4,-6.93,-0.53,0.23076923076923078,0.07692307692307693,0.15384615384615385,0.6923076923076923,0.3076923076923077,6,0.23076923076923078,-8.31,-0.32,26,0,0.0,-13.04,-0.93,14,401856668,2026,1
99,LSU Tigers,47,0.49473684210526314,18,0.5,29,0.4915254237288136,5,0.5555555555555556,10,0.625,37,0.47435897435897434,78,0.3717948717948718,0.6282051282051282,11.59,0.15,19,0.24358974358974358,29,3.71,0.13,13,0.4482758620689655,49,7.88,0.16,24,0.4897959183673469,11,0.36363636363636365,0.6363636363636364,5.96,0.54,7,0.6363636363636364,4,2.18,0.55,2,0.5,7,3.78,0.54,5,0.7142857142857143,10,5,5,17,7,10,4.57,0.27,0.5882352941176471,0.29411764705882354,0.29411764705882354,0.4117647058823529,0.5882352941176471,32,0.47058823529411764,3.24,0.05,68,15,0.5555555555555556,12.92,0.48,27,401856660,2026,1
228,Clemson Tigers,14,0.2916666666666667,7,0.2692307692307692,7,0.3181818181818182,2,1.0,1,0.07692307692307693,13,0.37142857142857144,35,0.5142857142857142,0.4857142857142857,-6.67,-0.19,5,0.14285714285714285,18,-4.72,-0.26,6,0.3333333333333333,17,-1.95,-0.11,7,0.4117647058823529,9,0.7777777777777778,0.2222222222222222,-3.41,-0.38,2,0.2222222222222222,7,-2.77,-0.4,2,0.2857142857142857,2,-0.64,-0.32,0,0.0,1,1,0,13,8,5,-12.92,-0.99,0.07692307692307693,0.07692307692307693,0.0,0.6153846153846154,0.38461538461538464,11,0.39285714285714285,-4.25,-0.15,28,3,0.15,-15.34,-0.77,20,401856660,2026,1
2000,Abilene Christian Wildcats,20,0.32786885245901637,13,0.37142857142857144,7,0.2692307692307692,0,0.0,6,0.4,14,0.3111111111111111,45,0.5777777777777777,0.4222222222222222,-7.28,-0.16,5,0.1111111111111111,26,-2.7,-0.1,11,0.4230769230769231,19,-4.57,-0.24,3,0.15789473684210525,15,0.6,0.4,-9.06,-0.6,2,0.13333333333333333,9,-7.71,-0.86,1,0.1111111111111111,6,-1.35,-0.22,1,0.16666666666666666,6,2,4,16,9,7,-5.96,-0.37,0.375,0.125,0.25,0.5625,0.4375,10,0.29411764705882354,-12.92,-0.38,34,10,0.37037037037037035,-0.32,-0.01,27,401856770,2026,1
2641,Texas Tech Red Raiders,31,0.4246575342465753,16,0.47058823529411764,15,0.38461538461538464,3,0.2,5,0.4166666666666667,25,0.4166666666666667,60,0.4666666666666667,0.5333333333333333,9.09,0.15,17,0.2833333333333333,28,10.39,0.37,14,0.5,32,-1.3,-0.04,11,0.34375,10,0.8,0.2,-3.06,-0.31,2,0.2,8,-2.36,-0.3,2,0.25,2,-0.69,-0.35,0,0.0,6,2,4,13,6,7,0.54,0.04,0.46153846153846156,0.15384615384615385,0.3076923076923077,0.46153846153846156,0.5384615384615384,26,0.45614035087719296,5.18,0.09,57,5,0.3125,4.45,0.28,16,401856770,2026,1
151,East Carolina Pirates,14,0.34146341463414637,8,0.36363636363636365,6,0.3157894736842105,1,0.25,0,0.0,14,0.4375,32,0.5,0.5,-0.8,-0.02,5,0.15625,16,3.41,0.21,8,0.5,16,-4.21,-0.26,6,0.375,9,0.4444444444444444,0.5555555555555556,-2.93,-0.33,4,0.4444444444444444,4,-3.69,-0.92,1,0.25,5,0.76,0.15,3,0.6,0,0,0,9,6,3,-9.48,-1.05,0.0,0.0,0.0,0.6666666666666666,0.3333333333333333,9,0.36,-2.6,-0.1,25,5,0.3125,-7.68,-0.48,16,401856634,2026,1
333,Alabama Crimson Tide,39,0.4936708860759494,12,0.375,27,0.574468085106383,10,0.5263157894736842,8,0.5333333333333333,30,0.47619047619047616,63,0.38095238095238093,0.6190476190476191,-4.67,-0.07,15,0.23809523809523808,24,-1.61,-0.07,9,0.375,39,-3.06,-0.08,21,0.5384615384615384,13,0.6153846153846154,0.38461538461538464,-4.28,-0.33,4,0.3076923076923077,8,-0.72,-0.09,2,0.25,5,-3.56,-0.71,2,0.4,9,3,6,16,8,8,11.36,0.71,0.5625,0.1875,0.375,0.5,0.5,28,0.5,1.71,0.03,56,11,0.4782608695652174,4.98,0.22,23,401856634,2026,1
3101,Utah Tech Trailblazers,18,0.32142857142857145,10,0.3125,8,0.3333333333333333,1,0.16666666666666666,5,0.38461538461538464,12,0.2857142857142857,42,0.5,0.5,-16.09,-0.38,4,0.09523809523809523,21,-13.44,-0.64,5,0.23809523809523808,21,-2.64,-0.13,7,0.3333333333333333,8,0.5,0.5,-3.01,-0.38,1,0.125,4,-2.78,-0.7,0,0.0,4,-0.23,-0.06,1,0.25,6,5,1,14,11,3,4.42,0.32,0.42857142857142855,0.35714285714285715,0.07142857142857142,0.7857142857142857,0.21428571428571427,11,0.3055555555555556,-10.5,-0.29,36,7,0.35,-1.17,-0.06,20,401856775,2026,1
252,BYU Cougars,45,0.6818181818181818,16,0.6956521739130435,29,0.6744186046511628,9,0.6428571428571429,9,0.8181818181818182,36,0.6545454545454545,55,0.34545454545454546,0.6545454545454545,18.49,0.34,17,0.3090909090909091,19,6.77,0.36,14,0.7368421052631579,36,11.72,0.33,22,0.6111111111111112,11,0.2727272727272727,0.7272727272727273,8.29,0.75,9,0.8181818181818182,3,1.05,0.35,2,0.6666666666666666,8,7.24,0.91,7,0.875,9,2,7,11,4,7,8.76,0.8,0.8181818181818182,0.18181818181818182,0.6363636363636364,0.36363636363636365,0.6363636363636364,41,0.6949152542372882,22.63,0.38,59,4,0.5714285714285714,4.61,0.66,7,401856775,2026,1
2711,Western Michigan Broncos,26,0.3939393939393939,8,0.3333333333333333,18,0.4186046511627907,2,0.4,9,0.5,17,0.3617021276595745,47,0.3404255319148936,0.6808510638297872,-8.65,-0.18,6,0.1276595744680851,16,-5.94,-0.37,4,0.25,32,-4.58,-0.14,13,0.40625,9,0.4444444444444444,0.5555555555555556,-2.74,-0.3,3,0.3333333333333333,4,-2.77,-0.69,1,0.25,5,0.03,0.01,2,0.4,9,4,5,19,8,11,-4.39,-0.23,0.47368421052631576,0.21052631578947367,0.2631578947368421,0.42105263157894735,0.5789473684210527,17,0.38636363636363635,-11.47,-0.26,44,9,0.4090909090909091,-1.57,-0.07,22,401858428,2026,1
130,Michigan Wolverines,23,0.4791666666666667,10,0.4166666666666667,13,0.5416666666666666,4,0.6666666666666666,4,0.4,18,0.4864864864864865,37,0.4594594594594595,0.5405405405405406,0.7,0.02,7,0.1891891891891892,17,2.6,0.15,8,0.47058823529411764,20,-1.9,-0.09,10,0.5,9,0.5555555555555556,0.4444444444444444,1.9,0.21,6,0.6666666666666666,5,1.03,0.21,3,0.6,4,0.87,0.22,3,0.75,5,2,3,11,7,4,3.77,0.34,0.45454545454545453,0.18181818181818182,0.2727272727272727,0.6363636363636364,0.36363636363636365,19,0.5588235294117647,4.23,0.12,34,4,0.2857142857142857,0.24,0.02,14,401858428,2026,1
213,Penn State Nittany Lions,36,0.5,17,0.6071428571428571,19,0.4318181818181818,7,0.5,10,0.625,24,0.4444444444444444,54,0.35185185185185186,0.6481481481481481,5.73,0.11,10,0.18518518518518517,19,10.58,0.56,11,0.5789473684210527,35,-4.85,-0.14,13,0.37142857142857144,8,0.625,0.375,5.98,0.75,6,0.75,5,6.17,1.23,4,0.8,3,-0.2,-0.07,2,0.6666666666666666,12,6,6,18,9,9,9.96,0.55,0.6666666666666666,0.3333333333333333,0.3333333333333333,0.5,0.5,28,0.49122807017543857,11.22,0.2,57,8,0.5333333333333333,4.47,0.3,15,401858434,2026,1
276,Marshall Thundering Herd,20,0.37037037037037035,13,0.43333333333333335,7,0.2916666666666667,,,3,0.25,17,0.4146341463414634,41,0.5121951219512195,0.4878048780487805,-3.44,-0.08,7,0.17073170731707318,21,4.0,0.19,10,0.47619047619047616,20,-7.44,-0.37,7,0.35,17,0.5882352941176471,0.4117647058823529,-3.52,-0.21,8,0.47058823529411764,10,0.72,0.07,6,0.6,7,-4.24,-0.61,2,0.2857142857142857,3,3,0,13,9,4,-14.59,-1.12,0.23076923076923078,0.23076923076923078,0.0,0.6923076923076923,0.3076923076923077,13,0.37142857142857144,-11.88,-0.34,35,7,0.3684210526315789,-6.15,-0.32,19,401858434,2026,1
2633,Tennessee Volunteers,40,0.5405405405405406,19,0.6785714285714286,21,0.45652173913043476,7,0.5833333333333334,5,0.45454545454545453,33,0.55,60,0.4166666666666667,0.5833333333333334,18.53,0.31,17,0.2833333333333333,25,12.79,0.51,17,0.68,35,5.74,0.16,16,0.45714285714285713,17,0.35294117647058826,0.6470588235294118,16.05,0.94,12,0.7058823529411765,6,7.25,1.21,4,0.6666666666666666,11,8.8,0.8,8,0.7272727272727273,7,2,5,14,3,11,4.02,0.29,0.5,0.14285714285714285,0.35714285714285715,0.21428571428571427,0.7857142857142857,33,0.5409836065573771,18.73,0.31,61,7,0.5384615384615384,3.82,0.29,13,401856666,2026,1
231,Furman Paladins,18,0.3157894736842105,4,0.14285714285714285,14,0.4827586206896552,,,5,0.3333333333333333,13,0.325,40,0.5,0.5,-9.91,-0.25,5,0.125,20,-11.39,-0.57,4,0.2,20,1.48,0.07,9,0.45,7,0.5714285714285714,0.42857142857142855,-1.94,-0.28,3,0.42857142857142855,4,0.39,0.1,3,0.75,3,-2.33,-0.78,0,0.0,5,0,5,17,8,9,-8.04,-0.47,0.29411764705882354,0.0,0.29411764705882354,0.47058823529411764,0.5294117647058824,10,0.2857142857142857,-17.12,-0.49,35,8,0.36363636363636365,-0.83,-0.04,22,401856666,2026,1
2294,Iowa Hawkeyes,35,0.44871794871794873,18,0.45,17,0.4473684210526316,6,0.35294117647058826,6,0.42857142857142855,29,0.47540983606557374,61,0.45901639344262296,0.5409836065573771,8.77,0.14,16,0.26229508196721313,28,5.68,0.2,15,0.5357142857142857,33,3.09,0.09,14,0.42424242424242425,19,0.7368421052631579,0.2631578947368421,-2.36,-0.12,7,0.3684210526315789,14,-3.15,-0.23,4,0.2857142857142857,5,0.79,0.16,3,0.6,6,3,3,17,12,5,-6.62,-0.39,0.35294117647058826,0.17647058823529413,0.17647058823529413,0.7058823529411765,0.29411764705882354,26,0.5,4.93,0.09,52,9,0.34615384615384615,-2.78,-0.11,26,401858426,2026,1
2459,Northern Illinois Huskies,14,0.25925925925925924,8,0.26666666666666666,6,0.25,,,3,0.2,11,0.28205128205128205,39,0.48717948717948717,0.5128205128205128,-11.28,-0.29,3,0.07692307692307693,19,-4.96,-0.26,6,0.3157894736842105,20,-6.32,-0.32,5,0.25,7,0.42857142857142855,0.5714285714285714,-3.28,-0.47,1,0.14285714285714285,3,-2.61,-0.87,0,0.0,4,-0.68,-0.17,1,0.25,3,2,1,15,11,4,-12.81,-0.85,0.2,0.13333333333333333,0.06666666666666667,0.7333333333333333,0.26666666666666666,7,0.23333333333333334,-13.9,-0.46,30,7,0.2916666666666667,-10.19,-0.42,24,401858426,2026,1
204,Oregon State Beavers,29,0.3972602739726027,23,0.4423076923076923,6,0.2857142857142857,5,0.7142857142857143,5,0.3333333333333333,22,0.41509433962264153,53,0.660377358490566,0.33962264150943394,9.8,0.18,14,0.2641509433962264,35,12.17,0.35,17,0.4857142857142857,18,-2.37,-0.13,5,0.2777777777777778,10,0.8,0.2,-4.89,-0.49,1,0.1,8,-3.96,-0.49,1,0.125,2,-0.93,-0.46,0,0.0,7,6,1,20,17,3,-4.43,-0.22,0.35,0.3,0.05,0.85,0.15,19,0.4222222222222222,7.01,0.16,45,10,0.35714285714285715,-1.64,-0.06,28,401856778,2026,1
248,Houston Cougars,35,0.4861111111111111,17,0.53125,18,0.45,6,0.46153846153846156,8,0.6153846153846154,26,0.4482758620689655,58,0.4827586206896552,0.5172413793103449,5.63,0.1,13,0.22413793103448276,28,4.86,0.17,14,0.5,30,0.77,0.03,12,0.4,14,0.42857142857142855,0.5714285714285714,0.96,0.07,6,0.42857142857142855,6,3.64,0.61,4,0.6666666666666666,8,-2.68,-0.33,2,0.25,9,3,6,14,4,10,8.29,0.59,0.6428571428571429,0.21428571428571427,0.42857142857142855,0.2857142857142857,0.7142857142857143,24,0.47058823529411764,1.59,0.03,51,11,0.5238095238095238,12.33,0.59,21,401856778,2026,1
277,West Virginia Mountaineers,26,0.3561643835616438,7,0.4666666666666667,19,0.3275862068965517,5,0.45454545454545453,9,0.5,16,0.2962962962962963,54,0.1111111111111111,0.8888888888888888,1.24,0.02,6,0.1111111111111111,6,0.19,0.03,2,0.3333333333333333,48,1.05,0.02,14,0.2916666666666667,10,0.2,0.8,2.61,0.26,5,0.5,2,1.43,0.71,1,0.5,8,1.19,0.15,4,0.5,10,5,5,19,9,10,2.84,0.15,0.5263157894736842,0.2631578947368421,0.2631578947368421,0.47368421052631576,0.5263157894736842,21,0.40384615384615385,6.12,0.12,52,5,0.23809523809523808,-2.04,-0.1,21,401856780,2026,1
324,Coastal Carolina Chanticleers,27,0.421875,18,0.42857142857142855,9,0.4090909090909091,2,0.3333333333333333,2,0.2,24,0.46153846153846156,52,0.6346153846153846,0.36538461538461536,14.18,0.27,12,0.23076923076923078,33,12.31,0.37,16,0.48484848484848486,19,1.88,0.1,8,0.42105263157894735,10,0.6,0.4,-1.57,-0.16,3,0.3,6,-0.49,-0.08,2,0.3333333333333333,4,-1.08,-0.27,1,0.25,3,2,1,12,9,3,-7.0,-0.58,0.25,0.16666666666666666,0.08333333333333333,0.75,0.25,17,0.4146341463414634,-6.39,-0.16,41,10,0.43478260869565216,13.57,0.59,23,401856780,2026,1
183,Syracuse Orange,42,0.5526315789473685,20,0.5405405405405406,22,0.5641025641025641,13,0.52,8,0.6666666666666666,34,0.5396825396825397,63,0.47619047619047616,0.5238095238095238,17.47,0.28,18,0.2857142857142857,30,11.96,0.4,17,0.5666666666666667,33,5.51,0.17,17,0.5151515151515151,9,0.4444444444444444,0.5555555555555556,3.66,0.41,5,0.5555555555555556,4,-1.43,-0.36,1,0.25,5,5.08,1.02,4,0.8,8,3,5,13,7,6,5.37,0.41,0.6153846153846154,0.23076923076923078,0.38461538461538464,0.5384615384615384,0.46153846153846156,32,0.5614035087719298,12.44,0.22,57,10,0.5263157894736842,10.39,0.55,19,401858208,2026,1
160,New Hampshire Wildcats,19,0.3114754098360656,9,0.2903225806451613,9,0.3103448275862069,,,6,0.4,12,0.2727272727272727,44,0.4318181818181818,0.5681818181818182,-21.34,-0.48,4,0.09090909090909091,19,-8.65,-0.46,5,0.2631578947368421,25,-12.68,-0.51,7,0.28,15,0.6666666666666666,0.26666666666666666,2.66,0.18,5,0.3333333333333333,10,-2.25,-0.23,2,0.2,4,-0.5,-0.12,2,0.5,7,4,2,17,12,4,-0.31,-0.02,0.4117647058823529,0.23529411764705882,0.11764705882352941,0.7058823529411765,0.23529411764705882,10,0.30303030303030304,-14.49,-0.44,33,9,0.32142857142857145,-7.16,-0.26,28,401858208,2026,1
158,Nebraska Cornhuskers,38,0.5135135135135135,16,0.47058823529411764,22,0.55,9,0.6,10,0.6666666666666666,27,0.47368421052631576,57,0.42105263157894735,0.5789473684210527,11.34,0.2,15,0.2631578947368421,24,6.65,0.28,11,0.4583333333333333,33,4.68,0.14,16,0.48484848484848486,13,0.6153846153846154,0.38461538461538464,-5.33,-0.41,4,0.3076923076923077,8,-5.08,-0.64,2,0.25,5,-0.25,-0.05,2,0.4,11,5,6,17,10,7,16.15,0.95,0.6470588235294118,0.29411764705882354,0.35294117647058826,0.5882352941176471,0.4117647058823529,27,0.4909090909090909,17.05,0.31,55,11,0.5789473684210527,10.44,0.55,19,401858430,2026,1
195,Ohio Bobcats,23,0.35384615384615387,10,0.29411764705882354,13,0.41935483870967744,3,0.6,5,0.3333333333333333,17,0.3469387755102041,49,0.4897959183673469,0.5102040816326531,-0.39,-0.01,9,0.1836734693877551,24,-1.87,-0.08,6,0.25,25,1.48,0.06,11,0.44,11,0.36363636363636365,0.6363636363636364,-1.29,-0.12,4,0.36363636363636365,4,-2.48,-0.62,0,0.0,7,1.2,0.17,4,0.5714285714285714,6,4,2,16,10,6,-1.63,-0.1,0.375,0.25,0.125,0.625,0.375,18,0.43902439024390244,10.2,0.25,41,5,0.20833333333333334,-12.22,-0.51,24,401858430,2026,1
41,UConn Huskies,34,0.4722222222222222,18,0.5625,16,0.4,4,0.4444444444444444,7,0.5833333333333334,25,0.43859649122807015,57,0.3508771929824561,0.6491228070175439,17.7,0.31,16,0.2807017543859649,20,11.0,0.55,11,0.55,37,6.69,0.18,14,0.3783783783783784,11,0.45454545454545453,0.5454545454545454,2.79,0.25,4,0.36363636363636365,5,-0.79,-0.16,2,0.4,6,3.58,0.6,2,0.3333333333333333,9,7,2,15,12,3,10.01,0.67,0.6,0.4666666666666667,0.13333333333333333,0.8,0.2,25,0.4716981132075472,15.05,0.28,53,9,0.47368421052631576,12.66,0.67,19,401861962,2026,1
322,Lafayette Leopards,22,0.30985915492957744,12,0.27906976744186046,10,0.35714285714285715,1,0.3333333333333333,6,0.35294117647058826,16,0.3018867924528302,53,0.5471698113207547,0.4528301886792453,-9.79,-0.18,7,0.1320754716981132,29,-5.36,-0.18,9,0.3103448275862069,24,-4.43,-0.18,7,0.2916666666666667,13,0.7692307692307693,0.23076923076923078,-3.58,-0.28,3,0.23076923076923078,10,-3.61,-0.36,2,0.2,3,0.03,0.01,1,0.3333333333333333,6,3,3,18,14,4,-4.47,-0.25,0.3333333333333333,0.16666666666666666,0.16666666666666666,0.7777777777777778,0.2222222222222222,17,0.4358974358974359,-0.85,-0.02,39,5,0.15625,-13.41,-0.42,32,401861962,2026,1
349,Army Black Knights,45,0.6521739130434783,6,0.46153846153846156,39,0.6964285714285714,9,0.8181818181818182,6,0.6666666666666666,38,0.6440677966101694,59,0.2033898305084746,0.7966101694915254,20.3,0.34,20,0.3389830508474576,12,-0.22,-0.02,6,0.5,47,20.53,0.44,32,0.6808510638297872,14,0.21428571428571427,0.7857142857142857,5.71,0.41,9,0.6428571428571429,3,-0.38,-0.13,2,0.6666666666666666,11,6.09,0.55,7,0.6363636363636364,7,0,7,10,1,9,14.14,1.41,0.7,0.0,0.7,0.1,0.9,39,0.6964285714285714,28.78,0.51,56,6,0.46153846153846156,5.67,0.44,13,401862701,2026,1
2803,Bryant Bulldogs,21,0.39622641509433965,9,0.36,12,0.42857142857142855,0,0.0,3,0.21428571428571427,18,0.47368421052631576,38,0.3684210526315789,0.631578947368421,-3.31,-0.09,5,0.13157894736842105,14,-1.01,-0.07,7,0.5,24,-2.3,-0.1,11,0.4583333333333333,10,0.5,0.5,-3.5,-0.35,2,0.2,5,-0.17,-0.03,1,0.2,5,-3.33,-0.67,1,0.2,3,2,1,15,11,4,-8.73,-0.58,0.2,0.13333333333333333,0.06666666666666667,0.7333333333333333,0.26666666666666666,15,0.45454545454545453,-5.53,-0.17,33,6,0.3,-6.51,-0.33,20,401862701,2026,1
189,Bowling Green Falcons,29,0.4393939393939394,18,0.6,11,0.3055555555555556,3,0.42857142857142855,7,0.5384615384615384,21,0.4117647058823529,51,0.39215686274509803,0.6078431372549019,-6.18,-0.12,12,0.23529411764705882,20,6.06,0.3,11,0.55,31,-12.24,-0.39,10,0.3225806451612903,9,0.4444444444444444,0.5555555555555556,6.54,0.73,6,0.6666666666666666,4,4.13,1.03,3,0.75,5,2.42,0.48,3,0.6,8,7,1,15,10,5,1.15,0.08,0.5333333333333333,0.4666666666666667,0.06666666666666667,0.6666666666666666,0.3333333333333333,22,0.46808510638297873,-7.55,-0.16,47,7,0.3684210526315789,2.52,0.13,19,401866410,2026,1
2627,Tarleton State Texans,24,0.42105263157894735,11,0.44,13,0.40625,4,0.3333333333333333,2,0.2,20,0.47619047619047616,42,0.42857142857142855,0.5714285714285714,13.68,0.33,11,0.2619047619047619,18,8.72,0.48,9,0.5,24,4.96,0.21,11,0.4583333333333333,10,0.4,0.6,1.2,0.12,4,0.4,4,2.65,0.66,2,0.5,6,-1.45,-0.24,2,0.3333333333333333,4,2,2,15,7,8,-12.91,-0.86,0.26666666666666666,0.13333333333333333,0.13333333333333333,0.4666666666666667,0.5333333333333333,19,0.475,9.01,0.23,40,5,0.29411764705882354,-8.24,-0.48,17,401866410,2026,1
256,James Madison Dukes,20,0.4,7,0.3684210526315789,13,0.41935483870967744,5,0.45454545454545453,4,0.36363636363636365,16,0.41025641025641024,39,0.3076923076923077,0.6923076923076923,5.9,0.15,8,0.20512820512820512,12,2.74,0.23,5,0.4166666666666667,27,3.16,0.12,11,0.4074074074074074,8,0.75,0.25,0.68,0.08,4,0.5,6,1.83,0.3,3,0.5,2,-1.15,-0.57,1,0.5,4,2,2,11,7,4,-2.75,-0.25,0.36363636363636365,0.18181818181818182,0.18181818181818182,0.6363636363636364,0.36363636363636365,15,0.4166666666666667,3.07,0.09,36,5,0.35714285714285715,0.08,0.01,14,401869960,2026,1
2335,Liberty Flames,28,0.42424242424242425,15,0.5172413793103449,13,0.35135135135135137,1,0.14285714285714285,7,0.4375,20,0.425531914893617,47,0.3829787234042553,0.6170212765957447,3.68,0.08,7,0.14893617021276595,18,9.21,0.51,11,0.6111111111111112,29,-5.52,-0.19,9,0.3103448275862069,9,0.6666666666666666,0.3333333333333333,-1.12,-0.12,3,0.3333333333333333,6,0.05,0.01,3,0.5,3,-1.17,-0.39,0,0.0,8,4,4,19,11,8,-2.95,-0.16,0.42105263157894735,0.21052631578947367,0.21052631578947367,0.5789473684210527,0.42105263157894735,16,0.37209302325581395,-1.86,-0.04,43,12,0.5217391304347826,2.59,0.11,23,401869960,2026,1
193,Miami (OH) RedHawks,15,0.25862068965517243,13,0.3333333333333333,2,0.10526315789473684,1,1.0,3,0.21428571428571427,11,0.2558139534883721,43,0.6046511627906976,0.3953488372093023,1.74,0.04,8,0.18604651162790697,26,6.94,0.27,10,0.38461538461538464,17,-5.2,-0.31,1,0.058823529411764705,9,0.6666666666666666,0.3333333333333333,-3.38,-0.38,1,0.1111111111111111,6,-2.46,-0.41,1,0.16666666666666666,3,-0.92,-0.31,0,0.0,4,3,1,15,13,2,-1.11,-0.07,0.26666666666666666,0.2,0.06666666666666667,0.8666666666666667,0.13333333333333333,8,0.25,3.52,0.11,32,7,0.2692307692307692,-2.89,-0.11,26,401858207,2026,1
221,Pittsburgh Panthers,40,0.5263157894736842,29,0.6304347826086957,11,0.36666666666666664,4,0.5,8,0.7272727272727273,32,0.5,64,0.625,0.375,17.77,0.28,18,0.28125,40,21.13,0.53,24,0.6,24,-3.35,-0.14,8,0.3333333333333333,18,0.8333333333333334,0.16666666666666666,4.28,0.24,7,0.3888888888888889,15,3.44,0.23,6,0.4,3,0.84,0.28,1,0.3333333333333333,8,5,3,12,6,6,12.77,1.06,0.6666666666666666,0.4166666666666667,0.25,0.5,0.5,28,0.49122807017543857,11.42,0.2,57,12,0.631578947368421,19.12,1.01,19,401858207,2026,1
2309,Kent State Golden Flashes,15,0.3125,7,0.2916666666666667,8,0.3333333333333333,,,5,0.35714285714285715,10,0.29411764705882354,34,0.47058823529411764,0.5294117647058824,-8.88,-0.26,4,0.11764705882352941,16,-8.42,-0.53,4,0.25,18,-0.46,-0.03,6,0.3333333333333333,12,0.5,0.5,-1.22,-0.1,4,0.3333333333333333,6,-2.59,-0.43,1,0.16666666666666666,6,1.37,0.23,3,0.5,5,3,2,14,8,6,-0.12,-0.01,0.35714285714285715,0.21428571428571427,0.14285714285714285,0.5714285714285714,0.42857142857142855,11,0.4230769230769231,-2.34,-0.09,26,4,0.18181818181818182,-6.65,-0.3,22,401856665,2026,1
2579,South Carolina Gamecocks,49,0.6901408450704225,24,0.7058823529411765,25,0.6756756756756757,12,0.8571428571428571,8,0.8888888888888888,41,0.6612903225806451,62,0.43548387096774194,0.5645161290322581,25.65,0.41,22,0.3548387096774194,27,9.82,0.36,18,0.6666666666666666,35,15.82,0.45,23,0.6571428571428571,13,0.8461538461538461,0.15384615384615385,10.96,0.84,8,0.6153846153846154,11,11.31,1.03,8,0.7272727272727273,2,-0.35,-0.17,0,0.0,8,6,2,9,7,2,15.75,1.75,0.8888888888888888,0.6666666666666666,0.2222222222222222,0.7777777777777778,0.2222222222222222,40,0.6779661016949152,27.04,0.46,59,9,0.75,14.36,1.2,12,401856665,2026,1
96,Kentucky Wildcats,36,0.6428571428571429,14,0.5384615384615384,22,0.7333333333333333,8,0.6153846153846154,3,0.42857142857142855,32,0.6666666666666666,48,0.4375,0.5625,20.13,0.42,15,0.3125,21,12.32,0.59,11,0.5238095238095238,27,7.81,0.29,21,0.7777777777777778,7,0.14285714285714285,0.8571428571428571,3.59,0.51,5,0.7142857142857143,1,3.58,3.58,1,1.0,6,0.01,0.0,4,0.6666666666666666,4,3,1,8,5,3,4.6,0.57,0.5,0.375,0.125,0.625,0.375,31,0.6458333333333334,16.91,0.35,48,5,0.625,7.82,0.98,8,401856659,2026,1
2754,Youngstown State Penguins,29,0.4393939393939394,17,0.425,12,0.46153846153846156,5,0.7142857142857143,8,0.5333333333333333,21,0.42857142857142855,49,0.6326530612244898,0.3673469387755102,8.22,0.17,11,0.22448979591836735,31,10.76,0.35,14,0.45161290322580644,18,-2.54,-0.14,7,0.3888888888888889,16,0.75,0.25,5.11,0.32,8,0.5,12,6.07,0.51,7,0.5833333333333334,4,-0.96,-0.24,1,0.25,8,3,5,17,9,8,-3.89,-0.23,0.47058823529411764,0.17647058823529413,0.29411764705882354,0.5294117647058824,0.47058823529411764,19,0.475,7.7,0.19,40,10,0.38461538461538464,-3.37,-0.13,26,401856659,2026,1
66,Iowa State Cyclones,19,0.3958333333333333,8,0.4444444444444444,11,0.36666666666666664,6,0.5454545454545454,4,0.4,15,0.39473684210526316,38,0.3684210526315789,0.631578947368421,6.36,0.17,5,0.13157894736842105,14,10.86,0.78,8,0.5714285714285714,24,-4.5,-0.19,7,0.2916666666666667,5,0.4,0.6,3.36,0.67,2,0.4,2,4.82,2.41,2,1.0,3,-1.45,-0.48,0,0.0,4,0,4,10,4,6,-2.15,-0.21,0.4,0.0,0.4,0.4,0.6,11,0.36666666666666664,-0.41,-0.01,30,8,0.4444444444444444,4.62,0.26,18,401856779,2026,1
2546,Southeast Missouri State Redhawks,20,0.29850746268656714,8,0.2857142857142857,12,0.3076923076923077,1,0.5,6,0.375,12,0.25,48,0.3333333333333333,0.6666666666666666,-20.02,-0.42,5,0.10416666666666667,16,-11.97,-0.75,4,0.25,32,-8.05,-0.25,8,0.25,12,0.4166666666666667,0.5833333333333334,-3.87,-0.32,2,0.16666666666666666,5,-3.09,-0.62,1,0.2,7,-0.78,-0.11,1,0.14285714285714285,8,4,4,19,12,7,3.69,0.19,0.42105263157894735,0.21052631578947367,0.21052631578947367,0.631578947368421,0.3684210526315789,13,0.3170731707317073,-9.2,-0.22,41,7,0.2692307692307692,-7.12,-0.27,26,401856779,2026,1
2005,Air Force Falcons,43,0.5512820512820513,1,0.14285714285714285,42,0.5915492957746479,9,0.5625,9,0.6,32,0.5245901639344263,61,0.06557377049180328,0.9344262295081968,4.41,0.07,19,0.3114754098360656,4,-1.16,-0.29,1,0.25,57,5.57,0.1,31,0.543859649122807,3,0.3333333333333333,0.6666666666666666,-0.96,-0.32,1,0.3333333333333333,1,-0.69,-0.69,0,0.0,2,-0.27,-0.13,1,0.5,11,0,11,17,3,14,11.04,0.65,0.6470588235294118,0.0,0.6470588235294118,0.17647058823529413,0.8235294117647058,36,0.5625,14.2,0.22,64,7,0.5,1.26,0.09,14,401864496,2026,1
2184,Duquesne Dukes,12,0.27906976744186046,6,0.2608695652173913,6,0.3,,,3,0.2727272727272727,9,0.28125,32,0.46875,0.53125,-8.32,-0.26,3,0.09375,15,-4.64,-0.31,4,0.26666666666666666,17,-3.68,-0.22,5,0.29411764705882354,14,0.5,0.5,-2.61,-0.19,5,0.35714285714285715,7,-3.48,-0.5,2,0.2857142857142857,7,0.87,0.12,3,0.42857142857142855,3,2,1,11,8,3,-6.54,-0.59,0.2727272727272727,0.18181818181818182,0.09090909090909091,0.7272727272727273,0.2727272727272727,10,0.3448275862068966,-9.53,-0.33,29,2,0.14285714285714285,-5.32,-0.38,14,401864496,2026,1
218,Temple Owls,28,0.4827586206896552,8,0.42105263157894735,20,0.5128205128205128,6,0.6,3,0.2727272727272727,23,0.5111111111111111,45,0.26666666666666666,0.7333333333333333,13.26,0.29,12,0.26666666666666666,12,8.45,0.7,8,0.6666666666666666,33,4.81,0.15,15,0.45454545454545453,10,0.3,0.7,4.77,0.48,7,0.7,3,1.79,0.6,2,0.6666666666666666,7,2.98,0.43,5,0.7142857142857143,5,0,5,13,7,6,-0.71,-0.05,0.38461538461538464,0.0,0.38461538461538464,0.5384615384615384,0.46153846153846156,22,0.5365853658536586,10.42,0.25,41,6,0.35294117647058826,2.14,0.13,17,401862698,2026,1
227,Rhode Island Rams,24,0.4,13,0.3939393939393939,11,0.4074074074074074,2,0.5,7,0.5,15,0.3409090909090909,44,0.5227272727272727,0.4772727272727273,-23.44,-0.53,6,0.13636363636363635,23,-13.11,-0.57,9,0.391304347826087,21,-10.32,-0.49,6,0.2857142857142857,7,0.42857142857142855,0.5714285714285714,0.31,0.04,2,0.2857142857142857,3,-2.36,-0.79,0,0.0,4,2.67,0.67,2,0.5,9,4,5,16,10,6,10.74,0.67,0.5625,0.25,0.3125,0.625,0.375,15,0.42857142857142855,-13.07,-0.37,35,9,0.36,0.37,0.01,25,401862698,2026,1
239,Baylor Bears,41,0.41836734693877553,23,0.41818181818181815,18,0.4186046511627907,4,0.3076923076923077,7,0.3181818181818182,30,0.42857142857142855,70,0.4714285714285714,0.5285714285714286,-5.65,-0.08,13,0.18571428571428572,33,2.95,0.09,15,0.45454545454545453,37,-8.61,-0.23,15,0.40540540540540543,13,0.6153846153846154,0.38461538461538464,1.37,0.11,5,0.38461538461538464,8,0.92,0.12,2,0.25,5,0.44,0.09,3,0.6,11,8,3,28,22,6,-0.86,-0.03,0.39285714285714285,0.2857142857142857,0.10714285714285714,0.7857142857142857,0.21428571428571427,29,0.4142857142857143,-14.75,-0.21,70,12,0.42857142857142855,8.24,0.29,28,401856636,2026,1
2,Auburn Tigers,30,0.4,17,0.4358974358974359,13,0.3611111111111111,2,0.3333333333333333,10,0.5555555555555556,20,0.35714285714285715,56,0.48214285714285715,0.5178571428571429,-11.39,-0.2,11,0.19642857142857142,27,-7.24,-0.27,10,0.37037037037037035,29,-4.15,-0.14,10,0.3448275862068966,20,0.7,0.3,5.03,0.25,12,0.6,14,0.82,0.06,7,0.5,6,4.2,0.7,5,0.8333333333333334,10,7,3,19,12,7,2.12,0.11,0.5263157894736842,0.3684210526315789,0.15789473684210525,0.631578947368421,0.3684210526315789,23,0.4339622641509434,-4.44,-0.08,53,7,0.3181818181818182,-4.84,-0.22,22,401856636,2026,1
103,Boston College Eagles,32,0.4444444444444444,14,0.358974358974359,18,0.5454545454545454,5,0.38461538461538464,5,0.38461538461538464,26,0.4727272727272727,55,0.4727272727272727,0.5272727272727272,1.74,0.03,15,0.2727272727272727,26,-4.33,-0.17,11,0.4230769230769231,29,6.07,0.21,15,0.5172413793103449,12,0.75,0.25,-1.48,-0.12,5,0.4166666666666667,9,-3.42,-0.38,3,0.3333333333333333,3,1.94,0.65,2,0.6666666666666666,6,3,3,17,13,4,-4.57,-0.27,0.35294117647058826,0.17647058823529413,0.17647058823529413,0.7647058823529411,0.23529411764705882,22,0.4888888888888889,7.37,0.16,45,10,0.37037037037037035,-10.2,-0.38,27,401856777,2026,1
2132,Cincinnati Bearcats,27,0.45,8,0.47058823529411764,19,0.4418604651162791,8,0.7272727272727273,5,0.4166666666666667,21,0.44680851063829785,47,0.2765957446808511,0.723404255319149,5.0,0.11,10,0.2127659574468085,13,1.33,0.1,7,0.5384615384615384,34,3.68,0.11,14,0.4117647058823529,10,0.2,0.8,1.59,0.16,6,0.6,2,-1.17,-0.58,0,0.0,8,2.75,0.34,6,0.75,6,1,5,13,4,9,1.13,0.09,0.46153846153846156,0.07692307692307693,0.38461538461538464,0.3076923076923077,0.6923076923076923,19,0.4634146341463415,4.63,0.11,41,8,0.42105263157894735,1.5,0.08,19,401856777,2026,1
2655,Tulane Green Wave,16,0.2962962962962963,9,0.28125,7,0.3181818181818182,0,0.0,3,0.21428571428571427,13,0.34210526315789475,38,0.5,0.5,-5.7,-0.15,5,0.13157894736842105,19,-3.41,-0.18,7,0.3684210526315789,19,-2.3,-0.12,6,0.3157894736842105,9,0.8888888888888888,0.1111111111111111,-4.94,-0.55,3,0.3333333333333333,8,-5.32,-0.67,2,0.25,1,0.38,0.38,1,1.0,3,2,1,16,13,3,-7.54,-0.47,0.1875,0.125,0.0625,0.8125,0.1875,15,0.42857142857142855,2.18,0.06,35,1,0.05263157894736842,-15.42,-0.81,19,401858209,2026,1
150,Duke Blue Devils,26,0.3466666666666667,10,0.37037037037037035,16,0.3333333333333333,4,0.3076923076923077,10,0.5882352941176471,15,0.2777777777777778,54,0.2777777777777778,0.7222222222222222,-11.18,-0.21,8,0.14814814814814814,15,-2.25,-0.15,5,0.3333333333333333,39,-8.93,-0.23,10,0.2564102564102564,16,0.5625,0.4375,-6.37,-0.4,6,0.375,9,-1.03,-0.11,4,0.4444444444444444,7,-5.34,-0.76,2,0.2857142857142857,11,5,6,21,12,9,3.81,0.18,0.5238095238095238,0.23809523809523808,0.2857142857142857,0.5714285714285714,0.42857142857142855,14,0.3111111111111111,-8.69,-0.19,45,12,0.4,1.32,0.04,30,401858209,2026,1
2643,The Citadel Bulldogs,33,0.515625,8,0.5333333333333333,24,0.5,12,0.8571428571428571,8,0.5333333333333333,23,0.48936170212765956,47,0.2127659574468085,0.7872340425531915,14.75,0.31,5,0.10638297872340426,10,1.81,0.18,5,0.5,37,12.94,0.35,18,0.4864864864864865,10,0.2,0.8,5.65,0.56,4,0.4,2,1.62,0.81,1,0.5,8,4.03,0.5,3,0.375,9,3,6,16,5,11,8.37,0.52,0.5625,0.1875,0.375,0.3125,0.6875,22,0.5238095238095238,-0.49,-0.01,42,10,0.47619047619047616,23.62,1.12,21,401862694,2026,1
2429,Charlotte 49ers,37,0.49333333333333335,21,0.5,16,0.5,8,0.5714285714285714,12,0.7058823529411765,24,0.43636363636363634,55,0.5636363636363636,0.43636363636363634,3.73,0.07,9,0.16363636363636364,31,-3.12,-0.1,13,0.41935483870967744,24,6.85,0.29,11,0.4583333333333333,7,0.7142857142857143,0.2857142857142857,1.84,0.26,4,0.5714285714285714,5,2.01,0.4,3,0.6,2,-0.17,-0.08,1,0.5,13,8,5,19,11,8,17.46,0.92,0.6842105263157895,0.42105263157894735,0.2631578947368421,0.5789473684210527,0.42105263157894735,24,0.4528301886792453,11.6,0.22,53,13,0.6190476190476191,9.58,0.46,21,401862694,2026,1
119,Towson Tigers,15,0.38461538461538464,9,0.4090909090909091,6,0.35294117647058826,0,0.0,3,0.375,12,0.3870967741935484,31,0.4838709677419355,0.5161290322580645,3.12,0.1,8,0.25806451612903225,15,5.35,0.36,7,0.4666666666666667,16,-2.23,-0.14,5,0.3125,6,0.6666666666666666,0.3333333333333333,-1.14,-0.19,3,0.5,4,-1.08,-0.27,2,0.5,2,-0.06,-0.03,1,0.5,3,2,1,8,7,1,0.6,0.07,0.375,0.25,0.125,0.875,0.125,9,0.375,-2.87,-0.12,24,6,0.4,6.58,0.44,15,401862696,2026,1
2426,Navy Midshipmen,48,0.6075949367088608,2,0.3333333333333333,46,0.6301369863013698,13,0.7222222222222222,7,0.5833333333333334,38,0.59375,64,0.046875,0.953125,14.35,0.22,17,0.265625,3,0.44,0.15,2,0.6666666666666666,61,13.91,0.23,36,0.5901639344262295,17,0.11764705882352941,0.8823529411764706,5.66,0.33,13,0.7647058823529411,2,-0.86,-0.43,1,0.5,15,6.52,0.43,12,0.8,10,0,10,15,3,12,11.96,0.8,0.6666666666666666,0.0,0.6666666666666666,0.2,0.8,40,0.6451612903225806,20.51,0.33,62,8,0.47058823529411764,5.8,0.34,17,401862696,2026,1
292,UT Rio Grande Valley Vaqueros,33,0.4074074074074074,19,0.3958333333333333,14,0.42424242424242425,3,0.25,7,0.3684210526315789,25,0.423728813559322,59,0.6440677966101694,0.3559322033898305,-8.08,-0.14,11,0.1864406779661017,38,-3.98,-0.1,17,0.4473684210526316,21,-4.1,-0.2,8,0.38095238095238093,10,0.5,0.5,-1.07,-0.11,3,0.3,5,-0.71,-0.14,1,0.2,5,-0.37,-0.07,2,0.4,8,2,6,22,10,12,-1.6,-0.07,0.36363636363636365,0.09090909090909091,0.2727272727272727,0.45454545454545453,0.5454545454545454,24,0.43636363636363634,-10.76,-0.2,55,9,0.34615384615384615,1.07,0.04,26,401862700,2026,1
2636,UTSA Roadrunners,33,0.5789473684210527,17,0.5862068965517241,16,0.5714285714285714,4,0.4444444444444444,3,0.3333333333333333,30,0.6382978723404256,47,0.46808510638297873,0.5319148936170213,25.17,0.54,12,0.2553191489361702,22,16.04,0.73,17,0.7727272727272727,25,9.13,0.37,13,0.52,11,0.45454545454545453,0.5454545454545454,0.22,0.02,6,0.5454545454545454,5,0.38,0.08,2,0.4,6,-0.16,-0.03,4,0.6666666666666666,3,0,3,10,7,3,-6.87,-0.69,0.3,0.0,0.3,0.7,0.3,31,0.6739130434782609,23.01,0.5,46,2,0.18181818181818182,-4.72,-0.43,11,401862700,2026,1
2449,North Dakota State Bison,35,0.5303030303030303,20,0.6896551724137931,15,0.40540540540540543,9,0.47368421052631576,9,0.6,23,0.48936170212765956,47,0.3829787234042553,0.6170212765957447,3.43,0.07,9,0.19148936170212766,18,6.99,0.39,13,0.7222222222222222,29,-3.57,-0.12,10,0.3448275862068966,10,0.6,0.4,5.01,0.5,7,0.7,6,5.96,0.99,6,1.0,4,-0.95,-0.24,1,0.25,12,7,5,19,11,8,7.48,0.39,0.631578947368421,0.3684210526315789,0.2631578947368421,0.5789473684210527,0.42105263157894735,28,0.5283018867924528,6.2,0.12,53,7,0.5384615384615384,4.71,0.36,13,401864499,2026,1
2230,Fordham Rams,16,0.3333333333333333,9,0.36,7,0.30434782608695654,0,0.0,4,0.3333333333333333,11,0.3142857142857143,35,0.45714285714285713,0.5428571428571428,-12.59,-0.36,4,0.11428571428571428,16,-8.85,-0.55,5,0.3125,19,-3.74,-0.2,6,0.3157894736842105,12,0.5,0.5,-11.99,-1.0,3,0.25,6,-11.85,-1.98,0,0.0,6,-0.14,-0.02,3,0.5,5,4,1,13,9,4,-4.25,-0.33,0.38461538461538464,0.3076923076923077,0.07692307692307693,0.6923076923076923,0.3076923076923077,11,0.39285714285714285,-8.11,-0.29,28,5,0.25,-8.74,-0.44,20,401864499,2026,1
2026,App State Mountaineers,45,0.625,23,0.6764705882352942,22,0.5789473684210527,10,0.5,3,0.42857142857142855,39,0.6290322580645161,62,0.46774193548387094,0.532258064516129,29.22,0.47,25,0.4032258064516129,29,16.84,0.58,21,0.7241379310344828,33,12.38,0.38,18,0.5454545454545454,8,0.875,0.125,6.65,0.83,6,0.75,7,6.52,0.93,5,0.7142857142857143,1,0.13,0.13,1,1.0,6,2,4,10,5,5,5.76,0.58,0.6,0.2,0.4,0.5,0.5,35,0.5932203389830508,21.66,0.37,59,10,0.7692307692307693,13.32,1.02,13,401866627,2026,1
311,Maine Black Bears,22,0.36666666666666664,14,0.4117647058823529,8,0.3076923076923077,0,0.0,7,0.4666666666666667,14,0.32558139534883723,43,0.4186046511627907,0.5813953488372093,-13.58,-0.32,6,0.13953488372093023,18,-4.52,-0.25,7,0.3888888888888889,25,-9.06,-0.36,7,0.28,16,0.5,0.5,-2.4,-0.15,6,0.375,8,-1.49,-0.19,3,0.375,8,-0.91,-0.11,3,0.375,8,7,1,17,16,1,1.3,0.08,0.47058823529411764,0.4117647058823529,0.058823529411764705,0.9411764705882353,0.058823529411764705,16,0.3902439024390244,-4.2,-0.1,41,6,0.3157894736842105,-8.08,-0.43,19,401866627,2026,1
202,Tulsa Golden Hurricane,21,0.375,9,0.375,12,0.375,2,0.25,1,0.09090909090909091,19,0.4318181818181818,44,0.4090909090909091,0.5909090909090909,7.19,0.16,9,0.20454545454545456,18,8.99,0.5,9,0.5,26,-1.8,-0.07,10,0.38461538461538464,11,0.6363636363636364,0.36363636363636365,2.91,0.26,4,0.36363636363636365,7,2.26,0.32,2,0.2857142857142857,4,0.65,0.16,2,0.5,2,0,2,12,6,6,-1.75,-0.15,0.16666666666666666,0.0,0.16666666666666666,0.5,0.5,19,0.5277777777777778,13.16,0.37,36,2,0.1,-7.73,-0.39,20,401856772,2026,1
197,Oklahoma State Cowboys,35,0.4069767441860465,22,0.43137254901960786,13,0.37142857142857144,3,0.3,7,0.4375,26,0.40625,64,0.625,0.375,-5.17,-0.08,16,0.25,40,-3.28,-0.08,17,0.425,24,-1.89,-0.08,9,0.375,12,0.5833333333333334,0.4166666666666667,-1.07,-0.09,4,0.3333333333333333,7,-0.87,-0.12,2,0.2857142857142857,5,-0.2,-0.04,2,0.4,9,5,4,22,11,11,-9.91,-0.45,0.4090909090909091,0.22727272727272727,0.18181818181818182,0.5,0.5,20,0.35714285714285715,-21.51,-0.38,56,15,0.5,6.43,0.21,30,401856772,2026,1
2453,North Alabama Lions,10,0.23255813953488372,5,0.2,5,0.2777777777777778,4,0.6666666666666666,2,0.2,8,0.24242424242424243,33,0.5757575757575758,0.42424242424242425,-3.03,-0.09,3,0.09090909090909091,19,0.1,0.01,4,0.21052631578947367,14,-3.13,-0.22,4,0.2857142857142857,10,0.7,0.3,-3.09,-0.31,2,0.2,7,-3.0,-0.43,1,0.14285714285714285,3,-0.08,-0.03,1,0.3333333333333333,2,1,1,10,6,4,-8.71,-0.87,0.2,0.1,0.1,0.6,0.4,8,0.32,-3.61,-0.14,25,2,0.1111111111111111,-8.14,-0.45,18,401856635,2026,1
8,Arkansas Razorbacks,41,0.5,24,0.631578947368421,17,0.38636363636363635,7,0.3888888888888889,11,0.6470588235294118,29,0.4603174603174603,63,0.4603174603174603,0.5396825396825397,-13.49,-0.21,14,0.2222222222222222,29,2.09,0.07,19,0.6551724137931034,34,-15.58,-0.46,10,0.29411764705882354,12,0.5833333333333334,0.4166666666666667,-3.0,-0.25,6,0.5,7,-4.8,-0.69,3,0.42857142857142855,5,1.79,0.36,3,0.6,12,5,7,19,9,10,6.48,0.34,0.631578947368421,0.2631578947368421,0.3684210526315789,0.47368421052631576,0.5263157894736842,29,0.4915254237288136,-11.31,-0.19,59,12,0.5217391304347826,4.3,0.19,23,401856635,2026,1
2572,Southern Miss Golden Eagles,46,0.5476190476190477,11,0.4074074074074074,35,0.6140350877192983,12,0.6,4,0.3333333333333333,40,0.5714285714285714,70,0.3,0.7,21.22,0.3,20,0.2857142857142857,21,10.08,0.48,10,0.47619047619047616,49,11.13,0.23,30,0.6122448979591837,19,0.21052631578947367,0.7894736842105263,7.74,0.41,10,0.5263157894736842,4,1.32,0.33,2,0.5,15,6.42,0.43,8,0.5333333333333333,6,1,5,14,6,8,-3.63,-0.26,0.42857142857142855,0.07142857142857142,0.35714285714285715,0.42857142857142855,0.5714285714285714,37,0.5285714285714286,9.82,0.14,70,9,0.6428571428571429,7.77,0.55,14,401868356,2026,1
2016,Alcorn State Braves,14,0.2413793103448276,7,0.2916666666666667,7,0.20588235294117646,0,0.0,6,0.42857142857142855,8,0.18181818181818182,44,0.2727272727272727,0.7272727272727273,-14.71,-0.33,6,0.13636363636363635,12,-4.84,-0.4,2,0.16666666666666666,32,-9.87,-0.31,6,0.1875,,,,,,,,,,,,,,,,,,6,5,1,14,12,2,-1.28,-0.09,0.42857142857142855,0.35714285714285715,0.07142857142857142,0.8571428571428571,0.14285714285714285,4,0.11428571428571428,-16.95,-0.48,35,10,0.43478260869565216,0.96,0.04,23,401868356,2026,1
2751,Wyoming Cowboys,23,0.4339622641509434,10,0.47619047619047616,13,0.40625,2,0.4,0,0.0,23,0.5227272727272727,44,0.3181818181818182,0.6818181818181818,6.68,0.15,15,0.3409090909090909,14,3.58,0.26,10,0.7142857142857143,30,3.1,0.1,13,0.43333333333333335,12,0.16666666666666666,0.8333333333333334,1.78,0.15,5,0.4166666666666667,2,-1.63,-0.81,0,0.0,10,3.41,0.34,5,0.5,0,0,0,9,7,2,-15.1,-1.68,0.0,0.0,0.0,0.7777777777777778,0.2222222222222222,19,0.475,-5.37,-0.13,40,4,0.3076923076923077,-3.05,-0.23,13,401860878,2026,1
36,Colorado State Rams,34,0.5230769230769231,19,0.5588235294117647,15,0.4838709677419355,7,0.6363636363636364,8,0.5333333333333333,24,0.5,48,0.4583333333333333,0.5416666666666666,7.71,0.16,8,0.16666666666666666,22,8.4,0.38,12,0.5454545454545454,26,-0.68,-0.03,12,0.46153846153846156,13,0.6923076923076923,0.3076923076923077,4.98,0.38,7,0.5384615384615384,9,1.6,0.18,4,0.4444444444444444,4,3.38,0.84,3,0.75,10,7,3,17,12,5,8.43,0.5,0.5882352941176471,0.4117647058823529,0.17647058823529413,0.7058823529411765,0.29411764705882354,25,0.5102040816326531,9.13,0.19,49,9,0.5625,7.01,0.44,16,401860878,2026,1
2450,Norfolk State Spartans,16,0.26666666666666666,9,0.391304347826087,7,0.1891891891891892,2,0.2857142857142857,5,0.3333333333333333,11,0.2619047619047619,42,0.38095238095238093,0.6190476190476191,-5.7,-0.14,6,0.14285714285714285,16,0.69,0.04,7,0.4375,26,-6.39,-0.25,4,0.15384615384615385,14,0.35714285714285715,0.6428571428571429,-0.06,-0.0,5,0.35714285714285715,5,-0.21,-0.04,2,0.4,9,0.15,0.02,3,0.3333333333333333,5,2,3,18,7,11,-11.55,-0.64,0.2777777777777778,0.1111111111111111,0.16666666666666666,0.3888888888888889,0.6111111111111112,10,0.2857142857142857,-8.18,-0.23,35,6,0.24,-9.07,-0.36,25,401867973,2026,1
295,Old Dominion Monarchs,23,0.4423076923076923,7,0.4666666666666667,16,0.43243243243243246,5,0.35714285714285715,5,0.5555555555555556,18,0.42857142857142855,42,0.23809523809523808,0.7619047619047619,-9.61,-0.23,10,0.23809523809523808,10,-4.37,-0.44,4,0.4,32,-5.25,-0.16,14,0.4375,7,0.2857142857142857,0.7142857142857143,-7.93,-1.13,2,0.2857142857142857,2,-6.12,-3.06,0,0.0,5,-1.81,-0.36,2,0.4,5,3,2,10,5,5,3.89,0.39,0.5,0.3,0.2,0.5,0.5,15,0.39473684210526316,-14.65,-0.39,38,8,0.5714285714285714,8.93,0.64,14,401867973,2026,1
238,Vanderbilt Commodores,32,0.5161290322580645,15,0.6,17,0.4594594594594595,4,0.5714285714285714,4,0.3333333333333333,26,0.5531914893617021,47,0.46808510638297873,0.5319148936170213,10.8,0.23,14,0.2978723404255319,22,10.08,0.46,15,0.6818181818181818,25,0.72,0.03,11,0.44,4,1.0,0.0,-0.01,-0.0,1,0.25,4,-0.01,-0.0,1,0.25,,,,,,6,0,6,15,3,12,1.05,0.07,0.4,0.0,0.4,0.2,0.8,27,0.5510204081632653,8.89,0.18,49,5,0.38461538461538464,2.96,0.23,13,401856669,2026,1
2046,Austin Peay Governors,18,0.391304347826087,11,0.4230769230769231,7,0.3684210526315789,0,0.0,3,0.3,13,0.40625,32,0.5625,0.4375,-3.77,-0.12,5,0.15625,18,-3.9,-0.22,8,0.4444444444444444,14,0.14,0.01,5,0.35714285714285715,15,0.5333333333333333,0.4666666666666667,-0.58,-0.04,7,0.4666666666666667,8,-1.66,-0.21,4,0.5,7,1.08,0.15,3,0.42857142857142855,5,3,2,13,8,5,-3.87,-0.3,0.38461538461538464,0.23076923076923078,0.15384615384615385,0.6153846153846154,0.38461538461538464,13,0.5,1.87,0.07,26,5,0.2631578947368421,-9.5,-0.5,19,401856669,2026,1
2447,Nicholls Colonels,14,0.2413793103448276,3,0.15,11,0.2894736842105263,0,0.0,3,0.1875,10,0.24390243902439024,41,0.3170731707317073,0.6829268292682927,-15.23,-0.37,4,0.0975609756097561,13,-10.16,-0.78,2,0.15384615384615385,28,-5.07,-0.18,8,0.2857142857142857,13,0.23076923076923078,0.7692307692307693,-1.61,-0.12,4,0.3076923076923077,3,-1.51,-0.5,0,0.0,10,-0.1,-0.01,4,0.4,4,1,3,17,7,10,-5.49,-0.32,0.23529411764705882,0.058823529411764705,0.17647058823529413,0.4117647058823529,0.5882352941176471,8,0.26666666666666666,-10.41,-0.35,30,6,0.21428571428571427,-10.31,-0.37,28,401856771,2026,1
2306,Kansas State Wildcats,41,0.5774647887323944,16,0.5925925925925926,25,0.5681818181818182,8,0.8,9,0.8181818181818182,32,0.5333333333333333,60,0.35,0.65,16.96,0.28,16,0.26666666666666666,21,8.29,0.39,11,0.5238095238095238,39,8.67,0.22,21,0.5384615384615384,7,0.42857142857142855,0.5714285714285714,6.15,0.88,5,0.7142857142857143,3,5.75,1.92,3,1.0,4,0.41,0.1,2,0.5,9,5,4,11,6,5,9.86,0.9,0.8181818181818182,0.45454545454545453,0.36363636363636365,0.5454545454545454,0.45454545454545453,33,0.6226415094339622,21.08,0.4,53,8,0.4444444444444444,5.75,0.32,18,401856771,2026,1
328,Utah State Aggies,39,0.43820224719101125,18,0.3829787234042553,21,0.5,4,0.36363636363636365,10,0.6666666666666666,28,0.4,70,0.5285714285714286,0.4714285714285714,-8.16,-0.12,14,0.2,37,-7.02,-0.19,13,0.35135135135135137,33,-1.14,-0.03,15,0.45454545454545453,24,0.375,0.625,6.52,0.27,13,0.5416666666666666,9,-1.25,-0.14,2,0.2222222222222222,15,7.78,0.52,11,0.7333333333333333,11,5,6,19,10,9,3.47,0.18,0.5789473684210527,0.2631578947368421,0.3157894736842105,0.5263157894736842,0.47368421052631576,25,0.4166666666666667,-9.23,-0.15,60,14,0.4827586206896552,4.54,0.16,29,401860880,2026,1
304,Idaho State Bengals,24,0.3870967741935484,14,0.4,10,0.37037037037037035,3,0.2,6,0.4,17,0.3695652173913043,46,0.5434782608695652,0.45652173913043476,-11.21,-0.24,7,0.15217391304347827,25,-8.22,-0.33,9,0.36,21,-2.99,-0.14,8,0.38095238095238093,,,,,,,,,,,,,,,,,,7,5,2,16,10,6,6.97,0.44,0.4375,0.3125,0.125,0.625,0.375,15,0.375,-7.9,-0.2,40,9,0.4090909090909091,3.66,0.17,22,401860880,2026,1
2032,Arkansas State Red Wolves,31,0.5344827586206896,18,0.5454545454545454,13,0.52,4,0.5714285714285714,5,0.5,26,0.5416666666666666,48,0.5416666666666666,0.4583333333333333,-2.3,-0.05,14,0.2916666666666667,26,0.15,0.01,15,0.5769230769230769,22,-2.45,-0.11,11,0.5,3,1.0,0.0,5.18,1.73,2,0.6666666666666666,3,5.18,1.73,2,0.6666666666666666,,,,,,5,3,2,10,7,3,2.67,0.27,0.5,0.3,0.2,0.7,0.3,24,0.5714285714285714,11.88,0.28,42,7,0.4375,-11.51,-0.72,16,401862695,2026,1
235,Memphis Tigers,33,0.532258064516129,9,0.5625,24,0.5217391304347826,8,0.8,5,0.5555555555555556,28,0.5283018867924528,53,0.22641509433962265,0.7735849056603774,15.7,0.3,13,0.24528301886792453,12,6.68,0.56,7,0.5833333333333334,41,9.02,0.22,21,0.5121951219512195,14,0.35714285714285715,0.6428571428571429,14.24,1.02,10,0.7142857142857143,5,11.66,2.33,5,1.0,9,2.57,0.29,5,0.5555555555555556,5,2,3,9,4,5,4.56,0.51,0.5555555555555556,0.2222222222222222,0.3333333333333333,0.4444444444444444,0.5555555555555556,27,0.54,16.31,0.33,50,6,0.5,3.95,0.33,12,401862695,2026,1
2277,Houston Christian Huskies,17,0.29310344827586204,5,0.19230769230769232,12,0.375,,,4,0.3076923076923077,13,0.3170731707317073,41,0.3902439024390244,0.6097560975609756,-1.64,-0.04,8,0.1951219512195122,16,-3.65,-0.23,3,0.1875,25,2.01,0.08,10,0.4,12,0.3333333333333333,0.6666666666666666,-1.7,-0.14,4,0.3333333333333333,4,-2.02,-0.5,0,0.0,8,0.32,0.04,4,0.5,4,2,2,17,10,7,-13.0,-0.76,0.23529411764705882,0.11764705882352941,0.11764705882352941,0.5882352941176471,0.4117647058823529,12,0.36363636363636365,-7.88,-0.24,33,5,0.2,-6.77,-0.27,25,401862697,2026,1
242,Rice Owls,45,0.5625,4,0.36363636363636365,41,0.5942028985507246,5,0.35714285714285715,11,0.6470588235294118,33,0.55,60,0.1,0.9,8.21,0.14,14,0.23333333333333334,6,-1.08,-0.18,1,0.16666666666666666,54,9.29,0.17,32,0.5925925925925926,13,0.38461538461538464,0.6153846153846154,-1.7,-0.13,6,0.46153846153846156,5,0.01,0.0,2,0.4,8,-1.7,-0.21,4,0.5,12,3,9,20,5,15,7.34,0.37,0.6,0.15,0.45,0.25,0.75,37,0.6166666666666667,15.61,0.26,60,8,0.4,-0.07,-0.0,20,401862697,2026,1
58,South Florida Bulls,24,0.42857142857142855,9,0.47368421052631576,15,0.40540540540540543,4,0.3333333333333333,5,0.38461538461538464,19,0.4418604651162791,43,0.23255813953488372,0.7674418604651163,-6.16,-0.14,9,0.20930232558139536,10,-0.38,-0.04,5,0.5,33,-5.79,-0.18,14,0.42424242424242425,,,,,,,,,,,,,,,,,,5,4,1,13,9,4,-0.63,-0.05,0.38461538461538464,0.3076923076923077,0.07692307692307693,0.6923076923076923,0.3076923076923077,18,0.5142857142857142,-2.31,-0.07,35,6,0.2857142857142857,-4.48,-0.21,21,401862699,2026,1
2229,Florida International Panthers,30,0.4,22,0.43137254901960786,8,0.3333333333333333,0,0.0,7,0.4117647058823529,20,0.39215686274509803,51,0.7254901960784313,0.27450980392156865,4.26,0.08,9,0.17647058823529413,37,7.29,0.2,16,0.43243243243243246,14,-3.03,-0.22,4,0.2857142857142857,19,0.6842105263157895,0.3157894736842105,3.79,0.2,9,0.47368421052631576,13,5.75,0.44,7,0.5384615384615384,6,-1.96,-0.33,2,0.3333333333333333,10,6,4,24,14,10,-10.74,-0.45,0.4166666666666667,0.25,0.16666666666666666,0.5833333333333334,0.4166666666666667,22,0.4583333333333333,3.28,0.07,48,8,0.2962962962962963,-9.76,-0.36,27,401862699,2026,1
2198,Eastern Kentucky Colonels,25,0.43103448275862066,10,0.47619047619047616,15,0.40540540540540543,,,5,0.45454545454545453,19,0.4222222222222222,45,0.3333333333333333,0.6666666666666666,-4.64,-0.1,9,0.2,15,-8.28,-0.55,7,0.4666666666666667,30,3.64,0.12,12,0.4,4,0.25,0.75,-2.35,-0.59,1,0.25,1,-0.74,-0.74,0,0.0,3,-1.61,-0.54,1,0.3333333333333333,6,3,3,13,6,7,-6.94,-0.53,0.46153846153846156,0.23076923076923078,0.23076923076923078,0.46153846153846156,0.5384615384615384,20,0.46511627906976744,-14.74,-0.34,43,5,0.3333333333333333,3.16,0.21,15,401868140,2026,1
55,Jacksonville State Gamecocks,36,0.5901639344262295,22,0.7096774193548387,14,0.4666666666666667,2,1.0,10,0.8333333333333334,25,0.5208333333333334,48,0.5,0.5,8.65,0.18,11,0.22916666666666666,24,11.92,0.5,16,0.6666666666666666,24,-3.28,-0.14,9,0.375,5,0.8,0.2,-0.93,-0.19,3,0.6,4,-1.07,-0.27,2,0.5,1,0.14,0.14,1,1.0,11,6,5,13,7,6,17.6,1.35,0.8461538461538461,0.46153846153846156,0.38461538461538464,0.5384615384615384,0.46153846153846156,28,0.5714285714285714,13.45,0.27,49,8,0.6666666666666666,12.8,1.07,12,401868140,2026,1
2127,Charleston Southern Buccaneers,12,0.2,6,0.17142857142857143,6,0.24,0,0.0,5,0.2777777777777778,6,0.14634146341463414,41,0.5121951219512195,0.4878048780487805,-18.06,-0.44,2,0.04878048780487805,21,-12.48,-0.59,2,0.09523809523809523,20,-5.58,-0.28,4,0.2,14,0.5714285714285714,0.42857142857142855,-6.02,-0.43,2,0.14285714285714285,8,-7.86,-0.98,0,0.0,6,1.84,0.31,2,0.3333333333333333,6,4,2,19,14,5,-5.43,-0.29,0.3157894736842105,0.21052631578947367,0.10526315789473684,0.7368421052631579,0.2631578947368421,7,0.23333333333333334,-8.52,-0.28,30,5,0.16666666666666666,-14.97,-0.5,30,401868170,2026,1
290,Georgia Southern Eagles,37,0.46835443037974683,22,0.4583333333333333,15,0.4838709677419355,6,0.42857142857142855,6,0.4,30,0.4838709677419355,62,0.6451612903225806,0.3548387096774194,8.29,0.13,17,0.27419354838709675,40,5.12,0.13,19,0.475,22,3.17,0.14,11,0.5,10,0.8,0.2,-2.22,-0.22,4,0.4,8,-3.08,-0.38,3,0.375,2,0.85,0.43,1,0.5,7,3,4,17,8,9,0.67,0.04,0.4117647058823529,0.17647058823529413,0.23529411764705882,0.47058823529411764,0.5294117647058824,28,0.5,4.89,0.09,56,9,0.391304347826087,4.07,0.18,23,401868170,2026,1
6,South Alabama Jaguars,35,0.42168674698795183,11,0.39285714285714285,24,0.43636363636363634,9,0.4090909090909091,8,0.5,25,0.3968253968253968,63,0.31746031746031744,0.6825396825396826,-6.72,-0.11,15,0.23809523809523808,20,-0.82,-0.04,7,0.35,43,-5.9,-0.14,18,0.4186046511627907,18,0.4444444444444444,0.5555555555555556,-0.53,-0.03,7,0.3888888888888889,8,3.93,0.49,5,0.625,10,-4.47,-0.45,2,0.2,10,4,6,20,8,12,8.53,0.43,0.5,0.2,0.3,0.4,0.6,26,0.43333333333333335,-0.95,-0.02,60,9,0.391304347826087,2.76,0.12,23,401868316,2026,1
2545,SE Louisiana Lions,16,0.42105263157894735,10,0.47619047619047616,6,0.375,2,0.5,1,0.14285714285714285,15,0.5172413793103449,29,0.5862068965517241,0.41379310344827586,1.31,0.05,9,0.3103448275862069,17,3.94,0.23,10,0.5882352941176471,12,-2.63,-0.22,5,0.4166666666666667,8,0.5,0.5,3.37,0.42,5,0.625,4,6.8,1.7,4,1.0,4,-3.44,-0.86,1,0.25,1,0,1,9,4,4,-13.28,-1.48,0.1111111111111111,0.0,0.1111111111111111,0.4444444444444444,0.4444444444444444,12,0.4444444444444444,-7.23,-0.27,27,4,0.36363636363636365,-4.74,-0.43,11,401868316,2026,1
2534,Sam Houston Bearkats,34,0.4857142857142857,25,0.5,9,0.45,3,0.6,6,0.42857142857142855,28,0.509090909090909,55,0.7090909090909091,0.2909090909090909,-1.62,-0.03,13,0.23636363636363636,39,0.62,0.02,20,0.5128205128205128,16,-2.24,-0.14,8,0.5,11,0.8181818181818182,0.18181818181818182,-8.39,-0.76,3,0.2727272727272727,9,-6.21,-0.69,3,0.3333333333333333,2,-2.18,-1.09,0,0.0,6,5,1,15,11,4,1.76,0.12,0.4,0.3333333333333333,0.06666666666666667,0.7333333333333333,0.26666666666666666,26,0.5531914893617021,-5.34,-0.11,47,8,0.34782608695652173,5.48,0.24,23,401870763,2026,1
2653,Troy Trojans,24,0.36923076923076925,10,0.35714285714285715,14,0.3783783783783784,2,0.3333333333333333,6,0.4,18,0.36,50,0.42,0.58,5.97,0.12,8,0.16,21,6.82,0.32,8,0.38095238095238093,29,-0.85,-0.03,10,0.3448275862068966,14,0.35714285714285715,0.6428571428571429,-3.98,-0.28,3,0.21428571428571427,5,-2.63,-0.53,0,0.0,9,-1.35,-0.15,3,0.3333333333333333,6,2,4,15,7,8,-1.56,-0.1,0.4,0.13333333333333333,0.26666666666666666,0.4666666666666667,0.5333333333333333,14,0.3783783783783784,-0.64,-0.02,37,10,0.35714285714285715,5.05,0.18,28,401870763,2026,1
344,Mississippi State Bulldogs,43,0.5512820512820513,24,0.5714285714285714,19,0.5277777777777778,5,0.4166666666666667,5,0.45454545454545453,37,0.5606060606060606,66,0.5303030303030303,0.4696969696969697,29.68,0.45,24,0.36363636363636365,35,14.43,0.41,21,0.6,31,15.25,0.49,16,0.5161290322580645,9,0.6666666666666666,0.3333333333333333,9.32,1.04,5,0.5555555555555556,6,4.21,0.7,3,0.5,3,5.11,1.7,2,0.6666666666666666,6,3,3,12,7,5,6.42,0.54,0.5,0.25,0.25,0.5833333333333334,0.4166666666666667,33,0.5689655172413793,25.21,0.43,58,10,0.5,10.9,0.54,20,401856662,2026,1
2433,UL Monroe Warhawks,27,0.39705882352941174,12,0.4,15,0.39473684210526316,,,4,0.25,21,0.42857142857142855,49,0.3877551020408163,0.6122448979591837,-0.55,-0.01,7,0.14285714285714285,19,-3.38,-0.18,8,0.42105263157894735,30,2.84,0.09,13,0.43333333333333335,13,0.23076923076923078,0.7692307692307693,-3.23,-0.25,4,0.3076923076923077,3,1.03,0.34,2,0.6666666666666666,10,-4.26,-0.43,2,0.2,6,4,2,19,11,8,-2.54,-0.13,0.3157894736842105,0.21052631578947367,0.10526315789473684,0.5789473684210527,0.42105263157894735,21,0.40384615384615385,-2.01,-0.04,52,6,0.375,-1.08,-0.07,16,401856662,2026,1
2678,VMI Keydets,8,0.14545454545454545,4,0.23529411764705882,4,0.10526315789473684,0,0.0,3,0.17647058823529413,5,0.13157894736842105,38,0.15789473684210525,0.8421052631578947,-16.43,-0.43,1,0.02631578947368421,6,-2.97,-0.49,1,0.16666666666666666,32,-13.46,-0.42,4,0.125,15,0.26666666666666666,0.7333333333333333,-4.95,-0.33,2,0.13333333333333333,4,-0.34,-0.08,1,0.25,11,-4.61,-0.42,1,0.09090909090909091,3,3,0,17,11,6,-9.59,-0.56,0.17647058823529413,0.17647058823529413,0.0,0.6470588235294118,0.35294117647058826,2,0.08333333333333333,-12.48,-0.52,24,6,0.1935483870967742,-13.54,-0.44,31,401858211,2026,1
259,Virginia Tech Hokies,43,0.5972222222222222,19,0.59375,24,0.6,9,0.75,2,0.25,40,0.6451612903225806,62,0.43548387096774194,0.5645161290322581,27.61,0.45,19,0.3064516129032258,27,16.16,0.6,19,0.7037037037037037,35,11.45,0.33,21,0.6,6,0.6666666666666666,0.3333333333333333,1.23,0.2,3,0.5,4,1.74,0.43,3,0.75,2,-0.51,-0.26,0,0.0,3,0,3,10,5,5,-1.68,-0.17,0.3,0.0,0.3,0.5,0.5,42,0.6461538461538462,29.58,0.46,65,1,0.14285714285714285,-3.64,-0.52,7,401858211,2026,1
2348,Louisiana Tech Bulldogs,27,0.48214285714285715,12,0.5714285714285714,15,0.42857142857142855,6,0.5,7,0.6363636363636364,19,0.4318181818181818,44,0.36363636363636365,0.6363636363636364,21.18,0.48,8,0.18181818181818182,16,15.58,0.97,9,0.5625,28,5.59,0.2,10,0.35714285714285715,16,0.3125,0.6875,8.35,0.52,8,0.5,5,3.95,0.79,3,0.6,11,4.4,0.4,5,0.45454545454545453,8,3,5,12,5,7,9.78,0.82,0.6666666666666666,0.25,0.4166666666666667,0.4166666666666667,0.5833333333333334,18,0.43902439024390244,18.29,0.45,41,9,0.6,12.67,0.84,15,401869129,2026,1
2466,Northwestern State Demons,14,0.23333333333333334,3,0.17647058823529413,11,0.2558139534883721,1,0.2,5,0.2777777777777778,9,0.21428571428571427,42,0.19047619047619047,0.8095238095238095,-17.32,-0.41,3,0.07142857142857142,8,-7.65,-0.96,1,0.125,34,-9.67,-0.28,8,0.23529411764705882,6,0.16666666666666666,0.8333333333333334,-2.01,-0.33,0,0.0,1,-0.54,-0.54,0,0.0,5,-1.47,-0.29,0,0.0,5,2,3,18,9,9,-0.04,-0.0,0.2777777777777778,0.1111111111111111,0.16666666666666666,0.5,0.5,8,0.25,-12.66,-0.4,32,6,0.21428571428571427,-4.69,-0.17,28,401869129,2026,1
2226,Florida Atlantic Owls,43,0.4777777777777778,27,0.4909090909090909,16,0.45714285714285713,7,0.5,13,0.5909090909090909,26,0.4262295081967213,61,0.6229508196721312,0.3770491803278688,-4.87,-0.08,8,0.13114754098360656,38,-4.0,-0.11,16,0.42105263157894735,23,-0.87,-0.04,10,0.43478260869565216,16,0.75,0.25,-6.5,-0.41,6,0.375,12,-4.97,-0.41,6,0.5,4,-1.53,-0.38,0,0.0,17,11,6,29,17,12,16.17,0.56,0.5862068965517241,0.3793103448275862,0.20689655172413793,0.5862068965517241,0.41379310344827586,32,0.48484848484848486,-1.03,-0.02,66,11,0.4583333333333333,12.32,0.51,24,401856637,2026,1
57,Florida Gators,38,0.5671641791044776,17,0.6296296296296297,21,0.525,10,0.7142857142857143,6,0.6666666666666666,30,0.5357142857142857,56,0.39285714285714285,0.6071428571428571,19.07,0.34,14,0.25,22,15.26,0.69,13,0.5909090909090909,34,3.81,0.11,17,0.5,10,0.3,0.7,5.03,0.5,6,0.6,3,-1.2,-0.4,1,0.3333333333333333,7,6.23,0.89,5,0.7142857142857143,8,4,4,11,5,6,17.11,1.56,0.7272727272727273,0.36363636363636365,0.36363636363636365,0.45454545454545453,0.5454545454545454,31,0.5849056603773585,30.44,0.57,53,7,0.5,5.74,0.41,14,401856637,2026,1
2393,Middle Tennessee Blue Raiders,25,0.5208333333333334,13,0.5,12,0.5454545454545454,2,0.2857142857142857,3,0.42857142857142855,21,0.5384615384615384,39,0.5384615384615384,0.46153846153846156,10.39,0.27,13,0.3333333333333333,21,3.71,0.18,11,0.5238095238095238,18,6.69,0.37,10,0.5555555555555556,8,0.25,0.75,2.95,0.37,4,0.5,2,1.05,0.52,1,0.5,6,1.9,0.32,3,0.5,4,2,2,9,5,4,4.3,0.48,0.4444444444444444,0.2222222222222222,0.2222222222222222,0.5555555555555556,0.4444444444444444,19,0.5135135135135135,8.04,0.22,37,6,0.5454545454545454,6.65,0.6,11,401867866,2026,1
93,Murray State Racers,24,0.4897959183673469,11,0.5,13,0.5,2,0.5,3,0.3,19,0.5135135135135135,37,0.40540540540540543,0.5675675675675675,0.51,0.01,7,0.1891891891891892,15,4.67,0.31,9,0.6,21,3.25,0.15,10,0.47619047619047616,11,0.5454545454545454,0.45454545454545453,-0.6,-0.05,5,0.45454545454545453,6,-2.12,-0.35,2,0.3333333333333333,5,1.52,0.3,3,0.6,5,2,3,12,7,5,3.72,0.31,0.4166666666666667,0.16666666666666666,0.25,0.5833333333333334,0.4166666666666667,19,0.5588235294117647,2.88,0.08,34,5,0.3333333333333333,1.36,0.09,15,401867866,2026,1
120,Maryland Terrapins,45,0.5769230769230769,18,0.47368421052631576,27,0.675,14,0.6086956521739131,8,0.5714285714285714,35,0.5737704918032787,61,0.4426229508196721,0.5573770491803278,21.07,0.35,15,0.2459016393442623,27,5.1,0.19,13,0.48148148148148145,34,15.97,0.47,22,0.6470588235294118,21,0.7142857142857143,0.2857142857142857,5.02,0.24,10,0.47619047619047616,15,4.38,0.29,7,0.4666666666666667,6,0.64,0.11,3,0.5,10,5,5,17,11,6,4.03,0.24,0.5882352941176471,0.29411764705882354,0.29411764705882354,0.6470588235294118,0.35294117647058826,40,0.6451612903225806,28.16,0.45,62,5,0.3125,-3.06,-0.19,16,401858427,2026,1
2261,Hampton Pirates,13,0.2653061224489796,6,0.25,7,0.28,,,5,0.3333333333333333,8,0.23529411764705882,34,0.38235294117647056,0.6176470588235294,-15.8,-0.46,2,0.058823529411764705,13,-6.38,-0.49,3,0.23076923076923078,21,-9.42,-0.45,5,0.23809523809523808,7,0.5714285714285714,0.42857142857142855,-6.36,-0.91,1,0.14285714285714285,4,-6.01,-1.5,0,0.0,3,-0.35,-0.12,1,0.3333333333333333,5,3,2,15,11,4,-6.23,-0.42,0.3333333333333333,0.2,0.13333333333333333,0.7333333333333333,0.26666666666666666,8,0.3076923076923077,-12.72,-0.49,26,5,0.21739130434782608,-9.31,-0.4,23,401858427,2026,1
2571,South Dakota State Jackrabbits,39,0.43820224719101125,21,0.42,18,0.46153846153846156,5,0.18518518518518517,8,0.4,28,0.42424242424242425,66,0.5757575757575758,0.42424242424242425,-3.14,-0.05,14,0.21212121212121213,38,-0.67,-0.02,16,0.42105263157894735,28,-2.46,-0.09,12,0.42857142857142855,12,0.16666666666666666,0.8333333333333334,-0.0,-0.0,4,0.3333333333333333,2,0.29,0.14,1,0.5,10,-0.29,-0.03,3,0.3,11,5,6,23,12,11,1.88,0.08,0.4782608695652174,0.21739130434782608,0.2608695652173913,0.5217391304347826,0.4782608695652174,29,0.4603174603174603,2.03,0.03,63,10,0.38461538461538464,-3.28,-0.13,26,401858431,2026,1
77,Northwestern Wildcats,27,0.5,12,0.46153846153846156,15,0.5357142857142857,3,0.75,5,0.4166666666666667,22,0.5238095238095238,42,0.40476190476190477,0.5952380952380952,16.23,0.39,11,0.2619047619047619,17,6.53,0.38,9,0.5294117647058824,25,9.7,0.39,13,0.52,7,0.5714285714285714,0.42857142857142855,-2.23,-0.32,3,0.42857142857142855,4,-2.22,-0.56,1,0.25,3,-0.0,-0.0,2,0.6666666666666666,5,3,2,12,9,3,3.08,0.26,0.4166666666666667,0.25,0.16666666666666666,0.75,0.25,20,0.5714285714285714,18.15,0.52,35,7,0.3684210526315789,1.17,0.06,19,401858431,2026,1
309,Louisiana Ragin' Cajuns,35,0.49295774647887325,15,0.46875,20,0.5128205128205128,7,0.5384615384615384,3,0.375,31,0.5081967213114754,61,0.4426229508196721,0.5573770491803278,0.89,0.01,21,0.3442622950819672,27,-9.88,-0.37,14,0.5185185185185185,34,10.77,0.32,17,0.5,16,0.625,0.375,4.33,0.27,9,0.5625,10,-0.34,-0.03,5,0.5,6,4.67,0.78,4,0.6666666666666666,4,1,3,10,5,5,-1.65,-0.16,0.4,0.1,0.3,0.5,0.5,24,0.46153846153846156,-7.23,-0.14,52,11,0.5789473684210527,6.46,0.34,19,401869142,2026,1
2320,Lamar Cardinals,26,0.4262295081967213,15,0.42857142857142855,11,0.4230769230769231,0,0.0,8,0.6153846153846154,18,0.391304347826087,46,0.5652173913043478,0.43478260869565216,-13.2,-0.29,7,0.15217391304347827,26,-8.77,-0.34,10,0.38461538461538464,20,-4.42,-0.22,8,0.4,6,0.5,0.5,-0.28,-0.05,2,0.3333333333333333,3,0.01,0.0,1,0.3333333333333333,3,-0.28,-0.09,1,0.3333333333333333,8,5,3,15,9,6,0.05,0.0,0.5333333333333333,0.3333333333333333,0.2,0.6,0.4,19,0.4222222222222222,-14.97,-0.33,45,7,0.4375,1.81,0.11,16,401869142,2026,1
2385,Mercyhurst Lakers,20,0.3448275862068966,13,0.3939393939393939,7,0.28,4,0.5714285714285714,5,0.38461538461538464,15,0.3409090909090909,44,0.5,0.5,-9.98,-0.23,8,0.18181818181818182,22,-7.58,-0.34,8,0.36363636363636365,22,-2.4,-0.11,7,0.3181818181818182,9,0.4444444444444444,0.5555555555555556,-6.4,-0.71,1,0.1111111111111111,4,-4.53,-1.13,0,0.0,5,-1.86,-0.37,1,0.2,5,5,0,14,11,3,-2.7,-0.19,0.35714285714285715,0.35714285714285715,0.0,0.7857142857142857,0.21428571428571427,13,0.38235294117647056,-8.2,-0.24,34,7,0.2916666666666667,-4.48,-0.19,24,401870790,2026,1
166,New Mexico State Aggies,32,0.5161290322580645,13,0.5416666666666666,19,0.5,4,0.5714285714285714,7,0.5384615384615384,24,0.5106382978723404,47,0.3829787234042553,0.6170212765957447,21.79,0.46,10,0.2127659574468085,18,14.94,0.83,11,0.6111111111111112,29,6.85,0.24,13,0.4482758620689655,14,0.5,0.5,-2.89,-0.21,7,0.5,7,-1.5,-0.21,3,0.42857142857142855,7,-1.38,-0.2,4,0.5714285714285714,8,2,6,15,6,9,0.86,0.06,0.5333333333333333,0.13333333333333333,0.4,0.4,0.6,26,0.5306122448979592,14.48,0.3,49,6,0.46153846153846156,8.17,0.63,13,401870790,2026,1
2464,Northern Arizona Lumberjacks,11,0.21153846153846154,10,0.2777777777777778,1,0.0625,0,0.0,4,0.2857142857142857,7,0.2,35,0.6,0.4,-15.45,-0.44,4,0.11428571428571428,21,-7.07,-0.34,6,0.2857142857142857,14,-8.39,-0.6,1,0.07142857142857142,13,0.8461538461538461,0.15384615384615385,-0.19,-0.01,3,0.23076923076923078,11,0.18,0.02,3,0.2727272727272727,2,-0.36,-0.18,0,0.0,4,4,0,17,15,2,-5.19,-0.31,0.23529411764705882,0.23529411764705882,0.0,0.8823529411764706,0.11764705882352941,3,0.12,-21.01,-0.84,25,8,0.2962962962962963,0.37,0.01,27,401856773,2026,1
12,Arizona Wildcats,44,0.6111111111111112,22,0.5641025641025641,22,0.6666666666666666,6,0.6666666666666666,9,0.75,33,0.5689655172413793,58,0.5344827586206896,0.46551724137931033,-14.39,-0.25,16,0.27586206896551724,31,-12.25,-0.4,16,0.5161290322580645,27,-2.14,-0.08,17,0.6296296296296297,9,0.5555555555555556,0.4444444444444444,-0.6,-0.07,4,0.4444444444444444,5,-3.01,-0.6,1,0.2,4,2.41,0.6,3,0.75,11,6,5,14,8,6,10.46,0.75,0.7857142857142857,0.42857142857142855,0.35714285714285715,0.5714285714285714,0.42857142857142855,36,0.6428571428571429,0.76,0.01,56,8,0.5,-4.69,-0.29,16,401856773,2026,1
21,San Diego State Aztecs,28,0.45161290322580644,11,0.5,17,0.425,7,0.35,6,0.5,21,0.4375,48,0.3958333333333333,0.6041666666666666,11.57,0.24,10,0.20833333333333334,19,2.02,0.11,9,0.47368421052631576,29,9.56,0.33,12,0.41379310344827586,7,0.42857142857142855,0.5714285714285714,4.21,0.6,2,0.2857142857142857,3,-1.12,-0.37,0,0.0,4,5.32,1.33,2,0.5,7,2,5,14,3,11,0.27,0.02,0.5,0.14285714285714285,0.35714285714285715,0.21428571428571427,0.7857142857142857,18,0.375,-7.32,-0.15,48,10,0.7142857142857143,19.16,1.37,14,401860879,2026,1
2502,Portland State Vikings,39,0.4875,24,0.46153846153846156,15,0.5357142857142857,8,0.5,8,0.42105263157894735,28,0.5,56,0.5892857142857143,0.4107142857142857,0.84,0.01,9,0.16071428571428573,33,2.36,0.07,16,0.48484848484848486,23,-1.52,-0.07,12,0.5217391304347826,13,0.7692307692307693,0.23076923076923078,4.48,0.34,8,0.6153846153846154,10,3.39,0.34,5,0.5,3,1.09,0.36,3,1.0,11,8,3,24,19,5,-0.58,-0.02,0.4583333333333333,0.3333333333333333,0.125,0.7916666666666666,0.20833333333333334,28,0.49122807017543857,-3.55,-0.06,57,11,0.4782608695652174,3.81,0.17,23,401860879,2026,1
9,Arizona State Sun Devils,40,0.5633802816901409,22,0.5789473684210527,18,0.5454545454545454,8,0.5333333333333333,5,0.5,31,0.5535714285714286,56,0.5178571428571429,0.48214285714285715,18.76,0.33,15,0.26785714285714285,29,11.49,0.4,18,0.6206896551724138,27,7.27,0.27,13,0.48148148148148145,12,0.5833333333333334,0.4166666666666667,5.8,0.48,5,0.4166666666666667,7,5.46,0.78,3,0.42857142857142855,5,0.34,0.07,2,0.4,9,4,5,15,9,6,15.37,1.02,0.6,0.26666666666666666,0.3333333333333333,0.6,0.4,30,0.6,23.48,0.47,50,10,0.47619047619047616,10.65,0.51,21,401856774,2026,1
2415,Morgan State Bears,18,0.3673469387755102,8,0.3076923076923077,10,0.43478260869565216,1,1.0,3,0.25,15,0.4166666666666667,36,0.4722222222222222,0.5277777777777778,2.21,0.06,7,0.19444444444444445,17,-1.33,-0.08,7,0.4117647058823529,19,3.54,0.19,8,0.42105263157894735,6,0.3333333333333333,0.6666666666666666,-2.22,-0.37,2,0.3333333333333333,2,-0.86,-0.43,1,0.5,4,-1.36,-0.34,1,0.25,3,1,2,13,9,4,-10.73,-0.83,0.23076923076923078,0.07692307692307693,0.15384615384615385,0.6923076923076923,0.3076923076923077,14,0.42424242424242425,1.02,0.03,33,4,0.25,-9.54,-0.6,16,401856774,2026,1
2439,UNLV Rebels,23,0.3770491803278688,7,0.3684210526315789,16,0.38095238095238093,4,0.8,7,0.4666666666666667,16,0.36363636363636365,44,0.25,0.75,1.87,0.04,9,0.20454545454545456,11,4.64,0.42,6,0.5454545454545454,33,-2.77,-0.08,10,0.30303030303030304,12,0.16666666666666666,0.8333333333333334,-0.93,-0.08,5,0.4166666666666667,2,2.35,1.17,1,0.5,10,-3.28,-0.33,4,0.4,7,1,6,17,8,9,-4.98,-0.29,0.4117647058823529,0.058823529411764705,0.35294117647058826,0.47058823529411764,0.5294117647058824,20,0.43478260869565216,-0.9,-0.02,46,3,0.2,-2.2,-0.15,15,401864497,2026,1
62,Hawai'i Rainbow Warriors,26,0.33766233766233766,12,0.24489795918367346,14,0.5,1,0.08333333333333333,9,0.42857142857142855,16,0.2962962962962963,54,0.5740740740740741,0.42592592592592593,-13.71,-0.25,7,0.12962962962962962,31,-15.1,-0.49,5,0.16129032258064516,23,1.39,0.06,11,0.4782608695652174,12,0.6666666666666666,0.3333333333333333,2.31,0.19,4,0.3333333333333333,8,2.37,0.3,2,0.25,4,-0.06,-0.01,2,0.5,10,7,3,23,18,5,4.67,0.2,0.43478260869565216,0.30434782608695654,0.13043478260869565,0.782608695652174,0.21739130434782608,17,0.3695652173913043,-10.52,-0.23,46,9,0.2903225806451613,1.48,0.05,31,401864497,2026,1
167,New Mexico Lobos,37,0.5362318840579711,14,0.5185185185185185,23,0.5476190476190477,11,0.7333333333333333,7,0.5384615384615384,29,0.5272727272727272,55,0.41818181818181815,0.5818181818181818,0.39,0.01,14,0.2545454545454545,23,-2.18,-0.09,13,0.5652173913043478,32,2.57,0.08,16,0.5,9,0.2222222222222222,0.7777777777777778,0.84,0.09,6,0.6666666666666666,2,-1.57,-0.78,0,0.0,7,2.41,0.34,6,0.8571428571428571,8,1,7,14,4,10,6.42,0.46,0.5714285714285714,0.07142857142857142,0.5,0.2857142857142857,0.7142857142857143,30,0.5660377358490566,7.45,0.14,53,7,0.4375,-0.63,-0.04,16,401864498,2026,1
2117,Central Michigan Chippewas,14,0.2916666666666667,2,0.10526315789473684,12,0.41379310344827586,,,2,0.18181818181818182,10,0.29411764705882354,34,0.2647058823529412,0.7352941176470589,-6.49,-0.19,5,0.14705882352941177,9,-5.93,-0.66,0,0.0,25,-0.56,-0.02,10,0.4,11,0.45454545454545453,0.5454545454545454,-1.05,-0.1,5,0.45454545454545453,5,-2.82,-0.56,0,0.0,6,1.78,0.3,5,0.8333333333333334,4,2,2,14,10,4,-2.55,-0.18,0.2857142857142857,0.14285714285714285,0.14285714285714285,0.7142857142857143,0.2857142857142857,10,0.3333333333333333,-1.61,-0.05,30,4,0.2222222222222222,-7.43,-0.41,18,401864498,2026,1
16,Sacramento State Hornets,35,0.5072463768115942,14,0.4827586206896552,21,0.525,7,0.5,7,0.5,27,0.5,54,0.4074074074074074,0.5925925925925926,9.05,0.17,10,0.18518518518518517,22,5.42,0.25,11,0.5,32,3.63,0.11,16,0.5,12,0.75,0.25,3.18,0.27,4,0.3333333333333333,9,2.9,0.32,3,0.3333333333333333,3,0.28,0.09,1,0.3333333333333333,8,3,5,15,7,8,2.43,0.16,0.5333333333333333,0.2,0.3333333333333333,0.4666666666666667,0.5333333333333333,30,0.5454545454545454,17.13,0.31,55,5,0.35714285714285715,-5.64,-0.4,14,401866411,2026,1
2400,Mississippi Valley State Delta Devils,10,0.19607843137254902,3,0.13043478260869565,7,0.25,,,2,0.125,8,0.23529411764705882,34,0.35294117647058826,0.6470588235294118,-8.29,-0.24,3,0.08823529411764706,12,-4.98,-0.42,2,0.16666666666666666,22,-3.31,-0.15,6,0.2727272727272727,10,0.2,0.8,-0.94,-0.09,4,0.4,2,0.59,0.29,1,0.5,8,-1.53,-0.19,3,0.375,2,1,1,17,11,6,-8.45,-0.5,0.11764705882352941,0.058823529411764705,0.058823529411764705,0.6470588235294118,0.35294117647058826,5,0.20833333333333334,-7.15,-0.3,24,5,0.18518518518518517,-9.6,-0.36,27,401866411,2026,1
26,UCLA Bruins,29,0.5576923076923077,11,0.4583333333333333,18,0.6428571428571429,5,0.8333333333333334,7,0.5833333333333334,22,0.55,40,0.4,0.6,12.94,0.32,7,0.175,16,-3.04,-0.19,8,0.5,24,15.98,0.67,14,0.5833333333333334,10,0.5,0.5,-2.1,-0.21,6,0.6,5,-4.45,-0.89,3,0.6,5,2.35,0.47,3,0.6,7,3,4,12,8,4,4.45,0.37,0.5833333333333334,0.25,0.3333333333333333,0.6666666666666666,0.3333333333333333,26,0.6341463414634146,20.84,0.51,41,3,0.2727272727272727,-3.45,-0.31,11,401858210,2026,1
25,California Golden Bears,30,0.3488372093023256,15,0.3125,15,0.39473684210526316,3,0.5,10,0.5,20,0.31746031746031744,63,0.47619047619047616,0.5238095238095238,-12.26,-0.19,8,0.12698412698412698,30,-7.48,-0.25,8,0.26666666666666666,33,-4.77,-0.14,12,0.36363636363636365,11,0.7272727272727273,0.2727272727272727,6.09,0.55,6,0.5454545454545454,8,7.37,0.92,6,0.75,3,-1.28,-0.43,0,0.0,10,7,3,23,18,5,2.67,0.12,0.43478260869565216,0.30434782608695654,0.13043478260869565,0.782608695652174,0.21739130434782608,21,0.38181818181818183,-8.69,-0.16,55,9,0.2903225806451613,-0.89,-0.03,31,401858210,2026,1
98,Western Kentucky Hilltoppers,36,0.43373493975903615,18,0.4186046511627907,18,0.45,4,0.6666666666666666,7,0.4117647058823529,28,0.4375,64,0.5,0.5,-0.02,-0.0,14,0.21875,32,-4.02,-0.13,12,0.375,32,4.0,0.13,16,0.5,12,0.6666666666666666,0.3333333333333333,-2.18,-0.18,3,0.25,8,1.91,0.24,3,0.375,4,-4.09,-1.02,0,0.0,8,6,2,19,11,8,-0.34,-0.02,0.42105263157894735,0.3157894736842105,0.10526315789473684,0.5789473684210527,0.42105263157894735,26,0.49056603773584906,-1.27,-0.02,53,10,0.3333333333333333,0.91,0.03,30,401864432,2026,1
2440,Nevada Wolf Pack,29,0.5178571428571429,6,0.375,23,0.575,8,0.5714285714285714,6,0.6,21,0.4772727272727273,44,0.2727272727272727,0.7272727272727273,13.39,0.3,9,0.20454545454545456,12,0.28,0.02,4,0.3333333333333333,32,13.11,0.41,17,0.53125,9,0.4444444444444444,0.5555555555555556,10.71,1.19,6,0.6666666666666666,4,7.48,1.87,3,0.75,5,3.22,0.64,3,0.6,8,2,6,12,4,8,7.62,0.64,0.6666666666666666,0.16666666666666666,0.5,0.3333333333333333,0.6666666666666666,23,0.5227272727272727,16.01,0.36,44,6,0.5,5.0,0.42,12,401864432,2026,1
275,Wisconsin Badgers,26,0.4262295081967213,15,0.46875,11,0.3793103448275862,0,0.0,5,0.38461538461538464,20,0.425531914893617,47,0.48936170212765956,0.5106382978723404,-9.92,-0.21,8,0.1702127659574468,23,-4.28,-0.19,12,0.5217391304347826,24,-5.64,-0.23,8,0.3333333333333333,7,0.7142857142857143,0.2857142857142857,-2.35,-0.34,3,0.42857142857142855,5,-2.23,-0.45,2,0.4,2,-0.12,-0.06,1,0.5,6,3,3,14,9,5,1.72,0.12,0.42857142857142855,0.21428571428571427,0.21428571428571427,0.6428571428571429,0.35714285714285715,18,0.46153846153846156,-0.6,-0.02,39,8,0.36363636363636365,-7.61,-0.35,22,401858438,2026,1
87,Notre Dame Fighting Irish,29,0.47540983606557374,16,0.5333333333333333,13,0.41935483870967744,4,0.36363636363636365,3,0.3333333333333333,25,0.49019607843137253,51,0.47058823529411764,0.5294117647058824,11.09,0.22,15,0.29411764705882354,24,9.59,0.4,15,0.625,27,1.5,0.06,10,0.37037037037037035,11,0.5454545454545454,0.45454545454545453,3.17,0.29,6,0.5454545454545454,6,2.7,0.45,4,0.6666666666666666,5,0.48,0.1,2,0.4,4,1,3,10,6,4,0.75,0.07,0.4,0.1,0.3,0.6,0.4,26,0.5652173913043478,17.27,0.38,46,3,0.2,-5.44,-0.36,15,401858438,2026,1
145,Ole Miss Rebels,35,0.44871794871794873,15,0.40540540540540543,20,0.4878048780487805,5,0.7142857142857143,6,0.375,28,0.4666666666666667,60,0.45,0.55,13.69,0.23,12,0.2,27,17.28,0.64,13,0.48148148148148145,33,-3.59,-0.11,15,0.45454545454545453,3,1.0,0.0,-2.69,-0.9,0,0.0,3,-2.69,-0.9,0,0.0,,,,,,7,2,5,18,10,8,-6.9,-0.38,0.3888888888888889,0.1111111111111111,0.2777777777777778,0.5555555555555556,0.4444444444444444,29,0.5087719298245614,8.82,0.15,57,6,0.2857142857142857,-2.03,-0.1,21,401856661,2026,1
97,Louisville Cardinals,29,0.4264705882352941,12,0.375,17,0.4722222222222222,1,0.2,7,0.4375,22,0.43137254901960786,51,0.45098039215686275,0.5490196078431373,12.9,0.25,11,0.21568627450980393,23,8.14,0.35,9,0.391304347826087,28,4.76,0.17,13,0.4642857142857143,15,0.3333333333333333,0.6666666666666666,2.89,0.19,6,0.4,5,1.91,0.38,2,0.4,10,0.98,0.1,4,0.4,7,3,4,17,9,8,2.14,0.13,0.4117647058823529,0.17647058823529413,0.23529411764705882,0.5294117647058824,0.47058823529411764,24,0.5217391304347826,18.23,0.4,46,5,0.22727272727272727,-3.19,-0.14,22,401856661,2026,1
264,Washington Huskies,30,0.47619047619047616,16,0.45714285714285713,14,0.5,7,0.5,5,0.38461538461538464,25,0.5208333333333334,48,0.5416666666666666,0.4583333333333333,13.1,0.27,13,0.2708333333333333,26,4.1,0.16,15,0.5769230769230769,22,9.0,0.41,10,0.45454545454545453,13,0.5384615384615384,0.46153846153846156,-2.27,-0.17,9,0.6923076923076923,7,-0.5,-0.07,5,0.7142857142857143,6,-1.78,-0.3,4,0.6666666666666666,5,1,4,15,9,6,-9.33,-0.62,0.3333333333333333,0.06666666666666667,0.26666666666666666,0.6,0.4,25,0.5319148936170213,8.64,0.18,47,5,0.3125,-4.86,-0.3,16,401858437,2026,1
265,Washington State Cougars,19,0.3392857142857143,10,0.35714285714285715,9,0.32142857142857145,1,0.25,0,0.0,18,0.4090909090909091,44,0.5227272727272727,0.4772727272727273,-6.3,-0.14,11,0.25,23,-2.39,-0.1,10,0.43478260869565216,21,-3.91,-0.19,8,0.38095238095238093,6,0.0,1.0,-3.35,-0.56,1,0.16666666666666666,,,,,,6,-3.35,-0.56,1,0.16666666666666666,1,0,1,12,5,7,-11.43,-0.95,0.08333333333333333,0.0,0.08333333333333333,0.4166666666666667,0.5833333333333334,16,0.4,-3.59,-0.09,40,3,0.1875,-14.14,-0.88,16,401858437,2026,1
52,Florida State Seminoles,25,0.373134328358209,8,0.3076923076923077,17,0.4146341463414634,4,0.5714285714285714,2,0.14285714285714285,20,0.40816326530612246,49,0.30612244897959184,0.6938775510204082,4.67,0.1,10,0.20408163265306123,15,1.51,0.1,5,0.3333333333333333,34,3.17,0.09,15,0.4411764705882353,9,0.5555555555555556,0.4444444444444444,-2.99,-0.33,2,0.2222222222222222,5,-2.08,-0.42,1,0.2,4,-0.91,-0.23,1,0.25,5,3,2,18,11,7,-5.44,-0.3,0.2777777777777778,0.16666666666666666,0.1111111111111111,0.6111111111111112,0.3888888888888889,19,0.40425531914893614,0.19,0.0,47,6,0.3,-0.95,-0.05,20,401858212,2026,1
2567,SMU Mustangs,37,0.5522388059701493,21,0.5833333333333334,16,0.5161290322580645,4,0.3333333333333333,8,0.5714285714285714,29,0.5471698113207547,53,0.49056603773584906,0.5094339622641509,1.94,0.04,15,0.2830188679245283,26,9.07,0.35,15,0.5769230769230769,27,-7.13,-0.26,14,0.5185185185185185,12,0.5833333333333334,0.4166666666666667,4.13,0.34,5,0.4166666666666667,7,3.62,0.52,3,0.42857142857142855,5,0.51,0.1,2,0.4,8,6,2,14,10,4,15.75,1.12,0.5714285714285714,0.42857142857142855,0.14285714285714285,0.7142857142857143,0.2857142857142857,28,0.5957446808510638,7.08,0.15,47,9,0.45,10.6,0.53,20,401858212,2026,1
2390,Miami Hurricanes,49,0.6805555555555556,21,0.7777777777777778,28,0.6363636363636364,7,0.5833333333333334,1,0.3333333333333333,48,0.7058823529411765,68,0.38235294117647056,0.6176470588235294,40.88,0.6,29,0.4264705882352941,26,22.26,0.86,20,0.7692307692307693,42,18.62,0.44,28,0.6666666666666666,14,0.5,0.5,10.01,0.71,9,0.6428571428571429,7,6.35,0.91,6,0.8571428571428571,7,3.66,0.52,3,0.42857142857142855,1,1,0,4,1,2,-9.54,-2.38,0.25,0.25,0.0,0.25,0.5,48,0.7272727272727273,40.81,0.62,66,1,0.16666666666666666,-9.47,-1.58,6,401858213,2026,2
50,Florida A&M Rattlers,12,0.2553191489361702,7,0.25,5,0.2631578947368421,,,2,0.14285714285714285,10,0.30303030303030304,33,0.5757575757575758,0.42424242424242425,-6.74,-0.2,3,0.09090909090909091,19,-4.15,-0.22,6,0.3157894736842105,14,-2.59,-0.18,4,0.2857142857142857,8,0.875,0.125,-3.34,-0.42,2,0.25,7,-2.84,-0.41,2,0.2857142857142857,1,-0.5,-0.5,0,0.0,2,1,1,14,9,5,-6.27,-0.45,0.14285714285714285,0.07142857142857142,0.07142857142857142,0.6428571428571429,0.35714285714285715,11,0.36666666666666664,-5.86,-0.2,30,1,0.058823529411764705,-7.14,-0.42,17,401858213,2026,2
2305,Kansas Jayhawks,19,0.2878787878787879,9,0.2571428571428571,10,0.3225806451612903,2,1.0,3,0.21428571428571427,13,0.2765957446808511,47,0.48936170212765956,0.5106382978723404,-12.49,-0.27,7,0.14893617021276595,23,-2.1,-0.09,7,0.30434782608695654,24,-10.39,-0.43,6,0.25,9,0.3333333333333333,0.6666666666666666,-3.86,-0.43,3,0.3333333333333333,3,-2.62,-0.87,1,0.3333333333333333,6,-1.24,-0.21,2,0.3333333333333333,6,2,4,19,12,7,-5.48,-0.29,0.3157894736842105,0.10526315789473684,0.21052631578947367,0.631578947368421,0.3684210526315789,11,0.2972972972972973,-9.0,-0.24,37,8,0.27586206896551724,-8.96,-0.31,29,401856678,2026,2
142,Missouri Tigers,28,0.39436619718309857,17,0.5666666666666667,11,0.2682926829268293,4,0.2222222222222222,8,0.47058823529411764,19,0.3584905660377358,53,0.33962264150943394,0.660377358490566,1.2,0.02,8,0.1509433962264151,18,7.05,0.39,10,0.5555555555555556,35,-5.85,-0.17,9,0.2571428571428571,16,0.5625,0.4375,5.96,0.37,7,0.4375,9,8.57,0.95,6,0.6666666666666666,7,-2.6,-0.37,1,0.14285714285714285,9,7,2,18,12,6,7.12,0.4,0.5,0.3888888888888889,0.1111111111111111,0.6666666666666666,0.3333333333333333,17,0.38636363636363635,0.81,0.02,44,11,0.4074074074074074,7.52,0.28,27,401856678,2026,2
97,Louisville Cardinals,42,0.6461538461538462,20,0.7142857142857143,22,0.5945945945945946,12,0.75,5,0.625,37,0.6491228070175439,57,0.43859649122807015,0.5614035087719298,26.33,0.46,18,0.3157894736842105,25,19.47,0.78,18,0.72,32,6.87,0.21,19,0.59375,13,0.46153846153846156,0.5384615384615384,3.4,0.26,8,0.6153846153846154,6,2.69,0.45,4,0.6666666666666666,7,0.71,0.1,4,0.5714285714285714,5,2,3,8,3,5,3.42,0.43,0.625,0.25,0.375,0.375,0.625,33,0.6470588235294118,20.73,0.41,51,9,0.6428571428571429,9.02,0.64,14,401858215,2026,2
222,Villanova Wildcats,19,0.3114754098360656,14,0.4,5,0.19230769230769232,0,0.0,5,0.3333333333333333,14,0.30434782608695654,46,0.5652173913043478,0.43478260869565216,-0.34,-0.01,6,0.13043478260869565,26,2.98,0.11,10,0.38461538461538464,20,-3.32,-0.17,4,0.2,8,0.25,0.75,-2.15,-0.27,2,0.25,2,-2.12,-1.06,0,0.0,6,-0.03,-0.01,2,0.3333333333333333,5,4,1,15,9,6,-4.72,-0.31,0.3333333333333333,0.26666666666666666,0.06666666666666667,0.6,0.4,10,0.2857142857142857,-2.04,-0.06,35,9,0.34615384615384615,-3.01,-0.12,26,401858215,2026,2
258,Virginia Cavaliers,35,0.5833333333333334,13,0.52,22,0.6285714285714286,9,0.5294117647058824,4,0.5,30,0.5882352941176471,51,0.35294117647058826,0.6470588235294118,10.97,0.22,16,0.3137254901960784,18,4.22,0.23,10,0.5555555555555556,33,6.74,0.2,20,0.6060606060606061,15,0.26666666666666666,0.7333333333333333,8.53,0.57,10,0.6666666666666666,4,-0.54,-0.13,0,0.0,11,9.07,0.82,10,0.9090909090909091,5,3,2,9,7,2,5.31,0.59,0.5555555555555556,0.3333333333333333,0.2222222222222222,0.7777777777777778,0.2222222222222222,30,0.6382978723404256,14.54,0.31,47,5,0.38461538461538464,1.73,0.13,13,401858220,2026,2
2450,Norfolk State Spartans,23,0.35384615384615387,14,0.3888888888888889,9,0.3103448275862069,0,0.0,5,0.29411764705882354,18,0.391304347826087,46,0.5,0.5,-7.27,-0.16,6,0.13043478260869565,23,0.29,0.01,12,0.5217391304347826,23,-7.55,-0.33,6,0.2608695652173913,3,0.6666666666666666,0.3333333333333333,0.03,0.01,2,0.6666666666666666,2,-0.72,-0.36,1,0.5,1,0.74,0.74,1,1.0,5,2,3,19,13,6,-21.3,-1.12,0.2631578947368421,0.10526315789473684,0.15789473684210525,0.6842105263157895,0.3157894736842105,15,0.36585365853658536,-19.04,-0.46,41,8,0.3333333333333333,-9.52,-0.4,24,401858220,2026,2
257,Richmond Spiders,10,0.20408163265306123,5,0.1724137931034483,5,0.25,,,1,0.07692307692307693,9,0.2571428571428571,35,0.5142857142857142,0.4857142857142857,-11.0,-0.31,4,0.11428571428571428,18,-4.81,-0.27,4,0.2222222222222222,17,-6.19,-0.36,5,0.29411764705882354,4,0.25,0.75,-1.31,-0.33,0,0.0,1,-0.19,-0.19,0,0.0,3,-1.12,-0.37,0,0.0,1,1,0,14,11,3,-13.17,-0.94,0.07142857142857142,0.07142857142857142,0.0,0.7857142857142857,0.21428571428571427,6,0.21428571428571427,-13.46,-0.48,28,4,0.19047619047619047,-10.71,-0.51,21,401858222,2026,2
152,NC State Wolfpack,40,0.5714285714285714,16,0.5925925925925926,24,0.5581395348837209,11,0.7857142857142857,8,0.7272727272727273,32,0.5423728813559322,59,0.3728813559322034,0.6271186440677966,29.46,0.5,15,0.2542372881355932,22,10.15,0.46,13,0.5909090909090909,37,19.31,0.52,19,0.5135135135135135,17,0.5882352941176471,0.4117647058823529,5.61,0.33,9,0.5294117647058824,10,2.72,0.27,4,0.4,7,2.9,0.41,5,0.7142857142857143,8,3,5,11,5,6,10.06,0.91,0.7272727272727273,0.2727272727272727,0.45454545454545453,0.45454545454545453,0.5454545454545454,33,0.5892857142857143,31.58,0.56,56,7,0.5,7.94,0.57,14,401858222,2026,2
164,Rutgers Scarlet Knights,30,0.4411764705882353,15,0.5,15,0.39473684210526316,5,0.35714285714285715,5,0.4166666666666667,23,0.45098039215686275,51,0.4117647058823529,0.5882352941176471,5.73,0.11,13,0.2549019607843137,21,1.98,0.09,10,0.47619047619047616,30,3.75,0.13,13,0.43333333333333335,10,0.4,0.6,6.04,0.6,4,0.4,4,7.07,1.77,3,0.75,6,-1.04,-0.17,1,0.16666666666666666,7,5,2,17,9,8,-11.87,-0.7,0.4117647058823529,0.29411764705882354,0.11764705882352941,0.5294117647058824,0.47058823529411764,20,0.40816326530612246,-10.7,-0.22,49,10,0.5263157894736842,4.57,0.24,19,401858214,2026,2
103,Boston College Eagles,21,0.3559322033898305,11,0.36666666666666664,10,0.3448275862068966,2,0.3333333333333333,4,0.36363636363636365,16,0.3404255319148936,47,0.425531914893617,0.574468085106383,-6.37,-0.14,10,0.2127659574468085,20,-4.79,-0.24,7,0.35,27,-1.57,-0.06,9,0.3333333333333333,13,0.5384615384615384,0.46153846153846156,-2.86,-0.22,3,0.23076923076923078,7,-2.29,-0.33,1,0.14285714285714285,6,-0.57,-0.1,2,0.3333333333333333,5,4,1,12,10,2,3.92,0.33,0.4166666666666667,0.3333333333333333,0.08333333333333333,0.8333333333333334,0.16666666666666666,14,0.358974358974359,-4.46,-0.11,39,7,0.35,2.01,0.1,20,401858214,2026,2
251,Texas Longhorns,38,0.4935064935064935,16,0.41025641025641024,22,0.5789473684210527,7,0.5,10,0.625,26,0.4482758620689655,58,0.4827586206896552,0.5172413793103449,-7.21,-0.12,14,0.2413793103448276,28,-4.39,-0.16,11,0.39285714285714285,30,-2.82,-0.09,15,0.5,9,0.6666666666666666,0.3333333333333333,-0.89,-0.1,5,0.5555555555555556,6,1.51,0.25,4,0.6666666666666666,3,-2.4,-0.8,1,0.3333333333333333,12,5,7,19,11,8,8.87,0.47,0.631578947368421,0.2631578947368421,0.3684210526315789,0.5789473684210527,0.42105263157894735,26,0.4727272727272727,-6.02,-0.11,55,12,0.5454545454545454,7.68,0.35,22,401856682,2026,2
194,Ohio State Buckeyes,24,0.38095238095238093,14,0.4117647058823529,10,0.3448275862068966,5,0.35714285714285715,7,0.5,17,0.3541666666666667,48,0.4791666666666667,0.5208333333333334,-1.63,-0.03,11,0.22916666666666666,23,2.31,0.1,9,0.391304347826087,25,-3.94,-0.16,8,0.32,15,0.6666666666666666,0.3333333333333333,2.64,0.18,7,0.4666666666666667,10,2.38,0.24,5,0.5,5,0.26,0.05,2,0.4,7,5,2,15,11,4,3.08,0.21,0.4666666666666667,0.3333333333333333,0.13333333333333333,0.7333333333333333,0.26666666666666666,16,0.3902439024390244,-3.29,-0.08,41,8,0.36363636363636365,4.74,0.22,22,401856682,2026,2
98,Western Kentucky Hilltoppers,24,0.32432432432432434,11,0.28205128205128205,13,0.37142857142857144,3,1.0,8,0.4,15,0.2830188679245283,53,0.39622641509433965,0.6037735849056604,-14.85,-0.28,2,0.03773584905660377,21,-14.35,-0.68,3,0.14285714285714285,32,-0.5,-0.02,12,0.375,8,0.5,0.5,2.38,0.3,4,0.5,4,-0.55,-0.14,1,0.25,4,2.94,0.73,3,0.75,9,8,1,21,18,3,4.3,0.2,0.42857142857142855,0.38095238095238093,0.047619047619047616,0.8571428571428571,0.14285714285714285,15,0.36585365853658536,2.69,0.07,41,9,0.2727272727272727,-13.24,-0.4,33,401856673,2026,2
61,Georgia Bulldogs,26,0.4482758620689655,14,0.56,12,0.375,8,0.8,7,0.5833333333333334,19,0.4222222222222222,45,0.4222222222222222,0.5777777777777777,7.78,0.17,8,0.17777777777777778,19,3.93,0.21,10,0.5263157894736842,26,3.84,0.15,9,0.34615384615384615,9,0.2222222222222222,0.7777777777777778,1.2,0.13,2,0.2222222222222222,2,0.16,0.08,1,0.5,7,1.04,0.15,1,0.14285714285714285,7,4,3,12,6,6,9.49,0.79,0.5833333333333334,0.3333333333333333,0.25,0.5,0.5,21,0.4666666666666667,14.2,0.32,45,5,0.4166666666666667,3.06,0.26,12,401856673,2026,2
242,Rice Owls,11,0.2391304347826087,3,0.23076923076923078,8,0.25,0,0.0,2,0.16666666666666666,7,0.21875,32,0.25,0.71875,-18.49,-0.58,3,0.09375,8,-3.02,-0.38,1,0.125,23,-8.43,-0.37,6,0.2608695652173913,6,0.16666666666666666,0.8333333333333334,-2.21,-0.37,1,0.16666666666666666,1,0.59,0.59,1,1.0,5,-2.8,-0.56,0,0.0,4,2,2,14,5,9,-1.23,-0.09,0.2857142857142857,0.14285714285714285,0.14285714285714285,0.35714285714285715,0.6428571428571429,9,0.34615384615384615,-5.36,-0.21,26,2,0.1,-14.37,-0.72,20,401859184,2026,2
87,Notre Dame Fighting Irish,36,0.5538461538461539,22,0.6666666666666666,14,0.4375,6,0.42857142857142855,7,0.5833333333333334,28,0.5490196078431373,51,0.5294117647058824,0.47058823529411764,14.24,0.28,12,0.23529411764705882,27,15.89,0.59,19,0.7037037037037037,24,-1.65,-0.07,9,0.375,8,0.625,0.375,7.76,0.97,5,0.625,5,7.26,1.45,4,0.8,3,0.5,0.17,1,0.3333333333333333,8,3,5,14,6,8,1.49,0.11,0.5714285714285714,0.21428571428571427,0.35714285714285715,0.42857142857142855,0.5714285714285714,29,0.5686274509803921,11.98,0.23,51,7,0.5,3.76,0.27,14,401859184,2026,2
47,Howard Bison,8,0.1702127659574468,4,0.16,4,0.18181818181818182,,,3,0.21428571428571427,5,0.15625,32,0.46875,0.53125,-11.88,-0.37,2,0.0625,15,-4.5,-0.3,3,0.2,17,-7.38,-0.43,2,0.11764705882352941,7,0.2857142857142857,0.7142857142857143,-2.68,-0.38,1,0.14285714285714285,2,-0.95,-0.47,0,0.0,5,-1.74,-0.35,1,0.2,3,1,2,15,10,5,-12.68,-0.85,0.2,0.06666666666666667,0.13333333333333333,0.6666666666666666,0.3333333333333333,4,0.19047619047619047,-6.64,-0.32,21,4,0.15384615384615385,-17.91,-0.69,26,401858439,2026,2
84,Indiana Hoosiers,31,0.5081967213114754,8,0.4444444444444444,23,0.5348837209302325,6,0.5454545454545454,7,0.7,23,0.46938775510204084,49,0.22448979591836735,0.7755102040816326,14.58,0.3,12,0.24489795918367346,11,1.37,0.12,3,0.2727272727272727,38,13.21,0.35,20,0.5263157894736842,11,0.2727272727272727,0.7272727272727273,8.99,0.82,7,0.6363636363636364,3,0.17,0.06,1,0.3333333333333333,8,8.82,1.1,6,0.75,8,5,3,12,7,5,12.33,1.03,0.6666666666666666,0.4166666666666667,0.25,0.5833333333333334,0.4166666666666667,20,0.5,11.6,0.29,40,11,0.5238095238095238,15.31,0.73,21,401858439,2026,2
2483,Oregon Ducks,20,0.3333333333333333,10,0.30303030303030304,10,0.37037037037037035,1,1.0,6,0.4,14,0.3333333333333333,42,0.4523809523809524,0.5476190476190477,-0.38,-0.01,5,0.11904761904761904,19,4.29,0.23,6,0.3157894736842105,23,-4.67,-0.2,8,0.34782608695652173,11,0.5454545454545454,0.45454545454545453,0.9,0.08,4,0.36363636363636365,6,1.09,0.18,2,0.3333333333333333,5,-0.19,-0.04,2,0.4,6,4,2,18,14,4,-12.33,-0.69,0.3333333333333333,0.2222222222222222,0.1111111111111111,0.7777777777777778,0.2222222222222222,14,0.4,0.68,0.02,35,6,0.24,-13.39,-0.54,25,401856782,2026,2
197,Oklahoma State Cowboys,37,0.4457831325301205,19,0.4222222222222222,18,0.4864864864864865,8,0.3333333333333333,5,0.29411764705882354,31,0.49206349206349204,63,0.5555555555555556,0.4444444444444444,15.18,0.24,17,0.2698412698412698,35,8.3,0.24,17,0.4857142857142857,28,6.89,0.25,14,0.5,10,0.6,0.4,4.15,0.41,4,0.4,6,5.84,0.97,3,0.5,4,-1.69,-0.42,1,0.25,6,2,4,19,10,9,-20.68,-1.09,0.3157894736842105,0.10526315789473684,0.21052631578947367,0.5263157894736842,0.47368421052631576,30,0.5,9.4,0.16,60,7,0.3181818181818182,-14.9,-0.68,22,401856782,2026,2
2348,Louisiana Tech Bulldogs,10,0.18181818181818182,5,0.16129032258064516,5,0.20833333333333334,0,0.0,3,0.21428571428571427,7,0.1794871794871795,39,0.41025641025641024,0.5897435897435898,-23.16,-0.59,2,0.05128205128205128,16,-10.27,-0.64,3,0.1875,23,-12.89,-0.56,4,0.17391304347826086,5,0.4,0.6,-2.45,-0.49,0,0.0,2,-1.34,-0.67,0,0.0,3,-1.11,-0.37,0,0.0,3,2,1,16,15,1,-11.28,-0.71,0.1875,0.125,0.0625,0.9375,0.0625,7,0.2413793103448276,-12.39,-0.43,29,3,0.11538461538461539,-22.05,-0.85,26,401867796,2026,2
99,LSU Tigers,38,0.4470588235294118,20,0.43478260869565216,18,0.46153846153846156,10,0.3333333333333333,9,0.5294117647058824,28,0.417910447761194,67,0.4925373134328358,0.5074626865671642,5.58,0.08,15,0.22388059701492538,33,0.72,0.02,13,0.3939393939393939,34,4.86,0.14,15,0.4411764705882353,16,0.6875,0.3125,-10.58,-0.66,5,0.3125,11,-11.38,-1.03,4,0.36363636363636365,5,0.8,0.16,1,0.2,10,7,3,18,13,5,-9.83,-0.55,0.5555555555555556,0.3888888888888889,0.16666666666666666,0.7222222222222222,0.2777777777777778,28,0.45901639344262296,8.23,0.13,61,10,0.4166666666666667,-12.47,-0.52,24,401867796,2026,2
145,Ole Miss Rebels,36,0.6206896551724138,22,0.6285714285714286,14,0.6086956521739131,9,0.6,1,0.25,35,0.6481481481481481,54,0.5925925925925926,0.4074074074074074,18.66,0.35,22,0.4074074074074074,32,11.93,0.37,22,0.6875,22,6.72,0.31,13,0.5909090909090909,1,1.0,0.0,0.5,0.5,1,1.0,1,0.5,0.5,1,1.0,,,,,,1,0,1,4,3,1,-4.01,-1.0,0.25,0.0,0.25,0.75,0.25,29,0.6304347826086957,8.29,0.18,46,7,0.5833333333333334,6.36,0.53,12,401856676,2026,2
2429,Charlotte 49ers,26,0.4262295081967213,13,0.4482758620689655,13,0.40625,1,0.09090909090909091,3,0.21428571428571427,22,0.4782608695652174,46,0.45652173913043476,0.5434782608695652,3.27,0.07,10,0.21739130434782608,21,5.03,0.24,11,0.5238095238095238,25,-1.76,-0.07,11,0.44,15,0.5333333333333333,0.4666666666666667,6.1,0.41,11,0.7333333333333333,8,0.46,0.06,6,0.75,7,5.63,0.8,5,0.7142857142857143,4,2,2,15,8,7,-4.02,-0.27,0.26666666666666666,0.13333333333333333,0.13333333333333333,0.5333333333333333,0.4666666666666667,22,0.5238095238095238,5.29,0.13,42,4,0.21052631578947367,-6.04,-0.32,19,401856676,2026,2
245,Texas A&M Aggies,23,0.39655172413793105,11,0.4074074074074074,12,0.3870967741935484,6,0.5454545454545454,3,0.25,19,0.4318181818181818,44,0.45454545454545453,0.5454545454545454,-3.24,-0.07,7,0.1590909090909091,20,-0.45,-0.02,9,0.45,24,-2.79,-0.12,10,0.4166666666666667,8,0.625,0.375,-3.03,-0.38,3,0.375,5,-0.78,-0.16,3,0.6,3,-2.26,-0.75,0,0.0,4,2,2,14,7,7,-3.31,-0.24,0.2857142857142857,0.14285714285714285,0.14285714285714285,0.5,0.5,19,0.4634146341463415,3.1,0.08,41,4,0.23529411764705882,-9.65,-0.57,17,401856683,2026,2
9,Arizona State Sun Devils,24,0.3870967741935484,15,0.42857142857142855,9,0.3333333333333333,0,0.0,3,0.25,21,0.4375,48,0.5416666666666666,0.4583333333333333,-12.93,-0.27,12,0.25,26,-9.75,-0.38,13,0.5,22,-3.18,-0.14,8,0.36363636363636365,10,0.6,0.4,-3.31,-0.33,4,0.4,6,0.18,0.03,3,0.5,4,-3.49,-0.87,1,0.25,3,2,1,14,9,5,-3.86,-0.28,0.21428571428571427,0.14285714285714285,0.07142857142857142,0.6428571428571429,0.35714285714285715,14,0.35,-26.48,-0.66,40,10,0.45454545454545453,9.69,0.44,22,401856683,2026,2
130,Michigan Wolverines,20,0.3508771929824561,8,0.42105263157894735,12,0.3157894736842105,2,1.0,4,0.3076923076923077,15,0.3488372093023256,43,0.3488372093023256,0.6511627906976745,-1.32,-0.03,5,0.11627906976744186,15,0.42,0.03,7,0.4666666666666667,28,-1.75,-0.06,8,0.2857142857142857,7,0.42857142857142855,0.5714285714285714,-3.44,-0.49,1,0.14285714285714285,3,-3.03,-1.01,0,0.0,4,-0.41,-0.1,1,0.25,5,1,4,14,4,10,-2.37,-0.17,0.35714285714285715,0.07142857142857142,0.2857142857142857,0.2857142857142857,0.7142857142857143,10,0.2702702702702703,-11.42,-0.31,37,10,0.5,7.73,0.39,20,401856679,2026,2
201,Oklahoma Sooners,23,0.3709677419354839,10,0.2777777777777778,13,0.5,,,3,0.23076923076923078,20,0.4166666666666667,48,0.5416666666666666,0.4583333333333333,0.38,0.01,10,0.20833333333333334,26,0.47,0.02,9,0.34615384615384615,22,-0.1,-0.0,11,0.5,12,0.4166666666666667,0.5833333333333334,0.44,0.04,5,0.4166666666666667,5,2.5,0.5,2,0.4,7,-2.07,-0.3,3,0.42857142857142855,3,1,2,14,10,4,-9.65,-0.69,0.21428571428571427,0.07142857142857142,0.14285714285714285,0.7142857142857143,0.2857142857142857,19,0.4523809523809524,0.3,0.01,42,4,0.2,-9.57,-0.48,20,401856679,2026,2
96,Kentucky Wildcats,22,0.3384615384615385,12,0.34285714285714286,9,0.32142857142857145,1,1.0,1,0.07142857142857142,19,0.4222222222222222,45,0.4666666666666667,0.5333333333333333,-4.73,-0.11,7,0.15555555555555556,21,3.96,0.19,10,0.47619047619047616,24,-8.69,-0.36,9,0.375,16,0.625,0.375,-5.68,-0.36,4,0.25,10,-2.27,-0.23,2,0.2,6,-3.42,-0.57,2,0.3333333333333333,3,2,0,20,14,4,-27.23,-1.36,0.15,0.1,0.0,0.7,0.2,16,0.3902439024390244,-14.32,-0.35,41,6,0.25,-17.64,-0.74,24,401856674,2026,2
333,Alabama Crimson Tide,32,0.5,15,0.5555555555555556,17,0.4594594594594595,10,0.625,5,0.45454545454545453,26,0.5,52,0.40384615384615385,0.5961538461538461,-5.63,-0.11,11,0.21153846153846154,21,0.39,0.02,13,0.6190476190476191,31,-6.02,-0.19,13,0.41935483870967744,8,0.625,0.375,-7.28,-0.91,1,0.125,5,-4.43,-0.89,1,0.2,3,-2.85,-0.95,0,0.0,6,2,4,12,6,6,-0.62,-0.05,0.5,0.16666666666666666,0.3333333333333333,0.5,0.5,29,0.5471698113207547,-1.75,-0.03,53,3,0.2727272727272727,-4.51,-0.41,11,401856674,2026,2
204,Oregon State Beavers,23,0.323943661971831,19,0.35185185185185186,4,0.23529411764705882,1,0.25,4,0.26666666666666666,18,0.33962264150943394,53,0.7358490566037735,0.2641509433962264,1.34,0.03,13,0.24528301886792453,39,3.5,0.09,15,0.38461538461538464,14,-2.16,-0.15,3,0.21428571428571427,16,0.75,0.25,5.89,0.37,6,0.375,12,4.03,0.34,4,0.3333333333333333,4,1.86,0.46,2,0.5,5,4,1,18,15,3,-1.08,-0.06,0.2777777777777778,0.2222222222222222,0.05555555555555555,0.8333333333333334,0.16666666666666666,13,0.30952380952380953,-3.17,-0.08,42,10,0.3448275862068966,3.43,0.12,29,401856783,2026,2
2641,Texas Tech Red Raiders,28,0.3783783783783784,15,0.45454545454545453,13,0.3170731707317073,4,0.5,8,0.5,19,0.3333333333333333,57,0.40350877192982454,0.5964912280701754,-10.07,-0.18,11,0.19298245614035087,23,-3.54,-0.15,9,0.391304347826087,34,-6.52,-0.19,10,0.29411764705882354,12,0.5,0.5,-2.15,-0.18,3,0.25,6,-2.72,-0.45,1,0.16666666666666666,6,0.57,0.1,2,0.3333333333333333,9,6,3,17,10,7,13.72,0.81,0.5294117647058824,0.35294117647058826,0.17647058823529413,0.5882352941176471,0.4117647058823529,19,0.4318181818181818,1.33,0.03,44,9,0.3,2.32,0.08,30,401856783,2026,2
30,USC Trojans,35,0.49295774647887325,18,0.5806451612903226,17,0.425,7,0.5384615384615384,8,0.6153846153846154,26,0.45614035087719296,57,0.3508771929824561,0.6491228070175439,0.47,0.01,14,0.24561403508771928,20,1.11,0.06,11,0.55,37,-0.64,-0.02,15,0.40540540540540543,10,0.7,0.3,2.9,0.29,4,0.4,7,4.85,0.69,4,0.5714285714285714,3,-1.95,-0.65,0,0.0,9,7,2,14,11,3,17.14,1.22,0.6428571428571429,0.5,0.14285714285714285,0.7857142857142857,0.21428571428571427,24,0.48,3.2,0.06,50,11,0.5238095238095238,14.41,0.69,21,401858445,2026,2
309,Louisiana Ragin' Cajuns,26,0.5,12,0.5217391304347826,14,0.4827586206896552,6,0.6666666666666666,4,0.4,22,0.5238095238095238,42,0.40476190476190477,0.5952380952380952,20.8,0.5,10,0.23809523809523808,17,11.64,0.68,10,0.5882352941176471,25,9.16,0.37,12,0.48,11,0.36363636363636365,0.6363636363636364,-3.38,-0.31,2,0.18181818181818182,4,-1.07,-0.27,1,0.25,7,-2.31,-0.33,1,0.14285714285714285,4,2,2,10,6,4,3.62,0.36,0.4,0.2,0.2,0.6,0.4,17,0.5483870967741935,11.8,0.38,31,9,0.42857142857142855,12.62,0.6,21,401858445,2026,2
12,Arizona Wildcats,30,0.4838709677419355,17,0.5,13,0.4642857142857143,2,0.4,5,0.4166666666666667,25,0.5102040816326531,49,0.4897959183673469,0.5102040816326531,12.86,0.26,10,0.20408163265306123,24,5.58,0.23,14,0.5833333333333334,25,7.29,0.29,11,0.44,4,0.25,0.75,4.91,1.23,3,0.75,1,3.21,3.21,1,1.0,3,1.7,0.57,2,0.6666666666666666,5,3,2,13,10,3,-5.77,-0.44,0.38461538461538464,0.23076923076923078,0.15384615384615385,0.7692307692307693,0.23076923076923078,20,0.5128205128205128,1.47,0.04,39,10,0.43478260869565216,5.62,0.24,23,401856810,2026,2
252,BYU Cougars,27,0.5,12,0.4444444444444444,15,0.5555555555555556,4,0.6666666666666666,5,0.45454545454545453,22,0.5116279069767442,43,0.4883720930232558,0.5116279069767442,12.19,0.28,9,0.20930232558139536,21,8.12,0.39,10,0.47619047619047616,22,4.07,0.19,12,0.5454545454545454,13,0.6153846153846154,0.38461538461538464,1.42,0.11,7,0.5384615384615384,8,-0.76,-0.1,3,0.375,5,2.18,0.44,4,0.8,5,2,3,11,6,5,5.37,0.49,0.45454545454545453,0.18181818181818182,0.2727272727272727,0.5454545454545454,0.45454545454545453,19,0.5428571428571428,9.89,0.28,35,8,0.42105263157894735,7.67,0.4,19,401856810,2026,2
218,Temple Owls,23,0.42592592592592593,7,0.30434782608695654,16,0.5161290322580645,3,0.375,4,0.3333333333333333,17,0.425,40,0.45,0.55,-3.14,-0.08,9,0.225,18,-6.29,-0.35,6,0.3333333333333333,22,3.15,0.14,11,0.5,8,0.5,0.5,-1.51,-0.19,2,0.25,4,-3.98,-1.0,0,0.0,4,2.47,0.62,2,0.5,6,1,5,14,5,9,1.26,0.09,0.42857142857142855,0.07142857142857142,0.35714285714285715,0.35714285714285715,0.6428571428571429,18,0.46153846153846156,2.98,0.08,39,5,0.3333333333333333,-4.86,-0.32,15,401858442,2026,2
213,Penn State Nittany Lions,31,0.49206349206349204,17,0.6071428571428571,14,0.4,3,0.25,6,0.5,25,0.5,50,0.42,0.58,10.28,0.21,12,0.24,21,12.91,0.61,13,0.6190476190476191,29,-2.63,-0.09,12,0.41379310344827586,11,0.6363636363636364,0.36363636363636365,7.46,0.68,7,0.6363636363636364,7,8.07,1.15,6,0.8571428571428571,4,-0.61,-0.15,1,0.25,6,4,2,13,7,6,1.7,0.13,0.46153846153846156,0.3076923076923077,0.15384615384615385,0.5384615384615384,0.46153846153846156,24,0.5,6.57,0.14,48,7,0.4666666666666667,5.41,0.36,15,401858442,2026,2
302,UC Davis Aggies,21,0.35,12,0.3076923076923077,9,0.42857142857142855,2,0.4,3,0.21428571428571427,17,0.3953488372093023,43,0.6046511627906976,0.3953488372093023,-2.84,-0.07,5,0.11627906976744186,26,-2.63,-0.1,9,0.34615384615384615,17,-0.21,-0.01,8,0.47058823529411764,7,0.5714285714285714,0.42857142857142855,-4.62,-0.66,1,0.14285714285714285,4,-4.34,-1.09,0,0.0,3,-0.28,-0.09,1,0.3333333333333333,4,3,1,17,13,4,-10.7,-0.63,0.23529411764705882,0.17647058823529413,0.058823529411764705,0.7647058823529411,0.23529411764705882,12,0.32432432432432434,-11.55,-0.31,37,9,0.391304347826087,-1.99,-0.09,23,401858223,2026,2
2567,SMU Mustangs,29,0.5272727272727272,21,0.6363636363636364,8,0.36363636363636365,11,0.7333333333333333,5,0.5,24,0.5454545454545454,44,0.5681818181818182,0.4318181818181818,23.09,0.52,12,0.2727272727272727,25,24.23,0.97,17,0.68,19,-1.13,-0.06,7,0.3684210526315789,11,0.6363636363636364,0.36363636363636365,6.11,0.56,5,0.45454545454545453,7,7.89,1.13,4,0.5714285714285714,4,-1.78,-0.44,1,0.25,5,4,1,11,8,3,5.13,0.47,0.45454545454545453,0.36363636363636365,0.09090909090909091,0.7272727272727273,0.2727272727272727,25,0.5952380952380952,27.62,0.66,42,4,0.3076923076923077,0.61,0.05,13,401858223,2026,2
2633,Tennessee Volunteers,30,0.45454545454545453,8,0.36363636363636365,22,0.5,3,0.42857142857142855,8,0.5714285714285714,21,0.4117647058823529,51,0.3333333333333333,0.6666666666666666,6.3,0.12,9,0.17647058823529413,17,3.74,0.22,7,0.4117647058823529,34,2.57,0.08,14,0.4117647058823529,10,0.2,0.8,5.27,0.53,6,0.6,2,1.08,0.54,1,0.5,8,4.2,0.52,5,0.625,9,1,8,15,5,10,12.93,0.86,0.6,0.06666666666666667,0.5333333333333333,0.3333333333333333,0.6666666666666666,22,0.4888888888888889,16.6,0.37,45,8,0.38095238095238093,2.63,0.13,21,401856681,2026,2
59,Georgia Tech Yellow Jackets,36,0.5070422535211268,20,0.45454545454545453,16,0.5925925925925926,5,0.45454545454545453,7,0.5384615384615384,29,0.5178571428571429,56,0.5714285714285714,0.42857142857142855,-7.7,-0.14,14,0.25,32,-10.48,-0.33,15,0.46875,24,2.78,0.12,14,0.5833333333333334,9,0.5555555555555556,0.4444444444444444,-0.31,-0.03,5,0.5555555555555556,5,-3.03,-0.61,2,0.4,4,2.73,0.68,3,0.75,7,5,2,15,12,3,0.26,0.02,0.4666666666666667,0.3333333333333333,0.13333333333333333,0.8,0.2,27,0.5510204081632653,-5.61,-0.11,49,9,0.4090909090909091,-1.82,-0.08,22,401856681,2026,2
264,Washington Huskies,32,0.43243243243243246,21,0.4883720930232558,11,0.3548387096774194,4,0.36363636363636365,7,0.4375,25,0.43859649122807015,57,0.5614035087719298,0.43859649122807015,-6.98,-0.12,11,0.19298245614035087,32,1.22,0.04,17,0.53125,25,-8.2,-0.33,8,0.32,17,0.7058823529411765,0.29411764705882354,-1.63,-0.1,7,0.4117647058823529,12,-0.46,-0.04,6,0.5,5,-1.17,-0.23,1,0.2,7,4,3,17,11,6,-2.87,-0.17,0.4117647058823529,0.23529411764705882,0.17647058823529413,0.6470588235294118,0.35294117647058826,26,0.49056603773584906,-3.19,-0.06,53,6,0.2857142857142857,-6.66,-0.32,21,401858446,2026,2
328,Utah State Aggies,17,0.29310344827586204,11,0.34375,6,0.23076923076923078,1,0.3333333333333333,6,0.46153846153846156,11,0.25,44,0.5227272727272727,0.4772727272727273,-15.42,-0.35,6,0.13636363636363635,23,-1.73,-0.08,7,0.30434782608695654,21,-13.69,-0.65,4,0.19047619047619047,5,0.6,0.4,-4.41,-0.88,0,0.0,3,-3.52,-1.17,0,0.0,2,-0.88,-0.44,0,0.0,6,4,2,14,9,5,-0.79,-0.06,0.42857142857142855,0.2857142857142857,0.14285714285714285,0.6428571428571429,0.35714285714285715,8,0.22857142857142856,-17.51,-0.5,35,9,0.391304347826087,1.3,0.06,23,401858446,2026,2
254,Utah Utes,32,0.5333333333333333,16,0.5517241379310345,16,0.5161290322580645,10,0.5555555555555556,5,0.5555555555555556,26,0.5306122448979592,49,0.5102040816326531,0.4897959183673469,12.94,0.26,16,0.32653061224489793,25,7.77,0.31,15,0.6,24,5.17,0.22,11,0.4583333333333333,15,0.6,0.4,14.02,0.93,12,0.8,9,9.07,1.01,8,0.8888888888888888,6,4.95,0.83,4,0.6666666666666666,6,1,5,11,4,7,3.24,0.29,0.5454545454545454,0.09090909090909091,0.45454545454545453,0.36363636363636365,0.6363636363636364,28,0.56,14.85,0.3,50,4,0.4,1.34,0.13,10,401856670,2026,2
8,Arkansas Razorbacks,26,0.33766233766233766,18,0.33962264150943394,8,0.3333333333333333,1,0.2,7,0.3888888888888889,17,0.3090909090909091,55,0.6727272727272727,0.32727272727272727,-9.36,-0.17,9,0.16363636363636364,37,-3.02,-0.08,13,0.35135135135135137,18,-6.34,-0.35,4,0.2222222222222222,12,0.75,0.25,-3.39,-0.28,4,0.3333333333333333,9,-2.49,-0.28,3,0.3333333333333333,3,-0.9,-0.3,1,0.3333333333333333,9,5,4,22,16,6,1.42,0.06,0.4090909090909091,0.22727272727272727,0.18181818181818182,0.7272727272727273,0.2727272727272727,13,0.3333333333333333,-11.38,-0.29,39,13,0.34210526315789475,3.44,0.09,38,401856670,2026,2
66,Iowa State Cyclones,17,0.32075471698113206,7,0.3684210526315789,10,0.29411764705882354,4,0.5,4,0.3076923076923077,13,0.325,40,0.3,0.7,-6.87,-0.17,5,0.125,12,-0.89,-0.07,4,0.3333333333333333,28,-5.98,-0.21,9,0.32142857142857145,6,0.3333333333333333,0.6666666666666666,2.34,0.39,3,0.5,2,2.16,1.08,2,1.0,4,0.18,0.04,1,0.25,4,3,1,13,7,6,-2.74,-0.21,0.3076923076923077,0.23076923076923078,0.07692307692307693,0.5384615384615384,0.46153846153846156,13,0.3939393939393939,-4.32,-0.13,33,4,0.2,-5.28,-0.26,20,401856788,2026,2
2294,Iowa Hawkeyes,23,0.3898305084745763,14,0.4666666666666667,9,0.3103448275862069,2,0.4,5,0.3333333333333333,18,0.4186046511627907,43,0.5116279069767442,0.4883720930232558,1.26,0.03,9,0.20930232558139536,22,5.49,0.25,13,0.5909090909090909,21,-4.23,-0.2,5,0.23809523809523808,9,0.6666666666666666,0.3333333333333333,0.67,0.07,5,0.5555555555555556,6,0.93,0.15,4,0.6666666666666666,3,-0.26,-0.09,1,0.3333333333333333,5,1,4,16,8,8,-8.3,-0.52,0.3125,0.0625,0.25,0.5,0.5,21,0.4772727272727273,-0.33,-0.01,44,2,0.13333333333333333,-6.71,-0.45,15,401856788,2026,2
248,Houston Cougars,47,0.734375,13,0.6842105263157895,34,0.7555555555555555,16,0.7619047619047619,8,1.0,39,0.6964285714285714,56,0.30357142857142855,0.6964285714285714,25.67,0.46,18,0.32142857142857145,17,11.15,0.66,11,0.6470588235294118,39,14.52,0.37,28,0.717948717948718,10,0.5,0.5,10.99,1.1,10,1.0,5,6.26,1.25,5,1.0,5,4.73,0.95,5,1.0,8,2,6,8,2,6,8.94,1.12,1.0,0.25,0.75,0.25,0.75,40,0.7142857142857143,27.42,0.49,56,7,0.875,7.19,0.9,8,401856787,2026,2
2582,Southern Jaguars,8,0.19047619047619047,6,0.2727272727272727,2,0.09523809523809523,,,1,0.07692307692307693,7,0.25,28,0.42857142857142855,0.5714285714285714,0.89,0.03,0,0.0,12,5.94,0.5,5,0.4166666666666667,16,-5.05,-0.32,2,0.125,6,0.3333333333333333,0.6666666666666666,-2.14,-0.36,0,0.0,2,-1.44,-0.72,0,0.0,4,-0.69,-0.17,0,0.0,1,1,0,14,10,5,-14.9,-1.06,0.07142857142857142,0.07142857142857142,0.0,0.7142857142857143,0.35714285714285715,6,0.25,-6.05,-0.25,24,2,0.1111111111111111,-7.96,-0.44,18,401856787,2026,2
2306,Kansas State Wildcats,34,0.4594594594594595,16,0.47058823529411764,18,0.45,6,0.5454545454545454,10,0.625,24,0.42105263157894735,57,0.42105263157894735,0.5789473684210527,-4.97,-0.09,12,0.21052631578947367,24,-4.15,-0.17,11,0.4583333333333333,33,-0.81,-0.02,13,0.3939393939393939,11,0.45454545454545453,0.5454545454545454,2.14,0.19,7,0.6363636363636364,5,-1.84,-0.37,4,0.8,6,3.99,0.66,3,0.5,10,5,5,17,10,7,6.32,0.37,0.5882352941176471,0.29411764705882354,0.29411764705882354,0.5882352941176471,0.4117647058823529,22,0.4489795918367347,-9.37,-0.19,49,12,0.48,10.72,0.43,25,401856781,2026,2
265,Washington State Cougars,14,0.2692307692307692,5,0.20833333333333334,8,0.3076923076923077,,,2,0.16666666666666666,11,0.2972972972972973,37,0.43243243243243246,0.5675675675675675,-9.68,-0.26,7,0.1891891891891892,16,-6.81,-0.43,3,0.1875,21,-2.87,-0.14,8,0.38095238095238093,15,0.6666666666666666,0.26666666666666666,-7.4,-0.49,3,0.2,10,-7.13,-0.71,1,0.1,4,-0.07,-0.02,2,0.5,3,2,0,15,8,5,-3.75,-0.25,0.2,0.13333333333333333,0.0,0.5333333333333333,0.3333333333333333,8,0.2962962962962963,-8.96,-0.33,27,6,0.24,-4.47,-0.18,25,401856781,2026,2
153,North Carolina Tar Heels,31,0.5849056603773585,16,0.5925925925925926,15,0.5769230769230769,5,0.8333333333333334,5,0.5555555555555556,26,0.5909090909090909,44,0.4772727272727273,0.5227272727272727,12.03,0.27,15,0.3409090909090909,21,5.86,0.28,12,0.5714285714285714,23,6.17,0.27,14,0.6086956521739131,8,0.5,0.5,7.44,0.93,7,0.875,4,2.92,0.73,3,0.75,4,4.51,1.13,4,1.0,5,4,1,9,6,3,6.06,0.67,0.5555555555555556,0.4444444444444444,0.1111111111111111,0.6666666666666666,0.3333333333333333,23,0.6571428571428571,11.02,0.31,35,8,0.4444444444444444,7.07,0.39,18,401858218,2026,2
2193,East Tennessee State Buccaneers,28,0.42424242424242425,18,0.5,10,0.3333333333333333,0,0.0,9,0.5625,19,0.3877551020408163,49,0.5714285714285714,0.42857142857142855,-3.56,-0.07,7,0.14285714285714285,28,6.07,0.22,15,0.5357142857142857,21,-9.64,-0.46,4,0.19047619047619047,16,0.625,0.375,-3.08,-0.19,7,0.4375,10,0.42,0.04,5,0.5,6,-3.5,-0.58,2,0.3333333333333333,9,3,6,17,8,9,-4.1,-0.24,0.5294117647058824,0.17647058823529413,0.35294117647058826,0.47058823529411764,0.5294117647058824,20,0.43478260869565216,-0.28,-0.01,46,8,0.4,-7.39,-0.37,20,401858218,2026,2
259,Virginia Tech Hokies,36,0.4186046511627907,19,0.3958333333333333,17,0.4473684210526316,8,0.36363636363636365,11,0.5238095238095238,22,0.3548387096774194,62,0.5161290322580645,0.4838709677419355,-8.38,-0.14,10,0.16129032258064516,32,-5.42,-0.17,9,0.28125,30,-2.96,-0.1,13,0.43333333333333335,10,0.8,0.2,-2.9,-0.29,3,0.3,8,-0.81,-0.1,3,0.375,2,-2.09,-1.04,0,0.0,14,10,4,24,16,8,16.98,0.71,0.5833333333333334,0.4166666666666667,0.16666666666666666,0.6666666666666666,0.3333333333333333,20,0.37037037037037035,-3.62,-0.07,54,16,0.5,12.22,0.38,32,401858221,2026,2
295,Old Dominion Monarchs,19,0.3877551020408163,10,0.38461538461538464,9,0.391304347826087,1,0.14285714285714285,6,0.5,12,0.3333333333333333,36,0.5555555555555556,0.4444444444444444,-11.98,-0.33,5,0.1388888888888889,20,-1.31,-0.07,8,0.4,16,-10.67,-0.67,4,0.25,12,0.5833333333333334,0.4166666666666667,0.22,0.02,5,0.4166666666666667,7,-3.03,-0.43,1,0.14285714285714285,5,3.24,0.65,4,0.8,7,2,5,13,6,7,9.89,0.76,0.5384615384615384,0.15384615384615385,0.38461538461538464,0.46153846153846156,0.5384615384615384,10,0.35714285714285715,-3.87,-0.14,28,9,0.42857142857142855,1.78,0.08,21,401858221,2026,2
2509,Purdue Boilermakers,50,0.6097560975609756,30,0.6666666666666666,20,0.5405405405405406,14,0.5384615384615384,8,0.5333333333333333,41,0.6212121212121212,66,0.5606060606060606,0.4393939393939394,18.8,0.28,17,0.25757575757575757,37,16.72,0.45,27,0.7297297297297297,29,2.08,0.07,14,0.4827586206896552,14,0.7142857142857143,0.2857142857142857,2.85,0.2,9,0.6428571428571429,10,2.44,0.24,6,0.6,4,0.41,0.1,3,0.75,9,3,6,16,8,8,6.31,0.39,0.5625,0.1875,0.375,0.5,0.5,39,0.609375,15.86,0.25,64,11,0.6111111111111112,9.25,0.51,18,401858224,2026,2
154,Wake Forest Demon Deacons,38,0.5588235294117647,18,0.6206896551724138,20,0.5128205128205128,13,0.5416666666666666,6,0.5454545454545454,31,0.5535714285714286,56,0.375,0.625,19.43,0.35,17,0.30357142857142855,21,12.98,0.62,14,0.6666666666666666,35,6.45,0.18,17,0.4857142857142857,9,0.3333333333333333,0.6666666666666666,5.42,0.6,5,0.5555555555555556,3,2.34,0.78,2,0.6666666666666666,6,3.09,0.51,3,0.5,7,4,3,12,8,4,6.41,0.53,0.5833333333333334,0.3333333333333333,0.25,0.6666666666666666,0.3333333333333333,26,0.52,9.39,0.19,50,12,0.6666666666666666,16.45,0.91,18,401858224,2026,2
58,South Florida Bulls,29,0.5471698113207547,17,0.5666666666666667,12,0.5217391304347826,4,0.8,6,0.5454545454545454,22,0.5365853658536586,41,0.5121951219512195,0.4878048780487805,10.64,0.26,10,0.24390243902439024,21,3.89,0.19,12,0.5714285714285714,20,6.76,0.34,10,0.5,3,0.6666666666666666,0.3333333333333333,1.53,0.51,2,0.6666666666666666,2,1.15,0.57,1,0.5,1,0.38,0.38,1,1.0,7,5,2,12,9,3,8.25,0.69,0.5833333333333334,0.4166666666666667,0.16666666666666666,0.75,0.25,22,0.5945945945945946,12.85,0.35,37,7,0.4375,6.04,0.38,16,401862702,2026,2
349,Army Black Knights,30,0.4838709677419355,7,0.5833333333333334,23,0.46,5,0.5555555555555556,4,0.36363636363636365,24,0.4897959183673469,49,0.16326530612244897,0.8367346938775511,6.79,0.14,14,0.2857142857142857,8,7.93,0.99,6,0.75,41,-1.14,-0.03,18,0.43902439024390244,12,0.16666666666666666,0.8333333333333334,1.37,0.11,5,0.4166666666666667,2,3.49,1.74,2,1.0,10,-2.12,-0.21,3,0.3,6,1,5,13,4,9,3.47,0.27,0.46153846153846156,0.07692307692307693,0.38461538461538464,0.3076923076923077,0.6923076923076923,26,0.52,8.51,0.17,50,4,0.3333333333333333,1.75,0.15,12,401862702,2026,2
2026,App State Mountaineers,28,0.39436619718309857,15,0.5,13,0.3170731707317073,4,0.5714285714285714,6,0.4,22,0.39285714285714285,56,0.35714285714285715,0.6428571428571429,-0.46,-0.01,11,0.19642857142857142,20,4.86,0.24,11,0.55,36,-5.33,-0.15,11,0.3055555555555556,12,0.5833333333333334,0.4166666666666667,5.6,0.47,8,0.6666666666666666,7,2.87,0.41,5,0.7142857142857143,5,2.74,0.55,3,0.6,6,4,2,15,10,5,2.66,0.18,0.4,0.26666666666666666,0.13333333333333333,0.6666666666666666,0.3333333333333333,15,0.36585365853658536,-4.04,-0.1,41,13,0.43333333333333335,6.23,0.21,30,401864571,2026,2
151,East Carolina Pirates,36,0.5,17,0.4358974358974359,19,0.5757575757575758,4,0.3333333333333333,4,0.36363636363636365,31,0.5344827586206896,58,0.5172413793103449,0.4827586206896552,12.27,0.21,16,0.27586206896551724,30,4.68,0.16,15,0.5,28,7.59,0.27,16,0.5714285714285714,11,0.36363636363636365,0.6363636363636364,0.01,0.0,4,0.36363636363636365,4,-3.12,-0.78,1,0.25,7,3.12,0.45,3,0.42857142857142855,5,2,3,14,9,5,-8.01,-0.57,0.35714285714285715,0.14285714285714285,0.21428571428571427,0.6428571428571429,0.35714285714285715,31,0.5740740740740741,7.68,0.14,54,5,0.2777777777777778,-3.43,-0.19,18,401864571,2026,2
2747,Wofford Terriers,17,0.32075471698113206,8,0.25,9,0.42857142857142855,2,0.4,0,0.0,17,0.4146341463414634,41,0.5121951219512195,0.4878048780487805,-14.17,-0.35,8,0.1951219512195122,21,-13.22,-0.63,8,0.38095238095238093,20,-0.96,-0.05,9,0.45,15,0.6,0.4,-15.4,-1.03,5,0.3333333333333333,9,-13.93,-1.55,3,0.3333333333333333,6,-1.46,-0.24,2,0.3333333333333333,0,0,0,12,11,1,-15.38,-1.28,0.0,0.0,0.0,0.9166666666666666,0.08333333333333333,15,0.45454545454545453,-4.92,-0.15,33,2,0.1,-24.63,-1.23,20,401866416,2026,2
2309,Kent State Golden Flashes,31,0.43661971830985913,12,0.42857142857142855,19,0.4418604651162791,7,0.7777777777777778,11,0.5789473684210527,20,0.4,50,0.3,0.7,0.01,0.0,7,0.14,15,0.22,0.01,6,0.4,35,-0.2,-0.01,14,0.4,7,0.42857142857142855,0.5714285714285714,-7.43,-1.06,0,0.0,3,-5.14,-1.71,0,0.0,4,-2.29,-0.57,0,0.0,11,6,5,21,13,8,14.25,0.68,0.5238095238095238,0.2857142857142857,0.23809523809523808,0.6190476190476191,0.38095238095238093,22,0.44,3.44,0.07,50,9,0.42857142857142855,10.83,0.52,21,401866416,2026,2
256,James Madison Dukes,41,0.6612903225806451,16,0.5714285714285714,25,0.7352941176470589,13,0.65,5,0.625,36,0.6792452830188679,53,0.4716981132075472,0.5283018867924528,29.23,0.55,16,0.3018867924528302,25,11.11,0.44,15,0.6,28,18.13,0.65,21,0.75,3,0.0,1.0,0.66,0.22,2,0.6666666666666666,,,,,,3,0.66,0.22,2,0.6666666666666666,5,1,4,9,3,6,-0.9,-0.1,0.5555555555555556,0.1111111111111111,0.4444444444444444,0.3333333333333333,0.6666666666666666,35,0.660377358490566,20.5,0.39,53,6,0.6666666666666666,7.83,0.87,9,401867929,2026,2
2681,Wagner Seahawks,15,0.23076923076923078,8,0.2962962962962963,7,0.18421052631578946,,,7,0.3888888888888889,8,0.17391304347826086,46,0.3695652173913043,0.6304347826086957,-17.82,-0.39,2,0.043478260869565216,17,-5.87,-0.35,5,0.29411764705882354,29,-11.95,-0.41,3,0.10344827586206896,14,0.5714285714285714,0.42857142857142855,-2.49,-0.18,4,0.2857142857142857,8,-2.78,-0.35,2,0.25,6,0.29,0.05,2,0.3333333333333333,7,3,4,19,10,9,-0.99,-0.05,0.3684210526315789,0.15789473684210525,0.21052631578947367,0.5263157894736842,0.47368421052631576,6,0.18181818181818182,-16.12,-0.49,33,9,0.28125,-2.7,-0.08,32,401867929,2026,2
2335,Liberty Flames,29,0.4461538461538462,7,0.28,22,0.55,3,0.75,3,0.2727272727272727,26,0.5,52,0.2692307692307692,0.7307692307692307,-4.94,-0.09,14,0.2692307692307692,14,1.92,0.14,5,0.35714285714285715,38,-6.86,-0.18,21,0.5526315789473685,20,0.55,0.45,-4.73,-0.24,9,0.45,11,-3.94,-0.36,4,0.36363636363636365,9,-0.78,-0.09,5,0.5555555555555556,3,2,1,13,11,2,-7.46,-0.57,0.23076923076923078,0.15384615384615385,0.07692307692307693,0.8461538461538461,0.15384615384615385,20,0.46511627906976744,-9.29,-0.22,43,9,0.4090909090909091,-3.11,-0.14,22,401868187,2026,2
2241,Gardner-Webb Runnin' Bulldogs,24,0.3380281690140845,13,0.325,11,0.3548387096774194,0,0.0,5,0.35714285714285715,19,0.3392857142857143,56,0.5357142857142857,0.4642857142857143,-21.99,-0.39,12,0.21428571428571427,30,-15.93,-0.53,10,0.3333333333333333,26,-6.06,-0.23,9,0.34615384615384615,6,0.6666666666666666,0.3333333333333333,-2.82,-0.47,1,0.16666666666666666,4,-1.22,-0.31,1,0.25,2,-1.6,-0.8,0,0.0,5,3,2,15,10,5,5.81,0.39,0.3333333333333333,0.2,0.13333333333333333,0.6666666666666666,0.3333333333333333,18,0.4,-3.95,-0.09,45,6,0.23076923076923078,-12.22,-0.47,26,401868187,2026,2
277,West Virginia Mountaineers,33,0.5238095238095238,7,0.5833333333333334,26,0.52,6,0.6666666666666666,8,0.6666666666666666,25,0.49019607843137253,51,0.1568627450980392,0.8431372549019608,10.65,0.21,10,0.19607843137254902,8,7.8,0.97,5,0.625,43,2.86,0.07,20,0.46511627906976744,9,0.2222222222222222,0.7777777777777778,2.01,0.22,6,0.6666666666666666,2,0.83,0.42,1,0.5,7,1.18,0.17,5,0.7142857142857143,8,2,6,12,4,7,4.19,0.35,0.6666666666666666,0.16666666666666666,0.5,0.3333333333333333,0.5833333333333334,29,0.5686274509803921,14.48,0.28,51,4,0.3333333333333333,0.37,0.03,12,401856791,2026,2
2630,UT Martin Skyhawks,30,0.42857142857142855,19,0.5428571428571428,11,0.3142857142857143,1,0.2,7,0.4375,22,0.43137254901960786,51,0.5294117647058824,0.47058823529411764,-10.7,-0.21,10,0.19607843137254902,27,-2.49,-0.09,15,0.5555555555555556,24,-8.21,-0.34,7,0.2916666666666667,14,0.7857142857142857,0.21428571428571427,-0.23,-0.02,8,0.5714285714285714,11,-0.78,-0.07,7,0.6363636363636364,3,0.55,0.18,1,0.3333333333333333,8,4,4,19,8,11,-0.52,-0.03,0.42105263157894735,0.21052631578947367,0.21052631578947367,0.42105263157894735,0.5789473684210527,25,0.5555555555555556,-3.05,-0.07,45,5,0.2,-8.17,-0.33,25,401856791,2026,2
2117,Central Michigan Chippewas,24,0.3870967741935484,6,0.25,18,0.47368421052631576,3,0.6,6,0.375,15,0.3488372093023256,43,0.37209302325581395,0.627906976744186,-12.76,-0.3,4,0.09302325581395349,16,-9.4,-0.59,5,0.3125,27,-3.37,-0.12,10,0.37037037037037035,13,0.38461538461538464,0.6153846153846154,-3.09,-0.24,5,0.38461538461538464,5,-5.49,-1.1,1,0.2,8,2.4,0.3,4,0.5,9,1,8,19,8,11,7.22,0.38,0.47368421052631576,0.05263157894736842,0.42105263157894735,0.42105263157894735,0.5789473684210527,18,0.45,1.72,0.04,40,6,0.2727272727272727,-7.27,-0.33,22,401866415,2026,2
2142,Colgate Raiders,21,0.3387096774193548,10,0.3125,11,0.36666666666666664,3,0.75,5,0.3333333333333333,15,0.32608695652173914,46,0.45652173913043476,0.5434782608695652,-9.72,-0.21,8,0.17391304347826086,21,-5.77,-0.27,6,0.2857142857142857,25,-3.96,-0.16,9,0.36,6,0.5,0.5,-3.12,-0.52,0,0.0,3,-1.28,-0.43,0,0.0,3,-1.84,-0.61,0,0.0,6,4,2,16,11,5,-4.21,-0.26,0.375,0.25,0.125,0.6875,0.3125,14,0.4,-5.05,-0.14,35,7,0.25925925925925924,-8.88,-0.33,27,401866415,2026,2
193,Miami (OH) RedHawks,32,0.6037735849056604,13,0.8666666666666667,19,0.5,5,0.5555555555555556,5,0.7142857142857143,27,0.5869565217391305,46,0.2826086956521739,0.717391304347826,13.59,0.3,17,0.3695652173913043,13,10.74,0.83,11,0.8461538461538461,33,2.85,0.09,16,0.48484848484848486,11,0.18181818181818182,0.8181818181818182,6.39,0.58,5,0.45454545454545453,2,4.58,2.29,1,0.5,9,1.82,0.2,4,0.4444444444444444,5,2,3,7,2,5,6.67,0.95,0.7142857142857143,0.2857142857142857,0.42857142857142855,0.2857142857142857,0.7142857142857143,28,0.6511627906976745,17.1,0.4,43,4,0.4,3.16,0.32,10,401866417,2026,2
107,Holy Cross Crusaders,16,0.36363636363636365,10,0.38461538461538464,6,0.3333333333333333,1,1.0,3,0.3,13,0.3939393939393939,33,0.5454545454545454,0.45454545454545453,1.08,0.03,5,0.15151515151515152,18,2.74,0.15,8,0.4444444444444444,15,-1.66,-0.11,5,0.3333333333333333,3,0.6666666666666666,0.3333333333333333,-0.15,-0.05,1,0.3333333333333333,2,-0.08,-0.04,1,0.5,1,-0.08,-0.08,0,0.0,3,2,1,11,8,3,-3.39,-0.31,0.2727272727272727,0.18181818181818182,0.09090909090909091,0.7272727272727273,0.2727272727272727,12,0.46153846153846156,0.81,0.03,26,4,0.2222222222222222,-3.12,-0.17,18,401866417,2026,2
2050,Ball State Cardinals,31,0.4696969696969697,18,0.5,13,0.43333333333333335,2,0.2,4,0.4,25,0.46296296296296297,54,0.5,0.5,10.89,0.2,13,0.24074074074074073,27,3.42,0.13,14,0.5185185185185185,27,7.47,0.28,11,0.4074074074074074,14,0.6428571428571429,0.35714285714285715,-1.21,-0.09,6,0.42857142857142855,9,-0.63,-0.07,4,0.4444444444444444,5,-0.58,-0.12,2,0.4,6,4,2,12,9,3,6.41,0.53,0.5,0.3333333333333333,0.16666666666666666,0.75,0.25,21,0.44680851063829785,2.69,0.06,47,10,0.5263157894736842,14.61,0.77,19,401866413,2026,2
2619,Stony Brook Seawolves,25,0.390625,16,0.42105263157894735,9,0.34615384615384615,3,0.75,5,0.3333333333333333,19,0.40425531914893614,47,0.574468085106383,0.425531914893617,0.51,0.01,8,0.1702127659574468,27,-2.05,-0.08,13,0.48148148148148145,20,2.56,0.13,6,0.3,7,0.42857142857142855,0.5714285714285714,-3.33,-0.48,2,0.2857142857142857,3,-1.75,-0.58,1,0.3333333333333333,4,-1.58,-0.39,1,0.25,6,3,3,17,11,6,-6.02,-0.35,0.35294117647058826,0.17647058823529413,0.17647058823529413,0.6470588235294118,0.35294117647058826,18,0.4090909090909091,1.48,0.03,44,7,0.35,-6.98,-0.35,20,401866413,2026,2
344,Mississippi State Bulldogs,38,0.5588235294117647,11,0.4782608695652174,27,0.6,4,0.36363636363636365,6,0.6,31,0.543859649122807,57,0.3684210526315789,0.631578947368421,7.37,0.13,13,0.22807017543859648,21,3.64,0.17,11,0.5238095238095238,36,3.73,0.1,20,0.5555555555555556,2,0.5,0.5,-9.03,-4.52,0,0.0,1,-8.33,-8.33,0,0.0,1,-0.7,-0.7,0,0.0,7,0,7,11,2,9,2.81,0.26,0.6363636363636364,0.0,0.6363636363636364,0.18181818181818182,0.8181818181818182,32,0.5714285714285714,12.35,0.22,56,6,0.5,-2.17,-0.18,12,401856677,2026,2
135,Minnesota Golden Gophers,28,0.4444444444444444,24,0.48,4,0.3076923076923077,3,0.3333333333333333,5,0.38461538461538464,21,0.44680851063829785,47,0.8085106382978723,0.19148936170212766,1.17,0.02,9,0.19148936170212766,38,4.62,0.12,19,0.5,9,-3.46,-0.38,2,0.2222222222222222,18,0.9444444444444444,0.05555555555555555,3.79,0.21,10,0.5555555555555556,17,4.97,0.29,10,0.5882352941176471,1,-1.18,-1.18,0,0.0,7,5,2,16,12,4,0.47,0.03,0.4375,0.3125,0.125,0.75,0.25,22,0.5,7.29,0.17,44,6,0.3157894736842105,-5.65,-0.3,19,401856677,2026,2
38,Colorado Buffaloes,33,0.4647887323943662,18,0.4864864864864865,15,0.4411764705882353,3,0.375,6,0.46153846153846156,25,0.44642857142857145,56,0.5178571428571429,0.48214285714285715,4.35,0.08,12,0.21428571428571427,29,7.0,0.24,14,0.4827586206896552,27,-2.64,-0.1,11,0.4074074074074074,20,0.55,0.45,3.38,0.17,10,0.5,11,2.75,0.25,5,0.45454545454545453,9,0.63,0.07,5,0.5555555555555556,8,4,4,15,8,7,15.02,1.0,0.5333333333333333,0.26666666666666666,0.26666666666666666,0.5333333333333333,0.4666666666666667,24,0.4897959183673469,12.33,0.25,49,9,0.4090909090909091,7.04,0.32,22,401856785,2026,2
2692,Weber State Wildcats,28,0.35,17,0.3090909090909091,11,0.44,3,0.42857142857142855,8,0.5,20,0.3225806451612903,62,0.6451612903225806,0.3548387096774194,-12.06,-0.19,14,0.22580645161290322,40,-14.81,-0.37,10,0.25,22,2.75,0.12,10,0.45454545454545453,10,1.0,0.0,-6.8,-0.68,1,0.1,10,-6.8,-0.68,1,0.1,,,,,,8,7,1,18,15,3,9.15,0.51,0.4444444444444444,0.3888888888888889,0.05555555555555555,0.8333333333333334,0.16666666666666666,15,0.3125,-10.94,-0.23,48,13,0.40625,8.03,0.25,32,401856785,2026,2
2116,UCF Knights,17,0.3148148148148148,12,0.36363636363636365,5,0.2631578947368421,2,0.4,4,0.3076923076923077,13,0.35135135135135137,37,0.5405405405405406,0.43243243243243246,-13.37,-0.36,5,0.13513513513513514,20,-2.16,-0.11,9,0.45,16,-9.88,-0.62,4,0.25,10,0.7,0.3,-5.3,-0.53,4,0.4,7,-5.45,-0.78,3,0.42857142857142855,3,0.15,0.05,1,0.3333333333333333,4,3,1,16,13,3,-2.54,-0.16,0.25,0.1875,0.0625,0.8125,0.1875,11,0.36666666666666664,-12.55,-0.42,30,6,0.2608695652173913,-3.37,-0.15,23,401856790,2026,2
221,Pittsburgh Panthers,24,0.35294117647058826,12,0.4,12,0.3157894736842105,2,0.4,5,0.29411764705882354,17,0.3541666666666667,48,0.3958333333333333,0.6041666666666666,-1.8,-0.04,6,0.125,19,4.16,0.22,8,0.42105263157894735,29,-5.97,-0.21,9,0.3103448275862069,10,0.3,0.7,2.6,0.26,5,0.5,3,1.18,0.39,2,0.6666666666666666,7,1.42,0.2,3,0.42857142857142855,7,4,3,20,11,9,-5.28,-0.26,0.35,0.2,0.15,0.55,0.45,15,0.3488372093023256,-11.87,-0.28,43,9,0.36,4.78,0.19,25,401856790,2026,2
183,Syracuse Orange,31,0.36046511627906974,20,0.37037037037037035,11,0.34375,0,0.0,8,0.4444444444444444,22,0.3283582089552239,67,0.6119402985074627,0.3880597014925373,-5.09,-0.08,13,0.19402985074626866,41,-3.01,-0.07,14,0.34146341463414637,26,-2.08,-0.08,8,0.3076923076923077,11,0.6363636363636364,0.36363636363636365,-0.33,-0.03,5,0.45454545454545453,7,-0.08,-0.01,3,0.42857142857142855,4,-0.25,-0.06,2,0.5,9,6,3,19,13,6,-6.93,-0.36,0.47368421052631576,0.3157894736842105,0.15789473684210525,0.6842105263157895,0.3157894736842105,17,0.3541666666666667,-4.03,-0.08,48,14,0.3684210526315789,-7.99,-0.21,38,401858216,2026,2
25,California Golden Bears,22,0.3793103448275862,13,0.37142857142857144,9,0.391304347826087,4,0.6666666666666666,3,0.23076923076923078,19,0.4318181818181818,44,0.5681818181818182,0.4318181818181818,1.0,0.02,9,0.20454545454545456,25,4.64,0.19,12,0.48,19,-3.65,-0.19,7,0.3684210526315789,16,0.625,0.375,-3.79,-0.24,6,0.375,10,-4.73,-0.47,3,0.3,6,0.94,0.16,3,0.5,3,1,2,14,10,4,-9.64,-0.69,0.21428571428571427,0.07142857142857142,0.14285714285714285,0.7142857142857143,0.2857142857142857,17,0.4857142857142857,0.25,0.01,35,5,0.21739130434782608,-8.89,-0.39,23,401858216,2026,2
356,Illinois Fighting Illini,36,0.5294117647058824,22,0.6111111111111112,14,0.4375,3,0.6,5,0.4166666666666667,30,0.5660377358490566,53,0.4716981132075472,0.5283018867924528,11.69,0.22,14,0.2641509433962264,25,11.38,0.46,17,0.68,28,0.31,0.01,13,0.4642857142857143,9,0.7777777777777778,0.2222222222222222,4.12,0.46,6,0.6666666666666666,7,3.87,0.55,4,0.5714285714285714,2,0.25,0.13,2,1.0,6,5,1,15,11,4,-2.77,-0.18,0.4,0.3333333333333333,0.06666666666666667,0.7333333333333333,0.26666666666666666,29,0.5576923076923077,9.67,0.19,52,7,0.4375,-0.74,-0.05,16,401858217,2026,2
150,Duke Blue Devils,30,0.5555555555555556,13,0.5909090909090909,17,0.53125,6,0.5,3,0.3333333333333333,25,0.5813953488372093,43,0.4418604651162791,0.5581395348837209,20.84,0.48,12,0.27906976744186046,19,13.36,0.7,12,0.631578947368421,24,7.48,0.31,13,0.5416666666666666,16,0.5,0.5,8.91,0.56,9,0.5625,8,7.78,0.97,5,0.625,8,1.13,0.14,4,0.5,5,1,4,11,3,8,0.12,0.01,0.45454545454545453,0.09090909090909091,0.36363636363636365,0.2727272727272727,0.7272727272727273,22,0.5365853658536586,16.44,0.4,41,8,0.6153846153846154,4.53,0.35,13,401858217,2026,2
127,Michigan State Spartans,35,0.49295774647887325,13,0.4642857142857143,22,0.5116279069767442,9,0.6,9,0.6428571428571429,24,0.4528301886792453,53,0.3584905660377358,0.6415094339622641,2.15,0.04,9,0.16981132075471697,19,-0.59,-0.03,7,0.3684210526315789,34,2.75,0.08,17,0.5,24,0.5833333333333334,0.4166666666666667,1.82,0.08,11,0.4583333333333333,14,-0.34,-0.02,6,0.42857142857142855,10,2.16,0.22,5,0.5,11,6,5,18,9,9,9.94,0.55,0.6111111111111112,0.3333333333333333,0.2777777777777778,0.5,0.5,28,0.509090909090909,8.76,0.16,55,7,0.4375,3.33,0.21,16,401858440,2026,2
2199,Eastern Michigan Eagles,21,0.40384615384615385,10,0.3333333333333333,11,0.5,3,0.75,8,0.6153846153846154,13,0.3333333333333333,39,0.6153846153846154,0.38461538461538464,-8.36,-0.21,6,0.15384615384615385,24,-10.39,-0.43,7,0.2916666666666667,15,2.02,0.13,6,0.4,3,0.3333333333333333,0.6666666666666666,1.33,0.44,1,0.3333333333333333,1,-0.41,-0.41,0,0.0,2,1.74,0.87,1,0.5,8,3,5,13,6,7,3.71,0.29,0.6153846153846154,0.23076923076923078,0.38461538461538464,0.46153846153846156,0.5384615384615384,15,0.42857142857142855,1.28,0.04,35,6,0.35294117647058826,-5.94,-0.35,17,401858440,2026,2
41,UConn Huskies,14,0.2692307692307692,8,0.3076923076923077,6,0.23076923076923078,,,3,0.2727272727272727,11,0.28205128205128205,39,0.4358974358974359,0.5641025641025641,-3.12,-0.08,6,0.15384615384615385,17,1.08,0.06,6,0.35294117647058826,22,-4.2,-0.19,5,0.22727272727272727,3,0.6666666666666666,0.3333333333333333,-3.09,-1.03,0,0.0,2,-2.6,-1.3,0,0.0,1,-0.49,-0.49,0,0.0,3,2,1,13,9,4,-7.54,-0.58,0.23076923076923078,0.15384615384615385,0.07692307692307693,0.6923076923076923,0.3076923076923077,8,0.26666666666666666,-6.62,-0.22,30,6,0.2727272727272727,-4.04,-0.18,22,401858444,2026,2
120,Maryland Terrapins,39,0.5,22,0.5116279069767442,17,0.4857142857142857,10,0.5882352941176471,8,0.5333333333333333,30,0.4918032786885246,61,0.5573770491803278,0.4426229508196721,4.44,0.07,13,0.21311475409836064,34,5.72,0.17,17,0.5,27,-1.28,-0.05,13,0.48148148148148145,20,0.6,0.4,6.0,0.3,11,0.55,12,5.6,0.47,7,0.5833333333333334,8,0.4,0.05,4,0.5,9,5,4,17,9,8,7.58,0.45,0.5294117647058824,0.29411764705882354,0.23529411764705882,0.5294117647058824,0.47058823529411764,28,0.49122807017543857,-1.6,-0.03,57,11,0.5238095238095238,13.62,0.65,21,401858444,2026,2
326,Texas State Bobcats,38,0.48717948717948717,14,0.4827586206896552,24,0.4897959183673469,8,0.42105263157894735,9,0.5625,29,0.47540983606557374,61,0.36065573770491804,0.639344262295082,9.78,0.16,13,0.21311475409836064,22,3.21,0.15,11,0.5,39,6.57,0.17,18,0.46153846153846156,13,0.5384615384615384,0.46153846153846156,2.79,0.21,7,0.5384615384615384,7,1.75,0.25,4,0.5714285714285714,6,1.04,0.17,3,0.5,9,3,6,17,7,10,-0.69,-0.04,0.5294117647058824,0.17647058823529413,0.35294117647058826,0.4117647058823529,0.5882352941176471,29,0.47540983606557374,3.96,0.06,61,9,0.5294117647058824,5.13,0.3,17,401860884,2026,2
2636,UTSA Roadrunners,37,0.5,20,0.46511627906976744,17,0.5483870967741935,8,0.6153846153846154,3,0.2,29,0.5471698113207547,53,0.6037735849056604,0.39622641509433965,11.42,0.22,11,0.20754716981132076,32,5.23,0.16,16,0.5,21,6.19,0.29,13,0.6190476190476191,11,0.7272727272727273,0.2727272727272727,4.38,0.4,4,0.36363636363636365,8,5.61,0.7,3,0.375,3,-1.23,-0.41,1,0.3333333333333333,8,4,4,21,11,10,-0.22,-0.01,0.38095238095238093,0.19047619047619047,0.19047619047619047,0.5238095238095238,0.47619047619047616,28,0.5833333333333334,8.41,0.18,48,9,0.34615384615384615,2.78,0.11,26,401860884,2026,2
5,UAB Blazers,35,0.5223880597014925,7,0.3684210526315789,28,0.5833333333333334,1,0.3333333333333333,10,0.6666666666666666,25,0.49019607843137253,51,0.23529411764705882,0.7647058823529411,6.05,0.12,12,0.23529411764705882,12,0.14,0.01,5,0.4166666666666667,39,5.91,0.15,20,0.5128205128205128,1,1.0,0.0,-3.91,-3.91,0,0.0,1,-3.91,-3.91,0,0.0,,,,,,10,2,8,16,7,9,6.36,0.4,0.625,0.125,0.5,0.4375,0.5625,28,0.5490196078431373,6.48,0.13,51,7,0.4375,5.93,0.37,16,401862708,2026,2
2433,UL Monroe Warhawks,29,0.4603174603174603,8,0.36363636363636365,21,0.5121951219512195,4,0.36363636363636365,3,0.25,25,0.5208333333333334,48,0.3333333333333333,0.6666666666666666,-4.06,-0.08,13,0.2708333333333333,16,-6.25,-0.39,6,0.375,32,2.19,0.07,19,0.59375,17,0.29411764705882354,0.7058823529411765,-3.82,-0.22,8,0.47058823529411764,5,0.31,0.06,3,0.6,12,-4.13,-0.34,5,0.4166666666666667,4,2,2,15,6,9,-5.06,-0.34,0.26666666666666666,0.13333333333333333,0.13333333333333333,0.4,0.6,24,0.5454545454545454,-0.64,-0.01,44,5,0.2631578947368421,-8.48,-0.45,19,401862708,2026,2
2523,Robert Morris Colonials,15,0.30612244897959184,12,0.3870967741935484,3,0.16666666666666666,0,0.0,5,0.4166666666666667,10,0.2702702702702703,37,0.5675675675675675,0.43243243243243246,-9.35,-0.25,5,0.13513513513513514,21,2.39,0.11,8,0.38095238095238093,16,-11.73,-0.73,2,0.125,9,0.7777777777777778,0.2222222222222222,-4.87,-0.54,3,0.3333333333333333,7,0.85,0.12,3,0.42857142857142855,2,-5.72,-2.86,0,0.0,5,4,1,12,10,2,0.85,0.07,0.4166666666666667,0.3333333333333333,0.08333333333333333,0.8333333333333334,0.16666666666666666,7,0.2413793103448276,-12.67,-0.44,29,8,0.4,4.17,0.21,20,401866412,2026,2
2006,Akron Zips,40,0.5714285714285714,19,0.5277777777777778,21,0.6176470588235294,6,0.5454545454545454,6,0.5454545454545454,33,0.5789473684210527,57,0.49122807017543857,0.5087719298245614,11.27,0.2,19,0.3333333333333333,28,6.89,0.25,15,0.5357142857142857,29,4.38,0.15,18,0.6206896551724138,18,0.6666666666666666,0.3333333333333333,-4.96,-0.28,6,0.3333333333333333,12,-5.71,-0.48,3,0.25,6,0.75,0.12,3,0.5,7,4,3,13,8,5,5.2,0.4,0.5384615384615384,0.3076923076923077,0.23076923076923078,0.6153846153846154,0.38461538461538464,29,0.5686274509803921,5.96,0.12,51,11,0.5789473684210527,10.51,0.55,19,401866412,2026,2
2649,Toledo Rockets,36,0.48,16,0.5,20,0.46511627906976744,6,0.46153846153846156,9,0.6428571428571429,26,0.4406779661016949,59,0.4067796610169492,0.5932203389830508,0.46,0.01,16,0.2711864406779661,24,0.28,0.01,11,0.4583333333333333,35,0.18,0.01,15,0.42857142857142855,11,0.6363636363636364,0.36363636363636365,-1.18,-0.11,4,0.36363636363636365,7,-0.1,-0.01,3,0.42857142857142855,4,-1.08,-0.27,1,0.25,10,5,5,16,8,8,15.61,0.98,0.625,0.3125,0.3125,0.5,0.5,29,0.5686274509803921,20.91,0.41,51,7,0.2916666666666667,-4.84,-0.2,24,401866419,2026,2
2115,Central Connecticut Blue Devils,15,0.2542372881355932,8,0.23529411764705882,7,0.2916666666666667,0,0.0,4,0.25,11,0.2619047619047619,42,0.4523809523809524,0.5476190476190477,-12.2,-0.29,3,0.07142857142857142,19,-12.82,-0.67,4,0.21052631578947367,23,0.62,0.03,7,0.30434782608695654,8,0.375,0.625,-1.05,-0.13,1,0.125,3,-2.06,-0.69,0,0.0,5,1.01,0.2,1,0.2,4,4,0,16,15,1,-6.75,-0.42,0.25,0.25,0.0,0.9375,0.0625,9,0.28125,-8.92,-0.28,32,6,0.23076923076923078,-10.03,-0.39,26,401866419,2026,2
113,Massachusetts Minutemen,19,0.475,6,0.42857142857142855,13,0.5,3,0.5,3,0.3333333333333333,15,0.5,30,0.36666666666666664,0.6333333333333333,11.32,0.38,7,0.23333333333333334,11,7.05,0.64,6,0.5454545454545454,19,4.27,0.22,9,0.47368421052631576,8,0.125,0.875,8.24,1.03,6,0.75,1,3.35,3.35,1,1.0,7,4.89,0.7,5,0.7142857142857143,4,0,4,10,3,7,-1.37,-0.14,0.4,0.0,0.4,0.3,0.7,17,0.5666666666666667,14.2,0.47,30,2,0.2,-4.26,-0.43,10,401866420,2026,2
2529,Sacred Heart Pioneers,31,0.4696969696969697,15,0.6,16,0.3902439024390244,4,0.6666666666666666,4,0.3333333333333333,26,0.5,52,0.2692307692307692,0.7307692307692307,2.89,0.06,11,0.21153846153846154,14,4.89,0.35,10,0.7142857142857143,38,-2.0,-0.05,16,0.42105263157894735,12,0.5,0.5,-4.36,-0.36,5,0.4166666666666667,6,-1.19,-0.2,4,0.6666666666666666,6,-3.17,-0.53,1,0.16666666666666666,5,5,0,14,11,3,-0.82,-0.06,0.35714285714285715,0.35714285714285715,0.0,0.7857142857142857,0.21428571428571427,18,0.45,-8.33,-0.21,40,13,0.5,10.39,0.4,26,401866420,2026,2
249,North Texas Mean Green,29,0.4393939393939394,13,0.43333333333333335,16,0.4444444444444444,9,0.45,7,0.5384615384615384,22,0.41509433962264153,53,0.4339622641509434,0.5660377358490566,8.99,0.17,13,0.24528301886792453,23,9.62,0.42,10,0.43478260869565216,30,-0.63,-0.02,12,0.4,10,0.3,0.7,9.79,0.98,8,0.8,3,2.81,0.94,2,0.6666666666666666,7,6.98,1.0,6,0.8571428571428571,7,3,4,13,7,6,4.25,0.33,0.5384615384615384,0.23076923076923078,0.3076923076923077,0.5384615384615384,0.46153846153846156,20,0.46511627906976744,11.16,0.26,43,9,0.391304347826087,2.07,0.09,23,401862705,2026,2
2439,UNLV Rebels,29,0.4027777777777778,17,0.4594594594594595,12,0.34285714285714286,5,0.38461538461538464,9,0.5294117647058824,19,0.36538461538461536,52,0.46153846153846156,0.5384615384615384,-13.39,-0.26,9,0.17307692307692307,24,-4.83,-0.2,10,0.4166666666666667,28,-8.56,-0.31,9,0.32142857142857145,18,0.5,0.5,3.61,0.2,11,0.6111111111111112,9,6.77,0.75,7,0.7777777777777778,9,-3.17,-0.35,4,0.4444444444444444,10,7,3,20,13,7,-5.45,-0.27,0.5,0.35,0.15,0.65,0.35,21,0.4117647058823529,-9.57,-0.19,51,8,0.38095238095238093,-9.26,-0.44,21,401862705,2026,2
2458,Northern Colorado Bears,22,0.36065573770491804,9,0.32142857142857145,13,0.3939393939393939,0,0.0,4,0.3333333333333333,18,0.3829787234042553,47,0.3617021276595745,0.6382978723404256,-6.46,-0.14,10,0.2127659574468085,17,-4.59,-0.27,5,0.29411764705882354,30,-1.87,-0.06,13,0.43333333333333335,17,0.35294117647058826,0.6470588235294118,8.29,0.49,9,0.5294117647058824,6,8.51,1.42,4,0.6666666666666666,11,-0.23,-0.02,5,0.45454545454545453,4,4,0,14,11,3,-7.06,-0.5,0.2857142857142857,0.2857142857142857,0.0,0.7857142857142857,0.21428571428571427,17,0.4594594594594595,-1.58,-0.04,37,5,0.20833333333333334,-11.94,-0.5,24,401864506,2026,2
2751,Wyoming Cowboys,26,0.45614035087719296,12,0.4444444444444444,14,0.4666666666666667,6,0.6,6,0.5,20,0.4444444444444444,45,0.4444444444444444,0.5555555555555556,0.82,0.02,10,0.2222222222222222,20,4.14,0.21,10,0.5,25,-3.33,-0.13,10,0.4,4,0.5,0.5,-0.42,-0.1,1,0.25,2,0.74,0.37,1,0.5,2,-1.16,-0.58,0,0.0,6,2,4,12,7,5,4.91,0.41,0.5,0.16666666666666666,0.3333333333333333,0.5833333333333334,0.4166666666666667,18,0.4864864864864865,5.57,0.15,37,8,0.4,0.16,0.01,20,401864506,2026,2
167,New Mexico Lobos,34,0.4788732394366197,4,0.2,30,0.6,14,0.7777777777777778,6,0.46153846153846156,28,0.5,56,0.26785714285714285,0.7321428571428571,13.0,0.23,10,0.17857142857142858,15,-1.23,-0.08,3,0.2,41,14.23,0.35,25,0.6097560975609756,11,0.5454545454545454,0.45454545454545453,-0.88,-0.08,4,0.36363636363636365,6,-2.85,-0.47,1,0.16666666666666666,5,1.97,0.39,3,0.6,6,1,5,15,5,9,-9.24,-0.62,0.4,0.06666666666666667,0.3333333333333333,0.3333333333333333,0.6,28,0.5283018867924528,9.29,0.18,53,6,0.3333333333333333,-5.53,-0.31,18,401865252,2026,2
2385,Mercyhurst Lakers,15,0.2727272727272727,7,0.21875,8,0.34782608695652173,,,3,0.23076923076923078,12,0.2857142857142857,42,0.5476190476190477,0.4523809523809524,-18.82,-0.45,6,0.14285714285714285,23,-14.63,-0.64,5,0.21739130434782608,19,-4.19,-0.22,7,0.3684210526315789,9,0.4444444444444444,0.5555555555555556,-2.65,-0.29,2,0.2222222222222222,4,-1.05,-0.26,1,0.25,5,-1.6,-0.32,1,0.2,3,2,1,13,9,4,-6.27,-0.48,0.23076923076923078,0.15384615384615385,0.07692307692307693,0.6923076923076923,0.3076923076923077,8,0.27586206896551724,-10.05,-0.35,29,7,0.2692307692307692,-15.03,-0.58,26,401865252,2026,2
2653,Troy Trojans,27,0.40298507462686567,12,0.4,15,0.40540540540540543,4,0.4444444444444444,3,0.21428571428571427,21,0.4375,48,0.3958333333333333,0.6041666666666666,13.93,0.29,10,0.20833333333333334,19,6.22,0.33,9,0.47368421052631576,29,7.71,0.27,12,0.41379310344827586,10,0.3,0.7,4.02,0.4,7,0.7,3,3.11,1.04,2,0.6666666666666666,7,0.91,0.13,5,0.7142857142857143,6,3,3,19,11,8,-6.58,-0.35,0.3157894736842105,0.15789473684210525,0.15789473684210525,0.5789473684210527,0.42105263157894735,22,0.43137254901960786,13.74,0.27,51,5,0.3125,-6.39,-0.4,16,401868326,2026,2
2011,Alabama State Hornets,17,0.288135593220339,7,0.25,10,0.3225806451612903,1,0.125,5,0.3333333333333333,12,0.2857142857142857,42,0.40476190476190477,0.5952380952380952,-6.53,-0.16,6,0.14285714285714285,17,-4.72,-0.28,5,0.29411764705882354,25,-1.81,-0.07,7,0.28,12,0.4166666666666667,0.5833333333333334,0.39,0.03,5,0.4166666666666667,5,0.5,0.1,3,0.6,7,-0.11,-0.02,2,0.2857142857142857,5,2,3,17,11,6,-5.94,-0.35,0.29411764705882354,0.11764705882352941,0.17647058823529413,0.6470588235294118,0.35294117647058826,15,0.4411764705882353,7.82,0.23,34,2,0.08,-20.29,-0.81,25,401868326,2026,2
48,Delaware Blue Hens,21,0.3088235294117647,9,0.23684210526315788,12,0.4,1,0.1111111111111111,3,0.2,16,0.3137254901960784,51,0.5294117647058824,0.47058823529411764,-8.26,-0.16,10,0.19607843137254902,27,-7.0,-0.26,7,0.25925925925925924,24,-1.27,-0.05,9,0.375,10,0.4,0.6,2.91,0.29,4,0.4,4,1.74,0.44,2,0.5,6,1.17,0.19,2,0.3333333333333333,5,2,3,17,11,6,-0.47,-0.03,0.29411764705882354,0.11764705882352941,0.17647058823529413,0.6470588235294118,0.35294117647058826,13,0.3333333333333333,-8.9,-0.23,39,8,0.27586206896551724,0.17,0.01,29,401856684,2026,2
238,Vanderbilt Commodores,28,0.4307692307692308,14,0.42424242424242425,13,0.41935483870967744,7,0.6363636363636364,6,0.42857142857142855,19,0.41304347826086957,46,0.4782608695652174,0.5217391304347826,-1.36,-0.03,11,0.2391304347826087,22,2.7,0.12,11,0.5,24,-4.06,-0.17,8,0.3333333333333333,16,0.5625,0.4375,3.11,0.19,8,0.5,9,5.59,0.62,6,0.6666666666666666,7,-2.47,-0.35,2,0.2857142857142857,9,3,5,19,11,7,2.52,0.13,0.47368421052631576,0.15789473684210525,0.2631578947368421,0.5789473684210527,0.3684210526315789,23,0.5227272727272727,2.22,0.05,44,5,0.23809523809523808,-1.05,-0.05,21,401856684,2026,2
57,Florida Gators,31,0.5,20,0.625,11,0.36666666666666664,6,0.75,4,0.4444444444444444,26,0.5098039215686274,51,0.5294117647058824,0.47058823529411764,14.93,0.29,15,0.29411764705882354,27,14.18,0.53,18,0.6666666666666666,24,0.75,0.03,8,0.3333333333333333,10,0.4,0.6,3.88,0.39,5,0.5,4,3.75,0.94,2,0.5,6,0.13,0.02,3,0.5,5,2,3,11,5,6,-4.28,-0.39,0.45454545454545453,0.18181818181818182,0.2727272727272727,0.45454545454545453,0.5454545454545454,26,0.5777777777777777,15.76,0.35,45,5,0.29411764705882354,-5.11,-0.3,17,401856672,2026,2
2097,Campbell Fighting Camels,15,0.23809523809523808,10,0.25,5,0.21739130434782608,2,0.16666666666666666,5,0.2777777777777778,9,0.20454545454545456,44,0.5681818181818182,0.4318181818181818,-15.49,-0.35,4,0.09090909090909091,25,-8.83,-0.35,6,0.24,19,-6.66,-0.35,3,0.15789473684210525,9,0.5555555555555556,0.4444444444444444,-0.02,-0.0,2,0.2222222222222222,5,0.54,0.11,2,0.4,4,-0.56,-0.14,0,0.0,6,4,2,19,15,4,-4.08,-0.21,0.3157894736842105,0.21052631578947367,0.10526315789473684,0.7894736842105263,0.21052631578947367,10,0.2777777777777778,-12.08,-0.34,36,5,0.18518518518518517,-7.49,-0.28,27,401856672,2026,2
235,Memphis Tigers,19,0.36538461538461536,13,0.4642857142857143,6,0.25,1,0.08333333333333333,1,0.125,18,0.42857142857142855,42,0.4523809523809524,0.5476190476190477,16.1,0.38,11,0.2619047619047619,19,18.82,0.99,12,0.631578947368421,23,-2.73,-0.12,6,0.2608695652173913,12,0.5,0.5,-2.56,-0.21,5,0.4166666666666667,6,-0.54,-0.09,3,0.5,6,-2.02,-0.34,2,0.3333333333333333,1,1,0,10,9,1,-8.47,-0.85,0.1,0.1,0.0,0.9,0.1,13,0.38235294117647056,1.63,0.05,34,6,0.3333333333333333,6.0,0.33,18,401860881,2026,2
68,Boise State Broncos,40,0.5405405405405406,13,0.4642857142857143,27,0.5869565217391305,4,0.4444444444444444,5,0.35714285714285715,33,0.5789473684210527,57,0.3157894736842105,0.6842105263157895,14.34,0.25,17,0.2982456140350877,18,4.82,0.27,10,0.5555555555555556,39,9.52,0.24,23,0.5897435897435898,9,0.2222222222222222,0.7777777777777778,13.9,1.54,8,0.8888888888888888,2,4.62,2.31,1,0.5,7,9.27,1.32,7,1.0,7,3,4,17,10,7,2.78,0.16,0.4117647058823529,0.17647058823529413,0.23529411764705882,0.5882352941176471,0.4117647058823529,31,0.5961538461538461,7.66,0.15,52,9,0.4090909090909091,9.46,0.43,22,401860881,2026,2
2084,Buffalo Bulls,17,0.2463768115942029,12,0.2608695652173913,5,0.21739130434782608,2,0.6666666666666666,5,0.2777777777777778,10,0.2127659574468085,47,0.5957446808510638,0.40425531914893614,-8.98,-0.19,6,0.1276595744680851,28,-1.92,-0.07,7,0.25,19,-7.06,-0.37,3,0.15789473684210525,15,0.4666666666666667,0.5333333333333333,4.25,0.28,4,0.26666666666666666,7,5.15,0.74,2,0.2857142857142857,8,-0.9,-0.11,2,0.25,7,5,2,22,18,4,3.68,0.17,0.3181818181818182,0.22727272727272727,0.09090909090909091,0.8181818181818182,0.18181818181818182,10,0.2702702702702703,-1.87,-0.05,37,7,0.21875,-3.43,-0.11,32,401866414,2026,2
2229,Florida International Panthers,34,0.425,20,0.5263157894736842,14,0.3333333333333333,2,0.3333333333333333,8,0.47058823529411764,25,0.4166666666666667,60,0.48333333333333334,0.5166666666666667,2.11,0.04,10,0.16666666666666666,29,12.55,0.43,15,0.5172413793103449,31,-10.44,-0.34,10,0.3225806451612903,18,0.6666666666666666,0.3333333333333333,0.34,0.02,9,0.5,12,3.42,0.28,6,0.5,6,-3.08,-0.51,3,0.5,9,5,4,20,9,11,2.44,0.12,0.45,0.25,0.2,0.45,0.55,22,0.4230769230769231,4.61,0.09,52,12,0.42857142857142855,-0.06,-0.0,28,401866414,2026,2
55,Jacksonville State Gamecocks,34,0.4722222222222222,16,0.6153846153846154,18,0.4090909090909091,8,0.42105263157894735,10,0.6666666666666666,23,0.4339622641509434,53,0.41509433962264153,0.5849056603773585,2.84,0.05,10,0.18867924528301888,22,11.16,0.51,12,0.5454545454545454,31,-8.32,-0.27,11,0.3548387096774194,16,0.375,0.625,-4.45,-0.28,7,0.4375,6,1.31,0.22,2,0.3333333333333333,10,-5.76,-0.58,5,0.5,11,4,7,17,4,13,8.1,0.48,0.6470588235294118,0.23529411764705882,0.4117647058823529,0.23529411764705882,0.7647058823529411,21,0.40384615384615385,-1.01,-0.02,52,13,0.7222222222222222,11.94,0.66,18,401866418,2026,2
195,Ohio Bobcats,32,0.47058823529411764,10,0.45454545454545453,21,0.4772727272727273,6,0.375,11,0.6470588235294118,19,0.3958333333333333,48,0.3333333333333333,0.6666666666666666,2.89,0.06,8,0.16666666666666666,16,0.43,0.03,8,0.5,32,2.46,0.08,11,0.34375,4,0.5,0.5,4.2,1.05,2,0.5,2,-0.76,-0.38,1,0.5,2,4.95,2.48,1,0.5,12,2,10,18,6,12,10.23,0.57,0.6666666666666666,0.1111111111111111,0.5555555555555556,0.3333333333333333,0.6666666666666666,21,0.45652173913043476,8.16,0.18,46,10,0.5,4.96,0.25,20,401866418,2026,2
2405,Monmouth Hawks,42,0.4666666666666667,22,0.46808510638297873,20,0.46511627906976744,5,0.45454545454545453,11,0.55,30,0.46153846153846156,65,0.49230769230769234,0.5076923076923077,-6.55,-0.1,12,0.18461538461538463,32,3.8,0.12,17,0.53125,33,-10.34,-0.31,13,0.3939393939393939,13,0.6153846153846154,0.38461538461538464,5.89,0.45,8,0.6153846153846154,8,8.73,1.09,5,0.625,5,-2.85,-0.57,3,0.6,12,5,7,25,15,10,-0.13,-0.01,0.48,0.2,0.28,0.6,0.4,33,0.4782608695652174,-12.12,-0.18,69,9,0.42857142857142855,5.45,0.26,21,401866421,2026,2
2711,Western Michigan Broncos,29,0.5178571428571429,14,0.5384615384615384,15,0.5,7,0.7,4,0.4444444444444444,24,0.5217391304347826,46,0.43478260869565216,0.5652173913043478,11.6,0.25,10,0.21739130434782608,20,11.61,0.58,12,0.6,26,-0.02,-0.0,12,0.46153846153846156,6,0.3333333333333333,0.6666666666666666,6.37,1.06,6,1.0,2,3.5,1.75,2,1.0,4,2.87,0.72,4,1.0,5,2,3,10,6,4,0.98,0.1,0.5,0.2,0.3,0.6,0.4,21,0.5384615384615384,10.72,0.27,39,8,0.47058823529411764,1.86,0.11,17,401866421,2026,2
2579,South Carolina Gamecocks,30,0.44776119402985076,7,0.25925925925925924,23,0.575,4,0.36363636363636365,7,0.5,21,0.42,50,0.38,0.62,4.34,0.09,8,0.16,19,-5.83,-0.31,5,0.2631578947368421,31,10.17,0.33,16,0.5161290322580645,8,0.5,0.5,8.73,1.09,5,0.625,4,-1.92,-0.48,1,0.25,4,10.65,2.66,4,1.0,9,2,7,17,8,9,7.11,0.42,0.5294117647058824,0.11764705882352941,0.4117647058823529,0.47058823529411764,0.5294117647058824,22,0.43137254901960786,-1.0,-0.02,51,8,0.5,12.45,0.78,16,401856680,2026,2
119,Towson Tigers,19,0.3064516129032258,15,0.39473684210526316,4,0.16666666666666666,0,0.0,3,0.1875,15,0.3333333333333333,45,0.5777777777777777,0.4222222222222222,-4.48,-0.1,7,0.15555555555555556,26,2.86,0.11,12,0.46153846153846156,19,-7.34,-0.39,3,0.15789473684210525,12,0.8333333333333334,0.16666666666666666,-0.7,-0.06,5,0.4166666666666667,10,1.51,0.15,5,0.5,2,-2.21,-1.11,0,0.0,4,3,1,17,12,5,-4.32,-0.25,0.23529411764705882,0.17647058823529413,0.058823529411764705,0.7058823529411765,0.29411764705882354,11,0.3142857142857143,-8.17,-0.23,35,8,0.2962962962962963,-0.64,-0.02,27,401856680,2026,2
2132,Cincinnati Bearcats,52,0.6666666666666666,19,0.6333333333333333,33,0.6875,13,0.65,9,0.8181818181818182,42,0.6461538461538462,65,0.36923076923076925,0.6307692307692307,30.35,0.47,19,0.2923076923076923,24,7.65,0.32,14,0.5833333333333334,41,22.71,0.55,28,0.6829268292682927,14,0.42857142857142855,0.5714285714285714,8.55,0.61,8,0.5714285714285714,6,5.3,0.88,4,0.6666666666666666,8,3.26,0.41,4,0.5,10,5,5,13,6,7,8.94,0.69,0.7692307692307693,0.38461538461538464,0.38461538461538464,0.46153846153846156,0.5384615384615384,41,0.6721311475409836,37.52,0.62,61,11,0.6470588235294118,1.77,0.1,17,401856786,2026,2
2717,Western Carolina Catamounts,23,0.40350877192982454,15,0.40540540540540543,8,0.4,3,0.6,3,0.25,19,0.4418604651162791,43,0.5581395348837209,0.4418604651162791,-1.04,-0.02,9,0.20930232558139536,24,0.51,0.02,12,0.5,19,-1.55,-0.08,7,0.3684210526315789,7,0.7142857142857143,0.2857142857142857,-3.39,-0.48,1,0.14285714285714285,5,-2.54,-0.51,1,0.2,2,-0.85,-0.42,0,0.0,4,3,1,14,13,1,-5.84,-0.42,0.2857142857142857,0.21428571428571427,0.07142857142857142,0.9285714285714286,0.07142857142857142,18,0.47368421052631576,-4.5,-0.12,38,5,0.2631578947368421,-2.37,-0.12,19,401856786,2026,2
189,Bowling Green Falcons,17,0.3541666666666667,8,0.4444444444444444,9,0.3,1,1.0,4,0.3333333333333333,12,0.34285714285714286,35,0.3142857142857143,0.6857142857142857,-0.04,-0.0,5,0.14285714285714285,11,3.28,0.3,6,0.5454545454545454,24,-3.32,-0.14,6,0.25,10,0.3,0.7,0.52,0.05,4,0.4,3,0.86,0.29,1,0.3333333333333333,7,-0.34,-0.05,3,0.42857142857142855,5,2,3,13,7,6,-8.34,-0.64,0.38461538461538464,0.15384615384615385,0.23076923076923078,0.5384615384615384,0.46153846153846156,13,0.41935483870967744,3.59,0.12,31,4,0.23529411764705882,-11.97,-0.7,17,401858441,2026,2
158,Nebraska Cornhuskers,42,0.6363636363636364,22,0.6666666666666666,20,0.6060606060606061,7,0.7,6,0.75,34,0.6071428571428571,56,0.5,0.5,23.87,0.43,16,0.2857142857142857,28,15.52,0.55,18,0.6428571428571429,28,8.35,0.3,16,0.5714285714285714,9,0.6666666666666666,0.3333333333333333,6.58,0.73,8,0.8888888888888888,6,5.24,0.87,5,0.8333333333333334,3,1.34,0.45,3,1.0,8,4,4,10,5,5,8.65,0.86,0.8,0.4,0.4,0.5,0.5,31,0.6078431372549019,18.48,0.36,51,11,0.7333333333333333,14.04,0.94,15,401858441,2026,2
36,Colorado State Rams,34,0.5074626865671642,18,0.47368421052631576,16,0.5517241379310345,4,0.36363636363636365,8,0.5714285714285714,26,0.5,52,0.5961538461538461,0.40384615384615385,27.02,0.52,7,0.1346153846153846,31,13.65,0.44,16,0.5161290322580645,21,13.36,0.64,10,0.47619047619047616,10,0.7,0.3,15.29,1.53,7,0.7,7,8.61,1.23,5,0.7142857142857143,3,6.67,2.22,2,0.6666666666666666,8,2,6,15,7,8,1.3,0.09,0.5333333333333333,0.13333333333333333,0.4,0.4666666666666667,0.5333333333333333,26,0.5306122448979592,12.41,0.25,49,8,0.4444444444444444,15.91,0.88,18,401860882,2026,2
253,Southern Utah Thunderbirds,24,0.375,9,0.32142857142857145,15,0.4166666666666667,2,0.25,6,0.42857142857142855,18,0.36,50,0.36,0.64,4.32,0.09,11,0.22,18,-4.12,-0.23,4,0.2222222222222222,32,8.44,0.26,14,0.4375,13,0.5384615384615384,0.46153846153846156,0.01,0.0,5,0.38461538461538464,7,-4.41,-0.63,1,0.14285714285714285,6,4.41,0.74,4,0.6666666666666666,6,5,1,14,10,4,1.77,0.13,0.42857142857142855,0.35714285714285715,0.07142857142857142,0.7142857142857143,0.2857142857142857,16,0.41025641025641024,-0.74,-0.02,39,8,0.32,6.82,0.27,25,401860882,2026,2
202,Tulsa Golden Hurricane,24,0.34285714285714286,10,0.2702702702702703,14,0.42424242424242425,1,0.14285714285714285,4,0.25,16,0.3333333333333333,48,0.5,0.5,-3.72,-0.08,6,0.125,24,-3.9,-0.16,8,0.3333333333333333,24,0.18,0.01,8,0.3333333333333333,15,0.6,0.4,-1.09,-0.07,5,0.3333333333333333,9,-3.55,-0.39,2,0.2222222222222222,6,2.46,0.41,3,0.5,8,2,6,22,13,9,3.04,0.14,0.36363636363636365,0.09090909090909091,0.2727272727272727,0.5909090909090909,0.4090909090909091,18,0.4090909090909091,3.69,0.08,44,6,0.23076923076923078,-4.36,-0.17,26,401862707,2026,2
2534,Sam Houston Bearkats,30,0.46875,18,0.46153846153846156,12,0.48,1,0.14285714285714285,7,0.5,23,0.4791666666666667,48,0.5833333333333334,0.4166666666666667,9.64,0.2,9,0.1875,28,10.46,0.37,14,0.5,20,-0.82,-0.04,9,0.45,6,0.5,0.5,-1.24,-0.21,2,0.3333333333333333,3,0.11,0.04,2,0.6666666666666666,3,-1.35,-0.45,0,0.0,7,4,3,16,11,5,-6.02,-0.38,0.4375,0.25,0.1875,0.6875,0.3125,21,0.4883720930232558,3.44,0.08,43,9,0.42857142857142855,0.18,0.01,21,401862707,2026,2
2287,Illinois State Redbirds,25,0.4098360655737705,12,0.4,13,0.41935483870967744,4,0.5714285714285714,9,0.6428571428571429,16,0.3404255319148936,47,0.40425531914893614,0.5957446808510638,-15.01,-0.32,9,0.19148936170212766,19,-14.44,-0.76,6,0.3157894736842105,28,-0.57,-0.02,10,0.35714285714285715,6,0.5,0.5,-4.32,-0.72,1,0.16666666666666666,3,-4.76,-1.59,0,0.0,3,0.44,0.15,1,0.3333333333333333,9,6,3,14,11,3,7.23,0.52,0.6428571428571429,0.42857142857142855,0.21428571428571427,0.7857142857142857,0.21428571428571427,19,0.4523809523809524,-8.37,-0.2,42,6,0.3157894736842105,0.59,0.03,19,401864503,2026,2
2459,Northern Illinois Huskies,33,0.5,16,0.48484848484848486,17,0.5151515151515151,6,0.375,8,0.5333333333333333,24,0.4897959183673469,49,0.4897959183673469,0.5102040816326531,-0.45,-0.01,12,0.24489795918367346,24,-2.1,-0.09,13,0.5416666666666666,25,1.65,0.07,11,0.44,14,0.5,0.5,7.49,0.53,10,0.7142857142857143,7,6.44,0.92,6,0.8571428571428571,7,1.05,0.15,4,0.5714285714285714,9,3,6,17,9,8,-6.71,-0.39,0.5294117647058824,0.17647058823529413,0.35294117647058826,0.5294117647058824,0.47058823529411764,31,0.5961538461538461,9.24,0.18,52,2,0.14285714285714285,-16.4,-1.17,14,401864503,2026,2
2655,Tulane Green Wave,20,0.4166666666666667,11,0.4782608695652174,9,0.36,5,0.7142857142857143,6,0.5454545454545454,14,0.3888888888888889,36,0.3611111111111111,0.6388888888888888,10.81,0.3,6,0.16666666666666666,13,4.85,0.37,6,0.46153846153846156,23,5.96,0.26,8,0.34782608695652173,5,0.2,0.8,2.48,0.5,3,0.6,1,1.44,1.44,1,1.0,4,1.04,0.26,2,0.5,6,5,1,12,10,2,9.26,0.77,0.5,0.4166666666666667,0.08333333333333333,0.8333333333333334,0.16666666666666666,14,0.4666666666666667,10.11,0.34,30,6,0.3333333333333333,9.96,0.55,18,401864575,2026,2
6,South Alabama Jaguars,34,0.4722222222222222,18,0.5454545454545454,16,0.41025641025641024,2,0.3333333333333333,8,0.5,25,0.4716981132075472,53,0.4716981132075472,0.5283018867924528,12.25,0.23,11,0.20754716981132076,25,12.34,0.49,15,0.6,28,-0.08,-0.0,10,0.35714285714285715,10,0.4,0.6,6.95,0.69,5,0.5,4,7.06,1.77,4,1.0,6,-0.12,-0.02,1,0.16666666666666666,9,3,6,19,8,11,6.7,0.35,0.47368421052631576,0.15789473684210525,0.3157894736842105,0.42105263157894735,0.5789473684210527,23,0.5227272727272727,11.46,0.26,44,11,0.39285714285714285,7.49,0.27,28,401864575,2026,2
2032,Arkansas State Red Wolves,32,0.5714285714285714,9,0.5,23,0.6052631578947368,4,0.8,5,0.625,26,0.5531914893617021,47,0.3617021276595745,0.6382978723404256,10.41,0.22,12,0.2553191489361702,17,2.74,0.16,9,0.5294117647058824,30,7.67,0.26,17,0.5666666666666667,5,0.4,0.6,-4.61,-0.92,3,0.6,2,-4.62,-2.31,1,0.5,3,0.01,0.0,2,0.6666666666666666,6,0,6,9,1,8,6.72,0.75,0.6666666666666666,0.0,0.6666666666666666,0.1111111111111111,0.8888888888888888,26,0.5777777777777777,13.57,0.3,45,6,0.5454545454545454,3.55,0.32,11,401868241,2026,2
2698,West Georgia Wolves,23,0.40350877192982454,13,0.3939393939393939,10,0.43478260869565216,,,7,0.4666666666666667,15,0.36585365853658536,41,0.5365853658536586,0.43902439024390244,-14.52,-0.35,4,0.0975609756097561,22,-1.84,-0.08,8,0.36363636363636365,18,-2.84,-0.16,7,0.3888888888888889,18,0.8888888888888888,0.05555555555555555,-14.0,-0.78,6,0.3333333333333333,16,-0.97,-0.06,6,0.375,1,-3.19,-3.19,0,0.0,8,5,3,16,11,5,-2.4,-0.15,0.5,0.3125,0.1875,0.6875,0.3125,16,0.4444444444444444,-2.02,-0.06,36,7,0.3333333333333333,-14.91,-0.71,21,401868241,2026,2
338,Kennesaw State Owls,26,0.4642857142857143,19,0.5277777777777778,7,0.35,3,0.42857142857142855,2,0.2222222222222222,24,0.5217391304347826,46,0.6521739130434783,0.34782608695652173,14.24,0.31,14,0.30434782608695654,30,12.3,0.41,18,0.6,16,1.94,0.12,6,0.375,14,0.7857142857142857,0.21428571428571427,1.9,0.14,7,0.5,11,1.48,0.13,6,0.5454545454545454,3,0.42,0.14,1,0.3333333333333333,2,1,1,10,6,4,-9.7,-0.97,0.2,0.1,0.1,0.6,0.4,20,0.5263157894736842,11.72,0.31,38,6,0.3333333333333333,-7.18,-0.4,18,401869955,2026,2
2247,Georgia State Panthers,33,0.5,14,0.6086956521739131,19,0.4418604651162791,6,0.6666666666666666,6,0.5,26,0.5,52,0.28846153846153844,0.7115384615384616,11.25,0.22,14,0.2692307692307692,15,7.94,0.53,10,0.6666666666666666,37,3.31,0.09,16,0.43243243243243246,7,0.5714285714285714,0.42857142857142855,6.89,0.98,5,0.7142857142857143,4,5.76,1.44,3,0.75,3,1.13,0.38,2,0.6666666666666666,7,4,3,14,8,6,0.46,0.03,0.5,0.2857142857142857,0.21428571428571427,0.5714285714285714,0.42857142857142855,25,0.4807692307692308,-2.28,-0.04,52,8,0.5714285714285714,13.99,1.0,14,401869955,2026,2
276,Marshall Thundering Herd,27,0.46551724137931033,11,0.4782608695652174,16,0.47058823529411764,6,0.6666666666666666,4,0.36363636363636365,23,0.48936170212765956,47,0.3404255319148936,0.6382978723404256,3.85,0.08,11,0.23404255319148937,16,9.05,0.57,10,0.625,30,3.44,0.11,13,0.43333333333333335,11,0.36363636363636365,0.6363636363636364,-1.66,-0.15,3,0.2727272727272727,4,-0.78,-0.19,2,0.5,7,-0.89,-0.13,1,0.14285714285714285,4,1,3,11,7,4,-4.03,-0.37,0.36363636363636365,0.09090909090909091,0.2727272727272727,0.6363636363636364,0.36363636363636365,23,0.5227272727272727,3.17,0.07,44,4,0.2857142857142857,-3.34,-0.24,14,401871045,2026,2
2393,Middle Tennessee Blue Raiders,32,0.463768115942029,23,0.4791666666666667,9,0.42857142857142855,2,0.4,5,0.38461538461538464,26,0.4727272727272727,55,0.6363636363636364,0.36363636363636365,3.75,0.07,17,0.3090909090909091,35,2.78,0.08,17,0.4857142857142857,20,0.97,0.05,9,0.45,10,0.9,0.1,-3.27,-0.33,3,0.3,9,-3.06,-0.34,3,0.3333333333333333,1,-0.21,-0.21,0,0.0,6,6,0,14,13,1,1.69,0.12,0.42857142857142855,0.42857142857142855,0.0,0.9285714285714286,0.07142857142857142,22,0.5116279069767442,4.21,0.1,43,10,0.38461538461538464,1.24,0.05,26,401871045,2026,2
2815,Lindenwood Lions,17,0.3148148148148148,7,0.30434782608695654,10,0.3225806451612903,1,0.25,2,0.15384615384615385,14,0.35,40,0.35,0.65,0.92,0.02,7,0.175,14,2.37,0.17,6,0.42857142857142855,26,-1.45,-0.06,8,0.3076923076923077,9,0.4444444444444444,0.5555555555555556,-3.75,-0.42,1,0.1111111111111111,4,-3.86,-0.97,0,0.0,5,0.12,0.02,1,0.2,3,1,2,14,9,5,-3.35,-0.24,0.21428571428571427,0.07142857142857142,0.14285714285714285,0.6428571428571429,0.35714285714285715,11,0.3548387096774194,-0.95,-0.03,31,6,0.2608695652173913,-1.48,-0.06,23,401871046,2026,2
2623,Missouri State Bears,38,0.5066666666666667,16,0.6153846153846154,22,0.4489795918367347,10,0.7142857142857143,9,0.6923076923076923,28,0.4745762711864407,59,0.3050847457627119,0.6949152542372882,7.86,0.13,11,0.1864406779661017,18,4.68,0.26,10,0.5555555555555556,41,3.18,0.08,18,0.43902439024390244,8,0.125,0.875,-3.48,-0.43,2,0.25,1,-0.88,-0.88,0,0.0,7,-2.6,-0.37,2,0.2857142857142857,10,6,4,16,8,8,4.33,0.27,0.625,0.375,0.25,0.5,0.5,28,0.5185185185185185,7.9,0.15,54,10,0.47619047619047616,4.29,0.2,21,401871046,2026,2
26,UCLA Bruins,33,0.5076923076923077,8,0.32,24,0.6153846153846154,10,0.9090909090909091,4,0.4,28,0.5283018867924528,53,0.32075471698113206,0.6792452830188679,14.05,0.27,12,0.22641509433962265,17,1.91,0.11,6,0.35294117647058826,36,12.14,0.34,22,0.6111111111111112,11,0.45454545454545453,0.5454545454545454,-1.04,-0.09,4,0.36363636363636365,5,-4.69,-0.94,0,0.0,6,3.66,0.61,4,0.6666666666666666,5,2,2,12,8,3,-8.84,-0.74,0.4166666666666667,0.16666666666666666,0.16666666666666666,0.6666666666666666,0.25,26,0.5416666666666666,3.97,0.08,48,7,0.4117647058823529,1.23,0.07,17,401858443,2026,2
21,San Diego State Aztecs,19,0.3392857142857143,4,0.2,15,0.4166666666666667,1,0.5,3,0.25,16,0.37209302325581395,43,0.3023255813953488,0.6976744186046512,-5.48,-0.13,7,0.16279069767441862,13,-2.86,-0.22,3,0.23076923076923078,30,-2.63,-0.09,13,0.43333333333333335,10,0.5,0.5,-5.64,-0.56,1,0.1,5,-2.37,-0.47,1,0.2,5,-3.27,-0.65,0,0.0,3,1,2,13,7,6,-7.84,-0.6,0.23076923076923078,0.07692307692307693,0.15384615384615385,0.5384615384615384,0.46153846153846156,16,0.42105263157894735,-2.65,-0.07,38,3,0.16666666666666666,-10.67,-0.59,18,401858443,2026,2
275,Wisconsin Badgers,20,0.37735849056603776,8,0.36363636363636365,12,0.3870967741935484,0,0.0,5,0.4166666666666667,15,0.375,40,0.375,0.625,5.38,0.13,7,0.175,15,1.52,0.1,6,0.4,25,3.85,0.15,9,0.36,10,0.7,0.3,-3.54,-0.35,2,0.2,7,-1.25,-0.18,2,0.2857142857142857,3,-2.29,-0.76,0,0.0,5,2,3,13,7,6,-1.28,-0.1,0.38461538461538464,0.15384615384615385,0.23076923076923078,0.5384615384615384,0.46153846153846156,16,0.4444444444444444,9.81,0.27,36,4,0.23529411764705882,-5.71,-0.34,17,401858447,2026,2
2710,Western Illinois Leathernecks,25,0.3968253968253968,9,0.375,15,0.39473684210526316,4,0.26666666666666666,4,0.26666666666666666,19,0.4222222222222222,45,0.28888888888888886,0.7111111111111111,7.43,0.17,9,0.2,13,7.05,0.54,7,0.5384615384615384,32,0.39,0.01,12,0.375,14,0.5,0.5,4.89,0.35,7,0.5,7,3.43,0.49,3,0.42857142857142855,7,1.46,0.21,4,0.5714285714285714,6,2,3,18,11,6,-2.27,-0.13,0.3333333333333333,0.1111111111111111,0.16666666666666666,0.6111111111111112,0.3333333333333333,20,0.43478260869565216,5.03,0.11,46,5,0.29411764705882354,0.14,0.01,17,401858447,2026,2
2426,Navy Midshipmen,22,0.38596491228070173,7,0.30434782608695654,15,0.4411764705882353,1,0.5,3,0.2727272727272727,17,0.3953488372093023,43,0.32558139534883723,0.6744186046511628,14.41,0.34,7,0.16279069767441862,14,7.21,0.52,6,0.42857142857142855,29,7.19,0.25,11,0.3793103448275862,11,0.36363636363636365,0.6363636363636364,0.53,0.05,5,0.45454545454545453,4,0.16,0.04,2,0.5,7,0.37,0.05,3,0.42857142857142855,5,1,4,14,9,5,-0.35,-0.02,0.35714285714285715,0.07142857142857142,0.2857142857142857,0.6428571428571429,0.35714285714285715,18,0.5142857142857142,19.02,0.54,35,4,0.18181818181818182,-4.96,-0.23,22,401862703,2026,2
2226,Florida Atlantic Owls,33,0.42857142857142855,20,0.5263157894736842,13,0.34210526315789475,3,0.3,8,0.5714285714285714,24,0.4,60,0.5166666666666667,0.48333333333333334,10.63,0.18,12,0.2,31,22.78,0.73,19,0.6129032258064516,29,-12.15,-0.42,5,0.1724137931034483,12,0.5833333333333334,0.4166666666666667,6.72,0.56,7,0.5833333333333334,7,5.47,0.78,4,0.5714285714285714,5,1.25,0.25,3,0.6,9,1,8,17,7,9,-0.55,-0.03,0.5294117647058824,0.058823529411764705,0.47058823529411764,0.4117647058823529,0.5294117647058824,22,0.41509433962264153,-0.86,-0.02,53,11,0.4583333333333333,10.94,0.46,24,401862703,2026,2
324,Coastal Carolina Chanticleers,33,0.4714285714285714,11,0.3548387096774194,22,0.5641025641025641,7,0.875,6,0.42857142857142855,27,0.4909090909090909,55,0.38181818181818183,0.6181818181818182,9.18,0.17,13,0.23636363636363636,21,6.16,0.29,8,0.38095238095238093,34,3.01,0.09,19,0.5588235294117647,12,0.75,0.25,1.33,0.11,4,0.3333333333333333,9,3.44,0.38,4,0.4444444444444444,3,-2.11,-0.7,0,0.0,6,3,3,15,10,5,-1.02,-0.07,0.4,0.2,0.2,0.6666666666666666,0.3333333333333333,29,0.5918367346938775,19.47,0.4,49,4,0.19047619047619047,-11.31,-0.54,21,401868008,2026,2
2230,Fordham Rams,20,0.37037037037037035,8,0.32,12,0.41379310344827586,3,0.6,2,0.18181818181818182,18,0.4186046511627907,43,0.4418604651162791,0.5581395348837209,-6.7,-0.16,9,0.20930232558139536,19,-4.95,-0.26,8,0.42105263157894735,24,-1.74,-0.07,10,0.4166666666666667,11,0.5454545454545454,0.45454545454545453,-4.78,-0.43,3,0.2727272727272727,6,-5.06,-0.84,1,0.16666666666666666,5,0.27,0.05,2,0.4,2,0,2,11,6,5,-8.49,-0.77,0.18181818181818182,0.0,0.18181818181818182,0.5454545454545454,0.45454545454545453,17,0.4146341463414634,-9.08,-0.22,41,3,0.23076923076923078,-6.1,-0.47,13,401868008,2026,2
2628,TCU Horned Frogs,41,0.6029411764705882,18,0.5454545454545454,23,0.6571428571428571,10,0.7692307692307693,2,0.2857142857142857,37,0.6271186440677966,59,0.4745762711864407,0.5254237288135594,19.54,0.33,23,0.3898305084745763,28,14.32,0.51,17,0.6071428571428571,31,5.23,0.17,20,0.6451612903225806,12,0.5833333333333334,0.4166666666666667,-2.96,-0.25,6,0.5,7,-0.58,-0.08,3,0.42857142857142855,5,-2.38,-0.48,3,0.6,4,1,3,9,5,4,3.57,0.4,0.4444444444444444,0.1111111111111111,0.3333333333333333,0.5555555555555556,0.4444444444444444,38,0.6785714285714286,25.79,0.46,56,3,0.25,-2.67,-0.22,12,401856789,2026,2
2755,Grambling Tigers,14,0.2641509433962264,10,0.37037037037037035,4,0.15384615384615385,2,0.4,2,0.14285714285714285,12,0.3076923076923077,39,0.46153846153846156,0.5384615384615384,4.83,0.12,5,0.1282051282051282,18,10.94,0.61,8,0.4444444444444444,21,-6.1,-0.29,4,0.19047619047619047,7,0.8571428571428571,0.14285714285714285,-2.83,-0.4,1,0.14285714285714285,6,-2.34,-0.39,1,0.16666666666666666,1,-0.49,-0.49,0,0.0,2,2,0,14,9,5,-19.07,-1.36,0.14285714285714285,0.14285714285714285,0.0,0.6428571428571429,0.35714285714285715,8,0.25806451612903225,-10.76,-0.35,31,6,0.2727272727272727,-3.48,-0.16,22,401856789,2026,2
239,Baylor Bears,41,0.4880952380952381,19,0.4418604651162791,22,0.5365853658536586,4,0.2857142857142857,7,0.5,32,0.47058823529411764,68,0.47058823529411764,0.5294117647058824,-5.56,-0.08,17,0.25,32,-4.05,-0.13,14,0.4375,36,-1.52,-0.04,18,0.5,15,0.8,0.2,-0.72,-0.05,5,0.3333333333333333,12,-1.58,-0.13,4,0.3333333333333333,3,0.85,0.28,1,0.3333333333333333,9,5,4,16,11,5,9.83,0.61,0.5625,0.3125,0.25,0.6875,0.3125,29,0.4915254237288136,1.27,0.02,59,12,0.48,3.0,0.12,25,401856784,2026,2
2504,Prairie View A&M Panthers,10,0.18181818181818182,6,0.18181818181818182,4,0.18181818181818182,0,0.0,4,0.23529411764705882,6,0.15789473684210525,38,0.5263157894736842,0.47368421052631576,-16.52,-0.43,1,0.02631578947368421,20,-10.67,-0.53,3,0.15,18,-5.85,-0.32,3,0.16666666666666666,8,0.625,0.375,-0.27,-0.03,2,0.25,5,0.1,0.02,2,0.4,3,-0.37,-0.12,0,0.0,4,3,1,17,13,4,-5.67,-0.33,0.23529411764705882,0.17647058823529413,0.058823529411764705,0.7647058823529411,0.23529411764705882,6,0.24,-6.89,-0.28,25,4,0.13333333333333333,-15.29,-0.51,30,401856784,2026,2
2572,Southern Miss Golden Eagles,25,0.43103448275862066,15,0.4166666666666667,9,0.42857142857142855,4,0.5,5,0.38461538461538464,20,0.46511627906976744,43,0.6046511627906976,0.37209302325581395,-7.48,-0.17,7,0.16279069767441862,26,-7.91,-0.3,11,0.4230769230769231,16,-0.85,-0.05,8,0.5,10,0.5,0.5,4.97,0.5,5,0.5,5,4.52,0.9,2,0.4,5,0.45,0.09,3,0.6,5,4,1,15,10,5,-4.08,-0.27,0.3333333333333333,0.26666666666666666,0.06666666666666667,0.6666666666666666,0.3333333333333333,22,0.5238095238095238,-1.96,-0.05,42,3,0.1875,-9.6,-0.6,16,401856671,2026,2
2,Auburn Tigers,42,0.49411764705882355,16,0.45714285714285713,26,0.52,7,0.4117647058823529,7,0.4666666666666667,31,0.47692307692307695,65,0.4153846153846154,0.5846153846153846,4.74,0.07,17,0.26153846153846155,27,6.65,0.25,14,0.5185185185185185,38,-1.92,-0.05,17,0.4473684210526316,12,0.5,0.5,3.22,0.27,9,0.75,6,0.92,0.15,5,0.8333333333333334,6,2.31,0.38,4,0.6666666666666666,11,2,9,20,8,12,11.21,0.56,0.55,0.1,0.45,0.4,0.6,31,0.5,4.51,0.07,62,11,0.4782608695652174,11.44,0.5,23,401856671,2026,2
13,Cal Poly Mustangs,31,0.45588235294117646,18,0.4090909090909091,13,0.5416666666666666,8,0.5,7,0.4666666666666667,23,0.45098039215686275,51,0.5686274509803921,0.43137254901960786,-1.73,-0.03,10,0.19607843137254902,29,-5.4,-0.19,11,0.3793103448275862,22,3.68,0.17,12,0.5454545454545454,6,0.5,0.5,6.03,1.01,4,0.6666666666666666,3,4.71,1.57,2,0.6666666666666666,3,1.32,0.44,2,0.6666666666666666,8,7,1,17,15,2,3.54,0.21,0.47058823529411764,0.4117647058823529,0.058823529411764705,0.8823529411764706,0.11764705882352941,22,0.5116279069767442,2.53,0.06,43,9,0.36,-0.72,-0.03,25,401864504,2026,2
23,San José State Spartans,42,0.5384615384615384,18,0.5294117647058824,24,0.5454545454545454,6,0.6,5,0.4166666666666667,36,0.5538461538461539,65,0.4153846153846154,0.5846153846153846,16.47,0.25,22,0.3384615384615385,27,10.98,0.41,15,0.5555555555555556,38,5.49,0.14,21,0.5526315789473685,18,0.5,0.5,5.21,0.29,9,0.5,9,2.29,0.25,4,0.4444444444444444,9,2.92,0.32,5,0.5555555555555556,6,3,3,13,7,6,-0.68,-0.05,0.46153846153846156,0.23076923076923078,0.23076923076923078,0.5384615384615384,0.46153846153846156,34,0.6071428571428571,18.79,0.34,56,8,0.36363636363636365,-3.0,-0.14,22,401864504,2026,2
2640,Texas Southern Tigers,22,0.36065573770491804,8,0.3333333333333333,14,0.3783783783783784,2,0.5,5,0.29411764705882354,16,0.37209302325581395,43,0.32558139534883723,0.6744186046511628,-5.58,-0.13,4,0.09302325581395349,14,-3.23,-0.23,5,0.35714285714285715,29,-2.35,-0.08,11,0.3793103448275862,4,0.5,0.5,-2.97,-0.74,0,0.0,2,-1.18,-0.59,0,0.0,2,-1.79,-0.9,0,0.0,6,3,3,18,10,8,-0.02,-0.0,0.3333333333333333,0.16666666666666666,0.16666666666666666,0.5555555555555556,0.4444444444444444,13,0.325,-7.1,-0.18,40,9,0.42857142857142855,1.5,0.07,21,401864505,2026,2
2638,UTEP Miners,30,0.5555555555555556,12,0.5454545454545454,18,0.5625,5,0.625,5,0.5,24,0.5581395348837209,43,0.3488372093023256,0.6511627906976745,8.11,0.19,8,0.18604651162790697,15,7.72,0.51,8,0.5333333333333333,28,0.39,0.01,16,0.5714285714285714,15,0.6,0.4,6.66,0.44,8,0.5333333333333333,9,7.29,0.81,5,0.5555555555555556,6,-0.64,-0.11,3,0.5,6,4,2,11,7,4,7.04,0.64,0.5454545454545454,0.36363636363636365,0.18181818181818182,0.6363636363636364,0.36363636363636365,21,0.5121951219512195,7.3,0.18,41,9,0.6923076923076923,7.85,0.6,13,401864505,2026,2
228,Clemson Tigers,28,0.3835616438356164,16,0.43243243243243246,12,0.3333333333333333,5,0.29411764705882354,2,0.14285714285714285,26,0.4406779661016949,59,0.4745762711864407,0.5254237288135594,-2.5,-0.04,16,0.2711864406779661,28,1.8,0.06,15,0.5357142857142857,31,-4.3,-0.14,11,0.3548387096774194,16,0.625,0.375,0.68,0.04,7,0.4375,10,-0.57,-0.06,5,0.5,6,1.26,0.21,2,0.3333333333333333,2,1,1,14,9,5,-13.73,-0.98,0.14285714285714285,0.07142857142857142,0.07142857142857142,0.6428571428571429,0.35714285714285715,18,0.4090909090909091,-9.22,-0.21,44,10,0.3448275862068966,-7.0,-0.24,29,401858219,2026,2
290,Georgia Southern Eagles,19,0.2878787878787879,14,0.27450980392156865,5,0.3333333333333333,2,0.4,5,0.29411764705882354,14,0.2978723404255319,47,0.7446808510638298,0.2553191489361702,-3.58,-0.08,7,0.14893617021276595,35,1.47,0.04,11,0.3142857142857143,12,-5.05,-0.42,3,0.25,10,0.8,0.2,2.45,0.25,3,0.3,8,3.1,0.39,3,0.375,2,-0.64,-0.32,0,0.0,5,3,2,19,16,3,-13.23,-0.7,0.2631578947368421,0.15789473684210525,0.10526315789473684,0.8421052631578947,0.15789473684210525,9,0.25,-9.35,-0.26,36,10,0.3333333333333333,-7.46,-0.25,30,401858219,2026,2
2005,Air Force Falcons,37,0.5606060606060606,9,0.5625,28,0.56,9,0.6,6,0.42857142857142855,29,0.58,50,0.22,0.78,10.36,0.21,11,0.22,11,6.72,0.61,6,0.5454545454545454,39,3.63,0.09,23,0.5897435897435898,8,0.375,0.625,-2.98,-0.37,2,0.25,3,-1.08,-0.36,1,0.3333333333333333,5,-1.9,-0.38,1,0.2,8,3,5,16,5,11,9.16,0.57,0.5,0.1875,0.3125,0.3125,0.6875,31,0.6739130434782609,15.56,0.34,46,6,0.3,3.95,0.2,20,401864502,2026,2
2449,North Dakota State Bison,25,0.43103448275862066,9,0.391304347826087,16,0.45714285714285713,4,0.5714285714285714,4,0.3333333333333333,18,0.4186046511627907,43,0.27906976744186046,0.7209302325581395,6.46,0.15,7,0.16279069767441862,12,3.83,0.32,5,0.4166666666666667,31,2.64,0.09,13,0.41935483870967744,12,0.5833333333333334,0.4166666666666667,-0.99,-0.08,6,0.5,7,-1.61,-0.23,3,0.42857142857142855,5,0.62,0.12,3,0.6,7,4,3,15,11,4,1.82,0.12,0.4666666666666667,0.26666666666666666,0.2,0.7333333333333333,0.26666666666666666,18,0.5,7.05,0.2,36,7,0.3181818181818182,1.23,0.06,22,401864502,2026,2
16,Sacramento State Hornets,29,0.4393939393939394,12,0.36363636363636365,17,0.5151515151515151,0,0.0,4,0.3076923076923077,23,0.4791666666666667,48,0.375,0.625,-4.9,-0.1,11,0.22916666666666666,18,-3.46,-0.19,8,0.4444444444444444,30,-1.44,-0.05,15,0.5,15,0.6666666666666666,0.3333333333333333,-2.71,-0.18,7,0.4666666666666667,10,-3.63,-0.36,4,0.4,5,0.92,0.18,3,0.6,6,4,2,18,15,3,-5.19,-0.29,0.3333333333333333,0.2222222222222222,0.1111111111111111,0.8333333333333334,0.16666666666666666,23,0.5227272727272727,-1.39,-0.03,44,6,0.2727272727272727,-8.7,-0.4,22,401860883,2026,2
278,Fresno State Bulldogs,32,0.5079365079365079,18,0.6,14,0.42424242424242425,6,0.42857142857142855,3,0.3333333333333333,29,0.5471698113207547,53,0.4716981132075472,0.5283018867924528,23.34,0.44,16,0.3018867924528302,25,17.84,0.71,16,0.64,28,5.5,0.2,13,0.4642857142857143,12,0.6666666666666666,0.3333333333333333,4.73,0.39,7,0.5833333333333334,8,1.05,0.13,4,0.5,4,3.69,0.92,3,0.75,3,2,1,10,5,5,-7.96,-0.8,0.3,0.2,0.1,0.5,0.5,28,0.5490196078431373,15.04,0.29,51,4,0.3333333333333333,0.34,0.03,12,401860883,2026,2
2440,Nevada Wolf Pack,29,0.4084507042253521,11,0.3055555555555556,18,0.5142857142857142,0,0.0,5,0.38461538461538464,23,0.42592592592592593,54,0.48148148148148145,0.5185185185185185,-7.62,-0.14,14,0.25925925925925924,26,-10.92,-0.42,8,0.3076923076923077,28,3.3,0.12,15,0.5357142857142857,16,0.5625,0.4375,-9.05,-0.57,5,0.3125,9,-3.02,-0.34,3,0.3333333333333333,7,-6.03,-0.86,2,0.2857142857142857,6,3,3,17,10,7,-7.27,-0.43,0.35294117647058826,0.17647058823529413,0.17647058823529413,0.5882352941176471,0.4117647058823529,20,0.47619047619047616,-5.61,-0.13,42,9,0.3103448275862069,-9.29,-0.32,29,401864500,2026,2
147,Montana State Bobcats,26,0.41935483870967744,11,0.4230769230769231,15,0.4166666666666667,2,0.3333333333333333,5,0.38461538461538464,21,0.42857142857142855,49,0.3673469387755102,0.6326530612244898,0.47,0.01,11,0.22448979591836735,18,1.71,0.1,8,0.4444444444444444,31,-1.24,-0.04,13,0.41935483870967744,7,0.2857142857142857,0.7142857142857143,-0.79,-0.11,2,0.2857142857142857,2,0.57,0.28,1,0.5,5,-1.36,-0.27,1,0.2,5,3,2,13,8,5,-1.42,-0.11,0.38461538461538464,0.23076923076923078,0.15384615384615385,0.6153846153846154,0.38461538461538464,20,0.46511627906976744,0.74,0.02,43,6,0.3157894736842105,-1.69,-0.09,19,401864500,2026,2
166,New Mexico State Aggies,32,0.48484848484848486,15,0.40540540540540543,17,0.5862068965517241,1,0.3333333333333333,5,0.5,27,0.4909090909090909,55,0.5272727272727272,0.4727272727272727,-7.39,-0.13,15,0.2727272727272727,29,-2.84,-0.1,12,0.41379310344827586,26,-4.55,-0.18,15,0.5769230769230769,9,0.5555555555555556,0.4444444444444444,6.26,0.7,7,0.7777777777777778,5,3.99,0.8,3,0.6,4,2.27,0.57,4,1.0,5,3,2,11,8,3,-1.35,-0.12,0.45454545454545453,0.2727272727272727,0.18181818181818182,0.7272727272727273,0.2727272727272727,25,0.5,-7.58,-0.15,50,7,0.4375,-1.16,-0.07,16,401864578,2026,2
62,Hawai'i Rainbow Warriors,36,0.4864864864864865,29,0.6041666666666666,7,0.2692307692307692,6,0.375,5,0.3333333333333333,30,0.5172413793103449,58,0.603448275862069,0.39655172413793105,6.94,0.12,14,0.2413793103448276,35,10.52,0.3,23,0.6571428571428571,23,-3.59,-0.16,7,0.30434782608695654,16,0.75,0.25,-6.19,-0.39,10,0.625,12,3.51,0.29,8,0.6666666666666666,4,-9.69,-2.42,2,0.5,6,6,0,16,13,3,-9.75,-0.61,0.375,0.375,0.0,0.8125,0.1875,29,0.5576923076923077,9.76,0.19,52,7,0.3181818181818182,-12.57,-0.57,22,401864578,2026,2
221,Pittsburgh Panthers,28,0.4745762711864407,8,0.32,20,0.5882352941176471,4,0.4,5,0.5,23,0.46938775510204084,49,0.40816326530612246,0.5918367346938775,1.96,0.04,12,0.24489795918367346,20,-4.32,-0.22,7,0.35,29,6.28,0.22,16,0.5517241379310345,13,0.46153846153846156,0.5384615384615384,2.83,0.22,8,0.6153846153846154,6,-3.24,-0.54,2,0.3333333333333333,7,6.08,0.87,6,0.8571428571428571,5,1,4,10,5,5,0.29,0.03,0.5,0.1,0.4,0.5,0.5,23,0.5227272727272727,7.78,0.18,44,5,0.3333333333333333,-5.53,-0.37,15,401858225,2026,3
183,Syracuse Orange,28,0.39436619718309857,13,0.37142857142857144,15,0.4166666666666667,1,0.07142857142857142,5,0.35714285714285715,23,0.4107142857142857,56,0.44642857142857145,0.5535714285714286,-3.0,-0.05,16,0.2857142857142857,25,-0.93,-0.04,11,0.44,31,-2.06,-0.07,12,0.3870967741935484,12,0.6666666666666666,0.3333333333333333,-0.24,-0.02,5,0.4166666666666667,8,-0.96,-0.12,2,0.25,4,0.72,0.18,3,0.75,5,2,3,15,10,5,-2.07,-0.14,0.3333333333333333,0.13333333333333333,0.2,0.6666666666666666,0.3333333333333333,21,0.42857142857142855,1.86,0.04,49,7,0.3181818181818182,-6.93,-0.32,22,401858225,2026,3
154,Wake Forest Demon Deacons,29,0.4603174603174603,22,0.4489795918367347,6,0.46153846153846156,5,0.5555555555555556,6,0.46153846153846156,22,0.46808510638297873,47,0.7872340425531915,0.2127659574468085,11.38,0.24,11,0.23404255319148937,37,12.5,0.34,18,0.4864864864864865,10,-1.12,-0.11,4,0.4,3,1.0,0.0,-2.65,-0.88,0,0.0,3,-2.65,-0.88,0,0.0,,,,,,7,4,2,16,12,3,-6.09,-0.38,0.4375,0.25,0.125,0.75,0.1875,19,0.4634146341463415,2.7,0.07,41,10,0.45454545454545453,2.59,0.12,22,401858226,2026,3
2390,Miami Hurricanes,29,0.453125,18,0.5294117647058824,11,0.36666666666666664,6,0.6,5,0.4166666666666667,24,0.46153846153846156,52,0.5192307692307693,0.4807692307692308,8.56,0.16,13,0.25,27,7.3,0.27,16,0.5925925925925926,25,1.26,0.05,8,0.32,13,0.38461538461538464,0.6153846153846154,3.05,0.23,8,0.6153846153846154,5,3.1,0.62,5,1.0,8,-0.05,-0.01,3,0.375,5,2,3,12,7,5,-2.19,-0.18,0.4166666666666667,0.16666666666666666,0.25,0.5833333333333334,0.4166666666666667,23,0.5227272727272727,14.85,0.34,44,6,0.3,-8.48,-0.42,20,401858226,2026,3
248,Houston Cougars,40,0.5405405405405406,20,0.4878048780487805,20,0.6060606060606061,5,0.45454545454545453,9,0.6,31,0.5254237288135594,59,0.5423728813559322,0.4576271186440678,5.64,0.1,16,0.2711864406779661,32,4.13,0.13,16,0.5,27,1.51,0.06,15,0.5555555555555556,9,0.5555555555555556,0.4444444444444444,7.75,0.86,6,0.6666666666666666,5,7.46,1.49,4,0.8,4,0.29,0.07,2,0.5,9,4,5,15,9,6,6.7,0.45,0.6,0.26666666666666666,0.3333333333333333,0.6,0.4,32,0.5714285714285714,6.86,0.12,56,8,0.4444444444444444,5.48,0.3,18,401856811,2026,3
2641,Texas Tech Red Raiders,30,0.5084745762711864,15,0.5172413793103449,15,0.5,5,0.7142857142857143,7,0.6363636363636364,23,0.48936170212765956,47,0.425531914893617,0.574468085106383,2.56,0.05,11,0.23404255319148937,20,0.08,0.0,10,0.5,27,2.48,0.09,13,0.48148148148148145,10,0.6,0.4,6.79,0.68,8,0.8,6,0.29,0.05,4,0.6666666666666666,4,6.5,1.63,4,1.0,7,5,2,12,9,3,9.71,0.81,0.5833333333333334,0.4166666666666667,0.16666666666666666,0.75,0.25,22,0.5238095238095238,3.72,0.09,42,8,0.47058823529411764,8.55,0.5,17,401856811,2026,3
2502,Portland State Vikings,9,0.25,6,0.2727272727272727,3,0.21428571428571427,,,2,0.2222222222222222,7,0.25925925925925924,27,0.6296296296296297,0.37037037037037035,-8.21,-0.3,4,0.14814814814814814,17,-4.08,-0.24,5,0.29411764705882354,10,-4.13,-0.41,2,0.2,8,0.625,0.375,-1.56,-0.19,2,0.25,5,-1.23,-0.25,1,0.2,3,-0.33,-0.11,1,0.3333333333333333,2,1,1,9,5,4,-6.08,-0.68,0.2222222222222222,0.1111111111111111,0.1111111111111111,0.5555555555555556,0.4444444444444444,5,0.25,-9.68,-0.48,20,4,0.25,-4.62,-0.29,16,401858455,2026,3
2483,Oregon Ducks,58,0.6105263157894737,30,0.6521739130434783,28,0.5833333333333334,20,0.7407407407407407,11,0.7857142857142857,45,0.5769230769230769,78,0.47435897435897434,0.5256410256410257,23.49,0.3,24,0.3076923076923077,37,10.62,0.29,23,0.6216216216216216,41,12.88,0.31,22,0.5365853658536586,14,0.42857142857142855,0.5714285714285714,8.1,0.58,10,0.7142857142857143,6,6.09,1.01,6,1.0,8,2.01,0.25,4,0.5,13,7,6,16,9,7,18.0,1.13,0.8125,0.4375,0.375,0.5625,0.4375,46,0.6133333333333333,27.14,0.36,75,12,0.631578947368421,14.35,0.76,19,401858455,2026,3
251,Texas Longhorns,38,0.4470588235294118,14,0.3684210526315789,24,0.5106382978723404,6,0.42857142857142855,7,0.4117647058823529,31,0.47692307692307695,65,0.36923076923076925,0.6307692307692307,0.32,0.0,16,0.24615384615384617,24,1.75,0.07,10,0.4166666666666667,41,-1.43,-0.03,21,0.5121951219512195,16,0.4375,0.5625,-5.22,-0.33,5,0.3125,7,-3.5,-0.5,1,0.14285714285714285,9,-1.73,-0.19,4,0.4444444444444444,7,4,3,20,14,6,-11.29,-0.56,0.35,0.2,0.15,0.7,0.3,29,0.5087719298245614,0.33,0.01,57,9,0.32142857142857145,-11.31,-0.4,28,401856693,2026,3
2636,UTSA Roadrunners,14,0.30434782608695654,5,0.20833333333333334,9,0.4090909090909091,1,0.25,2,0.18181818181818182,12,0.34285714285714286,35,0.4857142857142857,0.5142857142857142,-8.72,-0.25,6,0.17142857142857143,17,-6.33,-0.37,4,0.23529411764705882,18,-2.39,-0.13,8,0.4444444444444444,8,0.875,0.125,-2.91,-0.36,2,0.25,7,-2.1,-0.3,2,0.2857142857142857,1,-0.81,-0.81,0,0.0,2,1,1,11,7,4,-6.37,-0.58,0.18181818181818182,0.09090909090909091,0.09090909090909091,0.6363636363636364,0.36363636363636365,10,0.35714285714285715,-7.92,-0.28,28,4,0.2222222222222222,-7.17,-0.4,18,401856693,2026,3
8,Arkansas Razorbacks,27,0.43548387096774194,23,0.5111111111111111,4,0.23529411764705882,2,0.4,4,0.36363636363636365,22,0.4489795918367347,49,0.6938775510204082,0.30612244897959184,-4.85,-0.1,11,0.22448979591836735,34,-2.76,-0.08,18,0.5294117647058824,15,-2.09,-0.14,4,0.26666666666666666,5,1.0,0.0,1.52,0.3,4,0.8,5,1.52,0.3,4,0.8,,,,,,5,5,0,13,11,2,4.36,0.34,0.38461538461538464,0.38461538461538464,0.0,0.8461538461538461,0.15384615384615385,22,0.5238095238095238,2.83,0.07,42,5,0.25,-3.32,-0.17,20,401856686,2026,3
61,Georgia Bulldogs,37,0.5967741935483871,12,0.5,25,0.6578947368421053,9,0.5294117647058824,7,0.6363636363636364,29,0.58,50,0.32,0.68,8.51,0.17,10,0.2,16,1.32,0.08,8,0.5,34,7.18,0.21,21,0.6176470588235294,13,0.07692307692307693,0.9230769230769231,9.34,0.72,10,0.7692307692307693,1,0.43,0.43,1,1.0,12,8.9,0.74,9,0.75,8,4,4,12,8,4,11.43,0.95,0.6666666666666666,0.3333333333333333,0.3333333333333333,0.6666666666666666,0.3333333333333333,30,0.6521739130434783,20.08,0.44,46,7,0.4375,-0.14,-0.01,16,401856686,2026,3
127,Michigan State Spartans,17,0.3695652173913043,8,0.34782608695652173,9,0.391304347826087,2,0.3333333333333333,5,0.45454545454545453,11,0.3235294117647059,34,0.5,0.5,-6.34,-0.19,5,0.14705882352941177,17,-7.09,-0.42,6,0.35294117647058826,17,0.74,0.04,5,0.29411764705882354,11,0.09090909090909091,0.9090909090909091,6.27,0.57,5,0.45454545454545453,1,4.18,4.18,1,1.0,10,2.09,0.21,4,0.4,6,2,4,12,6,6,-1.31,-0.11,0.5,0.16666666666666666,0.3333333333333333,0.5,0.5,12,0.375,-8.03,-0.25,32,5,0.35714285714285715,0.38,0.03,14,401858453,2026,3
87,Notre Dame Fighting Irish,33,0.515625,12,0.48,21,0.5384615384615384,7,0.4666666666666667,4,0.36363636363636365,27,0.54,50,0.36,0.64,10.29,0.21,12,0.24,18,10.11,0.56,10,0.5555555555555556,32,0.18,0.01,17,0.53125,4,0.75,0.25,-1.95,-0.49,0,0.0,3,-1.62,-0.54,0,0.0,1,-0.33,-0.33,0,0.0,6,2,4,14,7,7,0.87,0.06,0.42857142857142855,0.14285714285714285,0.2857142857142857,0.5,0.5,29,0.5918367346938775,13.92,0.28,49,4,0.26666666666666666,-2.76,-0.18,15,401858453,2026,3
84,Indiana Hoosiers,36,0.5454545454545454,16,0.5925925925925926,20,0.5128205128205128,6,0.8571428571428571,2,0.2,33,0.6111111111111112,54,0.37037037037037035,0.6296296296296297,17.07,0.32,19,0.35185185185185186,20,11.16,0.56,14,0.7,34,5.91,0.17,19,0.5588235294117647,12,0.4166666666666667,0.5833333333333334,1.27,0.11,7,0.5833333333333334,5,-1.23,-0.25,2,0.4,7,2.5,0.36,5,0.7142857142857143,3,2,1,12,7,5,-3.94,-0.33,0.25,0.16666666666666666,0.08333333333333333,0.5833333333333334,0.4166666666666667,34,0.6538461538461539,20.31,0.39,52,2,0.14285714285714285,-7.18,-0.51,14,401858449,2026,3
98,Western Kentucky Hilltoppers,20,0.3389830508474576,9,0.28125,11,0.4074074074074074,2,0.4,4,0.26666666666666666,16,0.3902439024390244,41,0.4634146341463415,0.5365853658536586,-4.87,-0.12,6,0.14634146341463414,19,-0.34,-0.02,7,0.3684210526315789,22,-4.53,-0.21,9,0.4090909090909091,12,0.6666666666666666,0.3333333333333333,-8.78,-0.73,3,0.25,8,-4.91,-0.61,2,0.25,4,-3.86,-0.97,1,0.25,4,2,2,18,13,5,-18.13,-1.01,0.2222222222222222,0.1111111111111111,0.1111111111111111,0.7222222222222222,0.2777777777777778,11,0.3055555555555556,-18.91,-0.53,36,9,0.391304347826087,-4.1,-0.18,23,401858449,2026,3
194,Ohio State Buckeyes,35,0.5303030303030303,20,0.6896551724137931,15,0.40540540540540543,10,0.43478260869565216,1,0.125,32,0.5925925925925926,54,0.46296296296296297,0.5370370370370371,24.5,0.45,17,0.3148148148148148,25,23.62,0.94,20,0.8,29,0.88,0.03,12,0.41379310344827586,16,0.5625,0.4375,4.12,0.26,8,0.5,9,5.66,0.63,6,0.6666666666666666,7,-1.54,-0.22,2,0.2857142857142857,3,0,3,12,4,8,-12.86,-1.07,0.25,0.0,0.25,0.3333333333333333,0.6666666666666666,32,0.5818181818181818,20.52,0.37,55,3,0.2727272727272727,-8.89,-0.81,11,401858454,2026,3
2309,Kent State Golden Flashes,15,0.2727272727272727,3,0.13636363636363635,12,0.36363636363636365,2,0.3333333333333333,7,0.4375,8,0.21621621621621623,37,0.35135135135135137,0.6486486486486487,-18.96,-0.51,1,0.02702702702702703,13,-5.93,-0.46,1,0.07692307692307693,24,-13.03,-0.54,7,0.2916666666666667,7,0.42857142857142855,0.5714285714285714,-0.92,-0.13,3,0.42857142857142855,3,-1.36,-0.45,1,0.3333333333333333,4,0.44,0.11,2,0.5,7,2,5,18,9,9,-8.05,-0.45,0.3888888888888889,0.1111111111111111,0.2777777777777778,0.5,0.5,6,0.2,-25.6,-0.85,30,9,0.36,-1.42,-0.06,25,401858454,2026,3
99,LSU Tigers,31,0.4492753623188406,13,0.4482758620689655,18,0.45,6,0.42857142857142855,9,0.5625,20,0.4,50,0.34,0.66,-11.47,-0.23,6,0.12,17,-6.84,-0.4,7,0.4117647058823529,33,-4.63,-0.14,13,0.3939393939393939,12,0.4166666666666667,0.5833333333333334,2.61,0.22,4,0.3333333333333333,5,1.93,0.39,2,0.4,7,0.67,0.1,2,0.2857142857142857,11,6,5,19,12,7,18.53,0.98,0.5789473684210527,0.3157894736842105,0.2631578947368421,0.631578947368421,0.3684210526315789,24,0.5217391304347826,4.79,0.1,46,7,0.30434782608695654,2.27,0.1,23,401856688,2026,3
145,Ole Miss Rebels,32,0.4507042253521127,23,0.45098039215686275,9,0.42857142857142855,4,0.6666666666666666,10,0.6666666666666666,21,0.38181818181818183,55,0.7090909090909091,0.3090909090909091,2.59,0.05,13,0.23636363636363636,39,-1.07,-0.03,15,0.38461538461538464,17,1.8,0.11,6,0.35294117647058826,11,0.8181818181818182,0.18181818181818182,1.71,0.16,5,0.45454545454545453,9,2.79,0.31,5,0.5555555555555556,2,-1.08,-0.54,0,0.0,11,8,3,16,12,4,13.61,0.85,0.6875,0.5,0.1875,0.75,0.25,20,0.43478260869565216,9.46,0.21,46,12,0.48,6.75,0.27,25,401856688,2026,3
96,Kentucky Wildcats,28,0.5384615384615384,13,0.65,15,0.46875,7,0.7777777777777778,3,0.3333333333333333,24,0.5714285714285714,42,0.42857142857142855,0.5714285714285714,17.56,0.42,13,0.30952380952380953,18,13.8,0.77,12,0.6666666666666666,24,3.77,0.16,12,0.5,11,0.45454545454545453,0.5454545454545454,12.81,1.16,9,0.8181818181818182,5,9.29,1.86,5,1.0,6,3.52,0.59,4,0.6666666666666666,4,1,3,10,2,8,0.37,0.04,0.4,0.1,0.3,0.2,0.8,22,0.55,14.06,0.35,40,6,0.5,3.88,0.32,12,401856694,2026,3
245,Texas A&M Aggies,38,0.4523809523809524,19,0.3877551020408163,19,0.5428571428571428,6,0.4,10,0.5882352941176471,25,0.4098360655737705,61,0.6229508196721312,0.3770491803278688,-10.59,-0.17,10,0.16393442622950818,38,-12.17,-0.32,13,0.34210526315789475,23,1.58,0.07,12,0.5217391304347826,7,0.42857142857142855,0.5714285714285714,-1.13,-0.16,2,0.2857142857142857,3,-0.37,-0.12,1,0.3333333333333333,4,-0.76,-0.19,1,0.25,13,6,7,23,11,12,4.68,0.2,0.5652173913043478,0.2608695652173913,0.30434782608695654,0.4782608695652174,0.5217391304347826,24,0.41379310344827586,-16.58,-0.29,58,14,0.5384615384615384,10.66,0.41,26,401856694,2026,3
333,Alabama Crimson Tide,39,0.6,20,0.625,19,0.59375,3,0.5,6,0.5454545454545454,31,0.6078431372549019,51,0.43137254901960786,0.5686274509803921,16.68,0.33,15,0.29411764705882354,22,9.26,0.42,14,0.6363636363636364,29,7.41,0.26,17,0.5862068965517241,8,0.75,0.125,14.71,1.84,7,0.875,6,14.9,2.48,6,1.0,1,0.01,0.01,1,1.0,8,6,2,13,10,3,11.56,0.89,0.6153846153846154,0.46153846153846156,0.15384615384615385,0.7692307692307693,0.23076923076923078,28,0.6086956521739131,22.25,0.48,46,11,0.6111111111111112,5.98,0.33,18,401856685,2026,3
52,Florida State Seminoles,28,0.4375,16,0.5,12,0.375,7,0.4666666666666667,10,0.7142857142857143,17,0.3541666666666667,48,0.4583333333333333,0.5416666666666666,-3.45,-0.07,7,0.14583333333333334,22,-1.1,-0.05,10,0.45454545454545453,26,-2.35,-0.09,7,0.2692307692307692,16,0.5,0.5,4.68,0.29,5,0.3125,8,2.46,0.31,2,0.25,8,2.21,0.28,3,0.375,11,6,5,16,10,6,19.66,1.23,0.6875,0.375,0.3125,0.625,0.375,18,0.391304347826087,-2.69,-0.06,46,10,0.5555555555555556,18.9,1.05,18,401856685,2026,3
252,BYU Cougars,34,0.6181818181818182,11,0.6470588235294118,23,0.6052631578947368,7,0.4375,4,0.5,30,0.6382978723404256,47,0.2978723404255319,0.7021276595744681,18.38,0.39,15,0.3191489361702128,14,4.44,0.32,9,0.6428571428571429,33,13.94,0.42,21,0.6363636363636364,9,0.4444444444444444,0.5555555555555556,7.16,0.8,7,0.7777777777777778,4,2.31,0.58,3,0.75,5,4.85,0.97,4,0.8,4,2,2,8,3,5,-0.02,-0.0,0.5,0.25,0.25,0.375,0.625,30,0.6666666666666666,18.28,0.41,45,4,0.4,0.09,0.01,10,401856795,2026,3
36,Colorado State Rams,29,0.4461538461538462,19,0.4634146341463415,10,0.4166666666666667,9,0.6923076923076923,8,0.5714285714285714,21,0.42,50,0.62,0.38,0.83,0.02,8,0.16,31,3.4,0.11,15,0.4838709677419355,19,-2.58,-0.14,6,0.3157894736842105,14,0.7857142857142857,0.21428571428571427,-2.77,-0.2,7,0.5,11,-1.53,-0.14,6,0.5454545454545454,3,-1.24,-0.41,1,0.3333333333333333,8,4,4,15,10,5,4.53,0.3,0.5333333333333333,0.26666666666666666,0.26666666666666666,0.6666666666666666,0.3333333333333333,23,0.5,9.26,0.2,46,6,0.3157894736842105,-3.9,-0.21,19,401856795,2026,3
30,USC Trojans,33,0.5238095238095238,17,0.5151515151515151,16,0.5333333333333333,5,0.3125,5,0.5,27,0.5294117647058824,51,0.49019607843137253,0.5098039215686274,9.12,0.18,16,0.3137254901960784,25,4.43,0.18,14,0.56,26,4.69,0.18,13,0.5,7,0.8571428571428571,0.14285714285714285,1.61,0.23,3,0.42857142857142855,6,1.34,0.22,2,0.3333333333333333,1,0.27,0.27,1,1.0,6,3,3,12,8,4,8.4,0.7,0.5,0.25,0.25,0.6666666666666666,0.3333333333333333,27,0.5625,14.4,0.3,48,6,0.4,3.12,0.21,15,401858457,2026,3
164,Rutgers Scarlet Knights,37,0.5441176470588235,17,0.4473684210526316,20,0.6666666666666666,6,0.6,6,0.5454545454545454,27,0.5094339622641509,53,0.5660377358490566,0.4339622641509434,3.62,0.07,13,0.24528301886792453,30,-6.34,-0.21,12,0.4,23,9.96,0.43,15,0.6521739130434783,18,0.8888888888888888,0.1111111111111111,11.27,0.63,10,0.5555555555555556,16,9.95,0.62,8,0.5,2,1.32,0.66,2,1.0,10,5,5,15,8,7,15.71,1.05,0.6666666666666666,0.3333333333333333,0.3333333333333333,0.5333333333333333,0.4666666666666667,25,0.5434782608695652,4.58,0.1,46,12,0.5454545454545454,14.75,0.67,22,401858457,2026,3
2084,Buffalo Bulls,15,0.23809523809523808,5,0.19230769230769232,10,0.2702702702702703,3,0.3,2,0.13333333333333333,12,0.2553191489361702,47,0.2978723404255319,0.7021276595744681,-11.42,-0.24,6,0.1276595744680851,14,-6.21,-0.44,3,0.21428571428571427,33,-5.21,-0.16,9,0.2727272727272727,14,0.5,0.5,-1.27,-0.09,4,0.2857142857142857,7,-4.23,-0.6,1,0.14285714285714285,7,2.96,0.42,3,0.42857142857142855,3,2,1,16,12,4,-9.99,-0.62,0.1875,0.125,0.0625,0.75,0.25,10,0.24390243902439024,-8.32,-0.2,41,5,0.22727272727272727,-13.09,-0.6,22,401858456,2026,3
213,Penn State Nittany Lions,33,0.4925373134328358,14,0.5185185185185185,19,0.475,8,0.47058823529411764,3,0.3,30,0.5357142857142857,56,0.3392857142857143,0.6607142857142857,23.75,0.42,15,0.26785714285714285,19,13.22,0.7,11,0.5789473684210527,37,10.53,0.28,19,0.5135135135135135,8,0.5,0.5,9.56,1.19,5,0.625,4,8.98,2.24,4,1.0,4,0.58,0.14,1,0.25,3,3,0,11,8,3,-7.47,-0.68,0.2727272727272727,0.2727272727272727,0.0,0.7272727272727273,0.2727272727272727,27,0.5094339622641509,15.69,0.3,53,6,0.42857142857142855,0.59,0.04,14,401858456,2026,3
2633,Tennessee Volunteers,36,0.5373134328358209,13,0.48148148148148145,23,0.575,6,0.42857142857142855,4,0.4,32,0.5614035087719298,57,0.38596491228070173,0.6140350877192983,18.19,0.32,17,0.2982456140350877,22,7.62,0.35,12,0.5454545454545454,35,10.58,0.3,20,0.5714285714285714,15,0.4666666666666667,0.5333333333333333,2.79,0.19,8,0.5333333333333333,7,-2.13,-0.3,2,0.2857142857142857,8,4.92,0.61,6,0.75,4,1,3,10,5,5,-0.44,-0.04,0.4,0.1,0.3,0.5,0.5,28,0.5714285714285714,12.41,0.25,49,8,0.4444444444444444,5.34,0.3,18,401856692,2026,3
338,Kennesaw State Owls,27,0.421875,17,0.4722222222222222,10,0.35714285714285715,2,0.2222222222222222,5,0.38461538461538464,22,0.43137254901960786,51,0.5294117647058824,0.47058823529411764,-1.1,-0.02,13,0.2549019607843137,27,6.13,0.23,15,0.5555555555555556,24,-7.23,-0.3,7,0.2916666666666667,11,0.5454545454545454,0.45454545454545453,-4.8,-0.44,3,0.2727272727272727,6,-0.95,-0.16,2,0.3333333333333333,5,-3.85,-0.77,1,0.2,5,2,3,13,9,4,1.78,0.14,0.38461538461538464,0.15384615384615385,0.23076923076923078,0.6923076923076923,0.3076923076923077,16,0.43243243243243246,3.01,0.08,37,11,0.4074074074074074,-2.34,-0.09,27,401856692,2026,3
2567,SMU Mustangs,36,0.45,16,0.42105263157894735,20,0.47619047619047616,4,0.5,4,0.2857142857142857,29,0.47540983606557374,61,0.4426229508196721,0.5573770491803278,-6.94,-0.11,11,0.18032786885245902,27,-0.59,-0.02,12,0.4444444444444444,34,-6.35,-0.19,17,0.5,14,0.6428571428571429,0.35714285714285715,-2.43,-0.17,6,0.42857142857142855,9,0.01,0.0,5,0.5555555555555556,5,-2.43,-0.49,1,0.2,7,4,3,19,11,8,1.02,0.05,0.3684210526315789,0.21052631578947367,0.15789473684210525,0.5789473684210527,0.42105263157894735,25,0.423728813559322,-14.34,-0.24,59,11,0.5238095238095238,8.42,0.4,21,401858230,2026,3
97,Louisville Cardinals,31,0.543859649122807,12,0.5217391304347826,19,0.5588235294117647,5,0.625,3,0.3333333333333333,28,0.5833333333333334,48,0.375,0.625,24.44,0.51,12,0.25,18,10.11,0.56,11,0.6111111111111112,30,14.33,0.48,17,0.5666666666666667,7,0.42857142857142855,0.5714285714285714,2.68,0.38,2,0.2857142857142857,3,-0.27,-0.09,1,0.3333333333333333,4,2.95,0.74,1,0.25,3,1,2,9,5,4,-1.69,-0.19,0.3333333333333333,0.1111111111111111,0.2222222222222222,0.5555555555555556,0.4444444444444444,29,0.6170212765957447,22.99,0.49,47,2,0.2,-0.25,-0.02,10,401858230,2026,3
328,Utah State Aggies,15,0.2777777777777778,9,0.2727272727272727,6,0.2857142857142857,1,0.14285714285714285,6,0.4,9,0.23684210526315788,38,0.5789473684210527,0.42105263157894735,-10.79,-0.28,4,0.10526315789473684,22,-6.66,-0.3,6,0.2727272727272727,16,-4.13,-0.26,3,0.1875,14,0.6428571428571429,0.35714285714285715,-3.49,-0.25,4,0.2857142857142857,9,-3.73,-0.41,3,0.3333333333333333,5,0.24,0.05,1,0.2,6,3,3,16,11,5,-8.79,-0.55,0.375,0.1875,0.1875,0.6875,0.3125,9,0.28125,-16.55,-0.52,32,6,0.2727272727272727,-3.03,-0.14,22,401856801,2026,3
254,Utah Utes,31,0.4246575342465753,18,0.47368421052631576,13,0.37142857142857144,1,0.5,11,0.6470588235294118,20,0.37037037037037035,54,0.5555555555555556,0.4444444444444444,-2.65,-0.05,11,0.2037037037037037,30,1.11,0.04,14,0.4666666666666667,24,-3.76,-0.16,6,0.25,11,0.7272727272727273,0.2727272727272727,-1.99,-0.18,2,0.18181818181818182,8,2.23,0.28,2,0.25,3,-4.22,-1.41,0,0.0,11,4,7,19,8,11,10.77,0.57,0.5789473684210527,0.21052631578947367,0.3684210526315789,0.42105263157894735,0.5789473684210527,21,0.4375,0.97,0.02,48,10,0.4,7.15,0.29,25,401856801,2026,3
2460,Northern Iowa Panthers,17,0.29310344827586204,8,0.2222222222222222,9,0.4090909090909091,,,3,0.2,14,0.3333333333333333,42,0.5238095238095238,0.47619047619047616,-9.28,-0.22,3,0.07142857142857142,22,-7.01,-0.32,5,0.22727272727272727,20,-2.28,-0.11,9,0.45,12,0.5833333333333334,0.4166666666666667,-2.95,-0.25,3,0.25,7,-3.06,-0.44,1,0.14285714285714285,5,0.11,0.02,2,0.4,3,3,0,16,14,2,-9.19,-0.57,0.1875,0.1875,0.0,0.875,0.125,13,0.37142857142857144,-11.49,-0.33,35,4,0.17391304347826086,-6.99,-0.3,23,401858471,2026,3
2294,Iowa Hawkeyes,37,0.578125,15,0.625,22,0.55,5,0.8333333333333334,3,0.375,34,0.6181818181818182,55,0.38181818181818183,0.6181818181818182,28.67,0.52,20,0.36363636363636365,21,11.24,0.54,15,0.7142857142857143,34,17.43,0.51,19,0.5588235294117647,11,0.6363636363636364,0.36363636363636365,4.11,0.37,7,0.6363636363636364,7,0.42,0.06,4,0.5714285714285714,4,3.69,0.92,3,0.75,3,0,3,9,3,6,-2.27,-0.25,0.3333333333333333,0.0,0.3333333333333333,0.3333333333333333,0.6666666666666666,33,0.66,31.52,0.63,50,4,0.2857142857142857,-5.13,-0.37,14,401858471,2026,3
2638,UTEP Miners,14,0.2978723404255319,6,0.3157894736842105,8,0.2857142857142857,1,0.25,3,0.25,10,0.30303030303030304,33,0.48484848484848486,0.5151515151515151,-11.3,-0.34,4,0.12121212121212122,16,-5.53,-0.35,5,0.3125,17,-5.77,-0.34,5,0.29411764705882354,6,0.0,1.0,-5.29,-0.88,0,0.0,,,,,,6,-5.29,-0.88,0,0.0,4,1,3,14,3,11,-4.57,-0.33,0.2857142857142857,0.07142857142857142,0.21428571428571427,0.21428571428571427,0.7857142857142857,11,0.4230769230769231,2.72,0.1,26,3,0.14285714285714285,-18.6,-0.89,21,401858450,2026,3
130,Michigan Wolverines,40,0.5797101449275363,18,0.6206896551724138,22,0.55,9,0.8181818181818182,9,0.75,29,0.5272727272727272,55,0.38181818181818183,0.6181818181818182,4.19,0.08,12,0.21818181818181817,21,8.1,0.39,12,0.5714285714285714,34,-3.9,-0.11,17,0.5,13,0.6153846153846154,0.38461538461538464,6.33,0.49,9,0.6923076923076923,8,5.11,0.64,5,0.625,5,1.23,0.25,4,0.8,11,6,5,14,8,6,17.1,1.22,0.7857142857142857,0.42857142857142855,0.35714285714285715,0.5714285714285714,0.42857142857142855,32,0.5714285714285714,17.23,0.31,56,8,0.6153846153846154,4.06,0.31,13,401858450,2026,3
2653,Troy Trojans,27,0.375,11,0.3142857142857143,16,0.43243243243243246,0,0.0,7,0.4117647058823529,19,0.3584905660377358,53,0.4528301886792453,0.5471698113207547,-14.19,-0.27,5,0.09433962264150944,24,-8.74,-0.36,8,0.3333333333333333,29,-5.44,-0.19,11,0.3793103448275862,9,0.4444444444444444,0.5555555555555556,-5.36,-0.6,4,0.4444444444444444,4,-5.11,-1.28,1,0.25,5,-0.25,-0.05,3,0.6,8,3,5,19,11,8,1.87,0.1,0.42105263157894735,0.15789473684210525,0.2631578947368421,0.5789473684210527,0.42105263157894735,18,0.3673469387755102,-12.37,-0.25,49,9,0.391304347826087,0.05,0.0,23,401856689,2026,3
142,Missouri Tigers,17,0.3617021276595745,7,0.35,10,0.37037037037037035,2,0.25,3,0.2727272727272727,14,0.3888888888888889,36,0.3055555555555556,0.6944444444444444,-0.61,-0.02,9,0.25,11,-5.17,-0.47,4,0.36363636363636365,25,4.56,0.18,10,0.4,12,0.25,0.75,3.39,0.28,6,0.5,3,-0.09,-0.03,1,0.3333333333333333,9,3.48,0.39,5,0.5555555555555556,3,3,0,11,9,2,-5.24,-0.48,0.2727272727272727,0.2727272727272727,0.0,0.8181818181818182,0.18181818181818182,13,0.4482758620689655,7.47,0.26,29,4,0.2222222222222222,-13.32,-0.74,18,401856689,2026,3
167,New Mexico Lobos,13,0.22413793103448276,6,0.24,7,0.21212121212121213,1,0.1111111111111111,3,0.21428571428571427,9,0.21428571428571427,42,0.4523809523809524,0.5476190476190477,-17.35,-0.41,6,0.14285714285714285,19,-5.53,-0.29,6,0.3157894736842105,23,-11.81,-0.51,3,0.13043478260869565,11,0.45454545454545453,0.5454545454545454,-2.04,-0.19,4,0.36363636363636365,5,-1.92,-0.38,2,0.4,6,-0.12,-0.02,2,0.3333333333333333,4,0,4,16,6,10,-5.84,-0.37,0.25,0.0,0.25,0.375,0.625,8,0.24242424242424243,-10.54,-0.32,33,5,0.2,-12.65,-0.51,25,401856690,2026,3
201,Oklahoma Sooners,20,0.35714285714285715,13,0.48148148148148145,7,0.2413793103448276,,,6,0.4,14,0.34146341463414637,41,0.36585365853658536,0.6341463414634146,-5.11,-0.12,4,0.0975609756097561,15,8.92,0.59,9,0.6,26,-14.04,-0.54,5,0.19230769230769232,13,0.6923076923076923,0.3076923076923077,-5.97,-0.46,4,0.3076923076923077,9,-4.55,-0.51,3,0.3333333333333333,4,-1.42,-0.36,1,0.25,6,4,2,15,12,3,-0.69,-0.05,0.4,0.26666666666666666,0.13333333333333333,0.8,0.2,12,0.3333333333333333,-9.05,-0.25,36,8,0.4,3.25,0.16,20,401856690,2026,3
277,West Virginia Mountaineers,31,0.4626865671641791,7,0.3888888888888889,24,0.4897959183673469,6,0.6,8,0.5333333333333333,22,0.43137254901960786,51,0.21568627450980393,0.7843137254901961,5.48,0.11,9,0.17647058823529413,11,1.98,0.18,4,0.36363636363636365,40,3.5,0.09,18,0.45,9,0.2222222222222222,0.7777777777777778,2.86,0.32,4,0.4444444444444444,2,1.51,0.75,1,0.5,7,1.35,0.19,3,0.42857142857142855,9,3,6,16,7,9,12.5,0.78,0.5625,0.1875,0.375,0.4375,0.5625,21,0.4772727272727273,5.23,0.12,44,10,0.43478260869565216,12.76,0.55,23,401856802,2026,3
258,Virginia Cavaliers,30,0.42857142857142855,17,0.4722222222222222,13,0.38235294117647056,5,0.4166666666666667,6,0.375,21,0.4117647058823529,51,0.4117647058823529,0.5882352941176471,0.35,0.01,9,0.17647058823529413,21,0.35,0.02,11,0.5238095238095238,30,-0.01,-0.0,10,0.3333333333333333,11,0.5454545454545454,0.45454545454545453,-4.06,-0.37,4,0.36363636363636365,6,-3.63,-0.6,2,0.3333333333333333,5,-0.43,-0.09,2,0.4,9,6,3,19,15,4,6.6,0.35,0.47368421052631576,0.3157894736842105,0.15789473684210525,0.7894736842105263,0.21052631578947367,25,0.4807692307692308,8.58,0.16,52,5,0.2777777777777778,-1.64,-0.09,18,401856802,2026,3
324,Coastal Carolina Chanticleers,25,0.4098360655737705,13,0.43333333333333335,12,0.3870967741935484,0,0.0,6,0.5,19,0.3958333333333333,48,0.4375,0.5625,5.49,0.11,12,0.25,21,3.18,0.15,9,0.42857142857142855,27,2.32,0.09,10,0.37037037037037035,14,0.42857142857142855,0.5714285714285714,0.18,0.01,5,0.35714285714285715,6,-1.36,-0.23,2,0.3333333333333333,8,1.54,0.19,3,0.375,6,4,2,13,9,4,-0.68,-0.05,0.46153846153846156,0.3076923076923077,0.15384615384615385,0.6923076923076923,0.3076923076923077,16,0.37209302325581395,-0.81,-0.02,43,9,0.5,5.63,0.31,18,401869940,2026,3
48,Delaware Blue Hens,30,0.4838709677419355,18,0.5294117647058824,12,0.4444444444444444,2,0.6666666666666666,5,0.4166666666666667,25,0.5208333333333334,48,0.5416666666666666,0.4583333333333333,14.86,0.31,14,0.2916666666666667,26,13.31,0.51,16,0.6153846153846154,22,1.55,0.07,9,0.4090909090909091,10,0.6,0.3,1.33,0.13,5,0.5,6,-2.23,-0.37,2,0.3333333333333333,3,3.72,1.24,3,1.0,5,2,3,13,8,5,-6.72,-0.52,0.38461538461538464,0.15384615384615385,0.23076923076923078,0.6153846153846154,0.38461538461538464,25,0.5434782608695652,11.22,0.24,46,5,0.3333333333333333,-3.08,-0.21,15,401869940,2026,3
2655,Tulane Green Wave,22,0.3728813559322034,9,0.28125,13,0.48148148148148145,1,0.5,7,0.4666666666666667,15,0.3409090909090909,44,0.5227272727272727,0.4772727272727273,-6.16,-0.14,8,0.18181818181818182,23,-7.65,-0.33,6,0.2608695652173913,21,1.49,0.07,9,0.42857142857142855,12,0.5833333333333334,0.4166666666666667,-2.45,-0.2,4,0.3333333333333333,7,0.39,0.06,3,0.42857142857142855,5,-2.83,-0.57,1,0.2,7,3,4,15,9,6,4.14,0.28,0.4666666666666667,0.2,0.26666666666666666,0.6,0.4,11,0.3235294117647059,-7.27,-0.21,34,11,0.44,5.25,0.21,25,401856792,2026,3
2306,Kansas State Wildcats,30,0.4838709677419355,16,0.5714285714285714,14,0.4117647058823529,10,0.5555555555555556,11,0.7333333333333333,18,0.391304347826087,46,0.43478260869565216,0.5652173913043478,10.83,0.24,8,0.17391304347826086,20,6.4,0.32,10,0.5,26,4.43,0.17,8,0.3076923076923077,11,0.5454545454545454,0.45454545454545453,8.84,0.8,5,0.45454545454545453,6,3.32,0.55,3,0.5,5,5.52,1.1,2,0.4,12,6,6,16,8,8,12.41,0.78,0.75,0.375,0.375,0.5,0.5,19,0.4318181818181818,8.13,0.18,44,11,0.6111111111111112,15.11,0.84,18,401856792,2026,3
189,Bowling Green Falcons,18,0.35294117647058826,5,0.22727272727272727,13,0.4482758620689655,,,2,0.16666666666666666,15,0.39473684210526316,38,0.34210526315789475,0.6578947368421053,-4.01,-0.11,5,0.13157894736842105,13,0.31,0.02,4,0.3076923076923077,25,-4.32,-0.17,11,0.44,,,,,,,,,,,,,,,,,,3,1,2,13,9,4,-9.75,-0.75,0.23076923076923078,0.07692307692307693,0.15384615384615385,0.6923076923076923,0.3076923076923077,15,0.4838709677419355,-1.73,-0.06,31,3,0.15,-12.02,-0.6,20,401856798,2026,3
66,Iowa State Cyclones,30,0.47619047619047616,9,0.47368421052631576,21,0.4772727272727273,3,0.3,5,0.5555555555555556,24,0.46153846153846156,52,0.28846153846153844,0.7115384615384616,9.96,0.19,14,0.2692307692307692,15,0.47,0.03,7,0.4666666666666667,37,9.49,0.26,17,0.4594594594594595,13,0.3076923076923077,0.6923076923076923,-5.8,-0.45,6,0.46153846153846156,4,0.81,0.2,3,0.75,9,-6.6,-0.73,3,0.3333333333333333,6,2,4,11,4,7,0.54,0.05,0.5454545454545454,0.18181818181818182,0.36363636363636365,0.36363636363636365,0.6363636363636364,27,0.5192307692307693,14.06,0.27,52,3,0.2727272727272727,-3.56,-0.32,11,401856798,2026,3
9,Arizona State Sun Devils,22,0.3492063492063492,8,0.32,14,0.3684210526315789,1,0.5,5,0.3125,16,0.35555555555555557,45,0.37777777777777777,0.6222222222222222,-3.77,-0.08,7,0.15555555555555556,17,-0.76,-0.04,6,0.35294117647058826,28,-3.01,-0.11,10,0.35714285714285715,13,0.46153846153846156,0.5384615384615384,1.16,0.09,5,0.38461538461538464,6,4.04,0.67,3,0.5,7,-2.89,-0.41,2,0.2857142857142857,6,2,4,18,8,10,-8.92,-0.5,0.3333333333333333,0.1111111111111111,0.2222222222222222,0.4444444444444444,0.5555555555555556,17,0.3953488372093023,-1.77,-0.04,43,5,0.25,-10.92,-0.55,20,401856812,2026,3
2305,Kansas Jayhawks,27,0.36486486486486486,12,0.35294117647058826,15,0.375,,,6,0.375,21,0.38181818181818183,55,0.41818181818181815,0.5818181818181818,-5.19,-0.09,13,0.23636363636363636,23,1.77,0.08,8,0.34782608695652173,32,-6.96,-0.22,13,0.40625,8,0.25,0.75,-4.34,-0.54,1,0.125,2,-1.52,-0.76,0,0.0,6,-2.81,-0.47,1,0.16666666666666666,6,4,2,19,11,8,-5.49,-0.29,0.3157894736842105,0.21052631578947367,0.10526315789473684,0.5789473684210527,0.42105263157894735,17,0.3953488372093023,-10.24,-0.24,43,10,0.3225806451612903,-0.44,-0.01,31,401856812,2026,3
2382,Mercer Bears,27,0.45,6,0.35294117647058826,21,0.4883720930232558,1,0.2,4,0.3076923076923077,23,0.48936170212765956,47,0.2978723404255319,0.7021276595744681,-5.28,-0.11,9,0.19148936170212766,14,-7.79,-0.56,5,0.35714285714285715,33,2.51,0.08,18,0.5454545454545454,12,0.16666666666666666,0.8333333333333334,3.64,0.3,6,0.5,2,-0.78,-0.39,0,0.0,10,4.42,0.44,6,0.6,4,1,3,13,3,10,-0.37,-0.03,0.3076923076923077,0.07692307692307693,0.23076923076923078,0.23076923076923078,0.7692307692307693,22,0.4888888888888889,-7.16,-0.16,45,5,0.3333333333333333,1.51,0.1,15,401858228,2026,3
59,Georgia Tech Yellow Jackets,30,0.5,14,0.6086956521739131,16,0.4444444444444444,8,0.5333333333333333,3,0.3,25,0.5319148936170213,47,0.3404255319148936,0.6595744680851063,15.89,0.34,11,0.23404255319148937,16,15.48,0.97,12,0.75,31,0.41,0.01,13,0.41935483870967744,6,0.5,0.5,4.66,0.78,3,0.5,3,4.29,1.43,2,0.6666666666666666,3,0.37,0.12,1,0.3333333333333333,5,2,3,12,7,5,0.06,0.01,0.4166666666666667,0.16666666666666666,0.25,0.5833333333333334,0.4166666666666667,26,0.5652173913043478,18.28,0.4,46,4,0.3076923076923077,-2.33,-0.18,13,401858228,2026,3
153,North Carolina Tar Heels,31,0.4492753623188406,10,0.30303030303030304,21,0.5833333333333334,6,0.35294117647058826,6,0.42857142857142855,24,0.4528301886792453,53,0.4528301886792453,0.5471698113207547,-4.86,-0.09,14,0.2641509433962264,24,-6.91,-0.29,6,0.25,29,2.06,0.07,18,0.6206896551724138,5,0.2,0.8,-5.95,-1.19,2,0.4,1,-1.75,-1.75,0,0.0,4,-4.19,-1.05,2,0.5,7,4,3,16,9,7,-2.59,-0.16,0.4375,0.25,0.1875,0.5625,0.4375,22,0.4489795918367347,-10.86,-0.22,49,9,0.45,3.42,0.17,20,401858229,2026,3
228,Clemson Tigers,31,0.47692307692307695,14,0.42424242424242425,17,0.53125,3,0.375,5,0.38461538461538464,25,0.49019607843137253,51,0.49019607843137253,0.5098039215686274,6.18,0.12,12,0.23529411764705882,25,4.16,0.17,13,0.52,26,2.02,0.08,12,0.46153846153846156,20,0.6,0.4,2.9,0.14,11,0.55,12,0.33,0.03,6,0.5,8,2.57,0.32,5,0.625,6,1,5,14,8,6,1.35,0.1,0.42857142857142855,0.07142857142857142,0.35714285714285715,0.5714285714285714,0.42857142857142855,23,0.48936170212765956,3.12,0.07,47,8,0.4444444444444444,4.41,0.24,18,401858229,2026,3
2006,Akron Zips,19,0.3220338983050847,12,0.2926829268292683,7,0.3888888888888889,2,0.6666666666666666,3,0.23076923076923078,16,0.35555555555555557,45,0.6,0.4,-11.31,-0.25,10,0.2222222222222222,27,-5.88,-0.22,9,0.3333333333333333,18,-5.43,-0.3,7,0.3888888888888889,8,0.875,0.125,-3.04,-0.38,2,0.25,7,-2.41,-0.34,2,0.2857142857142857,1,-0.63,-0.63,0,0.0,3,3,0,14,14,0,-4.66,-0.33,0.21428571428571427,0.21428571428571427,0.0,1.0,0.0,14,0.4,-5.45,-0.16,35,5,0.20833333333333334,-10.51,-0.44,24,401858451,2026,3
135,Minnesota Golden Gophers,28,0.4444444444444444,13,0.41935483870967744,15,0.46875,7,0.4375,5,0.38461538461538464,22,0.4489795918367347,49,0.46938775510204084,0.5306122448979592,-0.11,-0.0,11,0.22448979591836735,23,-3.15,-0.14,10,0.43478260869565216,26,3.04,0.12,12,0.46153846153846156,13,0.6153846153846154,0.38461538461538464,-2.27,-0.17,5,0.38461538461538464,8,-1.31,-0.16,3,0.375,5,-0.96,-0.19,2,0.4,6,3,3,14,8,6,-0.54,-0.04,0.42857142857142855,0.21428571428571427,0.21428571428571427,0.5714285714285714,0.42857142857142855,25,0.5208333333333334,7.28,0.15,48,3,0.2,-7.92,-0.53,15,401858451,2026,3
326,Texas State Bobcats,38,0.5428571428571428,14,0.6363636363636364,24,0.5,7,0.4375,6,0.6,31,0.5254237288135594,59,0.2711864406779661,0.7288135593220338,25.73,0.44,19,0.3220338983050847,16,13.16,0.82,10,0.625,43,12.57,0.29,21,0.4883720930232558,10,0.8,0.2,3.65,0.37,5,0.5,8,3.76,0.47,4,0.5,2,-0.11,-0.06,1,0.5,7,4,3,11,6,5,5.49,0.5,0.6363636363636364,0.36363636363636365,0.2727272727272727,0.5454545454545454,0.45454545454545453,30,0.5769230769230769,17.81,0.34,52,8,0.4444444444444444,13.4,0.74,18,401860889,2026,3
249,North Texas Mean Green,46,0.5411764705882353,32,0.5714285714285714,14,0.4827586206896552,9,0.5,11,0.7333333333333333,34,0.5151515151515151,66,0.6363636363636364,0.36363636363636365,6.88,0.1,17,0.25757575757575757,42,9.44,0.22,22,0.5238095238095238,24,-2.56,-0.11,12,0.5,17,0.6470588235294118,0.35294117647058826,1.87,0.11,7,0.4117647058823529,11,10.04,0.91,7,0.6363636363636364,6,-8.17,-1.36,0,0.0,12,10,2,19,14,5,11.32,0.6,0.631578947368421,0.5263157894736842,0.10526315789473684,0.7368421052631579,0.2631578947368421,32,0.5517241379310345,2.07,0.04,58,14,0.5185185185185185,16.14,0.6,27,401860889,2026,3
2199,Eastern Michigan Eagles,20,0.3333333333333333,11,0.34375,9,0.32142857142857145,1,0.16666666666666666,5,0.4166666666666667,13,0.2826086956521739,46,0.5434782608695652,0.45652173913043476,-10.62,-0.23,6,0.13043478260869565,25,-6.26,-0.25,9,0.36,21,-4.36,-0.21,4,0.19047619047619047,13,0.5384615384615384,0.46153846153846156,-14.92,-1.15,1,0.07692307692307693,7,-13.96,-1.99,0,0.0,6,-0.96,-0.16,1,0.16666666666666666,7,2,5,14,7,7,-1.89,-0.13,0.5,0.14285714285714285,0.35714285714285715,0.5,0.5,16,0.4,3.07,0.08,40,4,0.2,-15.58,-0.78,20,401858460,2026,3
275,Wisconsin Badgers,34,0.5396825396825397,23,0.696969696969697,11,0.36666666666666664,6,0.5,8,0.6666666666666666,25,0.5102040816326531,49,0.5102040816326531,0.4897959183673469,17.49,0.36,11,0.22448979591836735,25,19.29,0.77,18,0.72,24,-1.8,-0.08,7,0.2916666666666667,9,0.6666666666666666,0.3333333333333333,10.14,1.13,6,0.6666666666666666,6,6.6,1.1,4,0.6666666666666666,3,3.54,1.18,2,0.6666666666666666,9,5,4,14,8,6,8.72,0.62,0.6428571428571429,0.35714285714285715,0.2857142857142857,0.5714285714285714,0.42857142857142855,27,0.54,16.06,0.32,50,7,0.5384615384615384,10.14,0.78,13,401858460,2026,3
152,NC State Wolfpack,31,0.4025974025974026,19,0.48717948717948717,12,0.32432432432432434,2,0.4,7,0.4375,21,0.375,56,0.5178571428571429,0.48214285714285715,0.11,0.0,11,0.19642857142857142,29,4.91,0.17,14,0.4827586206896552,27,-4.8,-0.18,7,0.25925925925925924,11,0.2727272727272727,0.7272727272727273,-1.91,-0.17,4,0.36363636363636365,3,-2.6,-0.87,1,0.3333333333333333,8,0.69,0.09,3,0.375,10,5,5,21,10,10,3.31,0.16,0.47619047619047616,0.23809523809523808,0.23809523809523808,0.47619047619047616,0.47619047619047616,23,0.46,6.88,0.14,50,8,0.2962962962962963,-3.46,-0.13,27,401856695,2026,3
238,Vanderbilt Commodores,30,0.5172413793103449,15,0.4411764705882353,15,0.625,3,0.6,5,0.4166666666666667,23,0.5227272727272727,44,0.6363636363636364,0.36363636363636365,12.68,0.29,7,0.1590909090909091,28,11.24,0.4,14,0.5,16,1.45,0.09,9,0.5625,11,0.7272727272727273,0.2727272727272727,-0.14,-0.01,4,0.36363636363636365,8,0.51,0.06,3,0.375,3,-0.65,-0.22,1,0.3333333333333333,7,1,6,14,6,8,4.31,0.31,0.5,0.07142857142857142,0.42857142857142855,0.42857142857142855,0.5714285714285714,19,0.475,3.98,0.1,40,11,0.6111111111111112,13.02,0.72,18,401856695,2026,3
2751,Wyoming Cowboys,24,0.41379310344827586,10,0.3225806451612903,14,0.5185185185185185,2,0.2222222222222222,6,0.46153846153846156,17,0.3953488372093023,43,0.46511627906976744,0.5348837209302325,-9.25,-0.22,8,0.18604651162790697,20,-12.97,-0.65,5,0.25,23,3.72,0.16,12,0.5217391304347826,7,0.5714285714285714,0.42857142857142855,-1.0,-0.14,2,0.2857142857142857,4,0.21,0.05,1,0.25,3,-1.22,-0.41,1,0.3333333333333333,7,5,2,15,11,4,5.18,0.35,0.4666666666666667,0.3333333333333333,0.13333333333333333,0.7333333333333333,0.26666666666666666,17,0.40476190476190477,-11.63,-0.28,42,7,0.4375,7.57,0.47,16,401864508,2026,3
2117,Central Michigan Chippewas,31,0.484375,3,0.42857142857142855,28,0.49122807017543857,3,0.5,6,0.46153846153846156,22,0.4583333333333333,48,0.125,0.875,6.98,0.15,10,0.20833333333333334,6,-1.49,-0.25,2,0.3333333333333333,42,8.47,0.2,20,0.47619047619047616,16,0.25,0.75,4.88,0.3,8,0.5,4,0.34,0.09,2,0.5,12,4.53,0.38,6,0.5,9,1,8,16,1,15,6.38,0.4,0.5625,0.0625,0.5,0.0625,0.9375,27,0.5094339622641509,14.51,0.27,53,4,0.36363636363636365,-1.15,-0.1,11,401864508,2026,3
103,Boston College Eagles,26,0.4482758620689655,10,0.45454545454545453,16,0.45714285714285713,4,0.25,5,0.4166666666666667,21,0.4883720930232558,43,0.3488372093023256,0.6511627906976745,8.68,0.2,11,0.2558139534883721,15,6.36,0.42,8,0.5333333333333333,28,2.32,0.08,13,0.4642857142857143,9,0.3333333333333333,0.6666666666666666,-0.18,-0.02,4,0.4444444444444444,3,-0.77,-0.26,1,0.3333333333333333,6,0.59,0.1,3,0.5,5,2,3,14,7,7,-14.43,-1.03,0.35714285714285715,0.14285714285714285,0.21428571428571427,0.5,0.5,22,0.5,0.88,0.02,44,4,0.3076923076923077,-6.63,-0.51,13,401858227,2026,3
311,Maine Black Bears,30,0.4411764705882353,19,0.5135135135135135,10,0.3333333333333333,3,0.1875,8,0.5,21,0.42,50,0.5,0.5,5.46,0.11,11,0.22,25,11.34,0.45,13,0.52,25,-5.88,-0.24,8,0.32,13,0.8461538461538461,0.15384615384615385,11.56,0.89,9,0.6923076923076923,11,11.67,1.06,8,0.7272727272727273,2,-0.11,-0.06,1,0.5,9,6,2,18,12,5,-2.64,-0.15,0.5,0.3333333333333333,0.1111111111111111,0.6666666666666666,0.2777777777777778,15,0.36585365853658536,-6.97,-0.17,41,15,0.5555555555555556,9.78,0.36,27,401858227,2026,3
356,Illinois Fighting Illini,31,0.543859649122807,17,0.5483870967741935,14,0.5384615384615384,3,0.5,3,0.3,27,0.5869565217391305,46,0.5,0.5,17.88,0.39,12,0.2608695652173913,23,8.75,0.38,14,0.6086956521739131,23,9.13,0.4,13,0.5652173913043478,15,0.6666666666666666,0.3333333333333333,-1.0,-0.07,7,0.4666666666666667,10,-0.95,-0.09,4,0.4,5,-0.05,-0.01,3,0.6,4,3,1,11,8,3,-1.26,-0.11,0.36363636363636365,0.2727272727272727,0.09090909090909091,0.7272727272727273,0.2727272727272727,28,0.6222222222222222,11.99,0.27,45,3,0.25,4.63,0.39,12,401858448,2026,3
79,Southern Illinois Salukis,23,0.3333333333333333,16,0.37209302325581395,7,0.2692307692307692,2,0.3333333333333333,4,0.26666666666666666,18,0.36,50,0.58,0.42,-2.96,-0.06,11,0.22,29,7.83,0.27,14,0.4827586206896552,21,-10.79,-0.51,4,0.19047619047619047,8,0.625,0.375,-1.3,-0.16,2,0.25,5,1.12,0.22,2,0.4,3,-2.42,-0.81,0,0.0,5,2,3,19,14,5,-13.1,-0.69,0.2631578947368421,0.10526315789473684,0.15789473684210525,0.7368421052631579,0.2631578947368421,18,0.4090909090909091,-6.43,-0.15,44,5,0.2,-9.63,-0.39,25,401858448,2026,3
218,Temple Owls,31,0.4305555555555556,10,0.4,21,0.44680851063829785,12,0.5454545454545454,9,0.6,21,0.375,56,0.26785714285714285,0.7321428571428571,13.98,0.25,10,0.17857142857142858,15,6.18,0.41,4,0.26666666666666666,41,7.8,0.19,17,0.4146341463414634,11,0.36363636363636365,0.6363636363636364,5.52,0.5,6,0.5454545454545454,4,5.01,1.25,3,0.75,7,0.51,0.07,3,0.42857142857142855,10,6,4,16,10,6,9.79,0.61,0.625,0.375,0.25,0.625,0.375,25,0.4807692307692308,19.41,0.37,52,6,0.3,4.37,0.22,20,401862774,2026,3
2649,Toledo Rockets,42,0.5526315789473685,28,0.5490196078431373,14,0.56,12,0.75,9,0.6923076923076923,32,0.5423728813559322,59,0.6440677966101694,0.3559322033898305,21.99,0.37,15,0.2542372881355932,38,18.9,0.5,21,0.5526315789473685,21,3.09,0.15,11,0.5238095238095238,9,0.6666666666666666,0.3333333333333333,5.13,0.57,5,0.5555555555555556,6,4.79,0.8,4,0.6666666666666666,3,0.34,0.11,1,0.3333333333333333,10,7,3,17,13,4,3.17,0.19,0.5882352941176471,0.4117647058823529,0.17647058823529413,0.7647058823529411,0.23529411764705882,30,0.5357142857142857,13.44,0.24,56,12,0.6,11.72,0.59,20,401862774,2026,3
193,Miami (OH) RedHawks,24,0.42857142857142855,15,0.4838709677419355,9,0.36,3,0.3,7,0.5833333333333334,17,0.38636363636363635,44,0.5454545454545454,0.45454545454545453,-6.05,-0.14,11,0.25,24,-0.4,-0.02,10,0.4166666666666667,20,-5.66,-0.28,7,0.35,11,0.45454545454545453,0.5454545454545454,0.23,0.02,6,0.5454545454545454,5,6.01,1.2,4,0.8,6,-5.78,-0.96,2,0.3333333333333333,7,5,2,12,7,5,6.44,0.54,0.5833333333333334,0.4166666666666667,0.16666666666666666,0.5833333333333334,0.4166666666666667,18,0.47368421052631576,3.36,0.09,38,6,0.3333333333333333,-2.98,-0.17,18,401856797,2026,3
2132,Cincinnati Bearcats,39,0.52,25,0.5434782608695652,14,0.4827586206896552,9,0.75,8,0.5714285714285714,28,0.49122807017543857,57,0.6140350877192983,0.38596491228070173,7.56,0.13,15,0.2631578947368421,35,9.95,0.28,19,0.5428571428571428,22,-2.39,-0.11,9,0.4090909090909091,13,0.7692307692307693,0.23076923076923078,-5.11,-0.39,4,0.3076923076923077,10,-1.67,-0.17,4,0.4,3,-3.44,-1.15,0,0.0,11,6,5,18,11,7,10.62,0.59,0.6111111111111112,0.3333333333333333,0.2777777777777778,0.6111111111111112,0.3888888888888889,29,0.5686274509803921,18.85,0.37,51,10,0.4166666666666667,-0.67,-0.03,24,401856797,2026,3
25,California Golden Bears,34,0.4788732394366197,24,0.5581395348837209,10,0.35714285714285715,5,0.4166666666666667,3,0.3333333333333333,29,0.4915254237288136,59,0.5932203389830508,0.4067796610169492,16.73,0.28,16,0.2711864406779661,35,15.39,0.44,21,0.6,24,1.34,0.06,8,0.3333333333333333,6,0.6666666666666666,0.3333333333333333,-4.02,-0.67,1,0.16666666666666666,4,-2.86,-0.72,1,0.25,2,-1.16,-0.58,0,0.0,5,3,2,12,8,4,6.74,0.56,0.4166666666666667,0.25,0.16666666666666666,0.6666666666666666,0.3333333333333333,28,0.5283018867924528,14.74,0.28,53,6,0.3333333333333333,8.74,0.49,18,401858233,2026,3
2681,Wagner Seahawks,17,0.288135593220339,10,0.3125,7,0.25925925925925924,1,0.2,4,0.26666666666666666,12,0.27906976744186046,43,0.4883720930232558,0.5116279069767442,-11.12,-0.26,4,0.09302325581395349,21,-7.5,-0.36,6,0.2857142857142857,22,-3.62,-0.16,6,0.2727272727272727,16,0.6875,0.3125,-2.73,-0.17,6,0.375,11,-0.81,-0.07,5,0.45454545454545453,5,-1.92,-0.38,1,0.2,5,4,1,16,11,5,-1.21,-0.08,0.3125,0.25,0.0625,0.6875,0.3125,9,0.2647058823529412,-7.25,-0.21,34,8,0.32,-5.08,-0.2,25,401858233,2026,3
2184,Duquesne Dukes,14,0.2692307692307692,5,0.23809523809523808,9,0.2903225806451613,1,0.5,2,0.15384615384615385,12,0.3076923076923077,39,0.3076923076923077,0.6923076923076923,-3.3,-0.08,4,0.10256410256410256,12,-3.86,-0.32,4,0.3333333333333333,27,0.57,0.02,8,0.2962962962962963,8,0.5,0.5,-3.48,-0.44,2,0.25,4,-2.0,-0.5,1,0.25,4,-1.48,-0.37,1,0.25,2,1,1,13,9,4,-6.91,-0.53,0.15384615384615385,0.07692307692307693,0.07692307692307693,0.6923076923076923,0.3076923076923077,10,0.35714285714285715,-4.48,-0.16,28,4,0.16666666666666666,-5.73,-0.24,24,401860890,2026,3
265,Washington State Cougars,37,0.5967741935483871,14,0.6086956521739131,23,0.5897435897435898,7,0.5384615384615384,6,0.6666666666666666,31,0.5849056603773585,53,0.3584905660377358,0.6415094339622641,15.74,0.3,16,0.3018867924528302,19,8.98,0.47,12,0.631578947368421,34,6.76,0.2,19,0.5588235294117647,13,0.3076923076923077,0.6923076923076923,4.96,0.38,10,0.7692307692307693,4,2.18,0.55,3,0.75,9,2.78,0.31,7,0.7777777777777778,6,2,4,9,4,5,2.97,0.33,0.6666666666666666,0.2222222222222222,0.4444444444444444,0.4444444444444444,0.5555555555555556,31,0.6595744680851063,14.7,0.31,47,6,0.4,4.02,0.27,15,401860890,2026,3
284,Stonehill Skyhawks,15,0.2542372881355932,10,0.30303030303030304,5,0.19230769230769232,3,0.6,4,0.25,9,0.225,40,0.45,0.55,-10.07,-0.25,3,0.075,18,-7.54,-0.42,4,0.2222222222222222,22,-2.53,-0.11,5,0.22727272727272727,12,0.5,0.5,-2.51,-0.21,2,0.16666666666666666,6,-2.75,-0.46,1,0.16666666666666666,6,0.24,0.04,1,0.16666666666666666,6,6,0,19,15,4,-2.68,-0.14,0.3157894736842105,0.3157894736842105,0.0,0.7894736842105263,0.21052631578947367,9,0.28125,-4.37,-0.14,32,6,0.2222222222222222,-8.38,-0.31,27,401866424,2026,3
113,Massachusetts Minutemen,23,0.38333333333333336,10,0.37037037037037035,13,0.3939393939393939,4,0.4444444444444444,4,0.3333333333333333,18,0.3829787234042553,47,0.3617021276595745,0.6382978723404256,-5.6,-0.12,7,0.14893617021276595,17,-3.13,-0.18,5,0.29411764705882354,30,-2.46,-0.08,13,0.43333333333333335,15,0.4,0.6,-3.73,-0.25,5,0.3333333333333333,6,-3.33,-0.55,2,0.3333333333333333,9,-0.4,-0.04,3,0.3333333333333333,5,5,0,13,10,3,-0.85,-0.07,0.38461538461538464,0.38461538461538464,0.0,0.7692307692307693,0.23076923076923078,15,0.36585365853658536,-5.47,-0.13,41,8,0.42105263157894735,-0.98,-0.05,19,401866424,2026,3
24,Stanford Cardinal,20,0.3389830508474576,12,0.2926829268292683,8,0.4444444444444444,3,1.0,2,0.16666666666666666,18,0.4,45,0.6666666666666666,0.3333333333333333,-3.1,-0.07,12,0.26666666666666666,30,-3.26,-0.11,11,0.36666666666666664,15,0.16,0.01,7,0.4666666666666667,10,0.8,0.2,1.01,0.1,5,0.5,8,2.51,0.31,5,0.625,2,-1.5,-0.75,0,0.0,2,1,1,14,11,3,-12.62,-0.9,0.14285714285714285,0.07142857142857142,0.07142857142857142,0.7857142857142857,0.21428571428571427,16,0.4444444444444444,-3.17,-0.09,36,4,0.17391304347826086,-12.55,-0.55,23,401858231,2026,3
150,Duke Blue Devils,31,0.44285714285714284,11,0.4583333333333333,20,0.43478260869565216,4,0.36363636363636365,4,0.36363636363636365,26,0.45614035087719296,57,0.2631578947368421,0.7368421052631579,17.81,0.31,15,0.2631578947368421,15,9.0,0.6,8,0.5333333333333333,42,8.8,0.21,18,0.42857142857142855,12,0.5,0.5,3.57,0.3,5,0.4166666666666667,6,3.23,0.54,3,0.5,6,0.34,0.06,2,0.3333333333333333,5,3,2,13,9,4,-3.18,-0.24,0.38461538461538464,0.23076923076923078,0.15384615384615385,0.6923076923076923,0.3076923076923077,22,0.43137254901960786,8.67,0.17,51,9,0.47368421052631576,5.95,0.31,19,401858231,2026,3
2050,Ball State Cardinals,26,0.4727272727272727,8,0.3333333333333333,18,0.5806451612903226,7,0.875,2,0.2,23,0.5227272727272727,44,0.36363636363636365,0.6363636363636364,9.52,0.22,14,0.3181818181818182,16,-2.66,-0.17,7,0.4375,28,12.18,0.44,16,0.5714285714285714,4,0.25,0.75,-2.67,-0.67,0,0.0,1,-0.57,-0.57,0,0.0,3,-2.1,-0.7,0,0.0,3,1,2,11,8,3,-5.83,-0.53,0.2727272727272727,0.09090909090909091,0.18181818181818182,0.7272727272727273,0.2727272727272727,20,0.5405405405405406,10.54,0.28,37,6,0.3333333333333333,-6.85,-0.38,18,401866422,2026,3
2335,Liberty Flames,32,0.5079365079365079,15,0.6,17,0.4473684210526316,9,0.6428571428571429,10,0.7692307692307693,21,0.42857142857142855,49,0.40816326530612246,0.5918367346938775,7.22,0.15,8,0.16326530612244897,20,12.99,0.65,11,0.55,29,-5.77,-0.2,10,0.3448275862068966,16,0.5625,0.4375,7.41,0.46,9,0.5625,9,4.38,0.49,4,0.4444444444444444,7,3.03,0.43,5,0.7142857142857143,11,4,7,14,5,9,15.81,1.13,0.7857142857142857,0.2857142857142857,0.5,0.35714285714285715,0.6428571428571429,22,0.4583333333333333,9.12,0.19,48,10,0.6666666666666666,13.91,0.93,15,401866422,2026,3
2348,Louisiana Tech Bulldogs,30,0.38461538461538464,17,0.37777777777777777,13,0.3939393939393939,5,0.3333333333333333,9,0.5625,20,0.3448275862068966,58,0.5862068965517241,0.41379310344827586,-8.66,-0.15,12,0.20689655172413793,34,-6.29,-0.19,13,0.38235294117647056,24,-2.36,-0.1,7,0.2916666666666667,11,0.5454545454545454,0.45454545454545453,-7.09,-0.64,3,0.2727272727272727,6,-3.0,-0.5,2,0.3333333333333333,5,-4.09,-0.82,1,0.2,10,4,6,20,11,9,1.97,0.1,0.5,0.2,0.3,0.55,0.45,20,0.38461538461538464,-5.45,-0.1,52,10,0.38461538461538464,-1.24,-0.05,26,401867804,2026,3
239,Baylor Bears,27,0.39705882352941174,13,0.48148148148148145,14,0.34146341463414637,3,0.3,6,0.46153846153846156,20,0.37735849056603776,53,0.3584905660377358,0.6415094339622641,0.46,0.01,9,0.16981132075471697,19,6.45,0.34,10,0.5263157894736842,34,-5.99,-0.18,10,0.29411764705882354,9,0.6666666666666666,0.3333333333333333,-0.6,-0.07,3,0.3333333333333333,6,-2.37,-0.4,2,0.3333333333333333,3,1.77,0.59,1,0.3333333333333333,7,3,4,15,8,7,-0.47,-0.03,0.4666666666666667,0.2,0.26666666666666666,0.5333333333333333,0.4666666666666667,21,0.4772727272727273,1.63,0.04,44,6,0.25,-1.64,-0.07,24,401867804,2026,3
2545,SE Louisiana Lions,22,0.46808510638297873,13,0.5416666666666666,9,0.391304347826087,2,0.5,6,0.5,16,0.45714285714285713,35,0.45714285714285713,0.5428571428571428,-0.45,-0.01,8,0.22857142857142856,16,-0.69,-0.04,8,0.5,19,0.25,0.01,8,0.42105263157894735,5,0.8,0.2,1.51,0.3,4,0.8,4,0.77,0.19,3,0.75,1,0.75,0.75,1,1.0,6,5,1,12,8,4,3.24,0.27,0.5,0.4166666666666667,0.08333333333333333,0.6666666666666666,0.3333333333333333,19,0.5277777777777778,3.67,0.1,36,3,0.2727272727272727,-0.87,-0.08,11,401868317,2026,3
2433,UL Monroe Warhawks,41,0.5774647887323944,21,0.5,20,0.7142857142857143,6,0.6666666666666666,8,0.5714285714285714,32,0.5818181818181818,55,0.6181818181818182,0.38181818181818183,4.98,0.09,11,0.2,34,-5.35,-0.16,17,0.5,21,10.33,0.49,15,0.7142857142857143,15,0.6,0.4,11.25,0.75,12,0.8,9,8.46,0.94,7,0.7777777777777778,6,2.8,0.47,5,0.8333333333333334,9,4,5,16,8,7,3.16,0.2,0.5625,0.25,0.3125,0.5,0.4375,30,0.5769230769230769,-4.92,-0.09,52,11,0.5789473684210527,13.06,0.69,19,401868317,2026,3
2579,South Carolina Gamecocks,33,0.4177215189873418,18,0.4186046511627907,15,0.4166666666666667,6,0.42857142857142855,6,0.3333333333333333,24,0.41379310344827586,58,0.46551724137931033,0.5344827586206896,-8.02,-0.14,12,0.20689655172413793,27,-2.54,-0.09,12,0.4444444444444444,31,-5.48,-0.18,12,0.3870967741935484,6,0.5,0.5,5.27,0.88,5,0.8333333333333334,3,1.84,0.61,2,0.6666666666666666,3,3.42,1.14,3,1.0,9,6,3,21,16,5,6.65,0.32,0.42857142857142855,0.2857142857142857,0.14285714285714285,0.7619047619047619,0.23809523809523808,26,0.4727272727272727,9.52,0.17,55,7,0.2916666666666667,-10.89,-0.45,24,401856691,2026,3
344,Mississippi State Bulldogs,29,0.5087719298245614,14,0.4666666666666667,15,0.5555555555555556,4,0.5714285714285714,7,0.6363636363636364,21,0.4666666666666667,45,0.4666666666666667,0.5333333333333333,7.13,0.16,8,0.17777777777777778,21,6.02,0.29,9,0.42857142857142855,24,1.1,0.05,12,0.5,9,0.2222222222222222,0.7777777777777778,3.08,0.34,7,0.7777777777777778,2,1.43,0.72,1,0.5,7,1.65,0.24,6,0.8571428571428571,8,5,3,12,9,3,11.09,0.92,0.6666666666666666,0.4166666666666667,0.25,0.75,0.25,19,0.475,3.72,0.09,40,10,0.5882352941176471,14.5,0.85,17,401856691,2026,3
151,East Carolina Pirates,18,0.2727272727272727,5,0.22727272727272727,13,0.3023255813953488,0,0.0,3,0.23076923076923078,15,0.29411764705882354,51,0.27450980392156865,0.7058823529411765,-15.03,-0.29,8,0.1568627450980392,14,-2.81,-0.2,4,0.2857142857142857,36,-5.04,-0.14,11,0.3055555555555556,6,0.5,0.5,1.1,0.18,3,0.5,3,-0.6,-0.2,1,0.3333333333333333,3,1.7,0.57,2,0.6666666666666666,3,1,2,15,8,7,-13.47,-0.9,0.2,0.06666666666666667,0.13333333333333333,0.5333333333333333,0.4666666666666667,14,0.3181818181818182,-9.83,-0.22,44,4,0.18181818181818182,-18.67,-0.85,22,401862710,2026,3
295,Old Dominion Monarchs,18,0.2857142857142857,4,0.2,14,0.32558139534883723,2,0.6666666666666666,5,0.3333333333333333,13,0.2765957446808511,47,0.3404255319148936,0.6595744680851063,-11.38,-0.24,7,0.14893617021276595,16,-0.51,-0.03,4,0.25,31,-10.87,-0.35,9,0.2903225806451613,15,0.13333333333333333,0.8666666666666667,-8.63,-0.58,5,0.3333333333333333,2,-8.98,-4.49,0,0.0,13,0.35,0.03,5,0.38461538461538464,5,0,5,16,4,12,-8.42,-0.53,0.3125,0.0,0.3125,0.25,0.75,9,0.24324324324324326,-11.89,-0.32,37,9,0.34615384615384615,-7.92,-0.3,26,401862710,2026,3
2229,Florida International Panthers,28,0.358974358974359,18,0.4090909090909091,10,0.29411764705882354,5,0.3333333333333333,10,0.5,16,0.2962962962962963,54,0.5185185185185185,0.48148148148148145,-8.27,-0.15,7,0.12962962962962962,28,-0.89,-0.03,11,0.39285714285714285,26,-7.38,-0.28,5,0.19230769230769232,13,0.38461538461538464,0.6153846153846154,1.3,0.1,7,0.5384615384615384,5,-3.15,-0.63,1,0.2,8,4.46,0.56,6,0.75,12,7,5,24,16,8,-0.31,-0.01,0.5,0.2916666666666667,0.20833333333333334,0.6666666666666666,0.3333333333333333,16,0.3333333333333333,-6.04,-0.13,48,12,0.4,-2.53,-0.08,30,401862771,2026,3
2226,Florida Atlantic Owls,26,0.3880597014925373,16,0.41025641025641024,10,0.35714285714285715,5,0.35714285714285715,7,0.4375,18,0.3673469387755102,49,0.6326530612244898,0.3673469387755102,-4.8,-0.1,8,0.16326530612244897,31,-0.89,-0.03,15,0.4838709677419355,18,-3.91,-0.22,3,0.16666666666666666,10,1.0,0.0,1.41,0.14,6,0.6,10,1.41,0.14,6,0.6,,,,,,8,1,7,18,8,10,-3.04,-0.17,0.4444444444444444,0.05555555555555555,0.3888888888888889,0.4444444444444444,0.5555555555555556,18,0.4,-4.51,-0.1,45,8,0.36363636363636365,-3.32,-0.15,22,401862771,2026,3
276,Marshall Thundering Herd,38,0.5671641791044776,15,0.5769230769230769,23,0.5609756097560976,5,0.35714285714285715,9,0.75,28,0.5185185185185185,54,0.3333333333333333,0.6666666666666666,0.33,0.01,15,0.2777777777777778,18,-0.47,-0.03,9,0.5,36,0.81,0.02,19,0.5277777777777778,8,0.375,0.625,3.79,0.47,6,0.75,3,-0.01,-0.0,2,0.6666666666666666,5,3.81,0.76,4,0.8,10,6,4,13,8,5,16.85,1.3,0.7692307692307693,0.46153846153846156,0.3076923076923077,0.6153846153846154,0.38461538461538464,30,0.5769230769230769,12.84,0.25,52,8,0.5333333333333333,4.35,0.29,15,401871047,2026,3
2623,Missouri State Bears,38,0.5846153846153846,17,0.5862068965517241,21,0.5833333333333334,4,0.3076923076923077,5,0.45454545454545453,33,0.6226415094339622,53,0.41509433962264153,0.5849056603773585,17.39,0.33,15,0.2830188679245283,22,13.84,0.63,14,0.6363636363636364,31,3.56,0.11,19,0.6129032258064516,12,0.5833333333333334,0.4166666666666667,5.98,0.5,8,0.6666666666666666,7,4.86,0.69,5,0.7142857142857143,5,1.12,0.22,3,0.6,5,3,2,12,7,5,3.26,0.27,0.4166666666666667,0.25,0.16666666666666666,0.5833333333333334,0.4166666666666667,32,0.6274509803921569,18.06,0.35,51,6,0.42857142857142855,2.6,0.19,14,401871047,2026,3
2,Auburn Tigers,32,0.49230769230769234,19,0.4523809523809524,13,0.5652173913043478,5,0.38461538461538464,7,0.5384615384615384,24,0.48,50,0.58,0.42,7.38,0.15,13,0.26,29,-0.25,-0.01,13,0.4482758620689655,21,7.63,0.36,11,0.5238095238095238,3,0.6666666666666666,0.3333333333333333,-2.04,-0.68,1,0.3333333333333333,2,-2.54,-1.27,0,0.0,1,0.51,0.51,1,1.0,8,6,2,15,13,2,10.89,0.73,0.5333333333333333,0.4,0.13333333333333333,0.8666666666666667,0.13333333333333333,21,0.4772727272727273,4.77,0.11,44,11,0.5238095238095238,13.5,0.64,21,401856687,2026,3
57,Florida Gators,34,0.4594594594594595,15,0.6,19,0.3877551020408163,5,0.29411764705882354,9,0.5625,22,0.4,55,0.3090909090909091,0.6909090909090909,0.09,0.0,9,0.16363636363636364,17,6.02,0.35,11,0.6470588235294118,38,-5.93,-0.16,11,0.2894736842105263,14,0.35714285714285715,0.6428571428571429,5.65,0.4,8,0.5714285714285714,5,4.46,0.89,4,0.8,9,1.19,0.13,4,0.4444444444444444,12,4,8,19,8,11,19.78,1.04,0.631578947368421,0.21052631578947367,0.42105263157894735,0.42105263157894735,0.5789473684210527,22,0.4489795918367347,8.0,0.16,49,12,0.48,11.87,0.47,25,401856687,2026,3
2247,Georgia State Panthers,33,0.38823529411764707,22,0.43137254901960786,11,0.3333333333333333,6,0.4,8,0.5,24,0.36923076923076925,65,0.5538461538461539,0.4461538461538462,-2.37,-0.04,12,0.18461538461538463,36,-5.75,-0.16,15,0.4166666666666667,29,3.38,0.12,9,0.3103448275862069,15,0.3333333333333333,0.6666666666666666,2.24,0.15,6,0.4,5,0.56,0.11,3,0.6,10,1.68,0.17,3,0.3,9,7,2,20,15,4,4.04,0.2,0.45,0.35,0.1,0.75,0.2,26,0.43333333333333335,3.82,0.06,60,7,0.28,-2.15,-0.09,25,401856800,2026,3
2116,UCF Knights,25,0.43859649122807015,6,0.35294117647058826,19,0.475,6,0.5,4,0.36363636363636365,20,0.4444444444444444,45,0.24444444444444444,0.7555555555555555,14.95,0.33,10,0.2222222222222222,11,1.98,0.18,4,0.36363636363636365,34,12.96,0.38,16,0.47058823529411764,6,0.3333333333333333,0.6666666666666666,2.31,0.38,1,0.16666666666666666,2,-2.02,-1.01,0,0.0,4,4.33,1.08,1,0.25,5,2,3,12,6,6,-2.31,-0.19,0.4166666666666667,0.16666666666666666,0.25,0.5,0.5,20,0.46511627906976744,16.43,0.38,43,5,0.35714285714285715,-3.79,-0.27,14,401856800,2026,3
93,Murray State Racers,14,0.30434782608695654,6,0.2608695652173913,8,0.34782608695652173,1,0.3333333333333333,0,0.0,13,0.40625,32,0.46875,0.53125,-2.53,-0.08,4,0.125,15,-1.3,-0.09,6,0.4,17,-1.23,-0.07,7,0.4117647058823529,9,0.7777777777777778,0.2222222222222222,-3.26,-0.36,1,0.1111111111111111,7,-2.53,-0.36,1,0.14285714285714285,2,-0.74,-0.37,0,0.0,1,0,1,14,8,6,-9.87,-0.7,0.07142857142857142,0.0,0.07142857142857142,0.5714285714285714,0.42857142857142855,11,0.36666666666666664,-1.75,-0.06,30,3,0.1875,-10.65,-0.67,16,401856803,2026,3
197,Oklahoma State Cowboys,43,0.6142857142857143,21,0.7241379310344828,22,0.5365853658536586,8,0.5714285714285714,4,0.6666666666666666,39,0.609375,64,0.390625,0.609375,21.36,0.33,24,0.375,25,17.23,0.69,18,0.72,39,4.14,0.11,21,0.5384615384615384,11,0.5454545454545454,0.45454545454545453,5.83,0.53,7,0.6363636363636364,6,5.68,0.95,5,0.8333333333333334,5,0.15,0.03,2,0.4,4,3,1,6,4,2,5.6,0.93,0.6666666666666666,0.5,0.16666666666666666,0.6666666666666666,0.3333333333333333,38,0.6440677966101694,26.75,0.45,59,5,0.45454545454545453,0.22,0.02,11,401856803,2026,3
41,UConn Huskies,33,0.4647887323943662,12,0.42857142857142855,21,0.4883720930232558,7,0.7,8,0.5714285714285714,25,0.43859649122807015,57,0.3333333333333333,0.6666666666666666,2.15,0.04,13,0.22807017543859648,19,1.26,0.07,7,0.3684210526315789,38,0.89,0.02,18,0.47368421052631576,15,0.4666666666666667,0.5333333333333333,1.92,0.13,8,0.5333333333333333,7,2.48,0.35,4,0.5714285714285714,8,-0.56,-0.07,4,0.5,8,5,3,14,9,5,7.6,0.54,0.5714285714285714,0.35714285714285715,0.21428571428571427,0.6428571428571429,0.35714285714285715,26,0.4727272727272727,5.32,0.1,55,7,0.4375,4.43,0.28,16,401861963,2026,3
2572,Southern Miss Golden Eagles,33,0.4230769230769231,22,0.4230769230769231,11,0.4230769230769231,3,0.6,5,0.3333333333333333,27,0.45,60,0.6,0.4,-1.61,-0.03,13,0.21666666666666667,36,-1.19,-0.03,18,0.5,24,-0.42,-0.02,9,0.375,14,0.9285714285714286,0.07142857142857142,-3.59,-0.26,5,0.35714285714285715,13,-3.0,-0.23,5,0.38461538461538464,1,-0.58,-0.58,0,0.0,6,4,2,18,16,2,0.74,0.04,0.3333333333333333,0.2222222222222222,0.1111111111111111,0.8888888888888888,0.1111111111111111,24,0.48,-3.47,-0.07,50,9,0.32142857142857145,2.6,0.09,28,401861963,2026,3
235,Memphis Tigers,40,0.5333333333333333,22,0.6111111111111112,18,0.46153846153846156,8,0.5333333333333333,10,0.7692307692307693,29,0.48333333333333334,60,0.48333333333333334,0.5166666666666667,14.75,0.25,15,0.25,29,12.07,0.42,17,0.5862068965517241,31,2.68,0.09,12,0.3870967741935484,23,0.6521739130434783,0.34782608695652173,11.3,0.49,14,0.6086956521739131,15,8.84,0.59,9,0.6,8,2.47,0.31,5,0.625,11,5,6,15,7,8,4.01,0.27,0.7333333333333333,0.3333333333333333,0.4,0.4666666666666667,0.5333333333333333,30,0.5172413793103449,6.39,0.11,58,10,0.5882352941176471,12.38,0.73,17,401862772,2026,3
2630,UT Martin Skyhawks,22,0.38596491228070173,11,0.36666666666666664,11,0.4074074074074074,7,0.5833333333333334,7,0.5384615384615384,15,0.3488372093023256,43,0.4186046511627907,0.5813953488372093,4.59,0.11,8,0.18604651162790697,18,1.76,0.1,6,0.3333333333333333,25,2.82,0.11,9,0.36,1,0.0,1.0,-0.24,-0.24,0,0.0,,,,,,1,-0.24,-0.24,0,0.0,7,5,2,14,12,2,7.47,0.53,0.5,0.35714285714285715,0.14285714285714285,0.8571428571428571,0.14285714285714285,13,0.35135135135135137,6.78,0.18,37,9,0.45,5.28,0.26,20,401862772,2026,3
2711,Western Michigan Broncos,28,0.45161290322580644,8,0.34782608695652173,20,0.5128205128205128,9,0.5625,8,0.5714285714285714,19,0.41304347826086957,46,0.3695652173913043,0.6304347826086957,-3.18,-0.07,8,0.17391304347826086,17,-1.18,-0.07,6,0.35294117647058826,29,-2.0,-0.07,13,0.4482758620689655,10,0.9,0.1,3.86,0.39,5,0.5,9,2.49,0.28,4,0.4444444444444444,1,1.37,1.37,1,1.0,9,2,7,16,6,10,6.32,0.39,0.5625,0.125,0.4375,0.375,0.625,17,0.4594594594594595,-4.15,-0.11,37,11,0.44,7.29,0.29,25,401862773,2026,3
242,Rice Owls,28,0.4444444444444444,9,0.47368421052631576,19,0.4418604651162791,4,0.8,1,0.1,26,0.52,50,0.24,0.76,9.35,0.19,16,0.32,12,5.17,0.43,7,0.5833333333333334,38,4.17,0.11,19,0.5,13,0.46153846153846156,0.5384615384615384,3.17,0.24,6,0.46153846153846156,6,3.21,0.54,3,0.5,7,-0.04,-0.01,3,0.42857142857142855,2,2,0,12,7,5,-6.95,-0.58,0.16666666666666666,0.16666666666666666,0.0,0.5833333333333334,0.4166666666666667,20,0.425531914893617,-6.37,-0.14,47,8,0.5333333333333333,8.76,0.58,15,401862773,2026,3
2169,Delaware State Hornets,26,0.4482758620689655,16,0.5714285714285714,10,0.3333333333333333,1,0.25,4,0.3333333333333333,22,0.4888888888888889,45,0.4222222222222222,0.5777777777777777,13.64,0.3,11,0.24444444444444444,19,17.08,0.9,13,0.6842105263157895,26,-3.43,-0.13,9,0.34615384615384615,13,0.6923076923076923,0.3076923076923077,4.52,0.35,7,0.5384615384615384,9,6.19,0.69,6,0.6666666666666666,4,-1.68,-0.42,1,0.25,4,3,1,13,9,4,-3.11,-0.24,0.3076923076923077,0.23076923076923078,0.07692307692307693,0.6923076923076923,0.3076923076923077,18,0.4864864864864865,9.17,0.25,37,8,0.38095238095238093,1.37,0.07,21,401862777,2026,3
58,South Florida Bulls,42,0.6461538461538462,22,0.6111111111111112,20,0.6896551724137931,11,0.6111111111111112,4,0.6666666666666666,38,0.6440677966101694,59,0.559322033898305,0.4406779661016949,28.86,0.49,23,0.3898305084745763,33,10.8,0.33,21,0.6363636363636364,26,18.06,0.69,17,0.6538461538461539,16,0.75,0.25,3.87,0.24,8,0.5,12,1.92,0.16,6,0.5,4,1.95,0.49,2,0.5,4,1,3,6,3,3,6.13,1.02,0.6666666666666666,0.16666666666666666,0.5,0.5,0.5,31,0.6078431372549019,21.9,0.43,51,11,0.7857142857142857,13.09,0.93,14,401862777,2026,3
2393,Middle Tennessee Blue Raiders,29,0.4461538461538462,12,0.4,17,0.4857142857142857,3,0.3333333333333333,6,0.4,20,0.425531914893617,47,0.46808510638297873,0.5319148936170213,6.35,0.14,9,0.19148936170212766,22,5.04,0.23,9,0.4090909090909091,25,1.31,0.05,11,0.44,14,0.42857142857142855,0.5714285714285714,4.28,0.31,6,0.42857142857142855,6,3.66,0.61,2,0.3333333333333333,8,0.62,0.08,4,0.5,9,3,6,18,8,10,2.12,0.12,0.5,0.16666666666666666,0.3333333333333333,0.4444444444444444,0.5555555555555556,19,0.4222222222222222,3.65,0.08,45,10,0.5,4.82,0.24,20,401864443,2026,3
2440,Nevada Wolf Pack,19,0.3220338983050847,9,0.3333333333333333,10,0.3125,3,0.3,5,0.38461538461538464,13,0.29545454545454547,44,0.36363636363636365,0.6363636363636364,-14.6,-0.33,6,0.13636363636363635,16,-7.7,-0.48,5,0.3125,28,-6.9,-0.25,8,0.2857142857142857,5,0.2,0.8,-3.74,-0.75,3,0.6,1,-4.88,-4.88,0,0.0,4,1.15,0.29,3,0.75,6,4,2,15,11,4,6.13,0.41,0.4,0.26666666666666666,0.13333333333333333,0.7333333333333333,0.26666666666666666,14,0.34146341463414637,-8.11,-0.2,41,5,0.2777777777777778,-0.36,-0.02,18,401864443,2026,3
6,South Alabama Jaguars,34,0.4857142857142857,11,0.55,23,0.46,8,0.5,9,0.6,23,0.4339622641509434,53,0.2830188679245283,0.7169811320754716,9.74,0.18,10,0.18867924528301888,15,5.33,0.36,7,0.4666666666666667,38,4.41,0.12,16,0.42105263157894735,12,0.16666666666666666,0.8333333333333334,-3.35,-0.28,3,0.25,2,-1.32,-0.66,0,0.0,10,-2.04,-0.2,3,0.3,11,4,7,17,5,12,10.02,0.59,0.6470588235294118,0.23529411764705882,0.4117647058823529,0.29411764705882354,0.7058823529411765,24,0.47058823529411764,13.15,0.26,51,10,0.5263157894736842,6.61,0.35,19,401866423,2026,3
195,Ohio Bobcats,28,0.4666666666666667,16,0.45714285714285713,12,0.48,5,0.5555555555555556,7,0.6363636363636364,21,0.4375,48,0.5625,0.4375,8.88,0.18,9,0.1875,27,6.02,0.22,12,0.4444444444444444,21,2.85,0.14,9,0.42857142857142855,5,0.4,0.6,2.44,0.49,3,0.6,2,2.97,1.49,2,1.0,3,-0.53,-0.18,1,0.3333333333333333,7,4,3,12,8,4,8.08,0.67,0.5833333333333334,0.3333333333333333,0.25,0.6666666666666666,0.3333333333333333,19,0.4634146341463415,8.78,0.21,41,9,0.47368421052631576,8.18,0.43,19,401866423,2026,3
55,Jacksonville State Gamecocks,23,0.48936170212765956,11,0.4583333333333333,12,0.5217391304347826,2,0.3333333333333333,3,0.2727272727272727,17,0.5151515151515151,33,0.5454545454545454,0.45454545454545453,3.13,0.09,6,0.18181818181818182,18,6.21,0.35,9,0.5,15,-3.09,-0.21,8,0.5333333333333333,15,0.5333333333333333,0.4666666666666667,5.34,0.36,8,0.5333333333333333,8,-0.52,-0.07,3,0.375,7,5.86,0.84,5,0.7142857142857143,6,2,4,14,6,8,6.59,0.47,0.42857142857142855,0.14285714285714285,0.2857142857142857,0.42857142857142855,0.5714285714285714,17,0.4857142857142857,9.45,0.27,35,6,0.5,0.27,0.02,12,401869948,2026,3
290,Georgia Southern Eagles,34,0.4722222222222222,14,0.4117647058823529,20,0.5263157894736842,10,0.5263157894736842,10,0.5882352941176471,24,0.43636363636363634,55,0.45454545454545453,0.5454545454545454,-4.64,-0.08,10,0.18181818181818182,25,-8.93,-0.36,9,0.36,30,4.29,0.14,15,0.5,7,0.5714285714285714,0.42857142857142855,4.24,0.61,5,0.7142857142857143,4,2.68,0.67,3,0.75,3,1.56,0.52,2,0.6666666666666666,10,5,5,17,9,8,5.81,0.34,0.5882352941176471,0.29411764705882354,0.29411764705882354,0.5294117647058824,0.47058823529411764,29,0.5087719298245614,-1.76,-0.03,57,5,0.3333333333333333,2.94,0.2,15,401869948,2026,3
2534,Sam Houston Bearkats,38,0.5277777777777778,15,0.46875,23,0.575,8,0.6153846153846154,11,0.6470588235294118,27,0.4909090909090909,55,0.41818181818181815,0.5818181818181818,7.74,0.14,11,0.2,23,7.29,0.32,11,0.4782608695652174,32,0.45,0.01,16,0.5,11,0.5454545454545454,0.45454545454545453,9.06,0.82,9,0.8181818181818182,6,6.12,1.02,4,0.6666666666666666,5,2.94,0.59,5,1.0,11,4,7,17,9,8,15.14,0.89,0.6470588235294118,0.23529411764705882,0.4117647058823529,0.5294117647058824,0.47058823529411764,27,0.5,9.73,0.18,54,11,0.6111111111111112,13.15,0.73,18,401870764,2026,3
2447,Nicholls Colonels,17,0.288135593220339,4,0.16666666666666666,13,0.37142857142857144,,,1,0.06666666666666667,16,0.36363636363636365,44,0.3181818181818182,0.6818181818181818,-9.15,-0.21,7,0.1590909090909091,14,-8.79,-0.63,4,0.2857142857142857,30,-0.36,-0.01,12,0.4,9,0.2222222222222222,0.7777777777777778,-1.51,-0.17,1,0.1111111111111111,2,-1.2,-0.6,0,0.0,7,-0.31,-0.04,1,0.14285714285714285,1,0,1,15,10,5,-14.54,-0.97,0.06666666666666667,0.0,0.06666666666666667,0.6666666666666666,0.3333333333333333,16,0.42105263157894735,-3.91,-0.1,38,1,0.047619047619047616,-19.78,-0.94,21,401870764,2026,3
158,Nebraska Cornhuskers,31,0.43661971830985913,12,0.46153846153846156,19,0.4222222222222222,5,0.5,7,0.4666666666666667,22,0.4074074074074074,54,0.2962962962962963,0.7037037037037037,8.28,0.15,12,0.2222222222222222,16,4.37,0.27,8,0.5,38,3.91,0.1,14,0.3684210526315789,12,0.6666666666666666,0.3333333333333333,2.57,0.21,3,0.25,8,0.99,0.12,2,0.25,4,1.58,0.4,1,0.25,9,4,5,17,10,7,6.54,0.38,0.5294117647058824,0.23529411764705882,0.29411764705882354,0.5882352941176471,0.4117647058823529,24,0.48,11.59,0.23,50,7,0.3333333333333333,3.22,0.15,21,401858452,2026,3
155,North Dakota Fighting Hawks,16,0.2962962962962963,7,0.2916666666666667,9,0.3,2,0.25,2,0.15384615384615385,11,0.3055555555555556,36,0.4166666666666667,0.5833333333333334,-6.72,-0.19,4,0.1111111111111111,15,-2.71,-0.18,6,0.4,21,-4.01,-0.19,5,0.23809523809523808,7,0.5714285714285714,0.42857142857142855,-5.53,-0.79,1,0.14285714285714285,4,-6.16,-1.54,0,0.0,3,0.62,0.21,1,0.3333333333333333,5,1,4,18,9,9,-6.4,-0.36,0.2777777777777778,0.05555555555555555,0.2222222222222222,0.5,0.5,12,0.35294117647058826,-1.97,-0.06,34,4,0.2,-11.15,-0.56,20,401858452,2026,3
264,Washington Huskies,32,0.5161290322580645,22,0.5945945945945946,10,0.4,9,0.391304347826087,6,0.5454545454545454,25,0.5,50,0.6,0.4,18.39,0.37,16,0.32,30,17.51,0.58,18,0.6,20,0.88,0.04,7,0.35,9,0.7777777777777778,0.2222222222222222,5.08,0.56,5,0.5555555555555556,7,6.42,0.92,5,0.7142857142857143,2,-1.34,-0.67,0,0.0,7,4,3,12,7,5,6.3,0.53,0.5833333333333334,0.3333333333333333,0.25,0.5833333333333334,0.4166666666666667,28,0.5185185185185185,24.97,0.46,54,4,0.5,-0.27,-0.03,8,401858459,2026,3
331,Eastern Washington Eagles,27,0.36,13,0.40625,14,0.32558139534883723,2,0.2222222222222222,7,0.4117647058823529,20,0.36363636363636365,55,0.38181818181818183,0.6181818181818182,-6.59,-0.12,10,0.18181818181818182,21,-1.85,-0.09,8,0.38095238095238093,34,-4.74,-0.14,12,0.35294117647058826,15,0.3333333333333333,0.6666666666666666,2.27,0.15,7,0.4666666666666667,5,-0.28,-0.06,1,0.2,10,2.55,0.25,6,0.6,7,5,2,20,11,9,-11.48,-0.57,0.35,0.25,0.1,0.55,0.45,18,0.375,-15.15,-0.32,48,9,0.3333333333333333,-2.92,-0.11,27,401858459,2026,3
77,Northwestern Wildcats,33,0.4782608695652174,13,0.5652173913043478,20,0.43478260869565216,6,0.5,5,0.4166666666666667,27,0.48214285714285715,56,0.30357142857142855,0.6964285714285714,6.72,0.12,12,0.21428571428571427,17,8.51,0.5,10,0.5882352941176471,39,-1.79,-0.05,17,0.4358974358974359,11,0.36363636363636365,0.6363636363636364,1.92,0.17,6,0.5454545454545454,4,1.23,0.31,2,0.5,7,0.69,0.1,4,0.5714285714285714,6,3,3,13,6,7,-0.25,-0.02,0.46153846153846156,0.23076923076923078,0.23076923076923078,0.46153846153846156,0.5384615384615384,21,0.42,-6.25,-0.13,50,12,0.631578947368421,12.72,0.67,19,401856796,2026,3
38,Colorado Buffaloes,27,0.43548387096774194,11,0.36666666666666664,16,0.5,0,0.0,4,0.3333333333333333,23,0.48936170212765956,47,0.425531914893617,0.574468085106383,1.92,0.04,11,0.23404255319148937,20,0.16,0.01,8,0.4,27,1.76,0.07,15,0.5555555555555556,12,0.6666666666666666,0.3333333333333333,-2.21,-0.18,5,0.4166666666666667,8,-5.88,-0.74,2,0.25,4,3.67,0.92,3,0.75,4,3,1,15,10,5,-13.03,-0.87,0.26666666666666666,0.2,0.06666666666666667,0.6666666666666666,0.3333333333333333,23,0.48936170212765956,-0.65,-0.01,47,4,0.26666666666666666,-10.46,-0.7,15,401856796,2026,3
120,Maryland Terrapins,30,0.46153846153846156,23,0.5,7,0.3684210526315789,4,0.4,7,0.5833333333333334,23,0.4423076923076923,52,0.6923076923076923,0.3076923076923077,5.94,0.11,13,0.25,36,9.46,0.26,19,0.5277777777777778,16,-3.53,-0.22,4,0.25,12,0.75,0.25,-2.35,-0.2,4,0.3333333333333333,9,-1.09,-0.12,4,0.4444444444444444,3,-1.27,-0.42,0,0.0,7,4,3,13,10,3,6.72,0.52,0.5384615384615384,0.3076923076923077,0.23076923076923078,0.7692307692307693,0.23076923076923078,25,0.5102040816326531,12.04,0.25,49,5,0.3125,0.62,0.04,16,401858232,2026,3
259,Virginia Tech Hokies,37,0.5138888888888888,23,0.575,14,0.4375,9,0.6428571428571429,10,0.6666666666666666,25,0.45454545454545453,55,0.5272727272727272,0.4727272727272727,9.54,0.17,9,0.16363636363636364,29,11.58,0.4,16,0.5517241379310345,26,-2.04,-0.08,9,0.34615384615384615,16,0.5,0.5,5.56,0.35,8,0.5,8,1.76,0.22,4,0.5,8,3.79,0.47,4,0.5,12,7,5,17,11,6,13.93,0.82,0.7058823529411765,0.4117647058823529,0.29411764705882354,0.6470588235294118,0.35294117647058826,23,0.46,2.93,0.06,50,14,0.6363636363636364,20.55,0.93,22,401858232,2026,3
2032,Arkansas State Red Wolves,19,0.35185185185185186,9,0.34615384615384615,10,0.35714285714285715,2,0.4,6,0.42857142857142855,13,0.35135135135135137,37,0.43243243243243246,0.5675675675675675,-1.12,-0.03,5,0.13513513513513514,16,0.28,0.02,7,0.4375,21,-1.4,-0.07,6,0.2857142857142857,11,0.45454545454545453,0.5454545454545454,9.57,0.87,8,0.7272727272727273,5,3.68,0.74,3,0.6,6,5.89,0.98,5,0.8333333333333334,6,2,4,17,10,7,-12.14,-0.71,0.35294117647058826,0.11764705882352941,0.23529411764705882,0.5882352941176471,0.4117647058823529,15,0.40540540540540543,-5.27,-0.14,37,4,0.23529411764705882,-7.99,-0.47,17,401856799,2026,3
2628,TCU Horned Frogs,30,0.44776119402985076,16,0.5517241379310345,14,0.3684210526315789,6,0.46153846153846156,6,0.46153846153846156,21,0.42,50,0.38,0.62,-0.42,-0.01,11,0.22,19,4.93,0.26,10,0.5263157894736842,31,-5.35,-0.17,11,0.3548387096774194,12,0.75,0.25,-4.14,-0.34,4,0.3333333333333333,9,-3.5,-0.39,3,0.3333333333333333,3,-0.64,-0.21,1,0.3333333333333333,9,6,3,17,10,7,11.71,0.69,0.5294117647058824,0.35294117647058826,0.17647058823529413,0.5882352941176471,0.4117647058823529,24,0.5,1.75,0.04,48,6,0.3157894736842105,9.54,0.5,19,401856799,2026,3
2837,East Texas A&M Lions,25,0.352112676056338,13,0.30952380952380953,12,0.41379310344827586,1,0.3333333333333333,5,0.3333333333333333,20,0.37735849056603776,53,0.5094339622641509,0.49056603773584906,-9.19,-0.17,12,0.22641509433962265,27,-11.03,-0.41,8,0.2962962962962963,26,1.84,0.07,12,0.46153846153846156,10,0.5,0.5,-2.66,-0.27,1,0.1,5,-0.7,-0.14,1,0.2,5,-1.96,-0.39,0,0.0,5,5,0,18,15,3,-8.76,-0.49,0.2777777777777778,0.2777777777777778,0.0,0.8333333333333334,0.16666666666666666,18,0.4,-11.91,-0.26,45,7,0.2692307692307692,-6.04,-0.23,26,401862775,2026,3
202,Tulsa Golden Hurricane,32,0.47058823529411764,11,0.4230769230769231,21,0.5,1,1.0,5,0.38461538461538464,24,0.46153846153846156,52,0.3076923076923077,0.6923076923076923,3.12,0.06,12,0.23076923076923078,16,-0.25,-0.02,7,0.4375,36,3.37,0.09,17,0.4722222222222222,14,0.6428571428571429,0.35714285714285715,-1.92,-0.14,5,0.35714285714285715,9,-3.77,-0.42,2,0.2222222222222222,5,1.85,0.37,3,0.6,8,4,4,16,10,6,8.39,0.52,0.5,0.25,0.25,0.625,0.375,27,0.5294117647058824,15.51,0.3,51,5,0.29411764705882354,-4.0,-0.24,17,401862775,2026,3
5,UAB Blazers,24,0.41379310344827586,12,0.4,12,0.42857142857142855,4,0.6666666666666666,4,0.3076923076923077,19,0.4634146341463415,41,0.43902439024390244,0.5609756097560976,2.09,0.05,7,0.17073170731707318,18,2.6,0.14,9,0.5,23,-0.51,-0.02,10,0.43478260869565216,17,0.6470588235294118,0.35294117647058826,-2.64,-0.16,9,0.5294117647058824,11,-3.41,-0.31,4,0.36363636363636365,6,0.77,0.13,5,0.8333333333333334,5,3,2,17,12,5,-7.94,-0.47,0.29411764705882354,0.17647058823529413,0.11764705882352941,0.7058823529411765,0.29411764705882354,20,0.47619047619047616,-2.13,-0.05,42,4,0.25,-3.72,-0.23,16,401862776,2026,3
309,Louisiana Ragin' Cajuns,27,0.38028169014084506,8,0.38095238095238093,19,0.38,5,0.5,7,0.4375,18,0.34615384615384615,52,0.2692307692307692,0.7307692307692307,-12.52,-0.24,9,0.17307692307692307,14,-1.21,-0.09,6,0.42857142857142855,38,-11.31,-0.3,12,0.3157894736842105,10,0.4,0.6,4.57,0.46,6,0.6,4,3.17,0.79,3,0.75,6,1.41,0.23,3,0.5,9,2,7,19,7,12,2.99,0.16,0.47368421052631576,0.10526315789473684,0.3684210526315789,0.3684210526315789,0.631578947368421,21,0.4375,-5.42,-0.11,48,6,0.2608695652173913,-4.11,-0.18,23,401862776,2026,3
2429,Charlotte 49ers,23,0.3898305084745763,14,0.4,9,0.375,5,0.5555555555555556,4,0.36363636363636365,18,0.4,45,0.5333333333333333,0.4666666666666667,0.06,0.0,9,0.2,24,1.86,0.08,11,0.4583333333333333,21,-1.8,-0.09,7,0.3333333333333333,10,0.7,0.3,3.63,0.36,6,0.6,7,2.47,0.35,4,0.5714285714285714,3,1.16,0.39,2,0.6666666666666666,5,3,2,14,11,3,-7.25,-0.52,0.35714285714285715,0.21428571428571427,0.14285714285714285,0.7857142857142857,0.21428571428571427,16,0.43243243243243246,5.52,0.15,37,7,0.3181818181818182,-12.71,-0.58,22,401864574,2026,3
2026,App State Mountaineers,31,0.4246575342465753,21,0.4883720930232558,10,0.3333333333333333,8,0.47058823529411764,7,0.4666666666666667,23,0.4107142857142857,56,0.6071428571428571,0.39285714285714285,-2.0,-0.04,13,0.23214285714285715,34,7.72,0.23,16,0.47058823529411764,22,-9.71,-0.44,7,0.3181818181818182,17,0.7058823529411765,0.29411764705882354,4.11,0.24,9,0.5294117647058824,12,5.42,0.45,7,0.5833333333333334,5,-1.31,-0.26,2,0.4,8,5,3,17,9,8,-2.19,-0.13,0.47058823529411764,0.29411764705882354,0.17647058823529413,0.5294117647058824,0.47058823529411764,18,0.3673469387755102,-5.93,-0.12,49,13,0.5416666666666666,1.74,0.07,24,401864574,2026,3
68,Boise State Broncos,44,0.5641025641025641,18,0.5625,26,0.5652173913043478,9,0.75,7,0.5384615384615384,37,0.5873015873015873,63,0.3492063492063492,0.6507936507936508,15.35,0.24,19,0.30158730158730157,22,6.03,0.27,13,0.5909090909090909,41,9.32,0.23,24,0.5853658536585366,12,0.4166666666666667,0.5833333333333334,6.32,0.53,8,0.6666666666666666,5,6.06,1.21,5,1.0,7,0.26,0.04,3,0.42857142857142855,7,5,2,15,10,5,-5.15,-0.34,0.4666666666666667,0.3333333333333333,0.13333333333333333,0.6666666666666666,0.3333333333333333,37,0.5692307692307692,10.88,0.17,65,7,0.5384615384615384,-0.68,-0.05,13,401860885,2026,3
233,South Dakota Coyotes,13,0.2549019607843137,8,0.26666666666666666,5,0.23809523809523808,2,0.3333333333333333,3,0.25,10,0.2631578947368421,38,0.5789473684210527,0.42105263157894735,1.94,0.05,5,0.13157894736842105,22,6.07,0.28,6,0.2727272727272727,16,-4.12,-0.26,4,0.25,6,0.5,0.5,2.04,0.34,2,0.3333333333333333,3,0.99,0.33,1,0.3333333333333333,3,1.04,0.35,1,0.3333333333333333,3,2,1,13,8,5,-5.13,-0.39,0.23076923076923078,0.15384615384615385,0.07692307692307693,0.6153846153846154,0.38461538461538464,8,0.34782608695652173,3.05,0.13,23,5,0.17857142857142858,-6.24,-0.22,28,401860885,2026,3
256,James Madison Dukes,31,0.4305555555555556,15,0.5,16,0.38095238095238093,5,0.625,3,0.21428571428571427,27,0.47368421052631576,57,0.42105263157894735,0.5789473684210527,2.42,0.04,13,0.22807017543859648,24,8.81,0.37,13,0.5416666666666666,33,-6.39,-0.19,14,0.42424242424242425,15,0.5333333333333333,0.4666666666666667,-2.18,-0.15,7,0.4666666666666667,8,-1.09,-0.14,4,0.5,7,-1.1,-0.16,3,0.42857142857142855,4,2,2,15,6,9,-0.82,-0.05,0.26666666666666666,0.13333333333333333,0.13333333333333333,0.4,0.6,25,0.5,8.38,0.17,50,6,0.2727272727272727,-6.77,-0.31,22,401860887,2026,3
21,San Diego State Aztecs,28,0.36363636363636365,12,0.34285714285714286,16,0.38095238095238093,2,0.4,8,0.47058823529411764,19,0.3392857142857143,56,0.42857142857142855,0.5714285714285714,-13.34,-0.24,11,0.19642857142857142,24,-6.87,-0.29,9,0.375,32,-6.47,-0.2,10,0.3125,12,0.4166666666666667,0.5833333333333334,-10.66,-0.89,2,0.16666666666666666,5,-7.1,-1.42,0,0.0,7,-3.56,-0.51,2,0.2857142857142857,9,3,6,21,11,10,3.96,0.19,0.42857142857142855,0.14285714285714285,0.2857142857142857,0.5238095238095238,0.47619047619047616,16,0.36363636363636365,-10.23,-0.23,44,12,0.36363636363636365,0.85,0.03,33,401860887,2026,3
12,Arizona Wildcats,32,0.5161290322580645,23,0.5609756097560976,9,0.42857142857142855,8,0.5714285714285714,8,0.5714285714285714,23,0.48936170212765956,47,0.6595744680851063,0.3404255319148936,5.1,0.11,11,0.23404255319148937,31,7.22,0.23,17,0.5483870967741935,16,-2.12,-0.13,6,0.375,11,0.7272727272727273,0.2727272727272727,5.58,0.51,9,0.8181818181818182,8,4.51,0.56,7,0.875,3,1.07,0.36,2,0.6666666666666666,9,6,3,15,10,5,17.19,1.15,0.6,0.4,0.2,0.6666666666666666,0.3333333333333333,21,0.5,8.92,0.21,42,11,0.55,13.37,0.67,20,401856793,2026,3
2459,Northern Illinois Huskies,29,0.43283582089552236,19,0.4222222222222222,10,0.45454545454545453,3,0.42857142857142855,8,0.5,18,0.3829787234042553,47,0.5957446808510638,0.40425531914893614,-2.24,-0.05,8,0.1702127659574468,28,-1.34,-0.05,10,0.35714285714285715,19,-0.9,-0.05,8,0.42105263157894735,7,0.7142857142857143,0.2857142857142857,-2.04,-0.29,1,0.14285714285714285,5,-1.01,-0.2,1,0.2,2,-1.02,-0.51,0,0.0,11,9,2,20,17,3,17.56,0.88,0.55,0.45,0.1,0.85,0.15,18,0.45,7.23,0.18,40,11,0.4074074074074074,8.09,0.3,27,401856793,2026,3
16,Sacramento State Hornets,28,0.42424242424242425,19,0.475,9,0.36,1,0.16666666666666666,7,0.4666666666666667,21,0.42,50,0.56,0.42,-10.16,-0.2,9,0.18,28,3.86,0.14,14,0.5,21,-6.16,-0.29,7,0.3333333333333333,13,0.46153846153846156,0.5384615384615384,1.28,0.1,5,0.38461538461538464,6,1.12,0.19,2,0.3333333333333333,7,0.16,0.02,3,0.42857142857142855,7,5,2,16,12,4,-3.31,-0.21,0.4375,0.3125,0.125,0.75,0.25,23,0.46938775510204084,-8.92,-0.18,49,5,0.29411764705882354,-4.55,-0.27,17,401864507,2026,3
2449,North Dakota State Bison,16,0.27586206896551724,11,0.44,5,0.15151515151515152,1,0.25,6,0.5,10,0.22727272727272727,44,0.29545454545454547,0.7045454545454546,-5.32,-0.12,6,0.13636363636363635,13,1.53,0.12,5,0.38461538461538464,31,-6.85,-0.22,5,0.16129032258064516,4,0.25,0.75,-3.19,-0.8,0,0.0,1,-1.13,-1.13,0,0.0,3,-2.06,-0.69,0,0.0,6,6,0,14,12,2,-0.05,-0.0,0.42857142857142855,0.42857142857142855,0.0,0.8571428571428571,0.14285714285714285,10,0.2857142857142857,-3.89,-0.11,35,6,0.2608695652173913,-1.48,-0.06,23,401864507,2026,3
26,UCLA Bruins,44,0.5569620253164557,17,0.5151515151515151,27,0.5869565217391305,7,0.7,11,0.7857142857142857,33,0.5076923076923077,65,0.4,0.6,23.76,0.37,18,0.27692307692307694,26,2.09,0.08,10,0.38461538461538464,39,21.67,0.56,23,0.5897435897435898,16,0.625,0.375,7.74,0.48,12,0.75,10,5.0,0.5,6,0.6,6,2.74,0.46,6,1.0,11,7,4,14,7,7,15.73,1.12,0.7857142857142857,0.5,0.2857142857142857,0.5,0.5,32,0.5714285714285714,22.3,0.4,56,12,0.5217391304347826,17.19,0.75,23,401858458,2026,3
2509,Purdue Boilermakers,28,0.4827586206896552,17,0.5151515151515151,11,0.44,5,0.5555555555555556,3,0.3333333333333333,22,0.4782608695652174,46,0.5,0.5,6.08,0.13,10,0.21739130434782608,23,8.84,0.38,12,0.5217391304347826,23,-2.76,-0.12,10,0.43478260869565216,9,0.8888888888888888,0.1111111111111111,10.12,1.12,5,0.5555555555555556,8,10.51,1.31,5,0.625,1,-0.39,-0.39,0,0.0,6,5,1,12,10,2,14.12,1.18,0.5,0.4166666666666667,0.08333333333333333,0.8333333333333334,0.16666666666666666,22,0.55,11.0,0.27,40,6,0.3333333333333333,9.2,0.51,18,401858458,2026,3
204,Oregon State Beavers,33,0.4925373134328358,21,0.5833333333333334,12,0.3870967741935484,6,0.6,6,0.5,25,0.4716981132075472,53,0.49056603773584906,0.5094339622641509,9.75,0.18,11,0.20754716981132076,26,10.71,0.41,15,0.5769230769230769,27,-0.97,-0.04,10,0.37037037037037035,15,0.8666666666666667,0.13333333333333333,11.62,0.77,9,0.6,13,10.39,0.8,8,0.6153846153846154,2,1.23,0.62,1,0.5,8,6,2,14,10,4,12.33,0.88,0.5714285714285714,0.42857142857142855,0.14285714285714285,0.7142857142857143,0.2857142857142857,27,0.54,19.49,0.39,50,6,0.35294117647058826,2.58,0.15,17,401860886,2026,3
149,Montana Grizzlies,33,0.4583333333333333,20,0.425531914893617,13,0.5416666666666666,2,0.5,4,0.2857142857142857,28,0.509090909090909,55,0.6,0.4,7.26,0.13,14,0.2545454545454545,33,6.33,0.19,17,0.5151515151515151,22,0.93,0.04,11,0.5,11,0.6363636363636364,0.36363636363636365,-3.17,-0.29,2,0.18181818181818182,7,-1.85,-0.26,1,0.14285714285714285,4,-1.31,-0.33,1,0.25,5,3,2,17,14,2,-4.02,-0.24,0.29411764705882354,0.17647058823529413,0.11764705882352941,0.8235294117647058,0.11764705882352941,25,0.5555555555555556,6.15,0.14,45,8,0.2962962962962963,-2.91,-0.11,27,401860886,2026,3
23,San José State Spartans,26,0.37142857142857144,16,0.37209302325581395,10,0.37037037037037035,1,0.25,6,0.35294117647058826,19,0.38,50,0.62,0.38,-13.76,-0.28,6,0.12,31,-11.64,-0.38,12,0.3870967741935484,19,-2.11,-0.11,7,0.3684210526315789,14,0.7142857142857143,0.2857142857142857,-4.48,-0.32,5,0.35714285714285715,10,-3.03,-0.3,4,0.4,4,-1.45,-0.36,1,0.25,7,4,3,20,12,8,-1.42,-0.07,0.35,0.2,0.15,0.6,0.4,21,0.44680851063829785,-3.55,-0.08,47,5,0.21739130434782608,-11.62,-0.51,23,401860888,2026,3
278,Fresno State Bulldogs,23,0.3484848484848485,12,0.4,11,0.3055555555555556,1,1.0,5,0.3125,18,0.36,50,0.42,0.58,0.87,0.02,9,0.18,21,6.66,0.32,10,0.47619047619047616,29,-5.78,-0.2,8,0.27586206896551724,12,0.75,0.25,1.45,0.12,5,0.4166666666666667,9,-0.43,-0.05,3,0.3333333333333333,3,1.89,0.63,2,0.6666666666666666,5,2,3,16,9,7,-4.53,-0.28,0.3125,0.125,0.1875,0.5625,0.4375,13,0.3333333333333333,-5.24,-0.13,39,10,0.37037037037037035,1.59,0.06,27,401860888,2026,3
324,Coastal Carolina Chanticleers,20,0.3125,12,0.32432432432432434,8,0.2962962962962963,,,6,0.46153846153846156,12,0.2553191489361702,47,0.5319148936170213,0.46808510638297873,-11.67,-0.25,7,0.14893617021276595,25,-10.91,-0.44,5,0.2,22,-0.76,-0.03,7,0.3181818181818182,10,0.6,0.4,3.75,0.38,3,0.3,6,3.26,0.54,2,0.3333333333333333,4,0.49,0.12,1,0.25,8,7,1,17,12,5,8.74,0.51,0.47058823529411764,0.4117647058823529,0.058823529411764705,0.7058823529411765,0.29411764705882354,9,0.2727272727272727,-5.46,-0.17,33,11,0.3548387096774194,2.53,0.08,31,401869941,2026,4
2335,Liberty Flames,34,0.5483870967741935,10,0.47619047619047616,24,0.5853658536585366,6,0.375,5,0.5555555555555556,28,0.5384615384615384,52,0.3269230769230769,0.6730769230769231,17.56,0.34,13,0.25,17,11.4,0.67,9,0.5294117647058824,35,6.16,0.18,19,0.5428571428571428,10,0.5,0.5,6.85,0.68,5,0.5,5,6.16,1.23,3,0.6,5,0.69,0.14,2,0.4,6,1,5,10,4,6,4.48,0.45,0.6,0.1,0.5,0.4,0.6,29,0.5686274509803921,22.38,0.44,51,5,0.45454545454545453,-0.34,-0.03,11,401869941,2026,4
77,Northwestern Wildcats,24,0.42105263157894735,18,0.5294117647058824,6,0.2608695652173913,4,0.3076923076923077,5,0.45454545454545453,18,0.4,45,0.6,0.4,6.01,0.13,14,0.3111111111111111,27,9.05,0.34,14,0.5185185185185185,18,-3.05,-0.17,4,0.2222222222222222,12,0.5833333333333334,0.4166666666666667,-4.89,-0.41,4,0.3333333333333333,7,-3.25,-0.46,3,0.42857142857142855,5,-1.64,-0.33,1,0.2,6,4,2,12,7,5,8.59,0.72,0.5,0.3333333333333333,0.16666666666666666,0.5833333333333334,0.4166666666666667,17,0.4146341463414634,6.86,0.17,41,7,0.4375,7.74,0.48,16,401858461,2026,4
84,Indiana Hoosiers,34,0.5,15,0.4838709677419355,19,0.5135135135135135,8,0.47058823529411764,10,0.6666666666666666,23,0.45098039215686275,51,0.43137254901960786,0.5686274509803921,7.7,0.15,11,0.21568627450980393,22,-0.0,-0.0,10,0.45454545454545453,29,7.7,0.27,13,0.4482758620689655,4,0.5,0.5,-3.8,-0.95,0,0.0,2,-3.14,-1.57,0,0.0,2,-0.66,-0.33,0,0.0,11,5,6,17,9,8,8.22,0.48,0.6470588235294118,0.29411764705882354,0.35294117647058826,0.5294117647058824,0.47058823529411764,29,0.5576923076923077,13.19,0.25,52,5,0.3125,2.74,0.17,16,401858461,2026,4
349,Army Black Knights,33,0.5409836065573771,3,0.5,30,0.5454545454545454,8,0.8888888888888888,8,0.6666666666666666,23,0.48936170212765956,47,0.0851063829787234,0.9148936170212766,9.74,0.21,11,0.23404255319148937,4,-1.41,-0.35,1,0.25,43,11.15,0.26,22,0.5116279069767442,10,0.1,0.9,0.48,0.05,4,0.4,1,-0.47,-0.47,0,0.0,9,0.95,0.11,4,0.4444444444444444,10,2,8,14,2,12,7.49,0.53,0.7142857142857143,0.14285714285714285,0.5714285714285714,0.14285714285714285,0.8571428571428571,28,0.5714285714285714,19.23,0.39,49,5,0.4166666666666667,-2.0,-0.17,12,401862779,2026,4
218,Temple Owls,27,0.5192307692307693,10,0.47619047619047616,17,0.5483870967741935,0,0.0,4,0.4444444444444444,23,0.5609756097560976,41,0.43902439024390244,0.5609756097560976,22.94,0.56,12,0.2926829268292683,18,15.86,0.88,10,0.5555555555555556,23,7.08,0.31,13,0.5652173913043478,9,0.5555555555555556,0.4444444444444444,-0.9,-0.1,4,0.4444444444444444,5,-1.28,-0.26,2,0.4,4,0.38,0.09,2,0.5,4,0,4,11,3,8,-5.63,-0.51,0.36363636363636365,0.0,0.36363636363636365,0.2727272727272727,0.7272727272727273,20,0.5,1.06,0.03,40,7,0.5833333333333334,16.26,1.35,12,401862779,2026,4
47,Howard Bison,13,0.2826086956521739,4,0.17391304347826086,9,0.391304347826087,,,3,0.2727272727272727,10,0.2857142857142857,35,0.37142857142857144,0.6285714285714286,-7.17,-0.2,5,0.14285714285714285,13,-10.72,-0.82,2,0.15384615384615385,22,3.55,0.16,8,0.36363636363636365,11,0.45454545454545453,0.5454545454545454,-2.05,-0.19,6,0.5454545454545454,5,-2.16,-0.43,2,0.4,6,0.12,0.02,4,0.6666666666666666,3,2,1,11,10,1,-1.34,-0.12,0.2727272727272727,0.18181818181818182,0.09090909090909091,0.9090909090909091,0.09090909090909091,9,0.32142857142857145,-4.73,-0.17,28,4,0.2222222222222222,-3.78,-0.21,18,401858468,2026,4
164,Rutgers Scarlet Knights,40,0.5633802816901409,15,0.6,25,0.5434782608695652,11,0.55,7,0.6363636363636364,33,0.55,60,0.31666666666666665,0.6833333333333333,15.58,0.26,16,0.26666666666666666,19,9.4,0.49,12,0.631578947368421,41,6.18,0.15,21,0.5121951219512195,9,0.4444444444444444,0.5555555555555556,0.54,0.06,5,0.5555555555555556,4,0.78,0.2,3,0.75,5,-0.24,-0.05,2,0.4,7,3,4,11,6,5,4.94,0.45,0.6363636363636364,0.2727272727272727,0.36363636363636365,0.5454545454545454,0.45454545454545453,34,0.6296296296296297,20.48,0.38,54,6,0.35294117647058826,0.03,0.0,17,401858468,2026,4
5,UAB Blazers,24,0.4528301886792453,12,0.5,12,0.41379310344827586,1,0.5,6,0.46153846153846156,18,0.45,40,0.4,0.6,4.28,0.11,6,0.15,16,0.53,0.03,8,0.5,24,3.75,0.16,10,0.4166666666666667,3,1.0,0.0,5.83,1.94,3,1.0,3,5.83,1.94,3,1.0,,,,,,6,4,2,13,8,5,0.46,0.04,0.46153846153846156,0.3076923076923077,0.15384615384615385,0.6153846153846154,0.38461538461538464,12,0.375,-2.23,-0.07,32,12,0.5714285714285714,6.97,0.33,21,401862778,2026,4
2426,Navy Midshipmen,36,0.5070422535211268,6,0.3157894736842105,30,0.5769230769230769,4,0.5714285714285714,9,0.6,25,0.4716981132075472,53,0.2641509433962264,0.7358490566037735,-4.59,-0.09,12,0.22641509433962265,14,-4.01,-0.29,4,0.2857142857142857,39,-0.58,-0.01,21,0.5384615384615384,17,0.29411764705882354,0.7058823529411765,-0.22,-0.01,7,0.4117647058823529,5,2.0,0.4,2,0.4,12,-2.22,-0.18,5,0.4166666666666667,11,2,9,18,5,13,6.39,0.35,0.6111111111111112,0.1111111111111111,0.5,0.2777777777777778,0.7222222222222222,30,0.5882352941176471,6.58,0.13,51,6,0.3,-4.79,-0.24,20,401862778,2026,4
228,Clemson Tigers,29,0.4461538461538462,10,0.43478260869565216,19,0.4523809523809524,4,0.36363636363636365,8,0.5714285714285714,19,0.3877551020408163,49,0.3469387755102041,0.6530612244897959,-14.35,-0.29,10,0.20408163265306123,17,-16.03,-0.94,6,0.35294117647058826,32,1.69,0.05,13,0.40625,4,0.5,0.5,-0.36,-0.09,1,0.25,2,-0.98,-0.49,0,0.0,2,0.63,0.31,1,0.5,10,4,6,16,6,10,12.2,0.76,0.625,0.25,0.375,0.375,0.625,22,0.4782608695652174,-7.48,-0.16,46,7,0.3684210526315789,5.33,0.28,19,401858234,2026,4
25,California Golden Bears,22,0.39285714285714285,11,0.34375,11,0.4583333333333333,0,0.0,3,0.25,19,0.4523809523809524,42,0.5476190476190477,0.4523809523809524,-6.91,-0.16,7,0.16666666666666666,23,-4.64,-0.2,10,0.43478260869565216,19,-2.27,-0.12,9,0.47368421052631576,17,0.47058823529411764,0.5294117647058824,1.6,0.09,8,0.47058823529411764,8,2.89,0.36,4,0.5,9,-1.3,-0.14,4,0.4444444444444444,3,1,2,14,9,5,-13.2,-0.94,0.21428571428571427,0.07142857142857142,0.14285714285714285,0.6428571428571429,0.35714285714285715,18,0.45,-11.4,-0.28,40,4,0.25,-8.72,-0.54,16,401858234,2026,4
251,Texas Longhorns,21,0.375,12,0.48,9,0.2903225806451613,4,0.4444444444444444,3,0.25,18,0.4090909090909091,44,0.4318181818181818,0.5681818181818182,-1.13,-0.03,9,0.20454545454545456,19,5.69,0.3,11,0.5789473684210527,25,-6.82,-0.27,7,0.28,8,0.375,0.625,-1.18,-0.15,1,0.125,3,1.33,0.44,1,0.3333333333333333,5,-2.52,-0.5,0,0.0,3,1,2,12,6,6,-6.37,-0.53,0.25,0.08333333333333333,0.16666666666666666,0.5,0.5,14,0.3888888888888889,-5.47,-0.15,36,7,0.35,-2.04,-0.1,20,401856704,2026,4
2633,Tennessee Volunteers,25,0.3246753246753247,11,0.2619047619047619,14,0.4117647058823529,0,0.0,5,0.29411764705882354,18,0.32727272727272727,55,0.5636363636363636,0.43636363636363634,-9.41,-0.17,10,0.18181818181818182,31,-4.4,-0.14,10,0.3225806451612903,24,-5.0,-0.21,8,0.3333333333333333,13,0.6153846153846154,0.38461538461538464,-5.5,-0.42,3,0.23076923076923078,8,-3.3,-0.41,2,0.25,5,-2.19,-0.44,1,0.2,7,1,6,21,11,10,-5.31,-0.25,0.3333333333333333,0.047619047619047616,0.2857142857142857,0.5238095238095238,0.47619047619047616,20,0.4,-0.82,-0.02,50,5,0.19230769230769232,-13.89,-0.53,26,401856704,2026,4
61,Georgia Bulldogs,17,0.3269230769230769,9,0.3333333333333333,8,0.32,4,0.5714285714285714,3,0.25,13,0.3333333333333333,39,0.46153846153846156,0.5384615384615384,-6.3,-0.16,3,0.07692307692307693,18,-5.85,-0.33,6,0.3333333333333333,21,-0.44,-0.02,7,0.3333333333333333,4,0.5,0.5,-3.17,-0.79,2,0.5,2,-4.76,-2.38,1,0.5,2,1.59,0.8,1,0.5,4,3,1,13,9,4,-8.08,-0.62,0.3076923076923077,0.23076923076923078,0.07692307692307693,0.6923076923076923,0.3076923076923077,14,0.3888888888888889,-3.82,-0.11,36,3,0.1875,-10.56,-0.66,16,401856700,2026,4
201,Oklahoma Sooners,24,0.35294117647058826,17,0.4722222222222222,7,0.22580645161290322,3,0.42857142857142855,2,0.14285714285714285,20,0.39215686274509803,51,0.5098039215686274,0.49019607843137253,1.74,0.03,11,0.21568627450980393,26,6.04,0.23,14,0.5384615384615384,25,-4.31,-0.17,6,0.24,15,0.4,0.6,3.46,0.23,6,0.4,6,3.2,0.53,2,0.3333333333333333,9,0.26,0.03,4,0.4444444444444444,4,3,1,17,10,6,-14.95,-0.88,0.23529411764705882,0.17647058823529413,0.058823529411764705,0.5882352941176471,0.35294117647058826,17,0.38636363636363635,-9.9,-0.23,44,7,0.2916666666666667,-3.31,-0.14,24,401856700,2026,4
2509,Purdue Boilermakers,28,0.4117647058823529,16,0.37209302325581395,12,0.48,4,0.4,8,0.4444444444444444,20,0.4166666666666667,48,0.6458333333333334,0.3541666666666667,-7.12,-0.15,7,0.14583333333333334,31,-3.67,-0.12,14,0.45161290322580644,17,-3.45,-0.2,6,0.35294117647058826,12,0.8333333333333334,0.16666666666666666,1.44,0.12,6,0.5,10,-0.9,-0.09,4,0.4,2,2.34,1.17,2,1.0,8,2,6,20,12,8,-10.47,-0.52,0.4,0.1,0.3,0.6,0.4,20,0.43478260869565216,-16.44,-0.36,46,8,0.36363636363636365,-1.16,-0.05,22,401858467,2026,4
87,Notre Dame Fighting Irish,30,0.5263157894736842,15,0.5769230769230769,15,0.4838709677419355,8,0.5333333333333333,3,0.375,26,0.5416666666666666,48,0.4375,0.5625,18.37,0.38,13,0.2708333333333333,21,14.44,0.69,13,0.6190476190476191,27,3.94,0.15,13,0.48148148148148145,9,0.6666666666666666,0.3333333333333333,-0.73,-0.08,4,0.4444444444444444,6,-1.8,-0.3,2,0.3333333333333333,3,1.07,0.36,2,0.6666666666666666,4,2,2,9,5,4,-2.74,-0.3,0.4444444444444444,0.2222222222222222,0.2222222222222222,0.5555555555555556,0.4444444444444444,28,0.5833333333333334,22.67,0.47,48,2,0.2222222222222222,-7.04,-0.78,9,401858467,2026,4
145,Ole Miss Rebels,35,0.5737704918032787,21,0.6,14,0.5384615384615384,4,0.5,6,0.5454545454545454,28,0.5833333333333334,48,0.5833333333333334,0.4166666666666667,12.71,0.26,14,0.2916666666666667,28,5.45,0.19,18,0.6428571428571429,20,7.26,0.36,10,0.5,17,0.5294117647058824,0.47058823529411764,9.0,0.53,11,0.6470588235294118,9,5.6,0.62,6,0.6666666666666666,8,3.4,0.42,5,0.625,7,3,4,13,7,6,1.33,0.1,0.5384615384615384,0.23076923076923078,0.3076923076923077,0.5384615384615384,0.46153846153846156,29,0.58,10.77,0.22,50,6,0.5454545454545454,3.27,0.3,11,401856699,2026,4
57,Florida Gators,41,0.5394736842105263,12,0.5217391304347826,29,0.5471698113207547,10,0.5882352941176471,6,0.5454545454545454,35,0.546875,64,0.265625,0.734375,25.02,0.39,18,0.28125,17,11.65,0.69,11,0.6470588235294118,47,13.37,0.28,24,0.5106382978723404,10,0.3,0.7,7.65,0.76,6,0.6,3,1.44,0.48,1,0.3333333333333333,7,6.2,0.89,5,0.7142857142857143,6,1,5,12,6,6,-2.91,-0.24,0.5,0.08333333333333333,0.4166666666666667,0.5,0.5,33,0.5409836065573771,8.8,0.14,61,8,0.5333333333333333,13.31,0.89,15,401856699,2026,4
2117,Central Michigan Chippewas,20,0.39215686274509803,13,0.43333333333333335,7,0.3333333333333333,,,6,0.42857142857142855,14,0.3783783783783784,37,0.5675675675675675,0.43243243243243246,-3.75,-0.1,3,0.08108108108108109,21,-0.68,-0.03,9,0.42857142857142855,16,-3.07,-0.19,5,0.3125,13,0.5384615384615384,0.46153846153846156,5.45,0.42,8,0.6153846153846154,7,7.19,1.03,6,0.8571428571428571,6,-1.74,-0.29,2,0.3333333333333333,6,4,2,14,9,5,-4.97,-0.35,0.42857142857142855,0.2857142857142857,0.14285714285714285,0.6428571428571429,0.35714285714285715,11,0.3333333333333333,-8.85,-0.27,33,9,0.5,0.13,0.01,18,401858238,2026,4
2390,Miami Hurricanes,42,0.6176470588235294,24,0.6666666666666666,18,0.5625,9,0.5625,7,0.7,33,0.5892857142857143,56,0.5178571428571429,0.48214285714285715,15.17,0.27,18,0.32142857142857145,29,15.04,0.52,18,0.6206896551724138,27,0.13,0.0,15,0.5555555555555556,10,0.7,0.3,9.82,0.98,6,0.6,7,5.03,0.72,4,0.5714285714285714,3,4.79,1.6,2,0.6666666666666666,9,6,3,12,7,5,12.28,1.02,0.75,0.5,0.25,0.5833333333333334,0.4166666666666667,32,0.6530612244897959,20.39,0.42,49,10,0.5263157894736842,7.06,0.37,19,401858238,2026,4
194,Ohio State Buckeyes,39,0.5909090909090909,23,0.6388888888888888,16,0.5333333333333333,5,0.625,8,0.6666666666666666,29,0.5576923076923077,52,0.5576923076923077,0.4423076923076923,21.52,0.41,14,0.2692307692307692,29,18.64,0.64,19,0.6551724137931034,23,2.89,0.13,10,0.43478260869565216,10,0.7,0.3,5.98,0.6,6,0.6,7,3.26,0.47,5,0.7142857142857143,3,2.72,0.91,1,0.3333333333333333,10,4,6,14,7,7,9.98,0.71,0.7142857142857143,0.2857142857142857,0.42857142857142855,0.5,0.5,32,0.5714285714285714,23.02,0.41,56,7,0.7,8.49,0.85,10,401858465,2026,4
356,Illinois Fighting Illini,31,0.43661971830985913,15,0.36585365853658536,16,0.5333333333333333,0,0.0,4,0.2857142857142857,26,0.48148148148148145,54,0.5555555555555556,0.4444444444444444,12.23,0.23,14,0.25925925925925924,30,2.33,0.08,12,0.4,24,9.9,0.41,14,0.5833333333333334,20,0.6,0.4,-3.23,-0.16,6,0.3,12,-1.04,-0.09,3,0.25,8,-2.19,-0.27,3,0.375,5,3,2,17,11,6,-4.82,-0.28,0.29411764705882354,0.17647058823529413,0.11764705882352941,0.6470588235294118,0.35294117647058826,20,0.4444444444444444,-3.3,-0.07,45,11,0.4230769230769231,10.71,0.41,26,401858465,2026,4
333,Alabama Crimson Tide,29,0.5178571428571429,18,0.6206896551724138,11,0.4074074074074074,4,0.6666666666666666,5,0.5,24,0.5217391304347826,46,0.5,0.5,18.27,0.4,12,0.2608695652173913,23,21.97,0.96,16,0.6956521739130435,23,-3.71,-0.16,8,0.34782608695652173,12,0.75,0.25,4.78,0.4,6,0.5,9,3.33,0.37,5,0.5555555555555556,3,1.45,0.48,1,0.3333333333333333,5,2,3,10,6,4,5.86,0.59,0.5,0.2,0.3,0.6,0.4,20,0.5555555555555556,4.85,0.13,36,9,0.45,19.28,0.96,20,401856696,2026,4
2579,South Carolina Gamecocks,28,0.3835616438356164,13,0.38235294117647056,15,0.38461538461538464,1,0.14285714285714285,3,0.21428571428571427,22,0.4074074074074074,54,0.5185185185185185,0.48148148148148145,-3.92,-0.07,13,0.24074074074074073,28,-2.7,-0.1,13,0.4642857142857143,26,-1.22,-0.05,9,0.34615384615384615,14,0.5,0.5,-2.83,-0.2,6,0.42857142857142855,7,-2.63,-0.38,3,0.42857142857142855,7,-0.2,-0.03,3,0.42857142857142855,6,0,6,19,6,13,1.81,0.1,0.3157894736842105,0.0,0.3157894736842105,0.3157894736842105,0.6842105263157895,20,0.4444444444444444,1.49,0.03,45,8,0.2857142857142857,-3.6,-0.13,28,401856696,2026,4
99,LSU Tigers,27,0.4090909090909091,14,0.5,13,0.34210526315789475,7,0.3888888888888889,4,0.3333333333333333,22,0.4230769230769231,52,0.38461538461538464,0.6153846153846154,5.63,0.11,13,0.25,20,5.57,0.28,11,0.55,32,0.06,0.0,11,0.34375,10,0.6,0.4,6.95,0.7,6,0.6,6,8.54,1.42,5,0.8333333333333334,4,-1.59,-0.4,1,0.25,5,3,2,14,8,6,2.04,0.15,0.35714285714285715,0.21428571428571427,0.14285714285714285,0.5714285714285714,0.42857142857142855,22,0.43137254901960786,8.03,0.16,51,5,0.3333333333333333,-0.36,-0.02,15,401856702,2026,4
245,Texas A&M Aggies,22,0.3728813559322034,6,0.2,16,0.5517241379310345,2,0.3333333333333333,5,0.3333333333333333,17,0.3953488372093023,43,0.4186046511627907,0.5813953488372093,-10.55,-0.25,7,0.16279069767441862,18,-12.55,-0.7,3,0.16666666666666666,25,2.01,0.08,14,0.56,8,0.625,0.375,-3.6,-0.45,2,0.25,5,-3.55,-0.71,1,0.2,3,-0.05,-0.02,1,0.3333333333333333,5,3,2,16,12,4,-9.18,-0.57,0.3125,0.1875,0.125,0.75,0.25,15,0.39473684210526316,-15.35,-0.4,38,7,0.3333333333333333,-4.38,-0.21,21,401856702,2026,4
2641,Texas Tech Red Raiders,35,0.5384615384615384,17,0.5483870967741935,18,0.5294117647058824,4,0.5,4,0.4444444444444444,30,0.5454545454545454,55,0.45454545454545453,0.5454545454545454,1.5,0.03,16,0.2909090909090909,25,-5.17,-0.21,14,0.56,30,6.67,0.22,16,0.5333333333333333,16,0.625,0.375,-4.41,-0.28,8,0.5,10,-5.53,-0.55,5,0.5,6,1.12,0.19,3,0.5,5,3,2,10,6,4,2.6,0.26,0.5,0.3,0.2,0.6,0.4,28,0.5384615384615384,-1.2,-0.02,52,7,0.5384615384615384,5.3,0.41,13,401856805,2026,4
2534,Sam Houston Bearkats,23,0.3484848484848485,14,0.35,8,0.32,1,0.5,6,0.375,16,0.3333333333333333,48,0.6041666666666666,0.3958333333333333,-15.37,-0.32,5,0.10416666666666667,29,-9.88,-0.34,12,0.41379310344827586,19,-5.49,-0.29,4,0.21052631578947367,10,0.6,0.3,1.23,0.12,3,0.3,6,0.48,0.08,2,0.3333333333333333,3,-2.42,-0.81,0,0.0,6,2,4,17,11,6,-4.61,-0.27,0.35294117647058826,0.11764705882352941,0.23529411764705882,0.6470588235294118,0.35294117647058826,16,0.36363636363636365,-13.37,-0.3,44,6,0.2857142857142857,-6.6,-0.31,21,401856805,2026,4
2483,Oregon Ducks,34,0.5074626865671642,20,0.5714285714285714,14,0.4375,10,0.6666666666666666,6,0.5,26,0.49056603773584906,53,0.4716981132075472,0.5283018867924528,15.35,0.29,13,0.24528301886792453,25,10.76,0.43,13,0.52,28,4.59,0.16,13,0.4642857142857143,17,0.5294117647058824,0.47058823529411764,11.27,0.66,11,0.6470588235294118,9,8.31,0.92,6,0.6666666666666666,8,2.96,0.37,5,0.625,8,7,1,14,10,4,15.77,1.13,0.5714285714285714,0.5,0.07142857142857142,0.7142857142857143,0.2857142857142857,24,0.5217391304347826,19.91,0.43,46,10,0.47619047619047616,11.2,0.53,21,401858469,2026,4
30,USC Trojans,34,0.4594594594594595,21,0.4772727272727273,13,0.43333333333333335,3,0.3,3,0.2727272727272727,27,0.46551724137931033,58,0.5862068965517241,0.41379310344827586,19.63,0.34,17,0.29310344827586204,34,19.79,0.58,18,0.5294117647058824,24,-0.16,-0.01,9,0.375,4,0.5,0.5,2.24,0.56,3,0.75,2,0.21,0.11,1,0.5,2,2.03,1.01,2,1.0,7,3,4,16,10,6,-0.76,-0.05,0.4375,0.1875,0.25,0.625,0.375,20,0.4,4.03,0.08,50,14,0.5833333333333334,14.83,0.62,24,401858469,2026,4
213,Penn State Nittany Lions,17,0.26153846153846155,6,0.1935483870967742,11,0.3235294117647059,3,0.5,7,0.3684210526315789,10,0.2222222222222222,45,0.4444444444444444,0.5555555555555556,-20.88,-0.46,4,0.08888888888888889,20,-10.88,-0.54,4,0.2,25,-10.0,-0.4,6,0.24,4,0.5,0.5,-6.34,-1.58,1,0.25,2,-6.32,-3.16,0,0.0,2,-0.01,-0.01,1,0.5,7,2,5,20,11,9,0.65,0.03,0.35,0.1,0.25,0.55,0.45,11,0.2894736842105263,-15.16,-0.4,38,6,0.2222222222222222,-5.06,-0.19,27,401858466,2026,4
275,Wisconsin Badgers,25,0.3787878787878788,14,0.358974358974359,11,0.4074074074074074,4,0.6666666666666666,4,0.26666666666666666,19,0.3877551020408163,49,0.5510204081632653,0.4489795918367347,-5.48,-0.11,11,0.22448979591836735,27,-4.72,-0.17,11,0.4074074074074074,22,-0.76,-0.03,8,0.36363636363636365,12,0.75,0.25,2.21,0.18,5,0.4166666666666667,9,-0.23,-0.03,3,0.3333333333333333,3,2.44,0.81,2,0.6666666666666666,6,3,3,17,12,5,-2.85,-0.17,0.35294117647058826,0.17647058823529413,0.17647058823529413,0.7058823529411765,0.29411764705882354,18,0.46153846153846156,-9.12,-0.23,39,7,0.25925925925925924,0.78,0.03,27,401858466,2026,4
66,Iowa State Cyclones,32,0.43243243243243246,17,0.40476190476190477,15,0.46875,2,0.6666666666666666,4,0.3076923076923077,26,0.4642857142857143,56,0.5357142857142857,0.4642857142857143,-6.84,-0.12,13,0.23214285714285715,30,-1.75,-0.06,14,0.4666666666666667,26,-5.08,-0.2,12,0.46153846153846156,15,0.7333333333333333,0.26666666666666666,1.8,0.12,8,0.5333333333333333,11,2.48,0.23,6,0.5454545454545454,4,-0.68,-0.17,2,0.5,6,3,3,18,12,6,0.14,0.01,0.3333333333333333,0.16666666666666666,0.16666666666666666,0.6666666666666666,0.3333333333333333,19,0.40425531914893614,-10.53,-0.22,47,13,0.48148148148148145,3.83,0.14,27,401856816,2026,4
254,Utah Utes,30,0.5172413793103449,15,0.5357142857142857,15,0.5,4,0.36363636363636365,3,0.3,26,0.5531914893617021,47,0.48936170212765956,0.5106382978723404,14.39,0.31,13,0.2765957446808511,23,6.47,0.28,13,0.5652173913043478,24,7.92,0.33,13,0.5416666666666666,8,0.625,0.375,5.95,0.74,6,0.75,5,4.61,0.92,4,0.8,3,1.34,0.45,2,0.6666666666666666,4,2,2,11,5,6,-0.99,-0.09,0.36363636363636365,0.18181818181818182,0.18181818181818182,0.45454545454545453,0.5454545454545454,26,0.5777777777777777,15.56,0.35,45,4,0.3076923076923077,-2.15,-0.17,13,401856816,2026,4
97,Louisville Cardinals,30,0.40540540540540543,19,0.475,11,0.3235294117647059,3,0.2727272727272727,7,0.4666666666666667,23,0.39655172413793105,58,0.4827586206896552,0.5172413793103449,0.7,0.01,15,0.25862068965517243,28,9.38,0.33,16,0.5714285714285714,30,-8.67,-0.29,7,0.23333333333333334,12,0.5833333333333334,0.4166666666666667,4.24,0.35,6,0.5,7,4.77,0.68,5,0.7142857142857143,5,-0.53,-0.11,1,0.2,7,3,4,16,12,4,0.58,0.04,0.4375,0.1875,0.25,0.75,0.25,23,0.4339622641509434,2.74,0.05,53,7,0.3333333333333333,-1.45,-0.07,21,401858243,2026,4
154,Wake Forest Demon Deacons,27,0.45,10,0.45454545454545453,17,0.4473684210526316,4,0.5,2,0.2,25,0.5102040816326531,49,0.3877551020408163,0.6122448979591837,15.11,0.31,12,0.24489795918367346,19,6.06,0.32,9,0.47368421052631576,30,9.05,0.3,16,0.5333333333333333,11,0.45454545454545453,0.5454545454545454,1.84,0.17,4,0.36363636363636365,5,-1.26,-0.25,1,0.2,6,3.1,0.52,3,0.5,2,1,1,11,3,8,-7.88,-0.72,0.18181818181818182,0.09090909090909091,0.09090909090909091,0.2727272727272727,0.7272727272727273,22,0.4888888888888889,4.14,0.09,45,5,0.3333333333333333,3.09,0.21,15,401858243,2026,4
130,Michigan Wolverines,31,0.45588235294117646,15,0.5172413793103449,16,0.41025641025641024,3,0.2727272727272727,6,0.46153846153846156,25,0.46296296296296297,54,0.37037037037037035,0.6296296296296297,13.64,0.25,14,0.25925925925925924,20,12.84,0.64,11,0.55,34,0.8,0.02,14,0.4117647058823529,11,0.6363636363636364,0.36363636363636365,-4.97,-0.45,5,0.45454545454545453,7,4.19,0.6,5,0.7142857142857143,4,-9.16,-2.29,0,0.0,6,4,2,14,9,5,-7.04,-0.5,0.42857142857142855,0.2857142857142857,0.14285714285714285,0.6428571428571429,0.35714285714285715,22,0.4583333333333333,-3.22,-0.07,48,9,0.45,9.82,0.49,20,401858463,2026,4
2294,Iowa Hawkeyes,20,0.3448275862068966,15,0.4166666666666667,5,0.22727272727272727,2,1.0,6,0.42857142857142855,14,0.3181818181818182,44,0.5909090909090909,0.4090909090909091,0.04,0.0,6,0.13636363636363635,26,3.88,0.15,9,0.34615384615384615,18,-3.84,-0.21,5,0.2777777777777778,9,0.7777777777777778,0.2222222222222222,-1.92,-0.21,2,0.2222222222222222,7,-1.91,-0.27,1,0.14285714285714285,2,-0.01,-0.0,1,0.5,6,6,0,14,10,4,2.87,0.21,0.42857142857142855,0.42857142857142855,0.0,0.7142857142857143,0.2857142857142857,12,0.3333333333333333,2.21,0.06,36,8,0.36363636363636365,0.71,0.03,22,401858463,2026,4
344,Mississippi State Bulldogs,38,0.48717948717948717,20,0.47619047619047616,18,0.5,6,0.375,8,0.5333333333333333,29,0.47540983606557374,61,0.5081967213114754,0.4918032786885246,7.01,0.11,14,0.22950819672131148,31,3.27,0.11,15,0.4838709677419355,30,3.74,0.12,14,0.4666666666666667,10,0.6,0.4,-2.21,-0.22,5,0.5,6,-2.34,-0.39,3,0.5,4,0.13,0.03,2,0.5,9,5,4,17,11,6,6.13,0.36,0.5294117647058824,0.29411764705882354,0.23529411764705882,0.6470588235294118,0.35294117647058826,24,0.4897959183673469,10.05,0.21,49,14,0.4827586206896552,3.09,0.11,29,401856703,2026,4
142,Missouri Tigers,37,0.49333333333333335,20,0.47619047619047616,17,0.5151515151515151,5,0.45454545454545453,8,0.5,29,0.5087719298245614,57,0.49122807017543857,0.5087719298245614,8.19,0.14,13,0.22807017543859648,28,8.99,0.32,14,0.5,29,-0.79,-0.03,15,0.5172413793103449,12,0.5,0.5,0.13,0.01,4,0.3333333333333333,6,2.2,0.37,3,0.5,6,-2.08,-0.35,1,0.16666666666666666,8,6,2,18,14,4,0.65,0.04,0.4444444444444444,0.3333333333333333,0.1111111111111111,0.7777777777777778,0.2222222222222222,25,0.49019607843137253,-3.36,-0.07,51,12,0.5,12.21,0.51,24,401856703,2026,4
2623,Missouri State Bears,22,0.3548387096774194,12,0.2926829268292683,10,0.47619047619047616,2,0.25,5,0.3125,14,0.3333333333333333,42,0.5476190476190477,0.4523809523809524,-4.55,-0.11,4,0.09523809523809523,23,-4.16,-0.18,5,0.21739130434782608,19,-0.39,-0.02,9,0.47368421052631576,11,0.5454545454545454,0.45454545454545453,-4.86,-0.44,3,0.2727272727272727,6,-4.45,-0.74,0,0.0,5,-0.42,-0.08,3,0.6,8,7,1,20,18,2,-2.18,-0.11,0.4,0.35,0.05,0.9,0.1,15,0.40540540540540543,-8.04,-0.22,37,7,0.28,1.32,0.05,25,401858241,2026,4
2567,SMU Mustangs,44,0.5714285714285714,27,0.675,17,0.4594594594594595,7,0.4117647058823529,8,0.6666666666666666,36,0.5625,64,0.515625,0.484375,9.46,0.15,16,0.25,33,11.81,0.36,23,0.696969696969697,31,-2.35,-0.08,13,0.41935483870967744,11,0.7272727272727273,0.2727272727272727,9.02,0.82,8,0.7272727272727273,8,8.82,1.1,7,0.875,3,0.19,0.06,1,0.3333333333333333,8,4,4,13,7,6,3.62,0.28,0.6153846153846154,0.3076923076923077,0.3076923076923077,0.5384615384615384,0.46153846153846156,35,0.5932203389830508,12.9,0.22,59,9,0.5,0.18,0.01,18,401858241,2026,4
290,Georgia Southern Eagles,33,0.5076923076923077,22,0.5365853658536586,11,0.4583333333333333,2,0.4,6,0.5,24,0.4897959183673469,49,0.5714285714285714,0.42857142857142855,5.91,0.12,11,0.22448979591836735,28,10.01,0.36,15,0.5357142857142857,21,-4.1,-0.2,9,0.42857142857142855,5,0.6,0.4,-2.36,-0.47,1,0.2,3,-2.46,-0.82,0,0.0,2,0.1,0.05,1,0.5,9,7,2,16,13,3,18.22,1.14,0.5625,0.4375,0.125,0.8125,0.1875,27,0.5625,21.64,0.45,48,6,0.35294117647058826,2.48,0.15,17,401856806,2026,4
248,Houston Cougars,38,0.6229508196721312,17,0.7727272727272727,21,0.5384615384615384,9,0.6428571428571429,8,0.8888888888888888,30,0.5769230769230769,52,0.3269230769230769,0.6730769230769231,18.1,0.35,20,0.38461538461538464,17,13.95,0.82,13,0.7647058823529411,35,4.14,0.12,17,0.4857142857142857,17,0.47058823529411764,0.5294117647058824,11.07,0.65,12,0.7058823529411765,8,7.68,0.96,6,0.75,9,3.39,0.38,6,0.6666666666666666,8,4,4,9,5,4,11.21,1.25,0.8888888888888888,0.4444444444444444,0.4444444444444444,0.5555555555555556,0.4444444444444444,30,0.5882352941176471,19.14,0.38,51,8,0.8,10.17,1.02,10,401856806,2026,4
239,Baylor Bears,28,0.3835616438356164,12,0.3076923076923077,16,0.47058823529411764,4,0.36363636363636365,6,0.35294117647058826,22,0.4,55,0.4727272727272727,0.5272727272727272,-8.23,-0.15,7,0.12727272727272726,26,-0.22,-0.01,9,0.34615384615384615,29,-8.01,-0.28,13,0.4482758620689655,10,0.8,0.2,-3.03,-0.3,3,0.3,8,-0.79,-0.1,2,0.25,2,-2.24,-1.12,1,0.5,6,3,3,18,13,5,-9.15,-0.51,0.3333333333333333,0.16666666666666666,0.16666666666666666,0.7222222222222222,0.2777777777777778,21,0.45652173913043476,-3.76,-0.08,46,7,0.25925925925925924,-13.62,-0.5,27,401856813,2026,4
38,Colorado Buffaloes,32,0.4,17,0.3695652173913043,15,0.4411764705882353,2,0.3333333333333333,3,0.2,29,0.4603174603174603,63,0.5396825396825397,0.4603174603174603,3.42,0.05,16,0.25396825396825395,34,6.87,0.2,15,0.4411764705882353,29,-3.45,-0.12,14,0.4827586206896552,15,0.8666666666666667,0.13333333333333333,-2.7,-0.18,3,0.2,13,-1.55,-0.12,3,0.23076923076923078,2,-1.15,-0.58,0,0.0,3,2,1,17,12,5,-15.73,-0.93,0.17647058823529413,0.11764705882352941,0.058823529411764705,0.7058823529411765,0.29411764705882354,19,0.3584905660377358,-12.6,-0.24,53,13,0.48148148148148145,0.29,0.01,27,401856813,2026,4
2083,Bucknell Bison,12,0.23529411764705882,8,0.27586206896551724,4,0.18181818181818182,,,2,0.15384615384615385,10,0.2631578947368421,38,0.42105263157894735,0.5789473684210527,-9.55,-0.25,3,0.07894736842105263,16,-4.77,-0.3,6,0.375,22,-4.78,-0.22,4,0.18181818181818182,8,0.375,0.625,-4.95,-0.62,1,0.125,3,-3.24,-1.08,0,0.0,5,-1.71,-0.34,1,0.2,2,2,0,13,13,0,-6.94,-0.53,0.15384615384615385,0.15384615384615385,0.0,1.0,0.0,8,0.27586206896551724,-8.94,-0.31,29,4,0.18181818181818182,-7.55,-0.34,22,401858236,2026,4
221,Pittsburgh Panthers,45,0.5487804878048781,30,0.5769230769230769,15,0.5,8,0.6666666666666666,8,0.5714285714285714,35,0.5303030303030303,66,0.6666666666666666,0.3333333333333333,14.69,0.22,18,0.2727272727272727,44,16.65,0.38,24,0.5454545454545454,22,-1.95,-0.09,11,0.5,14,0.7857142857142857,0.21428571428571427,8.01,0.57,9,0.6428571428571429,11,8.42,0.77,7,0.6363636363636364,3,-0.41,-0.14,2,0.6666666666666666,10,6,4,16,8,8,14.12,0.88,0.625,0.375,0.25,0.5,0.5,37,0.5606060606060606,24.94,0.38,66,8,0.5,3.88,0.24,16,401858236,2026,4
103,Boston College Eagles,24,0.4,7,0.2692307692307692,17,0.5,2,1.0,3,0.23076923076923078,20,0.4444444444444444,45,0.37777777777777777,0.6222222222222222,-0.27,-0.01,9,0.2,17,-0.15,-0.01,7,0.4117647058823529,28,-0.12,-0.0,13,0.4642857142857143,8,0.625,0.375,-5.2,-0.65,2,0.25,5,-3.72,-0.74,1,0.2,3,-1.48,-0.49,1,0.3333333333333333,4,0,4,15,9,6,-7.39,-0.49,0.26666666666666666,0.0,0.26666666666666666,0.6,0.4,19,0.5135135135135135,7.41,0.2,37,5,0.21739130434782608,-15.07,-0.66,23,401858242,2026,4
259,Virginia Tech Hokies,35,0.47297297297297297,15,0.40540540540540543,20,0.5405405405405406,2,0.4,4,0.26666666666666666,31,0.543859649122807,57,0.5087719298245614,0.49122807017543857,11.88,0.21,14,0.24561403508771928,29,1.91,0.07,14,0.4827586206896552,28,9.97,0.36,17,0.6071428571428571,15,0.5333333333333333,0.4666666666666667,-0.81,-0.05,9,0.6,8,0.44,0.06,4,0.5,7,-1.25,-0.18,5,0.7142857142857143,4,1,3,17,8,9,-18.64,-1.1,0.23529411764705882,0.058823529411764705,0.17647058823529413,0.47058823529411764,0.5294117647058824,27,0.48214285714285715,-4.73,-0.08,56,8,0.4444444444444444,-2.03,-0.11,18,401858242,2026,4
21,San Diego State Aztecs,21,0.3088235294117647,17,0.425,4,0.14285714285714285,3,0.2727272727272727,3,0.21428571428571427,16,0.3137254901960784,51,0.5882352941176471,0.4117647058823529,-13.96,-0.27,8,0.1568627450980392,30,-5.32,-0.18,13,0.43333333333333335,21,-8.65,-0.41,3,0.14285714285714285,11,0.45454545454545453,0.5454545454545454,-5.6,-0.51,3,0.2727272727272727,5,-1.61,-0.32,2,0.4,6,-3.99,-0.66,1,0.16666666666666666,5,4,1,17,10,7,2.04,0.12,0.29411764705882354,0.23529411764705882,0.058823529411764705,0.5882352941176471,0.4117647058823529,14,0.35,-11.68,-0.29,40,7,0.25,-0.24,-0.01,28,401860893,2026,4
2649,Toledo Rockets,30,0.42857142857142855,12,0.5454545454545454,18,0.375,4,0.6666666666666666,9,0.5625,21,0.40384615384615385,52,0.25,0.75,6.49,0.12,8,0.15384615384615385,13,14.41,1.11,8,0.6153846153846154,39,-7.92,-0.2,13,0.3333333333333333,10,0.5,0.5,11.08,1.11,6,0.6,5,11.62,2.32,4,0.8,5,-0.54,-0.11,2,0.4,9,4,5,18,9,9,-5.0,-0.28,0.5,0.2222222222222222,0.2777777777777778,0.5,0.5,24,0.4528301886792453,1.35,0.03,53,6,0.35294117647058826,0.15,0.01,17,401860893,2026,4
2636,UTSA Roadrunners,36,0.5294117647058824,15,0.4838709677419355,21,0.5675675675675675,7,0.6363636363636364,9,0.6428571428571429,27,0.5,54,0.46296296296296297,0.5370370370370371,15.29,0.28,11,0.2037037037037037,25,5.21,0.21,11,0.44,29,10.08,0.35,16,0.5517241379310345,8,0.625,0.375,-3.34,-0.42,2,0.25,5,-2.01,-0.4,1,0.2,3,-1.33,-0.44,1,0.3333333333333333,9,4,5,14,6,8,16.91,1.21,0.6428571428571429,0.2857142857142857,0.35714285714285715,0.42857142857142855,0.5714285714285714,28,0.5714285714285714,23.2,0.47,49,8,0.42105263157894735,9.01,0.47,19,401860896,2026,4
36,Colorado State Rams,35,0.44871794871794873,21,0.44680851063829785,14,0.45161290322580644,6,0.46153846153846156,8,0.47058823529411764,22,0.4,55,0.5454545454545454,0.45454545454545453,2.87,0.05,9,0.16363636363636364,30,-1.83,-0.06,13,0.43333333333333335,25,4.69,0.19,9,0.36,25,0.52,0.48,17.02,0.68,14,0.56,13,6.19,0.48,6,0.46153846153846156,12,10.83,0.9,8,0.6666666666666666,13,8,5,23,17,6,22.6,0.98,0.5652173913043478,0.34782608695652173,0.21739130434782608,0.7391304347826086,0.2608695652173913,22,0.43137254901960786,13.8,0.27,51,13,0.48148148148148145,11.66,0.43,27,401860896,2026,4
2439,UNLV Rebels,32,0.5161290322580645,17,0.5862068965517241,15,0.45454545454545453,5,0.625,6,0.5,25,0.5102040816326531,49,0.3877551020408163,0.6122448979591837,5.39,0.11,12,0.24489795918367346,19,7.15,0.38,11,0.5789473684210527,30,-1.76,-0.06,14,0.4666666666666667,12,0.75,0.25,4.94,0.41,5,0.4166666666666667,9,2.45,0.27,3,0.3333333333333333,3,2.49,0.83,2,0.6666666666666666,7,6,1,13,10,3,11.91,0.92,0.5384615384615384,0.46153846153846156,0.07692307692307693,0.7692307692307693,0.23076923076923078,24,0.5106382978723404,10.81,0.23,47,8,0.5333333333333333,6.49,0.43,15,401864512,2026,4
2006,Akron Zips,23,0.3898305084745763,10,0.3333333333333333,13,0.4482758620689655,2,0.6666666666666666,5,0.38461538461538464,18,0.4,45,0.4444444444444444,0.5555555555555556,1.09,0.02,10,0.2222222222222222,20,-1.63,-0.08,7,0.35,25,2.72,0.11,11,0.44,10,0.3,0.7,-3.35,-0.34,1,0.1,3,-1.63,-0.54,1,0.3333333333333333,7,-1.73,-0.25,0,0.0,5,3,2,14,10,4,-11.63,-0.83,0.35714285714285715,0.21428571428571427,0.14285714285714285,0.7142857142857143,0.2857142857142857,19,0.4523809523809524,3.66,0.09,42,4,0.23529411764705882,-14.19,-0.83,17,401864512,2026,4
2050,Ball State Cardinals,15,0.2777777777777778,12,0.41379310344827586,3,0.12,3,0.42857142857142855,7,0.5,6,0.16216216216216217,37,0.3783783783783784,0.6216216216216216,-14.31,-0.39,4,0.10810810810810811,14,-1.31,-0.09,4,0.2857142857142857,23,-13.0,-0.57,2,0.08695652173913043,13,0.46153846153846156,0.5384615384615384,-2.09,-0.16,4,0.3076923076923077,6,1.35,0.23,3,0.5,7,-3.44,-0.49,1,0.14285714285714285,9,8,1,17,15,2,9.29,0.55,0.5294117647058824,0.47058823529411764,0.058823529411764705,0.8823529411764706,0.11764705882352941,6,0.21428571428571427,-6.29,-0.22,28,9,0.34615384615384615,1.27,0.05,26,401866425,2026,4
2309,Kent State Golden Flashes,22,0.3333333333333333,9,0.34615384615384615,13,0.325,7,0.6363636363636364,5,0.35714285714285715,15,0.3,50,0.36,0.64,-6.31,-0.13,9,0.18,18,-2.64,-0.15,5,0.2777777777777778,32,-3.68,-0.11,10,0.3125,10,0.5,0.5,2.34,0.23,3,0.3,5,2.16,0.43,2,0.4,5,0.18,0.04,1,0.2,7,4,3,16,8,8,10.67,0.67,0.4375,0.25,0.1875,0.5,0.5,15,0.375,3.3,0.08,40,7,0.2692307692307692,1.05,0.04,26,401866425,2026,4
96,Kentucky Wildcats,39,0.5735294117647058,13,0.4642857142857143,26,0.65,9,0.5,2,0.25,36,0.631578947368421,57,0.38596491228070173,0.6140350877192983,27.66,0.49,19,0.3333333333333333,22,3.71,0.17,12,0.5454545454545454,35,23.95,0.68,24,0.6857142857142857,8,0.125,0.875,10.63,1.33,4,0.5,1,-0.91,-0.91,0,0.0,7,11.53,1.65,4,0.5714285714285714,3,1,2,11,6,5,-7.23,-0.66,0.2727272727272727,0.09090909090909091,0.18181818181818182,0.5454545454545454,0.45454545454545453,35,0.603448275862069,20.82,0.36,58,4,0.4,-0.4,-0.04,10,401864576,2026,4
6,South Alabama Jaguars,26,0.3466666666666667,16,0.34782608695652173,10,0.3448275862068966,4,0.4444444444444444,4,0.26666666666666666,20,0.36363636363636365,55,0.5636363636363636,0.43636363636363634,1.01,0.02,9,0.16363636363636364,31,3.32,0.11,13,0.41935483870967744,24,-2.31,-0.1,7,0.2916666666666667,12,0.6666666666666666,0.3333333333333333,3.55,0.3,7,0.5833333333333334,8,2.93,0.37,5,0.625,4,0.62,0.16,2,0.5,6,3,3,20,15,5,-8.85,-0.44,0.3,0.15,0.15,0.75,0.25,17,0.34,-18.29,-0.37,50,9,0.36,10.44,0.42,25,401864576,2026,4
2815,Lindenwood Lions,17,0.3333333333333333,6,0.2857142857142857,11,0.36666666666666664,0,0.0,4,0.3333333333333333,11,0.3142857142857143,35,0.34285714285714286,0.6571428571428571,-9.94,-0.28,4,0.11428571428571428,12,-5.75,-0.48,3,0.25,23,-4.2,-0.18,8,0.34782608695652173,5,0.6,0.4,-2.03,-0.41,1,0.2,3,-1.13,-0.38,1,0.3333333333333333,2,-0.9,-0.45,0,0.0,6,3,3,16,9,7,-3.55,-0.22,0.375,0.1875,0.1875,0.5625,0.4375,11,0.36666666666666664,-8.23,-0.27,30,6,0.2857142857142857,-5.26,-0.25,21,401866427,2026,4
2199,Eastern Michigan Eagles,29,0.42028985507246375,15,0.39473684210526316,14,0.45161290322580644,4,0.36363636363636365,8,0.5714285714285714,20,0.37037037037037035,54,0.5,0.5,-5.18,-0.1,12,0.2222222222222222,27,-0.9,-0.03,9,0.3333333333333333,27,-4.29,-0.16,11,0.4074074074074074,16,0.6875,0.3125,0.28,0.02,7,0.4375,11,-0.33,-0.03,4,0.36363636363636365,5,0.61,0.12,3,0.6,9,6,3,15,11,4,14.7,0.98,0.6,0.4,0.2,0.7333333333333333,0.26666666666666666,18,0.391304347826087,-2.06,-0.04,46,11,0.4782608695652174,11.58,0.5,23,401866427,2026,4
120,Maryland Terrapins,18,0.2647058823529412,10,0.24390243902439024,8,0.2962962962962963,0,0.0,2,0.125,15,0.3,50,0.56,0.44,-21.5,-0.43,10,0.2,28,-15.08,-0.54,9,0.32142857142857145,22,-6.42,-0.29,6,0.2727272727272727,14,0.6428571428571429,0.35714285714285715,-5.4,-0.39,4,0.2857142857142857,9,-5.74,-0.64,2,0.2222222222222222,5,0.34,0.07,2,0.4,3,1,2,18,13,5,-15.61,-0.87,0.16666666666666666,0.05555555555555555,0.1111111111111111,0.7222222222222222,0.2777777777777778,12,0.3,-20.56,-0.51,40,6,0.21428571428571427,-16.54,-0.59,28,401858462,2026,4
26,UCLA Bruins,21,0.3333333333333333,8,0.32,13,0.34210526315789475,3,0.42857142857142855,1,0.09090909090909091,19,0.38,50,0.38,0.62,6.59,0.13,11,0.22,19,0.11,0.01,7,0.3684210526315789,31,6.48,0.21,12,0.3870967741935484,10,0.7,0.3,-3.56,-0.36,3,0.3,7,-2.59,-0.37,2,0.2857142857142857,3,-0.97,-0.32,1,0.3333333333333333,2,1,1,13,6,7,-6.15,-0.47,0.15384615384615385,0.07692307692307693,0.07692307692307693,0.46153846153846156,0.5384615384615384,16,0.35555555555555557,-5.93,-0.13,45,5,0.2777777777777778,6.36,0.35,18,401858462,2026,4
2247,Georgia State Panthers,22,0.38596491228070173,12,0.5454545454545454,10,0.29411764705882354,5,0.625,6,0.5,15,0.3488372093023256,43,0.27906976744186046,0.7209302325581395,0.39,0.01,8,0.18604651162790697,12,4.8,0.4,7,0.5833333333333334,31,-4.4,-0.14,8,0.25806451612903225,9,0.4444444444444444,0.5555555555555556,-5.79,-0.64,2,0.2222222222222222,4,-3.75,-0.94,2,0.5,5,-2.04,-0.41,0,0.0,7,5,2,13,10,3,5.98,0.46,0.5384615384615384,0.38461538461538464,0.15384615384615385,0.7692307692307693,0.23076923076923078,15,0.375,1.94,0.05,40,7,0.4375,4.43,0.28,16,401864511,2026,4
2459,Northern Illinois Huskies,37,0.5068493150684932,24,0.5,13,0.52,1,0.14285714285714285,6,0.46153846153846156,30,0.5357142857142857,56,0.6071428571428571,0.39285714285714285,7.55,0.13,17,0.30357142857142855,34,1.51,0.04,18,0.5294117647058824,22,6.05,0.27,12,0.5454545454545454,9,0.8888888888888888,0.1111111111111111,-6.15,-0.68,3,0.3333333333333333,8,-5.61,-0.7,3,0.375,1,-0.54,-0.54,0,0.0,7,6,1,17,14,3,-2.25,-0.13,0.4117647058823529,0.35294117647058826,0.058823529411764705,0.8235294117647058,0.17647058823529413,24,0.5106382978723404,-3.52,-0.07,47,13,0.5,8.82,0.34,26,401864511,2026,4
2110,Central Arkansas Bears,33,0.4520547945205479,12,0.36363636363636365,21,0.525,1,0.5,8,0.5,23,0.4339622641509434,53,0.4339622641509434,0.5660377358490566,-0.87,-0.02,8,0.1509433962264151,23,2.06,0.09,9,0.391304347826087,30,-2.94,-0.1,14,0.4666666666666667,14,0.21428571428571427,0.7857142857142857,5.01,0.36,9,0.6428571428571429,3,0.28,0.09,2,0.6666666666666666,11,4.73,0.43,7,0.6363636363636364,10,3,7,20,10,10,-4.52,-0.23,0.5,0.15,0.35,0.5,0.5,26,0.5416666666666666,4.53,0.09,48,7,0.28,-9.92,-0.4,25,401858237,2026,4
52,Florida State Seminoles,25,0.5319148936170213,12,0.5714285714285714,13,0.5,4,0.4,2,0.4,23,0.5476190476190477,42,0.40476190476190477,0.5952380952380952,16.04,0.38,16,0.38095238095238093,17,10.36,0.61,11,0.6470588235294118,25,5.68,0.23,12,0.48,7,0.42857142857142855,0.5714285714285714,-1.12,-0.16,4,0.5714285714285714,3,-0.73,-0.24,2,0.6666666666666666,4,-0.39,-0.1,2,0.5,2,1,1,5,4,1,-1.61,-0.32,0.4,0.2,0.2,0.8,0.2,18,0.5294117647058824,6.68,0.2,34,7,0.5384615384615384,7.75,0.6,13,401858237,2026,4
2751,Wyoming Cowboys,31,0.5166666666666667,14,0.5384615384615384,17,0.5,4,0.36363636363636365,6,0.5,25,0.5208333333333334,48,0.3333333333333333,0.6666666666666666,8.66,0.18,14,0.2916666666666667,16,3.62,0.23,9,0.5625,32,5.04,0.16,16,0.5,6,0.16666666666666666,0.8333333333333334,0.87,0.15,3,0.5,1,-0.88,-0.88,0,0.0,5,1.76,0.35,3,0.6,6,5,1,12,10,2,8.92,0.74,0.5,0.4166666666666667,0.08333333333333333,0.8333333333333334,0.16666666666666666,24,0.6,12.41,0.31,40,7,0.35,5.16,0.26,20,401864510,2026,4
62,Hawai'i Rainbow Warriors,33,0.4925373134328358,23,0.48936170212765956,10,0.5,5,0.3333333333333333,6,0.42857142857142855,25,0.5102040816326531,49,0.6530612244897959,0.3469387755102041,8.12,0.17,13,0.2653061224489796,32,4.81,0.15,17,0.53125,17,3.31,0.19,8,0.47058823529411764,16,0.8125,0.1875,-0.28,-0.02,6,0.375,13,-1.68,-0.13,5,0.38461538461538464,3,1.4,0.47,1,0.3333333333333333,8,6,2,18,15,3,-2.68,-0.15,0.4444444444444444,0.3333333333333333,0.1111111111111111,0.8333333333333334,0.16666666666666666,24,0.5217391304347826,3.44,0.07,46,9,0.42857142857142855,2.0,0.1,21,401864510,2026,4
2116,UCF Knights,25,0.46296296296296297,12,0.5454545454545454,13,0.40625,6,0.5,4,0.4,21,0.4883720930232558,43,0.3953488372093023,0.6046511627906976,5.16,0.12,7,0.16279069767441862,17,5.59,0.33,10,0.5882352941176471,26,-0.43,-0.02,11,0.4230769230769231,11,0.2727272727272727,0.7272727272727273,-4.06,-0.37,4,0.36363636363636365,3,-1.16,-0.39,2,0.6666666666666666,8,-2.9,-0.36,2,0.25,4,2,2,11,5,6,-7.02,-0.64,0.36363636363636365,0.18181818181818182,0.18181818181818182,0.45454545454545453,0.5454545454545454,18,0.46153846153846156,-6.4,-0.16,39,7,0.4666666666666667,4.54,0.3,15,401856815,2026,4
2628,TCU Horned Frogs,29,0.43283582089552236,20,0.45454545454545453,9,0.391304347826087,5,0.5555555555555556,10,0.625,18,0.36,50,0.62,0.38,-9.51,-0.19,9,0.18,31,-0.97,-0.03,13,0.41935483870967744,19,-8.54,-0.45,5,0.2631578947368421,11,0.8181818181818182,0.18181818181818182,-0.41,-0.04,5,0.45454545454545453,9,-0.0,-0.0,4,0.4444444444444444,2,-0.41,-0.2,1,0.5,11,7,4,17,13,4,8.86,0.52,0.6470588235294118,0.4117647058823529,0.23529411764705882,0.7647058823529411,0.23529411764705882,18,0.45,3.95,0.1,40,11,0.4074074074074074,-4.61,-0.17,27,401856815,2026,4
2729,William & Mary Tribe,15,0.30612244897959184,8,0.3333333333333333,7,0.28,2,0.4,4,0.3076923076923077,11,0.3142857142857143,35,0.4,0.6,-3.56,-0.1,4,0.11428571428571428,14,4.05,0.29,6,0.42857142857142855,21,-7.61,-0.36,5,0.23809523809523808,9,0.2222222222222222,0.7777777777777778,-7.49,-0.83,2,0.2222222222222222,2,0.02,0.01,1,0.5,7,-7.52,-1.07,1,0.14285714285714285,4,2,2,14,10,4,-2.67,-0.19,0.2857142857142857,0.14285714285714285,0.14285714285714285,0.7142857142857143,0.2857142857142857,9,0.34615384615384615,-9.32,-0.36,26,6,0.2608695652173913,3.09,0.13,23,401858244,2026,4
150,Duke Blue Devils,38,0.5352112676056338,20,0.5882352941176471,18,0.4864864864864865,4,0.4444444444444444,8,0.6153846153846154,29,0.5178571428571429,56,0.44642857142857145,0.5535714285714286,25.88,0.46,12,0.21428571428571427,25,26.26,1.05,15,0.6,31,-0.38,-0.01,14,0.45161290322580644,11,0.6363636363636364,0.36363636363636365,5.91,0.54,6,0.5454545454545454,7,3.25,0.46,3,0.42857142857142855,4,2.66,0.67,3,0.75,9,5,4,15,9,6,11.4,0.76,0.6,0.3333333333333333,0.26666666666666666,0.6,0.4,28,0.5283018867924528,30.05,0.57,53,10,0.5555555555555556,7.22,0.4,18,401858244,2026,4
68,Boise State Broncos,32,0.5079365079365079,13,0.5652173913043478,19,0.475,8,0.5,10,0.7142857142857143,22,0.4489795918367347,49,0.3673469387755102,0.6326530612244898,3.55,0.07,11,0.22448979591836735,18,7.31,0.41,11,0.6111111111111112,31,-3.75,-0.12,11,0.3548387096774194,4,0.25,0.75,-1.03,-0.26,1,0.25,1,-0.74,-0.74,0,0.0,3,-0.28,-0.09,1,0.3333333333333333,10,2,8,14,5,9,11.77,0.84,0.7142857142857143,0.14285714285714285,0.5714285714285714,0.35714285714285715,0.6428571428571429,21,0.5,5.96,0.14,42,11,0.5238095238095238,9.37,0.45,21,401860897,2026,4
2711,Western Michigan Broncos,20,0.39215686274509803,9,0.3,11,0.5238095238095238,2,0.5,2,0.18181818181818182,18,0.4864864864864865,37,0.5405405405405406,0.4594594594594595,3.18,0.09,7,0.1891891891891892,20,0.04,0.0,8,0.4,17,3.14,0.18,10,0.5882352941176471,11,0.45454545454545453,0.5454545454545454,0.58,0.05,6,0.5454545454545454,5,-1.46,-0.29,2,0.4,6,2.04,0.34,4,0.6666666666666666,2,1,1,14,10,4,-15.4,-1.1,0.14285714285714285,0.07142857142857142,0.07142857142857142,0.7142857142857143,0.2857142857142857,13,0.38235294117647056,-11.87,-0.35,34,7,0.4117647058823529,-0.35,-0.02,17,401860897,2026,4
193,Miami (OH) RedHawks,27,0.45,16,0.48484848484848486,11,0.4074074074074074,2,0.4,6,0.46153846153846156,19,0.4318181818181818,44,0.5454545454545454,0.45454545454545453,7.23,0.16,8,0.18181818181818182,24,8.88,0.37,11,0.4583333333333333,20,-1.66,-0.08,8,0.4,10,0.7,0.3,5.55,0.56,4,0.4,7,7.95,1.14,4,0.5714285714285714,3,-2.4,-0.8,0,0.0,8,5,3,16,9,7,6.32,0.39,0.5,0.3125,0.1875,0.5625,0.4375,19,0.4634146341463415,10.28,0.25,41,8,0.42105263157894735,3.27,0.17,19,401861970,2026,4
41,UConn Huskies,21,0.35,10,0.30303030303030304,11,0.4074074074074074,4,0.8,5,0.38461538461538464,15,0.3333333333333333,45,0.4666666666666667,0.5333333333333333,-1.03,-0.02,7,0.15555555555555556,21,-1.36,-0.06,6,0.2857142857142857,24,0.33,0.01,9,0.375,7,0.7142857142857143,0.2857142857142857,0.17,0.02,2,0.2857142857142857,5,0.98,0.2,2,0.4,2,-0.82,-0.41,0,0.0,6,4,2,15,12,3,3.07,0.2,0.4,0.26666666666666666,0.13333333333333333,0.8,0.2,12,0.34285714285714286,-1.95,-0.06,35,9,0.36,3.99,0.16,25,401861970,2026,4
166,New Mexico State Aggies,28,0.4057971014492754,18,0.42857142857142855,10,0.37037037037037035,4,0.36363636363636365,6,0.42857142857142855,20,0.39215686274509803,51,0.5294117647058824,0.47058823529411764,0.0,0.0,12,0.23529411764705882,27,-1.0,-0.04,12,0.4444444444444444,24,1.01,0.04,8,0.3333333333333333,13,0.6153846153846154,0.38461538461538464,-5.53,-0.43,3,0.23076923076923078,8,-3.98,-0.5,3,0.375,5,-1.55,-0.31,0,0.0,8,6,2,18,15,3,7.26,0.4,0.4444444444444444,0.3333333333333333,0.1111111111111111,0.8333333333333334,0.16666666666666666,20,0.46511627906976744,5.72,0.13,43,8,0.3076923076923077,1.55,0.06,26,401864579,2026,4
167,New Mexico Lobos,29,0.453125,7,0.3684210526315789,22,0.4888888888888889,10,0.45454545454545453,5,0.4166666666666667,21,0.42857142857142855,49,0.24489795918367346,0.7551020408163265,2.87,0.06,11,0.22448979591836735,12,-2.99,-0.25,3,0.25,37,5.86,0.16,18,0.4864864864864865,9,0.3333333333333333,0.6666666666666666,0.49,0.05,3,0.3333333333333333,3,2.9,0.97,1,0.3333333333333333,6,-2.41,-0.4,2,0.3333333333333333,8,4,4,15,7,8,14.91,0.99,0.5333333333333333,0.26666666666666666,0.26666666666666666,0.4666666666666667,0.5333333333333333,22,0.5116279069767442,15.35,0.36,43,7,0.3333333333333333,2.43,0.12,21,401864579,2026,4
2084,Buffalo Bulls,41,0.45555555555555555,12,0.41379310344827586,29,0.47540983606557374,5,0.3125,10,0.5263157894736842,31,0.43661971830985913,71,0.28169014084507044,0.7183098591549296,0.62,0.01,14,0.19718309859154928,20,-4.97,-0.25,8,0.4,51,5.59,0.11,23,0.45098039215686275,19,0.42105263157894735,0.5789473684210527,5.84,0.31,12,0.631578947368421,8,-0.6,-0.07,4,0.5,11,6.44,0.59,8,0.7272727272727273,10,4,6,19,9,10,-3.25,-0.17,0.5263157894736842,0.21052631578947367,0.3157894736842105,0.47368421052631576,0.5263157894736842,32,0.4444444444444444,2.26,0.03,72,9,0.5,-4.89,-0.27,18,401866426,2026,4
2523,Robert Morris Colonials,19,0.3584905660377358,8,0.25806451612903225,11,0.5,,,6,0.46153846153846156,13,0.34210526315789475,38,0.5263157894736842,0.47368421052631576,-4.97,-0.13,6,0.15789473684210525,20,-2.39,-0.12,5,0.25,18,-2.57,-0.14,8,0.4444444444444444,7,0.42857142857142855,0.5714285714285714,-3.42,-0.49,1,0.14285714285714285,3,-2.59,-0.86,0,0.0,4,-0.83,-0.21,1,0.25,6,3,3,15,11,4,3.85,0.26,0.4,0.2,0.2,0.7333333333333333,0.26666666666666666,14,0.45161290322580644,-0.06,-0.0,31,5,0.22727272727272727,-1.06,-0.05,22,401866426,2026,4
195,Ohio Bobcats,37,0.5362318840579711,13,0.6190476190476191,24,0.5,7,0.5384615384615384,7,0.5,26,0.52,50,0.3,0.7,14.71,0.29,12,0.24,15,11.05,0.74,11,0.7333333333333333,35,3.65,0.1,15,0.42857142857142855,7,0.2857142857142857,0.7142857142857143,-7.15,-1.02,1,0.14285714285714285,2,-6.4,-3.2,0,0.0,5,-0.75,-0.15,1,0.2,11,2,9,19,6,13,6.43,0.34,0.5789473684210527,0.10526315789473684,0.47368421052631576,0.3157894736842105,0.6842105263157895,33,0.6111111111111112,27.64,0.51,54,4,0.26666666666666666,-6.51,-0.43,15,401866428,2026,4
284,Stonehill Skyhawks,10,0.2631578947368421,9,0.45,1,0.05555555555555555,,,0,0.0,9,0.32142857142857145,28,0.4642857142857143,0.5357142857142857,-3.37,-0.12,4,0.14285714285714285,13,4.3,0.33,8,0.6153846153846154,15,-7.67,-0.51,1,0.06666666666666667,8,0.625,0.375,-4.23,-0.53,1,0.125,5,-3.16,-0.63,1,0.2,3,-1.06,-0.35,0,0.0,1,1,0,10,7,3,-9.09,-0.91,0.1,0.1,0.0,0.7,0.3,4,0.19047619047619047,-10.01,-0.48,21,6,0.35294117647058826,-2.45,-0.14,17,401866428,2026,4
276,Marshall Thundering Herd,33,0.44,18,0.4090909090909091,15,0.4838709677419355,7,0.5384615384615384,5,0.4166666666666667,27,0.43548387096774194,62,0.532258064516129,0.46774193548387094,10.09,0.16,19,0.3064516129032258,33,6.04,0.18,13,0.3939393939393939,29,4.06,0.14,14,0.4827586206896552,13,0.38461538461538464,0.6153846153846154,0.55,0.04,7,0.5384615384615384,5,-2.13,-0.43,2,0.4,8,2.68,0.34,5,0.625,6,5,1,13,11,2,-0.25,-0.02,0.46153846153846156,0.38461538461538464,0.07692307692307693,0.8461538461538461,0.15384615384615385,23,0.5,17.04,0.37,46,10,0.3448275862068966,-7.2,-0.25,29,401868188,2026,4
2241,Gardner-Webb Runnin' Bulldogs,24,0.3870967741935484,16,0.4444444444444444,7,0.28,1,0.14285714285714285,9,0.6,13,0.29545454545454547,44,0.5454545454545454,0.45454545454545453,-5.47,-0.12,5,0.11363636363636363,24,3.18,0.13,10,0.4166666666666667,20,-8.64,-0.43,3,0.15,7,0.7142857142857143,0.2857142857142857,-6.57,-0.94,1,0.14285714285714285,5,-5.67,-1.13,1,0.2,2,-0.91,-0.45,0,0.0,10,6,4,17,12,5,19.24,1.13,0.5882352941176471,0.35294117647058826,0.23529411764705882,0.7058823529411765,0.29411764705882354,17,0.425,14.58,0.36,40,6,0.2857142857142857,-0.8,-0.04,21,401868188,2026,4
151,East Carolina Pirates,30,0.4918032786885246,23,0.575,7,0.3333333333333333,8,0.5333333333333333,8,0.6153846153846154,22,0.4583333333333333,48,0.625,0.375,-12.08,-0.25,8,0.16666666666666666,30,5.17,0.17,18,0.6,18,-17.24,-0.96,4,0.2222222222222222,8,0.625,0.375,2.2,0.27,4,0.5,5,-3.86,-0.77,3,0.6,3,6.05,2.02,1,0.3333333333333333,8,5,3,13,10,3,13.19,1.01,0.6153846153846154,0.38461538461538464,0.23076923076923078,0.7692307692307693,0.23076923076923078,25,0.5813953488372093,7.88,0.18,43,5,0.2777777777777778,-6.76,-0.38,18,401862781,2026,4
2428,North Carolina Central Eagles,21,0.3,11,0.3055555555555556,10,0.29411764705882354,2,0.3333333333333333,5,0.29411764705882354,16,0.3018867924528302,53,0.4716981132075472,0.5283018867924528,-7.08,-0.13,7,0.1320754716981132,25,-1.45,-0.06,10,0.4,28,-5.63,-0.2,6,0.21428571428571427,12,0.4166666666666667,0.5833333333333334,-13.92,-1.16,2,0.16666666666666666,5,-11.97,-2.39,1,0.2,7,-1.95,-0.28,1,0.14285714285714285,5,1,4,17,11,6,-15.35,-0.9,0.29411764705882354,0.058823529411764705,0.23529411764705882,0.6470588235294118,0.35294117647058826,12,0.3333333333333333,-0.94,-0.03,36,9,0.2647058823529412,-21.49,-0.63,34,401862781,2026,4
2,Auburn Tigers,22,0.4,9,0.32142857142857145,13,0.48148148148148145,2,1.0,7,0.5,15,0.36585365853658536,41,0.4146341463414634,0.5853658536585366,-0.89,-0.02,6,0.14634146341463414,17,-3.01,-0.18,4,0.23529411764705882,24,2.12,0.09,11,0.4583333333333333,8,0.875,0.125,0.05,0.01,4,0.5,7,-0.02,-0.0,3,0.42857142857142855,1,0.08,0.08,1,1.0,7,5,2,14,11,3,0.31,0.02,0.5,0.35714285714285715,0.14285714285714285,0.7857142857142857,0.21428571428571427,14,0.42424242424242425,1.91,0.06,33,8,0.36363636363636365,-2.49,-0.11,22,401856698,2026,4
238,Vanderbilt Commodores,32,0.4266666666666667,16,0.42105263157894735,16,0.43243243243243246,2,0.6666666666666666,5,0.29411764705882354,23,0.4339622641509434,53,0.5283018867924528,0.4716981132075472,-2.29,-0.04,12,0.22641509433962265,28,-0.43,-0.02,13,0.4642857142857143,25,-1.86,-0.07,10,0.4,17,0.47058823529411764,0.5294117647058824,2.47,0.15,8,0.47058823529411764,8,-1.11,-0.14,3,0.375,9,3.59,0.4,5,0.5555555555555556,9,3,6,22,10,12,0.2,0.01,0.4090909090909091,0.13636363636363635,0.2727272727272727,0.45454545454545453,0.5454545454545454,24,0.4528301886792453,1.67,0.03,53,8,0.36363636363636365,-3.76,-0.17,22,401856698,2026,4
158,Nebraska Cornhuskers,28,0.417910447761194,13,0.48148148148148145,15,0.375,6,0.375,6,0.46153846153846156,22,0.4230769230769231,52,0.36538461538461536,0.6346153846153846,7.9,0.15,11,0.21153846153846154,19,12.11,0.64,11,0.5789473684210527,33,-4.21,-0.13,11,0.3333333333333333,10,0.5,0.5,3.16,0.32,4,0.4,5,4.37,0.87,2,0.4,5,-1.21,-0.24,2,0.4,6,2,4,15,8,7,-1.07,-0.07,0.4,0.13333333333333333,0.26666666666666666,0.5333333333333333,0.4666666666666667,21,0.4666666666666667,2.53,0.06,45,7,0.3181818181818182,4.29,0.2,22,401858464,2026,4
127,Michigan State Spartans,28,0.4666666666666667,16,0.47058823529411764,12,0.46153846153846156,2,0.3333333333333333,3,0.375,25,0.4807692307692308,52,0.5,0.5,-8.25,-0.16,16,0.3076923076923077,26,-8.15,-0.31,13,0.5,26,-0.1,-0.0,12,0.46153846153846156,8,0.5,0.5,0.2,0.03,5,0.625,4,0.21,0.05,3,0.75,4,-0.01,-0.0,2,0.5,3,3,0,8,8,0,-0.96,-0.12,0.375,0.375,0.0,1.0,0.0,23,0.5609756097560976,2.37,0.06,41,5,0.2631578947368421,-11.58,-0.61,19,401858464,2026,4
58,South Florida Bulls,25,0.5102040816326531,5,0.3125,20,0.6060606060606061,5,1.0,4,0.4444444444444444,21,0.5384615384615384,39,0.28205128205128205,0.717948717948718,2.45,0.06,9,0.23076923076923078,11,-5.85,-0.53,4,0.36363636363636365,28,8.3,0.3,17,0.6071428571428571,12,0.5,0.5,0.01,0.0,6,0.5,6,-5.05,-0.84,1,0.16666666666666666,6,5.06,0.84,5,0.8333333333333334,4,1,3,10,5,5,-5.25,-0.52,0.4,0.1,0.3,0.5,0.5,19,0.5757575757575758,1.97,0.06,33,6,0.375,-4.76,-0.3,16,401862785,2026,4
189,Bowling Green Falcons,22,0.36065573770491804,10,0.3225806451612903,12,0.4,1,0.25,6,0.4,16,0.36363636363636365,44,0.4318181818181818,0.5681818181818182,-9.81,-0.22,9,0.20454545454545456,19,-5.05,-0.27,5,0.2631578947368421,25,-4.76,-0.19,11,0.44,4,0.0,1.0,-1.21,-0.3,1,0.25,,,,,,4,-1.21,-0.3,1,0.25,6,5,1,17,12,5,-11.52,-0.68,0.35294117647058826,0.29411764705882354,0.058823529411764705,0.7058823529411765,0.29411764705882354,17,0.4358974358974359,-6.34,-0.16,39,5,0.22727272727272727,-15.0,-0.68,22,401862785,2026,4
258,Virginia Cavaliers,41,0.4823529411764706,26,0.5306122448979592,15,0.4166666666666667,4,0.4444444444444444,8,0.5333333333333333,29,0.4461538461538462,65,0.5692307692307692,0.4307692307692308,-1.85,-0.03,16,0.24615384615384617,37,6.3,0.17,18,0.4864864864864865,28,-8.16,-0.29,11,0.39285714285714285,12,0.9166666666666666,0.08333333333333333,11.49,0.96,8,0.6666666666666666,11,11.39,1.04,7,0.6363636363636364,1,0.1,0.1,1,1.0,12,8,4,20,12,8,21.26,1.06,0.6,0.4,0.2,0.6,0.4,31,0.5254237288135594,9.56,0.16,59,10,0.38461538461538464,9.85,0.38,26,401858239,2026,4
48,Delaware Blue Hens,19,0.3333333333333333,5,0.16666666666666666,14,0.5185185185185185,0,0.0,4,0.2857142857142857,15,0.35714285714285715,42,0.42857142857142855,0.5714285714285714,-5.54,-0.13,5,0.11904761904761904,18,-9.31,-0.52,3,0.16666666666666666,24,3.78,0.16,12,0.5,12,0.5833333333333334,0.4166666666666667,-2.64,-0.22,5,0.4166666666666667,7,-4.03,-0.58,2,0.2857142857142857,5,1.38,0.28,3,0.6,4,2,2,15,12,3,-5.44,-0.36,0.26666666666666666,0.13333333333333333,0.13333333333333333,0.8,0.2,15,0.4411764705882353,-0.05,-0.0,34,4,0.17391304347826086,-10.93,-0.48,23,401858239,2026,4
2916,Incarnate Word Cardinals,34,0.37777777777777777,24,0.42105263157894735,10,0.30303030303030304,3,0.3333333333333333,7,0.3333333333333333,23,0.3709677419354839,62,0.6129032258064516,0.3870967741935484,-12.3,-0.2,8,0.12903225806451613,38,-7.89,-0.21,16,0.42105263157894735,24,-4.41,-0.18,7,0.2916666666666667,19,0.7894736842105263,0.21052631578947367,5.28,0.28,7,0.3684210526315789,15,5.49,0.37,6,0.4,4,-0.21,-0.05,1,0.25,11,8,3,28,19,9,5.6,0.2,0.39285714285714285,0.2857142857142857,0.10714285714285714,0.6785714285714286,0.32142857142857145,27,0.43548387096774194,2.54,0.04,62,7,0.25,-9.23,-0.33,28,401860892,2026,4
326,Texas State Bobcats,32,0.47761194029850745,15,0.625,17,0.3953488372093023,7,0.5384615384615384,11,0.7333333333333333,20,0.4,50,0.32,0.68,11.06,0.22,9,0.18,16,14.92,0.93,9,0.5625,34,-3.85,-0.11,11,0.3235294117647059,5,0.6,0.4,5.71,1.14,2,0.4,3,5.07,1.69,1,0.3333333333333333,2,0.64,0.32,1,0.5,12,6,6,17,8,9,7.9,0.46,0.7058823529411765,0.35294117647058826,0.35294117647058826,0.47058823529411764,0.5294117647058824,24,0.46153846153846156,8.84,0.17,52,8,0.5333333333333333,10.12,0.67,15,401860892,2026,4
2341,Long Island University Sharks,18,0.3333333333333333,6,0.2608695652173913,12,0.3870967741935484,2,0.2222222222222222,6,0.42857142857142855,9,0.24324324324324326,37,0.40540540540540543,0.5945945945945946,-5.07,-0.14,5,0.13513513513513514,15,-0.64,-0.04,5,0.3333333333333333,22,-4.43,-0.2,4,0.18181818181818182,13,0.38461538461538464,0.6153846153846154,5.73,0.44,7,0.5384615384615384,5,4.42,0.88,3,0.6,8,1.3,0.16,4,0.5,9,1,8,17,8,9,-0.56,-0.03,0.5294117647058824,0.058823529411764705,0.47058823529411764,0.47058823529411764,0.5294117647058824,11,0.3055555555555556,-4.45,-0.12,36,7,0.3888888888888889,-1.18,-0.07,18,401867909,2026,4
2229,Florida International Panthers,30,0.5084745762711864,12,0.5454545454545454,18,0.5,1,0.1111111111111111,9,0.6428571428571429,20,0.45454545454545453,44,0.3181818181818182,0.6590909090909091,-8.82,-0.2,6,0.13636363636363635,14,-1.85,-0.13,7,0.5,29,-2.67,-0.09,13,0.4482758620689655,5,0.6,0.4,-2.61,-0.52,1,0.2,3,-2.07,-0.69,1,0.3333333333333333,2,-0.54,-0.27,0,0.0,10,5,5,15,8,7,7.19,0.48,0.6666666666666666,0.3333333333333333,0.3333333333333333,0.5333333333333333,0.4666666666666667,22,0.5641025641025641,1.14,0.03,39,8,0.4,-2.76,-0.14,20,401867909,2026,4
256,James Madison Dukes,32,0.41025641025641024,19,0.4418604651162791,13,0.37142857142857144,10,0.47619047619047616,7,0.3888888888888889,23,0.39655172413793105,58,0.5,0.5,-4.19,-0.07,9,0.15517241379310345,29,2.16,0.07,14,0.4827586206896552,29,-6.35,-0.22,9,0.3103448275862069,13,0.6923076923076923,0.3076923076923077,-3.5,-0.27,4,0.3076923076923077,9,-2.41,-0.27,2,0.2222222222222222,4,-1.08,-0.27,2,0.5,9,5,4,20,14,6,4.81,0.24,0.45,0.25,0.2,0.7,0.3,23,0.4339622641509434,-2.06,-0.04,53,9,0.36,2.69,0.11,25,401869961,2026,4
295,Old Dominion Monarchs,19,0.27941176470588236,15,0.30612244897959184,4,0.21052631578947367,2,0.3333333333333333,4,0.25,14,0.28,50,0.7,0.3,-9.21,-0.18,6,0.12,35,0.47,0.01,12,0.34285714285714286,15,-9.69,-0.65,2,0.13333333333333333,10,0.9,0.1,-2.66,-0.27,3,0.3,9,-2.07,-0.23,3,0.3333333333333333,1,-0.59,-0.59,0,0.0,5,3,2,18,14,4,-8.09,-0.45,0.2777777777777778,0.16666666666666666,0.1111111111111111,0.7777777777777778,0.2222222222222222,9,0.24324324324324326,-13.16,-0.36,37,10,0.3225806451612903,-4.14,-0.13,31,401869961,2026,4
309,Louisiana Ragin' Cajuns,34,0.4358974358974359,13,0.40625,21,0.4666666666666667,11,0.4782608695652174,4,0.2857142857142857,28,0.45161290322580644,62,0.3870967741935484,0.6129032258064516,1.75,0.03,12,0.1935483870967742,24,2.58,0.11,11,0.4583333333333333,38,-0.83,-0.02,17,0.4473684210526316,18,0.5,0.4444444444444444,-4.77,-0.26,8,0.4444444444444444,9,4.55,0.51,4,0.4444444444444444,8,-1.26,-0.16,4,0.5,6,2,4,16,8,7,-7.53,-0.47,0.375,0.125,0.25,0.5,0.4375,26,0.5,3.74,0.07,52,8,0.3076923076923077,-9.52,-0.37,26,401862780,2026,4
2429,Charlotte 49ers,11,0.24444444444444444,9,0.2903225806451613,2,0.14285714285714285,,,1,0.09090909090909091,10,0.3125,32,0.71875,0.28125,-14.14,-0.44,4,0.125,23,-11.09,-0.48,8,0.34782608695652173,9,-3.05,-0.34,2,0.2222222222222222,1,0.0,1.0,-0.83,-0.83,0,0.0,,,,,,1,-0.83,-0.83,0,0.0,1,1,0,13,8,5,-16.15,-1.24,0.07692307692307693,0.07692307692307693,0.0,0.6153846153846154,0.38461538461538464,8,0.3076923076923077,-15.42,-0.59,26,3,0.15789473684210525,-14.87,-0.78,19,401862780,2026,4
2132,Cincinnati Bearcats,22,0.4230769230769231,6,0.42857142857142855,16,0.42105263157894735,2,0.4,5,0.45454545454545453,17,0.4146341463414634,41,0.1951219512195122,0.8048780487804879,-0.11,-0.0,8,0.1951219512195122,8,0.76,0.09,3,0.375,33,-0.87,-0.03,14,0.42424242424242425,7,0.42857142857142855,0.5714285714285714,4.07,0.58,3,0.42857142857142855,3,3.32,1.11,2,0.6666666666666666,4,0.75,0.19,1,0.25,5,3,2,11,6,5,9.38,0.85,0.45454545454545453,0.2727272727272727,0.18181818181818182,0.5454545454545454,0.45454545454545453,17,0.4594594594594595,4.66,0.13,37,5,0.3333333333333333,4.61,0.31,15,401856814,2026,4
2306,Kansas State Wildcats,39,0.4875,20,0.39215686274509803,19,0.6551724137931034,6,0.46153846153846156,11,0.6470588235294118,28,0.4444444444444444,63,0.6349206349206349,0.36507936507936506,2.22,0.04,12,0.19047619047619047,40,-1.92,-0.05,15,0.375,23,4.14,0.18,13,0.5652173913043478,12,0.75,0.25,0.96,0.08,7,0.5833333333333334,9,-0.6,-0.07,5,0.5555555555555556,3,1.56,0.52,2,0.6666666666666666,11,5,6,17,11,6,7.67,0.45,0.6470588235294118,0.29411764705882354,0.35294117647058826,0.6470588235294118,0.35294117647058826,24,0.43636363636363634,-1.3,-0.02,55,15,0.6,11.19,0.45,25,401856814,2026,4
197,Oklahoma State Cowboys,40,0.6153846153846154,18,0.6666666666666666,22,0.5789473684210527,5,0.38461538461538464,3,0.3333333333333333,37,0.6607142857142857,56,0.39285714285714285,0.6071428571428571,38.13,0.68,20,0.35714285714285715,22,28.11,1.28,17,0.7727272727272727,34,10.02,0.29,20,0.5882352941176471,13,0.38461538461538464,0.6153846153846154,3.88,0.3,7,0.5384615384615384,5,4.9,0.98,4,0.8,8,-1.02,-0.13,3,0.375,3,1,2,9,5,4,-6.34,-0.7,0.3333333333333333,0.1111111111111111,0.2222222222222222,0.5555555555555556,0.4444444444444444,36,0.6923076923076923,32.64,0.63,52,4,0.3076923076923077,-0.85,-0.07,13,401856881,2026,4
277,West Virginia Mountaineers,41,0.4659090909090909,9,0.34615384615384615,32,0.5161290322580645,7,0.3888888888888889,10,0.5555555555555556,31,0.4626865671641791,67,0.2537313432835821,0.746268656716418,8.94,0.13,16,0.23880597014925373,17,2.35,0.14,8,0.47058823529411764,50,6.59,0.13,23,0.46,11,0.18181818181818182,0.8181818181818182,-0.51,-0.05,4,0.36363636363636365,2,-6.2,-3.1,0,0.0,9,5.69,0.63,4,0.4444444444444444,10,1,9,21,9,12,-5.89,-0.28,0.47619047619047616,0.047619047619047616,0.42857142857142855,0.42857142857142855,0.5714285714285714,32,0.47058823529411764,-1.13,-0.02,68,9,0.45,4.19,0.21,20,401856881,2026,4
2572,Southern Miss Golden Eagles,24,0.375,16,0.47058823529411764,8,0.26666666666666666,2,0.3333333333333333,3,0.21428571428571427,21,0.42,50,0.46,0.54,9.12,0.18,13,0.26,23,10.1,0.44,13,0.5652173913043478,27,-0.97,-0.04,8,0.2962962962962963,9,0.5555555555555556,0.4444444444444444,0.76,0.08,2,0.2222222222222222,5,2.22,0.44,2,0.4,4,-1.47,-0.37,0,0.0,3,3,0,14,11,3,-4.25,-0.3,0.21428571428571427,0.21428571428571427,0.0,0.7857142857142857,0.21428571428571427,18,0.45,9.95,0.25,40,6,0.25,-5.07,-0.21,24,401862784,2026,4
2655,Tulane Green Wave,30,0.4,9,0.28125,21,0.4883720930232558,2,0.25,6,0.375,23,0.40350877192982454,57,0.38596491228070173,0.6140350877192983,2.59,0.05,11,0.19298245614035087,22,-4.34,-0.2,7,0.3181818181818182,35,6.94,0.2,16,0.45714285714285713,12,0.5833333333333334,0.4166666666666667,-7.24,-0.6,3,0.25,7,-6.48,-0.93,0,0.0,5,-0.76,-0.15,3,0.6,7,2,5,18,10,8,-0.19,-0.01,0.3888888888888889,0.1111111111111111,0.2777777777777778,0.5555555555555556,0.4444444444444444,22,0.46808510638297873,2.04,0.04,47,8,0.2857142857142857,0.36,0.01,28,401862784,2026,4
2032,Arkansas State Red Wolves,31,0.5166666666666667,20,0.6451612903225806,11,0.3793103448275862,2,1.0,4,0.3333333333333333,26,0.5531914893617021,47,0.5106382978723404,0.48936170212765956,5.24,0.11,13,0.2765957446808511,24,7.08,0.3,17,0.7083333333333334,23,-1.85,-0.08,9,0.391304347826087,11,0.6363636363636364,0.36363636363636365,2.57,0.23,6,0.5454545454545454,7,2.59,0.37,5,0.7142857142857143,4,-0.02,-0.0,1,0.25,5,3,2,13,7,6,5.6,0.43,0.38461538461538464,0.23076923076923078,0.15384615384615385,0.5384615384615384,0.46153846153846156,25,0.5952380952380952,7.19,0.17,42,6,0.3333333333333333,3.64,0.2,18,401869931,2026,4
338,Kennesaw State Owls,31,0.49206349206349204,8,0.32,23,0.6052631578947368,5,0.4166666666666667,8,0.6153846153846154,23,0.4791666666666667,48,0.4166666666666667,0.5833333333333334,6.71,0.14,11,0.22916666666666666,20,-1.65,-0.08,6,0.3,28,8.35,0.3,17,0.6071428571428571,8,0.25,0.75,6.84,0.86,6,0.75,2,2.43,1.21,1,0.5,6,4.41,0.74,5,0.8333333333333334,8,2,6,15,5,10,-6.4,-0.43,0.5333333333333333,0.13333333333333333,0.4,0.3333333333333333,0.6666666666666666,23,0.4791666666666667,-3.95,-0.08,48,8,0.5333333333333333,4.25,0.28,15,401869931,2026,4
98,Western Kentucky Hilltoppers,33,0.515625,17,0.5151515151515151,16,0.5161290322580645,5,0.4166666666666667,7,0.5833333333333334,22,0.4583333333333333,48,0.5,0.5,7.69,0.16,10,0.20833333333333334,24,10.2,0.42,12,0.5,24,-2.51,-0.1,10,0.4166666666666667,12,0.6666666666666666,0.3333333333333333,3.28,0.27,4,0.3333333333333333,8,2.63,0.33,3,0.375,4,0.66,0.16,1,0.25,11,5,6,16,9,7,18.84,1.18,0.6875,0.3125,0.375,0.5625,0.4375,24,0.5217391304347826,13.73,0.3,46,9,0.5,12.8,0.71,18,401870745,2026,4
2385,Mercyhurst Lakers,20,0.29850746268656714,13,0.28888888888888886,7,0.3181818181818182,2,0.3333333333333333,6,0.35294117647058826,12,0.26666666666666666,45,0.6444444444444445,0.35555555555555557,-0.22,-0.0,5,0.1111111111111111,29,2.98,0.1,9,0.3103448275862069,16,-3.2,-0.2,3,0.1875,10,0.8,0.2,-3.44,-0.34,1,0.1,8,-3.04,-0.38,1,0.125,2,-0.41,-0.2,0,0.0,8,4,4,22,16,6,-2.81,-0.13,0.36363636363636365,0.18181818181818182,0.18181818181818182,0.7272727272727273,0.2727272727272727,8,0.2222222222222222,-6.99,-0.19,36,12,0.3870967741935484,3.96,0.13,31,401870745,2026,4
2393,Middle Tennessee Blue Raiders,27,0.47368421052631576,13,0.41935483870967744,14,0.5384615384615384,1,0.3333333333333333,5,0.45454545454545453,21,0.4772727272727273,44,0.4772727272727273,0.5227272727272727,-2.61,-0.06,13,0.29545454545454547,21,2.49,0.12,10,0.47619047619047616,23,-5.1,-0.22,11,0.4782608695652174,10,0.6,0.4,4.52,0.45,5,0.5,6,5.11,0.85,4,0.6666666666666666,4,-0.59,-0.15,1,0.25,6,3,3,13,10,3,4.55,0.35,0.46153846153846156,0.23076923076923078,0.23076923076923078,0.7692307692307693,0.23076923076923078,21,0.5384615384615384,7.15,0.18,39,6,0.3333333333333333,-5.21,-0.29,18,401871048,2026,4
55,Jacksonville State Gamecocks,41,0.6212121212121212,18,0.6428571428571429,23,0.6052631578947368,5,0.2777777777777778,5,0.5555555555555556,34,0.6296296296296297,54,0.42592592592592593,0.5740740740740741,11.18,0.21,19,0.35185185185185186,23,4.52,0.2,14,0.6086956521739131,31,6.66,0.21,20,0.6451612903225806,3,0.6666666666666666,0.3333333333333333,-0.39,-0.13,2,0.6666666666666666,2,-1.11,-0.56,1,0.5,1,0.73,0.73,1,1.0,7,4,3,12,5,7,6.05,0.5,0.5833333333333334,0.3333333333333333,0.25,0.4166666666666667,0.5833333333333334,34,0.6415094339622641,18.17,0.34,53,7,0.5384615384615384,-0.94,-0.07,13,401871048,2026,4
265,Washington State Cougars,28,0.4,19,0.4418604651162791,9,0.3333333333333333,1,0.2,4,0.2857142857142857,23,0.42592592592592593,54,0.5555555555555556,0.4444444444444444,-9.3,-0.17,12,0.2222222222222222,30,-9.33,-0.31,14,0.4666666666666667,24,0.04,0.0,9,0.375,14,0.5,0.5,-2.72,-0.19,4,0.2857142857142857,7,-1.71,-0.24,1,0.14285714285714285,7,-1.01,-0.14,3,0.42857142857142855,5,5,0,16,13,3,2.58,0.16,0.3125,0.3125,0.0,0.8125,0.1875,17,0.3953488372093023,-14.5,-0.34,43,11,0.4074074074074074,7.79,0.29,27,401856804,2026,4
12,Arizona Wildcats,31,0.4305555555555556,16,0.41025641025641024,15,0.45454545454545453,4,0.4444444444444444,7,0.4666666666666667,24,0.42105263157894735,57,0.49122807017543857,0.5087719298245614,10.1,0.18,12,0.21052631578947367,28,7.34,0.26,11,0.39285714285714285,29,2.76,0.1,13,0.4482758620689655,4,0.75,0.25,-2.62,-0.65,1,0.25,3,-2.74,-0.91,0,0.0,1,0.12,0.12,1,1.0,7,5,2,15,11,4,1.7,0.11,0.4666666666666667,0.3333333333333333,0.13333333333333333,0.7333333333333333,0.26666666666666666,22,0.44,7.25,0.15,50,9,0.4090909090909091,4.54,0.21,22,401856804,2026,4
328,Utah State Aggies,22,0.38596491228070173,12,0.4,10,0.37037037037037035,3,0.5,4,0.3333333333333333,17,0.38636363636363635,44,0.5454545454545454,0.45454545454545453,2.96,0.07,8,0.18181818181818182,24,0.74,0.03,10,0.4166666666666667,20,2.22,0.11,7,0.35,16,0.6875,0.3125,3.44,0.21,7,0.4375,11,5.88,0.53,5,0.45454545454545453,5,-2.45,-0.49,2,0.4,5,2,3,13,6,7,-0.39,-0.03,0.38461538461538464,0.15384615384615385,0.23076923076923078,0.46153846153846156,0.5384615384615384,16,0.4,1.16,0.03,40,6,0.35294117647058826,1.41,0.08,17,401860894,2026,4
2653,Troy Trojans,34,0.4146341463414634,20,0.4,14,0.4375,3,0.5,4,0.3076923076923077,30,0.44776119402985076,67,0.5970149253731343,0.40298507462686567,-0.37,-0.01,16,0.23880597014925373,40,-0.69,-0.02,19,0.475,27,0.32,0.01,11,0.4074074074074074,7,0.7142857142857143,0.2857142857142857,-3.81,-0.54,3,0.42857142857142855,5,-3.47,-0.69,3,0.6,2,-0.34,-0.17,0,0.0,4,1,3,15,10,5,-11.32,-0.75,0.26666666666666666,0.06666666666666667,0.2,0.6666666666666666,0.3333333333333333,26,0.4727272727272727,-3.64,-0.07,55,8,0.2962962962962963,-8.06,-0.3,27,401860894,2026,4
2277,Houston Christian Huskies,23,0.36507936507936506,12,0.41379310344827586,11,0.3333333333333333,3,0.42857142857142855,4,0.26666666666666666,18,0.4090909090909091,44,0.3409090909090909,0.6590909090909091,-0.59,-0.01,7,0.1590909090909091,15,3.75,0.25,8,0.5333333333333333,29,-4.34,-0.15,10,0.3448275862068966,14,0.5,0.5,-7.67,-0.55,3,0.21428571428571427,7,-3.4,-0.49,3,0.42857142857142855,7,-4.27,-0.61,0,0.0,5,4,1,19,14,4,-11.87,-0.62,0.2631578947368421,0.21052631578947367,0.05263157894736842,0.7368421052631579,0.21052631578947367,18,0.4,-5.27,-0.12,45,5,0.2777777777777778,-7.19,-0.4,18,401862783,2026,4
249,North Texas Mean Green,44,0.6875,22,0.7333333333333333,22,0.6470588235294118,7,0.7777777777777778,5,0.7142857142857143,39,0.6842105263157895,57,0.5087719298245614,0.49122807017543857,30.08,0.53,23,0.40350877192982454,29,18.38,0.63,21,0.7241379310344828,28,11.7,0.42,18,0.6428571428571429,8,0.625,0.375,8.85,1.11,7,0.875,5,5.81,1.16,4,0.8,3,3.04,1.01,3,1.0,5,1,4,7,1,6,5.67,0.81,0.7142857142857143,0.14285714285714285,0.5714285714285714,0.14285714285714285,0.8571428571428571,41,0.7592592592592593,33.53,0.62,54,3,0.3,2.22,0.22,10,401862783,2026,4
2026,App State Mountaineers,29,0.47540983606557374,21,0.525,8,0.38095238095238093,8,0.7272727272727273,7,0.5,21,0.4772727272727273,44,0.6363636363636364,0.36363636363636365,11.05,0.25,11,0.25,28,14.39,0.51,16,0.5714285714285714,16,-3.34,-0.21,5,0.3125,15,0.7333333333333333,0.26666666666666666,8.4,0.56,9,0.6,11,6.96,0.63,7,0.6363636363636364,4,1.44,0.36,2,0.5,8,5,3,17,12,5,1.1,0.06,0.47058823529411764,0.29411764705882354,0.17647058823529413,0.7058823529411765,0.29411764705882354,20,0.47619047619047616,9.73,0.23,42,9,0.47368421052631576,2.42,0.13,19,401864572,2026,4
152,NC State Wolfpack,41,0.5256410256410257,18,0.5294117647058824,22,0.5116279069767442,7,0.3684210526315789,12,0.6666666666666666,28,0.4745762711864407,59,0.3728813559322034,0.6101694915254238,-0.63,-0.01,12,0.2033898305084746,22,-2.64,-0.12,11,0.5,36,0.18,0.01,16,0.4444444444444444,10,0.5,0.5,2.98,0.3,6,0.6,5,5.43,1.09,4,0.8,5,-2.44,-0.49,2,0.4,13,7,6,19,12,7,8.57,0.45,0.6842105263157895,0.3684210526315789,0.3157894736842105,0.631578947368421,0.3684210526315789,31,0.543859649122807,0.8,0.01,57,10,0.47619047619047616,7.14,0.34,21,401864572,2026,4
8,Arkansas Razorbacks,31,0.3974358974358974,16,0.41025641025641024,15,0.38461538461538464,7,0.35,9,0.5294117647058824,22,0.36065573770491804,61,0.4426229508196721,0.5573770491803278,-4.33,-0.07,12,0.19672131147540983,27,1.33,0.05,11,0.4074074074074074,34,-5.66,-0.17,11,0.3235294117647059,14,0.6428571428571429,0.35714285714285715,-3.4,-0.24,6,0.42857142857142855,9,-3.49,-0.39,4,0.4444444444444444,5,0.09,0.02,2,0.4,9,5,4,17,12,5,8.37,0.49,0.5294117647058824,0.29411764705882354,0.23529411764705882,0.7058823529411765,0.29411764705882354,23,0.4339622641509434,1.14,0.02,53,8,0.32,2.9,0.12,25,401856697,2026,4
202,Tulsa Golden Hurricane,20,0.36363636363636365,14,0.4117647058823529,6,0.2857142857142857,1,0.5,6,0.42857142857142855,13,0.3333333333333333,39,0.5641025641025641,0.4358974358974359,-14.83,-0.38,5,0.1282051282051282,22,-8.3,-0.38,8,0.36363636363636365,17,-6.53,-0.38,5,0.29411764705882354,14,0.7857142857142857,0.21428571428571427,-3.28,-0.23,4,0.2857142857142857,11,-2.63,-0.24,3,0.2727272727272727,3,-0.64,-0.21,1,0.3333333333333333,7,6,1,16,12,4,4.33,0.27,0.4375,0.375,0.0625,0.75,0.25,16,0.43243243243243246,-6.24,-0.17,37,4,0.2222222222222222,-4.26,-0.24,18,401856697,2026,4
2226,Florida Atlantic Owls,41,0.47126436781609193,20,0.47619047619047616,21,0.4666666666666667,4,0.3333333333333333,11,0.55,26,0.4262295081967213,61,0.4918032786885246,0.5081967213114754,10.95,0.18,12,0.19672131147540983,30,5.07,0.17,13,0.43333333333333335,31,5.88,0.19,13,0.41935483870967744,10,0.5,0.5,6.17,0.62,6,0.6,5,1.48,0.3,2,0.4,5,4.69,0.94,4,0.8,15,7,8,26,12,14,13.37,0.51,0.5769230769230769,0.2692307692307692,0.3076923076923077,0.46153846153846156,0.5384615384615384,28,0.4444444444444444,15.02,0.24,63,13,0.5416666666666666,9.29,0.39,24,401862782,2026,4
2433,UL Monroe Warhawks,23,0.41818181818181815,15,0.46875,8,0.34782608695652173,2,0.6666666666666666,5,0.35714285714285715,17,0.425,40,0.5,0.5,5.79,0.14,7,0.175,20,9.66,0.48,11,0.55,20,-3.87,-0.19,6,0.3,12,0.4166666666666667,0.5833333333333334,6.31,0.53,8,0.6666666666666666,5,5.56,1.11,4,0.8,7,0.75,0.11,4,0.5714285714285714,6,4,2,15,12,3,1.63,0.11,0.4,0.26666666666666666,0.13333333333333333,0.8,0.2,16,0.4444444444444444,9.0,0.25,36,7,0.3684210526315789,-1.58,-0.08,19,401862782,2026,4
204,Oregon State Beavers,29,0.5178571428571429,19,0.5588235294117647,10,0.45454545454545453,4,0.36363636363636365,4,0.5,25,0.5319148936170213,47,0.5319148936170213,0.46808510638297873,10.06,0.21,15,0.3191489361702128,25,6.64,0.27,15,0.6,22,3.41,0.16,10,0.45454545454545453,4,1.0,0.0,1.32,0.33,1,0.25,4,1.32,0.33,1,0.25,,,,,,4,4,0,9,9,0,2.33,0.26,0.4444444444444444,0.4444444444444444,0.0,1.0,0.0,23,0.575,7.01,0.18,40,6,0.375,5.37,0.34,16,401860895,2026,4
2638,UTEP Miners,30,0.46153846153846156,13,0.41935483870967744,17,0.5,4,0.5,5,0.38461538461538464,24,0.4897959183673469,49,0.4489795918367347,0.5510204081632653,-6.46,-0.13,6,0.12244897959183673,22,-4.01,-0.18,10,0.45454545454545453,27,-2.44,-0.09,14,0.5185185185185185,13,0.38461538461538464,0.6153846153846154,2.1,0.16,7,0.5384615384615384,5,-0.35,-0.07,2,0.4,8,2.45,0.31,5,0.625,6,3,3,16,9,7,-6.65,-0.42,0.375,0.1875,0.1875,0.5625,0.4375,22,0.4782608695652174,-10.75,-0.23,46,8,0.42105263157894735,-2.35,-0.12,19,401860895,2026,4
113,Massachusetts Minutemen,22,0.41509433962264153,6,0.35294117647058826,16,0.4444444444444444,6,0.75,4,0.4,18,0.4186046511627907,43,0.32558139534883723,0.6744186046511628,7.38,0.17,9,0.20930232558139536,14,-0.12,-0.01,4,0.2857142857142857,29,7.5,0.26,14,0.4827586206896552,9,0.4444444444444444,0.5555555555555556,3.03,0.34,4,0.4444444444444444,4,3.47,0.87,2,0.5,5,-0.44,-0.09,2,0.4,4,2,2,10,3,7,0.68,0.07,0.4,0.2,0.2,0.3,0.7,17,0.4473684210526316,7.19,0.19,38,5,0.3333333333333333,0.88,0.06,15,401866429,2026,4
16,Sacramento State Hornets,35,0.45454545454545453,19,0.40425531914893614,16,0.5333333333333333,0,0.0,6,0.4,28,0.4666666666666667,60,0.5666666666666667,0.43333333333333335,-5.3,-0.09,15,0.25,34,-3.43,-0.1,15,0.4411764705882353,26,-1.87,-0.07,13,0.5,18,0.8888888888888888,0.1111111111111111,-4.61,-0.26,9,0.5,16,-4.43,-0.28,8,0.5,2,-0.18,-0.09,1,0.5,7,4,3,17,13,4,-4.63,-0.27,0.4117647058823529,0.23529411764705882,0.17647058823529413,0.7647058823529411,0.23529411764705882,29,0.5178571428571429,-0.36,-0.01,56,6,0.2857142857142857,-9.57,-0.46,21,401866429,2026,4
242,Rice Owls,33,0.5238095238095238,7,0.3684210526315789,26,0.5909090909090909,1,1.0,4,0.36363636363636365,28,0.56,50,0.26,0.74,10.13,0.2,16,0.32,13,0.4,0.03,6,0.46153846153846156,37,9.72,0.26,22,0.5945945945945946,12,0.3333333333333333,0.6666666666666666,1.98,0.17,8,0.6666666666666666,4,2.94,0.73,3,0.75,8,-0.95,-0.12,5,0.625,5,1,4,13,6,7,2.49,0.19,0.38461538461538464,0.07692307692307693,0.3076923076923077,0.46153846153846156,0.5384615384615384,30,0.625,22.89,0.48,48,3,0.2,-10.28,-0.69,15,401860891,2026,4
278,Fresno State Bulldogs,32,0.49230769230769234,17,0.5,15,0.4838709677419355,5,0.3333333333333333,7,0.5833333333333334,24,0.47058823529411764,51,0.43137254901960786,0.5686274509803921,14.89,0.29,12,0.23529411764705882,22,8.57,0.39,11,0.5,29,6.32,0.22,13,0.4482758620689655,16,0.5625,0.4375,7.56,0.47,7,0.4375,9,2.17,0.24,3,0.3333333333333333,7,5.39,0.77,4,0.5714285714285714,8,6,2,14,12,2,4.57,0.33,0.5714285714285714,0.42857142857142855,0.14285714285714285,0.8571428571428571,0.14285714285714285,22,0.4782608695652174,10.48,0.23,46,10,0.5263157894736842,8.98,0.47,19,401860891,2026,4
24,Stanford Cardinal,30,0.42857142857142855,17,0.4722222222222222,13,0.38235294117647056,2,0.2,5,0.38461538461538464,22,0.41509433962264153,53,0.4716981132075472,0.5283018867924528,10.15,0.19,9,0.16981132075471697,25,15.33,0.61,12,0.48,28,-5.18,-0.18,10,0.35714285714285715,22,0.5909090909090909,0.4090909090909091,9.73,0.44,10,0.45454545454545453,13,10.63,0.82,6,0.46153846153846156,9,-0.89,-0.1,4,0.4444444444444444,8,5,3,17,11,6,10.96,0.64,0.47058823529411764,0.29411764705882354,0.17647058823529413,0.6470588235294118,0.35294117647058826,20,0.4166666666666667,2.91,0.06,48,10,0.45454545454545453,18.2,0.83,22,401858240,2026,4
59,Georgia Tech Yellow Jackets,33,0.4714285714285714,18,0.43902439024390244,15,0.5172413793103449,3,0.3333333333333333,5,0.45454545454545453,26,0.4727272727272727,55,0.5454545454545454,0.45454545454545453,15.74,0.29,17,0.3090909090909091,30,7.49,0.25,14,0.4666666666666667,25,8.25,0.33,12,0.48,2,0.0,1.0,2.92,1.46,1,0.5,,,,,,2,2.92,1.46,1,0.5,7,4,3,15,11,4,-2.26,-0.15,0.4666666666666667,0.26666666666666666,0.2,0.7333333333333333,0.26666666666666666,23,0.4791666666666667,7.8,0.16,48,10,0.45454545454545453,5.69,0.26,22,401858240,2026,4
2440,Nevada Wolf Pack,32,0.48484848484848486,12,0.34285714285714286,20,0.6451612903225806,4,0.4,7,0.4666666666666667,25,0.5102040816326531,49,0.4897959183673469,0.5102040816326531,5.39,0.11,11,0.22448979591836735,24,-6.18,-0.26,7,0.2916666666666667,25,11.57,0.46,18,0.72,5,0.8,0.2,-1.38,-0.28,1,0.2,4,-2.81,-0.7,0,0.0,1,1.43,1.43,1,1.0,7,5,2,17,11,6,2.51,0.15,0.4117647058823529,0.29411764705882354,0.11764705882352941,0.6470588235294118,0.35294117647058826,22,0.5116279069767442,9.14,0.21,43,10,0.43478260869565216,-1.24,-0.05,23,401864509,2026,4
2005,Air Force Falcons,45,0.5421686746987951,8,0.5714285714285714,37,0.5362318840579711,13,0.65,8,0.4444444444444444,33,0.5409836065573771,61,0.14754098360655737,0.8524590163934426,5.68,0.09,13,0.21311475409836064,9,0.6,0.07,5,0.5555555555555556,52,5.08,0.1,28,0.5384615384615384,13,0.0,1.0,3.54,0.27,6,0.46153846153846156,,,,,,13,3.54,0.27,6,0.46153846153846156,12,3,9,22,5,17,15.24,0.69,0.5454545454545454,0.13636363636363635,0.4090909090909091,0.22727272727272727,0.7727272727272727,34,0.5573770491803278,21.3,0.35,61,11,0.5,-0.38,-0.02,22,401864509,2026,4
135,Minnesota Golden Gophers,25,0.4032258064516129,14,0.4666666666666667,11,0.34375,5,0.625,4,0.2857142857142857,21,0.4375,48,0.4583333333333333,0.5416666666666666,3.4,0.07,11,0.22916666666666666,22,5.71,0.26,11,0.5,26,-2.31,-0.09,10,0.38461538461538464,8,0.5,0.5,-3.14,-0.39,1,0.125,4,-1.05,-0.26,1,0.25,4,-2.09,-0.52,0,0.0,4,3,1,14,8,6,-5.91,-0.42,0.2857142857142857,0.21428571428571427,0.07142857142857142,0.5714285714285714,0.42857142857142855,20,0.5,4.86,0.12,40,5,0.22727272727272727,-7.37,-0.34,22,401858470,2026,4
264,Washington Huskies,20,0.37037037037037035,14,0.4117647058823529,6,0.3,4,0.4,1,0.1,17,0.40476190476190477,42,0.5952380952380952,0.40476190476190477,0.96,0.02,9,0.21428571428571427,25,1.86,0.07,12,0.48,17,-0.89,-0.05,5,0.29411764705882354,9,0.5555555555555556,0.4444444444444444,-4.63,-0.51,2,0.2222222222222222,5,-1.89,-0.38,2,0.4,4,-2.74,-0.69,0,0.0,3,2,1,12,9,3,-5.78,-0.48,0.25,0.16666666666666666,0.08333333333333333,0.75,0.25,11,0.3142857142857143,-15.1,-0.43,35,9,0.47368421052631576,10.28,0.54,19,401858470,2026,4
98,Western Kentucky Hilltoppers,31,0.4189189189189189,22,0.4489795918367347,9,0.36,1,0.5,7,0.4117647058823529,24,0.4444444444444444,54,0.6666666666666666,0.3333333333333333,-6.39,-0.12,9,0.16666666666666666,36,-4.22,-0.12,17,0.4722222222222222,18,-2.17,-0.12,7,0.3888888888888889,15,0.8,0.2,-1.84,-0.12,6,0.4,12,-0.46,-0.04,6,0.5,3,-1.38,-0.46,0,0.0,7,5,2,20,13,7,-7.78,-0.39,0.35,0.25,0.1,0.65,0.35,19,0.3958333333333333,-13.61,-0.28,48,12,0.46153846153846156,-0.56,-0.02,26,401871049,2026,5
166,New Mexico State Aggies,24,0.4067796610169492,11,0.4074074074074074,13,0.40625,5,0.5555555555555556,3,0.25,20,0.43478260869565216,46,0.391304347826087,0.6086956521739131,0.74,0.02,11,0.2391304347826087,18,-3.94,-0.22,8,0.4444444444444444,28,4.67,0.17,12,0.42857142857142855,10,0.6,0.4,1.45,0.15,6,0.6,6,-1.43,-0.24,4,0.6666666666666666,4,2.88,0.72,2,0.5,4,3,1,13,9,4,-3.95,-0.3,0.3076923076923077,0.23076923076923078,0.07692307692307693,0.6923076923076923,0.3076923076923077,17,0.40476190476190477,-3.97,-0.09,42,7,0.4117647058823529,0.75,0.04,17,401871049,2026,5
202,Tulsa Golden Hurricane,34,0.425,19,0.4318181818181818,15,0.4166666666666667,9,0.5625,3,0.17647058823529413,26,0.4482758620689655,58,0.5,0.5,12.57,0.22,11,0.1896551724137931,29,4.35,0.15,14,0.4827586206896552,29,8.22,0.28,12,0.41379310344827586,12,0.5,0.5,-4.36,-0.36,3,0.25,6,-3.99,-0.67,1,0.16666666666666666,6,-0.37,-0.06,2,0.3333333333333333,8,5,3,22,15,7,-1.84,-0.08,0.36363636363636365,0.22727272727272727,0.13636363636363635,0.6818181818181818,0.3181818181818182,29,0.47540983606557374,13.68,0.22,61,5,0.2631578947368421,-2.95,-0.16,19,401862786,2026,5
249,North Texas Mean Green,33,0.39759036144578314,22,0.55,11,0.2558139534883721,7,0.4375,9,0.47368421052631576,21,0.35,60,0.45,0.55,10.68,0.18,13,0.21666666666666667,27,10.86,0.4,13,0.48148148148148145,33,-0.18,-0.01,8,0.24242424242424243,10,0.6,0.4,2.83,0.28,4,0.4,6,5.57,0.93,4,0.6666666666666666,4,-2.74,-0.68,0,0.0,12,9,3,23,13,10,8.31,0.36,0.5217391304347826,0.391304347826087,0.13043478260869565,0.5652173913043478,0.43478260869565216,21,0.4117647058823529,12.8,0.25,51,12,0.375,6.19,0.19,32,401862786,2026,5
