pos_team_id,pos_team,EPA_success,EPA_success_rate,EPA_success_pass,EPA_success_pass_rate,EPA_success_rush,EPA_success_rush_rate,EPA_success_rz,EPA_success_rate_rz,EPA_success_third,EPA_success_rate_third,EPA_success_early_down,EPA_success_early_down_rate,early_downs,early_down_pass_rate,early_down_rush_rate,EPA_early_down,EPA_early_down_per_play,early_down_first_down,early_down_first_down_rate,early_down_pass,EPA_early_down_pass,EPA_early_down_pass_per_play,EPA_success_early_down_pass,EPA_success_early_down_pass_rate,early_down_rush,EPA_early_down_rush,EPA_early_down_rush_per_play,EPA_success_early_down_rush,EPA_success_early_down_rush_rate,middle_8,middle_8_pass_rate,middle_8_rush_rate,EPA_middle_8,EPA_middle_8_per_play,EPA_middle_8_success,EPA_middle_8_success_rate,middle_8_pass,EPA_middle_8_pass,EPA_middle_8_pass_per_play,EPA_middle_8_success_pass,EPA_middle_8_success_pass_rate,middle_8_rush,EPA_middle_8_rush,EPA_middle_8_rush_per_play,EPA_middle_8_success_rush,EPA_middle_8_success_rush_rate,EPA_success_late_down,EPA_success_late_down_pass,EPA_success_late_down_rush,late_downs,late_down_pass,late_down_rush,EPA_late_down,EPA_late_down_per_play,EPA_success_late_down_rate,EPA_success_late_down_pass_rate,EPA_success_late_down_rush_rate,late_down_pass_rate,late_down_rush_rate,EPA_success_standard_down,EPA_success_standard_down_rate,EPA_standard_down,EPA_standard_down_per_play,standard_downs,EPA_success_passing_down,EPA_success_passing_down_rate,EPA_passing_down,EPA_passing_down_per_play,passing_downs,game_id,season,week
158,Nebraska Cornhuskers,30,0.4225352112676056,14,0.3783783783783784,16,0.47058823529411764,7,0.4666666666666667,5,0.35714285714285715,24,0.43636363636363634,55,0.4909090909090909,0.509090909090909,15.51,0.28,14,0.2545454545454545,27,7.38,0.27,12,0.4444444444444444,28,8.12,0.29,12,0.42857142857142855,10,0.8,0.2,-10.74,-1.07,4,0.4,8,-10.79,-1.35,3,0.375,2,0.05,0.02,1,0.5,6,2,4,16,10,6,-7.79,-0.49,0.375,0.125,0.25,0.625,0.375,19,0.41304347826086957,4.59,0.1,46,11,0.44,3.13,0.13,25,401282714,2021,1
356,Illinois Fighting Illini,29,0.43283582089552236,10,0.45454545454545453,19,0.4318181818181818,7,0.6363636363636364,6,0.46153846153846156,23,0.4339622641509434,53,0.2641509433962264,0.7358490566037735,-0.2,-0.0,12,0.22641509433962265,14,2.59,0.19,7,0.5,39,-2.8,-0.07,16,0.41025641025641024,14,0.35714285714285715,0.6428571428571429,2.81,0.2,9,0.6428571428571429,5,1.25,0.25,3,0.6,9,1.57,0.17,6,0.6666666666666666,6,3,3,14,8,5,-2.29,-0.16,0.42857142857142855,0.21428571428571427,0.21428571428571427,0.5714285714285714,0.35714285714285715,23,0.48936170212765956,0.84,0.02,47,6,0.3,-3.33,-0.17,20,401282714,2021,1
278,Fresno State Bulldogs,41,0.5324675324675324,20,0.5128205128205128,21,0.5526315789473685,10,0.8333333333333334,7,0.4375,32,0.5423728813559322,59,0.5254237288135594,0.4745762711864407,13.43,0.23,13,0.22033898305084745,31,16.2,0.52,18,0.5806451612903226,28,-2.77,-0.1,14,0.5,24,0.625,0.375,15.41,0.64,15,0.625,15,14.54,0.97,10,0.6666666666666666,9,0.87,0.1,5,0.5555555555555556,9,2,7,18,8,10,2.5,0.14,0.5,0.1111111111111111,0.3888888888888889,0.4444444444444444,0.5555555555555556,33,0.6111111111111112,21.84,0.4,54,8,0.34782608695652173,-5.91,-0.26,23,401286187,2021,1
41,UConn Huskies,13,0.21311475409836064,7,0.21212121212121213,6,0.2222222222222222,,,2,0.125,10,0.23809523809523808,42,0.5476190476190477,0.42857142857142855,-23.66,-0.56,4,0.09523809523809523,23,-7.1,-0.31,6,0.2608695652173913,18,-6.96,-0.39,4,0.2222222222222222,8,0.625,0.375,-2.83,-0.35,2,0.25,5,-1.71,-0.34,2,0.4,3,-1.12,-0.37,0,0.0,3,1,2,19,10,9,-13.13,-0.69,0.15789473684210525,0.05263157894736842,0.10526315789473684,0.5263157894736842,0.47368421052631576,8,0.24242424242424243,-21.39,-0.65,33,5,0.17857142857142858,-15.4,-0.55,28,401286187,2021,1
62,Hawai'i Rainbow Warriors,29,0.3918918918918919,22,0.4,7,0.3684210526315789,2,0.2857142857142857,5,0.3333333333333333,24,0.43636363636363634,55,0.7090909090909091,0.2909090909090909,-6.39,-0.12,9,0.16363636363636364,39,-1.38,-0.04,18,0.46153846153846156,16,-5.01,-0.31,6,0.375,16,0.6875,0.3125,-4.64,-0.29,6,0.375,11,-1.82,-0.17,5,0.45454545454545453,5,-2.82,-0.56,1,0.2,5,4,1,19,16,3,-13.21,-0.7,0.2631578947368421,0.21052631578947367,0.05263157894736842,0.8421052631578947,0.15789473684210525,24,0.47058823529411764,-8.2,-0.16,51,5,0.21739130434782608,-11.4,-0.5,23,401309833,2021,1
26,UCLA Bruins,29,0.4461538461538462,10,0.43478260869565216,19,0.4523809523809524,3,0.42857142857142855,6,0.5,22,0.43137254901960786,51,0.3333333333333333,0.6666666666666666,8.17,0.16,13,0.2549019607843137,17,0.15,0.01,7,0.4117647058823529,34,8.03,0.24,15,0.4411764705882353,8,0.75,0.25,1.89,0.24,4,0.5,6,2.76,0.46,4,0.6666666666666666,2,-0.88,-0.44,0,0.0,7,3,4,14,6,8,-0.73,-0.05,0.5,0.21428571428571427,0.2857142857142857,0.42857142857142855,0.5714285714285714,19,0.4318181818181818,-0.02,-0.0,44,10,0.47619047619047616,7.46,0.36,21,401309833,2021,1
166,New Mexico State Aggies,20,0.28169014084507044,9,0.23076923076923078,11,0.34375,0,0.0,4,0.23529411764705882,14,0.2916666666666667,48,0.5,0.5,-9.57,-0.2,8,0.16666666666666666,24,-10.77,-0.45,5,0.20833333333333334,24,1.19,0.05,9,0.375,10,0.4,0.6,1.71,0.17,4,0.4,4,1.73,0.43,1,0.25,6,-0.02,-0.0,3,0.5,6,4,2,23,15,8,-7.26,-0.32,0.2608695652173913,0.17391304347826086,0.08695652173913043,0.6521739130434783,0.34782608695652173,12,0.3333333333333333,-0.45,-0.01,36,8,0.22857142857142856,-16.38,-0.47,35,401282049,2021,1
2638,UTEP Miners,25,0.390625,9,0.45,16,0.36363636363636365,5,0.5555555555555556,3,0.23076923076923078,20,0.4166666666666667,48,0.25,0.75,8.97,0.19,10,0.20833333333333334,12,10.15,0.85,7,0.5833333333333334,36,-1.18,-0.03,13,0.3611111111111111,8,0.625,0.375,7.3,0.91,5,0.625,5,7.81,1.56,4,0.8,3,-0.51,-0.17,1,0.3333333333333333,5,2,3,16,8,8,-8.12,-0.51,0.3125,0.125,0.1875,0.5,0.5,20,0.4,2.07,0.04,50,5,0.35714285714285715,-1.23,-0.09,14,401282049,2021,1
5,UAB Blazers,32,0.5245901639344263,17,0.7083333333333334,15,0.40540540540540543,2,0.3333333333333333,3,0.3333333333333333,29,0.5576923076923077,52,0.38461538461538464,0.6153846153846154,19.74,0.38,14,0.2692307692307692,20,25.93,1.3,15,0.75,32,-6.2,-0.19,14,0.4375,8,0.375,0.625,3.74,0.47,4,0.5,3,3.81,1.27,2,0.6666666666666666,5,-0.07,-0.01,2,0.4,3,2,1,9,4,5,-3.87,-0.43,0.3333333333333333,0.2222222222222222,0.1111111111111111,0.4444444444444444,0.5555555555555556,20,0.4878048780487805,0.03,0.0,41,12,0.6,15.84,0.79,20,401282050,2021,1
55,Jacksonville State Gamecocks,17,0.34,8,0.23529411764705882,9,0.5625,,,2,0.16666666666666666,15,0.40540540540540543,37,0.6486486486486487,0.35135135135135137,-3.07,-0.08,5,0.13513513513513514,24,-2.55,-0.11,8,0.3333333333333333,13,-0.52,-0.04,7,0.5384615384615384,10,0.6,0.4,-0.49,-0.05,4,0.4,6,-2.41,-0.4,1,0.16666666666666666,4,1.91,0.48,3,0.75,2,0,2,13,10,3,-13.4,-1.03,0.15384615384615385,0.0,0.15384615384615385,0.7692307692307693,0.23076923076923078,11,0.4230769230769231,-8.58,-0.33,26,6,0.25,-7.89,-0.33,24,401282050,2021,1
135,Minnesota Golden Gophers,32,0.4266666666666667,13,0.5,19,0.3958333333333333,5,0.5555555555555556,8,0.5714285714285714,23,0.38333333333333336,60,0.3333333333333333,0.65,-11.51,-0.19,12,0.2,20,3.62,0.18,9,0.45,39,-6.83,-0.18,14,0.358974358974359,9,0.4444444444444444,0.5555555555555556,2.8,0.31,5,0.5555555555555556,4,-0.67,-0.17,1,0.25,5,3.46,0.69,4,0.8,9,4,5,15,6,9,15.43,1.03,0.6,0.26666666666666666,0.3333333333333333,0.4,0.6,18,0.375,-8.17,-0.17,48,14,0.5185185185185185,12.09,0.45,27,401282789,2021,1
194,Ohio State Buckeyes,24,0.5,11,0.5,13,0.5,0,0.0,5,0.625,19,0.475,40,0.5,0.5,10.28,0.26,9,0.225,20,8.72,0.44,10,0.5,20,1.56,0.08,9,0.45,11,0.36363636363636365,0.6363636363636364,4.65,0.42,5,0.45454545454545453,4,3.3,0.82,2,0.5,7,1.35,0.19,3,0.42857142857142855,5,1,4,8,2,6,13.46,1.68,0.625,0.125,0.5,0.25,0.75,18,0.5454545454545454,23.25,0.7,33,6,0.4,0.5,0.03,15,401282789,2021,1
254,Utah Utes,35,0.5833333333333334,18,0.6,17,0.5666666666666667,10,0.5263157894736842,4,0.5,31,0.62,50,0.44,0.56,20.51,0.41,18,0.36,22,12.76,0.58,15,0.6818181818181818,28,7.75,0.28,16,0.5714285714285714,3,0.3333333333333333,0.6666666666666666,2.5,0.83,2,0.6666666666666666,1,-0.16,-0.16,0,0.0,2,2.67,1.33,2,1.0,4,3,1,10,8,2,-4.0,-0.4,0.4,0.3,0.1,0.8,0.2,28,0.6222222222222222,14.69,0.33,45,7,0.4666666666666667,1.82,0.12,15,401309834,2021,1
2692,Weber State Wildcats,23,0.36507936507936506,15,0.4166666666666667,8,0.2962962962962963,3,0.2727272727272727,7,0.4375,15,0.3333333333333333,45,0.5111111111111111,0.4888888888888889,-3.54,-0.08,7,0.15555555555555556,23,4.65,0.2,10,0.43478260869565216,22,-8.19,-0.37,5,0.22727272727272727,6,0.5,0.5,-0.6,-0.1,2,0.3333333333333333,3,2.5,0.83,2,0.6666666666666666,3,-3.1,-1.03,0,0.0,8,5,3,18,13,5,-2.03,-0.11,0.4444444444444444,0.2777777777777778,0.16666666666666666,0.7222222222222222,0.2777777777777778,15,0.39473684210526316,0.88,0.02,38,8,0.32,-6.45,-0.26,25,401309834,2021,1
9,Arizona State Sun Devils,37,0.6491228070175439,10,0.5263157894736842,27,0.7105263157894737,9,0.75,7,0.6363636363636364,29,0.6444444444444445,45,0.28888888888888886,0.7111111111111111,14.63,0.33,12,0.26666666666666666,13,4.6,0.35,7,0.5384615384615384,32,10.03,0.31,22,0.6875,8,0.0,1.0,3.23,0.4,5,0.625,,,,,,8,3.23,0.4,5,0.625,8,3,5,12,6,6,8.95,0.75,0.6666666666666666,0.25,0.4166666666666667,0.5,0.5,32,0.6808510638297872,21.69,0.46,47,5,0.5,1.89,0.19,10,401309835,2021,1
253,Southern Utah Thunderbirds,16,0.2909090909090909,10,0.30303030303030304,6,0.2727272727272727,1,0.3333333333333333,4,0.36363636363636365,12,0.2727272727272727,44,0.5227272727272727,0.4772727272727273,-13.63,-0.31,6,0.13636363636363635,23,-9.27,-0.4,7,0.30434782608695654,21,-4.35,-0.21,5,0.23809523809523808,7,0.7142857142857143,0.2857142857142857,-4.07,-0.58,2,0.2857142857142857,5,-2.2,-0.44,2,0.4,2,-1.87,-0.93,0,0.0,4,3,1,11,10,1,-4.42,-0.4,0.36363636363636365,0.2727272727272727,0.09090909090909091,0.9090909090909091,0.09090909090909091,13,0.35135135135135137,-1.41,-0.04,37,3,0.16666666666666666,-16.63,-0.92,18,401309835,2021,1
2116,UCF Knights,44,0.5176470588235295,20,0.5,24,0.5333333333333333,4,0.4,12,0.7058823529411765,32,0.47761194029850745,67,0.417910447761194,0.582089552238806,3.81,0.06,16,0.23880597014925373,28,-2.07,-0.07,13,0.4642857142857143,39,5.88,0.15,19,0.48717948717948717,16,0.625,0.375,15.53,0.97,9,0.5625,10,15.36,1.54,7,0.7,6,0.17,0.03,2,0.3333333333333333,12,7,5,18,12,6,7.99,0.44,0.6666666666666666,0.3888888888888889,0.2777777777777778,0.6666666666666666,0.3333333333333333,32,0.5079365079365079,-2.66,-0.04,63,12,0.5454545454545454,14.46,0.66,22,401300995,2021,1
68,Boise State Broncos,27,0.4153846153846154,20,0.5128205128205128,7,0.2692307692307692,3,1.0,5,0.35714285714285715,20,0.40816326530612246,49,0.5918367346938775,0.40816326530612246,-2.79,-0.06,13,0.2653061224489796,29,6.08,0.21,16,0.5517241379310345,20,-8.87,-0.44,4,0.2,4,0.0,1.0,-4.25,-1.06,0,0.0,,,,,,4,-4.25,-1.06,0,0.0,7,4,3,16,10,6,-0.77,-0.05,0.4375,0.25,0.1875,0.625,0.375,17,0.4594594594594595,-0.26,-0.01,37,10,0.35714285714285715,-3.3,-0.12,28,401300995,2021,1
2710,Western Illinois Leathernecks,30,0.44776119402985076,22,0.4888888888888889,8,0.36363636363636365,3,0.75,4,0.3076923076923077,26,0.5,52,0.6346153846153846,0.36538461538461536,13.41,0.26,12,0.23076923076923078,33,16.18,0.49,19,0.5757575757575758,19,-2.76,-0.15,7,0.3684210526315789,6,0.6666666666666666,0.3333333333333333,0.38,0.06,2,0.3333333333333333,4,0.04,0.01,1,0.25,2,0.34,0.17,1,0.5,4,3,1,15,12,3,-11.41,-0.76,0.26666666666666666,0.2,0.06666666666666667,0.8,0.2,25,0.5208333333333334,6.74,0.14,48,5,0.2631578947368421,-4.73,-0.25,19,401309540,2021,1
2050,Ball State Cardinals,25,0.38461538461538464,10,0.38461538461538464,15,0.38461538461538464,0,0.0,5,0.38461538461538464,18,0.36,50,0.38,0.62,2.65,0.05,6,0.12,19,0.07,0.0,7,0.3684210526315789,31,2.58,0.08,11,0.3548387096774194,10,0.1,0.9,3.24,0.32,6,0.6,1,1.0,1.0,1,1.0,9,2.24,0.25,5,0.5555555555555556,7,3,4,15,7,8,6.17,0.41,0.4666666666666667,0.2,0.26666666666666666,0.4666666666666667,0.5333333333333333,20,0.38461538461538464,11.24,0.22,52,5,0.38461538461538464,-2.43,-0.19,13,401309540,2021,1
2084,Buffalo Bulls,50,0.4854368932038835,25,0.5681818181818182,24,0.41379310344827586,15,0.5,6,0.35294117647058826,41,0.4939759036144578,83,0.40963855421686746,0.5903614457831325,26.28,0.32,19,0.2289156626506024,34,27.24,0.8,23,0.6764705882352942,49,-0.96,-0.02,18,0.3673469387755102,22,0.5454545454545454,0.45454545454545453,1.79,0.08,4,0.18181818181818182,12,-4.89,-0.41,0,0.0,10,6.68,0.67,4,0.4,9,2,6,20,10,9,10.24,0.51,0.45,0.1,0.3,0.5,0.45,42,0.5060240963855421,31.22,0.38,83,8,0.4,5.3,0.27,20,401309542,2021,1
2681,Wagner Seahawks,21,0.1810344827586207,12,0.1411764705882353,9,0.3,1,0.3333333333333333,5,0.13157894736842105,16,0.2077922077922078,77,0.7142857142857143,0.2857142857142857,-37.96,-0.49,7,0.09090909090909091,55,-33.6,-0.61,10,0.18181818181818182,22,-4.36,-0.2,6,0.2727272727272727,19,0.42105263157894735,0.5789473684210527,-5.18,-0.27,5,0.2631578947368421,8,-2.12,-0.26,2,0.25,11,-3.07,-0.28,3,0.2727272727272727,5,2,3,39,30,8,-23.58,-0.6,0.1282051282051282,0.05128205128205128,0.07692307692307693,0.7692307692307693,0.20512820512820512,12,0.34285714285714286,-6.59,-0.19,35,9,0.1111111111111111,-54.94,-0.68,81,401309542,2021,1
152,NC State Wolfpack,33,0.5,14,0.5185185185185185,19,0.48717948717948717,8,0.6153846153846154,8,0.6153846153846154,24,0.46153846153846156,52,0.3269230769230769,0.6730769230769231,4.13,0.08,13,0.25,17,1.65,0.1,9,0.5294117647058824,35,2.48,0.07,15,0.42857142857142855,12,0.5,0.5,2.24,0.19,5,0.4166666666666667,6,-0.23,-0.04,2,0.3333333333333333,6,2.47,0.41,3,0.5,9,5,4,14,10,4,12.8,0.91,0.6428571428571429,0.35714285714285715,0.2857142857142857,0.7142857142857143,0.2857142857142857,26,0.5306122448979592,13.81,0.28,49,7,0.4117647058823529,3.12,0.18,17,401282607,2021,1
58,South Florida Bulls,20,0.3125,8,0.24242424242424243,12,0.3870967741935484,3,0.3333333333333333,3,0.1875,17,0.3617021276595745,47,0.44680851063829785,0.5531914893617021,-0.95,-0.02,10,0.2127659574468085,21,4.02,0.19,7,0.3333333333333333,26,-4.97,-0.19,10,0.38461538461538464,10,0.9,0.1,-2.44,-0.24,2,0.2,9,-1.61,-0.18,2,0.2222222222222222,1,-0.83,-0.83,0,0.0,3,1,2,17,12,5,-17.59,-1.03,0.17647058823529413,0.058823529411764705,0.11764705882352941,0.7058823529411765,0.29411764705882354,10,0.2857142857142857,-7.21,-0.21,35,10,0.3448275862068966,-11.34,-0.39,29,401282607,2021,1
2026,Appalachian State Mountaineers,34,0.5396825396825397,16,0.5714285714285714,18,0.5142857142857142,3,0.3,4,0.36363636363636365,30,0.5769230769230769,52,0.40384615384615385,0.5961538461538461,17.0,0.33,15,0.28846153846153844,21,9.48,0.45,13,0.6190476190476191,31,7.52,0.24,17,0.5483870967741935,7,0.7142857142857143,0.2857142857142857,-4.36,-0.62,1,0.14285714285714285,5,-4.95,-0.99,0,0.0,2,0.59,0.3,1,0.5,4,3,1,11,7,4,-1.57,-0.14,0.36363636363636365,0.2727272727272727,0.09090909090909091,0.6363636363636364,0.36363636363636365,28,0.6222222222222222,20.32,0.45,45,6,0.3333333333333333,-4.89,-0.27,18,401300993,2021,1
151,East Carolina Pirates,23,0.35384615384615387,18,0.4,5,0.25,1,0.2,5,0.3125,16,0.34782608695652173,46,0.6521739130434783,0.34782608695652173,2.36,0.05,10,0.21739130434782608,30,3.58,0.12,13,0.43333333333333335,16,-1.23,-0.08,3,0.1875,15,0.6666666666666666,0.3333333333333333,1.8,0.12,6,0.4,10,-3.11,-0.31,2,0.2,5,4.9,0.98,4,0.8,7,5,2,19,15,4,2.85,0.15,0.3684210526315789,0.2631578947368421,0.10526315789473684,0.7894736842105263,0.21052631578947367,15,0.38461538461538464,3.16,0.08,39,8,0.3076923076923077,2.04,0.08,26,401300993,2021,1
189,Bowling Green Falcons,22,0.36666666666666664,16,0.41025641025641024,6,0.2857142857142857,0,0.0,2,0.14285714285714285,20,0.45454545454545453,44,0.6590909090909091,0.3409090909090909,-5.67,-0.13,9,0.20454545454545456,29,-0.24,-0.01,14,0.4827586206896552,15,-5.42,-0.36,6,0.4,4,0.75,0.25,-4.32,-1.08,0,0.0,3,-2.55,-0.85,0,0.0,1,-1.77,-1.77,0,0.0,2,2,0,16,10,6,-12.54,-0.78,0.125,0.125,0.0,0.625,0.375,17,0.4358974358974359,-12.9,-0.33,39,5,0.23809523809523808,-5.3,-0.25,21,401281952,2021,1
2633,Tennessee Volunteers,42,0.4827586206896552,8,0.2962962962962963,34,0.5666666666666667,9,0.6923076923076923,6,0.4,35,0.5072463768115942,69,0.2898550724637681,0.7101449275362319,9.8,0.14,17,0.2463768115942029,20,2.93,0.15,7,0.35,49,6.87,0.14,28,0.5714285714285714,14,0.42857142857142855,0.5714285714285714,-0.13,-0.01,6,0.42857142857142855,6,-3.35,-0.56,0,0.0,8,3.22,0.4,6,0.75,7,1,6,18,7,11,-5.75,-0.32,0.3888888888888889,0.05555555555555555,0.3333333333333333,0.3888888888888889,0.6111111111111112,39,0.5735294117647058,12.38,0.18,68,3,0.15789473684210525,-8.34,-0.44,19,401281952,2021,1
2630,UT Martin Skyhawks,35,0.45454545454545453,13,0.29545454545454547,22,0.6666666666666666,5,0.38461538461538464,10,0.5263157894736842,24,0.42105263157894735,57,0.5614035087719298,0.43859649122807015,-10.47,-0.18,9,0.15789473684210525,32,-9.16,-0.29,9,0.28125,25,-1.31,-0.05,15,0.6,16,0.625,0.375,9.84,0.61,10,0.625,10,7.1,0.71,5,0.5,6,2.74,0.46,5,0.8333333333333334,11,4,7,20,12,8,13.92,0.7,0.55,0.2,0.35,0.6,0.4,26,0.5098039215686274,3.56,0.07,51,9,0.34615384615384615,-0.11,-0.0,26,401282180,2021,1
98,Western Kentucky Hilltoppers,34,0.5666666666666667,24,0.6666666666666666,10,0.4166666666666667,6,0.46153846153846156,4,0.6666666666666666,30,0.5555555555555556,54,0.5740740740740741,0.42592592592592593,27.32,0.51,17,0.3148148148148148,31,29.89,0.96,21,0.6774193548387096,23,-2.57,-0.11,9,0.391304347826087,8,0.5,0.5,8.51,1.06,6,0.75,4,8.9,2.23,4,1.0,4,-0.39,-0.1,2,0.5,4,3,1,6,5,1,6.06,1.01,0.6666666666666666,0.5,0.16666666666666666,0.8333333333333334,0.16666666666666666,25,0.5319148936170213,10.47,0.22,47,9,0.6923076923076923,22.91,1.76,13,401282180,2021,1
259,Virginia Tech Hokies,28,0.45161290322580644,9,0.45,19,0.4523809523809524,5,0.45454545454545453,6,0.46153846153846156,22,0.4489795918367347,49,0.24489795918367346,0.7551020408163265,-3.44,-0.07,12,0.24489795918367346,12,3.76,0.31,7,0.5833333333333334,37,-7.2,-0.19,15,0.40540540540540543,9,0.5555555555555556,0.4444444444444444,-1.89,-0.21,1,0.1111111111111111,5,0.13,0.03,1,0.2,4,-2.02,-0.51,0,0.0,6,2,4,13,8,5,2.94,0.23,0.46153846153846156,0.15384615384615385,0.3076923076923077,0.6153846153846154,0.38461538461538464,23,0.5227272727272727,-1.64,-0.04,44,5,0.2777777777777778,1.14,0.06,18,401309937,2021,1
153,North Carolina Tar Heels,28,0.45161290322580644,14,0.358974358974359,14,0.6086956521739131,1,0.3333333333333333,3,0.3,23,0.46938775510204084,49,0.6122448979591837,0.3877551020408163,-4.92,-0.1,12,0.24489795918367346,30,-7.5,-0.25,12,0.4,19,2.58,0.14,11,0.5789473684210527,13,0.6153846153846154,0.38461538461538464,-1.39,-0.11,6,0.46153846153846156,8,-3.1,-0.39,2,0.25,5,1.71,0.34,4,0.8,5,2,3,13,9,4,-2.56,-0.2,0.38461538461538464,0.15384615384615385,0.23076923076923078,0.6923076923076923,0.3076923076923077,17,0.4358974358974359,-4.47,-0.11,39,11,0.4782608695652174,-3.01,-0.13,23,401309937,2021,1
150,Duke Blue Devils,38,0.5588235294117647,14,0.4666666666666667,24,0.631578947368421,4,0.6666666666666666,7,0.5384615384615384,31,0.5740740740740741,54,0.4074074074074074,0.5925925925925926,10.27,0.19,14,0.25925925925925924,22,1.17,0.05,11,0.5,32,9.09,0.28,20,0.625,8,0.375,0.625,1.57,0.2,4,0.5,3,-0.79,-0.26,1,0.3333333333333333,5,2.36,0.47,3,0.6,7,3,4,14,8,6,9.33,0.67,0.5,0.21428571428571427,0.2857142857142857,0.5714285714285714,0.42857142857142855,30,0.6122448979591837,19.46,0.4,49,8,0.42105263157894735,0.13,0.01,19,401282052,2021,1
2429,Charlotte 49ers,32,0.45714285714285713,17,0.5483870967741935,15,0.38461538461538464,6,0.6,12,0.6666666666666666,20,0.38461538461538464,52,0.40384615384615385,0.5961538461538461,2.29,0.04,8,0.15384615384615385,21,12.4,0.59,10,0.47619047619047616,31,-10.11,-0.33,10,0.3225806451612903,11,0.45454545454545453,0.5454545454545454,-1.48,-0.13,4,0.36363636363636365,5,3.4,0.68,2,0.4,6,-4.88,-0.81,2,0.3333333333333333,12,7,5,18,10,8,12.95,0.72,0.6666666666666666,0.3888888888888889,0.2777777777777778,0.5555555555555556,0.4444444444444444,19,0.4222222222222222,10.07,0.22,45,13,0.52,5.17,0.21,25,401282052,2021,1
233,South Dakota Coyotes,23,0.3709677419354839,7,0.30434782608695654,16,0.41025641025641024,,,3,0.23076923076923078,20,0.43478260869565216,46,0.30434782608695654,0.6956521739130435,-1.01,-0.02,7,0.15217391304347827,14,-2.06,-0.15,5,0.35714285714285715,32,1.05,0.03,15,0.46875,6,0.6666666666666666,0.3333333333333333,-4.78,-0.8,1,0.16666666666666666,4,-3.75,-0.94,0,0.0,2,-1.03,-0.52,1,0.5,3,2,1,16,9,7,-10.18,-0.64,0.1875,0.125,0.0625,0.5625,0.4375,15,0.35714285714285715,-17.43,-0.42,42,8,0.4,6.24,0.31,20,401287888,2021,1
2305,Kansas Jayhawks,20,0.30303030303030304,11,0.4074074074074074,9,0.23076923076923078,4,0.26666666666666666,5,0.3125,14,0.2978723404255319,47,0.2765957446808511,0.723404255319149,-7.71,-0.16,7,0.14893617021276595,13,5.13,0.39,7,0.5384615384615384,34,-12.84,-0.38,7,0.20588235294117646,12,0.4166666666666667,0.5833333333333334,5.08,0.42,6,0.5,5,5.77,1.15,4,0.8,7,-0.69,-0.1,2,0.2857142857142857,6,4,2,19,14,5,-6.5,-0.34,0.3157894736842105,0.21052631578947367,0.10526315789473684,0.7368421052631579,0.2631578947368421,14,0.35,-11.65,-0.29,40,6,0.23076923076923078,-2.56,-0.1,26,401287888,2021,1
77,Northwestern Wildcats,36,0.4444444444444444,21,0.44680851063829785,15,0.4411764705882353,7,0.35,9,0.45,23,0.4107142857142857,56,0.5535714285714286,0.44642857142857145,-1.47,-0.03,9,0.16071428571428573,31,-1.46,-0.05,14,0.45161290322580644,25,-0.01,-0.0,9,0.36,15,0.4,0.6,6.36,0.42,6,0.4,6,1.66,0.28,3,0.5,9,4.69,0.52,3,0.3333333333333333,13,7,6,25,16,9,14.94,0.6,0.52,0.28,0.24,0.64,0.36,23,0.45098039215686275,8.92,0.17,51,13,0.43333333333333335,4.54,0.15,30,401282782,2021,1
127,Michigan State Spartans,29,0.4603174603174603,13,0.4642857142857143,16,0.45714285714285713,5,0.45454545454545453,4,0.4,24,0.46153846153846156,52,0.40384615384615385,0.5961538461538461,19.67,0.38,15,0.28846153846153844,21,7.68,0.37,11,0.5238095238095238,31,11.99,0.39,13,0.41935483870967744,7,0.5714285714285714,0.42857142857142855,1.32,0.19,5,0.7142857142857143,4,0.62,0.15,3,0.75,3,0.7,0.23,2,0.6666666666666666,5,2,3,11,7,4,-1.87,-0.17,0.45454545454545453,0.18181818181818182,0.2727272727272727,0.6363636363636364,0.36363636363636365,22,0.4782608695652174,17.14,0.37,46,7,0.4117647058823529,0.66,0.04,17,401282782,2021,1
38,Colorado Buffaloes,31,0.5,7,0.4117647058823529,24,0.5333333333333333,10,0.7692307692307693,6,0.6,25,0.4807692307692308,52,0.23076923076923078,0.7692307692307693,3.33,0.06,13,0.25,12,-2.46,-0.21,5,0.4166666666666667,40,5.79,0.14,20,0.5,8,0.125,0.875,0.06,0.01,4,0.5,1,-1.65,-1.65,0,0.0,7,1.71,0.24,4,0.5714285714285714,6,2,4,10,5,5,5.91,0.59,0.6,0.2,0.4,0.5,0.5,23,0.5,3.93,0.09,46,8,0.5,5.31,0.33,16,401309836,2021,1
2458,Northern Colorado Bears,19,0.3392857142857143,17,0.40476190476190477,2,0.14285714285714285,0,0.0,3,0.23076923076923078,16,0.3902439024390244,41,0.8048780487804879,0.1951219512195122,-1.21,-0.03,7,0.17073170731707318,33,4.47,0.14,16,0.48484848484848486,8,-5.68,-0.71,0,0.0,8,0.875,0.125,0.45,0.06,5,0.625,7,-1.13,-0.16,4,0.5714285714285714,1,1.58,1.58,1,1.0,3,1,2,15,9,6,-15.23,-1.02,0.2,0.06666666666666667,0.13333333333333333,0.6,0.4,12,0.375,-8.0,-0.25,32,7,0.2916666666666667,-8.44,-0.35,24,401309836,2021,1
2390,Miami Hurricanes,26,0.4126984126984127,14,0.3888888888888889,12,0.4444444444444444,2,0.18181818181818182,7,0.5,18,0.3829787234042553,47,0.5957446808510638,0.40425531914893614,-12.43,-0.26,7,0.14893617021276595,28,-9.18,-0.33,11,0.39285714285714285,19,-3.25,-0.17,7,0.3684210526315789,21,0.6190476190476191,0.38095238095238093,8.69,0.41,10,0.47619047619047616,13,7.01,0.54,7,0.5384615384615384,8,1.68,0.21,3,0.375,8,3,5,16,8,8,1.36,0.08,0.5,0.1875,0.3125,0.5,0.5,19,0.4523809523809524,-11.55,-0.28,42,7,0.3333333333333333,0.48,0.02,21,401281942,2021,1
333,Alabama Crimson Tide,38,0.4935064935064935,21,0.525,17,0.4594594594594595,3,0.42857142857142855,10,0.625,28,0.4666666666666667,60,0.48333333333333334,0.5166666666666667,-0.25,-0.0,14,0.23333333333333334,29,-1.56,-0.05,13,0.4482758620689655,31,1.32,0.04,15,0.4838709677419355,5,0.6,0.4,-1.02,-0.2,2,0.4,3,-0.63,-0.21,1,0.3333333333333333,2,-0.39,-0.19,1,0.5,10,8,2,17,11,6,12.65,0.74,0.5882352941176471,0.47058823529411764,0.11764705882352941,0.6470588235294118,0.35294117647058826,30,0.5172413793103449,5.06,0.09,58,8,0.42105263157894735,7.34,0.39,19,401281942,2021,1
201,Oklahoma Sooners,35,0.47297297297297297,21,0.5121951219512195,14,0.42424242424242425,9,0.47368421052631576,3,0.2727272727272727,30,0.5,60,0.5666666666666667,0.43333333333333335,13.36,0.22,18,0.3,34,13.01,0.38,19,0.5588235294117647,26,0.36,0.01,11,0.4230769230769231,4,0.75,0.25,2.97,0.74,3,0.75,3,1.68,0.56,2,0.6666666666666666,1,1.29,1.29,1,1.0,5,2,3,14,7,7,-1.23,-0.09,0.35714285714285715,0.14285714285714285,0.21428571428571427,0.5,0.5,26,0.5,10.19,0.2,52,9,0.4090909090909091,1.95,0.09,22,401287894,2021,1
2655,Tulane Green Wave,31,0.4025974025974026,21,0.4375,10,0.3448275862068966,8,0.47058823529411764,4,0.2857142857142857,23,0.40350877192982454,57,0.631578947368421,0.3684210526315789,6.04,0.11,13,0.22807017543859648,36,12.27,0.34,17,0.4722222222222222,21,-6.23,-0.3,6,0.2857142857142857,20,0.7,0.3,-0.33,-0.02,5,0.25,14,4.1,0.29,4,0.2857142857142857,6,-4.43,-0.74,1,0.16666666666666666,8,4,4,20,12,8,5.74,0.29,0.4,0.2,0.2,0.6,0.4,19,0.41304347826086957,4.07,0.09,46,12,0.3870967741935484,7.71,0.25,31,401287894,2021,1
61,Georgia Bulldogs,26,0.43333333333333335,11,0.3548387096774194,15,0.5172413793103449,1,0.25,7,0.4375,19,0.4318181818181818,44,0.4772727272727273,0.5227272727272727,-3.34,-0.08,6,0.13636363636363635,21,-1.79,-0.09,8,0.38095238095238093,23,-1.55,-0.07,11,0.4782608695652174,4,0.5,0.5,0.53,0.13,2,0.5,2,0.6,0.3,1,0.5,2,-0.07,-0.03,1,0.5,7,3,4,16,10,6,-6.41,-0.4,0.4375,0.1875,0.25,0.625,0.375,18,0.43902439024390244,-4.76,-0.12,41,8,0.42105263157894735,-4.99,-0.26,19,401281946,2021,1
228,Clemson Tigers,18,0.3,15,0.3409090909090909,3,0.1875,0,0.0,5,0.3125,13,0.3023255813953488,43,0.6511627906976745,0.3488372093023256,-13.57,-0.32,5,0.11627906976744186,28,-7.83,-0.28,10,0.35714285714285715,15,-5.74,-0.38,3,0.2,18,0.8333333333333334,0.16666666666666666,-13.8,-0.77,5,0.2777777777777778,15,-11.13,-0.74,5,0.3333333333333333,3,-2.67,-0.89,0,0.0,5,5,0,17,16,1,-16.37,-0.96,0.29411764705882354,0.29411764705882354,0.0,0.9411764705882353,0.058823529411764705,9,0.2727272727272727,-22.26,-0.67,33,9,0.3333333333333333,-7.67,-0.28,27,401281946,2021,1
245,Texas A&M Aggies,43,0.581081081081081,20,0.5714285714285714,23,0.5897435897435898,4,0.4444444444444444,9,0.6923076923076923,34,0.5666666666666667,60,0.45,0.55,3.35,0.06,19,0.31666666666666665,27,-8.17,-0.3,14,0.5185185185185185,33,11.52,0.35,20,0.6060606060606061,12,0.5833333333333334,0.4166666666666667,1.66,0.14,8,0.6666666666666666,7,0.8,0.11,5,0.7142857142857143,5,0.86,0.17,3,0.6,9,6,3,14,8,6,7.82,0.56,0.6428571428571429,0.42857142857142855,0.21428571428571427,0.5714285714285714,0.42857142857142855,31,0.5535714285714286,0.63,0.01,56,12,0.6666666666666666,10.54,0.59,18,401282053,2021,1
2309,Kent State Golden Flashes,30,0.410958904109589,10,0.30303030303030304,20,0.5,4,0.3076923076923077,8,0.4444444444444444,22,0.4,55,0.4,0.6,-14.55,-0.26,11,0.2,22,-15.95,-0.73,7,0.3181818181818182,33,1.4,0.04,15,0.45454545454545453,9,0.6666666666666666,0.3333333333333333,-2.9,-0.32,3,0.3333333333333333,6,-6.12,-1.02,0,0.0,3,3.22,1.07,3,1.0,8,3,5,18,11,7,3.03,0.17,0.4444444444444444,0.16666666666666666,0.2777777777777778,0.6111111111111112,0.3888888888888889,21,0.44680851063829785,-0.47,-0.01,47,9,0.34615384615384615,-11.05,-0.43,26,401282053,2021,1
66,Iowa State Cyclones,28,0.4745762711864407,13,0.5,15,0.45454545454545453,4,0.5,5,0.35714285714285715,23,0.5111111111111111,45,0.4222222222222222,0.5777777777777777,6.36,0.14,11,0.24444444444444444,19,5.44,0.29,11,0.5789473684210527,26,0.91,0.04,12,0.46153846153846156,14,0.6428571428571429,0.35714285714285715,0.15,0.01,8,0.5714285714285714,9,-0.47,-0.05,5,0.5555555555555556,5,0.61,0.12,3,0.6,5,2,3,14,7,7,-5.22,-0.37,0.35714285714285715,0.14285714285714285,0.21428571428571427,0.5,0.5,20,0.46511627906976744,2.3,0.05,43,8,0.5,-1.16,-0.07,16,401287887,2021,1
2460,Northern Iowa Panthers,23,0.38333333333333336,14,0.3888888888888889,9,0.375,,,8,0.47058823529411764,14,0.34146341463414637,41,0.5121951219512195,0.4878048780487805,-4.77,-0.12,3,0.07317073170731707,21,2.35,0.11,9,0.42857142857142855,20,-7.12,-0.36,5,0.25,5,0.4,0.6,-0.19,-0.04,3,0.6,2,-0.87,-0.44,1,0.5,3,0.69,0.23,2,0.6666666666666666,9,5,4,19,15,4,0.56,0.03,0.47368421052631576,0.2631578947368421,0.21052631578947367,0.7894736842105263,0.21052631578947367,13,0.38235294117647056,-5.96,-0.18,34,10,0.38461538461538464,1.76,0.07,26,401287887,2021,1
278,Fresno State Bulldogs,32,0.4383561643835616,24,0.5106382978723404,8,0.3076923076923077,3,0.25,8,0.5333333333333333,24,0.42105263157894735,57,0.6140350877192983,0.38596491228070173,-9.01,-0.16,13,0.22807017543859648,35,0.84,0.02,18,0.5142857142857142,22,-9.85,-0.45,6,0.2727272727272727,12,0.9166666666666666,0.08333333333333333,8.0,0.67,6,0.5,11,5.87,0.53,5,0.45454545454545453,1,2.13,2.13,1,1.0,8,6,2,16,12,4,4.39,0.27,0.5,0.375,0.125,0.75,0.25,19,0.40425531914893614,-11.57,-0.25,47,13,0.5,6.96,0.27,26,401309838,2021,1
2483,Oregon Ducks,30,0.410958904109589,8,0.2962962962962963,22,0.4782608695652174,5,0.45454545454545453,7,0.4375,21,0.3888888888888889,54,0.37037037037037035,0.6296296296296297,-1.99,-0.04,10,0.18518518518518517,20,-1.14,-0.06,7,0.35,34,-0.84,-0.02,14,0.4117647058823529,17,0.5294117647058824,0.47058823529411764,6.14,0.36,8,0.47058823529411764,9,6.61,0.73,4,0.4444444444444444,8,-0.46,-0.06,4,0.5,9,1,8,19,7,12,2.27,0.12,0.47368421052631576,0.05263157894736842,0.42105263157894735,0.3684210526315789,0.631578947368421,26,0.4642857142857143,3.58,0.06,56,4,0.23529411764705882,-3.3,-0.19,17,401309838,2021,1
275,Wisconsin Badgers,43,0.4777777777777778,19,0.5277777777777778,24,0.4444444444444444,7,0.3333333333333333,10,0.47619047619047616,31,0.4696969696969697,66,0.3787878787878788,0.6212121212121212,1.85,0.03,15,0.22727272727272727,25,2.87,0.11,16,0.64,41,-1.02,-0.02,15,0.36585365853658536,10,0.3,0.7,-0.48,-0.05,4,0.4,3,0.54,0.18,2,0.6666666666666666,7,-1.03,-0.15,2,0.2857142857142857,12,3,9,24,11,13,-7.42,-0.31,0.5,0.125,0.375,0.4583333333333333,0.5416666666666666,29,0.46774193548387094,-0.74,-0.01,62,14,0.5,-4.83,-0.17,28,401282815,2021,1
213,Penn State Nittany Lions,16,0.32,12,0.35294117647058826,4,0.25,2,0.2857142857142857,3,0.23076923076923078,13,0.3611111111111111,36,0.6944444444444444,0.3055555555555556,-0.55,-0.02,5,0.1388888888888889,25,2.03,0.08,9,0.36,11,-2.58,-0.23,4,0.36363636363636365,8,0.875,0.125,3.34,0.42,5,0.625,7,4.59,0.66,5,0.7142857142857143,1,-1.24,-1.24,0,0.0,3,3,0,14,9,5,-5.54,-0.4,0.21428571428571427,0.21428571428571427,0.0,0.6428571428571429,0.35714285714285715,10,0.37037037037037035,-0.38,-0.01,27,6,0.2608695652173913,-5.71,-0.25,23,401282815,2021,1
57,Florida Gators,39,0.47560975609756095,12,0.34285714285714286,27,0.574468085106383,12,0.6,12,0.7058823529411765,26,0.4126984126984127,63,0.4444444444444444,0.5555555555555556,3.97,0.06,14,0.2222222222222222,28,-7.55,-0.27,8,0.2857142857142857,35,11.51,0.33,18,0.5142857142857142,8,0.375,0.625,-0.4,-0.05,3,0.375,3,-0.6,-0.2,1,0.3333333333333333,5,0.19,0.04,2,0.4,13,4,9,19,7,12,12.11,0.64,0.6842105263157895,0.21052631578947367,0.47368421052631576,0.3684210526315789,0.631578947368421,26,0.4727272727272727,8.1,0.15,55,13,0.48148148148148145,7.98,0.3,27,401281945,2021,1
2226,Florida Atlantic Owls,28,0.417910447761194,15,0.39473684210526316,13,0.4482758620689655,3,0.6,5,0.4166666666666667,23,0.4339622641509434,53,0.5094339622641509,0.49056603773584906,-1.31,-0.02,12,0.22641509433962265,27,-0.72,-0.03,11,0.4074074074074074,26,-0.59,-0.02,12,0.46153846153846156,14,0.5714285714285714,0.42857142857142855,-1.31,-0.09,6,0.42857142857142855,8,-3.41,-0.43,2,0.25,6,2.1,0.35,4,0.6666666666666666,5,4,1,14,11,3,-2.73,-0.19,0.35714285714285715,0.2857142857142857,0.07142857142857142,0.7857142857142857,0.21428571428571427,20,0.47619047619047616,2.56,0.06,42,8,0.32,-6.6,-0.26,25,401281945,2021,1
84,Indiana Hoosiers,21,0.328125,10,0.29411764705882354,11,0.36666666666666664,0,0.0,6,0.3333333333333333,14,0.3111111111111111,45,0.5111111111111111,0.4888888888888889,-20.42,-0.45,3,0.06666666666666667,23,-12.88,-0.56,8,0.34782608695652173,22,-7.53,-0.34,6,0.2727272727272727,12,0.6666666666666666,0.3333333333333333,-13.59,-1.13,5,0.4166666666666667,8,-11.8,-1.47,4,0.5,4,-1.79,-0.45,1,0.25,7,2,5,19,11,8,-5.21,-0.27,0.3684210526315789,0.10526315789473684,0.2631578947368421,0.5789473684210527,0.42105263157894735,19,0.4634146341463415,-3.49,-0.09,41,2,0.08695652173913043,-22.13,-0.96,23,401282723,2021,1
2294,Iowa Hawkeyes,27,0.43548387096774194,14,0.5,13,0.38235294117647056,3,0.3333333333333333,4,0.3333333333333333,22,0.4489795918367347,49,0.40816326530612246,0.5918367346938775,-2.25,-0.05,10,0.20408163265306123,20,1.6,0.08,10,0.5,29,-3.85,-0.13,12,0.41379310344827586,10,0.7,0.3,-0.21,-0.02,6,0.6,7,3.99,0.57,5,0.7142857142857143,3,-4.2,-1.4,1,0.3333333333333333,5,4,1,13,8,5,-2.59,-0.2,0.38461538461538464,0.3076923076923077,0.07692307692307693,0.6153846153846154,0.38461538461538464,19,0.4523809523809524,-7.3,-0.17,42,8,0.4,2.47,0.12,20,401282723,2021,1
149,Montana Grizzlies,19,0.3392857142857143,8,0.34782608695652173,11,0.3333333333333333,3,0.3333333333333333,3,0.23076923076923078,15,0.35714285714285715,42,0.3333333333333333,0.6666666666666666,-0.34,-0.01,7,0.16666666666666666,14,0.6,0.04,6,0.42857142857142855,28,-0.94,-0.03,9,0.32142857142857145,9,0.6666666666666666,0.3333333333333333,-3.74,-0.42,2,0.2222222222222222,6,-3.33,-0.55,1,0.16666666666666666,3,-0.41,-0.14,1,0.3333333333333333,4,2,2,14,9,5,-3.31,-0.24,0.2857142857142857,0.14285714285714285,0.14285714285714285,0.6428571428571429,0.35714285714285715,12,0.32432432432432434,-4.39,-0.12,37,7,0.3684210526315789,0.74,0.04,19,401309839,2021,1
264,Washington Huskies,30,0.410958904109589,21,0.42857142857142855,9,0.375,3,0.75,4,0.2857142857142857,25,0.44642857142857145,56,0.5892857142857143,0.4107142857142857,-13.11,-0.23,13,0.23214285714285715,33,-9.11,-0.28,17,0.5151515151515151,23,-3.99,-0.17,8,0.34782608695652173,13,0.5384615384615384,0.46153846153846156,-1.18,-0.09,8,0.6153846153846154,7,-0.89,-0.13,6,0.8571428571428571,6,-0.29,-0.05,2,0.3333333333333333,5,4,1,17,16,1,-6.01,-0.35,0.29411764705882354,0.23529411764705882,0.058823529411764705,0.9411764705882353,0.058823529411764705,23,0.4791666666666667,-6.67,-0.14,48,7,0.28,-12.45,-0.5,25,401309839,2021,1
309,Louisiana Ragin' Cajuns,32,0.48484848484848486,23,0.5609756097560976,9,0.36,3,0.3,4,0.3076923076923077,25,0.5,50,0.64,0.36,7.4,0.15,13,0.26,32,11.41,0.36,20,0.625,18,-4.01,-0.22,5,0.2777777777777778,8,0.375,0.625,0.19,0.02,4,0.5,3,-0.4,-0.13,1,0.3333333333333333,5,0.59,0.12,3,0.6,7,3,4,16,9,7,1.68,0.1,0.4375,0.1875,0.25,0.5625,0.4375,27,0.5192307692307693,6.94,0.13,52,5,0.35714285714285715,2.14,0.15,14,401287892,2021,1
251,Texas Longhorns,35,0.5147058823529411,16,0.5517241379310345,19,0.48717948717948717,9,0.6923076923076923,10,0.6666666666666666,24,0.46153846153846156,52,0.36538461538461536,0.6346153846153846,-0.82,-0.02,10,0.19230769230769232,19,1.06,0.06,8,0.42105263157894735,33,-1.88,-0.06,16,0.48484848484848486,13,0.38461538461538464,0.6153846153846154,8.71,0.67,8,0.6153846153846154,5,7.44,1.49,3,0.6,8,1.27,0.16,5,0.625,11,8,3,16,10,6,24.25,1.52,0.6875,0.5,0.1875,0.625,0.375,21,0.5121951219512195,5.84,0.14,41,14,0.5185185185185185,17.59,0.65,27,401287892,2021,1
2433,UL Monroe Warhawks,14,0.2222222222222222,7,0.2692307692307692,7,0.1891891891891892,3,0.3,6,0.3157894736842105,7,0.16279069767441862,43,0.3488372093023256,0.6511627906976745,-24.64,-0.57,2,0.046511627906976744,15,-10.65,-0.71,3,0.2,28,-13.99,-0.5,4,0.14285714285714285,12,0.5833333333333334,0.4166666666666667,-2.72,-0.23,3,0.25,7,-3.08,-0.44,2,0.2857142857142857,5,0.36,0.07,1,0.2,7,4,3,20,11,9,-0.41,-0.02,0.35,0.2,0.15,0.55,0.45,7,0.21875,-10.5,-0.33,32,7,0.22580645161290322,-14.54,-0.47,31,401281947,2021,1
96,Kentucky Wildcats,33,0.4925373134328358,18,0.4864864864864865,15,0.5,11,0.7333333333333333,6,0.5454545454545454,27,0.5,54,0.48148148148148145,0.5185185185185185,8.28,0.15,14,0.25925925925925924,26,8.89,0.34,13,0.5,28,-0.62,-0.02,14,0.5,7,0.7142857142857143,0.2857142857142857,-1.14,-0.16,1,0.14285714285714285,5,-1.85,-0.37,0,0.0,2,0.72,0.36,1,0.5,6,5,1,13,11,2,1.67,0.13,0.46153846153846156,0.38461538461538464,0.07692307692307693,0.8461538461538461,0.15384615384615385,27,0.574468085106383,11.3,0.24,47,6,0.3,-1.36,-0.07,20,401281947,2021,1
103,Boston College Eagles,38,0.6031746031746031,18,0.6,20,0.6060606060606061,9,0.6923076923076923,5,0.625,33,0.6,55,0.43636363636363634,0.5636363636363636,23.98,0.44,16,0.2909090909090909,24,17.91,0.75,15,0.625,31,6.06,0.2,18,0.5806451612903226,10,0.4,0.6,6.23,0.62,7,0.7,4,5.32,1.33,3,0.75,6,0.91,0.15,4,0.6666666666666666,5,3,2,8,6,2,3.56,0.45,0.625,0.375,0.25,0.75,0.25,30,0.5882352941176471,9.28,0.18,51,8,0.6666666666666666,18.26,1.52,12,401282609,2021,1
2142,Colgate Raiders,21,0.3888888888888889,8,0.38095238095238093,13,0.3939393939393939,,,1,0.1,19,0.4418604651162791,43,0.3023255813953488,0.6976744186046512,-6.35,-0.15,10,0.23255813953488372,13,-4.6,-0.35,7,0.5384615384615384,30,-1.75,-0.06,12,0.4,7,0.42857142857142855,0.5714285714285714,-1.55,-0.22,3,0.42857142857142855,3,-0.35,-0.12,1,0.3333333333333333,4,-1.2,-0.3,2,0.5,2,1,1,11,8,3,-10.98,-1.0,0.18181818181818182,0.09090909090909091,0.09090909090909091,0.7272727272727273,0.2727272727272727,17,0.4358974358974359,-7.96,-0.2,39,4,0.26666666666666666,-9.37,-0.62,15,401282609,2021,1
2711,Western Michigan Broncos,29,0.42028985507246375,13,0.34210526315789475,16,0.5161290322580645,3,1.0,8,0.47058823529411764,21,0.40384615384615385,52,0.46153846153846156,0.5384615384615384,-2.43,-0.05,8,0.15384615384615385,24,-6.79,-0.28,7,0.2916666666666667,28,4.36,0.16,14,0.5,10,0.4,0.6,0.38,0.04,5,0.5,4,-0.98,-0.24,1,0.25,6,1.36,0.23,4,0.6666666666666666,8,6,2,17,14,3,6.98,0.41,0.47058823529411764,0.35294117647058826,0.11764705882352941,0.8235294117647058,0.17647058823529413,22,0.46808510638297873,3.7,0.08,47,7,0.3181818181818182,0.85,0.04,22,401282772,2021,1
130,Michigan Wolverines,35,0.5833333333333334,10,0.5555555555555556,25,0.5952380952380952,5,0.8333333333333334,8,0.6666666666666666,26,0.5531914893617021,47,0.2765957446808511,0.723404255319149,18.93,0.4,10,0.2127659574468085,13,3.39,0.26,7,0.5384615384615384,34,15.54,0.46,19,0.5588235294117647,11,0.09090909090909091,0.9090909090909091,9.8,0.89,9,0.8181818181818182,1,0.31,0.31,1,1.0,10,9.49,0.95,8,0.8,9,3,6,13,5,8,18.73,1.44,0.6923076923076923,0.23076923076923078,0.46153846153846156,0.38461538461538464,0.6153846153846154,31,0.6458333333333334,32.74,0.68,48,4,0.3333333333333333,4.92,0.41,12,401282772,2021,1
218,Temple Owls,20,0.3225806451612903,7,0.2413793103448276,12,0.375,3,0.75,3,0.23076923076923078,16,0.3404255319148936,47,0.425531914893617,0.574468085106383,-13.61,-0.29,7,0.14893617021276595,20,-15.59,-0.78,5,0.25,27,1.98,0.07,11,0.4074074074074074,15,0.5333333333333333,0.4666666666666667,9.28,0.62,8,0.5333333333333333,8,5.62,0.7,4,0.5,7,3.67,0.52,4,0.5714285714285714,4,2,1,15,9,5,-6.8,-0.45,0.26666666666666666,0.13333333333333333,0.06666666666666667,0.6,0.3333333333333333,9,0.2727272727272727,-22.49,-0.68,33,11,0.3793103448275862,2.08,0.07,29,401282822,2021,1
164,Rutgers Scarlet Knights,39,0.4875,9,0.3103448275862069,30,0.5882352941176471,17,0.7083333333333334,6,0.375,30,0.4918032786885246,61,0.32786885245901637,0.6721311475409836,6.47,0.11,12,0.19672131147540983,20,0.36,0.02,6,0.3,41,6.11,0.15,24,0.5853658536585366,3,0.6666666666666666,0.3333333333333333,-2.99,-1.0,0,0.0,2,-1.99,-1.0,0,0.0,1,-1.0,-1.0,0,0.0,9,3,6,19,9,10,1.44,0.08,0.47368421052631576,0.15789473684210525,0.3157894736842105,0.47368421052631576,0.5263157894736842,35,0.5645161290322581,17.47,0.28,62,4,0.2222222222222222,-9.56,-0.53,18,401282822,2021,1
41,UConn Huskies,18,0.4,10,0.37037037037037035,8,0.4444444444444444,4,0.5714285714285714,6,0.5,11,0.3548387096774194,31,0.5483870967741935,0.45161290322580644,-5.83,-0.19,5,0.16129032258064516,17,-4.26,-0.25,6,0.35294117647058826,14,-1.57,-0.11,5,0.35714285714285715,11,0.5454545454545454,0.45454545454545453,4.17,0.38,5,0.45454545454545453,6,1.59,0.26,2,0.3333333333333333,5,2.58,0.52,3,0.6,7,4,3,14,10,4,0.35,0.02,0.5,0.2857142857142857,0.21428571428571427,0.7142857142857143,0.2857142857142857,14,0.4666666666666667,0.0,0.0,30,4,0.26666666666666666,-5.49,-0.37,15,401286188,2021,1
107,Holy Cross Crusaders,21,0.42857142857142855,5,0.2777777777777778,16,0.5161290322580645,4,0.8,4,0.4,15,0.40540540540540543,37,0.32432432432432434,0.6756756756756757,8.22,0.22,7,0.1891891891891892,12,1.62,0.14,4,0.3333333333333333,25,6.6,0.26,11,0.44,9,0.4444444444444444,0.5555555555555556,3.14,0.35,4,0.4444444444444444,4,0.78,0.19,1,0.25,5,2.37,0.47,3,0.6,6,1,5,12,6,6,4.61,0.38,0.5,0.08333333333333333,0.4166666666666667,0.5,0.5,17,0.4722222222222222,6.78,0.19,36,4,0.3076923076923077,6.04,0.46,13,401286188,2021,1
24,Stanford Cardinal,20,0.38461538461538464,15,0.4411764705882353,5,0.2777777777777778,2,0.6666666666666666,5,0.4166666666666667,14,0.358974358974359,39,0.6410256410256411,0.358974358974359,-2.81,-0.07,7,0.1794871794871795,25,2.45,0.1,12,0.48,14,-5.26,-0.38,2,0.14285714285714285,4,0.75,0.25,-0.63,-0.16,1,0.25,3,0.08,0.03,1,0.3333333333333333,1,-0.72,-0.72,0,0.0,6,3,3,13,9,4,-3.0,-0.23,0.46153846153846156,0.23076923076923078,0.23076923076923078,0.6923076923076923,0.3076923076923077,14,0.4117647058823529,3.79,0.11,34,6,0.3333333333333333,-9.61,-0.53,18,401287889,2021,1
2306,Kansas State Wildcats,19,0.4222222222222222,6,0.35294117647058826,13,0.4642857142857143,3,1.0,3,0.42857142857142855,15,0.40540540540540543,37,0.3783783783783784,0.6216216216216216,-1.56,-0.04,9,0.24324324324324326,14,-1.48,-0.11,6,0.42857142857142855,23,-0.08,-0.0,9,0.391304347826087,7,0.42857142857142855,0.5714285714285714,-4.45,-0.64,1,0.14285714285714285,3,-3.78,-1.26,0,0.0,4,-0.67,-0.17,1,0.25,4,0,4,8,3,5,4.44,0.56,0.5,0.0,0.5,0.375,0.625,14,0.4827586206896552,0.23,0.01,29,5,0.3125,2.66,0.17,16,401287889,2021,1
349,Army Black Knights,30,0.5660377358490566,3,0.75,27,0.5510204081632653,15,0.6818181818181818,7,0.5384615384615384,20,0.5405405405405406,37,0.05405405405405406,0.9459459459459459,1.28,0.03,7,0.1891891891891892,2,3.36,1.68,2,1.0,35,-2.08,-0.06,18,0.5142857142857142,10,0.1,0.9,1.16,0.12,4,0.4,1,-1.45,-1.45,0,0.0,9,2.61,0.29,4,0.4444444444444444,10,1,9,16,2,14,16.97,1.06,0.625,0.0625,0.5625,0.125,0.875,26,0.5777777777777777,11.93,0.27,45,4,0.5,6.32,0.79,8,401309601,2021,1
2247,Georgia State Panthers,14,0.4827586206896552,8,0.5714285714285714,6,0.4,1,1.0,4,0.6666666666666666,10,0.45454545454545453,22,0.4090909090909091,0.5909090909090909,-5.92,-0.27,4,0.18181818181818182,9,-2.4,-0.27,5,0.5555555555555556,13,-3.52,-0.27,5,0.38461538461538464,6,0.3333333333333333,0.6666666666666666,-5.37,-0.9,2,0.3333333333333333,2,-3.82,-1.91,1,0.5,4,-1.55,-0.39,1,0.25,4,3,1,7,5,2,-0.63,-0.09,0.5714285714285714,0.42857142857142855,0.14285714285714285,0.7142857142857143,0.2857142857142857,11,0.55,0.64,0.03,20,3,0.3333333333333333,-7.18,-0.8,9,401309601,2021,1
158,Nebraska Cornhuskers,18,0.20930232558139536,5,0.2,13,0.21311475409836064,,,7,0.3684210526315789,8,0.12698412698412698,63,0.25396825396825395,0.746031746031746,-26.82,-0.43,11,0.1746031746031746,16,-8.62,-0.54,3,0.1875,47,-18.19,-0.39,5,0.10638297872340426,20,0.3,0.7,-7.99,-0.4,2,0.1,6,-5.88,-0.98,0,0.0,14,-2.11,-0.15,2,0.14285714285714285,10,2,8,23,9,14,12.67,0.55,0.43478260869565216,0.08695652173913043,0.34782608695652173,0.391304347826087,0.6086956521739131,13,0.2,-9.56,-0.15,65,5,0.23809523809523808,-4.58,-0.22,21,401327913,2021,1
2230,Fordham Rams,12,0.24,7,0.2692307692307692,5,0.20833333333333334,,,7,0.5,4,0.12121212121212122,33,0.45454545454545453,0.5454545454545454,-8.53,-0.26,2,0.06060606060606061,15,-4.29,-0.29,3,0.2,18,-4.24,-0.24,1,0.05555555555555555,10,0.6,0.4,-1.47,-0.15,1,0.1,6,-0.45,-0.08,1,0.16666666666666666,4,-1.02,-0.25,0,0.0,8,4,4,17,11,6,-3.98,-0.23,0.47058823529411764,0.23529411764705882,0.23529411764705882,0.6470588235294118,0.35294117647058826,4,0.14814814814814814,-11.23,-0.42,27,8,0.34782608695652173,-1.29,-0.06,23,401327913,2021,1
2426,Navy Midshipmen,36,0.391304347826087,3,0.12,33,0.4925373134328358,5,0.45454545454545453,8,0.38095238095238093,25,0.3787878787878788,66,0.24242424242424243,0.7575757575757576,-7.12,-0.11,13,0.19696969696969696,16,-9.66,-0.6,2,0.125,50,2.54,0.05,23,0.46,22,0.13636363636363635,0.8636363636363636,-3.77,-0.17,12,0.5454545454545454,3,-3.32,-1.11,1,0.3333333333333333,19,-0.45,-0.02,11,0.5789473684210527,11,1,10,26,9,17,-3.02,-0.12,0.4230769230769231,0.038461538461538464,0.38461538461538464,0.34615384615384615,0.6538461538461539,29,0.4461538461538462,-8.13,-0.13,65,7,0.25925925925925924,-2.01,-0.07,27,401282174,2021,1
276,Marshall Thundering Herd,34,0.5396825396825397,17,0.5,17,0.5862068965517241,12,0.6,5,0.625,29,0.5272727272727272,55,0.5636363636363636,0.43636363636363634,11.38,0.21,18,0.32727272727272727,31,9.48,0.31,17,0.5483870967741935,24,1.9,0.08,12,0.5,8,0.75,0.25,1.66,0.21,4,0.5,6,0.25,0.04,3,0.5,2,1.41,0.71,1,0.5,5,0,5,8,3,5,1.76,0.22,0.625,0.0,0.625,0.375,0.625,29,0.5686274509803921,16.77,0.33,51,5,0.4166666666666667,-3.64,-0.3,12,401282174,2021,1
120,Maryland Terrapins,38,0.48717948717948717,17,0.4473684210526316,21,0.525,3,0.3,8,0.42105263157894735,29,0.5087719298245614,57,0.47368421052631576,0.5263157894736842,9.07,0.16,11,0.19298245614035087,27,10.44,0.39,15,0.5555555555555556,30,-1.37,-0.05,14,0.4666666666666667,11,0.45454545454545453,0.5454545454545454,-3.35,-0.3,5,0.45454545454545453,5,-2.05,-0.41,2,0.4,6,-1.3,-0.22,3,0.5,9,2,7,21,11,10,-2.02,-0.1,0.42857142857142855,0.09523809523809523,0.3333333333333333,0.5238095238095238,0.47619047619047616,30,0.5357142857142857,2.64,0.05,56,8,0.36363636363636365,4.41,0.2,22,401282764,2021,1
277,West Virginia Mountaineers,26,0.4262295081967213,18,0.4090909090909091,8,0.47058823529411764,3,0.3,7,0.5,18,0.391304347826087,46,0.7391304347826086,0.2608695652173913,-10.1,-0.22,10,0.21739130434782608,34,-9.73,-0.29,13,0.38235294117647056,12,-0.37,-0.03,5,0.4166666666666667,9,0.6666666666666666,0.3333333333333333,-4.44,-0.49,3,0.3333333333333333,6,-4.28,-0.71,2,0.3333333333333333,3,-0.16,-0.05,1,0.3333333333333333,8,5,3,15,10,5,2.28,0.15,0.5333333333333333,0.3333333333333333,0.2,0.6666666666666666,0.3333333333333333,16,0.4444444444444444,0.55,0.02,36,10,0.4,-8.36,-0.33,25,401282764,2021,1
193,Miami (OH) RedHawks,19,0.2638888888888889,7,0.23333333333333334,12,0.2857142857142857,1,0.14285714285714285,3,0.2,14,0.2692307692307692,52,0.36538461538461536,0.6346153846153846,-1.49,-0.03,10,0.19230769230769232,19,-1.33,-0.07,5,0.2631578947368421,33,-0.15,-0.0,9,0.2727272727272727,13,0.46153846153846156,0.5384615384615384,0.89,0.07,4,0.3076923076923077,6,0.07,0.01,2,0.3333333333333333,7,0.82,0.12,2,0.2857142857142857,5,2,3,20,11,9,-15.11,-0.76,0.25,0.1,0.15,0.55,0.45,13,0.30952380952380953,-3.48,-0.08,42,6,0.2,-13.12,-0.44,30,401300996,2021,1
2132,Cincinnati Bearcats,36,0.631578947368421,17,0.6071428571428571,19,0.6551724137931034,5,0.7142857142857143,3,0.5,32,0.64,50,0.46,0.54,13.49,0.27,17,0.34,23,5.19,0.23,15,0.6521739130434783,27,8.31,0.31,17,0.6296296296296297,4,0.25,0.75,4.36,1.09,2,0.5,1,-0.14,-0.14,0,0.0,3,4.5,1.5,2,0.6666666666666666,4,2,2,7,5,2,8.25,1.18,0.5714285714285714,0.2857142857142857,0.2857142857142857,0.7142857142857143,0.2857142857142857,30,0.6666666666666666,16.02,0.36,45,6,0.5,5.72,0.48,12,401300996,2021,1
344,Mississippi State Bulldogs,35,0.546875,24,0.5,11,0.6875,9,1.0,2,0.25,33,0.5892857142857143,56,0.75,0.25,11.92,0.21,18,0.32142857142857145,42,7.54,0.18,24,0.5714285714285714,14,4.38,0.31,9,0.6428571428571429,11,0.8181818181818182,0.18181818181818182,-2.89,-0.26,6,0.5454545454545454,9,-4.01,-0.45,4,0.4444444444444444,2,1.12,0.56,2,1.0,2,0,2,8,6,2,-4.18,-0.52,0.25,0.0,0.25,0.75,0.25,28,0.6086956521739131,11.05,0.24,46,7,0.3888888888888889,-3.31,-0.18,18,401281949,2021,1
2348,Louisiana Tech Bulldogs,20,0.3333333333333333,12,0.3333333333333333,8,0.3333333333333333,1,0.16666666666666666,5,0.3333333333333333,14,0.3181818181818182,44,0.5,0.5,-9.52,-0.22,6,0.13636363636363635,22,1.39,0.06,8,0.36363636363636365,22,-10.91,-0.5,6,0.2727272727272727,9,0.6666666666666666,0.3333333333333333,0.76,0.08,3,0.3333333333333333,6,1.31,0.22,2,0.3333333333333333,3,-0.54,-0.18,1,0.3333333333333333,6,4,2,16,14,2,3.41,0.21,0.375,0.25,0.125,0.875,0.125,14,0.34146341463414637,-3.07,-0.07,41,6,0.3157894736842105,-3.04,-0.16,19,401281949,2021,1
142,Missouri Tigers,30,0.4411764705882353,16,0.47058823529411764,14,0.4117647058823529,3,0.6,3,0.2727272727272727,27,0.48214285714285715,56,0.42857142857142855,0.5714285714285714,12.82,0.23,17,0.30357142857142855,24,9.73,0.41,13,0.5416666666666666,32,3.09,0.1,14,0.4375,11,0.9090909090909091,0.09090909090909091,2.09,0.19,5,0.45454545454545453,10,2.65,0.26,5,0.5,1,-0.56,-0.56,0,0.0,3,3,0,12,10,2,-11.02,-0.92,0.25,0.25,0.0,0.8333333333333334,0.16666666666666666,23,0.5227272727272727,8.73,0.2,44,7,0.2916666666666667,-6.93,-0.29,24,401281950,2021,1
2117,Central Michigan Chippewas,34,0.40476190476190477,20,0.36363636363636365,14,0.4827586206896552,3,0.5,8,0.4444444444444444,25,0.38461538461538464,65,0.6,0.4,7.73,0.12,16,0.24615384615384617,39,-2.26,-0.06,14,0.358974358974359,26,9.98,0.38,11,0.4230769230769231,15,0.6,0.4,1.54,0.1,6,0.4,9,-3.89,-0.43,2,0.2222222222222222,6,5.43,0.91,4,0.6666666666666666,9,6,3,19,16,3,-0.3,-0.02,0.47368421052631576,0.3157894736842105,0.15789473684210525,0.8421052631578947,0.15789473684210525,21,0.4117647058823529,6.14,0.12,51,13,0.3939393939393939,1.29,0.04,33,401281950,2021,1
147,Montana State Bobcats,7,0.14,5,0.20833333333333334,2,0.07692307692307693,,,2,0.16666666666666666,5,0.13513513513513514,37,0.3783783783783784,0.6216216216216216,-25.4,-0.69,6,0.16216216216216217,14,-9.3,-0.66,3,0.21428571428571427,23,-16.1,-0.7,2,0.08695652173913043,14,0.2857142857142857,0.7142857142857143,-16.02,-1.14,0,0.0,4,-3.52,-0.88,0,0.0,10,-12.5,-1.25,0,0.0,2,2,0,13,10,3,-10.62,-0.82,0.15384615384615385,0.15384615384615385,0.0,0.7692307692307693,0.23076923076923078,5,0.15625,-21.74,-0.68,32,2,0.1111111111111111,-14.28,-0.79,18,401310697,2021,1
2751,Wyoming Cowboys,10,0.15151515151515152,3,0.10714285714285714,7,0.18421052631578946,,,3,0.16666666666666666,6,0.13043478260869565,46,0.391304347826087,0.6086956521739131,-11.77,-0.26,5,0.10869565217391304,18,-5.95,-0.33,2,0.1111111111111111,28,-5.82,-0.21,4,0.14285714285714285,14,0.35714285714285715,0.6428571428571429,-3.31,-0.24,2,0.14285714285714285,5,-0.63,-0.13,1,0.2,9,-2.69,-0.3,1,0.1111111111111111,4,1,3,20,10,10,-2.78,-0.14,0.2,0.05,0.15,0.5,0.5,9,0.19148936170212766,-1.25,-0.03,47,1,0.05263157894736842,-13.3,-0.7,19,401310697,2021,1
2097,Campbell Fighting Camels,24,0.39344262295081966,11,0.3548387096774194,13,0.43333333333333335,,,4,0.3333333333333333,20,0.4166666666666667,48,0.5,0.5,0.86,0.02,9,0.1875,24,0.32,0.01,9,0.375,24,0.54,0.02,11,0.4583333333333333,9,0.2222222222222222,0.7777777777777778,-0.58,-0.06,5,0.5555555555555556,2,0.43,0.22,1,0.5,7,-1.01,-0.14,4,0.5714285714285714,4,2,2,13,7,6,-2.44,-0.19,0.3076923076923077,0.15384615384615385,0.15384615384615385,0.5384615384615384,0.46153846153846156,15,0.39473684210526316,-3.4,-0.09,38,9,0.391304347826087,1.82,0.08,23,401286294,2021,1
2335,Liberty Flames,38,0.5507246376811594,17,0.5862068965517241,21,0.525,3,0.5,3,0.375,34,0.5666666666666667,60,0.38333333333333336,0.6166666666666667,22.05,0.37,19,0.31666666666666665,23,17.12,0.74,15,0.6521739130434783,37,4.92,0.13,19,0.5135135135135135,13,0.3076923076923077,0.6923076923076923,9.2,0.71,9,0.6923076923076923,4,2.93,0.73,4,1.0,9,6.27,0.7,5,0.5555555555555556,4,2,2,9,6,3,-1.46,-0.16,0.4444444444444444,0.2222222222222222,0.2222222222222222,0.6666666666666666,0.3333333333333333,27,0.5510204081632653,11.8,0.24,49,11,0.55,8.78,0.44,20,401286294,2021,1
2,Auburn Tigers,43,0.6935483870967742,20,0.7142857142857143,23,0.6764705882352942,12,0.8571428571428571,4,0.6666666666666666,39,0.6964285714285714,56,0.39285714285714285,0.6071428571428571,31.91,0.57,21,0.375,22,12.26,0.56,16,0.7272727272727273,34,19.64,0.58,23,0.6764705882352942,17,0.5294117647058824,0.47058823529411764,8.86,0.52,13,0.7647058823529411,9,1.79,0.2,6,0.6666666666666666,8,7.07,0.88,7,0.875,4,4,0,6,6,0,4.49,0.75,0.6666666666666666,0.6666666666666666,0.0,1.0,0.0,39,0.7222222222222222,30.19,0.56,54,4,0.5,6.21,0.78,8,401281944,2021,1
2006,Akron Zips,31,0.4305555555555556,21,0.5384615384615384,9,0.28125,3,0.5,5,0.3333333333333333,21,0.42,50,0.54,0.46,-7.29,-0.15,8,0.16,27,2.44,0.09,16,0.5925925925925926,23,-9.73,-0.42,5,0.21739130434782608,12,0.75,0.16666666666666666,0.03,0.0,5,0.4166666666666667,9,-1.77,-0.2,3,0.3333333333333333,2,-0.62,-0.31,1,0.5,10,5,4,22,12,9,7.16,0.33,0.45454545454545453,0.22727272727272727,0.18181818181818182,0.5454545454545454,0.4090909090909091,18,0.4090909090909091,-2.26,-0.05,44,13,0.4642857142857143,2.14,0.08,28,401281944,2021,1
2579,South Carolina Gamecocks,39,0.5342465753424658,16,0.5714285714285714,23,0.5111111111111111,7,0.4666666666666667,6,0.5,30,0.5172413793103449,58,0.3620689655172414,0.6379310344827587,11.24,0.19,11,0.1896551724137931,21,8.33,0.4,12,0.5714285714285714,37,2.91,0.08,18,0.4864864864864865,6,0.5,0.5,5.65,0.94,5,0.8333333333333334,3,3.19,1.06,2,0.6666666666666666,3,2.46,0.82,3,1.0,9,4,5,15,7,8,10.31,0.69,0.6,0.26666666666666666,0.3333333333333333,0.4666666666666667,0.5333333333333333,29,0.5272727272727272,11.26,0.2,55,10,0.5555555555555556,10.29,0.57,18,401281951,2021,1
2197,Eastern Illinois Panthers,15,0.35714285714285715,8,0.36363636363636365,7,0.35,,,0,0.0,14,0.42424242424242425,33,0.5454545454545454,0.45454545454545453,-14.55,-0.44,6,0.18181818181818182,18,-11.34,-0.63,8,0.4444444444444444,15,-3.21,-0.21,6,0.4,9,0.4444444444444444,0.5555555555555556,-1.14,-0.13,4,0.4444444444444444,4,0.41,0.1,2,0.5,5,-1.55,-0.31,2,0.4,1,0,1,9,4,5,-8.36,-0.93,0.1111111111111111,0.0,0.1111111111111111,0.4444444444444444,0.5555555555555556,12,0.4,-16.82,-0.56,30,3,0.25,-6.09,-0.51,12,401281951,2021,1
204,Oregon State Beavers,27,0.39705882352941174,15,0.36585365853658536,12,0.4444444444444444,3,0.75,5,0.3125,21,0.4375,48,0.5208333333333334,0.4791666666666667,8.21,0.17,9,0.1875,25,7.89,0.32,12,0.48,23,0.31,0.01,9,0.391304347826087,4,0.25,0.75,-4.28,-1.07,2,0.5,1,-3.75,-3.75,0,0.0,3,-0.53,-0.18,2,0.6666666666666666,6,3,3,20,16,4,-14.21,-0.71,0.3,0.15,0.15,0.8,0.2,18,0.46153846153846156,3.13,0.08,39,9,0.3103448275862069,-9.14,-0.32,29,401282819,2021,1
2509,Purdue Boilermakers,33,0.4230769230769231,19,0.41304347826086957,14,0.4375,4,0.4,7,0.4117647058823529,26,0.43333333333333335,60,0.5333333333333333,0.4666666666666667,3.8,0.06,15,0.25,32,6.14,0.19,15,0.46875,28,-2.34,-0.08,11,0.39285714285714285,18,0.6111111111111112,0.3888888888888889,1.51,0.08,7,0.3888888888888889,11,1.67,0.15,4,0.36363636363636365,7,-0.16,-0.02,3,0.42857142857142855,7,4,3,18,14,4,2.84,0.16,0.3888888888888889,0.2222222222222222,0.16666666666666666,0.7777777777777778,0.2222222222222222,26,0.4727272727272727,5.01,0.09,55,7,0.30434782608695654,1.63,0.07,23,401282819,2021,1
2641,Texas Tech Red Raiders,24,0.48,13,0.48148148148148145,11,0.4782608695652174,4,0.4,4,0.4,20,0.5,40,0.475,0.525,13.72,0.34,8,0.2,19,11.1,0.58,10,0.5263157894736842,21,2.61,0.12,10,0.47619047619047616,4,0.5,0.5,-0.61,-0.15,2,0.5,2,-0.55,-0.27,1,0.5,2,-0.06,-0.03,1,0.5,4,3,1,10,8,2,-1.39,-0.14,0.4,0.3,0.1,0.8,0.2,19,0.5,6.41,0.17,38,5,0.4166666666666667,5.92,0.49,12,401287886,2021,1
248,Houston Cougars,26,0.3561643835616438,15,0.35714285714285715,11,0.3548387096774194,5,0.5,6,0.35294117647058826,16,0.3076923076923077,52,0.5576923076923077,0.4423076923076923,-22.08,-0.42,6,0.11538461538461539,29,-19.61,-0.68,10,0.3448275862068966,23,-2.46,-0.11,6,0.2608695652173913,14,0.42857142857142855,0.5714285714285714,3.65,0.26,4,0.2857142857142857,6,2.69,0.45,2,0.3333333333333333,8,0.96,0.12,2,0.25,10,5,5,21,13,8,9.59,0.46,0.47619047619047616,0.23809523809523808,0.23809523809523808,0.6190476190476191,0.38095238095238093,18,0.3673469387755102,-1.58,-0.03,49,8,0.3333333333333333,-10.91,-0.45,24,401287886,2021,1
197,Oklahoma State Cowboys,22,0.3283582089552239,15,0.36585365853658536,7,0.2692307692307692,3,0.2727272727272727,7,0.4375,15,0.3,50,0.54,0.46,-7.92,-0.16,8,0.16,27,-0.37,-0.01,10,0.37037037037037035,23,-7.54,-0.33,5,0.21739130434782608,13,0.7692307692307693,0.23076923076923078,-2.45,-0.19,5,0.38461538461538464,10,-3.12,-0.31,3,0.3,3,0.68,0.23,2,0.6666666666666666,7,5,2,17,14,3,3.85,0.23,0.4117647058823529,0.29411764705882354,0.11764705882352941,0.8235294117647058,0.17647058823529413,14,0.3181818181818182,-2.24,-0.05,44,8,0.34782608695652173,-1.83,-0.08,23,401287890,2021,1
2623,Missouri State Bears,34,0.4146341463414634,20,0.4,14,0.4375,3,0.23076923076923078,7,0.3888888888888889,27,0.43548387096774194,62,0.5645161290322581,0.43548387096774194,8.88,0.14,15,0.24193548387096775,35,2.89,0.08,15,0.42857142857142855,27,5.99,0.22,12,0.4444444444444444,6,0.5,0.5,-0.07,-0.01,4,0.6666666666666666,3,-3.07,-1.02,1,0.3333333333333333,3,2.99,1.0,3,1.0,7,5,2,20,15,5,-10.73,-0.54,0.35,0.25,0.1,0.75,0.25,23,0.42592592592592593,0.16,0.0,54,11,0.39285714285714285,-2.02,-0.07,28,401287890,2021,1
239,Baylor Bears,35,0.5147058823529411,11,0.4583333333333333,24,0.5454545454545454,5,0.5,5,0.4166666666666667,29,0.5370370370370371,54,0.35185185185185186,0.6481481481481481,9.0,0.17,16,0.2962962962962963,19,4.61,0.24,11,0.5789473684210527,35,4.39,0.13,18,0.5142857142857142,14,0.42857142857142855,0.5714285714285714,-1.14,-0.08,5,0.35714285714285715,6,-3.58,-0.6,1,0.16666666666666666,8,2.44,0.31,4,0.5,6,0,6,14,5,9,-1.98,-0.14,0.42857142857142855,0.0,0.42857142857142855,0.35714285714285715,0.6428571428571429,28,0.56,5.85,0.12,50,7,0.3888888888888889,1.17,0.07,18,401287893,2021,1
326,Texas State Bobcats,23,0.3484848484848485,13,0.3333333333333333,10,0.38461538461538464,7,0.5833333333333334,5,0.35714285714285715,17,0.3333333333333333,51,0.5294117647058824,0.45098039215686275,-18.8,-0.37,9,0.17647058823529413,27,-14.83,-0.55,8,0.2962962962962963,23,-2.43,-0.11,9,0.391304347826087,6,0.8333333333333334,0.16666666666666666,-3.94,-0.66,0,0.0,5,-3.44,-0.69,0,0.0,1,-0.5,-0.5,0,0.0,6,5,1,15,12,3,3.1,0.21,0.4,0.3333333333333333,0.06666666666666667,0.8,0.2,18,0.42857142857142855,-5.77,-0.14,42,5,0.20833333333333334,-9.93,-0.41,24,401287893,2021,1
2447,Nicholls Colonels,28,0.45901639344262296,14,0.4117647058823529,14,0.5185185185185185,6,0.6666666666666666,5,0.38461538461538464,23,0.48936170212765956,47,0.48936170212765956,0.5106382978723404,6.25,0.13,11,0.23404255319148937,23,6.22,0.27,11,0.4782608695652174,24,0.03,0.0,12,0.5,5,1.0,0.0,1.68,0.34,2,0.4,5,1.68,0.34,2,0.4,,,,,,5,3,2,14,11,3,-2.6,-0.19,0.35714285714285715,0.21428571428571427,0.14285714285714285,0.7857142857142857,0.21428571428571427,21,0.525,3.42,0.09,40,7,0.3333333333333333,0.23,0.01,21,401300997,2021,1
235,Memphis Tigers,42,0.5121951219512195,16,0.5161290322580645,26,0.5098039215686274,8,0.3333333333333333,9,0.5625,32,0.5,64,0.390625,0.609375,13.0,0.2,17,0.265625,25,8.01,0.32,12,0.48,39,5.0,0.13,20,0.5128205128205128,23,0.5652173913043478,0.43478260869565216,7.9,0.34,12,0.5217391304347826,13,6.08,0.47,7,0.5384615384615384,10,1.83,0.18,5,0.5,10,4,6,18,6,12,7.78,0.43,0.5555555555555556,0.2222222222222222,0.3333333333333333,0.3333333333333333,0.6666666666666666,32,0.5245901639344263,18.16,0.3,61,10,0.47619047619047616,2.63,0.13,21,401300997,2021,1
2567,SMU Mustangs,37,0.5362318840579711,19,0.5588235294117647,18,0.5142857142857142,4,0.5,5,0.5,30,0.5263157894736842,57,0.40350877192982454,0.5964912280701754,9.75,0.17,15,0.2631578947368421,23,11.79,0.51,13,0.5652173913043478,34,-2.04,-0.06,17,0.5,12,0.5,0.5,2.05,0.17,7,0.5833333333333334,6,1.15,0.19,2,0.3333333333333333,6,0.89,0.15,5,0.8333333333333334,7,6,1,12,11,1,7.31,0.61,0.5833333333333334,0.5,0.08333333333333333,0.9166666666666666,0.08333333333333333,27,0.5510204081632653,7.69,0.16,49,10,0.5,9.38,0.47,20,401300998,2021,1
2000,Abilene Christian Wildcats,22,0.36666666666666664,14,0.3684210526315789,8,0.36363636363636365,1,0.125,5,0.3333333333333333,16,0.37209302325581395,43,0.627906976744186,0.37209302325581395,-8.29,-0.19,7,0.16279069767441862,27,-6.15,-0.23,11,0.4074074074074074,16,-2.14,-0.13,5,0.3125,3,1.0,0.0,0.51,0.17,3,1.0,3,0.51,0.17,3,1.0,,,,,,6,3,3,17,11,6,-2.28,-0.13,0.35294117647058826,0.17647058823529413,0.17647058823529413,0.6470588235294118,0.35294117647058826,13,0.35135135135135137,-14.2,-0.38,37,9,0.391304347826087,3.63,0.16,23,401300998,2021,1
2450,Norfolk State Spartans,10,0.5555555555555556,2,0.3333333333333333,8,0.6666666666666666,0,0.0,2,0.5,7,0.5833333333333334,12,0.3333333333333333,0.6666666666666666,-0.29,-0.02,3,0.25,4,0.16,0.04,2,0.5,8,-0.46,-0.06,5,0.625,1,0.0,1.0,0.29,0.29,1,1.0,,,,,,1,0.29,0.29,1,1.0,3,0,3,6,2,4,-2.54,-0.42,0.5,0.0,0.5,0.3333333333333333,0.6666666666666666,8,0.6153846153846154,-4.67,-0.36,13,2,0.4,1.83,0.37,5,401309543,2021,1
2649,Toledo Rockets,7,0.6363636363636364,1,1.0,6,0.6,3,0.75,1,1.0,5,0.625,8,0.125,0.875,6.39,0.8,0,0.0,1,4.02,4.02,1,1.0,7,2.37,0.34,4,0.5714285714285714,3,0.0,1.0,6.06,2.02,3,1.0,,,,,,3,6.06,2.02,3,1.0,2,0,2,3,0,3,5.1,1.7,0.6666666666666666,0.0,0.6666666666666666,0.0,1.0,6,0.75,11.76,1.47,8,1,0.3333333333333333,-0.26,-0.09,3,401309543,2021,1
2110,Central Arkansas Bears,20,0.3225806451612903,14,0.32558139534883723,6,0.3157894736842105,2,0.4,2,0.16666666666666666,18,0.36,50,0.68,0.32,-0.42,-0.01,10,0.2,34,3.22,0.09,13,0.38235294117647056,16,-3.65,-0.23,5,0.3125,8,0.625,0.375,-2.48,-0.31,2,0.25,5,-1.79,-0.36,1,0.2,3,-0.7,-0.23,1,0.3333333333333333,2,1,1,12,9,3,-6.67,-0.56,0.16666666666666666,0.08333333333333333,0.08333333333333333,0.75,0.25,15,0.38461538461538464,1.63,0.04,39,5,0.21739130434782608,-8.72,-0.38,23,401309598,2021,1
2032,Arkansas State Red Wolves,34,0.4473684210526316,19,0.4634146341463415,15,0.42857142857142855,7,0.5,7,0.4666666666666667,27,0.4426229508196721,61,0.5081967213114754,0.4918032786885246,7.11,0.12,11,0.18032786885245902,31,7.3,0.24,14,0.45161290322580644,30,-0.19,-0.01,13,0.43333333333333335,15,0.6,0.4,-0.15,-0.01,6,0.4,9,-0.21,-0.02,3,0.3333333333333333,6,0.07,0.01,3,0.5,7,5,2,15,10,5,3.61,0.24,0.4666666666666667,0.3333333333333333,0.13333333333333333,0.6666666666666666,0.3333333333333333,25,0.44642857142857145,6.59,0.12,56,9,0.45,4.14,0.21,20,401309598,2021,1
2582,Southern Jaguars,18,0.3673469387755102,11,0.4782608695652174,7,0.2692307692307692,0,0.0,4,0.36363636363636365,14,0.3684210526315789,38,0.4473684210526316,0.5526315789473685,-15.3,-0.4,8,0.21052631578947367,17,-11.77,-0.69,8,0.47058823529411764,21,-3.54,-0.17,6,0.2857142857142857,11,0.5454545454545454,0.45454545454545453,-8.16,-0.74,7,0.6363636363636364,6,-6.85,-1.14,4,0.6666666666666666,5,-1.32,-0.26,3,0.6,4,3,1,11,6,5,-4.84,-0.44,0.36363636363636365,0.2727272727272727,0.09090909090909091,0.5454545454545454,0.45454545454545453,13,0.41935483870967744,-9.89,-0.32,31,5,0.2777777777777778,-10.25,-0.57,18,401309602,2021,1
2653,Troy Trojans,36,0.5294117647058824,17,0.5666666666666667,19,0.5,10,0.47619047619047616,7,0.6363636363636364,26,0.48148148148148145,54,0.46296296296296297,0.5370370370370371,6.34,0.12,11,0.2037037037037037,25,9.17,0.37,14,0.56,29,-2.82,-0.1,12,0.41379310344827586,7,0.42857142857142855,0.5714285714285714,0.22,0.03,2,0.2857142857142857,3,1.13,0.38,1,0.3333333333333333,4,-0.91,-0.23,1,0.25,10,3,7,14,5,9,15.37,1.1,0.7142857142857143,0.21428571428571427,0.5,0.35714285714285715,0.6428571428571429,26,0.5098039215686274,5.15,0.1,51,10,0.5882352941176471,16.57,0.97,17,401309602,2021,1
249,North Texas Mean Green,35,0.4861111111111111,11,0.4230769230769231,24,0.5217391304347826,2,0.25,8,0.5714285714285714,27,0.46551724137931033,58,0.25862068965517243,0.7413793103448276,7.28,0.13,14,0.2413793103448276,15,-4.66,-0.31,6,0.4,43,11.94,0.28,21,0.4883720930232558,10,0.2,0.8,0.6,0.06,5,0.5,2,-2.9,-1.45,1,0.5,8,3.5,0.44,4,0.5,8,5,3,14,11,3,6.93,0.49,0.5714285714285714,0.35714285714285715,0.21428571428571427,0.7857142857142857,0.21428571428571427,24,0.47058823529411764,3.28,0.06,51,11,0.5238095238095238,10.93,0.52,21,401282175,2021,1
2466,Northwestern State Demons,23,0.38333333333333336,6,0.23076923076923078,17,0.5,2,0.5,7,0.5384615384615384,15,0.3333333333333333,45,0.4222222222222222,0.5777777777777777,-3.63,-0.08,5,0.1111111111111111,19,-10.2,-0.54,3,0.15789473684210525,26,6.57,0.25,12,0.46153846153846156,16,0.3125,0.6875,2.52,0.16,8,0.5,5,-0.44,-0.09,2,0.4,11,2.97,0.27,6,0.5454545454545454,8,3,5,15,7,8,1.52,0.1,0.5333333333333333,0.2,0.3333333333333333,0.4666666666666667,0.5333333333333333,13,0.3023255813953488,-16.4,-0.38,43,10,0.5882352941176471,14.29,0.84,17,401282175,2021,1
2636,UTSA Roadrunners,39,0.47560975609756095,18,0.5454545454545454,21,0.42857142857142855,5,0.35714285714285715,10,0.5882352941176471,29,0.4461538461538462,65,0.3230769230769231,0.676923076923077,4.54,0.07,14,0.2153846153846154,21,5.99,0.29,11,0.5238095238095238,44,-1.45,-0.03,18,0.4090909090909091,11,0.2727272727272727,0.7272727272727273,-1.55,-0.14,4,0.36363636363636365,3,-1.01,-0.34,1,0.3333333333333333,8,-0.54,-0.07,3,0.375,10,7,3,17,12,5,13.21,0.78,0.5882352941176471,0.4117647058823529,0.17647058823529413,0.7058823529411765,0.29411764705882354,30,0.47619047619047616,12.42,0.2,63,9,0.47368421052631576,5.33,0.28,19,401282179,2021,1
356,Illinois Fighting Illini,35,0.4666666666666667,18,0.4186046511627907,17,0.53125,4,0.4,8,0.47058823529411764,26,0.4642857142857143,56,0.5178571428571429,0.48214285714285715,5.01,0.09,9,0.16071428571428573,29,10.03,0.35,13,0.4482758620689655,27,-5.02,-0.19,13,0.48148148148148145,11,0.7272727272727273,0.2727272727272727,0.87,0.08,5,0.45454545454545453,8,1.35,0.17,3,0.375,3,-0.47,-0.16,2,0.6666666666666666,9,5,4,19,14,5,0.17,0.01,0.47368421052631576,0.2631578947368421,0.21052631578947367,0.7368421052631579,0.2631578947368421,22,0.46808510638297873,0.13,0.0,47,13,0.4642857142857143,5.05,0.18,28,401282179,2021,1
258,Virginia Cavaliers,30,0.4838709677419355,16,0.5161290322580645,14,0.45161290322580644,4,0.4,6,0.46153846153846156,24,0.5106382978723404,47,0.5106382978723404,0.48936170212765956,8.74,0.19,15,0.3191489361702128,24,4.53,0.19,12,0.5,23,4.21,0.18,12,0.5217391304347826,11,0.45454545454545453,0.5454545454545454,5.05,0.46,5,0.45454545454545453,5,5.26,1.05,3,0.6,6,-0.21,-0.04,2,0.3333333333333333,6,4,2,15,7,8,-0.14,-0.01,0.4,0.26666666666666666,0.13333333333333333,0.4666666666666667,0.5333333333333333,20,0.43478260869565216,-3.81,-0.08,46,10,0.625,12.42,0.78,16,401282613,2021,1
2729,William & Mary Tribe,17,0.32075471698113206,7,0.4117647058823529,10,0.2777777777777778,0,0.0,4,0.2857142857142857,12,0.3157894736842105,38,0.2631578947368421,0.7368421052631579,-6.63,-0.17,6,0.15789473684210525,10,0.49,0.05,5,0.5,28,-7.12,-0.25,7,0.25,9,0.3333333333333333,0.6666666666666666,1.58,0.18,5,0.5555555555555556,3,2.03,0.68,2,0.6666666666666666,6,-0.45,-0.07,3,0.5,5,2,3,15,7,8,-3.32,-0.22,0.3333333333333333,0.13333333333333333,0.2,0.4666666666666667,0.5333333333333333,11,0.3333333333333333,-8.53,-0.26,33,6,0.3,-1.42,-0.07,20,401282613,2021,1
99,LSU Tigers,29,0.4084507042253521,22,0.4583333333333333,7,0.30434782608695654,3,0.375,7,0.4666666666666667,21,0.38181818181818183,55,0.6545454545454545,0.34545454545454546,1.38,0.03,13,0.23636363636363636,36,7.82,0.22,17,0.4722222222222222,19,-6.44,-0.34,4,0.21052631578947367,11,0.36363636363636365,0.6363636363636364,-8.66,-0.79,3,0.2727272727272727,4,-10.0,-2.5,0,0.0,7,1.34,0.19,3,0.42857142857142855,8,5,3,16,12,4,1.79,0.11,0.5,0.3125,0.1875,0.75,0.25,18,0.391304347826087,0.13,0.0,46,11,0.44,3.04,0.12,25,401281948,2021,1
26,UCLA Bruins,28,0.4444444444444444,8,0.4,20,0.46511627906976744,6,0.5,7,0.5384615384615384,21,0.42,50,0.28,0.72,9.55,0.19,9,0.18,14,4.42,0.32,4,0.2857142857142857,36,5.13,0.14,17,0.4722222222222222,7,0.42857142857142855,0.5714285714285714,-3.46,-0.49,0,0.0,3,-2.12,-0.71,0,0.0,4,-1.34,-0.33,0,0.0,7,4,3,13,6,7,11.29,0.87,0.5384615384615384,0.3076923076923077,0.23076923076923078,0.46153846153846156,0.5384615384615384,21,0.5121951219512195,9.17,0.22,41,7,0.3181818181818182,11.67,0.53,22,401281948,2021,1
2065,Bethune-Cookman Wildcats,10,0.625,6,0.6666666666666666,4,0.5714285714285714,4,1.0,1,0.25,9,0.75,12,0.5,0.5,6.14,0.51,1,0.08333333333333333,6,5.0,0.83,5,0.8333333333333334,6,1.14,0.19,4,0.6666666666666666,2,0.5,0.5,2.22,1.11,2,1.0,1,1.92,1.92,1,1.0,1,0.29,0.29,1,1.0,1,1,0,4,3,1,-1.9,-0.48,0.25,0.25,0.0,0.75,0.25,9,0.6923076923076923,3.51,0.27,13,1,0.3333333333333333,0.73,0.24,3,401282178,2021,1
2638,UTEP Miners,10,0.5555555555555556,5,0.7142857142857143,5,0.45454545454545453,7,0.5384615384615384,3,0.5,5,0.5,10,0.4,0.6,6.22,0.62,2,0.2,4,7.82,1.95,3,0.75,6,-1.6,-0.27,2,0.3333333333333333,3,0.3333333333333333,0.6666666666666666,3.8,1.27,2,0.6666666666666666,1,4.45,4.45,1,1.0,2,-0.65,-0.33,1,0.5,5,2,3,8,3,5,8.98,1.12,0.625,0.25,0.375,0.375,0.625,6,0.46153846153846156,2.77,0.21,13,4,0.8,12.44,2.49,5,401282178,2021,1
25,California Golden Bears,33,0.5076923076923077,17,0.425,16,0.64,8,0.6153846153846154,6,0.42857142857142855,27,0.54,50,0.52,0.48,3.29,0.07,9,0.18,26,-4.14,-0.16,12,0.46153846153846156,24,7.43,0.31,15,0.625,6,0.6666666666666666,0.3333333333333333,-3.14,-0.52,2,0.3333333333333333,4,-2.9,-0.72,1,0.25,2,-0.24,-0.12,1,0.5,6,5,1,15,14,1,-4.95,-0.33,0.4,0.3333333333333333,0.06666666666666667,0.9333333333333333,0.06666666666666667,26,0.5777777777777777,4.01,0.09,45,7,0.35,-5.67,-0.28,20,401309837,2021,1
2440,Nevada Wolf Pack,27,0.421875,18,0.45,9,0.375,1,0.3333333333333333,8,0.5333333333333333,18,0.375,48,0.5416666666666666,0.4583333333333333,-1.13,-0.02,8,0.16666666666666666,26,3.35,0.13,11,0.4230769230769231,22,-4.48,-0.2,7,0.3181818181818182,14,0.9285714285714286,0.07142857142857142,5.37,0.38,5,0.35714285714285715,13,6.83,0.53,5,0.38461538461538464,1,-1.46,-1.46,0,0.0,9,7,2,16,14,2,8.18,0.51,0.5625,0.4375,0.125,0.875,0.125,18,0.45,8.9,0.22,40,9,0.375,-1.85,-0.08,24,401309837,2021,1
252,BYU Cougars,27,0.45,14,0.4666666666666667,13,0.43333333333333335,3,0.75,4,0.36363636363636365,22,0.4583333333333333,48,0.4791666666666667,0.5208333333333334,2.15,0.04,12,0.25,23,0.89,0.04,11,0.4782608695652174,25,1.27,0.05,11,0.44,7,0.5714285714285714,0.42857142857142855,7.85,1.12,4,0.5714285714285714,4,8.91,2.23,3,0.75,3,-1.06,-0.35,1,0.3333333333333333,5,3,2,12,7,5,6.87,0.57,0.4166666666666667,0.25,0.16666666666666666,0.5833333333333334,0.4166666666666667,20,0.4878048780487805,3.44,0.08,41,7,0.3684210526315789,5.58,0.29,19,401309841,2021,1
12,Arizona Wildcats,43,0.5119047619047619,27,0.5094339622641509,16,0.5161290322580645,2,0.16666666666666666,7,0.3888888888888889,33,0.5238095238095238,63,0.6190476190476191,0.38095238095238093,9.59,0.15,16,0.25396825396825395,39,9.81,0.25,23,0.5897435897435898,24,-0.22,-0.01,10,0.4166666666666667,16,0.75,0.25,1.1,0.07,10,0.625,12,-1.12,-0.09,7,0.5833333333333334,4,2.22,0.55,3,0.75,10,4,6,21,14,7,-3.82,-0.18,0.47619047619047616,0.19047619047619047,0.2857142857142857,0.6666666666666666,0.3333333333333333,39,0.5652173913043478,15.58,0.23,69,4,0.26666666666666666,-9.82,-0.65,15,401309841,2021,1
328,Utah State Aggies,33,0.4714285714285714,18,0.5454545454545454,15,0.40540540540540543,4,0.4,6,0.46153846153846156,25,0.45454545454545453,55,0.41818181818181815,0.5818181818181818,3.11,0.06,15,0.2727272727272727,23,5.9,0.26,14,0.6086956521739131,32,-2.8,-0.09,11,0.34375,5,0.6,0.4,-2.48,-0.5,2,0.4,3,-2.16,-0.72,1,0.3333333333333333,2,-0.32,-0.16,1,0.5,8,4,4,15,10,5,7.96,0.53,0.5333333333333333,0.26666666666666666,0.26666666666666666,0.6666666666666666,0.3333333333333333,22,0.4489795918367347,-0.02,-0.0,49,11,0.5238095238095238,11.09,0.53,21,401309840,2021,1
265,Washington State Cougars,24,0.43636363636363634,13,0.41935483870967744,11,0.4782608695652174,1,0.09090909090909091,3,0.3,21,0.4666666666666667,45,0.5777777777777777,0.4222222222222222,7.55,0.17,12,0.26666666666666666,26,-0.25,-0.01,11,0.4230769230769231,19,7.8,0.41,10,0.5263157894736842,1,1.0,0.0,-0.64,-0.64,0,0.0,1,-0.64,-0.64,0,0.0,,,,,,3,2,1,10,5,4,-1.04,-0.1,0.3,0.2,0.1,0.5,0.4,16,0.47058823529411764,0.62,0.02,34,8,0.38095238095238093,5.89,0.28,21,401309840,2021,1
52,Florida State Seminoles,30,0.40540540540540543,10,0.3225806451612903,20,0.46511627906976744,8,0.6666666666666666,8,0.5,21,0.375,56,0.32142857142857145,0.6785714285714286,5.83,0.1,11,0.19642857142857142,18,-7.7,-0.43,4,0.2222222222222222,38,13.54,0.36,17,0.4473684210526316,11,0.5454545454545454,0.45454545454545453,-1.31,-0.12,2,0.18181818181818182,6,1.76,0.29,2,0.3333333333333333,5,-3.07,-0.61,0,0.0,9,6,3,18,13,5,9.71,0.54,0.5,0.3333333333333333,0.16666666666666666,0.7222222222222222,0.2777777777777778,19,0.41304347826086957,-3.98,-0.09,46,11,0.39285714285714285,19.53,0.7,28,401282614,2021,1
87,Notre Dame Fighting Irish,33,0.4714285714285714,21,0.5384615384615384,12,0.3870967741935484,3,0.6,7,0.4117647058823529,25,0.49019607843137253,51,0.49019607843137253,0.5098039215686274,4.57,0.09,10,0.19607843137254902,25,6.16,0.25,14,0.56,26,-1.59,-0.06,11,0.4230769230769231,12,0.75,0.25,10.18,0.85,8,0.6666666666666666,9,10.22,1.14,6,0.6666666666666666,3,-0.04,-0.01,2,0.6666666666666666,8,7,1,19,14,5,7.35,0.39,0.42105263157894735,0.3684210526315789,0.05263157894736842,0.7368421052631579,0.2631578947368421,23,0.46938775510204084,9.15,0.19,49,10,0.47619047619047616,2.77,0.13,21,401282614,2021,1
145,Ole Miss Rebels,42,0.5833333333333334,21,0.6176470588235294,21,0.5526315789473685,10,0.625,2,0.2222222222222222,37,0.6166666666666667,60,0.45,0.55,25.57,0.43,23,0.38333333333333336,27,18.46,0.68,18,0.6666666666666666,33,7.11,0.22,19,0.5757575757575758,10,0.7,0.3,7.24,0.72,8,0.8,7,7.59,1.08,6,0.8571428571428571,3,-0.35,-0.12,2,0.6666666666666666,5,3,2,12,7,5,6.1,0.51,0.4166666666666667,0.25,0.16666666666666666,0.5833333333333334,0.4166666666666667,34,0.6538461538461539,27.79,0.53,52,8,0.4,3.88,0.19,20,401282055,2021,1
97,Louisville Cardinals,40,0.5194805194805194,17,0.425,23,0.6216216216216216,6,0.375,8,0.5,29,0.5178571428571429,56,0.5535714285714286,0.44642857142857145,2.13,0.04,12,0.21428571428571427,31,-4.22,-0.14,14,0.45161290322580644,25,6.36,0.25,15,0.6,12,0.6666666666666666,0.3333333333333333,-1.99,-0.17,6,0.5,8,-3.44,-0.43,3,0.375,4,1.45,0.36,3,0.75,11,3,8,21,9,12,9.85,0.47,0.5238095238095238,0.14285714285714285,0.38095238095238093,0.42857142857142855,0.5714285714285714,27,0.5192307692307693,-1.0,-0.02,52,13,0.52,12.99,0.52,25,401282055,2021,1
324,Coastal Carolina Chanticleers,40,0.6557377049180327,17,0.7727272727272727,23,0.5897435897435898,7,0.5384615384615384,7,0.7,33,0.6470588235294118,51,0.39215686274509803,0.6078431372549019,17.79,0.35,16,0.3137254901960784,20,14.64,0.73,15,0.75,31,3.16,0.1,18,0.5806451612903226,11,0.18181818181818182,0.8181818181818182,-1.35,-0.12,5,0.45454545454545453,2,-0.31,-0.15,1,0.5,9,-1.04,-0.12,4,0.4444444444444444,7,2,5,10,2,8,6.99,0.7,0.7,0.2,0.5,0.2,0.8,36,0.6428571428571429,19.98,0.36,56,4,0.8,4.8,0.96,5,401287896,2021,2
2305,Kansas Jayhawks,25,0.36764705882352944,12,0.3333333333333333,13,0.40625,4,0.2857142857142857,9,0.5625,16,0.3404255319148936,47,0.425531914893617,0.574468085106383,2.95,0.06,7,0.14893617021276595,20,-1.11,-0.06,6,0.3,27,4.06,0.15,10,0.37037037037037035,10,0.7,0.3,11.38,1.14,6,0.6,7,1.47,0.21,3,0.42857142857142855,3,9.91,3.3,3,1.0,9,6,3,21,16,5,2.39,0.11,0.42857142857142855,0.2857142857142857,0.14285714285714285,0.7619047619047619,0.23809523809523808,17,0.3695652173913043,2.09,0.05,46,8,0.36363636363636365,3.25,0.15,22,401287896,2021,2
2448,North Carolina A&T Aggies,29,0.4461538461538462,7,0.3684210526315789,22,0.4782608695652174,4,0.4,10,0.625,19,0.3958333333333333,48,0.16666666666666666,0.8333333333333334,-0.4,-0.01,5,0.10416666666666667,8,-5.1,-0.64,1,0.125,40,4.7,0.12,18,0.45,10,0.1,0.9,4.81,0.48,5,0.5,1,-0.98,-0.98,0,0.0,9,5.8,0.64,5,0.5555555555555556,10,6,4,17,11,6,2.62,0.15,0.5882352941176471,0.35294117647058826,0.23529411764705882,0.6470588235294118,0.35294117647058826,19,0.4418604651162791,1.5,0.03,43,10,0.45454545454545453,0.72,0.03,22,401282616,2021,2
150,Duke Blue Devils,35,0.5,19,0.5588235294117647,16,0.4444444444444444,7,0.5,10,0.6666666666666666,24,0.4444444444444444,54,0.4444444444444444,0.5555555555555556,13.32,0.25,12,0.2222222222222222,24,8.26,0.34,13,0.5416666666666666,30,5.06,0.17,11,0.36666666666666664,14,0.7142857142857143,0.2857142857142857,10.86,0.78,9,0.6428571428571429,10,7.11,0.71,7,0.7,4,3.75,0.94,2,0.5,11,6,5,16,10,6,11.9,0.74,0.6875,0.375,0.3125,0.625,0.375,23,0.46,13.73,0.27,50,12,0.6,11.48,0.57,20,401282616,2021,2
68,Boise State Broncos,27,0.48214285714285715,11,0.4782608695652174,16,0.48484848484848486,6,0.3333333333333333,5,0.5,22,0.4888888888888889,45,0.4444444444444444,0.5555555555555556,10.26,0.23,11,0.24444444444444444,20,9.07,0.45,10,0.5,25,1.19,0.05,12,0.48,10,0.9,0.1,0.29,0.03,5,0.5,9,-0.98,-0.11,4,0.4444444444444444,1,1.28,1.28,1,1.0,5,1,4,11,3,8,-2.69,-0.24,0.45454545454545453,0.09090909090909091,0.36363636363636365,0.2727272727272727,0.7272727272727273,24,0.5581395348837209,8.67,0.2,43,3,0.23076923076923078,-1.11,-0.09,13,401282191,2021,2
2638,UTEP Miners,21,0.3333333333333333,14,0.5384615384615384,7,0.1891891891891892,2,0.18181818181818182,6,0.46153846153846156,15,0.3,50,0.34,0.66,-8.0,-0.16,10,0.2,17,0.21,0.01,8,0.47058823529411764,33,-8.22,-0.25,7,0.21212121212121213,13,0.6923076923076923,0.3076923076923077,-10.13,-0.78,3,0.23076923076923078,9,-7.36,-0.82,3,0.3333333333333333,4,-2.77,-0.69,0,0.0,6,6,0,13,9,4,7.18,0.55,0.46153846153846156,0.46153846153846156,0.0,0.6923076923076923,0.3076923076923077,14,0.3181818181818182,-0.75,-0.02,44,7,0.3684210526315789,-0.07,-0.0,19,401282191,2021,2
328,Utah State Aggies,32,0.43243243243243246,15,0.40540540540540543,17,0.4594594594594595,5,0.2777777777777778,8,0.5,20,0.37735849056603776,53,0.5283018867924528,0.4716981132075472,7.37,0.14,12,0.22641509433962265,28,4.48,0.16,10,0.35714285714285715,25,2.89,0.12,10,0.4,8,0.5,0.5,-1.72,-0.21,3,0.375,4,-2.62,-0.66,1,0.25,4,0.91,0.23,2,0.5,12,5,7,21,9,12,15.03,0.72,0.5714285714285714,0.23809523809523808,0.3333333333333333,0.42857142857142855,0.5714285714285714,21,0.45652173913043476,14.56,0.32,46,11,0.39285714285714285,7.84,0.28,28,401310701,2021,2
155,North Dakota Fighting Hawks,34,0.4927536231884058,25,0.5319148936170213,9,0.4090909090909091,5,0.35714285714285715,4,0.3333333333333333,30,0.5263157894736842,57,0.6491228070175439,0.3508771929824561,0.23,0.0,16,0.2807017543859649,37,3.38,0.09,22,0.5945945945945946,20,-3.15,-0.16,8,0.4,8,0.75,0.25,-5.0,-0.63,3,0.375,6,-3.4,-0.57,3,0.5,2,-1.6,-0.8,0,0.0,4,3,1,12,10,2,1.42,0.12,0.3333333333333333,0.25,0.08333333333333333,0.8333333333333334,0.16666666666666666,27,0.5625,-1.53,-0.03,48,7,0.3333333333333333,3.18,0.15,21,401310701,2021,2
333,Alabama Crimson Tide,32,0.49230769230769234,14,0.42424242424242425,18,0.5625,7,0.4117647058823529,6,0.46153846153846156,24,0.48,50,0.5,0.5,7.88,0.16,13,0.26,25,5.56,0.22,12,0.48,25,2.32,0.09,12,0.48,11,0.36363636363636365,0.6363636363636364,4.35,0.4,7,0.6363636363636364,4,1.11,0.28,2,0.5,7,3.23,0.46,5,0.7142857142857143,8,2,6,15,8,7,4.67,0.31,0.5333333333333333,0.13333333333333333,0.4,0.5333333333333333,0.4666666666666667,25,0.5434782608695652,13.54,0.29,46,7,0.3684210526315789,-0.99,-0.05,19,401282056,2021,2
2382,Mercer Bears,23,0.42592592592592593,9,0.42857142857142855,14,0.42424242424242425,,,3,0.25,19,0.4634146341463415,41,0.36585365853658536,0.6341463414634146,-0.58,-0.01,5,0.12195121951219512,15,4.86,0.32,8,0.5333333333333333,26,-5.44,-0.21,11,0.4230769230769231,4,0.0,1.0,-1.01,-0.25,2,0.5,,,,,,4,-1.01,-0.25,2,0.5,4,1,3,13,6,7,-7.75,-0.6,0.3076923076923077,0.07692307692307693,0.23076923076923078,0.46153846153846156,0.5384615384615384,20,0.5,2.38,0.06,40,3,0.21428571428571427,-10.7,-0.76,14,401282056,2021,2
5,UAB Blazers,20,0.38461538461538464,3,0.15,17,0.53125,,,1,0.09090909090909091,18,0.46153846153846156,39,0.3333333333333333,0.6666666666666666,-12.63,-0.32,6,0.15384615384615385,13,-14.53,-1.12,3,0.23076923076923078,26,1.9,0.07,15,0.5769230769230769,5,0.2,0.8,-1.37,-0.27,2,0.4,1,-0.46,-0.46,0,0.0,4,-0.91,-0.23,2,0.5,2,0,2,13,7,6,-10.58,-0.81,0.15384615384615385,0.0,0.15384615384615385,0.5384615384615384,0.46153846153846156,16,0.45714285714285713,-7.06,-0.2,35,4,0.23529411764705882,-16.15,-0.95,17,401282060,2021,2
61,Georgia Bulldogs,29,0.48333333333333334,12,0.5454545454545454,17,0.4473684210526316,7,0.4666666666666667,6,0.5454545454545454,23,0.4791666666666667,48,0.3541666666666667,0.6458333333333334,9.17,0.19,11,0.22916666666666666,17,8.64,0.51,9,0.5294117647058824,31,0.53,0.02,14,0.45161290322580644,10,0.4,0.6,4.52,0.45,5,0.5,4,3.54,0.89,2,0.5,6,0.98,0.16,3,0.5,6,3,3,12,5,7,3.27,0.27,0.5,0.25,0.25,0.4166666666666667,0.5833333333333334,21,0.4666666666666667,7.54,0.17,45,8,0.5333333333333333,4.9,0.33,15,401282060,2021,2
194,Ohio State Buckeyes,42,0.49411764705882355,31,0.5535714285714286,11,0.3793103448275862,3,0.5,7,0.4666666666666667,33,0.5076923076923077,65,0.6461538461538462,0.35384615384615387,18.04,0.28,21,0.3230769230769231,42,21.23,0.51,26,0.6190476190476191,23,-3.19,-0.14,7,0.30434782608695654,14,0.6428571428571429,0.35714285714285715,2.58,0.18,6,0.42857142857142855,9,6.18,0.69,6,0.6666666666666666,5,-3.6,-0.72,0,0.0,9,5,4,20,14,6,4.29,0.21,0.45,0.25,0.2,0.7,0.3,33,0.5689655172413793,18.52,0.32,58,9,0.3333333333333333,3.81,0.14,27,401282809,2021,2
2483,Oregon Ducks,33,0.4520547945205479,15,0.42857142857142855,18,0.47368421052631576,4,0.5,8,0.5,24,0.42857142857142855,56,0.44642857142857145,0.5535714285714286,6.48,0.12,14,0.25,25,3.59,0.14,10,0.4,31,2.89,0.09,14,0.45161290322580644,11,0.5454545454545454,0.45454545454545453,5.77,0.52,4,0.36363636363636365,6,-0.86,-0.14,1,0.16666666666666666,5,6.63,1.33,3,0.6,9,5,4,17,10,7,15.42,0.91,0.5294117647058824,0.29411764705882354,0.23529411764705882,0.5882352941176471,0.4117647058823529,26,0.5,20.49,0.39,52,7,0.3333333333333333,1.41,0.07,21,401282809,2021,2
2717,Western Carolina Catamounts,19,0.30158730158730157,11,0.275,8,0.34782608695652173,,,6,0.4,12,0.26666666666666666,45,0.5333333333333333,0.4666666666666667,-18.48,-0.41,5,0.1111111111111111,24,-12.89,-0.54,4,0.16666666666666666,21,-5.59,-0.27,8,0.38095238095238093,6,0.8333333333333334,0.16666666666666666,-2.85,-0.47,0,0.0,5,-2.51,-0.5,0,0.0,1,-0.34,-0.34,0,0.0,7,7,0,18,16,2,-8.05,-0.45,0.3888888888888889,0.3888888888888889,0.0,0.8888888888888888,0.1111111111111111,10,0.2702702702702703,-14.12,-0.38,37,9,0.34615384615384615,-12.4,-0.48,26,401287898,2021,2
201,Oklahoma Sooners,44,0.5866666666666667,24,0.6,20,0.5714285714285714,18,0.6666666666666666,9,0.75,34,0.5483870967741935,62,0.4838709677419355,0.5161290322580645,23.31,0.38,19,0.3064516129032258,30,12.35,0.41,17,0.5666666666666667,32,10.95,0.34,17,0.53125,13,0.6153846153846154,0.38461538461538464,9.21,0.71,8,0.6153846153846154,8,5.67,0.71,4,0.5,5,3.54,0.71,4,0.8,10,7,3,13,10,3,18.01,1.39,0.7692307692307693,0.5384615384615384,0.23076923076923078,0.7692307692307693,0.23076923076923078,31,0.5740740740740741,23.42,0.43,54,13,0.6190476190476191,17.9,0.85,21,401287898,2021,2
93,Murray State Racers,26,0.4,13,0.43333333333333335,13,0.37142857142857144,5,0.5555555555555556,7,0.4666666666666667,18,0.3673469387755102,49,0.3877551020408163,0.6122448979591837,-14.56,-0.3,6,0.12244897959183673,19,-4.21,-0.22,9,0.47368421052631576,30,-10.35,-0.35,9,0.3,11,0.5454545454545454,0.45454545454545453,1.75,0.16,5,0.45454545454545453,6,-0.12,-0.02,2,0.3333333333333333,5,1.87,0.37,3,0.6,8,4,4,16,11,5,3.91,0.24,0.5,0.25,0.25,0.6875,0.3125,17,0.4358974358974359,-0.32,-0.01,39,9,0.34615384615384615,-10.33,-0.4,26,401301002,2021,2
2132,Cincinnati Bearcats,27,0.46551724137931033,13,0.48148148148148145,14,0.45161290322580644,7,0.5833333333333334,4,0.4,22,0.46808510638297873,47,0.425531914893617,0.574468085106383,4.73,0.1,10,0.2127659574468085,20,9.27,0.46,10,0.5,27,-4.54,-0.17,12,0.4444444444444444,9,0.5555555555555556,0.4444444444444444,3.1,0.34,4,0.4444444444444444,5,2.93,0.59,2,0.4,4,0.16,0.04,2,0.5,5,3,2,11,7,4,3.66,0.33,0.45454545454545453,0.2727272727272727,0.18181818181818182,0.6363636363636364,0.36363636363636365,22,0.5116279069767442,8.85,0.21,43,5,0.3333333333333333,-0.46,-0.03,15,401301002,2021,2
87,Notre Dame Fighting Irish,34,0.4594594594594595,21,0.5,13,0.40625,3,0.6,8,0.5714285714285714,26,0.4406779661016949,59,0.5254237288135594,0.4745762711864407,-2.11,-0.04,12,0.2033898305084746,31,3.37,0.11,16,0.5161290322580645,28,-5.48,-0.2,10,0.35714285714285715,11,0.7272727272727273,0.2727272727272727,-6.56,-0.6,5,0.45454545454545453,8,-4.03,-0.5,4,0.5,3,-2.53,-0.84,1,0.3333333333333333,8,5,3,15,11,4,2.21,0.15,0.5333333333333333,0.3333333333333333,0.2,0.7333333333333333,0.26666666666666666,24,0.46153846153846156,4.7,0.09,52,10,0.45454545454545453,-4.6,-0.21,22,401282705,2021,2
2649,Toledo Rockets,20,0.31746031746031744,14,0.3684210526315789,6,0.24,3,0.21428571428571427,7,0.4117647058823529,13,0.2826086956521739,46,0.5217391304347826,0.4782608695652174,-13.77,-0.3,7,0.15217391304347827,24,-9.05,-0.38,8,0.3333333333333333,22,-4.72,-0.21,5,0.22727272727272727,10,0.7,0.3,-4.43,-0.44,2,0.2,7,-1.98,-0.28,1,0.14285714285714285,3,-2.45,-0.82,1,0.3333333333333333,7,6,1,17,14,3,8.13,0.48,0.4117647058823529,0.35294117647058826,0.058823529411764705,0.8235294117647058,0.17647058823529413,12,0.34285714285714286,-3.67,-0.1,35,8,0.2857142857142857,-1.97,-0.07,28,401282705,2021,2
2294,Iowa Hawkeyes,20,0.3389830508474576,8,0.32,12,0.35294117647058826,6,0.6666666666666666,4,0.26666666666666666,16,0.36363636363636365,44,0.3409090909090909,0.6590909090909091,-3.13,-0.07,5,0.11363636363636363,15,1.24,0.08,6,0.4,29,-4.37,-0.15,10,0.3448275862068966,9,0.3333333333333333,0.6666666666666666,4.08,0.45,5,0.5555555555555556,3,4.72,1.57,2,0.6666666666666666,6,-0.64,-0.11,3,0.5,4,2,2,15,10,5,-13.63,-0.91,0.26666666666666666,0.13333333333333333,0.13333333333333333,0.6666666666666666,0.3333333333333333,14,0.34146341463414637,-9.98,-0.24,41,6,0.3333333333333333,-6.78,-0.38,18,401282754,2021,2
66,Iowa State Cyclones,32,0.45714285714285713,19,0.4222222222222222,13,0.52,3,0.5,3,0.25,28,0.49122807017543857,57,0.5789473684210527,0.42105263157894735,-4.69,-0.08,14,0.24561403508771928,33,-5.72,-0.17,16,0.48484848484848486,24,1.02,0.04,12,0.5,13,0.7692307692307693,0.23076923076923078,6.31,0.49,8,0.6153846153846154,10,4.37,0.44,6,0.6,3,1.94,0.65,2,0.6666666666666666,4,3,1,13,12,1,-3.12,-0.24,0.3076923076923077,0.23076923076923078,0.07692307692307693,0.9230769230769231,0.07692307692307693,24,0.5333333333333333,3.13,0.07,45,8,0.32,-10.95,-0.44,25,401282754,2021,2
24,Stanford Cardinal,25,0.49019607843137253,14,0.6086956521739131,11,0.39285714285714285,7,0.5833333333333334,5,0.5,19,0.475,40,0.375,0.625,12.36,0.31,7,0.175,15,11.66,0.78,10,0.6666666666666666,25,0.71,0.03,9,0.36,4,0.75,0.25,6.83,1.71,3,0.75,3,7.08,2.36,3,1.0,1,-0.25,-0.25,0,0.0,6,4,2,11,8,3,4.82,0.44,0.5454545454545454,0.36363636363636365,0.18181818181818182,0.7272727272727273,0.2727272727272727,18,0.5294117647058824,12.27,0.36,34,7,0.4117647058823529,4.91,0.29,17,401309843,2021,2
30,USC Trojans,45,0.6,21,0.5,24,0.7272727272727273,8,0.4,6,0.42857142857142855,38,0.6333333333333333,60,0.55,0.45,15.89,0.26,17,0.2833333333333333,33,9.53,0.29,19,0.5757575757575758,27,6.36,0.24,19,0.7037037037037037,14,0.5714285714285714,0.42857142857142855,2.9,0.21,10,0.7142857142857143,8,2.43,0.3,6,0.75,6,0.48,0.08,4,0.6666666666666666,7,2,5,15,9,6,-0.71,-0.05,0.4666666666666667,0.13333333333333333,0.3333333333333333,0.6,0.4,41,0.6721311475409836,22.67,0.37,61,4,0.2857142857142857,-7.49,-0.54,14,401309843,2021,2
8,Arkansas Razorbacks,34,0.5151515151515151,7,0.3684210526315789,27,0.574468085106383,9,0.47368421052631576,5,0.4166666666666667,28,0.5283018867924528,53,0.2830188679245283,0.7169811320754716,4.62,0.09,14,0.2641509433962264,15,-2.3,-0.15,7,0.4666666666666667,38,6.93,0.18,21,0.5526315789473685,4,0.25,0.75,-7.66,-1.92,0,0.0,1,-5.18,-5.18,0,0.0,3,-2.48,-0.83,0,0.0,6,0,6,13,4,9,7.78,0.6,0.46153846153846156,0.0,0.46153846153846156,0.3076923076923077,0.6923076923076923,27,0.5294117647058824,9.53,0.19,51,7,0.4666666666666667,2.87,0.19,15,401282057,2021,2
251,Texas Longhorns,26,0.4126984126984127,8,0.32,18,0.47368421052631576,7,0.5384615384615384,4,0.3076923076923077,21,0.4375,48,0.3125,0.6875,-5.48,-0.11,9,0.1875,15,-6.49,-0.43,4,0.26666666666666666,33,1.0,0.03,17,0.5151515151515151,12,0.4166666666666667,0.5833333333333334,-2.65,-0.22,3,0.25,5,-2.27,-0.45,1,0.2,7,-0.38,-0.05,2,0.2857142857142857,5,4,1,15,10,5,-0.38,-0.03,0.3333333333333333,0.26666666666666666,0.06666666666666667,0.6666666666666666,0.3333333333333333,22,0.4489795918367347,-7.42,-0.15,49,4,0.2857142857142857,1.56,0.11,14,401282057,2021,2
275,Wisconsin Badgers,45,0.6081081081081081,13,0.6190476190476191,32,0.6037735849056604,9,0.42857142857142855,5,0.4166666666666667,39,0.65,60,0.25,0.75,9.46,0.16,17,0.2833333333333333,15,-6.2,-0.41,11,0.7333333333333333,45,15.66,0.35,28,0.6222222222222222,8,0.5,0.5,0.85,0.11,5,0.625,4,0.58,0.15,2,0.5,4,0.27,0.07,3,0.75,6,2,4,14,6,8,-2.28,-0.16,0.42857142857142855,0.14285714285714285,0.2857142857142857,0.42857142857142855,0.5714285714285714,42,0.6666666666666666,20.43,0.32,63,3,0.2727272727272727,-13.26,-1.21,11,401282825,2021,2
2199,Eastern Michigan Eagles,8,0.21052631578947367,6,0.2727272727272727,2,0.125,0,0.0,2,0.18181818181818182,6,0.23076923076923078,26,0.5,0.5,-13.64,-0.52,0,0.0,13,-7.29,-0.56,4,0.3076923076923077,13,-6.35,-0.49,2,0.15384615384615385,7,0.5714285714285714,0.42857142857142855,-2.64,-0.38,3,0.42857142857142855,4,-0.87,-0.22,2,0.5,3,-1.77,-0.59,1,0.3333333333333333,2,2,0,12,9,3,-6.91,-0.58,0.16666666666666666,0.16666666666666666,0.0,0.75,0.25,5,0.23809523809523808,-12.95,-0.62,21,3,0.17647058823529413,-7.6,-0.45,17,401282825,2021,2
145,Ole Miss Rebels,42,0.5384615384615384,17,0.4473684210526316,25,0.625,7,0.4117647058823529,6,0.42857142857142855,32,0.5517241379310345,58,0.4482758620689655,0.5517241379310345,9.68,0.17,17,0.29310344827586204,26,5.23,0.2,13,0.5,32,4.45,0.14,19,0.59375,20,0.65,0.35,7.65,0.38,11,0.55,13,5.71,0.44,6,0.46153846153846156,7,1.94,0.28,5,0.7142857142857143,10,4,6,20,12,8,9.07,0.45,0.5,0.2,0.3,0.6,0.4,37,0.6065573770491803,21.95,0.36,61,5,0.29411764705882354,-3.2,-0.19,17,401282063,2021,2
2046,Austin Peay Governors,30,0.38461538461538464,16,0.35555555555555557,13,0.41935483870967744,0,0.0,5,0.29411764705882354,23,0.4107142857142857,56,0.625,0.375,-1.67,-0.03,9,0.16071428571428573,35,4.01,0.11,15,0.42857142857142855,21,-5.67,-0.27,8,0.38095238095238093,13,0.9230769230769231,0.07692307692307693,1.34,0.1,6,0.46153846153846156,12,1.6,0.13,6,0.5,1,-0.26,-0.26,0,0.0,7,1,5,22,10,10,-16.85,-0.77,0.3181818181818182,0.045454545454545456,0.22727272727272727,0.45454545454545453,0.45454545454545453,21,0.45652173913043476,3.28,0.07,46,9,0.28125,-21.8,-0.68,32,401282063,2021,2
252,BYU Cougars,37,0.5,16,0.5333333333333333,21,0.4772727272727273,5,0.5555555555555556,11,0.5789473684210527,25,0.46296296296296297,54,0.4074074074074074,0.5925925925925926,3.04,0.06,9,0.16666666666666666,22,7.43,0.34,13,0.5909090909090909,32,-4.39,-0.14,12,0.375,17,0.5294117647058824,0.47058823529411764,12.25,0.72,12,0.7058823529411765,9,10.9,1.21,8,0.8888888888888888,8,1.35,0.17,4,0.5,12,3,9,20,8,12,9.14,0.46,0.6,0.15,0.45,0.4,0.6,29,0.5686274509803921,14.73,0.29,51,8,0.34782608695652173,-2.54,-0.11,23,401309848,2021,2
254,Utah Utes,25,0.5,12,0.42857142857142855,13,0.5909090909090909,2,0.6666666666666666,3,0.3333333333333333,22,0.5641025641025641,39,0.46153846153846156,0.5384615384615384,6.68,0.17,8,0.20512820512820512,18,-0.04,-0.0,9,0.5,21,6.72,0.32,13,0.6190476190476191,5,0.6,0.4,-3.87,-0.77,2,0.4,3,-0.57,-0.19,1,0.3333333333333333,2,-3.3,-1.65,1,0.5,3,3,0,11,10,1,-8.3,-0.75,0.2727272727272727,0.2727272727272727,0.0,0.9090909090909091,0.09090909090909091,18,0.5294117647058824,1.55,0.05,34,7,0.4375,-3.18,-0.2,16,401309848,2021,2
2026,Appalachian State Mountaineers,31,0.4246575342465753,16,0.45714285714285713,15,0.39473684210526316,2,0.4,5,0.3333333333333333,25,0.45454545454545453,55,0.4,0.6,2.15,0.04,13,0.23636363636363636,22,9.06,0.41,13,0.5909090909090909,33,-6.91,-0.21,12,0.36363636363636365,13,0.38461538461538464,0.6153846153846154,2.74,0.21,8,0.6153846153846154,5,-0.06,-0.01,2,0.4,8,2.8,0.35,6,0.75,6,3,3,18,13,5,-4.43,-0.25,0.3333333333333333,0.16666666666666666,0.16666666666666666,0.7222222222222222,0.2777777777777778,28,0.5490196078431373,10.77,0.21,51,3,0.13636363636363635,-13.05,-0.59,22,401282620,2021,2
2390,Miami Hurricanes,34,0.4473684210526316,15,0.42857142857142855,19,0.4634146341463415,4,0.4,6,0.375,28,0.4666666666666667,60,0.43333333333333335,0.5666666666666667,1.05,0.02,17,0.2833333333333333,26,-0.44,-0.02,12,0.46153846153846156,34,1.49,0.04,16,0.47058823529411764,10,0.6,0.4,2.99,0.3,4,0.4,6,1.42,0.24,2,0.3333333333333333,4,1.58,0.39,2,0.5,6,3,3,16,9,7,-2.51,-0.16,0.375,0.1875,0.1875,0.5625,0.4375,27,0.5294117647058824,3.72,0.07,51,7,0.28,-5.17,-0.21,25,401282620,2021,2
9,Arizona State Sun Devils,42,0.5675675675675675,15,0.5,27,0.6136363636363636,8,0.47058823529411764,8,0.5714285714285714,32,0.5614035087719298,57,0.40350877192982454,0.5964912280701754,8.29,0.15,18,0.3157894736842105,23,0.8,0.03,13,0.5652173913043478,34,7.48,0.22,19,0.5588235294117647,18,0.5,0.5,5.21,0.29,12,0.6666666666666666,9,-2.23,-0.25,4,0.4444444444444444,9,7.44,0.83,8,0.8888888888888888,10,2,8,17,7,10,9.65,0.57,0.5882352941176471,0.11764705882352941,0.47058823529411764,0.4117647058823529,0.5882352941176471,34,0.5964912280701754,12.66,0.22,57,8,0.47058823529411764,5.28,0.31,17,401309847,2021,2
2439,UNLV Rebels,17,0.3333333333333333,5,0.20833333333333334,12,0.4444444444444444,3,0.42857142857142855,5,0.35714285714285715,12,0.32432432432432434,37,0.40540540540540543,0.5945945945945946,-10.42,-0.28,6,0.16216216216216217,15,-7.44,-0.5,3,0.2,22,-2.98,-0.14,9,0.4090909090909091,7,0.42857142857142855,0.5714285714285714,-4.52,-0.65,2,0.2857142857142857,3,-3.11,-1.04,0,0.0,4,-1.41,-0.35,2,0.5,5,2,3,14,9,5,-0.13,-0.01,0.35714285714285715,0.14285714285714285,0.21428571428571427,0.6428571428571429,0.35714285714285715,11,0.34375,-5.79,-0.18,32,6,0.3157894736842105,-4.76,-0.25,19,401309847,2021,2
153,North Carolina Tar Heels,35,0.49295774647887325,20,0.6060606060606061,15,0.39473684210526316,6,0.42857142857142855,5,0.5,29,0.48333333333333334,60,0.43333333333333335,0.5666666666666667,19.47,0.32,14,0.23333333333333334,26,20.69,0.8,16,0.6153846153846154,34,-1.22,-0.04,13,0.38235294117647056,13,0.46153846153846156,0.5384615384615384,-2.58,-0.2,3,0.23076923076923078,6,-1.41,-0.24,1,0.16666666666666666,7,-1.17,-0.17,2,0.2857142857142857,6,4,2,11,7,4,7.15,0.65,0.5454545454545454,0.36363636363636365,0.18181818181818182,0.6363636363636364,0.36363636363636365,26,0.5,14.12,0.27,52,9,0.47368421052631576,12.49,0.66,19,401282621,2021,2
2247,Georgia State Panthers,28,0.37333333333333335,8,0.25806451612903225,20,0.45454545454545453,3,0.42857142857142855,6,0.35294117647058826,20,0.37037037037037035,54,0.3888888888888889,0.6111111111111112,-11.25,-0.21,8,0.14814814814814814,21,-11.74,-0.56,5,0.23809523809523808,33,0.49,0.01,15,0.45454545454545453,10,0.3,0.7,-4.75,-0.47,3,0.3,3,-1.33,-0.44,1,0.3333333333333333,7,-3.42,-0.49,2,0.2857142857142857,8,3,5,21,10,11,-1.82,-0.09,0.38095238095238093,0.14285714285714285,0.23809523809523808,0.47619047619047616,0.5238095238095238,23,0.4791666666666667,3.57,0.07,48,5,0.18518518518518517,-16.64,-0.62,27,401282621,2021,2
258,Virginia Cavaliers,39,0.5416666666666666,25,0.625,14,0.4375,7,0.4375,5,0.5555555555555556,33,0.532258064516129,62,0.532258064516129,0.46774193548387094,13.33,0.21,20,0.3225806451612903,33,14.91,0.45,22,0.6666666666666666,29,-1.58,-0.05,11,0.3793103448275862,15,0.5333333333333333,0.4666666666666667,7.28,0.49,10,0.6666666666666666,8,7.09,0.89,6,0.75,7,0.19,0.03,4,0.5714285714285714,6,3,3,10,7,3,4.01,0.4,0.6,0.3,0.3,0.7,0.3,30,0.5555555555555556,10.3,0.19,54,9,0.5,7.04,0.39,18,401282624,2021,2
356,Illinois Fighting Illini,31,0.43661971830985913,18,0.375,13,0.5652173913043478,0,0.0,7,0.4117647058823529,24,0.46153846153846156,52,0.6346153846153846,0.36538461538461536,6.84,0.13,8,0.15384615384615385,33,2.01,0.06,13,0.3939393939393939,19,4.82,0.25,11,0.5789473684210527,9,0.5555555555555556,0.4444444444444444,7.22,0.8,8,0.8888888888888888,5,1.61,0.32,4,0.8,4,5.61,1.4,4,1.0,7,5,2,19,15,4,-10.2,-0.54,0.3684210526315789,0.2631578947368421,0.10526315789473684,0.7894736842105263,0.21052631578947367,25,0.5102040816326531,7.36,0.15,49,6,0.2727272727272727,-10.71,-0.49,22,401282624,2021,2
98,Western Kentucky Hilltoppers,32,0.5423728813559322,25,0.5813953488372093,7,0.4375,4,0.6666666666666666,7,0.7,25,0.5319148936170213,47,0.723404255319149,0.2765957446808511,10.64,0.23,14,0.2978723404255319,34,10.34,0.3,21,0.6176470588235294,13,0.3,0.02,4,0.3076923076923077,6,0.8333333333333334,0.16666666666666666,6.74,1.12,4,0.6666666666666666,5,3.89,0.78,3,0.6,1,2.85,2.85,1,1.0,7,4,3,12,9,3,11.43,0.95,0.5833333333333334,0.3333333333333333,0.25,0.75,0.25,26,0.5777777777777777,15.25,0.34,45,6,0.42857142857142855,6.82,0.49,14,401282193,2021,2
349,Army Black Knights,40,0.5555555555555556,5,0.7142857142857143,35,0.5384615384615384,7,0.5,9,0.6923076923076923,29,0.5178571428571429,56,0.07142857142857142,0.9285714285714286,8.55,0.15,10,0.17857142857142858,4,2.78,0.69,3,0.75,52,5.78,0.11,26,0.5,11,0.09090909090909091,0.9090909090909091,4.73,0.43,7,0.6363636363636364,1,0.27,0.27,1,1.0,10,4.45,0.45,6,0.6,11,2,9,16,3,13,8.71,0.54,0.6875,0.125,0.5625,0.1875,0.8125,32,0.5333333333333333,4.25,0.07,60,8,0.6666666666666666,13.01,1.08,12,401282193,2021,2
2309,Kent State Golden Flashes,44,0.5432098765432098,12,0.6,32,0.5245901639344263,8,0.6666666666666666,13,0.7647058823529411,28,0.45901639344262296,61,0.2786885245901639,0.7213114754098361,17.2,0.28,12,0.19672131147540983,17,3.23,0.19,9,0.5294117647058824,44,13.97,0.32,19,0.4318181818181818,17,0.23529411764705882,0.7647058823529411,8.2,0.48,9,0.5294117647058824,4,7.22,1.81,4,1.0,13,0.98,0.08,5,0.38461538461538464,16,3,13,20,3,17,23.06,1.15,0.8,0.15,0.65,0.15,0.85,34,0.53125,30.18,0.47,64,10,0.5882352941176471,10.07,0.59,17,401309545,2021,2
2678,VMI Keydets,27,0.391304347826087,13,0.3611111111111111,14,0.42424242424242425,1,0.3333333333333333,5,0.38461538461538464,21,0.3888888888888889,54,0.46296296296296297,0.5370370370370371,-11.33,-0.21,8,0.14814814814814814,25,-12.38,-0.5,9,0.36,29,1.05,0.04,12,0.41379310344827586,11,0.6363636363636364,0.36363636363636365,-0.05,-0.0,6,0.5454545454545454,7,0.78,0.11,4,0.5714285714285714,4,-0.83,-0.21,2,0.5,6,4,2,15,11,4,3.02,0.2,0.4,0.26666666666666666,0.13333333333333333,0.7333333333333333,0.26666666666666666,22,0.5,0.41,0.01,44,5,0.2,-8.72,-0.35,25,401309545,2021,2
2011,Alabama State Hornets,20,0.3448275862068966,13,0.41935483870967744,7,0.25925925925925924,0,0.0,4,0.26666666666666666,16,0.37209302325581395,43,0.5116279069767442,0.4883720930232558,-16.38,-0.38,5,0.11627906976744186,22,-2.32,-0.11,11,0.5,21,-14.07,-0.67,5,0.23809523809523808,12,0.6666666666666666,0.3333333333333333,-3.69,-0.31,3,0.25,8,-3.17,-0.4,2,0.25,4,-0.52,-0.13,1,0.25,4,2,2,15,9,6,-9.1,-0.61,0.26666666666666666,0.13333333333333333,0.13333333333333333,0.6,0.4,12,0.3333333333333333,-20.18,-0.56,36,8,0.36363636363636365,-5.3,-0.24,22,401282058,2021,2
2,Auburn Tigers,32,0.5517241379310345,9,0.45,23,0.6052631578947368,8,0.5714285714285714,7,0.6363636363636364,24,0.5217391304347826,46,0.34782608695652173,0.6521739130434783,17.37,0.38,10,0.21739130434782608,16,5.05,0.32,7,0.4375,30,12.32,0.41,17,0.5666666666666667,7,0.42857142857142855,0.5714285714285714,1.12,0.16,3,0.42857142857142855,3,-1.12,-0.37,1,0.3333333333333333,4,2.24,0.56,2,0.5,8,2,6,12,4,8,8.93,0.74,0.6666666666666666,0.16666666666666666,0.5,0.3333333333333333,0.6666666666666666,25,0.5555555555555556,19.35,0.43,45,7,0.5384615384615384,6.95,0.53,13,401282058,2021,2
151,East Carolina Pirates,18,0.2857142857142857,6,0.2,12,0.36363636363636365,2,0.2857142857142857,2,0.125,15,0.32608695652173914,46,0.3695652173913043,0.6304347826086957,-0.62,-0.01,7,0.15217391304347827,17,2.13,0.13,4,0.23529411764705882,29,-2.75,-0.09,11,0.3793103448275862,12,0.6666666666666666,0.3333333333333333,-11.18,-0.93,2,0.16666666666666666,8,-12.64,-1.58,0,0.0,4,1.45,0.36,2,0.5,3,2,1,17,13,4,-20.84,-1.23,0.17647058823529413,0.11764705882352941,0.058823529411764705,0.7647058823529411,0.23529411764705882,15,0.39473684210526316,2.98,0.08,38,3,0.12,-24.44,-0.98,25,401282065,2021,2
2579,South Carolina Gamecocks,22,0.3548387096774194,8,0.2962962962962963,14,0.4,2,0.5,2,0.16666666666666666,20,0.4,50,0.38,0.62,-6.28,-0.13,13,0.26,19,-5.75,-0.3,7,0.3684210526315789,31,-0.53,-0.02,13,0.41935483870967744,9,0.3333333333333333,0.6666666666666666,-3.84,-0.43,3,0.3333333333333333,3,-3.84,-1.28,0,0.0,6,-0.01,-0.0,3,0.5,2,1,1,12,8,4,-12.71,-1.06,0.16666666666666666,0.08333333333333333,0.08333333333333333,0.6666666666666666,0.3333333333333333,17,0.40476190476190477,-6.29,-0.15,42,5,0.25,-12.69,-0.63,20,401282065,2021,2
221,Pittsburgh Panthers,34,0.43037974683544306,17,0.4358974358974359,17,0.425,9,0.45,9,0.47368421052631576,23,0.39655172413793105,58,0.43103448275862066,0.5689655172413793,-1.7,-0.03,11,0.1896551724137931,25,7.7,0.31,11,0.44,33,-9.4,-0.28,12,0.36363636363636365,12,0.5833333333333334,0.4166666666666667,2.94,0.25,6,0.5,7,0.9,0.13,3,0.42857142857142855,5,2.04,0.41,3,0.6,11,6,5,21,14,7,10.19,0.49,0.5238095238095238,0.2857142857142857,0.23809523809523808,0.6666666666666666,0.3333333333333333,23,0.4423076923076923,4.32,0.08,52,11,0.4074074074074074,4.17,0.15,27,401282066,2021,2
2633,Tennessee Volunteers,24,0.36363636363636365,15,0.39473684210526316,9,0.32142857142857145,3,0.2727272727272727,7,0.5833333333333334,17,0.32075471698113206,53,0.5471698113207547,0.4528301886792453,-11.0,-0.21,10,0.18867924528301888,29,-12.01,-0.41,10,0.3448275862068966,24,1.02,0.04,7,0.2916666666666667,11,0.45454545454545453,0.5454545454545454,2.61,0.24,4,0.36363636363636365,5,3.8,0.76,3,0.6,6,-1.19,-0.2,1,0.16666666666666666,7,5,2,13,9,4,5.59,0.43,0.5384615384615384,0.38461538461538464,0.15384615384615385,0.6923076923076923,0.3076923076923077,12,0.3157894736842105,-11.37,-0.3,38,12,0.42857142857142855,5.96,0.21,28,401282066,2021,2
338,Kennesaw State Owls,20,0.3225806451612903,6,0.2857142857142857,14,0.35,,,5,0.3333333333333333,13,0.28888888888888886,45,0.26666666666666666,0.7111111111111111,-22.93,-0.51,6,0.13333333333333333,12,-6.98,-0.58,2,0.16666666666666666,32,-4.74,-0.15,11,0.34375,8,0.625,0.375,-3.78,-0.47,2,0.25,5,-2.55,-0.51,1,0.2,3,-1.23,-0.41,1,0.3333333333333333,7,4,3,17,9,8,9.43,0.55,0.4117647058823529,0.23529411764705882,0.17647058823529413,0.5294117647058824,0.47058823529411764,15,0.36585365853658536,-5.22,-0.13,41,5,0.23809523809523808,-8.27,-0.39,21,401282618,2021,2
59,Georgia Tech Yellow Jackets,26,0.45614035087719296,15,0.6,11,0.34375,6,0.5,5,0.5,21,0.44680851063829785,47,0.40425531914893614,0.5957446808510638,3.66,0.08,12,0.2553191489361702,19,5.23,0.28,11,0.5789473684210527,28,-1.57,-0.06,10,0.35714285714285715,11,0.6363636363636364,0.36363636363636365,4.23,0.38,6,0.5454545454545454,7,5.12,0.73,6,0.8571428571428571,4,-0.9,-0.22,0,0.0,5,4,1,10,6,4,8.13,0.81,0.5,0.4,0.1,0.6,0.4,20,0.5,4.28,0.11,40,6,0.35294117647058826,7.5,0.44,17,401282618,2021,2
154,Wake Forest Demon Deacons,31,0.5254237288135594,16,0.5517241379310345,15,0.5,7,0.5833333333333334,6,0.5,24,0.5217391304347826,46,0.4782608695652174,0.5217391304347826,12.45,0.27,13,0.2826086956521739,22,9.27,0.42,13,0.5909090909090909,24,3.18,0.13,11,0.4583333333333333,15,0.6,0.4,3.46,0.23,5,0.3333333333333333,9,1.45,0.16,4,0.4444444444444444,6,2.0,0.33,1,0.16666666666666666,7,3,4,13,7,6,3.16,0.24,0.5384615384615384,0.23076923076923078,0.3076923076923077,0.5384615384615384,0.46153846153846156,25,0.5434782608695652,9.74,0.21,46,6,0.46153846153846156,5.87,0.45,13,401282625,2021,2
2450,Norfolk State Spartans,26,0.37681159420289856,15,0.45454545454545453,11,0.3055555555555556,2,0.3333333333333333,8,0.5,18,0.33962264150943394,53,0.37735849056603776,0.6226415094339622,-8.25,-0.16,9,0.16981132075471697,20,-3.21,-0.16,8,0.4,33,-5.04,-0.15,10,0.30303030303030304,11,0.5454545454545454,0.45454545454545453,1.46,0.13,5,0.45454545454545453,6,1.77,0.3,3,0.5,5,-0.31,-0.06,2,0.4,8,7,1,16,13,3,7.87,0.49,0.5,0.4375,0.0625,0.8125,0.1875,17,0.4146341463414634,1.33,0.03,41,9,0.32142857142857145,-1.7,-0.06,28,401282625,2021,2
2754,Youngstown State Penguins,35,0.4605263157894737,14,0.4117647058823529,21,0.5,3,0.6,8,0.42105263157894735,23,0.4339622641509434,53,0.39622641509433965,0.6037735849056604,-9.06,-0.17,5,0.09433962264150944,21,-7.61,-0.36,8,0.38095238095238093,32,-1.46,-0.05,15,0.46875,10,0.3,0.7,2.17,0.22,5,0.5,3,-1.22,-0.41,1,0.3333333333333333,7,3.38,0.48,4,0.5714285714285714,12,6,6,23,13,10,11.54,0.5,0.5217391304347826,0.2608695652173913,0.2608695652173913,0.5652173913043478,0.43478260869565216,27,0.5,5.58,0.1,54,8,0.36363636363636365,-3.11,-0.14,22,401282783,2021,2
127,Michigan State Spartans,41,0.640625,15,0.5769230769230769,26,0.6842105263157895,7,0.6363636363636364,4,0.4444444444444444,36,0.6666666666666666,54,0.4074074074074074,0.5925925925925926,19.73,0.37,15,0.2777777777777778,22,14.98,0.68,15,0.6818181818181818,32,4.75,0.15,21,0.65625,2,0.0,1.0,3.37,1.68,2,1.0,,,,,,2,3.37,1.68,2,1.0,5,0,5,10,4,6,2.77,0.28,0.5,0.0,0.5,0.4,0.6,39,0.7358490566037735,26.9,0.51,53,2,0.18181818181818182,-4.4,-0.4,11,401282783,2021,2
193,Miami (OH) RedHawks,30,0.4918032786885246,15,0.4838709677419355,15,0.5,1,1.0,7,0.5,23,0.48936170212765956,47,0.48936170212765956,0.5106382978723404,6.08,0.13,10,0.2127659574468085,23,9.17,0.4,12,0.5217391304347826,24,-3.09,-0.13,11,0.4583333333333333,13,0.38461538461538464,0.6153846153846154,1.94,0.15,8,0.6153846153846154,5,0.45,0.09,2,0.4,8,1.49,0.19,6,0.75,7,3,4,14,8,6,-3.5,-0.25,0.5,0.21428571428571427,0.2857142857142857,0.5714285714285714,0.42857142857142855,23,0.5609756097560976,4.75,0.12,41,7,0.35,-2.16,-0.11,20,401282790,2021,2
135,Minnesota Golden Gophers,25,0.423728813559322,7,0.3888888888888889,18,0.43902439024390244,4,0.5,7,0.5384615384615384,18,0.391304347826087,46,0.2391304347826087,0.7608695652173914,-4.08,-0.09,10,0.21739130434782608,11,0.96,0.09,4,0.36363636363636365,35,-5.04,-0.14,14,0.4,10,0.7,0.3,-7.54,-0.75,2,0.2,7,-1.11,-0.16,2,0.2857142857142857,3,-6.43,-2.14,0,0.0,7,3,4,13,7,6,3.69,0.28,0.5384615384615384,0.23076923076923078,0.3076923076923077,0.5384615384615384,0.46153846153846156,21,0.4883720930232558,2.34,0.05,43,4,0.25,-2.74,-0.17,16,401282790,2021,2
77,Northwestern Wildcats,29,0.46774193548387094,5,0.2777777777777778,24,0.5454545454545454,2,0.5,5,0.38461538461538464,23,0.48936170212765956,47,0.23404255319148937,0.7659574468085106,-1.59,-0.03,11,0.23404255319148937,11,-2.94,-0.27,4,0.36363636363636365,36,1.35,0.04,19,0.5277777777777778,10,0.6,0.4,-6.31,-0.63,2,0.2,6,-4.21,-0.7,1,0.16666666666666666,4,-2.1,-0.52,1,0.25,6,1,5,15,7,8,-2.38,-0.16,0.4,0.06666666666666667,0.3333333333333333,0.4666666666666667,0.5333333333333333,25,0.5434782608695652,4.34,0.09,46,4,0.25,-8.31,-0.52,16,401282804,2021,2
282,Indiana State Sycamores,20,0.35714285714285715,16,0.43243243243243246,4,0.21052631578947367,3,1.0,5,0.35714285714285715,14,0.34146341463414637,41,0.6097560975609756,0.3902439024390244,-9.32,-0.23,5,0.12195121951219512,25,-1.83,-0.07,12,0.48,16,-7.49,-0.47,2,0.125,11,0.6363636363636364,0.36363636363636365,-3.75,-0.34,3,0.2727272727272727,7,-2.27,-0.32,2,0.2857142857142857,4,-1.48,-0.37,1,0.25,6,4,2,15,12,3,-3.18,-0.21,0.4,0.26666666666666666,0.13333333333333333,0.8,0.2,15,0.40540540540540543,-2.74,-0.07,37,5,0.2631578947368421,-9.76,-0.51,19,401282804,2021,2
197,Oklahoma State Cowboys,24,0.35294117647058826,10,0.35714285714285715,14,0.35,3,0.42857142857142855,7,0.5,16,0.3018867924528302,53,0.32075471698113206,0.6792452830188679,-16.73,-0.32,10,0.18867924528301888,17,-11.0,-0.65,4,0.23529411764705882,36,-5.74,-0.16,12,0.3333333333333333,13,0.7692307692307693,0.23076923076923078,-11.24,-0.86,4,0.3076923076923077,10,-12.35,-1.24,2,0.2,3,1.11,0.37,2,0.6666666666666666,8,6,2,15,11,4,9.86,0.66,0.5333333333333333,0.4,0.13333333333333333,0.7333333333333333,0.26666666666666666,14,0.3783783783783784,-4.42,-0.12,37,10,0.3225806451612903,-2.46,-0.08,31,401287899,2021,2
202,Tulsa Golden Hurricane,26,0.3939393939393939,14,0.4827586206896552,12,0.32432432432432434,5,0.625,4,0.3076923076923077,22,0.41509433962264153,53,0.33962264150943394,0.660377358490566,5.68,0.11,12,0.22641509433962265,18,8.86,0.49,10,0.5555555555555556,35,-3.18,-0.09,12,0.34285714285714286,4,0.25,0.75,-1.53,-0.38,1,0.25,1,-0.08,-0.08,0,0.0,3,-1.45,-0.48,1,0.3333333333333333,4,4,0,13,11,2,-6.66,-0.51,0.3076923076923077,0.3076923076923077,0.0,0.8461538461538461,0.15384615384615385,18,0.4090909090909091,4.72,0.11,44,8,0.36363636363636365,-5.7,-0.26,22,401287899,2021,2
58,South Florida Bulls,27,0.38028169014084506,11,0.3548387096774194,16,0.4,7,0.5833333333333334,5,0.29411764705882354,22,0.4230769230769231,52,0.40384615384615385,0.5961538461538461,6.56,0.13,13,0.25,21,9.75,0.46,10,0.47619047619047616,31,-3.19,-0.1,12,0.3870967741935484,10,0.3,0.7,-3.45,-0.34,3,0.3,3,-3.69,-1.23,0,0.0,7,0.24,0.03,3,0.42857142857142855,5,1,4,19,10,9,-17.64,-0.93,0.2631578947368421,0.05263157894736842,0.21052631578947367,0.5263157894736842,0.47368421052631576,22,0.46808510638297873,-0.06,-0.0,47,5,0.20833333333333334,-11.02,-0.46,24,401282059,2021,2
57,Florida Gators,39,0.5652173913043478,15,0.5769230769230769,24,0.5581395348837209,2,0.4,6,0.5,32,0.5925925925925926,54,0.37037037037037035,0.6296296296296297,8.33,0.15,17,0.3148148148148148,20,-5.18,-0.26,12,0.6,34,13.51,0.4,20,0.5882352941176471,12,0.5833333333333334,0.4166666666666667,-8.28,-0.69,6,0.5,7,-7.19,-1.03,5,0.7142857142857143,5,-1.1,-0.22,1,0.2,7,3,4,15,6,9,3.45,0.23,0.4666666666666667,0.2,0.26666666666666666,0.4,0.6,32,0.6037735849056604,12.11,0.23,53,7,0.4375,-0.34,-0.02,16,401282059,2021,2
2751,Wyoming Cowboys,35,0.5223880597014925,12,0.5,23,0.5348837209302325,4,0.36363636363636365,9,0.6923076923076923,26,0.49056603773584906,53,0.33962264150943394,0.660377358490566,18.33,0.35,12,0.22641509433962265,18,9.02,0.5,9,0.5,35,9.31,0.27,17,0.4857142857142857,1,1.0,0.0,2.66,2.66,1,1.0,1,2.66,2.66,1,1.0,,,,,,9,3,6,14,6,8,7.73,0.55,0.6428571428571429,0.21428571428571427,0.42857142857142855,0.42857142857142855,0.5714285714285714,25,0.5434782608695652,16.36,0.36,46,10,0.47619047619047616,9.7,0.46,21,401309547,2021,2
2459,Northern Illinois Huskies,35,0.47297297297297297,16,0.42105263157894735,19,0.5277777777777778,7,0.5833333333333334,9,0.6,25,0.43859649122807015,57,0.43859649122807015,0.5614035087719298,4.33,0.08,9,0.15789473684210525,25,-6.45,-0.26,9,0.36,32,10.78,0.34,16,0.5,14,0.42857142857142855,0.5714285714285714,4.9,0.35,6,0.42857142857142855,6,3.91,0.65,3,0.5,8,0.99,0.12,3,0.375,10,7,3,17,13,4,13.06,0.77,0.5882352941176471,0.4117647058823529,0.17647058823529413,0.7647058823529411,0.23529411764705882,24,0.5,18.39,0.38,48,11,0.4230769230769231,-1.01,-0.04,26,401309547,2021,2
183,Syracuse Orange,17,0.288135593220339,10,0.2777777777777778,7,0.30434782608695654,0,0.0,2,0.15384615384615385,14,0.3111111111111111,45,0.5333333333333333,0.4666666666666667,-7.06,-0.16,10,0.2222222222222222,24,-3.79,-0.16,8,0.3333333333333333,21,-3.27,-0.16,6,0.2857142857142857,11,0.8181818181818182,0.18181818181818182,-1.67,-0.15,3,0.2727272727272727,9,-0.3,-0.03,3,0.3333333333333333,2,-1.38,-0.69,0,0.0,3,2,1,14,12,2,-6.15,-0.44,0.21428571428571427,0.14285714285714285,0.07142857142857142,0.8571428571428571,0.14285714285714285,11,0.3235294117647059,-11.42,-0.34,34,6,0.24,-1.8,-0.07,25,401282622,2021,2
164,Rutgers Scarlet Knights,29,0.4084507042253521,12,0.375,17,0.4358974358974359,3,0.25,3,0.2,23,0.4423076923076923,52,0.4807692307692308,0.5192307692307693,-1.85,-0.04,7,0.1346153846153846,25,1.48,0.06,12,0.48,27,-3.33,-0.12,11,0.4074074074074074,20,0.55,0.45,-1.73,-0.09,10,0.5,11,-1.08,-0.1,5,0.45454545454545453,9,-0.65,-0.07,5,0.5555555555555556,6,0,6,19,7,12,-10.72,-0.56,0.3157894736842105,0.0,0.3157894736842105,0.3684210526315789,0.631578947368421,24,0.4528301886792453,-4.04,-0.08,53,5,0.2777777777777778,-8.52,-0.47,18,401282622,2021,2
2184,Duquesne Dukes,32,0.41025641025641024,16,0.45714285714285713,16,0.37209302325581395,7,0.3181818181818182,7,0.4375,23,0.38333333333333336,60,0.38333333333333336,0.6166666666666667,-4.49,-0.07,12,0.2,23,-3.02,-0.13,9,0.391304347826087,37,-1.47,-0.04,14,0.3783783783783784,10,0.5,0.5,0.09,0.01,4,0.4,5,2.63,0.53,2,0.4,5,-2.54,-0.51,2,0.4,9,7,2,18,12,6,10.22,0.57,0.5,0.3888888888888889,0.1111111111111111,0.6666666666666666,0.3333333333333333,24,0.41379310344827586,2.77,0.05,58,8,0.4,2.96,0.15,20,401309753,2021,2
195,Ohio Bobcats,23,0.5,12,0.5217391304347826,11,0.5,6,0.5,1,0.14285714285714285,20,0.5405405405405406,37,0.43243243243243246,0.5405405405405406,-4.93,-0.13,10,0.2702702702702703,16,-6.04,-0.38,9,0.5625,20,3.03,0.15,11,0.55,4,1.0,0.0,0.68,0.17,3,0.75,4,0.68,0.17,3,0.75,,,,,,2,2,0,8,6,2,-1.37,-0.17,0.25,0.25,0.0,0.75,0.25,16,0.5,-0.02,-0.0,32,6,0.46153846153846156,-6.28,-0.48,13,401309753,2021,2
2509,Purdue Boilermakers,44,0.5789473684210527,26,0.6666666666666666,18,0.4864864864864865,11,0.6875,8,0.6666666666666666,36,0.5625,64,0.46875,0.53125,17.45,0.27,19,0.296875,30,16.32,0.54,20,0.6666666666666666,34,1.12,0.03,16,0.47058823529411764,20,0.7,0.3,12.83,0.64,12,0.6,14,10.79,0.77,8,0.5714285714285714,6,2.03,0.34,4,0.6666666666666666,8,6,2,12,9,3,9.83,0.82,0.6666666666666666,0.5,0.16666666666666666,0.75,0.25,36,0.6101694915254238,20.97,0.36,59,8,0.47058823529411764,6.31,0.37,17,401282820,2021,2
41,UConn Huskies,18,0.3050847457627119,5,0.2,13,0.38235294117647056,0,0.0,6,0.375,12,0.2926829268292683,41,0.4146341463414634,0.5853658536585366,-5.97,-0.15,4,0.0975609756097561,17,-3.81,-0.22,3,0.17647058823529413,24,-2.16,-0.09,9,0.375,6,0.3333333333333333,0.6666666666666666,-0.62,-0.1,2,0.3333333333333333,2,-0.95,-0.47,0,0.0,4,0.33,0.08,2,0.5,6,2,4,18,8,10,-7.28,-0.4,0.3333333333333333,0.1111111111111111,0.2222222222222222,0.4444444444444444,0.5555555555555556,11,0.3333333333333333,-6.42,-0.19,33,7,0.2692307692307692,-6.83,-0.26,26,401282820,2021,2
2523,Robert Morris Colonials,10,0.2631578947368421,1,0.125,9,0.3,,,7,0.5833333333333334,3,0.11538461538461539,26,0.11538461538461539,0.8846153846153846,-7.52,-0.29,2,0.07692307692307693,3,-1.37,-0.46,0,0.0,23,-6.15,-0.27,3,0.13043478260869565,11,0.36363636363636365,0.6363636363636364,-3.29,-0.3,2,0.18181818181818182,4,-0.58,-0.14,0,0.0,7,-2.71,-0.39,2,0.2857142857142857,7,1,6,12,5,7,-0.95,-0.08,0.5833333333333334,0.08333333333333333,0.5,0.4166666666666667,0.5833333333333334,3,0.15789473684210525,-3.53,-0.19,19,7,0.3684210526315789,-4.94,-0.26,19,401309548,2021,2
2117,Central Michigan Chippewas,24,0.2962962962962963,7,0.25925925925925924,17,0.3148148148148148,7,0.30434782608695654,6,0.42857142857142855,17,0.2698412698412698,63,0.31746031746031744,0.6825396825396826,-17.54,-0.28,18,0.2857142857142857,20,-7.13,-0.36,4,0.2,43,-10.41,-0.24,13,0.3023255813953488,20,0.4,0.6,-16.41,-0.82,2,0.1,8,-0.7,-0.09,2,0.25,12,-15.71,-1.31,0,0.0,7,3,4,18,7,11,3.52,0.2,0.3888888888888889,0.16666666666666666,0.2222222222222222,0.3888888888888889,0.6111111111111112,17,0.2982456140350877,-13.21,-0.23,57,7,0.2916666666666667,-0.81,-0.03,24,401309548,2021,2
38,Colorado Buffaloes,19,0.3064516129032258,5,0.19230769230769232,14,0.3888888888888889,4,0.5,4,0.2857142857142857,15,0.32608695652173914,46,0.3695652173913043,0.6304347826086957,-10.34,-0.22,8,0.17391304347826086,17,-9.94,-0.58,4,0.23529411764705882,29,-0.4,-0.01,11,0.3793103448275862,8,0.375,0.625,-6.12,-0.76,0,0.0,3,-3.06,-1.02,0,0.0,5,-3.06,-0.61,0,0.0,4,1,3,16,9,7,-9.82,-0.61,0.25,0.0625,0.1875,0.5625,0.4375,16,0.41025641025641024,-4.01,-0.1,39,3,0.13043478260869565,-16.15,-0.7,23,401282067,2021,2
245,Texas A&M Aggies,28,0.417910447761194,16,0.3902439024390244,12,0.46153846153846156,3,0.5,8,0.42105263157894735,20,0.4166666666666667,48,0.5833333333333334,0.4166666666666667,-7.68,-0.16,6,0.125,28,-2.51,-0.09,12,0.42857142857142855,20,-5.17,-0.26,8,0.4,11,0.7272727272727273,0.2727272727272727,0.24,0.02,6,0.5454545454545454,8,-0.16,-0.02,4,0.5,3,0.4,0.13,2,0.6666666666666666,8,4,4,19,13,6,-3.98,-0.21,0.42105263157894735,0.21052631578947367,0.21052631578947367,0.6842105263157895,0.3157894736842105,13,0.30952380952380953,-18.88,-0.45,42,15,0.6,7.22,0.29,25,401282067,2021,2
290,Georgia Southern Eagles,38,0.4,17,0.5151515151515151,21,0.3387096774193548,4,0.3076923076923077,9,0.47368421052631576,28,0.3888888888888889,72,0.3472222222222222,0.6527777777777778,-11.11,-0.15,14,0.19444444444444445,25,0.46,0.02,14,0.56,47,-11.57,-0.25,14,0.2978723404255319,25,0.32,0.68,-15.85,-0.63,6,0.24,8,-1.72,-0.22,3,0.375,17,-14.13,-0.83,3,0.17647058823529413,10,3,7,23,8,15,-9.74,-0.42,0.43478260869565216,0.13043478260869565,0.30434782608695654,0.34782608695652173,0.6521739130434783,25,0.423728813559322,-7.11,-0.12,59,13,0.3611111111111111,-13.73,-0.38,36,401282183,2021,2
2226,Florida Atlantic Owls,45,0.41284403669724773,21,0.4117647058823529,24,0.42105263157894735,2,0.2222222222222222,13,0.5909090909090909,30,0.35294117647058826,85,0.47058823529411764,0.5176470588235295,-19.26,-0.23,23,0.27058823529411763,40,-7.95,-0.2,12,0.3,44,-10.65,-0.24,18,0.4090909090909091,29,0.6206896551724138,0.3448275862068966,-2.79,-0.1,8,0.27586206896551724,18,-0.7,-0.04,4,0.2222222222222222,10,-1.43,-0.14,4,0.4,15,9,6,24,11,13,16.71,0.7,0.625,0.375,0.25,0.4583333333333333,0.5416666666666666,34,0.4594594594594595,-7.55,-0.1,74,11,0.3142857142857143,5.0,0.14,35,401282183,2021,2
103,Boston College Eagles,31,0.49206349206349204,9,0.5,22,0.4888888888888889,8,0.4444444444444444,9,0.6428571428571429,22,0.4583333333333333,48,0.20833333333333334,0.7916666666666666,1.5,0.03,12,0.25,10,4.56,0.46,5,0.5,38,-3.05,-0.08,17,0.4473684210526316,7,0.14285714285714285,0.8571428571428571,0.24,0.03,5,0.7142857142857143,1,2.04,2.04,1,1.0,6,-1.8,-0.3,4,0.6666666666666666,9,4,5,15,8,7,6.47,0.43,0.6,0.26666666666666666,0.3333333333333333,0.5333333333333333,0.4666666666666667,26,0.5652173913043478,9.1,0.2,46,5,0.29411764705882354,-1.13,-0.07,17,401282623,2021,2
113,Massachusetts Minutemen,24,0.4067796610169492,12,0.41379310344827586,12,0.4,5,0.2777777777777778,2,0.25,20,0.4166666666666667,48,0.5,0.5,4.28,0.09,12,0.25,24,6.82,0.28,10,0.4166666666666667,24,-2.54,-0.11,10,0.4166666666666667,6,0.3333333333333333,0.6666666666666666,5.03,0.84,2,0.3333333333333333,2,6.28,3.14,1,0.5,4,-1.25,-0.31,1,0.25,4,2,2,11,5,6,-1.42,-0.13,0.36363636363636365,0.18181818181818182,0.18181818181818182,0.45454545454545453,0.5454545454545454,15,0.3409090909090909,-9.42,-0.21,44,9,0.6,12.27,0.82,15,401282623,2021,2
158,Nebraska Cornhuskers,23,0.38333333333333336,10,0.5,13,0.325,2,0.3333333333333333,8,0.5333333333333333,15,0.3333333333333333,45,0.3111111111111111,0.6888888888888889,8.71,0.19,6,0.13333333333333333,14,14.29,1.02,8,0.5714285714285714,31,-5.58,-0.18,7,0.22580645161290322,10,0.6,0.4,5.41,0.54,3,0.3,6,5.68,0.95,2,0.3333333333333333,4,-0.27,-0.07,1,0.25,8,2,6,15,6,9,7.48,0.5,0.5333333333333333,0.13333333333333333,0.4,0.4,0.6,15,0.36585365853658536,7.33,0.18,41,8,0.42105263157894735,8.86,0.47,19,401282797,2021,2
2084,Buffalo Bulls,31,0.3780487804878049,20,0.4,11,0.34375,0,0.0,12,0.5454545454545454,19,0.3275862068965517,58,0.5689655172413793,0.43103448275862066,-17.34,-0.3,6,0.10344827586206896,33,-10.13,-0.31,11,0.3333333333333333,25,-7.21,-0.29,8,0.32,13,0.46153846153846156,0.5384615384615384,4.9,0.38,7,0.5384615384615384,6,2.22,0.37,3,0.5,7,2.68,0.38,4,0.5714285714285714,12,9,3,24,17,7,3.23,0.13,0.5,0.375,0.125,0.7083333333333334,0.2916666666666667,19,0.34545454545454546,-22.74,-0.41,55,12,0.4444444444444444,8.64,0.32,27,401282797,2021,2
2050,Ball State Cardinals,24,0.34782608695652173,16,0.36363636363636365,8,0.32,4,0.3333333333333333,4,0.26666666666666666,18,0.35294117647058826,51,0.6078431372549019,0.39215686274509803,-6.77,-0.13,11,0.21568627450980393,31,-1.28,-0.04,14,0.45161290322580644,20,-5.49,-0.27,4,0.2,14,0.6428571428571429,0.35714285714285715,1.21,0.09,7,0.5,9,2.3,0.26,5,0.5555555555555556,5,-1.09,-0.22,2,0.4,6,2,4,18,13,5,-2.35,-0.13,0.3333333333333333,0.1111111111111111,0.2222222222222222,0.7222222222222222,0.2777777777777778,17,0.3953488372093023,-0.22,-0.01,43,7,0.2692307692307692,-8.9,-0.34,26,401282816,2021,2
213,Penn State Nittany Lions,41,0.5774647887323944,16,0.5517241379310345,25,0.5952380952380952,6,0.42857142857142855,5,0.4166666666666667,36,0.6101694915254238,59,0.3728813559322034,0.6271186440677966,17.77,0.3,19,0.3220338983050847,22,11.54,0.52,14,0.6363636363636364,37,6.23,0.17,22,0.5945945945945946,8,0.375,0.625,3.67,0.46,6,0.75,3,1.83,0.61,2,0.6666666666666666,5,1.84,0.37,4,0.8,5,2,3,12,7,5,-5.77,-0.48,0.4166666666666667,0.16666666666666666,0.25,0.5833333333333334,0.4166666666666667,35,0.6363636363636364,13.16,0.24,55,6,0.375,-1.16,-0.07,16,401282816,2021,2
25,California Golden Bears,22,0.41509433962264153,11,0.39285714285714285,11,0.44,3,0.3333333333333333,5,0.4166666666666667,17,0.425,40,0.425,0.575,11.11,0.28,8,0.2,17,7.9,0.46,7,0.4117647058823529,23,3.2,0.14,10,0.43478260869565216,4,0.5,0.5,-1.27,-0.32,2,0.5,2,-0.95,-0.47,1,0.5,2,-0.32,-0.16,1,0.5,5,4,1,13,11,2,-0.99,-0.08,0.38461538461538464,0.3076923076923077,0.07692307692307693,0.8461538461538461,0.15384615384615385,15,0.375,0.22,0.01,40,7,0.5384615384615384,9.9,0.76,13,401287900,2021,2
2628,TCU Horned Frogs,35,0.45454545454545453,13,0.40625,22,0.4888888888888889,2,0.6666666666666666,10,0.5555555555555556,25,0.423728813559322,59,0.3389830508474576,0.6610169491525424,9.51,0.16,14,0.23728813559322035,20,0.7,0.03,8,0.4,39,8.82,0.23,17,0.4358974358974359,15,0.4666666666666667,0.5333333333333333,11.02,0.73,8,0.5333333333333333,7,3.7,0.53,4,0.5714285714285714,8,7.32,0.92,4,0.5,10,5,5,18,12,6,8.13,0.45,0.5555555555555556,0.2777777777777778,0.2777777777777778,0.6666666666666666,0.3333333333333333,23,0.4791666666666667,12.95,0.27,48,12,0.41379310344827586,4.69,0.16,29,401287900,2021,2
2006,Akron Zips,34,0.40476190476190477,15,0.38461538461538464,19,0.4222222222222222,5,0.625,4,0.3076923076923077,28,0.417910447761194,67,0.44776119402985076,0.5522388059701493,0.34,0.01,19,0.2835820895522388,30,-5.68,-0.19,11,0.36666666666666664,37,6.02,0.16,17,0.4594594594594595,5,1.0,0.0,-2.8,-0.56,0,0.0,5,-2.8,-0.56,0,0.0,,,,,,6,4,2,17,9,8,1.34,0.08,0.35294117647058826,0.23529411764705882,0.11764705882352941,0.5294117647058824,0.47058823529411764,24,0.42857142857142855,-1.16,-0.02,56,10,0.35714285714285715,2.84,0.1,28,401300999,2021,2
218,Temple Owls,30,0.4838709677419355,12,0.46153846153846156,18,0.5,5,0.4166666666666667,5,0.35714285714285715,24,0.5106382978723404,47,0.3191489361702128,0.6808510638297872,10.21,0.22,12,0.2553191489361702,15,10.32,0.69,9,0.6,32,-0.11,-0.0,15,0.46875,16,0.5625,0.4375,3.77,0.24,8,0.5,9,3.09,0.34,5,0.5555555555555556,7,0.68,0.1,3,0.42857142857142855,6,3,3,15,11,4,0.69,0.05,0.4,0.2,0.2,0.7333333333333333,0.26666666666666666,26,0.5909090909090909,16.92,0.38,44,4,0.2222222222222222,-6.02,-0.33,18,401300999,2021,2
2426,Navy Midshipmen,9,0.20454545454545456,3,0.2,6,0.20689655172413793,1,0.125,1,0.08333333333333333,7,0.23333333333333334,30,0.3,0.7,-14.57,-0.49,3,0.1,9,-3.68,-0.41,3,0.3333333333333333,21,-10.89,-0.52,4,0.19047619047619047,6,0.3333333333333333,0.6666666666666666,-2.77,-0.46,1,0.16666666666666666,2,-1.41,-0.7,0,0.0,4,-1.36,-0.34,1,0.25,2,0,2,14,6,8,-12.39,-0.88,0.14285714285714285,0.0,0.14285714285714285,0.42857142857142855,0.5714285714285714,5,0.19230769230769232,-16.12,-0.62,26,4,0.2222222222222222,-10.83,-0.6,18,401301004,2021,2
2005,Air Force Falcons,18,0.2647058823529412,3,0.2727272727272727,15,0.2631578947368421,4,0.5,7,0.3888888888888889,10,0.20408163265306123,49,0.14285714285714285,0.8571428571428571,-14.25,-0.29,5,0.10204081632653061,7,-3.28,-0.47,1,0.14285714285714285,42,-10.98,-0.26,9,0.21428571428571427,7,0.14285714285714285,0.8571428571428571,1.16,0.17,2,0.2857142857142857,1,2.36,2.36,1,1.0,6,-1.2,-0.2,1,0.16666666666666666,8,2,6,19,4,15,2.84,0.15,0.42105263157894735,0.10526315789473684,0.3157894736842105,0.21052631578947367,0.7894736842105263,10,0.2631578947368421,-5.94,-0.16,38,8,0.26666666666666666,-5.48,-0.18,30,401301004,2021,2
6,South Alabama Jaguars,23,0.27058823529411763,13,0.2549019607843137,9,0.2727272727272727,6,0.5,7,0.3888888888888889,15,0.234375,64,0.5625,0.4375,-30.72,-0.48,15,0.234375,36,-20.27,-0.56,9,0.25,28,-10.45,-0.37,6,0.21428571428571427,16,0.5625,0.4375,-7.39,-0.46,3,0.1875,9,-6.42,-0.71,1,0.1111111111111111,7,-0.97,-0.14,2,0.2857142857142857,8,4,3,21,15,5,-2.63,-0.13,0.38095238095238093,0.19047619047619047,0.14285714285714285,0.7142857142857143,0.23809523809523808,12,0.2222222222222222,-22.38,-0.41,54,11,0.3548387096774194,-10.97,-0.35,31,401309546,2021,2
189,Bowling Green Falcons,11,0.19642857142857142,6,0.15789473684210525,5,0.2777777777777778,0,0.0,2,0.15384615384615385,9,0.21428571428571427,42,0.6428571428571429,0.35714285714285715,-12.75,-0.3,9,0.21428571428571427,27,-11.73,-0.43,4,0.14814814814814814,15,-1.02,-0.07,5,0.3333333333333333,18,0.6111111111111112,0.3888888888888889,-9.47,-0.53,3,0.16666666666666666,11,-7.71,-0.7,2,0.18181818181818182,7,-1.76,-0.25,1,0.14285714285714285,2,2,0,14,11,3,-12.86,-0.92,0.14285714285714285,0.14285714285714285,0.0,0.7857142857142857,0.21428571428571427,9,0.28125,-5.98,-0.19,32,2,0.08333333333333333,-19.62,-0.82,24,401309546,2021,2
2569,South Carolina State Bulldogs,13,0.21311475409836064,7,0.25,6,0.18181818181818182,1,0.14285714285714285,2,0.125,10,0.23255813953488372,43,0.3953488372093023,0.6046511627906976,-15.0,-0.35,6,0.13953488372093023,17,-7.44,-0.44,5,0.29411764705882354,26,-7.57,-0.29,5,0.19230769230769232,8,0.75,0.25,-1.53,-0.19,2,0.25,6,-0.62,-0.1,2,0.3333333333333333,2,-0.91,-0.46,0,0.0,3,2,1,18,11,7,-6.55,-0.36,0.16666666666666666,0.1111111111111111,0.05555555555555555,0.6111111111111112,0.3888888888888889,7,0.23333333333333334,-18.24,-0.61,30,6,0.1935483870967742,-3.31,-0.11,31,401282615,2021,2
228,Clemson Tigers,40,0.5333333333333333,18,0.46153846153846156,22,0.6111111111111112,16,0.6956521739130435,8,0.6153846153846154,32,0.5161290322580645,62,0.5645161290322581,0.43548387096774194,11.93,0.19,15,0.24193548387096775,35,1.68,0.05,18,0.5142857142857142,27,10.25,0.38,14,0.5185185185185185,11,0.6363636363636364,0.36363636363636365,-2.27,-0.21,5,0.45454545454545453,7,-3.14,-0.45,3,0.42857142857142855,4,0.87,0.22,2,0.5,8,0,8,13,4,9,1.48,0.11,0.6153846153846154,0.0,0.6153846153846154,0.3076923076923077,0.6923076923076923,35,0.5833333333333334,15.0,0.25,60,5,0.3333333333333333,-1.59,-0.11,15,401282615,2021,2
2341,Long Island University Sharks,13,0.26,6,0.2727272727272727,7,0.25,1,0.3333333333333333,3,0.23076923076923078,10,0.2702702702702703,37,0.35135135135135137,0.6486486486486487,-10.3,-0.28,3,0.08108108108108109,13,-4.38,-0.34,4,0.3076923076923077,24,-5.92,-0.25,6,0.25,19,0.5789473684210527,0.42105263157894735,-5.86,-0.31,6,0.3157894736842105,11,-0.57,-0.05,5,0.45454545454545453,8,-5.29,-0.66,1,0.125,3,2,1,13,9,4,-6.21,-0.48,0.23076923076923078,0.15384615384615385,0.07692307692307693,0.6923076923076923,0.3076923076923077,10,0.35714285714285715,-4.09,-0.15,28,3,0.13636363636363635,-12.42,-0.56,22,401287902,2021,2
277,West Virginia Mountaineers,45,0.4945054945054945,19,0.5428571428571428,26,0.4642857142857143,15,0.5172413793103449,10,0.625,31,0.44285714285714284,70,0.42857142857142855,0.5714285714285714,-1.24,-0.02,14,0.2,30,6.41,0.21,15,0.5,40,-7.65,-0.19,16,0.4,14,0.6428571428571429,0.35714285714285715,9.03,0.65,8,0.5714285714285714,9,6.97,0.77,5,0.5555555555555556,5,2.06,0.41,3,0.6,14,4,10,21,5,16,19.97,0.95,0.6666666666666666,0.19047619047619047,0.47619047619047616,0.23809523809523808,0.7619047619047619,28,0.4444444444444444,-5.08,-0.08,63,17,0.6071428571428571,23.8,0.85,28,401287902,2021,2
2711,Western Michigan Broncos,35,0.5072463768115942,11,0.4782608695652174,24,0.5217391304347826,9,0.6428571428571429,8,0.6153846153846154,26,0.48148148148148145,54,0.3148148148148148,0.6851851851851852,11.24,0.21,12,0.2222222222222222,17,3.13,0.18,7,0.4117647058823529,37,8.11,0.22,19,0.5135135135135135,10,0.7,0.3,1.49,0.15,4,0.4,7,0.73,0.1,3,0.42857142857142855,3,0.76,0.25,1,0.3333333333333333,9,4,5,15,6,9,4.21,0.28,0.6,0.26666666666666666,0.3333333333333333,0.4,0.6,30,0.5555555555555556,14.49,0.27,54,5,0.3333333333333333,0.95,0.06,15,401309544,2021,2
2287,Illinois State Redbirds,7,0.1590909090909091,2,0.09090909090909091,5,0.22727272727272727,,,1,0.08333333333333333,5,0.16666666666666666,30,0.43333333333333335,0.5666666666666667,-12.24,-0.41,2,0.06666666666666667,13,-8.8,-0.68,2,0.15384615384615385,17,-3.44,-0.2,3,0.17647058823529413,7,0.2857142857142857,0.7142857142857143,-3.94,-0.56,1,0.14285714285714285,2,-1.53,-0.76,0,0.0,5,-2.41,-0.48,1,0.2,2,0,2,14,9,5,-12.47,-0.89,0.14285714285714285,0.0,0.14285714285714285,0.6428571428571429,0.35714285714285715,4,0.19047619047619047,-7.78,-0.37,21,3,0.13043478260869565,-16.93,-0.74,23,401309544,2021,2
2429,Charlotte 49ers,27,0.36486486486486486,7,0.25925925925925924,20,0.425531914893617,6,0.375,10,0.625,16,0.2857142857142857,56,0.39285714285714285,0.6071428571428571,-22.2,-0.4,14,0.25,22,-18.05,-0.82,5,0.22727272727272727,34,-4.16,-0.12,11,0.3235294117647059,19,0.47368421052631576,0.5263157894736842,-18.11,-0.95,3,0.15789473684210525,9,-13.35,-1.48,1,0.1111111111111111,10,-4.76,-0.48,2,0.2,11,2,9,18,5,13,4.44,0.25,0.6111111111111112,0.1111111111111111,0.5,0.2777777777777778,0.7222222222222222,18,0.3829787234042553,-9.7,-0.21,47,9,0.3333333333333333,-8.06,-0.3,27,401282181,2021,2
2241,Gardner-Webb Runnin' Bulldogs,15,0.2459016393442623,5,0.19230769230769232,10,0.2857142857142857,1,0.25,5,0.3333333333333333,8,0.19047619047619047,42,0.38095238095238093,0.6190476190476191,-28.15,-0.67,8,0.19047619047619047,16,-10.53,-0.66,2,0.125,26,-17.62,-0.68,6,0.23076923076923078,19,0.3157894736842105,0.6842105263157895,-21.03,-1.11,1,0.05263157894736842,6,-4.6,-0.77,0,0.0,13,-16.43,-1.26,1,0.07692307692307693,7,3,4,19,10,9,-5.82,-0.31,0.3684210526315789,0.15789473684210525,0.21052631578947367,0.5263157894736842,0.47368421052631576,9,0.23076923076923078,-20.02,-0.51,39,6,0.2727272727272727,-13.96,-0.63,22,401282181,2021,2
2636,UTSA Roadrunners,31,0.5166666666666667,18,0.5625,13,0.4642857142857143,6,0.46153846153846156,11,0.7333333333333333,19,0.4318181818181818,44,0.5,0.5,0.37,0.01,8,0.18181818181818182,22,3.8,0.17,11,0.5,22,-3.43,-0.16,8,0.36363636363636365,12,0.5,0.5,3.25,0.27,8,0.6666666666666666,6,1.64,0.27,4,0.6666666666666666,6,1.62,0.27,4,0.6666666666666666,12,7,5,16,10,6,19.79,1.24,0.75,0.4375,0.3125,0.625,0.375,21,0.4772727272727273,12.63,0.29,44,10,0.625,7.53,0.47,16,401282192,2021,2
2320,Lamar Cardinals,16,0.3404255319148936,3,0.23076923076923078,13,0.38235294117647056,,,4,0.36363636363636365,12,0.3333333333333333,36,0.2777777777777778,0.7222222222222222,-7.15,-0.2,6,0.16666666666666666,10,-3.48,-0.35,2,0.2,26,-3.67,-0.14,10,0.38461538461538464,4,0.25,0.75,-1.31,-0.33,1,0.25,1,-0.49,-0.49,0,0.0,3,-0.82,-0.27,1,0.3333333333333333,4,1,3,11,3,8,-1.83,-0.17,0.36363636363636365,0.09090909090909091,0.2727272727272727,0.2727272727272727,0.7272727272727273,11,0.4074074074074074,-2.29,-0.08,27,5,0.25,-6.69,-0.33,20,401282192,2021,2
265,Washington State Cougars,36,0.5806451612903226,19,0.59375,17,0.5666666666666667,8,0.7272727272727273,4,0.4,31,0.62,50,0.5,0.5,20.7,0.41,16,0.32,25,14.38,0.58,17,0.68,25,6.32,0.25,14,0.56,10,0.7,0.3,10.3,1.03,9,0.9,7,9.54,1.36,7,1.0,3,0.76,0.25,2,0.6666666666666666,5,2,3,12,7,5,-0.31,-0.03,0.4166666666666667,0.16666666666666666,0.25,0.5833333333333334,0.4166666666666667,29,0.6304347826086957,16.57,0.36,46,7,0.4375,3.83,0.24,16,401309845,2021,2
2502,Portland State Vikings,37,0.4805194805194805,24,0.46153846153846156,13,0.52,3,0.21428571428571427,6,0.42857142857142855,31,0.5081967213114754,61,0.6557377049180327,0.3442622950819672,7.1,0.12,20,0.32786885245901637,40,7.74,0.19,21,0.525,21,-0.64,-0.03,10,0.47619047619047616,14,0.7142857142857143,0.2857142857142857,3.66,0.26,8,0.5714285714285714,10,1.74,0.17,5,0.5,4,1.92,0.48,3,0.75,6,3,3,16,12,4,-4.46,-0.28,0.375,0.1875,0.1875,0.75,0.25,30,0.5357142857142857,6.15,0.11,56,7,0.3333333333333333,-3.51,-0.17,21,401309845,2021,2
248,Houston Cougars,32,0.47761194029850745,18,0.5,14,0.45161290322580644,8,0.8,8,0.6153846153846154,24,0.4444444444444444,54,0.5185185185185185,0.48148148148148145,2.99,0.06,10,0.18518518518518517,28,3.52,0.13,14,0.5,26,-0.54,-0.02,10,0.38461538461538464,16,0.5625,0.4375,3.18,0.2,8,0.5,9,3.13,0.35,5,0.5555555555555556,7,0.06,0.01,3,0.42857142857142855,8,4,4,13,8,5,10.39,0.8,0.6153846153846154,0.3076923076923077,0.3076923076923077,0.6153846153846154,0.38461538461538464,23,0.4791666666666667,3.31,0.07,48,9,0.47368421052631576,10.07,0.53,19,401282189,2021,2
242,Rice Owls,21,0.3888888888888889,7,0.3181818181818182,14,0.4375,2,0.3333333333333333,6,0.5,15,0.35714285714285715,42,0.30952380952380953,0.6904761904761905,-17.86,-0.43,6,0.14285714285714285,13,-17.95,-1.38,4,0.3076923076923077,29,0.09,0.0,11,0.3793103448275862,1,1.0,0.0,2.1,2.1,1,1.0,1,2.1,2.1,1,1.0,,,,,,6,3,3,12,9,3,-1.76,-0.15,0.5,0.25,0.25,0.75,0.25,17,0.4594594594594595,-10.27,-0.28,37,4,0.23529411764705882,-9.34,-0.55,17,401282189,2021,2
2116,UCF Knights,55,0.6395348837209303,27,0.6,28,0.6829268292682927,13,0.7222222222222222,6,0.5454545454545454,45,0.6338028169014085,71,0.4788732394366197,0.5211267605633803,22.65,0.32,24,0.3380281690140845,34,9.88,0.29,20,0.5882352941176471,37,12.77,0.35,25,0.6756756756756757,10,0.7,0.3,8.29,0.83,6,0.6,7,2.89,0.41,3,0.42857142857142855,3,5.4,1.8,3,1.0,10,7,3,15,11,4,18.99,1.27,0.6666666666666666,0.4666666666666667,0.2,0.7333333333333333,0.26666666666666666,42,0.6666666666666666,24.71,0.39,63,13,0.5652173913043478,16.93,0.74,23,401301001,2021,2
2065,Bethune-Cookman Wildcats,24,0.38095238095238093,20,0.40816326530612246,4,0.2857142857142857,2,0.5,8,0.5333333333333333,15,0.3191489361702128,47,0.723404255319149,0.2765957446808511,-7.61,-0.16,7,0.14893617021276595,34,-4.47,-0.13,12,0.35294117647058826,13,-3.15,-0.24,3,0.23076923076923078,11,0.7272727272727273,0.2727272727272727,3.88,0.35,6,0.5454545454545454,8,3.45,0.43,4,0.5,3,0.43,0.14,2,0.6666666666666666,9,8,1,16,15,1,12.32,0.77,0.5625,0.5,0.0625,0.9375,0.0625,16,0.43243243243243246,3.28,0.09,37,8,0.3076923076923077,1.43,0.05,26,401301001,2021,2
152,NC State Wolfpack,28,0.36363636363636365,21,0.375,7,0.3333333333333333,3,0.375,6,0.2857142857142857,21,0.39622641509433965,53,0.6226415094339622,0.37735849056603776,-6.24,-0.12,9,0.16981132075471697,33,-0.53,-0.02,14,0.42424242424242425,20,-5.71,-0.29,7,0.35,8,0.75,0.25,0.44,0.06,4,0.5,6,1.17,0.2,3,0.5,2,-0.73,-0.37,1,0.5,7,7,0,24,23,1,-6.01,-0.25,0.2916666666666667,0.2916666666666667,0.0,0.9583333333333334,0.041666666666666664,19,0.40425531914893614,1.24,0.03,47,9,0.3,-13.49,-0.45,30,401282064,2021,2
344,Mississippi State Bulldogs,24,0.36363636363636365,21,0.40384615384615385,3,0.21428571428571427,3,0.5,3,0.21428571428571427,20,0.4,50,0.72,0.28,1.87,0.04,10,0.2,36,6.94,0.19,17,0.4722222222222222,14,-5.08,-0.36,3,0.21428571428571427,11,0.7272727272727273,0.2727272727272727,9.89,0.9,8,0.7272727272727273,8,10.33,1.29,6,0.75,3,-0.43,-0.14,2,0.6666666666666666,4,4,0,16,16,0,-5.66,-0.35,0.25,0.25,0.0,1.0,0.0,16,0.3902439024390244,-1.54,-0.04,41,8,0.32,-2.25,-0.09,25,401282064,2021,2
2229,Florida International Panthers,27,0.391304347826087,12,0.3870967741935484,14,0.3888888888888889,4,0.4444444444444444,8,0.4444444444444444,19,0.37254901960784315,51,0.35294117647058826,0.6274509803921569,-1.16,-0.02,7,0.13725490196078433,18,4.18,0.23,7,0.3888888888888889,32,-6.06,-0.19,11,0.34375,13,0.5384615384615384,0.46153846153846156,10.09,0.78,8,0.6153846153846154,7,7.83,1.12,3,0.42857142857142855,6,2.26,0.38,5,0.8333333333333334,8,5,3,18,13,4,-4.89,-0.27,0.4444444444444444,0.2777777777777778,0.16666666666666666,0.7222222222222222,0.2222222222222222,17,0.3695652173913043,-6.71,-0.15,46,10,0.43478260869565216,0.66,0.03,23,401282182,2021,2
326,Texas State Bobcats,31,0.43661971830985913,12,0.35294117647058826,19,0.5135135135135135,3,0.5,5,0.3333333333333333,25,0.45454545454545453,55,0.4909090909090909,0.509090909090909,4.59,0.08,13,0.23636363636363636,27,-1.35,-0.05,11,0.4074074074074074,28,5.94,0.21,14,0.5,8,0.625,0.375,-1.81,-0.23,3,0.375,5,-4.83,-0.97,0,0.0,3,3.02,1.01,3,1.0,6,1,5,16,7,9,-5.02,-0.31,0.375,0.0625,0.3125,0.4375,0.5625,23,0.46,2.63,0.05,50,8,0.38095238095238093,-3.07,-0.15,21,401282182,2021,2
2545,SE Louisiana Lions,59,0.46825396825396826,44,0.4731182795698925,15,0.45454545454545453,12,0.5454545454545454,10,0.5263157894736842,47,0.4519230769230769,104,0.7211538461538461,0.27884615384615385,6.75,0.06,37,0.3557692307692308,75,13.1,0.17,36,0.48,29,-6.36,-0.22,11,0.3793103448275862,32,0.71875,0.28125,0.7,0.02,13,0.40625,23,3.83,0.17,9,0.391304347826087,9,-3.14,-0.35,4,0.4444444444444444,12,8,4,22,18,4,8.18,0.37,0.5454545454545454,0.36363636363636365,0.18181818181818182,0.8181818181818182,0.18181818181818182,42,0.47191011235955055,6.08,0.07,89,17,0.4594594594594595,8.84,0.24,37,401282184,2021,2
2348,Louisiana Tech Bulldogs,38,0.40425531914893614,20,0.5,18,0.3333333333333333,4,0.3333333333333333,8,0.42105263157894735,27,0.38571428571428573,70,0.35714285714285715,0.6428571428571429,-5.53,-0.08,16,0.22857142857142856,25,5.77,0.23,13,0.52,45,-11.3,-0.25,14,0.3111111111111111,31,0.45161290322580644,0.5483870967741935,-6.39,-0.21,12,0.3870967741935484,14,2.28,0.16,7,0.5,17,-8.67,-0.51,5,0.29411764705882354,11,7,4,24,15,9,9.88,0.41,0.4583333333333333,0.2916666666666667,0.16666666666666666,0.625,0.375,27,0.39705882352941174,5.94,0.09,68,11,0.4230769230769231,-1.59,-0.06,26,401282184,2021,2
249,North Texas Mean Green,38,0.40425531914893614,25,0.45454545454545453,13,0.3333333333333333,0,0.0,6,0.3333333333333333,32,0.4444444444444444,72,0.5555555555555556,0.4444444444444444,-1.67,-0.02,18,0.25,40,5.31,0.13,21,0.525,32,-6.98,-0.22,11,0.34375,20,0.45,0.55,0.78,0.04,11,0.55,9,2.46,0.27,6,0.6666666666666666,11,-1.68,-0.15,5,0.45454545454545453,6,4,2,22,15,7,-16.59,-0.75,0.2727272727272727,0.18181818181818182,0.09090909090909091,0.6818181818181818,0.3181818181818182,25,0.3968253968253968,-16.0,-0.25,63,13,0.41935483870967744,-2.25,-0.07,31,401282187,2021,2
2567,SMU Mustangs,28,0.45901639344262296,15,0.4838709677419355,13,0.43333333333333335,2,0.6666666666666666,3,0.3,25,0.5,50,0.46,0.54,15.87,0.32,10,0.2,23,16.28,0.71,14,0.6086956521739131,27,-0.42,-0.02,11,0.4074074074074074,10,0.6,0.4,7.89,0.79,5,0.5,6,9.05,1.51,4,0.6666666666666666,4,-1.16,-0.29,1,0.25,3,1,2,11,8,3,-7.47,-0.68,0.2727272727272727,0.09090909090909091,0.18181818181818182,0.7272727272727273,0.2727272727272727,23,0.5,5.27,0.11,46,5,0.3333333333333333,3.12,0.21,15,401282187,2021,2
295,Old Dominion Monarchs,42,0.5121951219512195,14,0.5,28,0.5185185185185185,11,0.44,8,0.6153846153846154,33,0.4852941176470588,68,0.3235294117647059,0.6764705882352942,14.67,0.22,19,0.27941176470588236,22,7.59,0.34,12,0.5454545454545454,46,7.09,0.15,21,0.45652173913043476,12,0.4166666666666667,0.5833333333333334,2.82,0.23,6,0.5,5,0.6,0.12,1,0.2,7,2.22,0.32,5,0.7142857142857143,9,2,7,14,6,8,8.8,0.63,0.6428571428571429,0.14285714285714285,0.5,0.42857142857142855,0.5714285714285714,29,0.46774193548387094,7.84,0.13,62,13,0.65,15.63,0.78,20,401282188,2021,2
2261,Hampton Pirates,20,0.35714285714285715,6,0.3157894736842105,14,0.3783783783783784,,,6,0.42857142857142855,13,0.325,40,0.3,0.7,-3.34,-0.08,6,0.15,12,1.81,0.15,5,0.4166666666666667,28,-5.15,-0.18,8,0.2857142857142857,11,0.09090909090909091,0.9090909090909091,-1.39,-0.13,4,0.36363636363636365,1,-0.94,-0.94,0,0.0,10,-0.45,-0.04,4,0.4,7,1,6,16,7,9,-4.12,-0.26,0.4375,0.0625,0.375,0.4375,0.5625,17,0.4857142857142857,6.49,0.19,35,3,0.14285714285714285,-13.95,-0.66,21,401282188,2021,2
2572,Southern Miss Golden Eagles,28,0.3888888888888889,9,0.3333333333333333,19,0.4222222222222222,2,0.14285714285714285,9,0.5294117647058824,19,0.34545454545454546,55,0.32727272727272727,0.6727272727272727,-6.48,-0.12,11,0.2,18,-1.75,-0.1,6,0.3333333333333333,37,-4.73,-0.13,13,0.35135135135135137,11,0.36363636363636365,0.6363636363636364,-6.64,-0.6,3,0.2727272727272727,4,-0.58,-0.15,1,0.25,7,-6.06,-0.87,2,0.2857142857142857,9,3,6,17,9,8,12.25,0.72,0.5294117647058824,0.17647058823529413,0.35294117647058826,0.5294117647058824,0.47058823529411764,17,0.425,8.5,0.21,40,11,0.34375,-2.73,-0.09,32,401282190,2021,2
2755,Grambling Tigers,15,0.2631578947368421,9,0.2727272727272727,6,0.25,,,4,0.25,11,0.2682926829268293,41,0.5609756097560976,0.43902439024390244,-14.73,-0.36,5,0.12195121951219512,23,-10.19,-0.44,6,0.2608695652173913,18,-4.54,-0.25,5,0.2777777777777778,9,0.5555555555555556,0.4444444444444444,-2.1,-0.23,4,0.4444444444444444,5,-1.67,-0.33,2,0.4,4,-0.43,-0.11,2,0.5,4,3,1,16,10,6,-5.09,-0.32,0.25,0.1875,0.0625,0.625,0.375,8,0.26666666666666666,-12.57,-0.42,30,7,0.25925925925925924,-7.24,-0.27,27,401282190,2021,2
97,Louisville Cardinals,25,0.3968253968253968,12,0.46153846153846156,13,0.35135135135135137,4,0.4,4,0.3076923076923077,19,0.3958333333333333,48,0.3541666666666667,0.6458333333333334,4.89,0.1,10,0.20833333333333334,17,3.73,0.22,8,0.47058823529411764,31,1.16,0.04,11,0.3548387096774194,9,0.3333333333333333,0.6666666666666666,5.77,0.64,6,0.6666666666666666,3,3.66,1.22,2,0.6666666666666666,6,2.12,0.35,4,0.6666666666666666,6,4,2,15,9,6,-2.65,-0.18,0.4,0.26666666666666666,0.13333333333333333,0.6,0.4,22,0.4888888888888889,13.28,0.3,45,3,0.16666666666666666,-11.05,-0.61,18,401282619,2021,2
2198,Eastern Kentucky Colonels,17,0.30357142857142855,11,0.3142857142857143,6,0.2857142857142857,,,4,0.3333333333333333,13,0.29545454545454547,44,0.5909090909090909,0.4090909090909091,-13.39,-0.3,8,0.18181818181818182,26,-10.94,-0.42,8,0.3076923076923077,18,-2.45,-0.14,5,0.2777777777777778,7,0.42857142857142855,0.5714285714285714,-1.36,-0.19,2,0.2857142857142857,3,-0.7,-0.23,1,0.3333333333333333,4,-0.67,-0.17,1,0.25,4,3,1,12,9,3,-3.06,-0.26,0.3333333333333333,0.25,0.08333333333333333,0.75,0.25,10,0.29411764705882354,-11.09,-0.33,34,7,0.3181818181818182,-5.37,-0.24,22,401282619,2021,2
2335,Liberty Flames,27,0.48214285714285715,8,0.38095238095238093,19,0.5428571428571428,5,0.45454545454545453,6,0.46153846153846156,19,0.4634146341463415,41,0.36585365853658536,0.6341463414634146,0.51,0.01,8,0.1951219512195122,15,1.03,0.07,6,0.4,26,-0.53,-0.02,13,0.5,14,0.35714285714285715,0.6428571428571429,-3.11,-0.22,5,0.35714285714285715,5,-4.64,-0.93,0,0.0,9,1.53,0.17,5,0.5555555555555556,8,2,6,15,6,9,6.86,0.46,0.5333333333333333,0.13333333333333333,0.4,0.4,0.6,22,0.55,9.14,0.23,40,5,0.3125,-1.77,-0.11,16,401286295,2021,2
2653,Troy Trojans,22,0.4583333333333333,15,0.5,7,0.3888888888888889,3,0.42857142857142855,4,0.36363636363636365,16,0.45714285714285713,35,0.5714285714285714,0.42857142857142855,-2.98,-0.09,7,0.2,20,-3.78,-0.19,11,0.55,15,0.81,0.05,5,0.3333333333333333,3,0.6666666666666666,0.3333333333333333,-2.41,-0.8,1,0.3333333333333333,2,-1.89,-0.94,1,0.5,1,-0.52,-0.52,0,0.0,6,4,2,13,10,3,2.44,0.19,0.46153846153846156,0.3076923076923077,0.15384615384615385,0.7692307692307693,0.23076923076923078,15,0.40540540540540543,-8.83,-0.24,37,7,0.6363636363636364,8.29,0.75,11,401286295,2021,2
2640,Texas Southern Tigers,24,0.4,8,0.3333333333333333,16,0.4444444444444444,3,0.42857142857142855,5,0.4166666666666667,19,0.41304347826086957,46,0.30434782608695654,0.6956521739130435,4.56,0.1,13,0.2826086956521739,14,3.52,0.25,5,0.35714285714285715,32,1.04,0.03,14,0.4375,9,0.4444444444444444,0.5555555555555556,-1.93,-0.21,2,0.2222222222222222,4,1.94,0.49,2,0.5,5,-3.87,-0.77,0,0.0,5,3,2,14,10,4,-0.21,-0.02,0.35714285714285715,0.21428571428571427,0.14285714285714285,0.7142857142857143,0.2857142857142857,12,0.3333333333333333,-6.58,-0.18,36,12,0.5,10.93,0.46,24,401287895,2021,2
239,Baylor Bears,45,0.6338028169014085,15,0.5357142857142857,30,0.6976744186046512,10,0.5263157894736842,5,0.5,37,0.6379310344827587,58,0.3793103448275862,0.6206896551724138,28.1,0.48,19,0.3275862068965517,22,15.45,0.7,13,0.5909090909090909,36,12.65,0.35,24,0.6666666666666666,9,0.7777777777777778,0.2222222222222222,8.64,0.96,7,0.7777777777777778,7,7.71,1.1,5,0.7142857142857143,2,0.94,0.47,2,1.0,8,2,6,13,6,7,10.25,0.79,0.6153846153846154,0.15384615384615385,0.46153846153846156,0.46153846153846156,0.5384615384615384,39,0.6842105263157895,38.67,0.68,57,6,0.42857142857142855,-0.32,-0.02,14,401287895,2021,2
79,Southern Illinois Salukis,30,0.44776119402985076,14,0.4375,16,0.45714285714285713,6,0.6666666666666666,4,0.2857142857142857,24,0.47058823529411764,51,0.47058823529411764,0.5294117647058824,-0.0,-0.0,10,0.19607843137254902,24,-1.86,-0.08,12,0.5,27,1.85,0.07,12,0.4444444444444444,8,0.625,0.375,-3.41,-0.43,1,0.125,5,-3.49,-0.7,0,0.0,3,0.08,0.03,1,0.3333333333333333,6,2,4,16,8,8,-6.42,-0.4,0.375,0.125,0.25,0.5,0.5,19,0.3877551020408163,-13.56,-0.28,49,11,0.6111111111111112,7.13,0.4,18,401287897,2021,2
2306,Kansas State Wildcats,39,0.5652173913043478,8,0.36363636363636365,31,0.6595744680851063,11,0.6111111111111112,4,0.4,34,0.5862068965517241,58,0.2413793103448276,0.7586206896551724,1.96,0.03,18,0.3103448275862069,14,-8.74,-0.62,4,0.2857142857142857,44,10.7,0.24,30,0.6818181818181818,22,0.36363636363636365,0.6363636363636364,-6.84,-0.31,11,0.5,8,-7.71,-0.96,4,0.5,14,0.87,0.06,7,0.5,5,4,1,11,8,3,-0.19,-0.02,0.45454545454545453,0.36363636363636365,0.09090909090909091,0.7272727272727273,0.2727272727272727,35,0.6730769230769231,10.12,0.19,52,4,0.23529411764705882,-8.34,-0.49,17,401287897,2021,2
235,Memphis Tigers,28,0.4117647058823529,15,0.42857142857142855,13,0.3939393939393939,2,0.3333333333333333,7,0.5833333333333334,21,0.375,56,0.5,0.5,21.15,0.38,9,0.16071428571428573,28,8.81,0.31,10,0.35714285714285715,28,12.34,0.44,11,0.39285714285714285,5,0.2,0.8,3.97,0.79,2,0.4,1,-0.97,-0.97,0,0.0,4,4.94,1.23,2,0.5,7,5,2,12,7,5,12.66,1.06,0.5833333333333334,0.4166666666666667,0.16666666666666666,0.5833333333333334,0.4166666666666667,17,0.38636363636363635,13.67,0.31,44,11,0.4583333333333333,20.14,0.84,24,401301003,2021,2
2032,Arkansas State Red Wolves,46,0.46938775510204084,35,0.5147058823529411,11,0.36666666666666664,6,0.5,10,0.5263157894736842,35,0.44871794871794873,78,0.6410256410256411,0.358974358974359,24.37,0.31,20,0.2564102564102564,50,26.88,0.54,26,0.52,28,-2.5,-0.09,9,0.32142857142857145,22,0.5909090909090909,0.4090909090909091,10.27,0.47,15,0.6818181818181818,13,4.98,0.38,9,0.6923076923076923,9,5.28,0.59,6,0.6666666666666666,11,9,2,20,18,2,7.05,0.35,0.55,0.45,0.1,0.9,0.1,32,0.48484848484848486,17.63,0.27,66,14,0.4375,13.8,0.43,32,401301003,2021,2
2447,Nicholls Colonels,31,0.41333333333333333,19,0.4634146341463415,12,0.35294117647058826,3,0.42857142857142855,9,0.5625,22,0.3793103448275862,58,0.5689655172413793,0.43103448275862066,6.34,0.11,15,0.25862068965517243,33,6.12,0.19,15,0.45454545454545453,25,0.22,0.01,7,0.28,15,0.4666666666666667,0.5333333333333333,1.07,0.07,5,0.3333333333333333,7,-0.64,-0.09,2,0.2857142857142857,8,1.71,0.21,3,0.375,9,4,5,17,8,9,7.47,0.44,0.5294117647058824,0.23529411764705882,0.29411764705882354,0.47058823529411764,0.5294117647058824,19,0.41304347826086957,2.21,0.05,46,12,0.41379310344827586,11.6,0.4,29,401309603,2021,2
309,Louisiana Ragin' Cajuns,29,0.4603174603174603,18,0.5294117647058824,11,0.3793103448275862,3,0.5,5,0.35714285714285715,23,0.48936170212765956,47,0.5957446808510638,0.40425531914893614,8.13,0.17,11,0.23404255319148937,28,13.19,0.47,15,0.5357142857142857,19,-5.06,-0.27,8,0.42105263157894735,6,0.5,0.5,-2.39,-0.4,0,0.0,3,-0.74,-0.25,0,0.0,3,-1.65,-0.55,0,0.0,6,3,3,16,6,10,-2.58,-0.16,0.375,0.1875,0.1875,0.375,0.625,22,0.5365853658536586,7.7,0.19,41,7,0.3181818181818182,-2.15,-0.1,22,401309603,2021,2
166,New Mexico State Aggies,22,0.3333333333333333,13,0.29545454545454547,9,0.4090909090909091,1,0.16666666666666666,4,0.3076923076923077,18,0.33962264150943394,53,0.6792452830188679,0.32075471698113206,-4.21,-0.08,8,0.1509433962264151,36,-3.9,-0.11,10,0.2777777777777778,17,-0.3,-0.02,8,0.47058823529411764,13,0.5384615384615384,0.46153846153846156,2.11,0.16,5,0.38461538461538464,7,4.09,0.58,2,0.2857142857142857,6,-1.98,-0.33,3,0.5,4,3,1,13,8,5,-6.83,-0.53,0.3076923076923077,0.23076923076923078,0.07692307692307693,0.6153846153846154,0.38461538461538464,14,0.3333333333333333,-4.73,-0.11,42,8,0.3333333333333333,-6.3,-0.26,24,401310700,2021,2
167,New Mexico Lobos,37,0.4805194805194805,19,0.5135135135135135,18,0.45,5,0.3333333333333333,5,0.35714285714285715,31,0.5254237288135594,59,0.5084745762711864,0.4915254237288136,14.97,0.25,17,0.288135593220339,30,11.8,0.39,16,0.5333333333333333,29,3.16,0.11,15,0.5172413793103449,20,0.5,0.5,9.21,0.46,10,0.5,10,6.29,0.63,4,0.4,10,2.93,0.29,6,0.6,6,3,3,18,7,11,-4.88,-0.27,0.3333333333333333,0.16666666666666666,0.16666666666666666,0.3888888888888889,0.6111111111111112,30,0.5263157894736842,9.53,0.17,57,7,0.35,0.56,0.03,20,401310700,2021,2
142,Missouri Tigers,40,0.5333333333333333,27,0.5192307692307693,13,0.5652173913043478,10,0.7142857142857143,9,0.6428571428571429,31,0.5166666666666667,60,0.7166666666666667,0.2833333333333333,18.31,0.31,14,0.23333333333333334,43,15.37,0.36,22,0.5116279069767442,17,2.94,0.17,9,0.5294117647058824,21,0.7619047619047619,0.23809523809523808,15.97,0.76,14,0.6666666666666666,16,14.34,0.9,11,0.6875,5,1.63,0.33,3,0.6,9,5,4,15,9,6,7.37,0.49,0.6,0.3333333333333333,0.26666666666666666,0.6,0.4,27,0.54,19.52,0.39,50,13,0.52,6.16,0.25,25,401282061,2021,2
96,Kentucky Wildcats,35,0.5147058823529411,9,0.45,26,0.5416666666666666,6,0.6,8,0.6666666666666666,27,0.48214285714285715,56,0.25,0.75,7.67,0.14,17,0.30357142857142855,14,-4.47,-0.32,5,0.35714285714285715,42,12.13,0.29,22,0.5238095238095238,4,0.0,1.0,2.9,0.73,2,0.5,,,,,,4,2.9,0.73,2,0.5,8,4,4,12,6,6,11.91,0.99,0.6666666666666666,0.3333333333333333,0.3333333333333333,0.5,0.5,27,0.5294117647058824,10.0,0.2,51,8,0.47058823529411764,9.57,0.56,17,401282061,2021,2
84,Indiana Hoosiers,31,0.45588235294117646,11,0.5238095238095238,20,0.425531914893617,10,0.5882352941176471,7,0.4666666666666667,21,0.42,50,0.28,0.72,3.78,0.08,7,0.14,14,2.02,0.14,7,0.5,36,1.75,0.05,14,0.3888888888888889,6,0.16666666666666666,0.8333333333333334,3.93,0.66,3,0.5,1,2.87,2.87,1,1.0,5,1.06,0.21,2,0.4,10,4,6,18,7,11,8.43,0.47,0.5555555555555556,0.2222222222222222,0.3333333333333333,0.3888888888888889,0.6111111111111112,24,0.46153846153846156,10.85,0.21,52,7,0.4375,1.36,0.08,16,401282724,2021,2
70,Idaho Vandals,25,0.4098360655737705,16,0.3902439024390244,9,0.45,1,1.0,5,0.35714285714285715,19,0.4222222222222222,45,0.6888888888888889,0.3111111111111111,0.67,0.01,7,0.15555555555555556,31,4.39,0.14,14,0.45161290322580644,14,-3.72,-0.27,5,0.35714285714285715,17,0.7647058823529411,0.23529411764705882,6.16,0.36,8,0.47058823529411764,13,5.31,0.41,6,0.46153846153846156,4,0.85,0.21,2,0.5,6,2,4,16,10,6,-3.31,-0.21,0.375,0.125,0.25,0.625,0.375,15,0.4411764705882353,4.54,0.13,34,10,0.37037037037037035,-7.18,-0.27,27,401282724,2021,2
120,Maryland Terrapins,49,0.6125,22,0.6666666666666666,27,0.574468085106383,13,0.7222222222222222,9,0.6,38,0.6031746031746031,63,0.3968253968253968,0.6031746031746031,14.35,0.23,19,0.30158730158730157,25,14.46,0.58,19,0.76,38,-0.12,-0.0,19,0.5,16,0.6875,0.3125,4.47,0.28,8,0.5,11,5.9,0.54,8,0.7272727272727273,5,-1.43,-0.29,0,0.0,11,3,8,17,8,9,12.27,0.72,0.6470588235294118,0.17647058823529413,0.47058823529411764,0.47058823529411764,0.5294117647058824,43,0.6515151515151515,26.83,0.41,66,6,0.42857142857142855,-0.21,-0.02,14,401286207,2021,2
47,Howard Bison,11,0.22448979591836735,6,0.1875,5,0.29411764705882354,,,0,0.0,11,0.2894736842105263,38,0.631578947368421,0.3684210526315789,-7.93,-0.21,7,0.18421052631578946,24,-7.02,-0.29,6,0.25,14,-0.9,-0.06,5,0.35714285714285715,11,0.8181818181818182,0.18181818181818182,-2.7,-0.25,4,0.36363636363636365,9,-4.23,-0.47,3,0.3333333333333333,2,1.53,0.76,1,0.5,0,0,0,11,8,3,-10.85,-0.99,0.0,0.0,0.0,0.7272727272727273,0.2727272727272727,10,0.3448275862068966,-6.23,-0.21,29,1,0.05,-12.54,-0.63,20,401286207,2021,2
2377,McNeese Cowboys,12,0.19672131147540983,5,0.17857142857142858,7,0.21212121212121213,,,4,0.25,8,0.17777777777777778,45,0.3111111111111111,0.6888888888888889,-17.22,-0.38,5,0.1111111111111111,14,-9.71,-0.69,2,0.14285714285714285,31,-7.51,-0.24,6,0.1935483870967742,10,0.3,0.7,-5.24,-0.52,2,0.2,3,-5.34,-1.78,0,0.0,7,0.1,0.01,2,0.2857142857142857,4,3,1,16,14,2,-3.68,-0.23,0.25,0.1875,0.0625,0.875,0.125,7,0.20588235294117646,-11.02,-0.32,34,5,0.18518518518518517,-9.87,-0.37,27,401282062,2021,2
99,LSU Tigers,23,0.3194444444444444,14,0.358974358974359,9,0.2727272727272727,5,0.8333333333333334,4,0.26666666666666666,17,0.3148148148148148,54,0.5,0.5,-2.0,-0.04,9,0.16666666666666666,27,-0.39,-0.01,10,0.37037037037037035,27,-1.61,-0.06,7,0.25925925925925924,6,0.5,0.5,-2.47,-0.41,1,0.16666666666666666,3,-1.99,-0.66,0,0.0,3,-0.47,-0.16,1,0.3333333333333333,6,4,2,18,12,6,-5.34,-0.3,0.3333333333333333,0.2222222222222222,0.1111111111111111,0.6666666666666666,0.3333333333333333,17,0.3617021276595745,-2.2,-0.05,47,6,0.24,-5.15,-0.21,25,401282062,2021,2
52,Florida State Seminoles,30,0.43478260869565216,15,0.46875,15,0.40540540540540543,4,0.4444444444444444,5,0.38461538461538464,25,0.46296296296296297,54,0.4444444444444444,0.5555555555555556,-0.44,-0.01,13,0.24074074074074073,24,-4.0,-0.17,12,0.5,30,3.56,0.12,13,0.43333333333333335,13,0.46153846153846156,0.5384615384615384,5.26,0.4,5,0.38461538461538464,6,0.66,0.11,2,0.3333333333333333,7,4.6,0.66,3,0.42857142857142855,5,3,2,15,8,7,-4.6,-0.31,0.3333333333333333,0.2,0.13333333333333333,0.5333333333333333,0.4666666666666667,21,0.42857142857142855,-10.71,-0.22,49,9,0.45,5.66,0.28,20,401282617,2021,2
55,Jacksonville State Gamecocks,32,0.4266666666666667,16,0.38095238095238093,16,0.48484848484848486,3,0.75,9,0.5294117647058824,22,0.38596491228070173,57,0.543859649122807,0.45614035087719296,-3.77,-0.07,8,0.14035087719298245,31,-2.65,-0.09,11,0.3548387096774194,26,-1.12,-0.04,11,0.4230769230769231,9,0.6666666666666666,0.3333333333333333,-5.93,-0.66,2,0.2222222222222222,6,-5.08,-0.85,1,0.16666666666666666,3,-0.85,-0.28,1,0.3333333333333333,10,5,5,18,11,7,9.95,0.55,0.5555555555555556,0.2777777777777778,0.2777777777777778,0.6111111111111112,0.3888888888888889,19,0.4318181818181818,-4.01,-0.09,44,13,0.41935483870967744,10.18,0.33,31,401282617,2021,2
264,Washington Huskies,27,0.391304347826087,18,0.43902439024390244,9,0.32142857142857145,0,0.0,7,0.4117647058823529,19,0.3958333333333333,48,0.5625,0.4375,0.1,0.0,10,0.20833333333333334,27,3.78,0.14,13,0.48148148148148145,21,-3.68,-0.18,6,0.2857142857142857,6,1.0,0.0,-2.27,-0.38,2,0.3333333333333333,6,-2.27,-0.38,2,0.3333333333333333,,,,,,8,5,3,21,14,7,-3.17,-0.15,0.38095238095238093,0.23809523809523808,0.14285714285714285,0.6666666666666666,0.3333333333333333,19,0.4418604651162791,1.37,0.03,43,8,0.3076923076923077,-4.43,-0.17,26,401282773,2021,2
130,Michigan Wolverines,31,0.44285714285714284,3,0.2,28,0.509090909090909,10,0.5882352941176471,8,0.5,21,0.4117647058823529,51,0.17647058823529413,0.8235294117647058,2.86,0.06,9,0.17647058823529413,9,-7.39,-0.82,0,0.0,42,10.24,0.24,21,0.5,12,0.08333333333333333,0.9166666666666666,1.11,0.09,5,0.4166666666666667,1,-0.27,-0.27,0,0.0,11,1.38,0.13,5,0.45454545454545453,10,3,7,19,6,13,9.24,0.49,0.5263157894736842,0.15789473684210525,0.3684210526315789,0.3157894736842105,0.6842105263157895,23,0.46938775510204084,6.8,0.14,49,8,0.38095238095238093,5.3,0.25,21,401282773,2021,2
238,Vanderbilt Commodores,31,0.3780487804878049,20,0.43478260869565216,11,0.3055555555555556,5,0.5555555555555556,8,0.4,22,0.36065573770491804,61,0.45901639344262296,0.5409836065573771,-6.47,-0.11,6,0.09836065573770492,28,1.63,0.06,12,0.42857142857142855,33,-8.1,-0.25,10,0.30303030303030304,17,0.8823529411764706,0.11764705882352941,5.51,0.32,6,0.35294117647058826,15,6.68,0.45,6,0.4,2,-1.17,-0.58,0,0.0,9,8,1,21,18,3,6.83,0.33,0.42857142857142855,0.38095238095238093,0.047619047619047616,0.8571428571428571,0.14285714285714285,17,0.34,-10.86,-0.22,50,14,0.4375,11.22,0.35,32,401282068,2021,2
36,Colorado State Rams,45,0.4945054945054945,20,0.43478260869565216,25,0.5555555555555556,4,0.36363636363636365,6,0.3333333333333333,38,0.5277777777777778,72,0.4444444444444444,0.5555555555555556,9.85,0.14,24,0.3333333333333333,32,6.23,0.19,16,0.5,40,3.61,0.09,22,0.55,14,0.5714285714285714,0.42857142857142855,-3.33,-0.24,6,0.42857142857142855,8,-3.37,-0.42,3,0.375,6,0.04,0.01,3,0.5,7,4,3,19,14,5,0.83,0.04,0.3684210526315789,0.21052631578947367,0.15789473684210525,0.7368421052631579,0.2631578947368421,34,0.5483870967741935,14.77,0.24,62,11,0.3793103448275862,-4.1,-0.14,29,401282068,2021,2
21,San Diego State Aztecs,26,0.38235294117647056,6,0.375,20,0.38461538461538464,2,0.2857142857142857,5,0.38461538461538464,21,0.39622641509433965,53,0.20754716981132076,0.7924528301886793,6.81,0.13,11,0.20754716981132076,11,7.24,0.66,5,0.45454545454545453,42,-0.44,-0.01,16,0.38095238095238093,13,0.38461538461538464,0.6153846153846154,-1.64,-0.13,4,0.3076923076923077,5,-1.27,-0.25,1,0.2,8,-0.37,-0.05,3,0.375,5,1,4,15,5,10,-4.74,-0.32,0.3333333333333333,0.06666666666666667,0.26666666666666666,0.3333333333333333,0.6666666666666666,20,0.425531914893617,3.5,0.07,47,6,0.2857142857142857,-1.43,-0.07,21,401309846,2021,2
12,Arizona Wildcats,12,0.22641509433962265,8,0.21052631578947367,4,0.26666666666666666,1,0.16666666666666666,2,0.15384615384615385,10,0.2564102564102564,39,0.6923076923076923,0.3076923076923077,-3.47,-0.09,3,0.07692307692307693,27,-2.12,-0.08,6,0.2222222222222222,12,-1.35,-0.11,4,0.3333333333333333,9,0.6666666666666666,0.3333333333333333,-6.51,-0.72,1,0.1111111111111111,6,-3.39,-0.56,1,0.16666666666666666,3,-3.13,-1.04,0,0.0,2,2,0,14,11,3,-11.18,-0.8,0.14285714285714285,0.14285714285714285,0.0,0.7857142857142857,0.21428571428571427,8,0.2857142857142857,-5.96,-0.21,28,4,0.16,-8.69,-0.35,25,401309846,2021,2
278,Fresno State Bulldogs,38,0.5671641791044776,20,0.6666666666666666,18,0.4864864864864865,9,0.6,4,0.4,33,0.5892857142857143,56,0.48214285714285715,0.5178571428571429,28.74,0.51,16,0.2857142857142857,27,27.21,1.01,20,0.7407407407407407,29,1.53,0.05,13,0.4482758620689655,6,0.6666666666666666,0.3333333333333333,5.41,0.9,5,0.8333333333333334,4,4.41,1.1,4,1.0,2,1.0,0.5,1,0.5,5,0,5,11,3,8,2.29,0.21,0.45454545454545453,0.0,0.45454545454545453,0.2727272727272727,0.7272727272727273,29,0.5686274509803921,21.58,0.42,51,9,0.5625,9.44,0.59,16,401310702,2021,2
13,Cal Poly Mustangs,22,0.3055555555555556,14,0.35,8,0.25,1,0.25,4,0.21052631578947367,17,0.3269230769230769,52,0.5192307692307693,0.4807692307692308,-12.08,-0.23,8,0.15384615384615385,27,-3.97,-0.15,10,0.37037037037037035,25,-8.11,-0.32,7,0.28,15,0.5333333333333333,0.4666666666666667,-3.65,-0.24,5,0.3333333333333333,8,2.87,0.36,3,0.375,7,-6.53,-0.93,2,0.2857142857142857,5,4,1,20,13,7,-7.95,-0.4,0.25,0.2,0.05,0.65,0.35,15,0.3125,-17.9,-0.37,48,7,0.2916666666666667,-2.13,-0.09,24,401310702,2021,2
304,Idaho State Bengals,31,0.45588235294117646,14,0.4375,17,0.4857142857142857,1,0.25,9,0.5625,19,0.3877551020408163,49,0.4489795918367347,0.5510204081632653,-1.95,-0.04,9,0.1836734693877551,22,-7.04,-0.32,8,0.36363636363636365,27,5.09,0.19,11,0.4074074074074074,12,0.5833333333333334,0.4166666666666667,1.59,0.13,6,0.5,7,1.27,0.18,3,0.42857142857142855,5,0.32,0.06,3,0.6,12,6,6,19,10,8,4.58,0.24,0.631578947368421,0.3157894736842105,0.3157894736842105,0.5263157894736842,0.42105263157894735,19,0.4222222222222222,4.27,0.09,45,12,0.5217391304347826,-1.65,-0.07,23,401310703,2021,2
2440,Nevada Wolf Pack,39,0.6190476190476191,30,0.6521739130434783,9,0.5294117647058824,6,0.42857142857142855,4,0.5,33,0.6346153846153846,52,0.6923076923076923,0.3076923076923077,27.7,0.53,16,0.3076923076923077,36,24.43,0.68,25,0.6944444444444444,16,3.27,0.2,8,0.5,7,0.8571428571428571,0.14285714285714285,7.82,1.12,7,1.0,6,6.64,1.11,6,1.0,1,1.18,1.18,1,1.0,5,4,1,10,9,1,3.62,0.36,0.5,0.4,0.1,0.9,0.1,34,0.68,29.53,0.59,50,4,0.3333333333333333,1.79,0.15,12,401310703,2021,2
204,Oregon State Beavers,40,0.5882352941176471,17,0.5666666666666667,23,0.6052631578947368,8,0.5,7,0.7,32,0.5614035087719298,57,0.43859649122807015,0.5614035087719298,15.49,0.27,17,0.2982456140350877,25,6.37,0.25,13,0.52,32,9.11,0.28,19,0.59375,12,0.5833333333333334,0.4166666666666667,1.05,0.09,4,0.3333333333333333,7,-0.52,-0.07,2,0.2857142857142857,5,1.57,0.31,2,0.4,8,4,4,11,5,6,10.56,0.96,0.7272727272727273,0.36363636363636365,0.36363636363636365,0.45454545454545453,0.5454545454545454,32,0.6037735849056604,16.42,0.31,53,8,0.5333333333333333,9.62,0.64,15,401309844,2021,2
62,Hawai'i Rainbow Warriors,30,0.39473684210526316,18,0.35294117647058826,12,0.48,5,0.38461538461538464,7,0.4666666666666667,22,0.3793103448275862,58,0.6206896551724138,0.3793103448275862,-1.66,-0.03,13,0.22413793103448276,36,-1.07,-0.03,12,0.3333333333333333,22,-0.59,-0.03,10,0.45454545454545453,13,0.8461538461538461,0.15384615384615385,-10.31,-0.79,3,0.23076923076923078,11,-9.56,-0.87,3,0.2727272727272727,2,-0.75,-0.38,0,0.0,8,6,2,18,15,3,13.64,0.76,0.4444444444444444,0.3333333333333333,0.1111111111111111,0.8333333333333334,0.16666666666666666,18,0.45,2.26,0.06,40,12,0.3333333333333333,9.72,0.27,36,401309844,2021,2
309,Louisiana Ragin' Cajuns,52,0.6190476190476191,18,0.5142857142857142,34,0.6938775510204082,17,0.68,5,0.4166666666666667,44,0.6376811594202898,69,0.42028985507246375,0.5797101449275363,23.99,0.35,24,0.34782608695652173,29,2.32,0.08,15,0.5172413793103449,40,21.67,0.54,29,0.725,21,0.42857142857142855,0.5714285714285714,13.44,0.64,16,0.7619047619047619,9,0.45,0.05,5,0.5555555555555556,12,12.98,1.08,11,0.9166666666666666,8,3,5,15,6,9,6.65,0.44,0.5333333333333333,0.2,0.3333333333333333,0.4,0.6,44,0.6567164179104478,26.1,0.39,67,8,0.47058823529411764,4.55,0.27,17,401309606,2021,3
195,Ohio Bobcats,25,0.45454545454545453,10,0.35714285714285715,15,0.5555555555555556,4,0.6666666666666666,3,0.2727272727272727,22,0.5,44,0.4318181818181818,0.5681818181818182,2.3,0.05,10,0.22727272727272727,19,5.26,0.28,8,0.42105263157894735,25,-2.96,-0.12,14,0.56,6,0.6666666666666666,0.3333333333333333,2.75,0.46,2,0.3333333333333333,4,1.82,0.45,1,0.25,2,0.93,0.47,1,0.5,3,2,1,11,9,2,-4.34,-0.39,0.2727272727272727,0.18181818181818182,0.09090909090909091,0.8181818181818182,0.18181818181818182,21,0.5675675675675675,4.29,0.12,37,4,0.2222222222222222,-6.33,-0.35,18,401309606,2021,3
2116,UCF Knights,31,0.484375,12,0.375,19,0.59375,6,0.75,2,0.2,28,0.5283018867924528,53,0.4528301886792453,0.5471698113207547,8.34,0.16,15,0.2830188679245283,24,-2.0,-0.08,11,0.4583333333333333,29,10.33,0.36,17,0.5862068965517241,13,0.46153846153846156,0.5384615384615384,0.31,0.02,5,0.38461538461538464,6,-1.08,-0.18,3,0.5,7,1.39,0.2,2,0.2857142857142857,3,1,2,11,8,3,-1.8,-0.16,0.2727272727272727,0.09090909090909091,0.18181818181818182,0.7272727272727273,0.2727272727272727,25,0.5434782608695652,4.71,0.1,46,6,0.3333333333333333,1.83,0.1,18,401282626,2021,3
97,Louisville Cardinals,34,0.4473684210526316,19,0.475,15,0.4166666666666667,6,0.6666666666666666,6,0.4,27,0.46551724137931033,58,0.4827586206896552,0.5172413793103449,15.59,0.27,15,0.25862068965517243,28,13.66,0.49,15,0.5357142857142857,30,1.93,0.06,12,0.4,8,0.875,0.125,2.67,0.33,4,0.5,7,2.95,0.42,4,0.5714285714285714,1,-0.28,-0.28,0,0.0,7,4,3,18,12,6,-3.35,-0.19,0.3888888888888889,0.2222222222222222,0.16666666666666666,0.6666666666666666,0.3333333333333333,26,0.4642857142857143,9.35,0.17,56,8,0.4,2.89,0.14,20,401282626,2021,3
120,Maryland Terrapins,37,0.5441176470588235,24,0.5333333333333333,13,0.5652173913043478,3,0.375,2,0.2,35,0.603448275862069,58,0.6551724137931034,0.3448275862068966,16.41,0.28,22,0.3793103448275862,38,12.81,0.34,23,0.6052631578947368,20,3.6,0.18,12,0.6,15,0.7333333333333333,0.26666666666666666,7.42,0.49,11,0.7333333333333333,11,3.01,0.27,7,0.6363636363636364,4,4.41,1.1,4,1.0,2,1,1,10,7,3,-2.49,-0.25,0.2,0.1,0.1,0.7,0.3,32,0.64,14.12,0.28,50,5,0.2777777777777778,-0.2,-0.01,18,401282715,2021,3
356,Illinois Fighting Illini,23,0.34328358208955223,9,0.3,14,0.3783783783783784,0,0.0,8,0.5,15,0.29411764705882354,51,0.39215686274509803,0.6078431372549019,-7.13,-0.14,6,0.11764705882352941,20,-4.36,-0.22,5,0.25,31,-2.77,-0.09,10,0.3225806451612903,16,0.8125,0.1875,-1.36,-0.08,4,0.25,13,-1.6,-0.12,3,0.23076923076923078,3,0.24,0.08,1,0.3333333333333333,8,4,4,16,10,6,5.64,0.35,0.5,0.25,0.25,0.625,0.375,16,0.38095238095238093,-2.03,-0.05,42,7,0.28,0.54,0.02,25,401282715,2021,3
61,Georgia Bulldogs,37,0.5692307692307692,21,0.5833333333333334,16,0.5517241379310345,4,0.8,9,0.75,28,0.5283018867924528,53,0.5283018867924528,0.4716981132075472,-0.48,-0.01,14,0.2641509433962264,28,-1.95,-0.07,14,0.5,25,1.48,0.06,14,0.56,10,0.4,0.6,3.7,0.37,8,0.8,4,2.43,0.61,4,1.0,6,1.27,0.21,4,0.6666666666666666,9,7,2,12,8,4,11.9,0.99,0.75,0.5833333333333334,0.16666666666666666,0.6666666666666666,0.3333333333333333,26,0.5306122448979592,-1.39,-0.03,49,11,0.6875,12.82,0.8,16,401282072,2021,3
2579,South Carolina Gamecocks,17,0.2698412698412698,8,0.25806451612903225,9,0.2903225806451613,0,0.0,8,0.47058823529411764,9,0.2,45,0.37777777777777777,0.6,-15.29,-0.34,3,0.06666666666666667,17,-5.75,-0.34,3,0.17647058823529413,27,-7.59,-0.28,6,0.2222222222222222,11,0.45454545454545453,0.45454545454545453,-3.51,-0.32,4,0.36363636363636365,5,-2.72,-0.54,1,0.2,5,1.16,0.23,3,0.6,8,5,3,18,14,4,3.58,0.2,0.4444444444444444,0.2777777777777778,0.16666666666666666,0.7777777777777778,0.2222222222222222,10,0.2777777777777778,-11.05,-0.31,36,7,0.25925925925925924,-0.66,-0.02,27,401282072,2021,3
201,Oklahoma Sooners,41,0.5942028985507246,20,0.5882352941176471,21,0.6,9,0.8181818181818182,6,0.5454545454545454,35,0.603448275862069,58,0.41379310344827586,0.5862068965517241,10.01,0.17,15,0.25862068965517243,24,2.59,0.11,14,0.5833333333333334,34,7.43,0.22,21,0.6176470588235294,5,0.8,0.2,0.8,0.16,4,0.8,4,0.54,0.13,3,0.75,1,0.26,0.26,1,1.0,6,6,0,11,10,1,5.4,0.49,0.5454545454545454,0.5454545454545454,0.0,0.9090909090909091,0.09090909090909091,30,0.6122448979591837,7.61,0.16,49,11,0.55,7.8,0.39,20,401282798,2021,3
158,Nebraska Cornhuskers,24,0.375,15,0.5,9,0.2727272727272727,1,0.1111111111111111,6,0.42857142857142855,17,0.3617021276595745,47,0.40425531914893614,0.574468085106383,-3.24,-0.07,9,0.19148936170212766,19,10.37,0.55,10,0.5263157894736842,27,-6.11,-0.23,7,0.25925925925925924,16,0.4375,0.5625,4.04,0.25,8,0.5,7,2.11,0.3,4,0.5714285714285714,9,1.93,0.21,4,0.4444444444444444,7,5,2,17,11,6,6.94,0.41,0.4117647058823529,0.29411764705882354,0.11764705882352941,0.6470588235294118,0.35294117647058826,19,0.48717948717948717,8.6,0.22,39,5,0.2,-4.9,-0.2,25,401282798,2021,3
2483,Oregon Ducks,40,0.5797101449275363,20,0.625,20,0.5405405405405406,11,0.5789473684210527,2,0.2,37,0.6379310344827587,58,0.4827586206896552,0.5172413793103449,21.51,0.37,17,0.29310344827586204,28,11.8,0.42,19,0.6785714285714286,30,9.71,0.32,18,0.6,14,0.6428571428571429,0.35714285714285715,0.73,0.05,7,0.5,9,-0.08,-0.01,5,0.5555555555555556,5,0.81,0.16,2,0.4,3,1,2,11,4,7,-1.94,-0.18,0.2727272727272727,0.09090909090909091,0.18181818181818182,0.36363636363636365,0.6363636363636364,35,0.6481481481481481,21.14,0.39,54,5,0.3333333333333333,-1.57,-0.1,15,401309850,2021,3
2619,Stony Brook Seawolves,28,0.45161290322580644,8,0.3333333333333333,20,0.5263157894736842,2,0.6666666666666666,8,0.5,19,0.4318181818181818,44,0.29545454545454547,0.7045454545454546,-13.42,-0.3,5,0.11363636363636363,13,-5.38,-0.41,5,0.38461538461538464,31,-8.04,-0.26,14,0.45161290322580644,6,0.5,0.5,-5.23,-0.87,2,0.3333333333333333,3,-3.73,-1.24,1,0.3333333333333333,3,-1.49,-0.5,1,0.3333333333333333,9,3,6,18,11,7,1.51,0.08,0.5,0.16666666666666666,0.3333333333333333,0.6111111111111112,0.3888888888888889,24,0.5581395348837209,0.23,0.01,43,4,0.21052631578947367,-12.14,-0.64,19,401309850,2021,3
245,Texas A&M Aggies,29,0.43283582089552236,16,0.4444444444444444,13,0.41935483870967744,3,0.3,5,0.35714285714285715,23,0.4423076923076923,52,0.46153846153846156,0.5384615384615384,4.26,0.08,13,0.25,24,7.12,0.3,12,0.5,28,-2.86,-0.1,11,0.39285714285714285,11,0.6363636363636364,0.36363636363636365,1.46,0.13,6,0.5454545454545454,7,1.04,0.15,3,0.42857142857142855,4,0.42,0.11,3,0.75,6,4,2,15,12,3,0.55,0.04,0.4,0.26666666666666666,0.13333333333333333,0.8,0.2,20,0.45454545454545453,4.33,0.1,44,9,0.391304347826087,0.49,0.02,23,401282079,2021,3
167,New Mexico Lobos,18,0.3050847457627119,4,0.14814814814814814,14,0.4375,,,6,0.35294117647058826,12,0.2857142857142857,42,0.38095238095238093,0.6190476190476191,-20.24,-0.48,3,0.07142857142857142,16,-13.41,-0.84,2,0.125,26,-6.83,-0.26,10,0.38461538461538464,5,0.4,0.6,-1.69,-0.34,2,0.4,2,-2.19,-1.1,0,0.0,3,0.5,0.17,2,0.6666666666666666,6,2,4,17,11,6,-4.16,-0.24,0.35294117647058826,0.11764705882352941,0.23529411764705882,0.6470588235294118,0.35294117647058826,13,0.35135135135135137,-18.88,-0.51,37,5,0.22727272727272727,-5.52,-0.25,22,401282079,2021,3
202,Tulsa Golden Hurricane,35,0.4268292682926829,26,0.4642857142857143,9,0.34615384615384615,1,0.1111111111111111,9,0.5625,26,0.3939393939393939,66,0.6666666666666666,0.3333333333333333,-3.3,-0.05,12,0.18181818181818182,44,5.64,0.13,20,0.45454545454545453,22,-8.94,-0.41,6,0.2727272727272727,12,0.9166666666666666,0.08333333333333333,-0.23,-0.02,4,0.3333333333333333,11,1.1,0.1,4,0.36363636363636365,1,-1.33,-1.33,0,0.0,9,6,3,16,12,4,10.46,0.65,0.5625,0.375,0.1875,0.75,0.25,22,0.44,-5.97,-0.12,50,13,0.40625,13.12,0.41,32,401282810,2021,3
194,Ohio State Buckeyes,36,0.5625,14,0.5185185185185185,22,0.5945945945945946,5,0.7142857142857143,6,0.5454545454545454,30,0.5660377358490566,53,0.4339622641509434,0.5660377358490566,15.57,0.29,15,0.2830188679245283,23,1.06,0.05,13,0.5652173913043478,30,14.51,0.48,17,0.5666666666666667,13,0.38461538461538464,0.6153846153846154,6.46,0.5,6,0.46153846153846156,5,2.51,0.5,3,0.6,8,3.95,0.49,3,0.375,6,1,5,11,4,7,0.61,0.06,0.5454545454545454,0.09090909090909091,0.45454545454545453,0.36363636363636365,0.6363636363636364,28,0.56,9.35,0.19,50,8,0.5714285714285714,6.84,0.49,14,401282810,2021,3
2,Auburn Tigers,38,0.48717948717948717,18,0.46153846153846156,20,0.5128205128205128,5,0.45454545454545453,10,0.5882352941176471,28,0.4666666666666667,60,0.45,0.55,-2.61,-0.04,13,0.21666666666666667,27,-2.15,-0.08,12,0.4444444444444444,33,-0.46,-0.01,16,0.48484848484848486,9,0.4444444444444444,0.5555555555555556,-5.02,-0.56,4,0.4444444444444444,4,0.39,0.1,2,0.5,5,-5.41,-1.08,2,0.4,10,6,4,18,12,6,8.38,0.47,0.5555555555555556,0.3333333333333333,0.2222222222222222,0.6666666666666666,0.3333333333333333,28,0.5185185185185185,1.61,0.03,54,10,0.4166666666666667,4.16,0.17,24,401282070,2021,3
213,Penn State Nittany Lions,36,0.5454545454545454,23,0.6764705882352942,13,0.40625,8,0.6153846153846154,5,0.5,31,0.5740740740740741,54,0.5370370370370371,0.46296296296296297,11.7,0.22,17,0.3148148148148148,29,17.2,0.59,21,0.7241379310344828,25,-5.51,-0.22,10,0.4,12,0.4166666666666667,0.5833333333333334,4.9,0.41,8,0.6666666666666666,5,3.51,0.7,4,0.8,7,1.39,0.2,4,0.5714285714285714,5,2,3,12,5,7,-3.3,-0.27,0.4166666666666667,0.16666666666666666,0.25,0.4166666666666667,0.5833333333333334,32,0.5925925925925926,6.02,0.11,54,4,0.3333333333333333,2.38,0.2,12,401282070,2021,3
278,Fresno State Bulldogs,44,0.4835164835164835,30,0.5263157894736842,14,0.4117647058823529,7,0.3888888888888889,5,0.35714285714285715,38,0.5066666666666667,75,0.6533333333333333,0.3466666666666667,15.41,0.21,24,0.32,49,17.85,0.36,27,0.5510204081632653,26,-2.44,-0.09,11,0.4230769230769231,10,0.7,0.3,-4.39,-0.44,4,0.4,7,-2.07,-0.3,3,0.42857142857142855,3,-2.32,-0.77,1,0.3333333333333333,6,3,3,16,8,8,4.37,0.27,0.375,0.1875,0.1875,0.5,0.5,35,0.5,13.74,0.2,70,9,0.42857142857142855,6.03,0.29,21,401309855,2021,3
26,UCLA Bruins,26,0.5,13,0.5652173913043478,13,0.4482758620689655,4,0.5,4,0.4,22,0.5365853658536586,41,0.43902439024390244,0.5609756097560976,12.54,0.31,8,0.1951219512195122,18,14.69,0.82,11,0.6111111111111112,23,-2.14,-0.09,11,0.4782608695652174,8,0.625,0.375,3.04,0.38,5,0.625,5,8.85,1.77,4,0.8,3,-5.81,-1.94,1,0.3333333333333333,4,2,2,11,5,6,-3.44,-0.31,0.36363636363636365,0.18181818181818182,0.18181818181818182,0.45454545454545453,0.5454545454545454,22,0.55,8.67,0.22,40,4,0.3333333333333333,0.43,0.04,12,401309855,2021,3
259,Virginia Tech Hokies,30,0.4225352112676056,15,0.4166666666666667,15,0.42857142857142855,4,0.25,8,0.5,21,0.4117647058823529,51,0.45098039215686275,0.5490196078431373,-0.23,-0.0,9,0.17647058823529413,23,-2.13,-0.09,9,0.391304347826087,28,1.89,0.07,12,0.42857142857142855,6,0.5,0.5,0.47,0.08,3,0.5,3,-1.92,-0.64,0,0.0,3,2.4,0.8,3,1.0,9,6,3,20,13,7,0.37,0.02,0.45,0.3,0.15,0.65,0.35,13,0.3333333333333333,-16.09,-0.41,39,17,0.53125,16.23,0.51,32,401282636,2021,3
277,West Virginia Mountaineers,22,0.3793103448275862,10,0.37037037037037035,12,0.3870967741935484,1,0.16666666666666666,5,0.4166666666666667,16,0.35555555555555557,45,0.4,0.6,5.64,0.13,8,0.17777777777777778,18,3.63,0.2,5,0.2777777777777778,27,2.01,0.07,11,0.4074074074074074,13,0.46153846153846156,0.5384615384615384,-2.57,-0.2,4,0.3076923076923077,6,2.51,0.42,3,0.5,7,-5.08,-0.73,1,0.14285714285714285,6,5,1,13,9,4,-1.65,-0.13,0.46153846153846156,0.38461538461538464,0.07692307692307693,0.6923076923076923,0.3076923076923077,14,0.3888888888888889,-0.83,-0.02,36,8,0.36363636363636365,4.82,0.22,22,401282636,2021,3
2084,Buffalo Bulls,31,0.45588235294117646,9,0.42857142857142855,22,0.46808510638297873,6,0.6,8,0.5,21,0.42,50,0.24,0.76,6.78,0.14,9,0.18,12,1.74,0.15,5,0.4166666666666667,38,5.04,0.13,16,0.42105263157894735,9,0.3333333333333333,0.6666666666666666,-0.36,-0.04,3,0.3333333333333333,3,-2.09,-0.7,0,0.0,6,1.72,0.29,3,0.5,10,4,6,18,9,9,10.18,0.57,0.5555555555555556,0.2222222222222222,0.3333333333333333,0.5,0.5,25,0.5,14.62,0.29,50,6,0.3333333333333333,2.34,0.13,18,401309552,2021,3
324,Coastal Carolina Chanticleers,30,0.4918032786885246,13,0.5909090909090909,17,0.4358974358974359,8,0.5333333333333333,4,0.4,24,0.4897959183673469,49,0.3673469387755102,0.6326530612244898,11.86,0.24,15,0.30612244897959184,18,5.51,0.31,10,0.5555555555555556,31,6.35,0.2,14,0.45161290322580644,12,0.4166666666666667,0.5833333333333334,5.66,0.47,6,0.5,5,1.91,0.38,2,0.4,7,3.75,0.54,4,0.5714285714285714,6,3,3,12,4,8,6.65,0.55,0.5,0.25,0.25,0.3333333333333333,0.6666666666666666,23,0.48936170212765956,9.86,0.21,47,7,0.5,8.65,0.62,14,401309552,2021,3
2655,Tulane Green Wave,21,0.375,8,0.4,13,0.3611111111111111,4,0.5714285714285714,1,0.09090909090909091,20,0.45454545454545453,44,0.36363636363636365,0.6363636363636364,11.7,0.27,11,0.25,16,12.76,0.8,8,0.5,28,-1.06,-0.04,12,0.42857142857142855,10,0.6,0.4,4.12,0.41,4,0.4,6,4.21,0.7,3,0.5,4,-0.09,-0.02,1,0.25,1,0,1,12,4,8,-9.88,-0.82,0.08333333333333333,0.0,0.08333333333333333,0.3333333333333333,0.6666666666666666,16,0.45714285714285713,4.7,0.13,35,5,0.23809523809523808,-2.89,-0.14,21,401282075,2021,3
145,Ole Miss Rebels,51,0.5425531914893617,18,0.5142857142857142,33,0.559322033898305,11,0.55,9,0.47368421052631576,37,0.5285714285714286,70,0.38571428571428573,0.6142857142857143,10.96,0.16,18,0.2571428571428571,27,9.35,0.35,14,0.5185185185185185,43,1.6,0.04,23,0.5348837209302325,15,0.4,0.6,11.85,0.79,11,0.7333333333333333,6,1.36,0.23,3,0.5,9,10.48,1.16,8,0.8888888888888888,14,4,10,24,8,16,24.66,1.03,0.5833333333333334,0.16666666666666666,0.4166666666666667,0.3333333333333333,0.6666666666666666,35,0.5223880597014925,18.65,0.28,67,16,0.5925925925925926,16.97,0.63,27,401282075,2021,3
252,BYU Cougars,29,0.43283582089552236,13,0.43333333333333335,16,0.43243243243243246,6,0.5454545454545454,4,0.36363636363636365,25,0.44642857142857145,56,0.39285714285714285,0.6071428571428571,7.76,0.14,18,0.32142857142857145,22,4.69,0.21,10,0.45454545454545453,34,3.07,0.09,15,0.4411764705882353,11,0.45454545454545453,0.5454545454545454,-2.31,-0.21,5,0.45454545454545453,5,-1.99,-0.4,2,0.4,6,-0.32,-0.05,3,0.5,4,3,1,11,8,3,-2.04,-0.19,0.36363636363636365,0.2727272727272727,0.09090909090909091,0.7272727272727273,0.2727272727272727,23,0.4791666666666667,5.97,0.12,48,6,0.3157894736842105,-0.24,-0.01,19,401309854,2021,3
9,Arizona State Sun Devils,31,0.5,16,0.5,15,0.5,2,0.5,9,0.75,22,0.44,50,0.44,0.56,2.05,0.04,12,0.24,22,-3.89,-0.18,9,0.4090909090909091,28,5.94,0.21,13,0.4642857142857143,8,0.375,0.625,-2.13,-0.27,4,0.5,3,-3.92,-1.31,1,0.3333333333333333,5,1.79,0.36,3,0.6,9,7,2,12,10,2,15.77,1.31,0.75,0.5833333333333334,0.16666666666666666,0.8333333333333334,0.16666666666666666,18,0.47368421052631576,7.63,0.2,38,13,0.5416666666666666,10.19,0.42,24,401309854,2021,3
290,Georgia Southern Eagles,19,0.30158730158730157,9,0.3,10,0.30303030303030304,1,0.3333333333333333,5,0.2777777777777778,13,0.3023255813953488,43,0.3953488372093023,0.6046511627906976,-14.02,-0.33,3,0.06976744186046512,17,-3.4,-0.2,6,0.35294117647058826,26,-10.62,-0.41,7,0.2692307692307692,16,0.375,0.625,1.04,0.07,8,0.5,6,0.35,0.06,4,0.6666666666666666,10,0.69,0.07,4,0.4,6,3,3,20,13,7,3.94,0.2,0.3,0.15,0.15,0.65,0.35,14,0.4117647058823529,-0.32,-0.01,34,5,0.1724137931034483,-9.76,-0.34,29,401282069,2021,3
8,Arkansas Razorbacks,36,0.4931506849315068,12,0.48,24,0.5,6,0.42857142857142855,7,0.4666666666666667,28,0.49122807017543857,57,0.2982456140350877,0.7017543859649122,16.42,0.29,14,0.24561403508771928,17,14.59,0.86,9,0.5294117647058824,40,1.83,0.05,19,0.475,8,0.5,0.5,7.05,0.88,3,0.375,4,9.75,2.44,3,0.75,4,-2.7,-0.67,0,0.0,8,3,5,16,8,8,6.79,0.42,0.5,0.1875,0.3125,0.5,0.5,29,0.5918367346938775,23.59,0.48,49,7,0.2916666666666667,-0.37,-0.02,24,401282069,2021,3
127,Michigan State Spartans,32,0.4444444444444444,15,0.4411764705882353,17,0.4473684210526316,6,0.5,7,0.4666666666666667,24,0.42857142857142855,56,0.48214285714285715,0.5178571428571429,9.83,0.18,12,0.21428571428571427,27,10.88,0.4,13,0.48148148148148145,29,-1.05,-0.04,11,0.3793103448275862,13,0.6153846153846154,0.38461538461538464,0.44,0.03,4,0.3076923076923077,8,2.56,0.32,3,0.375,5,-2.12,-0.42,1,0.2,8,2,6,16,7,9,10.76,0.67,0.5,0.125,0.375,0.4375,0.5625,23,0.48936170212765956,15.43,0.33,47,9,0.36,5.16,0.21,25,401282629,2021,3
2390,Miami Hurricanes,38,0.4523809523809524,34,0.5396825396825397,4,0.19047619047619047,3,0.3333333333333333,7,0.4117647058823529,28,0.4444444444444444,63,0.7142857142857143,0.2857142857142857,-10.56,-0.17,16,0.25396825396825395,45,-0.34,-0.01,25,0.5555555555555556,18,-10.22,-0.57,3,0.16666666666666666,16,0.75,0.25,-2.86,-0.18,7,0.4375,12,-3.0,-0.25,5,0.4166666666666667,4,0.14,0.04,2,0.5,10,9,1,21,18,3,8.85,0.42,0.47619047619047616,0.42857142857142855,0.047619047619047616,0.8571428571428571,0.14285714285714285,23,0.40350877192982454,-11.33,-0.2,57,15,0.5555555555555556,9.62,0.36,27,401282629,2021,3
130,Michigan Wolverines,43,0.6615384615384615,11,0.6470588235294118,32,0.6666666666666666,13,0.7222222222222222,3,0.5,39,0.6964285714285714,56,0.26785714285714285,0.7321428571428571,33.17,0.59,20,0.35714285714285715,15,14.54,0.97,11,0.7333333333333333,41,18.63,0.45,28,0.6829268292682927,5,0.2,0.8,9.44,1.89,4,0.8,1,6.29,6.29,1,1.0,4,3.15,0.79,3,0.75,4,0,4,9,2,7,0.92,0.1,0.4444444444444444,0.0,0.4444444444444444,0.2222222222222222,0.7777777777777778,35,0.6862745098039216,29.87,0.59,51,8,0.5714285714285714,4.21,0.3,14,401282774,2021,3
2459,Northern Illinois Huskies,19,0.3584905660377358,4,0.23529411764705882,15,0.4166666666666667,1,0.16666666666666666,2,0.15384615384615385,16,0.41025641025641024,39,0.2564102564102564,0.7435897435897436,-3.76,-0.1,7,0.1794871794871795,10,-4.71,-0.47,3,0.3,29,0.95,0.03,13,0.4482758620689655,10,0.2,0.8,-5.78,-0.58,2,0.2,2,-2.39,-1.19,0,0.0,8,-3.39,-0.42,2,0.25,3,1,2,14,7,7,-5.01,-0.36,0.21428571428571427,0.07142857142857142,0.14285714285714285,0.5,0.5,18,0.4864864864864865,-1.84,-0.05,37,1,0.0625,-6.93,-0.43,16,401282774,2021,3
236,Chattanooga Mocs,27,0.45,16,0.45714285714285713,11,0.44,5,0.4166666666666667,7,0.4666666666666667,20,0.4444444444444444,45,0.5111111111111111,0.4888888888888889,-8.77,-0.19,9,0.2,23,-9.02,-0.39,11,0.4782608695652174,22,0.25,0.01,9,0.4090909090909091,12,0.75,0.25,-1.61,-0.13,5,0.4166666666666667,9,-1.89,-0.21,3,0.3333333333333333,3,0.28,0.09,2,0.6666666666666666,7,5,2,15,12,3,6.43,0.43,0.4666666666666667,0.3333333333333333,0.13333333333333333,0.8,0.2,23,0.5227272727272727,10.75,0.24,44,4,0.25,-13.09,-0.82,16,401282073,2021,3
96,Kentucky Wildcats,33,0.5409836065573771,21,0.6,12,0.46153846153846156,2,1.0,5,0.5,28,0.56,50,0.56,0.44,4.59,0.09,11,0.22,28,4.83,0.17,18,0.6428571428571429,22,-0.24,-0.01,10,0.45454545454545453,7,1.0,0.0,-2.71,-0.39,4,0.5714285714285714,7,-2.71,-0.39,4,0.5714285714285714,,,,,,5,3,2,11,7,4,-2.41,-0.22,0.45454545454545453,0.2727272727272727,0.18181818181818182,0.6363636363636364,0.36363636363636365,22,0.5116279069767442,-2.39,-0.06,43,11,0.6111111111111112,4.57,0.25,18,401282073,2021,3
142,Missouri Tigers,41,0.5857142857142857,22,0.5945945945945946,19,0.5757575757575758,7,0.5833333333333334,11,0.7333333333333333,28,0.5283018867924528,53,0.5094339622641509,0.49056603773584906,13.33,0.25,10,0.18867924528301888,27,14.0,0.52,15,0.5555555555555556,26,-0.68,-0.03,13,0.5,15,0.3333333333333333,0.6666666666666666,3.01,0.2,8,0.5333333333333333,5,1.19,0.24,3,0.6,10,1.82,0.18,5,0.5,13,7,6,17,10,7,26.13,1.54,0.7647058823529411,0.4117647058823529,0.35294117647058826,0.5882352941176471,0.4117647058823529,31,0.5849056603773585,28.74,0.54,53,10,0.5882352941176471,10.72,0.63,17,401282077,2021,3
2546,Southeast Missouri State Redhawks,28,0.56,7,0.4375,21,0.6176470588235294,4,0.5714285714285714,4,0.4444444444444444,24,0.5853658536585366,41,0.2926829268292683,0.7073170731707317,17.19,0.42,11,0.2682926829268293,12,-2.14,-0.18,5,0.4166666666666667,29,19.33,0.67,19,0.6551724137931034,3,0.0,1.0,1.63,0.54,2,0.6666666666666666,,,,,,3,1.63,0.54,2,0.6666666666666666,4,2,2,9,4,5,0.74,0.08,0.4444444444444444,0.2222222222222222,0.2222222222222222,0.4444444444444444,0.5555555555555556,25,0.6410256410256411,22.0,0.56,39,3,0.2727272727272727,-4.07,-0.37,11,401282077,2021,3
2635,Tennessee Tech Golden Eagles,17,0.2698412698412698,11,0.28205128205128205,6,0.25,,,5,0.29411764705882354,12,0.26666666666666666,45,0.6,0.4,-23.5,-0.52,5,0.1111111111111111,27,-19.6,-0.73,8,0.2962962962962963,18,-3.9,-0.22,4,0.2222222222222222,11,0.7272727272727273,0.2727272727272727,-6.0,-0.55,4,0.36363636363636365,8,-4.64,-0.58,3,0.375,3,-1.36,-0.45,1,0.3333333333333333,5,3,2,18,12,6,-8.86,-0.49,0.2777777777777778,0.16666666666666666,0.1111111111111111,0.6666666666666666,0.3333333333333333,10,0.2631578947368421,-19.86,-0.52,38,7,0.28,-12.49,-0.5,25,401282078,2021,3
2633,Tennessee Volunteers,37,0.47435897435897434,15,0.46875,22,0.4782608695652174,13,0.8125,4,0.3076923076923077,29,0.48333333333333334,60,0.4,0.6,7.78,0.13,12,0.2,24,2.81,0.12,12,0.5,36,4.97,0.14,17,0.4722222222222222,12,0.5,0.5,6.45,0.54,8,0.6666666666666666,6,7.09,1.18,6,1.0,6,-0.64,-0.11,2,0.3333333333333333,8,3,5,18,8,10,4.2,0.23,0.4444444444444444,0.16666666666666666,0.2777777777777778,0.4444444444444444,0.5555555555555556,32,0.49230769230769234,14.19,0.22,65,5,0.38461538461538464,-2.22,-0.17,13,401282078,2021,3
2711,Western Michigan Broncos,42,0.5121951219512195,19,0.5135135135135135,23,0.5111111111111111,8,0.38095238095238093,8,0.47058823529411764,33,0.5238095238095238,63,0.38095238095238093,0.6190476190476191,9.97,0.16,13,0.20634920634920634,24,7.31,0.3,13,0.5416666666666666,39,2.66,0.07,20,0.5128205128205128,12,0.3333333333333333,0.6666666666666666,-0.29,-0.02,7,0.5833333333333334,4,1.46,0.37,3,0.75,8,-1.75,-0.22,4,0.5,9,6,3,19,13,6,2.41,0.13,0.47368421052631576,0.3157894736842105,0.15789473684210525,0.6842105263157895,0.3157894736842105,33,0.515625,1.32,0.02,64,9,0.5,11.06,0.61,18,401282632,2021,3
221,Pittsburgh Panthers,32,0.5517241379310345,20,0.5555555555555556,12,0.5454545454545454,2,1.0,3,0.375,28,0.5957446808510638,47,0.5957446808510638,0.40425531914893614,13.9,0.3,14,0.2978723404255319,28,24.16,0.86,19,0.6785714285714286,19,-10.26,-0.54,9,0.47368421052631576,8,0.75,0.25,-0.11,-0.01,4,0.5,6,1.16,0.19,4,0.6666666666666666,2,-1.26,-0.63,0,0.0,4,1,3,11,8,3,-0.24,-0.02,0.36363636363636365,0.09090909090909091,0.2727272727272727,0.7272727272727273,0.2727272727272727,27,0.6136363636363636,15.98,0.36,44,5,0.35714285714285715,-2.33,-0.17,14,401282632,2021,3
399,Albany Great Danes,18,0.33962264150943394,11,0.36666666666666664,7,0.30434782608695654,4,0.5,4,0.2857142857142857,14,0.358974358974359,39,0.5897435897435898,0.41025641025641024,-3.34,-0.09,4,0.10256410256410256,23,-0.41,-0.02,9,0.391304347826087,16,-2.93,-0.18,5,0.3125,9,0.4444444444444444,0.5555555555555556,-1.21,-0.13,3,0.3333333333333333,4,1.71,0.43,2,0.5,5,-2.92,-0.58,1,0.2,4,2,2,14,7,7,-2.36,-0.17,0.2857142857142857,0.14285714285714285,0.14285714285714285,0.5,0.5,11,0.3333333333333333,-10.29,-0.31,33,7,0.35,4.59,0.23,20,401282633,2021,3
183,Syracuse Orange,36,0.5454545454545454,13,0.5909090909090909,23,0.5227272727272727,9,0.6428571428571429,3,0.375,31,0.5535714285714286,56,0.30357142857142855,0.6964285714285714,14.4,0.26,14,0.25,17,5.25,0.31,11,0.6470588235294118,39,9.15,0.23,20,0.5128205128205128,10,0.1,0.9,7.56,0.76,8,0.8,1,1.11,1.11,1,1.0,9,6.46,0.72,7,0.7777777777777778,5,2,3,10,5,5,11.29,1.13,0.5,0.2,0.3,0.5,0.5,25,0.5434782608695652,0.01,0.0,46,11,0.55,25.68,1.28,20,401282633,2021,3
103,Boston College Eagles,21,0.45652173913043476,5,0.38461538461538464,16,0.48484848484848486,8,0.5714285714285714,1,0.14285714285714285,19,0.5,38,0.2631578947368421,0.7368421052631579,6.34,0.17,8,0.21052631578947367,10,3.17,0.32,5,0.5,28,3.17,0.11,14,0.5,7,0.14285714285714285,0.8571428571428571,2.45,0.35,4,0.5714285714285714,1,-1.58,-1.58,0,0.0,6,4.03,0.67,4,0.6666666666666666,2,0,2,8,3,5,-3.46,-0.43,0.25,0.0,0.25,0.375,0.625,19,0.5277777777777778,7.07,0.2,36,2,0.2,-4.2,-0.42,10,401282634,2021,3
218,Temple Owls,21,0.3620689655172414,10,0.37037037037037035,11,0.3548387096774194,0,0.0,4,0.2857142857142857,16,0.3902439024390244,41,0.4634146341463415,0.5365853658536586,0.84,0.02,7,0.17073170731707318,19,6.29,0.33,10,0.5263157894736842,22,-5.45,-0.25,6,0.2727272727272727,15,0.5333333333333333,0.4666666666666667,2.6,0.17,7,0.4666666666666667,8,2.48,0.31,5,0.625,7,0.12,0.02,2,0.2857142857142857,5,0,5,17,8,9,-10.1,-0.59,0.29411764705882354,0.0,0.29411764705882354,0.47058823529411764,0.5294117647058824,17,0.4146341463414634,1.38,0.03,41,4,0.23529411764705882,-10.64,-0.63,17,401282634,2021,3
2132,Cincinnati Bearcats,36,0.5142857142857142,18,0.4864864864864865,18,0.5454545454545454,10,0.7692307692307693,6,0.46153846153846156,29,0.5178571428571429,56,0.5178571428571429,0.48214285714285715,2.58,0.05,12,0.21428571428571427,29,-1.54,-0.05,15,0.5172413793103449,27,4.12,0.15,14,0.5185185185185185,15,0.6,0.4,6.04,0.4,12,0.8,9,3.06,0.34,7,0.7777777777777778,6,2.98,0.5,5,0.8333333333333334,7,3,4,14,8,6,-0.44,-0.03,0.5,0.21428571428571427,0.2857142857142857,0.5714285714285714,0.42857142857142855,26,0.5416666666666666,9.14,0.19,48,10,0.45454545454545453,-7.0,-0.32,22,401282725,2021,3
84,Indiana Hoosiers,30,0.38961038961038963,15,0.36585365853658536,15,0.4166666666666667,7,0.4666666666666667,7,0.4375,22,0.3793103448275862,58,0.5,0.5,-10.81,-0.19,10,0.1724137931034483,29,-0.67,-0.02,12,0.41379310344827586,29,-10.14,-0.35,10,0.3448275862068966,7,0.42857142857142855,0.5714285714285714,-5.36,-0.77,1,0.14285714285714285,3,-2.91,-0.97,1,0.3333333333333333,4,-2.46,-0.61,0,0.0,8,3,5,19,12,7,-8.03,-0.42,0.42105263157894735,0.15789473684210525,0.2631578947368421,0.631578947368421,0.3684210526315789,21,0.42,-7.48,-0.15,50,9,0.3333333333333333,-11.37,-0.42,27,401282725,2021,3
41,UConn Huskies,13,0.28888888888888886,5,0.17857142857142858,8,0.47058823529411764,1,0.25,3,0.3,9,0.28125,32,0.625,0.375,-6.78,-0.21,5,0.15625,20,-8.87,-0.44,4,0.2,12,2.09,0.17,5,0.4166666666666667,4,0.5,0.5,2.12,0.53,2,0.5,2,0.12,0.06,1,0.5,2,2.01,1.0,1,0.5,4,1,3,13,8,5,2.2,0.17,0.3076923076923077,0.07692307692307693,0.23076923076923078,0.6153846153846154,0.38461538461538464,8,0.27586206896551724,1.53,0.05,29,5,0.3125,-6.12,-0.38,16,401286189,2021,3
349,Army Black Knights,39,0.5571428571428572,3,1.0,36,0.5373134328358209,14,0.6086956521739131,7,0.7,30,0.5263157894736842,57,0.05263157894736842,0.9473684210526315,21.87,0.38,15,0.2631578947368421,3,7.59,2.53,3,1.0,54,14.28,0.26,27,0.5,7,0.14285714285714285,0.8571428571428571,-0.18,-0.03,2,0.2857142857142857,1,2.65,2.65,1,1.0,6,-2.83,-0.47,1,0.16666666666666666,9,0,9,13,0,13,5.53,0.43,0.6923076923076923,0.0,0.6923076923076923,0.0,1.0,34,0.5964912280701754,23.83,0.42,57,5,0.38461538461538464,3.57,0.27,13,401286189,2021,3
135,Minnesota Golden Gophers,32,0.47058823529411764,8,0.47058823529411764,24,0.47058823529411764,10,0.5263157894736842,3,0.2727272727272727,29,0.5178571428571429,56,0.19642857142857142,0.8035714285714286,9.94,0.18,15,0.26785714285714285,11,6.27,0.57,6,0.5454545454545454,45,3.67,0.08,23,0.5111111111111111,16,0.4375,0.5625,-1.33,-0.08,6,0.375,7,2.64,0.38,4,0.5714285714285714,9,-3.97,-0.44,2,0.2222222222222222,3,2,1,12,6,6,-3.09,-0.26,0.25,0.16666666666666666,0.08333333333333333,0.5,0.5,25,0.5434782608695652,6.34,0.14,46,7,0.3181818181818182,0.52,0.02,22,401282791,2021,3
38,Colorado Buffaloes,11,0.25,6,0.21428571428571427,5,0.3125,,,3,0.2727272727272727,8,0.25806451612903225,31,0.5806451612903226,0.41935483870967744,-9.83,-0.32,4,0.12903225806451613,18,-3.2,-0.18,5,0.2777777777777778,13,-6.63,-0.51,3,0.23076923076923078,5,1.0,0.0,-4.09,-0.82,1,0.2,5,-4.09,-0.82,1,0.2,,,,,,3,1,2,13,10,3,-12.86,-0.99,0.23076923076923078,0.07692307692307693,0.15384615384615385,0.7692307692307693,0.23076923076923078,10,0.43478260869565216,-1.97,-0.09,23,1,0.047619047619047616,-20.72,-0.99,21,401282791,2021,3
2306,Kansas State Wildcats,40,0.6557377049180327,8,0.6153846153846154,32,0.6666666666666666,10,0.7142857142857143,5,0.5555555555555556,35,0.6730769230769231,52,0.23076923076923078,0.7692307692307693,18.25,0.35,15,0.28846153846153844,12,7.88,0.66,8,0.6666666666666666,40,10.36,0.26,27,0.675,2,0.0,1.0,-0.83,-0.41,0,0.0,,,,,,2,-0.83,-0.41,0,0.0,5,0,5,9,1,8,2.74,0.3,0.5555555555555556,0.0,0.5555555555555556,0.1111111111111111,0.8888888888888888,36,0.72,23.71,0.47,50,4,0.36363636363636365,-2.72,-0.25,11,401287905,2021,3
2440,Nevada Wolf Pack,29,0.4461538461538462,20,0.4444444444444444,9,0.45,2,0.2222222222222222,10,0.5555555555555556,17,0.3953488372093023,43,0.7674418604651163,0.23255813953488372,0.84,0.02,5,0.11627906976744186,33,4.15,0.13,13,0.3939393939393939,10,-3.32,-0.33,4,0.4,12,0.8333333333333334,0.16666666666666666,3.21,0.27,5,0.4166666666666667,10,5.64,0.56,5,0.5,2,-2.44,-1.22,0,0.0,12,7,5,22,12,10,5.83,0.27,0.5454545454545454,0.3181818181818182,0.22727272727272727,0.5454545454545454,0.45454545454545453,18,0.4,-3.99,-0.09,45,11,0.55,10.65,0.53,20,401287905,2021,3
2509,Purdue Boilermakers,32,0.4050632911392405,26,0.45614035087719296,6,0.2727272727272727,1,0.14285714285714285,4,0.25,27,0.4426229508196721,61,0.7213114754098361,0.2786885245901639,-0.21,-0.0,13,0.21311475409836064,44,2.43,0.06,22,0.5,17,-2.64,-0.16,5,0.29411764705882354,15,0.9333333333333333,0.06666666666666667,1.24,0.08,10,0.6666666666666666,14,0.89,0.06,9,0.6428571428571429,1,0.35,0.35,1,1.0,5,4,1,18,13,5,-11.67,-0.65,0.2777777777777778,0.2222222222222222,0.05555555555555555,0.7222222222222222,0.2777777777777778,23,0.42592592592592593,-6.28,-0.12,54,9,0.36,-5.6,-0.22,25,401282706,2021,3
87,Notre Dame Fighting Irish,19,0.296875,10,0.2857142857142857,9,0.3103448275862069,1,0.16666666666666666,4,0.25,14,0.2978723404255319,47,0.44680851063829785,0.5531914893617021,-5.17,-0.11,7,0.14893617021276595,21,-4.46,-0.21,6,0.2857142857142857,26,-0.71,-0.03,8,0.3076923076923077,8,0.75,0.25,-0.29,-0.04,2,0.25,6,-1.48,-0.25,1,0.16666666666666666,2,1.19,0.6,1,0.5,5,4,1,17,14,3,3.43,0.2,0.29411764705882354,0.23529411764705882,0.058823529411764705,0.8235294117647058,0.17647058823529413,13,0.325,0.92,0.02,40,6,0.25,-2.66,-0.11,24,401282706,2021,3
57,Florida Gators,34,0.4788732394366197,15,0.5172413793103449,19,0.4523809523809524,5,0.5555555555555556,5,0.4166666666666667,27,0.48214285714285715,56,0.35714285714285715,0.6428571428571429,12.32,0.22,15,0.26785714285714285,20,2.36,0.12,9,0.45,36,9.96,0.28,18,0.5,13,0.38461538461538464,0.6153846153846154,2.0,0.15,6,0.46153846153846156,5,1.3,0.26,3,0.6,8,0.7,0.09,3,0.375,7,6,1,15,9,6,3.69,0.25,0.4666666666666667,0.4,0.06666666666666667,0.6,0.4,26,0.5098039215686274,15.9,0.31,51,8,0.4,0.11,0.01,20,401282071,2021,3
333,Alabama Crimson Tide,31,0.49206349206349204,19,0.5135135135135135,12,0.46153846153846156,8,0.5333333333333333,8,0.6153846153846154,22,0.4489795918367347,49,0.5714285714285714,0.42857142857142855,1.24,0.03,6,0.12244897959183673,28,3.37,0.12,13,0.4642857142857143,21,-2.12,-0.1,9,0.42857142857142855,1,0.0,1.0,-0.16,-0.16,0,0.0,,,,,,1,-0.16,-0.16,0,0.0,9,6,3,14,9,5,9.6,0.69,0.6428571428571429,0.42857142857142855,0.21428571428571427,0.6428571428571429,0.35714285714285715,22,0.4888888888888889,7.8,0.17,45,9,0.5,3.04,0.17,18,401282071,2021,3
2567,SMU Mustangs,45,0.5232558139534884,27,0.5625,18,0.47368421052631576,7,0.4117647058823529,9,0.5625,36,0.5294117647058824,68,0.6176470588235294,0.38235294117647056,24.14,0.36,21,0.3088235294117647,42,20.52,0.49,23,0.5476190476190477,26,3.62,0.14,13,0.5,17,0.5882352941176471,0.4117647058823529,11.4,0.67,12,0.7058823529411765,10,11.24,1.12,8,0.8,7,0.16,0.02,4,0.5714285714285714,9,4,5,18,6,12,-0.47,-0.03,0.5,0.2222222222222222,0.2777777777777778,0.3333333333333333,0.6666666666666666,35,0.5303030303030303,6.42,0.1,66,10,0.5,17.25,0.86,20,401282199,2021,3
2348,Louisiana Tech Bulldogs,29,0.4264705882352941,20,0.5,9,0.32142857142857145,5,0.625,5,0.45454545454545453,24,0.42105263157894735,57,0.543859649122807,0.45614035087719296,9.94,0.17,12,0.21052631578947367,31,11.41,0.37,17,0.5483870967741935,26,-1.47,-0.06,7,0.2692307692307692,7,0.7142857142857143,0.2857142857142857,2.72,0.39,2,0.2857142857142857,5,-0.23,-0.05,1,0.2,2,2.94,1.47,1,0.5,5,3,2,11,9,2,1.68,0.15,0.45454545454545453,0.2727272727272727,0.18181818181818182,0.8181818181818182,0.18181818181818182,17,0.3695652173913043,9.26,0.2,46,12,0.5454545454545454,2.37,0.11,22,401282199,2021,3
2294,Iowa Hawkeyes,34,0.4533333333333333,17,0.4594594594594595,17,0.4473684210526316,3,0.42857142857142855,8,0.5,25,0.44642857142857145,56,0.4642857142857143,0.5357142857142857,-3.01,-0.05,13,0.23214285714285715,26,4.63,0.18,12,0.46153846153846156,30,-7.64,-0.25,13,0.43333333333333335,12,0.6666666666666666,0.3333333333333333,3.43,0.29,6,0.5,8,5.17,0.65,5,0.625,4,-1.75,-0.44,1,0.25,9,5,4,19,11,8,10.04,0.53,0.47368421052631576,0.2631578947368421,0.21052631578947367,0.5789473684210527,0.42105263157894735,24,0.4897959183673469,8.48,0.17,49,10,0.38461538461538464,-1.45,-0.06,26,401282755,2021,3
2309,Kent State Golden Flashes,27,0.421875,11,0.36666666666666664,16,0.47058823529411764,2,0.6666666666666666,4,0.3076923076923077,22,0.4489795918367347,49,0.4489795918367347,0.5510204081632653,-2.87,-0.06,12,0.24489795918367346,22,3.95,0.18,10,0.45454545454545453,27,-6.82,-0.25,12,0.4444444444444444,11,0.5454545454545454,0.45454545454545453,-2.38,-0.22,6,0.5454545454545454,6,-3.52,-0.59,3,0.5,5,1.14,0.23,3,0.6,5,1,4,15,8,7,-7.23,-0.48,0.3333333333333333,0.06666666666666667,0.26666666666666666,0.5333333333333333,0.4666666666666667,22,0.5365853658536586,-6.59,-0.16,41,5,0.21739130434782608,-3.52,-0.15,23,401282755,2021,3
48,Delaware Blue Hens,22,0.36666666666666664,7,0.22580645161290322,15,0.5172413793103449,1,0.5,4,0.3076923076923077,17,0.3695652173913043,46,0.45652173913043476,0.5434782608695652,-0.63,-0.01,9,0.1956521739130435,21,-7.49,-0.36,5,0.23809523809523808,25,6.86,0.27,12,0.48,9,0.4444444444444444,0.5555555555555556,-3.59,-0.4,3,0.3333333333333333,4,-3.48,-0.87,0,0.0,5,-0.11,-0.02,3,0.6,5,2,3,14,10,4,-4.45,-0.32,0.35714285714285715,0.14285714285714285,0.21428571428571427,0.7142857142857143,0.2857142857142857,18,0.46153846153846156,8.23,0.21,39,4,0.19047619047619047,-13.32,-0.63,21,401282823,2021,3
164,Rutgers Scarlet Knights,36,0.5454545454545454,16,0.5517241379310345,20,0.5405405405405406,5,0.8333333333333334,10,0.7142857142857143,26,0.5098039215686274,51,0.43137254901960786,0.5686274509803921,11.47,0.22,11,0.21568627450980393,22,12.19,0.55,13,0.5909090909090909,29,-0.71,-0.02,13,0.4482758620689655,7,0.7142857142857143,0.2857142857142857,-0.09,-0.01,4,0.5714285714285714,5,0.37,0.07,3,0.6,2,-0.46,-0.23,1,0.5,10,3,7,15,7,8,8.02,0.53,0.6666666666666666,0.2,0.4666666666666667,0.4666666666666667,0.5333333333333333,28,0.56,21.37,0.43,50,8,0.5,-1.88,-0.12,16,401282823,2021,3
113,Massachusetts Minutemen,40,0.547945205479452,20,0.5,20,0.6060606060606061,4,0.6666666666666666,6,0.5,33,0.5689655172413793,58,0.5689655172413793,0.43103448275862066,18.28,0.32,18,0.3103448275862069,33,11.56,0.35,18,0.5454545454545454,25,6.72,0.27,15,0.6,11,0.5454545454545454,0.45454545454545453,-1.53,-0.14,4,0.36363636363636365,6,-2.01,-0.34,1,0.16666666666666666,5,0.48,0.1,3,0.6,7,2,5,15,7,8,-3.04,-0.2,0.4666666666666667,0.13333333333333333,0.3333333333333333,0.4666666666666667,0.5333333333333333,33,0.5892857142857143,20.47,0.37,56,7,0.4117647058823529,-5.23,-0.31,17,401286300,2021,3
2199,Eastern Michigan Eagles,33,0.5076923076923077,14,0.56,19,0.475,6,0.3333333333333333,5,0.5555555555555556,27,0.4909090909090909,55,0.34545454545454546,0.6545454545454545,4.66,0.08,18,0.32727272727272727,19,6.15,0.32,10,0.5263157894736842,36,-1.48,-0.04,17,0.4722222222222222,15,0.4666666666666667,0.5333333333333333,0.98,0.07,8,0.5333333333333333,7,3.41,0.49,4,0.5714285714285714,8,-2.43,-0.3,4,0.5,6,4,2,10,6,4,12.04,1.2,0.6,0.4,0.2,0.6,0.4,28,0.5384615384615384,5.9,0.11,52,5,0.38461538461538464,10.8,0.83,13,401286300,2021,3
2305,Kansas Jayhawks,18,0.36,5,0.2777777777777778,13,0.40625,3,0.75,3,0.23076923076923078,15,0.4166666666666667,36,0.2777777777777778,0.7222222222222222,-6.41,-0.18,4,0.1111111111111111,10,-2.88,-0.29,3,0.3,26,-3.53,-0.14,12,0.46153846153846156,14,0.5,0.5,-0.57,-0.04,6,0.42857142857142855,7,1.68,0.24,3,0.42857142857142855,7,-2.25,-0.32,3,0.42857142857142855,3,2,1,14,8,6,-5.63,-0.4,0.21428571428571427,0.14285714285714285,0.07142857142857142,0.5714285714285714,0.42857142857142855,16,0.45714285714285713,-1.43,-0.04,35,2,0.13333333333333333,-10.61,-0.71,15,401287904,2021,3
239,Baylor Bears,42,0.6176470588235294,18,0.75,24,0.5454545454545454,11,0.9166666666666666,6,0.5454545454545454,34,0.6181818181818182,55,0.36363636363636365,0.6363636363636364,21.38,0.39,18,0.32727272727272727,20,14.26,0.71,16,0.8,35,7.12,0.2,18,0.5142857142857142,6,0.8333333333333334,0.16666666666666666,3.43,0.57,3,0.5,5,3.92,0.78,3,0.6,1,-0.48,-0.48,0,0.0,8,2,6,13,4,9,10.83,0.83,0.6153846153846154,0.15384615384615385,0.46153846153846156,0.3076923076923077,0.6923076923076923,34,0.6538461538461539,26.33,0.51,52,8,0.5,5.88,0.37,16,401287904,2021,3
2803,Bryant Bulldogs,25,0.44642857142857145,13,0.4642857142857143,12,0.42857142857142855,6,0.6666666666666666,5,0.4166666666666667,20,0.45454545454545453,44,0.4318181818181818,0.5681818181818182,-10.73,-0.24,7,0.1590909090909091,19,-4.95,-0.26,9,0.47368421052631576,25,-5.78,-0.23,11,0.44,8,0.625,0.375,-0.65,-0.08,4,0.5,5,-0.9,-0.18,2,0.4,3,0.25,0.08,2,0.6666666666666666,5,4,1,12,9,3,0.45,0.04,0.4166666666666667,0.3333333333333333,0.08333333333333333,0.75,0.25,19,0.5,-8.24,-0.22,38,6,0.3333333333333333,-2.03,-0.11,18,401309550,2021,3
2006,Akron Zips,37,0.6166666666666667,17,0.68,20,0.5714285714285714,6,0.5454545454545454,5,0.625,32,0.64,50,0.48,0.52,19.46,0.39,17,0.34,24,16.21,0.68,16,0.6666666666666666,26,3.26,0.13,16,0.6153846153846154,12,0.5,0.5,-3.16,-0.26,6,0.5,6,4.13,0.69,4,0.6666666666666666,6,-7.3,-1.22,2,0.3333333333333333,5,1,4,10,1,9,4.29,0.43,0.5,0.1,0.4,0.1,0.9,29,0.6041666666666666,11.34,0.24,48,8,0.6666666666666666,12.41,1.03,12,401309550,2021,3
2026,Appalachian State Mountaineers,36,0.5454545454545454,16,0.5333333333333333,20,0.5555555555555556,8,0.5714285714285714,4,0.4,31,0.5636363636363636,55,0.43636363636363634,0.5636363636363636,19.19,0.35,15,0.2727272727272727,24,13.59,0.57,14,0.5833333333333334,31,5.59,0.18,17,0.5483870967741935,15,0.5333333333333333,0.4666666666666667,1.84,0.12,8,0.5333333333333333,8,0.85,0.11,3,0.375,7,0.99,0.14,5,0.7142857142857143,5,2,3,11,6,5,2.45,0.22,0.45454545454545453,0.18181818181818182,0.2727272727272727,0.5454545454545454,0.45454545454545453,30,0.625,18.19,0.38,48,6,0.3333333333333333,3.45,0.19,18,401309604,2021,3
2210,Elon Phoenix,21,0.3333333333333333,16,0.41025641025641024,5,0.20833333333333334,2,0.4,5,0.35714285714285715,16,0.32653061224489793,49,0.5510204081632653,0.4489795918367347,-12.83,-0.26,9,0.1836734693877551,27,-5.14,-0.19,12,0.4444444444444444,22,-7.69,-0.35,4,0.18181818181818182,3,0.3333333333333333,0.6666666666666666,-1.99,-0.66,0,0.0,1,-0.58,-0.58,0,0.0,2,-1.41,-0.71,0,0.0,5,4,1,14,12,2,1.46,0.1,0.35714285714285715,0.2857142857142857,0.07142857142857142,0.8571428571428571,0.14285714285714285,14,0.3684210526315789,-4.09,-0.11,38,7,0.28,-7.28,-0.29,25,401309604,2021,3
70,Idaho Vandals,21,0.35,8,0.2962962962962963,13,0.3939393939393939,2,0.4,5,0.38461538461538464,15,0.35714285714285715,42,0.40476190476190477,0.5952380952380952,-14.08,-0.34,8,0.19047619047619047,17,-9.45,-0.56,6,0.35294117647058826,25,-4.63,-0.19,9,0.36,2,1.0,0.0,-2.53,-1.26,1,0.5,2,-2.53,-1.26,1,0.5,,,,,,6,2,4,18,10,8,-11.83,-0.66,0.3333333333333333,0.1111111111111111,0.2222222222222222,0.5555555555555556,0.4444444444444444,15,0.39473684210526316,-15.59,-0.41,38,6,0.2727272727272727,-10.32,-0.47,22,401309851,2021,3
204,Oregon State Beavers,35,0.5555555555555556,14,0.5384615384615384,21,0.5675675675675675,12,0.8571428571428571,9,0.75,26,0.5098039215686274,51,0.39215686274509803,0.6078431372549019,9.58,0.19,11,0.21568627450980393,20,4.18,0.21,10,0.5,31,5.39,0.17,16,0.5161290322580645,11,0.6363636363636364,0.36363636363636365,1.46,0.13,4,0.36363636363636365,7,0.23,0.03,2,0.2857142857142857,4,1.23,0.31,2,0.5,9,4,5,12,6,6,11.31,0.94,0.75,0.3333333333333333,0.4166666666666667,0.5,0.5,28,0.56,9.18,0.18,50,7,0.5384615384615384,11.71,0.9,13,401309851,2021,3
30,USC Trojans,33,0.4583333333333333,27,0.5510204081632653,6,0.2608695652173913,4,0.36363636363636365,8,0.5333333333333333,24,0.42857142857142855,56,0.5892857142857143,0.4107142857142857,-0.58,-0.01,13,0.23214285714285715,33,9.46,0.29,18,0.5454545454545454,23,-10.05,-0.44,6,0.2608695652173913,18,0.8333333333333334,0.16666666666666666,10.56,0.59,9,0.5,15,11.52,0.77,8,0.5333333333333333,3,-0.96,-0.32,1,0.3333333333333333,9,9,0,16,16,0,10.24,0.64,0.5625,0.5625,0.0,1.0,0.0,22,0.5,6.03,0.14,44,11,0.39285714285714285,3.62,0.13,28,401309852,2021,3
265,Washington State Cougars,25,0.390625,13,0.35135135135135137,12,0.4444444444444444,5,0.3125,4,0.3076923076923077,19,0.40425531914893614,47,0.5106382978723404,0.48936170212765956,-8.14,-0.17,8,0.1702127659574468,24,-7.44,-0.31,9,0.375,23,-0.7,-0.03,10,0.43478260869565216,3,0.3333333333333333,0.6666666666666666,-1.5,-0.5,0,0.0,1,-0.95,-0.95,0,0.0,2,-0.55,-0.28,0,0.0,6,4,2,17,13,4,-3.3,-0.19,0.35294117647058826,0.23529411764705882,0.11764705882352941,0.7647058823529411,0.23529411764705882,18,0.4,-8.77,-0.19,45,7,0.3684210526315789,-2.67,-0.14,19,401309852,2021,3
154,Wake Forest Demon Deacons,37,0.42528735632183906,15,0.4411764705882353,22,0.41509433962264153,10,0.625,11,0.5789473684210527,25,0.3787878787878788,66,0.3181818181818182,0.6818181818181818,2.16,0.03,13,0.19696969696969696,21,0.68,0.03,8,0.38095238095238093,45,1.48,0.03,17,0.37777777777777777,14,0.42857142857142855,0.5714285714285714,1.78,0.13,6,0.42857142857142855,6,1.37,0.23,3,0.5,8,0.41,0.05,3,0.375,12,7,5,21,13,8,5.86,0.28,0.5714285714285714,0.3333333333333333,0.23809523809523808,0.6190476190476191,0.38095238095238093,23,0.3898305084745763,0.52,0.01,59,14,0.5,7.5,0.27,28,401282635,2021,3
52,Florida State Seminoles,21,0.42,13,0.5416666666666666,8,0.3076923076923077,4,0.4444444444444444,2,0.3333333333333333,19,0.4418604651162791,43,0.46511627906976744,0.5348837209302325,-11.19,-0.26,13,0.3023255813953488,20,6.74,0.34,12,0.6,23,-17.93,-0.78,7,0.30434782608695654,8,0.25,0.75,-1.24,-0.16,4,0.5,2,-3.84,-1.92,0,0.0,6,2.6,0.43,4,0.6666666666666666,2,1,1,7,4,3,-7.28,-1.04,0.2857142857142857,0.14285714285714285,0.14285714285714285,0.5714285714285714,0.42857142857142855,16,0.4,-20.54,-0.51,40,5,0.5,2.07,0.21,10,401282635,2021,3
228,Clemson Tigers,28,0.42424242424242425,9,0.36,19,0.4634146341463415,5,0.5555555555555556,9,0.6,19,0.38,50,0.34,0.66,-3.23,-0.06,9,0.18,17,1.21,0.07,7,0.4117647058823529,33,-4.44,-0.13,12,0.36363636363636365,5,0.6,0.4,-2.23,-0.45,0,0.0,3,-1.4,-0.47,0,0.0,2,-0.84,-0.42,0,0.0,9,2,7,16,8,8,0.21,0.01,0.5625,0.125,0.4375,0.5,0.5,20,0.4166666666666667,-7.57,-0.16,48,8,0.4444444444444444,4.54,0.25,18,401282627,2021,3
59,Georgia Tech Yellow Jackets,28,0.39436619718309857,15,0.4166666666666667,13,0.37142857142857144,5,0.38461538461538464,3,0.23076923076923078,23,0.41818181818181815,55,0.4909090909090909,0.509090909090909,-2.17,-0.04,13,0.23636363636363636,27,0.99,0.04,11,0.4074074074074074,28,-3.16,-0.11,12,0.42857142857142855,19,0.5263157894736842,0.47368421052631576,1.63,0.09,9,0.47368421052631576,10,2.45,0.24,5,0.5,9,-0.82,-0.09,4,0.4444444444444444,5,4,1,16,9,7,-1.48,-0.09,0.3125,0.25,0.0625,0.5625,0.4375,15,0.3333333333333333,-12.19,-0.27,45,13,0.5,8.54,0.33,26,401282627,2021,3
344,Mississippi State Bulldogs,43,0.5180722891566265,36,0.5217391304347826,7,0.5384615384615384,7,0.4117647058823529,9,0.5294117647058824,34,0.5230769230769231,65,0.8461538461538461,0.15384615384615385,12.62,0.19,15,0.23076923076923078,55,10.59,0.19,30,0.5454545454545454,10,2.04,0.2,4,0.4,10,0.9,0.1,-6.14,-0.61,3,0.3,9,-6.04,-0.67,3,0.3333333333333333,1,-0.1,-0.1,0,0.0,9,6,3,18,14,3,-5.13,-0.28,0.5,0.3333333333333333,0.16666666666666666,0.7777777777777778,0.16666666666666666,33,0.5409836065573771,2.67,0.04,61,10,0.45454545454545453,4.82,0.22,22,401282076,2021,3
235,Memphis Tigers,20,0.37735849056603776,12,0.41379310344827586,8,0.3333333333333333,,,3,0.25,16,0.42105263157894735,38,0.5,0.5,4.61,0.12,6,0.15789473684210525,19,7.69,0.4,10,0.5263157894736842,19,-3.09,-0.16,6,0.3157894736842105,8,1.0,0.0,-5.19,-0.65,2,0.25,8,-5.19,-0.65,2,0.25,,,,,,4,2,2,15,10,5,-8.5,-0.57,0.26666666666666666,0.13333333333333333,0.13333333333333333,0.6666666666666666,0.3333333333333333,11,0.34375,-10.94,-0.34,32,9,0.42857142857142855,7.04,0.34,21,401282076,2021,3
150,Duke Blue Devils,40,0.42105263157894735,22,0.4888888888888889,18,0.36,3,0.2727272727272727,11,0.5,28,0.39436619718309857,71,0.4647887323943662,0.5352112676056338,0.77,0.01,15,0.2112676056338028,33,6.17,0.19,17,0.5151515151515151,38,-5.4,-0.14,11,0.2894736842105263,12,0.6666666666666666,0.3333333333333333,-1.41,-0.12,5,0.4166666666666667,8,0.3,0.04,4,0.5,4,-1.71,-0.43,1,0.25,12,5,7,24,12,12,3.83,0.16,0.5,0.20833333333333334,0.2916666666666667,0.5,0.5,27,0.43548387096774194,4.2,0.07,62,13,0.3939393939393939,0.4,0.01,33,401282628,2021,3
77,Northwestern Wildcats,29,0.42028985507246375,13,0.325,16,0.5517241379310345,7,0.5833333333333334,5,0.38461538461538464,24,0.43636363636363634,55,0.5272727272727272,0.4727272727272727,-0.58,-0.01,14,0.2545454545454545,29,-2.12,-0.07,11,0.3793103448275862,26,1.54,0.06,13,0.5,14,0.6428571428571429,0.35714285714285715,13.7,0.98,10,0.7142857142857143,9,11.79,1.31,6,0.6666666666666666,5,1.91,0.38,4,0.8,5,2,3,14,11,3,-4.93,-0.35,0.35714285714285715,0.14285714285714285,0.21428571428571427,0.7857142857142857,0.21428571428571427,24,0.5333333333333333,-0.38,-0.01,45,5,0.20833333333333334,-5.14,-0.21,24,401282628,2021,3
2751,Wyoming Cowboys,33,0.5409836065573771,14,0.5833333333333334,19,0.5135135135135135,9,0.6,5,0.45454545454545453,27,0.5510204081632653,49,0.3877551020408163,0.6122448979591837,8.75,0.18,13,0.2653061224489796,19,7.85,0.41,13,0.6842105263157895,30,0.9,0.03,14,0.4666666666666667,14,0.42857142857142855,0.5714285714285714,3.45,0.25,9,0.6428571428571429,6,-0.28,-0.05,3,0.5,8,3.73,0.47,6,0.75,6,1,5,12,5,7,-0.73,-0.06,0.5,0.08333333333333333,0.4166666666666667,0.4166666666666667,0.5833333333333334,26,0.6190476190476191,11.75,0.28,42,7,0.3684210526315789,-3.73,-0.2,19,401309549,2021,3
2050,Ball State Cardinals,28,0.37333333333333335,13,0.325,15,0.42857142857142855,2,0.5,10,0.5882352941176471,18,0.3157894736842105,57,0.49122807017543857,0.5087719298245614,-20.97,-0.37,7,0.12280701754385964,28,-23.55,-0.84,8,0.2857142857142857,29,2.58,0.09,10,0.3448275862068966,9,0.4444444444444444,0.5555555555555556,3.97,0.44,5,0.5555555555555556,4,3.6,0.9,3,0.75,5,0.37,0.07,2,0.4,10,5,5,18,12,6,3.7,0.21,0.5555555555555556,0.2777777777777778,0.2777777777777778,0.6666666666666666,0.3333333333333333,19,0.37254901960784315,-22.58,-0.44,51,9,0.375,5.31,0.22,24,401309549,2021,3
2649,Toledo Rockets,20,0.2857142857142857,15,0.3125,5,0.22727272727272727,0,0.0,5,0.2777777777777778,14,0.2916666666666667,48,0.6666666666666666,0.3333333333333333,-6.12,-0.13,5,0.10416666666666667,32,-1.6,-0.05,12,0.375,16,-4.52,-0.28,2,0.125,13,0.6923076923076923,0.3076923076923077,-4.14,-0.32,4,0.3076923076923077,9,-2.75,-0.31,3,0.3333333333333333,4,-1.39,-0.35,1,0.25,6,3,3,22,16,6,-13.0,-0.59,0.2727272727272727,0.13636363636363635,0.13636363636363635,0.7272727272727273,0.2727272727272727,10,0.25,-12.77,-0.32,40,10,0.3333333333333333,-6.34,-0.21,30,401309553,2021,3
36,Colorado State Rams,25,0.3333333333333333,6,0.21428571428571427,19,0.40425531914893614,0,0.0,4,0.23529411764705882,20,0.35714285714285715,56,0.30357142857142855,0.6964285714285714,-1.36,-0.02,11,0.19642857142857142,17,-1.07,-0.06,4,0.23529411764705882,39,-0.29,-0.01,16,0.41025641025641024,8,0.5,0.5,0.92,0.11,4,0.5,4,0.65,0.16,1,0.25,4,0.26,0.07,3,0.75,5,2,3,19,11,8,-10.46,-0.55,0.2631578947368421,0.10526315789473684,0.15789473684210525,0.5789473684210527,0.42105263157894735,18,0.375,-6.08,-0.13,48,7,0.25925925925925924,-5.74,-0.21,27,401309553,2021,3
16,Sacramento State Hornets,35,0.45454545454545453,28,0.509090909090909,7,0.3181818181818182,7,0.4666666666666667,10,0.5555555555555556,24,0.41379310344827586,58,0.6724137931034483,0.3275862068965517,3.48,0.06,11,0.1896551724137931,39,4.84,0.12,17,0.4358974358974359,19,-1.36,-0.07,7,0.3684210526315789,20,0.75,0.25,10.75,0.54,10,0.5,15,11.64,0.78,9,0.6,5,-0.88,-0.18,1,0.2,11,11,0,19,16,3,17.03,0.9,0.5789473684210527,0.5789473684210527,0.0,0.8421052631578947,0.15789473684210525,20,0.4,1.42,0.03,50,15,0.5555555555555556,19.09,0.71,27,401309849,2021,3
25,California Golden Bears,38,0.5846153846153846,17,0.5,21,0.6774193548387096,6,1.0,5,0.5555555555555556,33,0.6111111111111112,54,0.5,0.5,23.38,0.43,19,0.35185185185185186,27,11.54,0.43,16,0.5925925925925926,27,11.85,0.44,17,0.6296296296296297,1,0.0,1.0,-0.22,-0.22,0,0.0,,,,,,1,-0.22,-0.22,0,0.0,5,1,4,11,7,4,-1.06,-0.1,0.45454545454545453,0.09090909090909091,0.36363636363636365,0.6363636363636364,0.36363636363636365,30,0.6521739130434783,19.84,0.43,46,8,0.42105263157894735,2.48,0.13,19,401309849,2021,3
264,Washington Huskies,41,0.5125,25,0.5555555555555556,16,0.45714285714285713,7,0.7777777777777778,8,0.5714285714285714,32,0.49230769230769234,65,0.5692307692307692,0.4307692307692308,6.32,0.1,15,0.23076923076923078,37,2.64,0.07,20,0.5405405405405406,28,3.68,0.13,12,0.42857142857142855,7,0.2857142857142857,0.7142857142857143,1.86,0.27,4,0.5714285714285714,2,0.25,0.12,1,0.5,5,1.61,0.32,3,0.6,9,5,4,15,8,7,8.1,0.54,0.6,0.3333333333333333,0.26666666666666666,0.5333333333333333,0.4666666666666667,32,0.5245901639344263,8.73,0.14,61,9,0.47368421052631576,5.69,0.3,19,401309605,2021,3
2032,Arkansas State Red Wolves,24,0.34285714285714286,15,0.3,9,0.47368421052631576,0,0.0,7,0.3888888888888889,17,0.3333333333333333,51,0.7254901960784313,0.27450980392156865,-14.34,-0.28,9,0.17647058823529413,37,-11.38,-0.31,12,0.32432432432432434,14,-2.96,-0.21,5,0.35714285714285715,10,0.6,0.4,-2.58,-0.26,2,0.2,6,-0.81,-0.13,1,0.16666666666666666,4,-1.77,-0.44,1,0.25,7,3,4,19,13,5,-11.48,-0.6,0.3684210526315789,0.15789473684210525,0.21052631578947367,0.6842105263157895,0.2631578947368421,16,0.3902439024390244,-15.84,-0.39,41,8,0.27586206896551724,-9.97,-0.34,29,401309605,2021,3
189,Bowling Green Falcons,29,0.4084507042253521,15,0.4838709677419355,14,0.35,9,0.5625,7,0.5,22,0.38596491228070173,57,0.40350877192982454,0.5964912280701754,-18.02,-0.32,19,0.3333333333333333,23,-7.73,-0.34,9,0.391304347826087,34,-10.29,-0.3,13,0.38235294117647056,12,0.5,0.5,-6.82,-0.57,1,0.08333333333333333,6,-0.63,-0.11,1,0.16666666666666666,6,-6.19,-1.03,0,0.0,7,6,1,14,8,6,8.29,0.59,0.5,0.42857142857142855,0.07142857142857142,0.5714285714285714,0.42857142857142855,20,0.40816326530612246,-15.66,-0.32,49,9,0.4090909090909091,5.94,0.27,22,401309551,2021,3
93,Murray State Racers,9,0.140625,3,0.08571428571428572,6,0.20689655172413793,1,0.16666666666666666,2,0.125,7,0.14893617021276595,47,0.46808510638297873,0.5319148936170213,-34.1,-0.73,8,0.1702127659574468,22,-14.61,-0.66,1,0.045454545454545456,25,-19.49,-0.78,6,0.24,21,0.38095238095238093,0.6190476190476191,-24.94,-1.19,0,0.0,8,-7.02,-0.88,0,0.0,13,-17.92,-1.38,0,0.0,2,2,0,17,13,4,-20.15,-1.19,0.11764705882352941,0.11764705882352941,0.0,0.7647058823529411,0.23529411764705882,7,0.16666666666666666,-30.74,-0.73,42,2,0.09090909090909091,-23.51,-1.07,22,401309551,2021,3
2636,UTSA Roadrunners,35,0.3977272727272727,18,0.391304347826087,17,0.40476190476190477,2,0.2,11,0.5789473684210527,23,0.3382352941176471,68,0.45588235294117646,0.5441176470588235,-16.86,-0.25,9,0.1323529411764706,31,-13.08,-0.42,10,0.3225806451612903,37,-3.78,-0.1,13,0.35135135135135137,16,0.4375,0.5625,2.01,0.13,5,0.3125,7,2.01,0.29,3,0.42857142857142855,9,-0.0,-0.0,2,0.2222222222222222,12,8,4,20,15,5,10.19,0.51,0.6,0.4,0.2,0.75,0.25,22,0.3793103448275862,-2.29,-0.04,58,13,0.43333333333333335,-4.38,-0.15,30,401282194,2021,3
2393,Middle Tennessee Blue Raiders,13,0.23214285714285715,10,0.2857142857142857,3,0.15,1,0.25,2,0.14285714285714285,11,0.2682926829268293,41,0.6341463414634146,0.36585365853658536,-18.21,-0.44,6,0.14634146341463414,26,-11.81,-0.45,8,0.3076923076923077,15,-6.4,-0.43,3,0.2,3,0.6666666666666666,0.3333333333333333,-2.69,-0.9,0,0.0,2,-1.91,-0.96,0,0.0,1,-0.78,-0.78,0,0.0,2,2,0,15,9,5,-15.49,-1.03,0.13333333333333333,0.13333333333333333,0.0,0.6,0.3333333333333333,11,0.34375,-7.45,-0.23,32,2,0.08333333333333333,-26.26,-1.09,24,401282194,2021,3
2230,Fordham Rams,12,0.20689655172413793,10,0.24390243902439024,2,0.11764705882352941,2,0.4,1,0.06666666666666667,11,0.2619047619047619,42,0.5952380952380952,0.40476190476190477,-8.85,-0.21,6,0.14285714285714285,25,0.55,0.02,9,0.36,17,-9.39,-0.55,2,0.11764705882352941,12,0.75,0.25,-11.45,-0.95,0,0.0,9,-8.28,-0.92,0,0.0,3,-3.17,-1.06,0,0.0,1,1,0,16,16,0,-19.74,-1.23,0.0625,0.0625,0.0,1.0,0.0,8,0.25806451612903225,-8.17,-0.26,31,4,0.14814814814814814,-20.42,-0.76,27,401282198,2021,3
2226,Florida Atlantic Owls,49,0.532608695652174,22,0.4888888888888889,27,0.574468085106383,10,0.45454545454545453,10,0.5882352941176471,39,0.52,75,0.44,0.56,7.56,0.1,21,0.28,33,3.61,0.11,16,0.48484848484848486,42,3.95,0.09,23,0.5476190476190477,21,0.5714285714285714,0.42857142857142855,9.3,0.44,14,0.6666666666666666,12,6.74,0.56,8,0.6666666666666666,9,2.56,0.28,6,0.6666666666666666,10,6,4,17,12,5,6.34,0.37,0.5882352941176471,0.35294117647058826,0.23529411764705882,0.7058823529411765,0.29411764705882354,40,0.5555555555555556,12.42,0.17,72,9,0.45,1.49,0.07,20,401282198,2021,3
276,Marshall Thundering Herd,35,0.47297297297297297,20,0.5128205128205128,15,0.42857142857142855,4,0.3076923076923077,8,0.6153846153846154,26,0.4406779661016949,59,0.5084745762711864,0.4915254237288136,21.45,0.36,15,0.2542372881355932,30,13.74,0.46,16,0.5333333333333333,29,7.71,0.27,10,0.3448275862068966,5,0.4,0.6,0.33,0.07,2,0.4,2,0.85,0.43,1,0.5,3,-0.53,-0.18,1,0.3333333333333333,9,4,5,15,9,6,3.6,0.24,0.6,0.26666666666666666,0.3333333333333333,0.6,0.4,24,0.46153846153846156,12.33,0.24,52,11,0.5,12.71,0.58,22,401282200,2021,3
151,East Carolina Pirates,41,0.4823529411764706,28,0.5283018867924528,13,0.40625,5,0.5,10,0.5555555555555556,29,0.453125,64,0.609375,0.390625,10.13,0.16,13,0.203125,39,13.61,0.35,20,0.5128205128205128,25,-3.48,-0.14,9,0.36,19,0.631578947368421,0.3684210526315789,3.97,0.21,10,0.5263157894736842,12,8.01,0.67,7,0.5833333333333334,7,-4.05,-0.58,3,0.42857142857142855,12,8,4,21,14,7,16.67,0.79,0.5714285714285714,0.38095238095238093,0.19047619047619047,0.6666666666666666,0.3333333333333333,26,0.43333333333333335,14.7,0.25,60,15,0.6,12.09,0.48,25,401282200,2021,3
295,Old Dominion Monarchs,21,0.3442622950819672,11,0.34375,10,0.3448275862068966,1,1.0,3,0.21428571428571427,17,0.3695652173913043,46,0.4782608695652174,0.5217391304347826,-8.48,-0.18,8,0.17391304347826086,22,-3.33,-0.15,10,0.45454545454545453,24,-5.15,-0.21,7,0.2916666666666667,18,0.5555555555555556,0.4444444444444444,0.59,0.03,8,0.4444444444444444,10,1.26,0.13,5,0.5,8,-0.67,-0.08,3,0.375,4,1,3,15,10,5,-9.16,-0.61,0.26666666666666666,0.06666666666666667,0.2,0.6666666666666666,0.3333333333333333,16,0.41025641025641024,-2.86,-0.07,39,5,0.22727272727272727,-14.78,-0.67,22,401282201,2021,3
2335,Liberty Flames,31,0.44285714285714284,17,0.53125,14,0.3684210526315789,5,0.4166666666666667,9,0.6,21,0.3888888888888889,54,0.4074074074074074,0.5925925925925926,1.08,0.02,9,0.16666666666666666,22,6.15,0.28,12,0.5454545454545454,32,-5.06,-0.16,9,0.28125,6,0.5,0.5,6.7,1.12,3,0.5,3,7.73,2.58,3,1.0,3,-1.03,-0.34,0,0.0,10,5,5,16,10,6,13.69,0.86,0.625,0.3125,0.3125,0.625,0.375,23,0.48936170212765956,8.67,0.18,47,8,0.34782608695652173,6.1,0.27,23,401282201,2021,3
2247,Georgia State Panthers,28,0.45901639344262296,6,0.46153846153846156,22,0.4583333333333333,1,1.0,4,0.36363636363636365,21,0.44680851063829785,47,0.2127659574468085,0.7872340425531915,8.52,0.18,10,0.2127659574468085,10,5.5,0.55,5,0.5,37,3.02,0.08,16,0.43243243243243246,6,0.16666666666666666,0.8333333333333334,-2.17,-0.36,2,0.3333333333333333,1,-1.48,-1.48,0,0.0,5,-0.68,-0.14,2,0.4,7,1,6,14,3,11,6.92,0.49,0.5,0.07142857142857142,0.42857142857142855,0.21428571428571427,0.7857142857142857,24,0.47058823529411764,12.67,0.25,51,4,0.4,2.77,0.28,10,401282196,2021,3
2429,Charlotte 49ers,22,0.34375,12,0.42857142857142855,10,0.2777777777777778,0,0.0,5,0.35714285714285715,15,0.32608695652173914,46,0.41304347826086957,0.5869565217391305,-8.59,-0.19,8,0.17391304347826086,19,5.28,0.28,9,0.47368421052631576,27,-13.87,-0.51,6,0.2222222222222222,13,0.6153846153846154,0.38461538461538464,-4.25,-0.33,4,0.3076923076923077,8,-2.65,-0.33,2,0.25,5,-1.6,-0.32,2,0.4,7,3,4,18,9,9,-5.44,-0.3,0.3888888888888889,0.16666666666666666,0.2222222222222222,0.5,0.5,16,0.3902439024390244,-10.25,-0.25,41,6,0.2608695652173913,-3.78,-0.16,23,401282196,2021,3
2229,Florida International Panthers,17,0.2982456140350877,9,0.2903225806451613,8,0.3076923076923077,3,0.3,6,0.4,11,0.2619047619047619,42,0.40476190476190477,0.5952380952380952,-22.21,-0.53,3,0.07142857142857142,17,-18.14,-1.07,3,0.17647058823529413,25,-4.07,-0.16,8,0.32,,,,,,,,,,,,,,,,,,6,6,0,15,14,1,7.96,0.53,0.4,0.4,0.0,0.9333333333333333,0.06666666666666667,14,0.3684210526315789,-8.61,-0.23,38,3,0.15789473684210525,-5.63,-0.3,19,401282197,2021,3
2641,Texas Tech Red Raiders,41,0.5774647887323944,24,0.6666666666666666,17,0.4857142857142857,8,0.5,6,0.5,35,0.5932203389830508,59,0.4745762711864407,0.5254237288135594,17.03,0.29,20,0.3389830508474576,28,15.58,0.56,19,0.6785714285714286,31,1.45,0.05,16,0.5161290322580645,21,0.5714285714285714,0.42857142857142855,6.17,0.29,15,0.7142857142857143,12,4.91,0.41,8,0.6666666666666666,9,1.27,0.14,7,0.7777777777777778,6,5,1,12,8,4,9.26,0.77,0.5,0.4166666666666667,0.08333333333333333,0.6666666666666666,0.3333333333333333,35,0.6481481481481481,23.75,0.44,54,6,0.35294117647058826,2.54,0.15,17,401282197,2021,3
2572,Southern Miss Golden Eagles,20,0.30303030303030304,11,0.3055555555555556,9,0.3,,,5,0.29411764705882354,15,0.3125,48,0.4375,0.5625,-27.8,-0.58,6,0.125,21,-14.92,-0.71,8,0.38095238095238093,27,-12.88,-0.48,7,0.25925925925925924,10,0.7,0.3,-0.84,-0.08,4,0.4,7,-0.98,-0.14,2,0.2857142857142857,3,0.14,0.05,2,0.6666666666666666,5,3,2,18,15,3,-6.72,-0.37,0.2777777777777778,0.16666666666666666,0.1111111111111111,0.8333333333333334,0.16666666666666666,15,0.4166666666666667,-13.05,-0.36,36,5,0.16666666666666666,-21.47,-0.72,30,401282203,2021,3
2653,Troy Trojans,25,0.36231884057971014,16,0.37209302325581395,9,0.36,5,0.5,7,0.4375,18,0.34615384615384615,52,0.5769230769230769,0.40384615384615385,-14.73,-0.28,8,0.15384615384615385,30,-0.68,-0.02,11,0.36666666666666664,21,-4.9,-0.23,7,0.3333333333333333,10,0.7,0.3,0.18,0.02,4,0.4,7,4.16,0.59,4,0.5714285714285714,3,-3.98,-1.33,0,0.0,7,5,2,17,13,4,-2.87,-0.17,0.4117647058823529,0.29411764705882354,0.11764705882352941,0.7647058823529411,0.23529411764705882,19,0.4222222222222222,-6.49,-0.14,45,6,0.25,-11.11,-0.46,24,401282203,2021,3
2755,Grambling Tigers,5,0.1111111111111111,1,0.07142857142857142,4,0.12903225806451613,,,1,0.07142857142857142,4,0.12903225806451613,31,0.3225806451612903,0.6774193548387096,-15.09,-0.49,2,0.06451612903225806,10,-8.54,-0.85,1,0.1,21,-6.56,-0.31,3,0.14285714285714285,9,0.4444444444444444,0.5555555555555556,-6.73,-0.75,0,0.0,4,-4.12,-1.03,0,0.0,5,-2.61,-0.52,0,0.0,1,0,1,14,4,10,-10.27,-0.73,0.07142857142857142,0.0,0.07142857142857142,0.2857142857142857,0.7142857142857143,3,0.15,-7.18,-0.36,20,2,0.08,-18.19,-0.73,25,401301005,2021,3
248,Houston Cougars,34,0.4722222222222222,16,0.5161290322580645,18,0.43902439024390244,7,0.5,7,0.4375,26,0.4727272727272727,55,0.4,0.6,-0.2,-0.0,10,0.18181818181818182,22,2.61,0.12,11,0.5,33,-2.81,-0.09,15,0.45454545454545453,10,0.4,0.6,-0.55,-0.06,3,0.3,4,-2.51,-0.63,0,0.0,6,1.96,0.33,3,0.5,8,5,3,17,9,8,6.96,0.41,0.47058823529411764,0.29411764705882354,0.17647058823529413,0.5294117647058824,0.47058823529411764,24,0.47058823529411764,2.41,0.05,51,10,0.47619047619047616,4.35,0.21,21,401301005,2021,3
50,Florida A&M Rattlers,32,0.42105263157894735,21,0.4375,11,0.39285714285714285,1,0.125,6,0.375,25,0.44642857142857145,56,0.5892857142857143,0.4107142857142857,-4.55,-0.08,13,0.23214285714285715,33,4.4,0.13,16,0.48484848484848486,23,-8.96,-0.39,9,0.391304347826087,19,0.8421052631578947,0.15789473684210525,3.01,0.16,10,0.5263157894736842,16,3.14,0.2,9,0.5625,3,-0.14,-0.05,1,0.3333333333333333,7,5,2,20,15,5,-1.16,-0.06,0.35,0.25,0.1,0.75,0.25,21,0.42857142857142855,-12.25,-0.25,49,11,0.4074074074074074,6.54,0.24,27,401301006,2021,3
58,South Florida Bulls,32,0.4507042253521127,10,0.35714285714285715,22,0.5116279069767442,10,0.5263157894736842,6,0.4,26,0.4727272727272727,55,0.4,0.6,6.27,0.11,14,0.2545454545454545,22,-1.26,-0.06,8,0.36363636363636365,33,7.53,0.23,18,0.5454545454545454,5,0.6,0.4,-2.33,-0.47,2,0.4,3,-2.29,-0.76,1,0.3333333333333333,2,-0.03,-0.02,1,0.5,6,2,4,16,6,10,-7.45,-0.47,0.375,0.125,0.25,0.375,0.625,25,0.4716981132075472,-5.27,-0.1,53,7,0.3888888888888889,4.1,0.23,18,401301006,2021,3
2916,Incarnate Word Cardinals,39,0.5571428571428572,29,0.6041666666666666,10,0.45454545454545453,11,0.7857142857142857,7,0.6363636363636364,31,0.5344827586206896,58,0.6724137931034483,0.3275862068965517,14.16,0.24,16,0.27586206896551724,39,17.85,0.46,24,0.6153846153846154,19,-3.7,-0.19,7,0.3684210526315789,10,0.8,0.2,4.27,0.43,7,0.7,8,1.3,0.16,5,0.625,2,2.97,1.49,2,1.0,8,5,3,12,9,3,13.16,1.1,0.6666666666666666,0.4166666666666667,0.25,0.75,0.25,28,0.5714285714285714,18.08,0.37,49,11,0.5238095238095238,9.23,0.44,21,401309609,2021,3
326,Texas State Bobcats,47,0.5662650602409639,24,0.5581395348837209,23,0.575,9,0.5625,10,0.6666666666666666,35,0.5384615384615384,65,0.47692307692307695,0.5230769230769231,10.27,0.16,15,0.23076923076923078,31,5.86,0.19,15,0.4838709677419355,34,4.41,0.13,20,0.5882352941176471,14,0.5714285714285714,0.42857142857142855,3.17,0.23,8,0.5714285714285714,8,0.11,0.01,3,0.375,6,3.06,0.51,5,0.8333333333333334,12,9,3,18,12,6,13.65,0.76,0.6666666666666666,0.5,0.16666666666666666,0.6666666666666666,0.3333333333333333,33,0.5892857142857143,14.35,0.26,56,14,0.5185185185185185,9.57,0.35,27,401309609,2021,3
254,Utah Utes,29,0.34523809523809523,21,0.375,7,0.25925925925925924,5,0.35714285714285715,8,0.4,19,0.3114754098360656,61,0.5901639344262295,0.4098360655737705,-21.43,-0.35,11,0.18032786885245902,36,-11.99,-0.33,12,0.3333333333333333,25,-9.45,-0.38,7,0.28,4,0.25,0.75,0.18,0.04,1,0.25,1,1.16,1.16,1,1.0,3,-0.99,-0.33,0,0.0,9,9,0,22,20,2,1.3,0.06,0.4090909090909091,0.4090909090909091,0.0,0.9090909090909091,0.09090909090909091,22,0.44,0.47,0.01,50,6,0.18181818181818182,-20.6,-0.62,33,401309856,2021,3
21,San Diego State Aztecs,19,0.31666666666666665,4,0.2,15,0.375,3,0.6,3,0.21428571428571427,16,0.34782608695652173,46,0.2826086956521739,0.717391304347826,-14.54,-0.32,8,0.17391304347826086,13,-5.26,-0.4,4,0.3076923076923077,33,-9.28,-0.28,12,0.36363636363636365,11,0.2727272727272727,0.7272727272727273,4.58,0.42,6,0.5454545454545454,3,-1.74,-0.58,1,0.3333333333333333,8,6.32,0.79,5,0.625,3,0,3,14,7,7,-4.27,-0.3,0.21428571428571427,0.0,0.21428571428571427,0.5,0.5,15,0.4166666666666667,-6.35,-0.18,36,4,0.16666666666666666,-12.46,-0.52,24,401309856,2021,3
2117,Central Michigan Chippewas,18,0.2647058823529412,10,0.24390243902439024,8,0.3076923076923077,1,0.3333333333333333,9,0.5294117647058824,8,0.16666666666666666,48,0.5625,0.4166666666666667,-28.25,-0.59,6,0.125,27,-12.06,-0.45,3,0.1111111111111111,20,-8.45,-0.42,5,0.25,12,0.75,0.25,-5.75,-0.48,2,0.16666666666666666,9,-3.43,-0.38,2,0.2222222222222222,3,-2.32,-0.77,0,0.0,10,7,3,20,14,6,15.48,0.77,0.5,0.35,0.15,0.7,0.3,9,0.28125,-14.83,-0.46,32,9,0.25,2.07,0.06,36,401282074,2021,3
99,LSU Tigers,30,0.4918032786885246,23,0.5897435897435898,7,0.3181818181818182,5,0.7142857142857143,6,0.5454545454545454,24,0.48,50,0.6,0.4,13.38,0.27,13,0.26,30,16.44,0.55,18,0.6,20,-3.05,-0.15,6,0.3,13,0.7692307692307693,0.23076923076923078,8.29,0.64,6,0.46153846153846156,10,9.85,0.98,6,0.6,3,-1.55,-0.52,0,0.0,6,5,1,11,9,2,-3.26,-0.3,0.5454545454545454,0.45454545454545453,0.09090909090909091,0.8181818181818182,0.18181818181818182,21,0.5121951219512195,9.64,0.24,41,9,0.45,0.48,0.02,20,401282074,2021,3
249,North Texas Mean Green,21,0.2727272727272727,9,0.25,12,0.2926829268292683,3,0.5,6,0.35294117647058826,14,0.24561403508771928,57,0.38596491228070173,0.6140350877192983,-20.45,-0.36,7,0.12280701754385964,22,-11.43,-0.52,5,0.22727272727272727,35,-9.02,-0.26,9,0.2571428571428571,13,0.6153846153846154,0.38461538461538464,-7.29,-0.56,0,0.0,8,-4.87,-0.61,0,0.0,5,-2.42,-0.48,0,0.0,7,4,3,20,14,6,-4.0,-0.2,0.35,0.2,0.15,0.7,0.3,16,0.3333333333333333,-16.32,-0.34,48,5,0.1724137931034483,-8.13,-0.28,29,401282195,2021,3
5,UAB Blazers,24,0.3870967741935484,7,0.4666666666666667,17,0.3617021276595745,6,0.5,4,0.3333333333333333,18,0.375,48,0.1875,0.8125,7.67,0.16,7,0.14583333333333334,9,14.28,1.59,6,0.6666666666666666,39,-6.61,-0.17,12,0.3076923076923077,20,0.3,0.7,7.62,0.38,8,0.4,6,6.49,1.08,4,0.6666666666666666,14,1.13,0.08,4,0.2857142857142857,6,1,5,14,6,8,2.63,0.19,0.42857142857142855,0.07142857142857142,0.35714285714285715,0.42857142857142855,0.5714285714285714,15,0.36585365853658536,-3.66,-0.09,41,9,0.42857142857142855,13.96,0.66,21,401282195,2021,3
231,Furman Paladins,14,0.2641509433962264,6,0.2727272727272727,8,0.25806451612903225,1,0.3333333333333333,3,0.21428571428571427,11,0.28205128205128205,39,0.2564102564102564,0.7435897435897436,-6.9,-0.18,6,0.15384615384615385,10,-0.76,-0.08,3,0.3,29,-6.14,-0.21,8,0.27586206896551724,8,0.375,0.625,-3.61,-0.45,2,0.25,3,-2.04,-0.68,1,0.3333333333333333,5,-1.57,-0.31,1,0.2,3,3,0,14,12,2,-2.82,-0.2,0.21428571428571427,0.21428571428571427,0.0,0.8571428571428571,0.14285714285714285,9,0.28125,-7.41,-0.23,32,5,0.23809523809523808,-2.31,-0.11,21,401282630,2021,3
152,NC State Wolfpack,35,0.5147058823529411,20,0.5405405405405406,15,0.4838709677419355,7,0.5,8,0.6153846153846154,27,0.4909090909090909,55,0.4909090909090909,0.509090909090909,13.56,0.25,13,0.23636363636363636,27,10.73,0.4,15,0.5555555555555556,28,2.83,0.1,12,0.42857142857142855,11,0.6363636363636364,0.36363636363636365,10.92,0.99,8,0.7272727272727273,7,9.72,1.39,6,0.8571428571428571,4,1.21,0.3,2,0.5,8,5,3,13,10,3,7.7,0.59,0.6153846153846154,0.38461538461538464,0.23076923076923078,0.7692307692307693,0.23076923076923078,31,0.5849056603773585,26.14,0.49,53,4,0.26666666666666666,-4.88,-0.33,15,401282630,2021,3
328,Utah State Aggies,39,0.43820224719101125,25,0.4807692307692308,14,0.3783783783783784,6,0.46153846153846156,16,0.7619047619047619,21,0.3230769230769231,65,0.5076923076923077,0.49230769230769234,-2.51,-0.04,8,0.12307692307692308,33,-0.88,-0.03,12,0.36363636363636365,32,-1.63,-0.05,9,0.28125,24,0.5833333333333334,0.4166666666666667,10.97,0.46,13,0.5416666666666666,14,7.71,0.55,8,0.5714285714285714,10,3.26,0.33,5,0.5,18,13,5,24,19,5,41.15,1.71,0.75,0.5416666666666666,0.20833333333333334,0.7916666666666666,0.20833333333333334,23,0.42592592592592593,11.56,0.21,54,16,0.45714285714285713,27.09,0.77,35,401310704,2021,3
2005,Air Force Falcons,33,0.44,6,0.46153846153846156,27,0.43548387096774194,6,0.46153846153846156,8,0.6153846153846154,24,0.4067796610169492,59,0.13559322033898305,0.864406779661017,10.54,0.18,9,0.15254237288135594,8,-1.16,-0.14,3,0.375,51,11.7,0.23,21,0.4117647058823529,8,0.125,0.875,9.16,1.14,4,0.5,1,-1.18,-1.18,0,0.0,7,10.34,1.48,4,0.5714285714285714,9,3,6,16,5,11,10.73,0.67,0.5625,0.1875,0.375,0.3125,0.6875,21,0.3620689655172414,-4.17,-0.07,58,12,0.7058823529411765,25.44,1.5,17,401310704,2021,3
258,Virginia Cavaliers,39,0.5064935064935064,34,0.5862068965517241,5,0.2631578947368421,8,0.4444444444444444,8,0.5714285714285714,29,0.47540983606557374,61,0.7377049180327869,0.26229508196721313,14.97,0.25,13,0.21311475409836064,45,23.85,0.53,25,0.5555555555555556,16,-8.89,-0.56,4,0.25,11,0.8181818181818182,0.18181818181818182,5.76,0.52,6,0.5454545454545454,9,6.91,0.77,6,0.6666666666666666,2,-1.15,-0.57,0,0.0,10,9,1,16,13,3,20.78,1.3,0.625,0.5625,0.0625,0.8125,0.1875,27,0.5294117647058824,19.08,0.37,51,12,0.46153846153846156,16.67,0.64,26,401282631,2021,3
153,North Carolina Tar Heels,40,0.5970149253731343,13,0.6190476190476191,27,0.5869565217391305,8,0.5,7,0.7777777777777778,33,0.5689655172413793,58,0.29310344827586204,0.7068965517241379,32.25,0.56,19,0.3275862068965517,17,15.73,0.93,10,0.5882352941176471,41,16.52,0.4,23,0.5609756097560976,12,0.3333333333333333,0.6666666666666666,6.21,0.52,6,0.5,4,1.98,0.5,2,0.5,8,4.23,0.53,4,0.5,7,3,4,9,4,5,12.31,1.37,0.7777777777777778,0.3333333333333333,0.4444444444444444,0.4444444444444444,0.5555555555555556,31,0.5961538461538461,28.98,0.56,52,9,0.6,15.57,1.04,15,401282631,2021,3
238,Vanderbilt Commodores,35,0.42168674698795183,13,0.325,22,0.5116279069767442,6,0.5,6,0.35294117647058826,25,0.4032258064516129,62,0.4032258064516129,0.5967741935483871,5.77,0.09,14,0.22580645161290322,25,-3.24,-0.13,7,0.28,37,9.01,0.24,18,0.4864864864864865,17,0.6470588235294118,0.35294117647058826,-2.96,-0.17,3,0.17647058823529413,11,-3.97,-0.36,1,0.09090909090909091,6,1.01,0.17,2,0.3333333333333333,10,6,4,21,15,6,4.9,0.23,0.47619047619047616,0.2857142857142857,0.19047619047619047,0.7142857142857143,0.2857142857142857,25,0.45454545454545453,3.49,0.06,55,10,0.35714285714285715,7.18,0.26,28,401282080,2021,3
24,Stanford Cardinal,24,0.43636363636363634,14,0.4666666666666667,10,0.4,5,0.5555555555555556,2,0.2222222222222222,21,0.4772727272727273,44,0.5227272727272727,0.4772727272727273,16.62,0.38,13,0.29545454545454547,23,7.47,0.32,12,0.5217391304347826,21,9.15,0.44,9,0.42857142857142855,8,1.0,0.0,7.12,0.89,5,0.625,8,7.12,0.89,5,0.625,,,,,,3,2,1,11,7,4,-4.21,-0.38,0.2727272727272727,0.18181818181818182,0.09090909090909091,0.6363636363636364,0.36363636363636365,21,0.5,14.77,0.35,42,3,0.23076923076923078,-2.36,-0.18,13,401282080,2021,3
2016,Alcorn State Braves,20,0.3125,16,0.43243243243243246,4,0.14814814814814814,4,0.26666666666666666,5,0.3333333333333333,14,0.2978723404255319,47,0.5319148936170213,0.46808510638297873,-7.52,-0.16,8,0.1702127659574468,25,2.85,0.11,11,0.44,22,-10.37,-0.47,3,0.13636363636363635,10,0.5,0.5,-0.73,-0.07,3,0.3,5,0.42,0.08,2,0.4,5,-1.16,-0.23,1,0.2,6,5,1,17,12,5,-5.04,-0.3,0.35294117647058826,0.29411764705882354,0.058823529411764705,0.7058823529411765,0.29411764705882354,13,0.325,-7.52,-0.19,40,7,0.2916666666666667,-5.03,-0.21,24,401309608,2021,3
6,South Alabama Jaguars,32,0.48484848484848486,11,0.44,21,0.525,5,0.4166666666666667,7,0.5833333333333334,24,0.48,50,0.34,0.66,8.42,0.17,12,0.24,17,-0.51,-0.03,6,0.35294117647058826,33,8.94,0.27,18,0.5454545454545454,15,0.4666666666666667,0.5333333333333333,4.67,0.31,8,0.5333333333333333,7,0.57,0.08,4,0.5714285714285714,8,4.11,0.51,4,0.5,8,5,3,16,8,7,-3.77,-0.24,0.5,0.3125,0.1875,0.5,0.4375,21,0.4772727272727273,2.3,0.05,44,11,0.5,2.35,0.11,22,401309608,2021,3
2569,South Carolina State Bulldogs,32,0.4444444444444444,21,0.4375,11,0.4583333333333333,5,0.8333333333333334,6,0.46153846153846156,24,0.42105263157894735,57,0.6140350877192983,0.38596491228070173,0.02,0.0,12,0.21052631578947367,35,1.28,0.04,14,0.4,22,-1.26,-0.06,10,0.45454545454545453,22,0.6363636363636364,0.36363636363636365,7.63,0.35,8,0.36363636363636365,14,8.05,0.58,6,0.42857142857142855,8,-0.42,-0.05,2,0.25,8,7,1,15,13,2,16.91,1.13,0.5333333333333333,0.4666666666666667,0.06666666666666667,0.8666666666666667,0.13333333333333333,21,0.4666666666666667,-0.2,-0.0,45,11,0.4074074074074074,17.14,0.63,27,401319455,2021,3
166,New Mexico State Aggies,28,0.4444444444444444,17,0.53125,11,0.3548387096774194,7,0.5384615384615384,5,0.4166666666666667,23,0.46,50,0.44,0.56,13.28,0.27,13,0.26,22,14.93,0.68,13,0.5909090909090909,28,-1.65,-0.06,10,0.35714285714285715,11,0.36363636363636365,0.6363636363636364,5.81,0.53,6,0.5454545454545454,4,6.55,1.64,3,0.75,7,-0.73,-0.1,3,0.42857142857142855,5,4,1,13,10,3,-0.56,-0.04,0.38461538461538464,0.3076923076923077,0.07692307692307693,0.7692307692307693,0.23076923076923078,21,0.5,14.62,0.35,42,7,0.3333333333333333,-1.9,-0.09,21,401319455,2021,3
197,Oklahoma State Cowboys,28,0.42424242424242425,4,0.26666666666666666,24,0.47058823529411764,4,0.5,10,0.5555555555555556,18,0.375,48,0.1875,0.8125,-5.32,-0.11,5,0.10416666666666667,9,-4.83,-0.54,1,0.1111111111111111,39,-0.49,-0.01,17,0.4358974358974359,23,0.13043478260869565,0.8695652173913043,4.45,0.19,13,0.5652173913043478,3,0.09,0.03,1,0.3333333333333333,20,4.36,0.22,12,0.6,10,3,7,18,6,12,10.37,0.58,0.5555555555555556,0.16666666666666666,0.3888888888888889,0.3333333333333333,0.6666666666666666,22,0.5,3.18,0.07,44,6,0.2727272727272727,1.87,0.09,22,401287903,2021,3
68,Boise State Broncos,31,0.45588235294117646,19,0.5135135135135135,12,0.3870967741935484,3,0.3333333333333333,8,0.5,22,0.43137254901960786,51,0.49019607843137253,0.5098039215686274,-0.22,-0.0,10,0.19607843137254902,25,-1.08,-0.04,13,0.52,26,0.86,0.03,9,0.34615384615384615,2,0.0,1.0,5.98,2.99,2,1.0,,,,,,2,5.98,2.99,2,1.0,9,6,3,17,12,5,6.46,0.38,0.5294117647058824,0.35294117647058826,0.17647058823529413,0.7058823529411765,0.29411764705882354,20,0.4444444444444444,1.31,0.03,45,11,0.4782608695652174,4.93,0.21,23,401287903,2021,3
12,Arizona Wildcats,29,0.4264705882352941,15,0.3488372093023256,14,0.56,2,0.3333333333333333,5,0.35714285714285715,24,0.4528301886792453,53,0.5660377358490566,0.4339622641509434,-8.36,-0.16,14,0.2641509433962264,30,-10.63,-0.35,11,0.36666666666666664,23,2.27,0.1,13,0.5652173913043478,8,0.75,0.25,-7.11,-0.89,3,0.375,6,-7.7,-1.28,1,0.16666666666666666,2,0.59,0.29,2,1.0,5,4,1,15,13,2,-7.34,-0.49,0.3333333333333333,0.26666666666666666,0.06666666666666667,0.8666666666666667,0.13333333333333333,21,0.4883720930232558,-8.19,-0.19,43,8,0.32,-7.51,-0.3,25,401309853,2021,3
2464,Northern Arizona Lumberjacks,18,0.3050847457627119,5,0.25,13,0.3333333333333333,3,0.42857142857142855,3,0.23076923076923078,15,0.32608695652173914,46,0.32608695652173914,0.6739130434782609,-15.91,-0.35,5,0.10869565217391304,15,-5.39,-0.36,5,0.3333333333333333,31,-10.52,-0.34,10,0.3225806451612903,8,0.0,1.0,-5.55,-0.69,2,0.25,,,,,,8,-5.55,-0.69,2,0.25,3,0,3,13,5,8,-8.99,-0.69,0.23076923076923078,0.0,0.23076923076923078,0.38461538461538464,0.6153846153846154,12,0.3333333333333333,-14.6,-0.41,36,6,0.2608695652173913,-10.29,-0.45,23,401309853,2021,3
62,Hawai'i Rainbow Warriors,31,0.40789473684210525,16,0.3902439024390244,15,0.42857142857142855,2,0.2222222222222222,4,0.2222222222222222,26,0.45614035087719296,57,0.5087719298245614,0.49122807017543857,-1.92,-0.03,11,0.19298245614035087,29,2.03,0.07,15,0.5172413793103449,28,-3.95,-0.14,11,0.39285714285714285,12,0.75,0.25,-3.68,-0.31,3,0.25,9,-1.84,-0.2,3,0.3333333333333333,3,-1.83,-0.61,0,0.0,5,1,4,19,12,7,-11.97,-0.63,0.2631578947368421,0.05263157894736842,0.21052631578947367,0.631578947368421,0.3684210526315789,25,0.44642857142857145,-6.15,-0.11,56,6,0.3,-7.74,-0.39,20,401310705,2021,3
23,San José State Spartans,24,0.3116883116883117,19,0.3584905660377358,5,0.20833333333333334,4,0.5714285714285714,7,0.35,17,0.2982456140350877,57,0.6491228070175439,0.3508771929824561,-11.3,-0.2,7,0.12280701754385964,37,-5.24,-0.14,13,0.35135135135135137,20,-6.06,-0.3,4,0.2,9,0.7777777777777778,0.2222222222222222,-0.75,-0.08,3,0.3333333333333333,7,1.32,0.19,3,0.42857142857142855,2,-2.07,-1.04,0,0.0,7,6,1,20,16,4,-6.72,-0.34,0.35,0.3,0.05,0.8,0.2,16,0.34782608695652173,-7.81,-0.17,46,8,0.25806451612903225,-10.21,-0.33,31,401310705,2021,3
2026,Appalachian State Mountaineers,49,0.5384615384615384,22,0.55,27,0.5294117647058824,8,0.6153846153846154,4,0.36363636363636365,44,0.5641025641025641,78,0.4230769230769231,0.5769230769230769,20.67,0.26,27,0.34615384615384615,33,10.77,0.33,20,0.6060606060606061,45,9.9,0.22,24,0.5333333333333333,13,0.5384615384615384,0.46153846153846156,8.7,0.67,8,0.6153846153846154,7,4.51,0.64,5,0.7142857142857143,6,4.19,0.7,3,0.5,5,2,3,13,7,6,-4.12,-0.32,0.38461538461538464,0.15384615384615385,0.23076923076923078,0.5384615384615384,0.46153846153846156,37,0.5606060606060606,10.54,0.16,66,12,0.48,6.01,0.24,25,401282208,2021,4
276,Marshall Thundering Herd,27,0.4426229508196721,15,0.42857142857142855,12,0.46153846153846156,2,0.18181818181818182,5,0.38461538461538464,22,0.4583333333333333,48,0.5625,0.4375,10.58,0.22,13,0.2708333333333333,27,9.04,0.33,13,0.48148148148148145,21,1.54,0.07,9,0.42857142857142855,5,0.8,0.2,-1.61,-0.32,1,0.2,4,-1.46,-0.36,1,0.25,1,-0.15,-0.15,0,0.0,5,2,3,13,8,5,-1.96,-0.15,0.38461538461538464,0.15384615384615385,0.23076923076923078,0.6153846153846154,0.38461538461538464,21,0.5121951219512195,14.78,0.36,41,6,0.3,-6.16,-0.31,20,401282208,2021,4
2439,UNLV Rebels,24,0.375,10,0.3125,14,0.4375,7,0.5384615384615384,5,0.38461538461538464,19,0.38,50,0.42,0.58,6.42,0.13,10,0.2,21,4.47,0.21,8,0.38095238095238093,29,1.95,0.07,11,0.3793103448275862,8,0.625,0.375,1.56,0.19,2,0.25,5,1.43,0.29,1,0.2,3,0.13,0.04,1,0.3333333333333333,5,2,3,14,11,3,-4.66,-0.33,0.35714285714285715,0.14285714285714285,0.21428571428571427,0.7857142857142857,0.21428571428571427,16,0.4,9.37,0.23,40,8,0.3333333333333333,-7.61,-0.32,24,401310707,2021,4
278,Fresno State Bulldogs,31,0.47692307692307695,25,0.5813953488372093,6,0.2727272727272727,3,0.375,4,0.36363636363636365,26,0.49056603773584906,53,0.6415094339622641,0.3584905660377358,13.38,0.25,16,0.3018867924528302,34,18.06,0.53,22,0.6470588235294118,19,-4.68,-0.25,4,0.21052631578947367,15,0.6,0.4,6.79,0.45,9,0.6,9,7.11,0.79,7,0.7777777777777778,6,-0.32,-0.05,2,0.3333333333333333,5,3,2,12,9,3,1.35,0.11,0.4166666666666667,0.25,0.16666666666666666,0.75,0.25,22,0.4888888888888889,10.97,0.24,45,9,0.45,3.76,0.19,20,401310707,2021,4
2429,Charlotte 49ers,37,0.5211267605633803,19,0.5428571428571428,18,0.5,8,0.5714285714285714,5,0.45454545454545453,31,0.5254237288135594,59,0.4915254237288136,0.5084745762711864,24.18,0.41,18,0.3050847457627119,29,17.17,0.59,17,0.5862068965517241,30,7.02,0.23,14,0.4666666666666667,18,0.5555555555555556,0.4444444444444444,3.81,0.21,8,0.4444444444444444,10,6.01,0.6,6,0.6,8,-2.2,-0.27,2,0.25,6,2,4,12,6,6,3.31,0.28,0.5,0.16666666666666666,0.3333333333333333,0.5,0.5,27,0.54,16.33,0.33,50,10,0.47619047619047616,11.17,0.53,21,401282204,2021,4
2393,Middle Tennessee Blue Raiders,31,0.5,20,0.5,11,0.5,4,0.4,3,0.2727272727272727,26,0.5306122448979592,49,0.673469387755102,0.32653061224489793,22.81,0.47,15,0.30612244897959184,33,18.46,0.56,17,0.5151515151515151,16,4.35,0.27,9,0.5625,8,0.5,0.5,-3.63,-0.45,3,0.375,4,-2.5,-0.63,1,0.25,4,-1.12,-0.28,2,0.5,5,3,2,13,7,6,1.86,0.14,0.38461538461538464,0.23076923076923078,0.15384615384615385,0.5384615384615384,0.46153846153846156,26,0.5777777777777777,25.2,0.56,45,5,0.29411764705882354,-0.53,-0.03,17,401282204,2021,4
258,Virginia Cavaliers,43,0.5,30,0.46153846153846156,13,0.6190476190476191,5,0.29411764705882354,9,0.5625,34,0.5074626865671642,67,0.7761194029850746,0.22388059701492538,12.8,0.19,20,0.29850746268656714,52,9.72,0.19,25,0.4807692307692308,15,3.08,0.21,9,0.6,13,0.7692307692307693,0.23076923076923078,8.74,0.67,8,0.6153846153846154,10,4.9,0.49,5,0.5,3,3.84,1.28,3,1.0,9,5,4,19,13,6,4.35,0.23,0.47368421052631576,0.2631578947368421,0.21052631578947367,0.6842105263157895,0.3157894736842105,27,0.5294117647058824,8.35,0.16,51,16,0.45714285714285713,8.81,0.25,35,401282638,2021,4
154,Wake Forest Demon Deacons,37,0.5,16,0.5517241379310345,21,0.4666666666666667,8,0.42105263157894735,8,0.5,28,0.49122807017543857,57,0.3684210526315789,0.631578947368421,11.1,0.19,12,0.21052631578947367,21,10.87,0.52,12,0.5714285714285714,36,0.23,0.01,16,0.4444444444444444,11,0.45454545454545453,0.5454545454545454,2.22,0.2,7,0.6363636363636364,5,1.61,0.32,3,0.6,6,0.61,0.1,4,0.6666666666666666,9,4,5,17,8,9,5.94,0.35,0.5294117647058824,0.23529411764705882,0.29411764705882354,0.47058823529411764,0.5294117647058824,30,0.5263157894736842,15.87,0.28,57,7,0.4117647058823529,1.17,0.07,17,401282638,2021,4
2335,Liberty Flames,30,0.4918032786885246,13,0.5,17,0.4857142857142857,2,0.2857142857142857,5,0.4166666666666667,25,0.5208333333333334,48,0.4375,0.5625,19.66,0.41,11,0.22916666666666666,21,15.41,0.73,13,0.6190476190476191,27,4.25,0.16,12,0.4444444444444444,5,0.8,0.2,-0.3,-0.06,3,0.6,4,-0.5,-0.13,2,0.5,1,0.2,0.2,1,1.0,5,0,5,13,5,8,-9.18,-0.71,0.38461538461538464,0.0,0.38461538461538464,0.38461538461538464,0.6153846153846154,25,0.4807692307692308,9.64,0.19,52,5,0.5555555555555556,0.84,0.09,9,401282637,2021,4
183,Syracuse Orange,31,0.4696969696969697,6,0.375,25,0.5,4,0.5714285714285714,5,0.38461538461538464,26,0.49056603773584906,53,0.18867924528301888,0.8113207547169812,8.58,0.16,13,0.24528301886792453,10,3.73,0.37,5,0.5,43,4.85,0.11,21,0.4883720930232558,12,0.25,0.75,2.55,0.21,6,0.5,3,-0.2,-0.07,1,0.3333333333333333,9,2.74,0.3,5,0.5555555555555556,5,1,4,13,6,7,-6.53,-0.5,0.38461538461538464,0.07692307692307693,0.3076923076923077,0.46153846153846156,0.5384615384615384,23,0.4791666666666667,1.65,0.03,48,8,0.4444444444444444,0.4,0.02,18,401282637,2021,4
333,Alabama Crimson Tide,30,0.5172413793103449,17,0.6071428571428571,13,0.43333333333333335,5,0.5555555555555556,7,0.7,22,0.46808510638297873,47,0.3829787234042553,0.6170212765957447,15.73,0.33,12,0.2553191489361702,18,11.65,0.65,10,0.5555555555555556,29,4.08,0.14,12,0.41379310344827586,11,0.45454545454545453,0.5454545454545454,9.92,0.9,10,0.9090909090909091,5,4.55,0.91,4,0.8,6,5.36,0.89,6,1.0,8,7,1,11,10,1,18.43,1.68,0.7272727272727273,0.6363636363636364,0.09090909090909091,0.9090909090909091,0.09090909090909091,22,0.5641025641025641,20.2,0.52,39,8,0.42105263157894735,13.96,0.73,19,401282081,2021,4
2572,Southern Miss Golden Eagles,16,0.2857142857142857,7,0.2692307692307692,9,0.3,3,1.0,5,0.3333333333333333,11,0.275,40,0.425,0.575,-5.15,-0.13,3,0.075,17,1.27,0.07,4,0.23529411764705882,23,-6.42,-0.28,7,0.30434782608695654,6,0.5,0.5,-2.91,-0.48,1,0.16666666666666666,3,-1.49,-0.5,0,0.0,3,-1.42,-0.47,1,0.3333333333333333,5,3,2,16,9,7,-0.37,-0.02,0.3125,0.1875,0.125,0.5625,0.4375,6,0.20689655172413793,-12.54,-0.43,29,10,0.37037037037037035,7.02,0.26,27,401282081,2021,4
61,Georgia Bulldogs,45,0.6081081081081081,19,0.6785714285714286,26,0.5652173913043478,10,0.5263157894736842,6,0.46153846153846156,39,0.65,60,0.36666666666666664,0.6333333333333333,15.7,0.26,16,0.26666666666666666,22,10.57,0.48,16,0.7272727272727273,38,5.13,0.13,23,0.6052631578947368,14,0.42857142857142855,0.5714285714285714,-0.34,-0.02,9,0.6428571428571429,6,2.74,0.46,4,0.6666666666666666,8,-3.08,-0.38,5,0.625,6,3,3,14,6,8,2.43,0.17,0.42857142857142855,0.21428571428571427,0.21428571428571427,0.42857142857142855,0.5714285714285714,37,0.6491228070175439,12.65,0.22,57,8,0.47058823529411764,5.47,0.32,17,401282088,2021,4
238,Vanderbilt Commodores,3,0.06521739130434782,1,0.05263157894736842,2,0.07407407407407407,,,2,0.15384615384615385,1,0.03125,32,0.375,0.625,-19.39,-0.61,1,0.03125,12,-11.94,-1.0,0,0.0,20,-7.45,-0.37,1,0.05,4,0.0,1.0,-1.9,-0.47,0,0.0,,,,,,4,-1.9,-0.47,0,0.0,2,1,1,14,7,7,-5.0,-0.36,0.14285714285714285,0.07142857142857142,0.07142857142857142,0.5,0.5,0,0.0,-14.37,-0.68,21,3,0.12,-10.02,-0.4,25,401282088,2021,4
12,Arizona Wildcats,44,0.4943820224719101,17,0.4594594594594595,27,0.5192307692307693,7,0.5,9,0.5625,31,0.4492753623188406,69,0.37681159420289856,0.6231884057971014,-17.12,-0.25,16,0.2318840579710145,26,-15.39,-0.59,11,0.4230769230769231,43,-1.74,-0.04,20,0.46511627906976744,14,0.6428571428571429,0.35714285714285715,-0.28,-0.02,5,0.35714285714285715,9,1.75,0.19,4,0.4444444444444444,5,-2.03,-0.41,1,0.2,13,6,7,20,11,9,13.79,0.69,0.65,0.3,0.35,0.55,0.45,32,0.5161290322580645,3.41,0.05,62,12,0.4444444444444444,-6.74,-0.25,27,401309859,2021,4
2483,Oregon Ducks,21,0.38181818181818183,11,0.44,10,0.3448275862068966,3,0.3333333333333333,6,0.5,15,0.35714285714285715,42,0.38095238095238093,0.6190476190476191,8.68,0.21,7,0.16666666666666666,16,6.34,0.4,6,0.375,26,2.35,0.09,9,0.34615384615384615,7,0.8571428571428571,0.14285714285714285,-2.11,-0.3,2,0.2857142857142857,6,-1.96,-0.33,2,0.3333333333333333,1,-0.16,-0.16,0,0.0,6,5,1,13,9,3,5.05,0.39,0.46153846153846156,0.38461538461538464,0.07692307692307693,0.6923076923076923,0.23076923076923078,13,0.43333333333333335,8.03,0.27,30,8,0.32,5.7,0.23,25,401309859,2021,4
2294,Iowa Hawkeyes,15,0.2777777777777778,8,0.3076923076923077,7,0.25,3,0.6,4,0.3076923076923077,11,0.2682926829268293,41,0.4146341463414634,0.5853658536585366,-10.67,-0.26,5,0.12195121951219512,17,-3.93,-0.23,5,0.29411764705882354,24,-6.74,-0.28,6,0.25,9,0.7777777777777778,0.2222222222222222,-5.33,-0.59,3,0.3333333333333333,7,-3.17,-0.45,3,0.42857142857142855,2,-2.16,-1.08,0,0.0,4,3,1,13,9,4,-2.38,-0.18,0.3076923076923077,0.23076923076923078,0.07692307692307693,0.6923076923076923,0.3076923076923077,11,0.3548387096774194,-8.42,-0.27,31,4,0.17391304347826086,-4.62,-0.2,23,401282756,2021,4
36,Colorado State Rams,20,0.2564102564102564,9,0.2727272727272727,11,0.24444444444444444,4,0.6666666666666666,11,0.4782608695652174,8,0.16,50,0.26,0.74,-28.08,-0.56,1,0.02,13,-7.82,-0.6,1,0.07692307692307693,37,-20.26,-0.55,7,0.1891891891891892,8,0.375,0.625,5.36,0.67,5,0.625,3,2.21,0.74,2,0.6666666666666666,5,3.15,0.63,3,0.6,12,8,4,28,20,8,3.45,0.12,0.42857142857142855,0.2857142857142857,0.14285714285714285,0.7142857142857143,0.2857142857142857,8,0.1951219512195122,-24.34,-0.59,41,12,0.32432432432432434,-0.28,-0.01,37,401282756,2021,4
222,Villanova Wildcats,22,0.36666666666666664,15,0.40540540540540543,7,0.30434782608695654,1,0.5,4,0.2857142857142857,17,0.37777777777777777,45,0.4888888888888889,0.5111111111111111,-11.0,-0.24,8,0.17777777777777778,22,-4.6,-0.21,10,0.45454545454545453,23,-6.4,-0.28,7,0.30434782608695654,6,0.5,0.5,-4.14,-0.69,2,0.3333333333333333,3,-3.22,-1.07,1,0.3333333333333333,3,-0.92,-0.31,1,0.3333333333333333,5,5,0,15,15,0,5.5,0.37,0.3333333333333333,0.3333333333333333,0.0,1.0,0.0,16,0.48484848484848486,-2.82,-0.09,33,6,0.2222222222222222,-2.68,-0.1,27,401282817,2021,4
213,Penn State Nittany Lions,27,0.4153846153846154,17,0.5,10,0.3225806451612903,2,0.2857142857142857,3,0.25,22,0.43137254901960786,51,0.5294117647058824,0.47058823529411764,10.65,0.21,11,0.21568627450980393,27,14.38,0.53,14,0.5185185185185185,24,-3.73,-0.16,8,0.3333333333333333,11,0.45454545454545453,0.5454545454545454,1.48,0.13,4,0.36363636363636365,5,3.25,0.65,2,0.4,6,-1.77,-0.3,2,0.3333333333333333,5,3,2,14,7,7,3.52,0.25,0.35714285714285715,0.21428571428571427,0.14285714285714285,0.5,0.5,17,0.4146341463414634,0.56,0.01,41,10,0.4166666666666667,13.61,0.57,24,401282817,2021,4
245,Texas A&M Aggies,22,0.3728813559322034,12,0.3076923076923077,10,0.5,,,5,0.35714285714285715,17,0.38636363636363635,44,0.6590909090909091,0.3409090909090909,-11.05,-0.25,9,0.20454545454545456,29,-7.17,-0.25,11,0.3793103448275862,15,-3.88,-0.26,6,0.4,11,0.9090909090909091,0.09090909090909091,-1.59,-0.14,4,0.36363636363636365,10,-1.06,-0.11,4,0.4,1,-0.53,-0.53,0,0.0,5,1,4,15,10,5,-0.17,-0.01,0.3333333333333333,0.06666666666666667,0.26666666666666666,0.6666666666666666,0.3333333333333333,18,0.4864864864864865,3.02,0.08,37,4,0.18181818181818182,-14.24,-0.65,22,401282082,2021,4
8,Arkansas Razorbacks,26,0.3880597014925373,8,0.38095238095238093,18,0.391304347826087,2,0.3333333333333333,4,0.3076923076923077,22,0.41509433962264153,53,0.22641509433962265,0.7735849056603774,9.41,0.18,16,0.3018867924528302,12,8.04,0.67,5,0.4166666666666667,41,1.37,0.03,17,0.4146341463414634,8,0.25,0.75,-5.04,-0.63,2,0.25,2,0.56,0.28,1,0.5,6,-5.6,-0.93,1,0.16666666666666666,4,3,1,14,9,5,-5.88,-0.42,0.2857142857142857,0.21428571428571427,0.07142857142857142,0.6428571428571429,0.35714285714285715,18,0.391304347826087,7.24,0.16,46,8,0.38095238095238093,-3.71,-0.18,21,401282082,2021,4
152,NC State Wolfpack,47,0.4895833333333333,22,0.4583333333333333,25,0.5208333333333334,9,0.8181818181818182,13,0.6190476190476191,34,0.4533333333333333,75,0.4266666666666667,0.5733333333333334,-1.57,-0.02,15,0.2,32,-2.14,-0.07,13,0.40625,43,0.58,0.01,21,0.4883720930232558,20,0.45,0.55,0.5,0.03,12,0.6,9,-2.64,-0.29,3,0.3333333333333333,11,3.14,0.29,9,0.8181818181818182,13,9,4,21,16,5,7.74,0.37,0.6190476190476191,0.42857142857142855,0.19047619047619047,0.7619047619047619,0.23809523809523808,37,0.5285714285714286,10.12,0.14,70,10,0.38461538461538464,-3.94,-0.15,26,401282643,2021,4
228,Clemson Tigers,20,0.4166666666666667,10,0.35714285714285715,10,0.5,5,0.8333333333333334,4,0.36363636363636365,16,0.4444444444444444,36,0.5,0.5,-1.32,-0.04,5,0.1388888888888889,18,-1.71,-0.1,7,0.3888888888888889,18,0.39,0.02,9,0.5,1,1.0,0.0,-4.66,-4.66,0,0.0,1,-4.66,-4.66,0,0.0,,,,,,4,3,1,12,10,2,-4.25,-0.35,0.3333333333333333,0.25,0.08333333333333333,0.8333333333333334,0.16666666666666666,12,0.5217391304347826,-0.21,-0.01,23,8,0.32,-5.35,-0.21,25,401282643,2021,4
2006,Akron Zips,27,0.36486486486486486,17,0.3953488372093023,10,0.3225806451612903,5,0.5555555555555556,6,0.3333333333333333,21,0.375,56,0.5357142857142857,0.4642857142857143,-8.89,-0.16,9,0.16071428571428573,30,-6.3,-0.21,13,0.43333333333333335,26,-2.58,-0.1,8,0.3076923076923077,10,0.4,0.6,-6.24,-0.62,1,0.1,4,-5.33,-1.33,0,0.0,6,-0.9,-0.15,1,0.16666666666666666,6,4,2,18,13,5,-9.8,-0.54,0.3333333333333333,0.2222222222222222,0.1111111111111111,0.7222222222222222,0.2777777777777778,17,0.37777777777777777,-10.07,-0.22,45,10,0.3448275862068966,-8.63,-0.3,29,401282811,2021,4
194,Ohio State Buckeyes,42,0.6885245901639344,16,0.5714285714285714,26,0.7878787878787878,9,1.0,8,0.7272727272727273,34,0.68,50,0.5,0.5,24.1,0.48,16,0.32,25,14.49,0.58,16,0.64,25,9.62,0.38,18,0.72,10,0.8,0.2,0.79,0.08,5,0.5,8,0.02,0.0,4,0.5,2,0.77,0.38,1,0.5,8,0,8,11,3,8,8.45,0.77,0.7272727272727273,0.0,0.7272727272727273,0.2727272727272727,0.7272727272727273,37,0.74,34.55,0.69,50,5,0.45454545454545453,-2.0,-0.18,11,401282811,2021,4
57,Florida Gators,35,0.5147058823529411,16,0.5517241379310345,19,0.48717948717948717,7,0.4375,9,0.6428571428571429,26,0.49056603773584906,53,0.37735849056603776,0.6226415094339622,15.71,0.3,15,0.2830188679245283,20,4.51,0.23,9,0.45,33,11.2,0.34,17,0.5151515151515151,10,0.6,0.4,2.55,0.25,4,0.4,6,2.95,0.49,3,0.5,4,-0.4,-0.1,1,0.25,9,7,2,15,9,6,9.16,0.61,0.6,0.4666666666666667,0.13333333333333333,0.6,0.4,26,0.5306122448979592,19.21,0.39,49,9,0.47368421052631576,5.65,0.3,19,401282084,2021,4
2633,Tennessee Volunteers,28,0.4117647058823529,14,0.4117647058823529,14,0.4117647058823529,1,0.5,6,0.46153846153846156,21,0.39622641509433965,53,0.4528301886792453,0.5471698113207547,8.46,0.16,13,0.24528301886792453,24,7.18,0.3,9,0.375,29,1.28,0.04,12,0.41379310344827586,13,0.46153846153846156,0.5384615384615384,3.29,0.25,9,0.6923076923076923,6,1.22,0.2,4,0.6666666666666666,7,2.07,0.3,5,0.7142857142857143,7,5,2,15,10,5,5.07,0.34,0.4666666666666667,0.3333333333333333,0.13333333333333333,0.6666666666666666,0.3333333333333333,17,0.4358974358974359,5.72,0.15,39,11,0.3793103448275862,7.81,0.27,29,401282084,2021,4
275,Wisconsin Badgers,23,0.3333333333333333,12,0.2857142857142857,11,0.4074074074074074,2,0.25,1,0.07142857142857142,22,0.4074074074074074,54,0.5555555555555556,0.4444444444444444,-12.61,-0.23,12,0.2222222222222222,30,-7.8,-0.26,12,0.4,24,-4.8,-0.2,10,0.4166666666666667,11,0.5454545454545454,0.45454545454545453,1.26,0.11,5,0.45454545454545453,6,2.34,0.39,3,0.5,5,-1.08,-0.22,2,0.4,1,0,1,15,12,3,-28.5,-1.9,0.06666666666666667,0.0,0.06666666666666667,0.8,0.2,18,0.375,-24.46,-0.51,48,5,0.23809523809523808,-16.64,-0.79,21,401282707,2021,4
87,Notre Dame Fighting Irish,27,0.39705882352941174,17,0.3953488372093023,10,0.4,2,0.25,6,0.375,20,0.39215686274509803,51,0.6078431372549019,0.39215686274509803,-9.17,-0.18,8,0.1568627450980392,31,-2.41,-0.08,12,0.3870967741935484,20,-6.76,-0.34,8,0.4,6,0.6666666666666666,0.3333333333333333,-5.53,-0.92,0,0.0,4,-3.48,-0.87,0,0.0,2,-2.05,-1.02,0,0.0,7,5,2,17,12,5,-5.01,-0.29,0.4117647058823529,0.29411764705882354,0.11764705882352941,0.7058823529411765,0.29411764705882354,17,0.4358974358974359,-13.93,-0.36,39,10,0.3448275862068966,-0.25,-0.01,29,401282707,2021,4
239,Baylor Bears,27,0.5192307692307693,10,0.47619047619047616,17,0.5483870967741935,1,0.25,5,0.45454545454545453,20,0.5128205128205128,39,0.38461538461538464,0.6153846153846154,-0.64,-0.02,7,0.1794871794871795,15,4.94,0.33,8,0.5333333333333333,24,-5.59,-0.23,12,0.5,13,0.46153846153846156,0.5384615384615384,-2.06,-0.16,4,0.3076923076923077,6,-1.93,-0.32,1,0.16666666666666666,7,-0.13,-0.02,3,0.42857142857142855,7,2,5,13,6,7,6.96,0.54,0.5384615384615384,0.15384615384615385,0.38461538461538464,0.46153846153846156,0.5384615384615384,25,0.6410256410256411,11.5,0.29,39,2,0.15384615384615385,-5.18,-0.4,13,401287907,2021,4
66,Iowa State Cyclones,35,0.4861111111111111,18,0.5294117647058824,17,0.4473684210526316,5,0.7142857142857143,7,0.5,25,0.45454545454545453,55,0.41818181818181815,0.5818181818181818,10.34,0.19,15,0.2727272727272727,23,9.07,0.39,12,0.5217391304347826,32,1.28,0.04,13,0.40625,15,0.8,0.2,4.42,0.29,7,0.4666666666666667,12,5.09,0.42,6,0.5,3,-0.67,-0.22,1,0.3333333333333333,10,6,4,17,11,6,6.78,0.4,0.5882352941176471,0.35294117647058826,0.23529411764705882,0.6470588235294118,0.35294117647058826,24,0.48,13.1,0.26,50,11,0.5,4.02,0.18,22,401287907,2021,4
58,South Florida Bulls,37,0.5138888888888888,14,0.56,23,0.48936170212765956,8,0.4444444444444444,7,0.4666666666666667,25,0.49019607843137253,51,0.37254901960784315,0.6274509803921569,4.11,0.08,12,0.23529411764705882,19,8.15,0.43,11,0.5789473684210527,32,-4.04,-0.13,14,0.4375,11,0.36363636363636365,0.6363636363636364,4.92,0.45,8,0.7272727272727273,4,3.16,0.79,3,0.75,7,1.76,0.25,5,0.7142857142857143,12,3,9,21,6,15,16.0,0.76,0.5714285714285714,0.14285714285714285,0.42857142857142855,0.2857142857142857,0.7142857142857143,28,0.5384615384615384,17.26,0.33,52,9,0.45,2.84,0.14,20,401301009,2021,4
252,BYU Cougars,33,0.66,18,0.72,15,0.6,8,0.5714285714285714,4,0.5714285714285714,27,0.6585365853658537,41,0.5365853658536586,0.4634146341463415,23.4,0.57,16,0.3902439024390244,22,18.18,0.83,17,0.7727272727272727,19,5.22,0.27,10,0.5263157894736842,5,0.8,0.2,5.54,1.11,4,0.8,4,3.53,0.88,3,0.75,1,2.0,2.0,1,1.0,6,1,5,9,3,6,2.41,0.27,0.6666666666666666,0.1111111111111111,0.5555555555555556,0.3333333333333333,0.6666666666666666,29,0.7073170731707317,26.09,0.64,41,4,0.4444444444444444,-0.29,-0.03,9,401301009,2021,4
113,Massachusetts Minutemen,21,0.3888888888888889,13,0.3939393939393939,7,0.35,2,0.3333333333333333,5,0.35714285714285715,14,0.3684210526315789,38,0.6052631578947368,0.39473684210526316,-5.54,-0.15,7,0.18421052631578946,23,-2.63,-0.11,10,0.43478260869565216,15,-2.91,-0.19,4,0.26666666666666666,15,0.7333333333333333,0.26666666666666666,1.86,0.12,7,0.4666666666666667,11,2.37,0.22,6,0.5454545454545454,4,-0.52,-0.13,1,0.25,7,3,3,16,10,5,-1.4,-0.09,0.4375,0.1875,0.1875,0.625,0.3125,15,0.4838709677419355,0.94,0.03,31,6,0.2608695652173913,-7.88,-0.34,23,401286301,2021,4
324,Coastal Carolina Chanticleers,41,0.5942028985507246,14,0.56,27,0.6136363636363636,6,0.6666666666666666,6,0.6666666666666666,33,0.5689655172413793,58,0.3620689655172414,0.6379310344827587,27.28,0.47,17,0.29310344827586204,21,11.49,0.55,11,0.5238095238095238,37,15.79,0.43,22,0.5945945945945946,9,0.5555555555555556,0.4444444444444444,8.99,1.0,5,0.5555555555555556,5,9.61,1.92,4,0.8,4,-0.62,-0.16,1,0.25,8,3,5,11,4,7,12.8,1.16,0.7272727272727273,0.2727272727272727,0.45454545454545453,0.36363636363636365,0.6363636363636364,29,0.5686274509803921,24.65,0.48,51,12,0.6666666666666666,15.43,0.86,18,401286301,2021,4
127,Michigan State Spartans,17,0.37777777777777777,11,0.44,6,0.3157894736842105,1,0.14285714285714285,0,0.0,17,0.4857142857142857,35,0.5142857142857142,0.45714285714285713,4.31,0.12,8,0.22857142857142856,18,7.62,0.42,11,0.6111111111111112,16,-2.94,-0.18,6,0.375,2,0.5,0.5,1.33,0.67,2,1.0,1,0.27,0.27,1,1.0,1,1.06,1.06,1,1.0,0,0,0,10,7,3,-15.89,-1.59,0.0,0.0,0.0,0.7,0.3,15,0.46875,-4.26,-0.13,32,2,0.15384615384615385,-7.32,-0.56,13,401282784,2021,4
158,Nebraska Cornhuskers,36,0.43902439024390244,20,0.5,16,0.38095238095238093,3,0.3,8,0.4444444444444444,26,0.41935483870967744,62,0.5,0.5,1.26,0.02,15,0.24193548387096775,31,1.65,0.05,16,0.5161290322580645,31,-0.39,-0.01,10,0.3225806451612903,17,0.6470588235294118,0.35294117647058826,1.72,0.1,8,0.47058823529411764,11,1.89,0.17,6,0.5454545454545454,6,-0.17,-0.03,2,0.3333333333333333,10,4,6,20,9,11,8.66,0.43,0.5,0.2,0.3,0.45,0.55,28,0.49122807017543857,10.17,0.18,57,8,0.32,-0.25,-0.01,25,401282784,2021,4
153,North Carolina Tar Heels,32,0.43243243243243246,20,0.425531914893617,12,0.4444444444444444,2,0.4,7,0.5,24,0.42105263157894735,57,0.6491228070175439,0.3508771929824561,-9.9,-0.17,11,0.19298245614035087,37,2.37,0.06,16,0.43243243243243246,20,-12.27,-0.61,8,0.4,13,0.38461538461538464,0.6153846153846154,-9.12,-0.7,5,0.38461538461538464,5,-0.42,-0.08,2,0.4,8,-8.7,-1.09,3,0.375,8,4,4,17,10,7,4.73,0.28,0.47058823529411764,0.23529411764705882,0.23529411764705882,0.5882352941176471,0.4117647058823529,25,0.45454545454545453,2.61,0.05,55,7,0.3684210526315789,-7.78,-0.41,19,401282641,2021,4
59,Georgia Tech Yellow Jackets,26,0.43333333333333335,10,0.5,16,0.4,4,0.3333333333333333,3,0.2727272727272727,22,0.4583333333333333,48,0.2708333333333333,0.7291666666666666,16.64,0.35,11,0.22916666666666666,13,5.56,0.43,8,0.6153846153846154,35,11.08,0.32,14,0.4,9,0.3333333333333333,0.6666666666666666,2.56,0.28,4,0.4444444444444444,3,-2.71,-0.9,0,0.0,6,5.27,0.88,4,0.6666666666666666,4,2,2,12,7,5,-3.0,-0.25,0.3333333333333333,0.16666666666666666,0.16666666666666666,0.5833333333333334,0.4166666666666667,22,0.4489795918367347,15.01,0.31,49,4,0.36363636363636365,-1.37,-0.12,11,401282641,2021,4
2306,Kansas State Wildcats,22,0.4,12,0.36363636363636365,10,0.47619047619047616,1,0.25,3,0.25,18,0.43902439024390244,41,0.5853658536585366,0.3902439024390244,-7.22,-0.18,8,0.1951219512195122,24,0.64,0.03,10,0.4166666666666667,16,-1.13,-0.07,8,0.5,7,0.8571428571428571,0.14285714285714285,-4.24,-0.61,3,0.42857142857142855,6,-3.9,-0.65,3,0.5,1,-0.34,-0.34,0,0.0,4,2,2,14,9,5,-9.45,-0.68,0.2857142857142857,0.14285714285714285,0.14285714285714285,0.6428571428571429,0.35714285714285715,17,0.4146341463414634,-6.52,-0.16,41,5,0.35714285714285715,-10.15,-0.72,14,401287909,2021,4
197,Oklahoma State Cowboys,30,0.40540540540540543,18,0.5294117647058824,12,0.3,4,0.4,9,0.5294117647058824,21,0.3684210526315789,57,0.38596491228070173,0.6140350877192983,2.36,0.04,16,0.2807017543859649,22,10.09,0.46,12,0.5454545454545454,35,-7.73,-0.22,9,0.2571428571428571,11,0.5454545454545454,0.45454545454545453,-3.63,-0.33,1,0.09090909090909091,6,-1.57,-0.26,1,0.16666666666666666,5,-2.06,-0.41,0,0.0,9,6,3,17,12,5,7.6,0.45,0.5294117647058824,0.35294117647058826,0.17647058823529413,0.7058823529411765,0.29411764705882354,20,0.4444444444444444,10.65,0.24,45,10,0.3448275862068966,-0.7,-0.02,29,401287909,2021,4
344,Mississippi State Bulldogs,51,0.5795454545454546,34,0.5396825396825397,17,0.68,7,0.4666666666666667,12,0.6666666666666666,39,0.5571428571428572,70,0.7,0.3,7.44,0.11,17,0.24285714285714285,49,1.67,0.03,25,0.5102040816326531,21,5.77,0.27,14,0.6666666666666666,12,0.8333333333333334,0.16666666666666666,3.25,0.27,8,0.6666666666666666,10,3.26,0.33,7,0.7,2,-0.01,-0.0,1,0.5,12,9,3,18,14,4,8.57,0.48,0.6666666666666666,0.5,0.16666666666666666,0.7777777777777778,0.2222222222222222,37,0.5522388059701493,-2.94,-0.04,67,14,0.6666666666666666,18.95,0.9,21,401282085,2021,4
99,LSU Tigers,19,0.36538461538461536,11,0.3793103448275862,8,0.34782608695652173,1,0.25,5,0.4166666666666667,13,0.3333333333333333,39,0.5128205128205128,0.48717948717948717,1.22,0.03,6,0.15384615384615385,20,4.0,0.2,7,0.35,19,-2.78,-0.15,6,0.3157894736842105,8,0.625,0.375,4.98,0.62,4,0.5,5,4.38,0.88,2,0.4,3,0.6,0.2,2,0.6666666666666666,6,4,2,13,9,4,5.22,0.4,0.46153846153846156,0.3076923076923077,0.15384615384615385,0.6923076923076923,0.3076923076923077,12,0.35294117647058826,5.19,0.15,34,7,0.3888888888888889,1.24,0.07,18,401282085,2021,4
103,Boston College Eagles,42,0.5384615384615384,14,0.4666666666666667,28,0.5833333333333334,10,0.5263157894736842,11,0.6470588235294118,29,0.4915254237288136,59,0.3559322033898305,0.6440677966101694,13.57,0.23,11,0.1864406779661017,21,4.39,0.21,10,0.47619047619047616,38,9.18,0.24,19,0.5,14,0.42857142857142855,0.5714285714285714,3.03,0.22,7,0.5,6,0.79,0.13,2,0.3333333333333333,8,2.24,0.28,5,0.625,13,4,9,19,9,10,11.47,0.6,0.6842105263157895,0.21052631578947367,0.47368421052631576,0.47368421052631576,0.5263157894736842,34,0.5666666666666667,17.37,0.29,60,8,0.4444444444444444,7.67,0.43,18,401282086,2021,4
142,Missouri Tigers,32,0.49230769230769234,23,0.5476190476190477,9,0.391304347826087,8,0.5714285714285714,8,0.6666666666666666,23,0.4423076923076923,52,0.6346153846153846,0.36538461538461536,1.27,0.02,14,0.2692307692307692,33,2.38,0.07,16,0.48484848484848486,19,-1.12,-0.06,7,0.3684210526315789,,,,,,,,,,,,,,,,,,9,7,2,13,9,4,14.85,1.14,0.6923076923076923,0.5384615384615384,0.15384615384615385,0.6923076923076923,0.3076923076923077,23,0.48936170212765956,8.5,0.18,47,9,0.5,7.62,0.42,18,401282086,2021,4
2229,Florida International Panthers,25,0.36764705882352944,16,0.3902439024390244,9,0.3333333333333333,2,0.25,3,0.23076923076923078,22,0.4,55,0.5454545454545454,0.45454545454545453,11.8,0.21,15,0.2727272727272727,30,14.17,0.47,13,0.43333333333333335,25,-2.37,-0.09,9,0.36,15,0.6,0.4,8.36,0.56,7,0.4666666666666667,9,10.7,1.19,6,0.6666666666666666,6,-2.35,-0.39,1,0.16666666666666666,3,3,0,13,11,2,-8.42,-0.65,0.23076923076923078,0.23076923076923078,0.0,0.8461538461538461,0.15384615384615385,14,0.35,-2.1,-0.05,40,11,0.39285714285714285,5.48,0.2,28,401282206,2021,4
2117,Central Michigan Chippewas,37,0.42045454545454547,25,0.49019607843137253,12,0.32432432432432434,3,0.6,5,0.3125,32,0.45714285714285713,70,0.5571428571428572,0.44285714285714284,12.58,0.18,20,0.2857142857142857,39,11.79,0.3,21,0.5384615384615384,31,0.79,0.03,11,0.3548387096774194,10,0.6,0.4,1.26,0.13,4,0.4,6,2.19,0.37,3,0.5,4,-0.93,-0.23,1,0.25,5,4,1,18,12,6,-4.6,-0.26,0.2777777777777778,0.2222222222222222,0.05555555555555555,0.6666666666666666,0.3333333333333333,28,0.5283018867924528,16.74,0.32,53,9,0.2571428571428571,-8.75,-0.25,35,401282206,2021,4
160,New Hampshire Wildcats,12,0.23076923076923078,6,0.23076923076923078,5,0.2,1,0.25,1,0.08333333333333333,11,0.28205128205128205,39,0.48717948717948717,0.5128205128205128,-6.06,-0.16,5,0.1282051282051282,19,-4.92,-0.26,6,0.3157894736842105,20,-1.15,-0.06,5,0.25,4,0.25,0.75,-0.17,-0.04,2,0.5,1,-0.84,-0.84,0,0.0,3,0.67,0.22,2,0.6666666666666666,1,0,0,13,7,5,-14.19,-1.09,0.07692307692307693,0.0,0.0,0.5384615384615384,0.38461538461538464,9,0.2903225806451613,-0.97,-0.03,31,3,0.14285714285714285,-19.29,-0.92,21,401282644,2021,4
221,Pittsburgh Panthers,55,0.6790123456790124,28,0.8,27,0.5869565217391305,12,0.75,7,0.6363636363636364,47,0.6811594202898551,69,0.4492753623188406,0.5507246376811594,29.99,0.43,27,0.391304347826087,31,24.81,0.8,25,0.8064516129032258,38,5.17,0.14,22,0.5789473684210527,25,0.52,0.48,13.45,0.54,20,0.8,13,11.87,0.91,11,0.8461538461538461,12,1.58,0.13,9,0.75,8,3,5,12,4,8,8.85,0.74,0.6666666666666666,0.25,0.4166666666666667,0.3333333333333333,0.6666666666666666,45,0.6716417910447762,21.38,0.32,67,10,0.7142857142857143,17.45,1.25,14,401282644,2021,4
259,Virginia Tech Hokies,24,0.4067796610169492,12,0.41379310344827586,12,0.4,3,0.5,4,0.3333333333333333,20,0.43478260869565216,46,0.41304347826086957,0.5869565217391305,-1.27,-0.03,12,0.2608695652173913,19,1.21,0.06,10,0.5263157894736842,27,-2.48,-0.09,10,0.37037037037037035,7,0.5714285714285714,0.42857142857142855,0.64,0.09,4,0.5714285714285714,4,-0.47,-0.12,2,0.5,3,1.11,0.37,2,0.6666666666666666,4,2,2,13,10,3,-5.23,-0.4,0.3076923076923077,0.15384615384615385,0.15384615384615385,0.7692307692307693,0.23076923076923078,18,0.4864864864864865,5.49,0.15,37,6,0.2727272727272727,-12.0,-0.55,22,401282645,2021,4
257,Richmond Spiders,23,0.4107142857142857,8,0.3333333333333333,15,0.46875,1,0.5,4,0.2857142857142857,19,0.4523809523809524,42,0.38095238095238093,0.6190476190476191,-1.55,-0.04,10,0.23809523809523808,16,-2.87,-0.18,8,0.5,26,1.32,0.05,11,0.4230769230769231,11,0.36363636363636365,0.6363636363636364,2.86,0.26,8,0.7272727272727273,4,0.19,0.05,3,0.75,7,2.66,0.38,5,0.7142857142857143,4,0,4,14,8,6,-4.51,-0.32,0.2857142857142857,0.0,0.2857142857142857,0.5714285714285714,0.42857142857142855,14,0.4666666666666667,-1.68,-0.06,30,9,0.34615384615384615,-4.38,-0.17,26,401282645,2021,4
189,Bowling Green Falcons,16,0.24615384615384617,12,0.27906976744186046,4,0.18181818181818182,3,0.6,2,0.13333333333333333,13,0.2653061224489796,49,0.6530612244897959,0.3469387755102041,-14.09,-0.29,5,0.10204081632653061,32,-10.1,-0.32,10,0.3125,17,-4.0,-0.24,3,0.17647058823529413,12,0.75,0.25,-8.56,-0.71,3,0.25,9,-7.74,-0.86,2,0.2222222222222222,3,-0.82,-0.27,1,0.3333333333333333,3,2,1,16,11,5,-13.08,-0.82,0.1875,0.125,0.0625,0.6875,0.3125,12,0.3076923076923077,-11.89,-0.3,39,4,0.15384615384615385,-15.28,-0.59,26,401282792,2021,4
135,Minnesota Golden Gophers,23,0.3382352941176471,3,0.16666666666666666,20,0.4,1,0.3333333333333333,6,0.4,15,0.3,50,0.22,0.78,-4.2,-0.08,8,0.16,11,-3.3,-0.3,3,0.2727272727272727,39,-0.9,-0.02,12,0.3076923076923077,10,0.3,0.7,3.53,0.35,5,0.5,3,-0.21,-0.07,1,0.3333333333333333,7,3.75,0.54,4,0.5714285714285714,8,0,8,18,7,11,-2.46,-0.14,0.4444444444444444,0.0,0.4444444444444444,0.3888888888888889,0.6111111111111112,21,0.4117647058823529,3.38,0.07,51,2,0.11764705882352941,-10.04,-0.59,17,401282792,2021,4
195,Ohio Bobcats,25,0.4032258064516129,15,0.42857142857142855,10,0.37037037037037035,,,3,0.25,22,0.4489795918367347,49,0.5306122448979592,0.46938775510204084,3.64,0.07,13,0.2653061224489796,26,-5.76,-0.22,12,0.46153846153846156,23,9.4,0.41,10,0.43478260869565216,9,0.4444444444444444,0.5555555555555556,-0.93,-0.1,2,0.2222222222222222,4,-0.68,-0.17,1,0.25,5,-0.24,-0.05,1,0.2,3,3,0,13,9,4,-8.3,-0.64,0.23076923076923078,0.23076923076923078,0.0,0.6923076923076923,0.3076923076923077,17,0.425,-7.8,-0.2,40,8,0.36363636363636365,3.14,0.14,22,401282805,2021,4
77,Northwestern Wildcats,30,0.43478260869565216,8,0.42105263157894735,22,0.44,5,0.2777777777777778,8,0.5333333333333333,22,0.4074074074074074,54,0.2222222222222222,0.7777777777777778,2.3,0.04,11,0.2037037037037037,12,-1.03,-0.09,6,0.5,42,3.33,0.08,16,0.38095238095238093,8,0.875,0.125,-2.64,-0.33,2,0.25,7,-1.68,-0.24,2,0.2857142857142857,1,-0.96,-0.96,0,0.0,8,2,6,15,7,8,7.95,0.53,0.5333333333333333,0.13333333333333333,0.4,0.4666666666666667,0.5333333333333333,23,0.4423076923076923,4.66,0.09,52,7,0.4117647058823529,5.59,0.33,17,401282805,2021,4
2567,SMU Mustangs,43,0.5375,13,0.4642857142857143,30,0.5769230769230769,5,0.5,8,0.6666666666666666,35,0.5223880597014925,67,0.31343283582089554,0.6865671641791045,14.38,0.21,18,0.26865671641791045,21,-1.44,-0.07,9,0.42857142857142855,46,15.81,0.34,26,0.5652173913043478,3,0.3333333333333333,0.6666666666666666,-1.2,-0.4,2,0.6666666666666666,1,-2.46,-2.46,0,0.0,2,1.26,0.63,2,1.0,8,4,4,13,7,6,5.76,0.44,0.6153846153846154,0.3076923076923077,0.3076923076923077,0.5384615384615384,0.46153846153846156,30,0.5,17.95,0.3,60,13,0.65,2.19,0.11,20,401287910,2021,4
2628,TCU Horned Frogs,26,0.4642857142857143,14,0.5,12,0.42857142857142855,2,0.3333333333333333,8,0.6666666666666666,18,0.4186046511627907,43,0.46511627906976744,0.5348837209302325,12.76,0.3,10,0.23255813953488372,20,10.94,0.55,9,0.45,23,1.82,0.08,9,0.391304347826087,8,0.375,0.625,-3.13,-0.39,4,0.5,3,-6.05,-2.02,1,0.3333333333333333,5,2.92,0.58,3,0.6,8,5,3,13,8,5,5.46,0.42,0.6153846153846154,0.38461538461538464,0.23076923076923078,0.6153846153846154,0.38461538461538464,15,0.4411764705882353,6.33,0.19,34,11,0.5,11.88,0.54,22,401287910,2021,4
2641,Texas Tech Red Raiders,33,0.4852941176470588,20,0.5555555555555556,13,0.40625,5,0.7142857142857143,6,0.46153846153846156,24,0.48,50,0.54,0.46,11.63,0.23,11,0.22,27,11.06,0.41,15,0.5555555555555556,23,0.57,0.02,9,0.391304347826087,7,0.5714285714285714,0.42857142857142855,0.46,0.07,2,0.2857142857142857,4,1.1,0.28,1,0.25,3,-0.64,-0.21,1,0.3333333333333333,9,5,4,18,9,9,14.19,0.79,0.5,0.2777777777777778,0.2222222222222222,0.5,0.5,25,0.5208333333333334,28.29,0.59,48,8,0.4,-2.46,-0.12,20,401287911,2021,4
251,Texas Longhorns,45,0.6,15,0.625,30,0.5882352941176471,11,0.8461538461538461,10,0.7142857142857143,33,0.5689655172413793,58,0.29310344827586204,0.7068965517241379,17.92,0.31,14,0.2413793103448276,17,4.39,0.26,9,0.5294117647058824,41,13.53,0.33,24,0.5853658536585366,12,0.25,0.75,4.67,0.39,6,0.5,3,0.94,0.31,1,0.3333333333333333,9,3.73,0.41,5,0.5555555555555556,12,6,6,17,7,10,22.0,1.29,0.7058823529411765,0.35294117647058826,0.35294117647058826,0.4117647058823529,0.5882352941176471,38,0.6551724137931034,31.82,0.55,58,7,0.4117647058823529,8.1,0.48,17,401287911,2021,4
2681,Wagner Seahawks,13,0.23636363636363636,2,0.2,11,0.24444444444444444,1,1.0,2,0.13333333333333333,9,0.23684210526315788,38,0.10526315789473684,0.8947368421052632,-15.2,-0.4,2,0.05263157894736842,4,-2.9,-0.72,0,0.0,34,-12.3,-0.36,9,0.2647058823529412,9,0.0,1.0,-4.32,-0.48,3,0.3333333333333333,,,,,,9,-4.32,-0.48,3,0.3333333333333333,4,2,2,17,6,11,-7.02,-0.41,0.23529411764705882,0.11764705882352941,0.11764705882352941,0.35294117647058826,0.6470588235294118,10,0.29411764705882354,-4.15,-0.12,34,3,0.14285714285714285,-18.07,-0.86,21,401301010,2021,4
218,Temple Owls,31,0.5081967213114754,16,0.45714285714285713,15,0.5769230769230769,7,0.5833333333333334,4,0.36363636363636365,26,0.5306122448979592,49,0.5510204081632653,0.4489795918367347,11.87,0.24,12,0.24489795918367346,27,7.24,0.27,13,0.48148148148148145,22,4.63,0.21,13,0.5909090909090909,10,0.7,0.3,-1.69,-0.17,3,0.3,7,0.16,0.02,3,0.42857142857142855,3,-1.85,-0.62,0,0.0,5,3,2,12,8,4,2.24,0.19,0.4166666666666667,0.25,0.16666666666666666,0.6666666666666666,0.3333333333333333,24,0.5217391304347826,9.86,0.21,46,7,0.4666666666666667,4.24,0.28,15,401301010,2021,4
349,Army Black Knights,25,0.36764705882352944,0,0.0,25,0.3968253968253968,5,0.3333333333333333,8,0.4444444444444444,14,0.2978723404255319,47,0.06382978723404255,0.9361702127659575,-7.42,-0.16,5,0.10638297872340426,3,-1.75,-0.58,0,0.0,44,-5.67,-0.13,14,0.3181818181818182,11,0.09090909090909091,0.9090909090909091,-2.58,-0.23,5,0.45454545454545453,1,-1.02,-1.02,0,0.0,10,-1.56,-0.16,5,0.5,11,0,11,21,2,19,11.77,0.56,0.5238095238095238,0.0,0.5238095238095238,0.09523809523809523,0.9047619047619048,20,0.425531914893617,8.72,0.19,47,5,0.23809523809523808,-4.37,-0.21,21,401308834,2021,4
193,Miami (OH) RedHawks,16,0.3404255319148936,11,0.3793103448275862,5,0.2777777777777778,2,0.25,3,0.2727272727272727,12,0.35294117647058826,34,0.5294117647058824,0.47058823529411764,1.82,0.05,8,0.23529411764705882,18,4.56,0.25,7,0.3888888888888889,16,-2.74,-0.17,5,0.3125,13,0.7692307692307693,0.23076923076923078,-0.81,-0.06,6,0.46153846153846156,10,-1.76,-0.18,4,0.4,3,0.95,0.32,2,0.6666666666666666,4,4,0,13,11,2,-6.13,-0.47,0.3076923076923077,0.3076923076923077,0.0,0.8461538461538461,0.15384615384615385,9,0.32142857142857145,-3.11,-0.11,28,7,0.3684210526315789,-1.2,-0.06,19,401308834,2021,4
68,Boise State Broncos,36,0.47368421052631576,18,0.43902439024390244,18,0.5142857142857142,8,0.42105263157894735,6,0.4,30,0.4918032786885246,61,0.47540983606557374,0.5245901639344263,7.92,0.13,16,0.26229508196721313,29,-0.88,-0.03,12,0.41379310344827586,32,8.8,0.27,18,0.5625,5,0.2,0.8,-1.45,-0.29,2,0.4,1,-0.57,-0.57,0,0.0,4,-0.88,-0.22,2,0.5,6,6,0,15,12,3,0.96,0.06,0.4,0.4,0.0,0.8,0.2,29,0.5178571428571429,13.78,0.25,56,7,0.35,-4.9,-0.24,20,401310706,2021,4
328,Utah State Aggies,29,0.4027777777777778,12,0.36363636363636365,17,0.4358974358974359,0,0.0,6,0.35294117647058826,23,0.4339622641509434,53,0.3584905660377358,0.6415094339622641,3.52,0.07,12,0.22641509433962265,19,0.75,0.04,8,0.42105263157894735,34,2.77,0.08,15,0.4411764705882353,13,0.3076923076923077,0.6923076923076923,1.02,0.08,5,0.38461538461538464,4,0.65,0.16,1,0.25,9,0.37,0.04,4,0.4444444444444444,6,4,2,19,14,5,-4.09,-0.22,0.3157894736842105,0.21052631578947367,0.10526315789473684,0.7368421052631579,0.2631578947368421,21,0.5121951219512195,11.91,0.29,41,8,0.25806451612903225,-12.48,-0.4,31,401310706,2021,4
23,San José State Spartans,17,0.32075471698113206,7,0.21875,10,0.47619047619047616,0,0.0,3,0.25,14,0.35,40,0.575,0.425,-11.19,-0.28,6,0.15,23,-12.0,-0.52,6,0.2608695652173913,17,0.81,0.05,8,0.47058823529411764,8,0.625,0.375,-0.62,-0.08,3,0.375,5,-2.83,-0.57,1,0.2,3,2.22,0.74,2,0.6666666666666666,3,1,2,13,9,4,-15.4,-1.18,0.23076923076923078,0.07692307692307693,0.15384615384615385,0.6923076923076923,0.3076923076923077,13,0.38235294117647056,-12.8,-0.38,34,4,0.21052631578947367,-13.79,-0.73,19,401309554,2021,4
2711,Western Michigan Broncos,28,0.417910447761194,9,0.3,19,0.5135135135135135,3,0.3,3,0.21428571428571427,23,0.46938775510204084,49,0.3469387755102041,0.6530612244897959,-1.93,-0.04,10,0.20408163265306123,17,-0.53,-0.03,6,0.35294117647058826,32,-1.4,-0.04,17,0.53125,5,0.2,0.8,-3.47,-0.69,1,0.2,1,-1.09,-1.09,0,0.0,4,-2.38,-0.59,1,0.25,5,3,2,18,13,5,-2.71,-0.15,0.2777777777777778,0.16666666666666666,0.1111111111111111,0.7222222222222222,0.2777777777777778,23,0.5609756097560976,3.39,0.08,41,5,0.19230769230769232,-8.03,-0.31,26,401309554,2021,4
2050,Ball State Cardinals,27,0.38571428571428573,17,0.4358974358974359,10,0.3225806451612903,0,0.0,8,0.47058823529411764,18,0.34615384615384615,52,0.4807692307692308,0.5192307692307693,-15.83,-0.3,8,0.15384615384615385,25,-7.6,-0.3,10,0.4,27,-8.23,-0.3,8,0.2962962962962963,17,0.8235294117647058,0.17647058823529413,-1.36,-0.08,9,0.5294117647058824,14,-2.54,-0.18,7,0.5,3,1.18,0.39,2,0.6666666666666666,9,7,2,18,14,4,6.75,0.37,0.5,0.3888888888888889,0.1111111111111111,0.7777777777777778,0.2222222222222222,20,0.46511627906976744,-0.9,-0.02,43,7,0.25925925925925924,-8.19,-0.3,27,401309555,2021,4
2649,Toledo Rockets,26,0.4126984126984127,9,0.391304347826087,17,0.425,1,0.2,4,0.3333333333333333,22,0.44,50,0.36,0.64,-0.73,-0.01,12,0.24,18,1.19,0.07,9,0.5,32,-1.92,-0.06,13,0.40625,17,0.29411764705882354,0.7058823529411765,-2.63,-0.15,10,0.5882352941176471,5,-4.33,-0.87,3,0.6,12,1.7,0.14,7,0.5833333333333334,4,0,4,13,5,8,0.34,0.03,0.3076923076923077,0.0,0.3076923076923077,0.38461538461538464,0.6153846153846154,19,0.4318181818181818,-2.66,-0.06,44,7,0.3684210526315789,2.26,0.12,19,401309555,2021,4
2199,Eastern Michigan Eagles,43,0.5512820512820513,19,0.5277777777777778,24,0.5714285714285714,11,0.5789473684210527,11,0.7857142857142857,32,0.5,64,0.4375,0.5625,18.82,0.29,15,0.234375,28,12.45,0.44,14,0.5,36,6.37,0.18,18,0.5,13,0.7692307692307693,0.23076923076923078,2.46,0.19,5,0.38461538461538464,10,0.8,0.08,3,0.3,3,1.66,0.55,2,0.6666666666666666,11,5,6,14,8,6,14.19,1.01,0.7857142857142857,0.35714285714285715,0.42857142857142855,0.5714285714285714,0.42857142857142855,26,0.5306122448979592,12.04,0.25,49,17,0.5862068965517241,20.98,0.72,29,401309557,2021,4
326,Texas State Bobcats,26,0.4262295081967213,10,0.3448275862068966,16,0.5,2,0.6666666666666666,3,0.2727272727272727,22,0.4583333333333333,48,0.375,0.625,5.22,0.11,13,0.2708333333333333,18,2.82,0.16,7,0.3888888888888889,30,2.41,0.08,15,0.5,14,0.5,0.5,10.62,0.76,7,0.5,7,10.61,1.52,4,0.5714285714285714,7,0.01,0.0,3,0.42857142857142855,4,3,1,13,11,2,1.72,0.13,0.3076923076923077,0.23076923076923078,0.07692307692307693,0.8461538461538461,0.15384615384615385,18,0.47368421052631576,4.75,0.13,38,8,0.34782608695652173,2.19,0.1,23,401309557,2021,4
311,Maine Black Bears,24,0.42857142857142855,11,0.4230769230769231,13,0.43333333333333335,4,0.5714285714285714,3,0.2727272727272727,21,0.4772727272727273,44,0.38636363636363635,0.6136363636363636,8.71,0.2,10,0.22727272727272727,17,4.85,0.29,8,0.47058823529411764,27,3.86,0.14,13,0.48148148148148145,8,0.375,0.625,-4.64,-0.58,4,0.5,3,-1.12,-0.37,2,0.6666666666666666,5,-3.53,-0.71,2,0.4,3,3,0,12,9,3,-7.61,-0.63,0.25,0.25,0.0,0.75,0.25,17,0.425,-2.11,-0.05,40,7,0.4375,3.21,0.2,16,401309556,2021,4
2459,Northern Illinois Huskies,38,0.5507246376811594,15,0.625,23,0.5111111111111111,6,0.42857142857142855,2,0.2222222222222222,35,0.5932203389830508,59,0.3050847457627119,0.6949152542372882,23.1,0.39,20,0.3389830508474576,18,9.34,0.52,13,0.7222222222222222,41,13.75,0.34,22,0.5365853658536586,12,0.25,0.75,2.18,0.18,9,0.75,3,-0.79,-0.26,2,0.6666666666666666,9,2.98,0.33,7,0.7777777777777778,3,2,1,10,6,4,2.29,0.23,0.3,0.2,0.1,0.6,0.4,31,0.6458333333333334,24.41,0.51,48,7,0.3333333333333333,0.98,0.05,21,401309556,2021,4
254,Utah Utes,28,0.5283018867924528,11,0.4583333333333333,17,0.5862068965517241,7,0.4375,3,0.375,25,0.5555555555555556,45,0.4222222222222222,0.5777777777777777,3.4,0.08,12,0.26666666666666666,19,4.95,0.26,11,0.5789473684210527,26,-1.55,-0.06,14,0.5384615384615384,12,0.6666666666666666,0.3333333333333333,5.72,0.48,8,0.6666666666666666,8,1.06,0.13,4,0.5,4,4.66,1.17,4,1.0,3,0,3,8,5,3,-2.5,-0.31,0.375,0.0,0.375,0.625,0.375,23,0.575,5.5,0.14,40,5,0.38461538461538464,-4.59,-0.35,13,401309861,2021,4
265,Washington State Cougars,30,0.42857142857142855,18,0.4186046511627907,12,0.4444444444444444,2,0.2857142857142857,5,0.35714285714285715,23,0.45098039215686275,51,0.6078431372549019,0.39215686274509803,-10.32,-0.2,13,0.2549019607843137,31,-11.63,-0.38,13,0.41935483870967744,20,1.31,0.07,10,0.5,7,0.42857142857142855,0.5714285714285714,5.91,0.84,3,0.42857142857142855,3,3.1,1.03,1,0.3333333333333333,4,2.81,0.7,2,0.5,7,5,2,19,12,7,-9.93,-0.52,0.3684210526315789,0.2631578947368421,0.10526315789473684,0.631578947368421,0.3684210526315789,19,0.41304347826086957,-13.73,-0.3,46,11,0.4583333333333333,-6.52,-0.27,24,401309861,2021,4
356,Illinois Fighting Illini,26,0.37681159420289856,9,0.3103448275862069,17,0.425,0,0.0,5,0.3125,21,0.40384615384615385,52,0.28846153846153844,0.7115384615384616,-4.55,-0.09,11,0.21153846153846154,15,-2.68,-0.18,5,0.3333333333333333,37,-1.88,-0.05,16,0.43243243243243246,17,0.5294117647058824,0.47058823529411764,0.22,0.01,6,0.35294117647058826,9,2.49,0.28,5,0.5555555555555556,8,-2.27,-0.28,1,0.125,5,4,1,17,14,3,-7.29,-0.43,0.29411764705882354,0.23529411764705882,0.058823529411764705,0.8235294117647058,0.17647058823529413,20,0.43478260869565216,-1.01,-0.02,46,6,0.2608695652173913,-10.83,-0.47,23,401282716,2021,4
2509,Purdue Boilermakers,24,0.3870967741935484,17,0.40476190476190477,7,0.35,1,0.1,7,0.5,17,0.3541666666666667,48,0.6666666666666666,0.3333333333333333,-11.23,-0.23,10,0.20833333333333334,32,-7.52,-0.23,12,0.375,16,-3.72,-0.23,5,0.3125,3,0.6666666666666666,0.3333333333333333,-1.86,-0.62,1,0.3333333333333333,2,-1.88,-0.94,0,0.0,1,0.02,0.02,1,1.0,7,5,2,14,10,4,5.05,0.36,0.5,0.35714285714285715,0.14285714285714285,0.7142857142857143,0.2857142857142857,15,0.35714285714285715,-11.6,-0.28,42,9,0.45,5.42,0.27,20,401282716,2021,4
2309,Kent State Golden Flashes,35,0.44871794871794873,15,0.4166666666666667,20,0.47619047619047616,2,0.125,4,0.25,29,0.5087719298245614,57,0.45614035087719296,0.543859649122807,2.42,0.04,14,0.24561403508771928,26,12.58,0.48,15,0.5769230769230769,31,-10.16,-0.33,14,0.45161290322580644,11,0.45454545454545453,0.5454545454545454,-3.7,-0.34,4,0.36363636363636365,5,-2.57,-0.51,2,0.4,6,-1.12,-0.19,2,0.3333333333333333,6,0,6,21,10,11,-12.51,-0.6,0.2857142857142857,0.0,0.2857142857142857,0.47619047619047616,0.5238095238095238,29,0.5178571428571429,2.13,0.04,56,6,0.2727272727272727,-12.22,-0.56,22,401282765,2021,4
120,Maryland Terrapins,36,0.5294117647058824,23,0.5476190476190477,13,0.5,8,0.5,5,0.5,30,0.5357142857142857,56,0.625,0.375,17.57,0.31,15,0.26785714285714285,35,14.73,0.42,20,0.5714285714285714,21,2.83,0.13,10,0.47619047619047616,6,0.8333333333333334,0.16666666666666666,0.33,0.06,3,0.5,5,-0.16,-0.03,2,0.4,1,0.5,0.5,1,1.0,6,3,3,12,7,5,0.38,0.03,0.5,0.25,0.25,0.5833333333333334,0.4166666666666667,30,0.5555555555555556,14.11,0.26,54,6,0.42857142857142855,3.83,0.27,14,401282765,2021,4
2751,Wyoming Cowboys,34,0.5,11,0.4583333333333333,23,0.5227272727272727,7,0.5833333333333334,8,0.5714285714285714,26,0.48148148148148145,54,0.3333333333333333,0.6666666666666666,2.35,0.04,10,0.18518518518518517,18,0.35,0.02,9,0.5,36,1.99,0.06,17,0.4722222222222222,13,0.23076923076923078,0.7692307692307693,-0.55,-0.04,6,0.46153846153846156,3,0.38,0.13,1,0.3333333333333333,10,-0.92,-0.09,5,0.5,8,2,6,14,6,8,3.79,0.27,0.5714285714285714,0.14285714285714285,0.42857142857142855,0.42857142857142855,0.5714285714285714,28,0.5185185185185185,4.43,0.08,54,6,0.42857142857142855,1.71,0.12,14,401286190,2021,4
41,UConn Huskies,23,0.3484848484848485,12,0.2926829268292683,11,0.44,4,0.2857142857142857,3,0.25,19,0.3584905660377358,53,0.6226415094339622,0.37735849056603776,-2.94,-0.06,9,0.16981132075471697,33,-8.58,-0.26,9,0.2727272727272727,20,5.64,0.28,10,0.5,3,1.0,0.0,-0.4,-0.13,1,0.3333333333333333,3,-0.4,-0.13,1,0.3333333333333333,,,,,,4,3,1,13,8,5,-1.82,-0.14,0.3076923076923077,0.23076923076923078,0.07692307692307693,0.6153846153846154,0.38461538461538464,13,0.3023255813953488,-12.17,-0.28,43,10,0.43478260869565216,7.41,0.32,23,401286190,2021,4
21,San Diego State Aztecs,35,0.4861111111111111,15,0.5555555555555556,20,0.4444444444444444,5,0.38461538461538464,9,0.6428571428571429,25,0.43859649122807015,57,0.38596491228070173,0.6140350877192983,2.14,0.04,10,0.17543859649122806,22,2.3,0.1,12,0.5454545454545454,35,-0.16,-0.0,13,0.37142857142857144,5,0.6,0.4,-1.95,-0.39,1,0.2,3,-0.45,-0.15,1,0.3333333333333333,2,-1.51,-0.75,0,0.0,10,3,7,15,5,10,9.91,0.66,0.6666666666666666,0.2,0.4666666666666667,0.3333333333333333,0.6666666666666666,23,0.48936170212765956,3.44,0.07,47,12,0.48,8.61,0.34,25,401310709,2021,4
119,Towson Tigers,18,0.3157894736842105,12,0.3076923076923077,6,0.3333333333333333,3,0.6,4,0.3076923076923077,14,0.3181818181818182,44,0.6136363636363636,0.38636363636363635,-6.86,-0.16,5,0.11363636363636363,27,5.56,0.21,9,0.3333333333333333,17,-12.42,-0.73,5,0.29411764705882354,19,0.7368421052631579,0.2631578947368421,2.67,0.14,9,0.47368421052631576,14,2.75,0.2,7,0.5,5,-0.08,-0.02,2,0.4,4,3,1,13,12,1,-7.07,-0.54,0.3076923076923077,0.23076923076923078,0.07692307692307693,0.9230769230769231,0.07692307692307693,11,0.3333333333333333,-11.73,-0.36,33,7,0.2916666666666667,-2.2,-0.09,24,401310709,2021,4
235,Memphis Tigers,22,0.39285714285714285,12,0.46153846153846156,10,0.3333333333333333,2,0.5,5,0.4166666666666667,16,0.37209302325581395,43,0.46511627906976744,0.5348837209302325,3.16,0.07,7,0.16279069767441862,20,11.36,0.57,10,0.5,23,-8.2,-0.36,6,0.2608695652173913,7,0.7142857142857143,0.2857142857142857,0.31,0.04,2,0.2857142857142857,5,1.19,0.24,2,0.4,2,-0.88,-0.44,0,0.0,6,2,4,13,6,7,2.4,0.18,0.46153846153846156,0.15384615384615385,0.3076923076923077,0.46153846153846156,0.5384615384615384,16,0.45714285714285713,6.2,0.18,35,6,0.2857142857142857,-0.64,-0.03,21,401282213,2021,4
2636,UTSA Roadrunners,40,0.4444444444444444,17,0.5483870967741935,23,0.3898305084745763,8,0.5714285714285714,9,0.45,29,0.43283582089552236,67,0.3283582089552239,0.6716417910447762,1.74,0.03,12,0.1791044776119403,22,4.46,0.2,12,0.5454545454545454,45,-2.72,-0.06,17,0.37777777777777777,17,0.6470588235294118,0.35294117647058826,-3.18,-0.19,7,0.4117647058823529,11,1.22,0.11,5,0.45454545454545453,6,-4.4,-0.73,2,0.3333333333333333,11,5,6,23,9,14,3.07,0.13,0.4782608695652174,0.21739130434782608,0.2608695652173913,0.391304347826087,0.6086956521739131,31,0.4305555555555556,1.43,0.02,72,9,0.5,3.39,0.19,18,401282213,2021,4
97,Louisville Cardinals,33,0.4125,20,0.4878048780487805,13,0.3333333333333333,5,0.625,11,0.55,22,0.3728813559322034,59,0.4576271186440678,0.5423728813559322,0.37,0.01,8,0.13559322033898305,27,6.57,0.24,12,0.4444444444444444,32,-6.2,-0.19,10,0.3125,15,0.5333333333333333,0.4666666666666667,5.21,0.35,9,0.6,8,5.92,0.74,5,0.625,7,-0.72,-0.1,4,0.5714285714285714,11,8,3,21,14,7,6.69,0.32,0.5238095238095238,0.38095238095238093,0.14285714285714285,0.6666666666666666,0.3333333333333333,26,0.4727272727272727,8.51,0.15,55,7,0.28,-1.45,-0.06,25,401282640,2021,4
52,Florida State Seminoles,29,0.38666666666666666,16,0.35555555555555557,13,0.43333333333333335,1,0.5,7,0.4375,21,0.38181818181818183,55,0.5818181818181818,0.41818181818181815,8.27,0.15,13,0.23636363636363636,32,-0.45,-0.01,11,0.34375,23,8.72,0.38,10,0.43478260869565216,15,0.8,0.2,15.05,1.0,10,0.6666666666666666,12,6.46,0.54,8,0.6666666666666666,3,8.59,2.86,2,0.6666666666666666,8,5,3,20,13,7,-3.47,-0.17,0.4,0.25,0.15,0.65,0.35,21,0.44680851063829785,3.7,0.08,47,8,0.2857142857142857,1.1,0.04,28,401282640,2021,4
130,Michigan Wolverines,21,0.39622641509433965,8,0.5,13,0.35135135135135137,5,0.4166666666666667,4,0.36363636363636365,17,0.40476190476190477,42,0.30952380952380953,0.6904761904761905,9.2,0.22,10,0.23809523809523808,13,10.65,0.82,8,0.6153846153846154,29,-1.45,-0.05,9,0.3103448275862069,6,0.5,0.5,2.51,0.42,2,0.3333333333333333,3,4.3,1.43,2,0.6666666666666666,3,-1.79,-0.6,0,0.0,4,0,4,11,3,8,-4.35,-0.4,0.36363636363636365,0.0,0.36363636363636365,0.2727272727272727,0.7272727272727273,18,0.45,10.97,0.27,40,3,0.23076923076923078,-6.12,-0.47,13,401282775,2021,4
164,Rutgers Scarlet Knights,38,0.5205479452054794,17,0.53125,21,0.5121951219512195,2,0.25,8,0.5,29,0.5471698113207547,53,0.4716981132075472,0.5283018867924528,5.25,0.1,12,0.22641509433962265,25,4.44,0.18,15,0.6,28,0.81,0.03,14,0.5,14,0.6428571428571429,0.35714285714285715,-2.39,-0.17,6,0.42857142857142855,9,-1.06,-0.12,4,0.4444444444444444,5,-1.34,-0.27,2,0.4,9,2,7,20,7,13,-3.79,-0.19,0.45,0.1,0.35,0.35,0.65,30,0.5660377358490566,4.8,0.09,53,8,0.4,-3.34,-0.17,20,401282775,2021,4
2,Auburn Tigers,29,0.3717948717948718,17,0.37777777777777777,12,0.36363636363636365,2,0.18181818181818182,9,0.45,19,0.3333333333333333,57,0.5087719298245614,0.49122807017543857,-7.9,-0.14,11,0.19298245614035087,29,-1.61,-0.06,10,0.3448275862068966,28,-6.29,-0.22,9,0.32142857142857145,11,0.6363636363636364,0.36363636363636365,-3.59,-0.33,4,0.36363636363636365,7,0.3,0.04,3,0.42857142857142855,4,-3.89,-0.97,1,0.25,10,7,3,21,16,5,8.02,0.38,0.47619047619047616,0.3333333333333333,0.14285714285714285,0.7619047619047619,0.23809523809523808,20,0.425531914893617,4.18,0.09,47,9,0.2903225806451613,-4.06,-0.13,31,401282083,2021,4
2247,Georgia State Panthers,26,0.36619718309859156,11,0.4074074074074074,15,0.3409090909090909,3,0.3333333333333333,7,0.4375,19,0.34545454545454546,55,0.34545454545454546,0.6545454545454545,-2.34,-0.04,11,0.2,19,-6.85,-0.36,8,0.42105263157894735,36,4.51,0.13,11,0.3055555555555556,13,0.23076923076923078,0.7692307692307693,7.91,0.61,8,0.6153846153846154,3,0.51,0.17,2,0.6666666666666666,10,7.4,0.74,6,0.6,7,3,4,16,8,8,-3.1,-0.19,0.4375,0.1875,0.25,0.5,0.5,18,0.4,5.26,0.12,45,8,0.3076923076923077,-10.69,-0.41,26,401282083,2021,4
2305,Kansas Jayhawks,34,0.4788732394366197,17,0.5151515151515151,17,0.4473684210526316,6,0.3,6,0.42857142857142855,26,0.48148148148148145,54,0.42592592592592593,0.5740740740740741,13.99,0.26,15,0.2777777777777778,23,5.38,0.23,12,0.5217391304347826,31,8.61,0.28,14,0.45161290322580644,6,0.16666666666666666,0.8333333333333334,4.2,0.7,3,0.5,1,-0.77,-0.77,0,0.0,5,4.97,0.99,3,0.6,8,5,3,17,10,7,0.08,0.0,0.47058823529411764,0.29411764705882354,0.17647058823529413,0.5882352941176471,0.4117647058823529,23,0.48936170212765956,6.31,0.13,47,11,0.4583333333333333,7.75,0.32,24,401282639,2021,4
150,Duke Blue Devils,44,0.55,18,0.6206896551724138,26,0.5098039215686274,11,0.7333333333333333,10,0.625,33,0.5238095238095238,63,0.3492063492063492,0.6507936507936508,11.98,0.19,14,0.2222222222222222,22,7.09,0.32,13,0.5909090909090909,41,4.89,0.12,20,0.4878048780487805,10,0.3,0.7,3.58,0.36,5,0.5,3,3.2,1.07,1,0.3333333333333333,7,0.38,0.05,4,0.5714285714285714,11,5,6,17,7,10,19.8,1.16,0.6470588235294118,0.29411764705882354,0.35294117647058826,0.4117647058823529,0.5882352941176471,38,0.6129032258064516,28.83,0.46,62,6,0.3333333333333333,2.95,0.16,18,401282639,2021,4
295,Old Dominion Monarchs,37,0.45121951219512196,18,0.4186046511627907,19,0.5,9,0.5294117647058824,7,0.5,29,0.4393939393939394,66,0.48484848484848486,0.5,-9.09,-0.14,16,0.24242424242424243,32,-2.74,-0.09,15,0.46875,33,2.83,0.09,14,0.42424242424242425,29,0.5862068965517241,0.3793103448275862,-12.0,-0.41,12,0.41379310344827586,17,-0.06,-0.0,9,0.5294117647058824,11,-2.76,-0.25,3,0.2727272727272727,8,3,5,16,11,5,14.62,0.91,0.5,0.1875,0.3125,0.6875,0.3125,23,0.4423076923076923,-0.32,-0.01,52,14,0.4666666666666667,5.85,0.19,30,401282209,2021,4
2084,Buffalo Bulls,22,0.3548387096774194,11,0.4230769230769231,11,0.3055555555555556,6,0.8571428571428571,7,0.4375,15,0.32608695652173914,46,0.32608695652173914,0.6739130434782609,-8.07,-0.18,6,0.13043478260869565,15,2.92,0.19,7,0.4666666666666667,31,-10.99,-0.35,8,0.25806451612903225,5,0.6,0.4,-3.08,-0.62,1,0.2,3,-1.08,-0.36,0,0.0,2,-2.0,-1.0,1,0.5,7,4,3,16,11,5,-0.38,-0.02,0.4375,0.25,0.1875,0.6875,0.3125,18,0.391304347826087,-5.67,-0.12,46,4,0.25,-2.78,-0.17,16,401282209,2021,4
2127,Charleston Southern Buccaneers,40,0.40404040404040403,25,0.3787878787878788,15,0.45454545454545453,4,0.3076923076923077,9,0.45,29,0.37662337662337664,77,0.6623376623376623,0.33766233766233766,-6.57,-0.09,18,0.23376623376623376,51,-6.72,-0.13,18,0.35294117647058826,26,0.14,0.01,11,0.4230769230769231,17,0.8823529411764706,0.11764705882352941,-7.27,-0.43,4,0.23529411764705882,15,-6.32,-0.42,4,0.26666666666666666,2,-0.94,-0.47,0,0.0,11,7,4,22,15,7,12.89,0.59,0.5,0.3181818181818182,0.18181818181818182,0.6818181818181818,0.3181818181818182,28,0.4375,7.74,0.12,64,12,0.34285714285714286,-1.43,-0.04,35,401301007,2021,4
151,East Carolina Pirates,20,0.3448275862068966,10,0.38461538461538464,10,0.3125,1,0.2,2,0.16666666666666666,17,0.37777777777777777,45,0.37777777777777777,0.6222222222222222,0.66,0.01,8,0.17777777777777778,17,2.03,0.12,8,0.47058823529411764,28,-1.37,-0.05,9,0.32142857142857145,9,0.5555555555555556,0.4444444444444444,1.78,0.2,3,0.3333333333333333,5,4.2,0.84,2,0.4,4,-2.42,-0.61,1,0.25,3,2,1,13,9,4,-2.94,-0.23,0.23076923076923078,0.15384615384615385,0.07692307692307693,0.6923076923076923,0.3076923076923077,15,0.40540540540540543,8.14,0.22,37,5,0.23809523809523808,-10.42,-0.5,21,401301007,2021,4
309,Louisiana Ragin' Cajuns,22,0.34375,11,0.3793103448275862,11,0.3142857142857143,1,0.2,3,0.21428571428571427,19,0.3877551020408163,49,0.42857142857142855,0.5714285714285714,10.4,0.21,9,0.1836734693877551,21,11.94,0.57,9,0.42857142857142855,28,-1.54,-0.06,10,0.35714285714285715,12,0.5,0.5,4.03,0.34,5,0.4166666666666667,6,1.78,0.3,2,0.3333333333333333,6,2.25,0.37,3,0.5,3,2,1,15,8,7,-12.52,-0.83,0.2,0.13333333333333333,0.06666666666666667,0.5333333333333333,0.4666666666666667,15,0.3333333333333333,-4.76,-0.11,45,7,0.3684210526315789,2.64,0.14,19,401309610,2021,4
290,Georgia Southern Eagles,34,0.425,11,0.4074074074074074,23,0.4339622641509434,3,0.75,6,0.4,27,0.45,60,0.3,0.7,2.22,0.04,14,0.23333333333333334,18,3.88,0.22,10,0.5555555555555556,42,-1.66,-0.04,17,0.40476190476190477,12,0.25,0.75,1.11,0.09,6,0.5,3,-0.64,-0.21,2,0.6666666666666666,9,1.76,0.2,4,0.4444444444444444,7,1,6,20,9,11,-4.38,-0.22,0.35,0.05,0.3,0.45,0.55,24,0.4528301886792453,3.14,0.06,53,10,0.37037037037037035,-5.3,-0.2,27,401309610,2021,4
2640,Texas Southern Tigers,28,0.4,18,0.47368421052631576,10,0.3125,8,0.4444444444444444,4,0.26666666666666666,21,0.40384615384615385,52,0.5,0.5,7.01,0.13,11,0.21153846153846154,26,9.42,0.36,13,0.5,26,-2.41,-0.09,8,0.3076923076923077,10,0.5,0.5,-2.28,-0.23,4,0.4,5,-1.15,-0.23,3,0.6,5,-1.13,-0.23,1,0.2,7,5,2,18,12,6,7.55,0.42,0.3888888888888889,0.2777777777777778,0.1111111111111111,0.6666666666666666,0.3333333333333333,20,0.425531914893617,7.86,0.17,47,8,0.34782608695652173,6.7,0.29,23,401282210,2021,4
242,Rice Owls,44,0.6027397260273972,15,0.625,29,0.6041666666666666,15,0.8333333333333334,2,0.25,41,0.6507936507936508,63,0.30158730158730157,0.6825396825396826,29.84,0.47,22,0.3492063492063492,19,13.71,0.72,14,0.7368421052631579,43,17.53,0.41,27,0.627906976744186,11,0.6363636363636364,0.36363636363636365,2.55,0.23,6,0.5454545454545454,7,3.42,0.49,5,0.7142857142857143,4,-0.87,-0.22,1,0.25,3,1,2,10,5,5,-4.62,-0.46,0.3,0.1,0.2,0.5,0.5,39,0.6190476190476191,23.05,0.37,63,5,0.5,2.17,0.22,10,401282210,2021,4
96,Kentucky Wildcats,34,0.5230769230769231,10,0.45454545454545453,24,0.5581395348837209,4,0.36363636363636365,7,0.5833333333333334,27,0.5094339622641509,53,0.2830188679245283,0.7169811320754716,-2.55,-0.05,13,0.24528301886792453,15,1.02,0.07,7,0.4666666666666667,38,-3.57,-0.09,20,0.5263157894736842,8,0.375,0.625,2.62,0.33,7,0.875,3,0.78,0.26,3,1.0,5,1.83,0.37,4,0.8,7,3,4,12,7,5,-0.82,-0.07,0.5833333333333334,0.25,0.3333333333333333,0.5833333333333334,0.4166666666666667,28,0.5185185185185185,-3.87,-0.07,54,6,0.5454545454545454,0.5,0.05,11,401282087,2021,4
2579,South Carolina Gamecocks,20,0.39215686274509803,12,0.4444444444444444,8,0.3333333333333333,2,1.0,4,0.3333333333333333,16,0.4444444444444444,36,0.4722222222222222,0.5277777777777778,-0.87,-0.02,8,0.2222222222222222,17,5.03,0.3,9,0.5294117647058824,19,-5.89,-0.31,7,0.3684210526315789,9,0.5555555555555556,0.4444444444444444,5.78,0.64,6,0.6666666666666666,5,6.63,1.33,4,0.8,4,-0.85,-0.21,2,0.5,4,3,1,15,10,5,-13.26,-0.88,0.26666666666666666,0.2,0.06666666666666667,0.6666666666666666,0.3333333333333333,16,0.45714285714285713,-7.15,-0.2,35,4,0.25,-6.97,-0.44,16,401282087,2021,4
249,North Texas Mean Green,27,0.313953488372093,10,0.25,17,0.3695652173913043,2,0.2,6,0.375,20,0.31746031746031744,63,0.36507936507936506,0.6349206349206349,-7.15,-0.11,13,0.20634920634920634,23,-5.51,-0.24,8,0.34782608695652173,40,-1.65,-0.04,12,0.3,12,0.25,0.75,2.87,0.24,5,0.4166666666666667,3,-4.26,-1.42,0,0.0,9,7.13,0.79,5,0.5555555555555556,7,2,5,23,17,6,-12.98,-0.56,0.30434782608695654,0.08695652173913043,0.21739130434782608,0.7391304347826086,0.2608695652173913,17,0.3269230769230769,-9.52,-0.18,52,10,0.29411764705882354,-10.61,-0.31,34,401282205,2021,4
2348,Louisiana Tech Bulldogs,28,0.4375,16,0.5333333333333333,12,0.35294117647058826,1,0.25,7,0.5,21,0.42857142857142855,49,0.46938775510204084,0.5306122448979592,-2.54,-0.05,8,0.16326530612244897,23,2.2,0.1,12,0.5217391304347826,26,-4.74,-0.18,9,0.34615384615384615,5,0.4,0.6,-3.49,-0.7,1,0.2,2,-1.91,-0.95,0,0.0,3,-1.58,-0.53,1,0.3333333333333333,7,4,3,15,7,8,-2.84,-0.19,0.4666666666666667,0.26666666666666666,0.2,0.4666666666666667,0.5333333333333333,22,0.4583333333333333,-4.63,-0.1,48,6,0.375,-0.74,-0.05,16,401282205,2021,4
248,Houston Cougars,33,0.532258064516129,18,0.5454545454545454,15,0.5172413793103449,4,0.5714285714285714,7,0.6363636363636364,25,0.5102040816326531,49,0.5102040816326531,0.4897959183673469,6.31,0.13,11,0.22448979591836735,25,3.9,0.16,12,0.48,24,2.4,0.1,13,0.5416666666666666,18,0.6111111111111112,0.3888888888888889,4.32,0.24,10,0.5555555555555556,11,6.6,0.6,8,0.7272727272727273,7,-2.28,-0.33,2,0.2857142857142857,8,6,2,13,8,5,4.27,0.33,0.6153846153846154,0.46153846153846156,0.15384615384615385,0.6153846153846154,0.38461538461538464,23,0.48936170212765956,4.51,0.1,47,10,0.6666666666666666,6.06,0.4,15,401301008,2021,4
2426,Navy Midshipmen,23,0.3898305084745763,3,0.3,20,0.40816326530612246,2,0.25,3,0.21428571428571427,16,0.4,40,0.175,0.825,-6.18,-0.15,5,0.125,7,0.36,0.05,3,0.42857142857142855,33,-6.54,-0.2,13,0.3939393939393939,1,0.0,1.0,1.31,1.31,1,1.0,,,,,,1,1.31,1.31,1,1.0,7,0,7,19,3,16,-2.05,-0.11,0.3684210526315789,0.0,0.3684210526315789,0.15789473684210525,0.8421052631578947,21,0.5,6.33,0.15,42,2,0.11764705882352941,-14.56,-0.86,17,401301008,2021,4
201,Oklahoma Sooners,28,0.4444444444444444,20,0.5,8,0.34782608695652173,3,0.2727272727272727,7,0.5833333333333334,20,0.40816326530612246,49,0.6122448979591837,0.3877551020408163,-7.77,-0.16,12,0.24489795918367346,30,-3.48,-0.12,14,0.4666666666666667,19,-4.29,-0.23,6,0.3157894736842105,12,0.6666666666666666,0.3333333333333333,-0.59,-0.05,4,0.3333333333333333,8,-0.25,-0.03,3,0.375,4,-0.35,-0.09,1,0.25,8,6,2,14,10,4,5.41,0.39,0.5714285714285714,0.42857142857142855,0.14285714285714285,0.7142857142857143,0.2857142857142857,21,0.45652173913043476,-5.99,-0.13,46,7,0.4117647058823529,3.64,0.21,17,401287908,2021,4
277,West Virginia Mountaineers,25,0.3968253968253968,14,0.4,11,0.39285714285714285,7,0.6363636363636364,6,0.42857142857142855,17,0.3617021276595745,47,0.5319148936170213,0.46808510638297873,-4.06,-0.09,11,0.23404255319148937,25,0.52,0.02,10,0.4,22,-4.58,-0.21,7,0.3181818181818182,10,0.6,0.4,1.67,0.17,5,0.5,6,0.35,0.06,3,0.5,4,1.31,0.33,2,0.5,8,4,4,16,10,6,0.39,0.02,0.5,0.25,0.25,0.625,0.375,19,0.4634146341463415,7.19,0.18,41,6,0.2727272727272727,-10.86,-0.49,22,401287908,2021,4
2005,Air Force Falcons,35,0.45454545454545453,2,0.4,33,0.4583333333333333,3,0.3,3,0.21428571428571427,28,0.49122807017543857,57,0.05263157894736842,0.9473684210526315,13.92,0.24,15,0.2631578947368421,3,3.47,1.16,2,0.6666666666666666,54,10.45,0.19,26,0.48148148148148145,14,0.21428571428571427,0.7857142857142857,-0.62,-0.04,6,0.42857142857142855,3,-0.55,-0.18,1,0.3333333333333333,11,-0.07,-0.01,5,0.45454545454545453,7,0,7,20,2,18,0.53,0.03,0.35,0.0,0.35,0.1,0.9,28,0.4827586206896552,12.44,0.21,58,7,0.3684210526315789,2.01,0.11,19,401282207,2021,4
2226,Florida Atlantic Owls,19,0.3584905660377358,7,0.20588235294117646,12,0.631578947368421,,,5,0.35714285714285715,14,0.3783783783783784,37,0.6216216216216216,0.3783783783783784,-3.99,-0.11,5,0.13513513513513514,23,-8.13,-0.35,6,0.2608695652173913,14,4.13,0.3,8,0.5714285714285714,10,0.2,0.8,3.03,0.3,6,0.6,2,-2.24,-1.12,0,0.0,8,5.27,0.66,6,0.75,5,1,4,16,11,5,-5.83,-0.36,0.3125,0.0625,0.25,0.6875,0.3125,15,0.4411764705882353,2.46,0.07,34,4,0.21052631578947367,-12.28,-0.65,19,401282207,2021,4
5,UAB Blazers,40,0.5333333333333333,18,0.6,22,0.4888888888888889,9,0.6,11,0.6111111111111112,29,0.5087719298245614,57,0.3333333333333333,0.6666666666666666,2.91,0.05,10,0.17543859649122806,19,4.27,0.22,11,0.5789473684210527,38,-1.36,-0.04,18,0.47368421052631576,12,0.5,0.5,-7.35,-0.61,2,0.16666666666666666,6,-6.92,-1.15,1,0.16666666666666666,6,-0.43,-0.07,1,0.16666666666666666,11,7,4,18,11,7,0.89,0.05,0.6111111111111112,0.3888888888888889,0.2222222222222222,0.6111111111111112,0.3888888888888889,35,0.5932203389830508,14.77,0.25,59,5,0.3125,-10.98,-0.69,16,401282211,2021,4
2655,Tulane Green Wave,30,0.38461538461538464,22,0.44,8,0.2857142857142857,3,0.25,7,0.3888888888888889,20,0.36363636363636365,55,0.6181818181818182,0.38181818181818183,-6.68,-0.12,10,0.18181818181818182,34,0.22,0.01,14,0.4117647058823529,21,-6.91,-0.33,6,0.2857142857142857,17,0.5294117647058824,0.47058823529411764,-0.28,-0.02,5,0.29411764705882354,9,-0.08,-0.01,3,0.3333333333333333,8,-0.2,-0.03,2,0.25,10,8,2,23,16,7,1.09,0.05,0.43478260869565216,0.34782608695652173,0.08695652173913043,0.6956521739130435,0.30434782608695654,18,0.3673469387755102,-10.68,-0.22,49,12,0.41379310344827586,5.08,0.18,29,401282211,2021,4
98,Western Kentucky Hilltoppers,39,0.609375,26,0.5777777777777777,13,0.6842105263157895,5,0.5,5,0.5,33,0.6346153846153846,52,0.7307692307692307,0.2692307692307692,20.34,0.39,17,0.3269230769230769,38,13.02,0.34,22,0.5789473684210527,14,7.33,0.52,11,0.7857142857142857,12,0.75,0.25,13.35,1.11,11,0.9166666666666666,9,11.9,1.32,8,0.8888888888888888,3,1.46,0.49,3,1.0,6,4,2,12,7,5,4.51,0.38,0.5,0.3333333333333333,0.16666666666666666,0.5833333333333334,0.4166666666666667,30,0.6666666666666666,12.21,0.27,45,9,0.47368421052631576,12.65,0.67,19,401282214,2021,4
84,Indiana Hoosiers,46,0.5054945054945055,28,0.509090909090909,18,0.5,10,0.5263157894736842,11,0.6111111111111112,34,0.4722222222222222,72,0.5833333333333334,0.4166666666666667,3.0,0.04,22,0.3055555555555556,42,5.51,0.13,21,0.5,30,-2.51,-0.08,13,0.43333333333333335,16,0.875,0.125,1.5,0.09,9,0.5625,14,-0.62,-0.04,7,0.5,2,2.12,1.06,2,1.0,12,7,5,19,13,6,14.2,0.75,0.631578947368421,0.3684210526315789,0.2631578947368421,0.6842105263157895,0.3157894736842105,35,0.5555555555555556,12.89,0.2,63,11,0.39285714285714285,4.32,0.15,28,401282214,2021,4
2433,UL Monroe Warhawks,17,0.29310344827586204,8,0.4,9,0.23684210526315788,1,0.14285714285714285,4,0.3076923076923077,12,0.2727272727272727,44,0.2727272727272727,0.7272727272727273,-14.42,-0.33,8,0.18181818181818182,12,1.86,0.16,6,0.5,32,-16.28,-0.51,6,0.1875,12,0.3333333333333333,0.6666666666666666,-2.87,-0.24,3,0.25,4,0.33,0.08,2,0.5,8,-3.2,-0.4,1,0.125,5,2,3,14,8,6,5.05,0.36,0.35714285714285715,0.14285714285714285,0.21428571428571427,0.5714285714285714,0.42857142857142855,10,0.2857142857142857,-2.42,-0.07,35,7,0.30434782608695654,-6.95,-0.3,23,401309611,2021,4
2653,Troy Trojans,30,0.4225352112676056,23,0.46,7,0.35,3,0.6,6,0.4,24,0.43636363636363634,55,0.6727272727272727,0.3090909090909091,-6.67,-0.12,12,0.21818181818181817,37,-3.51,-0.09,19,0.5135135135135135,17,-2.62,-0.15,5,0.29411764705882354,12,0.6666666666666666,0.3333333333333333,2.01,0.17,7,0.5833333333333334,8,0.91,0.11,5,0.625,4,1.1,0.27,2,0.5,6,4,2,16,13,3,-3.17,-0.2,0.375,0.25,0.125,0.8125,0.1875,23,0.46,-3.97,-0.08,50,7,0.3333333333333333,-5.87,-0.28,21,401309611,2021,4
62,Hawai'i Rainbow Warriors,30,0.5172413793103449,13,0.4642857142857143,17,0.5666666666666667,6,0.46153846153846156,2,0.2222222222222222,28,0.5714285714285714,49,0.42857142857142855,0.5714285714285714,17.32,0.35,16,0.32653061224489793,21,4.12,0.2,11,0.5238095238095238,28,13.2,0.47,17,0.6071428571428571,11,0.8181818181818182,0.18181818181818182,-0.85,-0.08,4,0.36363636363636365,9,-1.22,-0.14,3,0.3333333333333333,2,0.36,0.18,1,0.5,2,2,0,9,7,2,-6.13,-0.68,0.2222222222222222,0.2222222222222222,0.0,0.7777777777777778,0.2222222222222222,23,0.5,5.08,0.11,46,7,0.5833333333333334,6.11,0.51,12,401310708,2021,4
166,New Mexico State Aggies,40,0.45977011494252873,23,0.46,17,0.4722222222222222,4,0.3076923076923077,10,0.5263157894736842,29,0.4393939393939394,66,0.5303030303030303,0.45454545454545453,-8.57,-0.13,10,0.15151515151515152,35,-3.93,-0.11,18,0.5142857142857142,30,2.53,0.08,11,0.36666666666666664,7,0.7142857142857143,0.2857142857142857,-2.16,-0.31,1,0.14285714285714285,5,-0.49,-0.1,1,0.2,2,-1.67,-0.84,0,0.0,11,5,6,21,15,6,6.11,0.29,0.5238095238095238,0.23809523809523808,0.2857142857142857,0.7142857142857143,0.2857142857142857,29,0.48333333333333334,-5.26,-0.09,60,11,0.4074074074074074,2.8,0.1,27,401310708,2021,4
167,New Mexico Lobos,23,0.3108108108108108,12,0.3,11,0.3235294117647059,1,0.2,5,0.2777777777777778,16,0.3076923076923077,52,0.4807692307692308,0.5192307692307693,-7.15,-0.14,7,0.1346153846153846,25,-1.87,-0.07,7,0.28,27,-5.28,-0.2,9,0.3333333333333333,9,0.7777777777777778,0.2222222222222222,-2.58,-0.29,2,0.2222222222222222,7,-1.16,-0.17,2,0.2857142857142857,2,-1.42,-0.71,0,0.0,7,5,2,22,15,7,-2.29,-0.1,0.3181818181818182,0.22727272727272727,0.09090909090909091,0.6818181818181818,0.3181818181818182,18,0.391304347826087,-3.15,-0.07,46,5,0.17857142857142858,-6.28,-0.22,28,401282212,2021,4
2638,UTEP Miners,17,0.2833333333333333,9,0.3,8,0.26666666666666666,1,0.25,6,0.375,9,0.21428571428571427,42,0.40476190476190477,0.5952380952380952,-5.45,-0.13,3,0.07142857142857142,17,3.52,0.21,4,0.23529411764705882,25,-8.97,-0.36,5,0.2,10,0.6,0.4,3.61,0.36,4,0.4,6,3.47,0.58,2,0.3333333333333333,4,0.14,0.03,2,0.5,8,5,3,18,13,5,8.06,0.45,0.4444444444444444,0.2777777777777778,0.16666666666666666,0.7222222222222222,0.2777777777777778,12,0.35294117647058826,3.21,0.09,34,5,0.19230769230769232,-0.59,-0.02,26,401282212,2021,4
264,Washington Huskies,26,0.45614035087719296,15,0.4838709677419355,11,0.4230769230769231,8,0.4444444444444444,4,0.3333333333333333,20,0.46511627906976744,43,0.5116279069767442,0.4883720930232558,-4.66,-0.11,9,0.20930232558139536,22,5.11,0.23,12,0.5454545454545454,21,-9.78,-0.47,8,0.38095238095238093,10,0.4,0.6,1.49,0.15,5,0.5,4,-1.47,-0.37,1,0.25,6,2.96,0.49,4,0.6666666666666666,6,3,3,14,9,5,0.89,0.06,0.42857142857142855,0.21428571428571427,0.21428571428571427,0.6428571428571429,0.35714285714285715,24,0.5333333333333333,0.5,0.01,45,2,0.16666666666666666,-4.27,-0.36,12,401309857,2021,4
25,California Golden Bears,39,0.5342465753424658,25,0.5813953488372093,14,0.4666666666666667,6,0.46153846153846156,11,0.6875,26,0.49056603773584906,53,0.5471698113207547,0.4528301886792453,2.74,0.05,7,0.1320754716981132,29,5.49,0.19,15,0.5172413793103449,24,-2.74,-0.11,11,0.4583333333333333,11,0.7272727272727273,0.2727272727272727,1.9,0.17,6,0.5454545454545454,8,2.04,0.26,5,0.625,3,-0.14,-0.05,1,0.3333333333333333,13,10,3,20,14,6,8.9,0.44,0.65,0.5,0.15,0.7,0.3,23,0.48936170212765956,4.52,0.1,47,16,0.6153846153846154,7.13,0.27,26,401309857,2021,4
204,Oregon State Beavers,43,0.6323529411764706,13,0.6842105263157895,30,0.6122448979591837,12,0.8571428571428571,5,0.5,37,0.6491228070175439,57,0.19298245614035087,0.8070175438596491,19.87,0.35,18,0.3157894736842105,11,7.96,0.72,9,0.8181818181818182,46,11.91,0.26,28,0.6086956521739131,12,0.6666666666666666,0.3333333333333333,15.94,1.33,10,0.8333333333333334,8,13.36,1.67,8,1.0,4,2.58,0.64,2,0.5,6,4,2,11,8,3,6.48,0.59,0.5454545454545454,0.36363636363636365,0.18181818181818182,0.7272727272727273,0.2727272727272727,38,0.7037037037037037,28.22,0.52,54,5,0.35714285714285715,-1.88,-0.13,14,401309860,2021,4
30,USC Trojans,39,0.5571428571428572,27,0.54,12,0.6,7,0.7777777777777778,8,0.6153846153846154,31,0.543859649122807,57,0.7192982456140351,0.2807017543859649,11.3,0.2,16,0.2807017543859649,41,8.05,0.2,22,0.5365853658536586,16,3.25,0.2,9,0.5625,12,0.75,0.25,3.0,0.25,7,0.5833333333333334,9,3.43,0.38,6,0.6666666666666666,3,-0.43,-0.14,1,0.3333333333333333,8,5,3,13,9,4,0.78,0.06,0.6153846153846154,0.38461538461538464,0.23076923076923078,0.6923076923076923,0.3076923076923077,27,0.5510204081632653,3.2,0.07,49,12,0.5714285714285714,8.88,0.42,21,401309860,2021,4
9,Arizona State Sun Devils,31,0.5344827586206896,16,0.5925925925925926,15,0.4838709677419355,5,0.625,5,0.5,26,0.5416666666666666,48,0.4583333333333333,0.5416666666666666,9.51,0.2,14,0.2916666666666667,22,9.68,0.44,15,0.6818181818181818,26,-0.18,-0.01,11,0.4230769230769231,1,0.0,1.0,-0.2,-0.2,0,0.0,,,,,,1,-0.2,-0.2,0,0.0,5,1,4,10,5,5,4.05,0.41,0.5,0.1,0.4,0.5,0.5,25,0.5813953488372093,12.2,0.28,43,6,0.4,1.36,0.09,15,401309862,2021,4
38,Colorado Buffaloes,23,0.3898305084745763,5,0.2631578947368421,18,0.45,3,0.42857142857142855,5,0.35714285714285715,17,0.38636363636363635,44,0.22727272727272727,0.7727272727272727,3.27,0.07,9,0.20454545454545456,10,-0.37,-0.04,3,0.3,34,3.64,0.11,14,0.4117647058823529,17,0.29411764705882354,0.7058823529411765,5.76,0.34,8,0.47058823529411764,5,1.28,0.26,2,0.4,12,4.48,0.37,6,0.5,6,2,4,15,9,6,-6.04,-0.4,0.4,0.13333333333333333,0.26666666666666666,0.6,0.4,18,0.43902439024390244,1.1,0.03,41,5,0.2777777777777778,-3.86,-0.21,18,401309862,2021,4
258,Virginia Cavaliers,32,0.41025641025641024,18,0.3829787234042553,14,0.45161290322580644,4,0.4444444444444444,9,0.5,23,0.38333333333333336,60,0.65,0.35,-1.56,-0.03,12,0.2,39,-1.31,-0.03,16,0.41025641025641024,21,-0.26,-0.01,7,0.3333333333333333,13,0.6923076923076923,0.3076923076923077,6.39,0.49,7,0.5384615384615384,9,0.59,0.07,5,0.5555555555555556,4,5.79,1.45,2,0.5,9,2,7,18,8,10,3.54,0.2,0.5,0.1111111111111111,0.3888888888888889,0.4444444444444444,0.5555555555555556,22,0.4489795918367347,-3.8,-0.08,49,10,0.3448275862068966,5.78,0.2,29,401282646,2021,5
2390,Miami Hurricanes,28,0.4057971014492754,13,0.3939393939393939,15,0.42857142857142855,4,0.4,5,0.3333333333333333,22,0.41509433962264153,53,0.4339622641509434,0.5471698113207547,5.56,0.1,10,0.18867924528301888,23,2.08,0.09,10,0.43478260869565216,29,3.85,0.13,12,0.41379310344827586,13,0.38461538461538464,0.6153846153846154,-2.44,-0.19,5,0.38461538461538464,5,-2.79,-0.56,1,0.2,8,0.36,0.04,4,0.5,6,3,3,16,10,6,3.18,0.2,0.375,0.1875,0.1875,0.625,0.375,17,0.40476190476190477,0.43,0.01,42,11,0.4074074074074074,8.31,0.31,27,401282646,2021,5
2294,Iowa Hawkeyes,34,0.425,16,0.4,18,0.45,8,0.4,6,0.46153846153846156,28,0.42424242424242425,66,0.48484848484848486,0.5151515151515151,3.36,0.05,14,0.21212121212121213,32,5.34,0.17,13,0.40625,34,-1.98,-0.06,15,0.4411764705882353,14,0.7142857142857143,0.2857142857142857,2.21,0.16,6,0.42857142857142855,10,2.07,0.21,4,0.4,4,0.14,0.04,2,0.5,6,3,3,14,8,6,1.16,0.08,0.42857142857142855,0.21428571428571427,0.21428571428571427,0.5714285714285714,0.42857142857142855,20,0.40816326530612246,-3.17,-0.06,49,14,0.45161290322580644,7.69,0.25,31,401282759,2021,5
120,Maryland Terrapins,25,0.46296296296296297,14,0.3783783783783784,11,0.6470588235294118,3,0.42857142857142855,3,0.3333333333333333,22,0.4888888888888889,45,0.6666666666666666,0.3333333333333333,-8.52,-0.19,11,0.24444444444444444,30,-12.04,-0.4,12,0.4,15,3.52,0.23,10,0.6666666666666666,6,0.5,0.5,-1.46,-0.24,2,0.3333333333333333,3,-0.6,-0.2,1,0.3333333333333333,3,-0.86,-0.29,1,0.3333333333333333,3,2,1,9,7,2,-0.68,-0.08,0.3333333333333333,0.2222222222222222,0.1111111111111111,0.7777777777777778,0.2222222222222222,20,0.4878048780487805,-8.36,-0.2,41,5,0.38461538461538464,-0.83,-0.06,13,401282759,2021,5
248,Houston Cougars,29,0.46774193548387094,17,0.5862068965517241,12,0.36363636363636365,5,0.4166666666666667,3,0.2727272727272727,25,0.5,50,0.4,0.6,12.62,0.25,14,0.28,20,13.07,0.65,13,0.65,30,-0.44,-0.01,12,0.4,2,0.0,1.0,-0.1,-0.05,1,0.5,,,,,,2,-0.1,-0.05,1,0.5,4,4,0,12,9,3,-2.97,-0.25,0.3333333333333333,0.3333333333333333,0.0,0.75,0.25,19,0.475,8.6,0.22,40,10,0.45454545454545453,1.05,0.05,22,401301012,2021,5
202,Tulsa Golden Hurricane,20,0.29850746268656714,15,0.3488372093023256,5,0.20833333333333334,0,0.0,6,0.375,14,0.2857142857142857,49,0.5510204081632653,0.4489795918367347,-14.15,-0.29,6,0.12244897959183673,27,-6.48,-0.24,9,0.3333333333333333,22,-7.67,-0.35,5,0.22727272727272727,16,0.8125,0.1875,-5.75,-0.36,6,0.375,13,-3.72,-0.29,6,0.46153846153846156,3,-2.02,-0.67,0,0.0,6,6,0,18,16,2,-5.09,-0.28,0.3333333333333333,0.3333333333333333,0.0,0.8888888888888888,0.1111111111111111,10,0.24390243902439024,-28.69,-0.7,41,10,0.38461538461538464,9.44,0.36,26,401301012,2021,5
328,Utah State Aggies,30,0.3614457831325301,23,0.45098039215686275,7,0.21875,0,0.0,11,0.5238095238095238,17,0.288135593220339,59,0.576271186440678,0.423728813559322,-21.18,-0.36,8,0.13559322033898305,34,-4.68,-0.14,14,0.4117647058823529,25,-16.5,-0.66,3,0.12,9,0.5555555555555556,0.4444444444444444,-3.04,-0.34,2,0.2222222222222222,5,1.07,0.21,2,0.4,4,-4.11,-1.03,0,0.0,13,9,4,24,17,7,18.65,0.78,0.5416666666666666,0.375,0.16666666666666666,0.7083333333333334,0.2916666666666667,13,0.28888888888888886,-19.55,-0.43,45,17,0.4473684210526316,17.02,0.45,38,401309912,2021,5
252,BYU Cougars,31,0.49206349206349204,18,0.5625,13,0.41935483870967744,4,0.3333333333333333,6,0.5,25,0.49019607843137253,51,0.47058823529411764,0.5294117647058824,7.01,0.14,14,0.27450980392156865,24,5.19,0.22,14,0.5833333333333334,27,1.82,0.07,11,0.4074074074074074,12,0.6666666666666666,0.3333333333333333,-2.29,-0.19,4,0.3333333333333333,8,-1.82,-0.23,3,0.375,4,-0.47,-0.12,1,0.25,6,4,2,12,8,4,5.56,0.46,0.5,0.3333333333333333,0.16666666666666666,0.6666666666666666,0.3333333333333333,25,0.5681818181818182,16.19,0.37,44,6,0.3157894736842105,-3.61,-0.19,19,401309912,2021,5
333,Alabama Crimson Tide,41,0.5394736842105263,15,0.5172413793103449,26,0.5531914893617021,12,0.5,7,0.5384615384615384,31,0.5254237288135594,59,0.3220338983050847,0.6779661016949152,7.2,0.12,16,0.2711864406779661,19,3.16,0.17,9,0.47368421052631576,40,4.05,0.1,22,0.55,12,0.25,0.75,6.44,0.54,8,0.6666666666666666,3,4.98,1.66,3,1.0,9,1.46,0.16,5,0.5555555555555556,10,6,4,17,10,7,10.83,0.64,0.5882352941176471,0.35294117647058826,0.23529411764705882,0.5882352941176471,0.4117647058823529,32,0.5333333333333333,9.7,0.16,60,9,0.5625,8.33,0.52,16,401282089,2021,5
145,Ole Miss Rebels,29,0.4603174603174603,13,0.41935483870967744,16,0.5,7,0.4375,6,0.42857142857142855,21,0.4772727272727273,44,0.5,0.5,3.53,0.08,8,0.18181818181818182,22,3.28,0.15,11,0.5,22,0.25,0.01,10,0.45454545454545453,7,0.42857142857142855,0.5714285714285714,-1.64,-0.23,5,0.7142857142857143,3,-3.94,-1.31,1,0.3333333333333333,4,2.3,0.57,4,1.0,8,2,6,19,9,10,-2.11,-0.11,0.42105263157894735,0.10526315789473684,0.3157894736842105,0.47368421052631576,0.5263157894736842,24,0.5581395348837209,2.57,0.06,43,5,0.25,-1.15,-0.06,20,401282089,2021,5
8,Arkansas Razorbacks,18,0.4,6,0.3,12,0.48,0,0.0,4,0.3333333333333333,14,0.42424242424242425,33,0.3939393939393939,0.6060606060606061,-3.26,-0.1,6,0.18181818181818182,13,-0.52,-0.04,5,0.38461538461538464,20,-2.75,-0.14,9,0.45,6,0.8333333333333334,0.16666666666666666,-3.62,-0.6,1,0.16666666666666666,5,-3.17,-0.63,1,0.2,1,-0.45,-0.45,0,0.0,4,1,3,12,7,5,-3.4,-0.28,0.3333333333333333,0.08333333333333333,0.25,0.5833333333333334,0.4166666666666667,13,0.48148148148148145,-0.44,-0.02,27,5,0.2777777777777778,-6.22,-0.35,18,401282090,2021,5
61,Georgia Bulldogs,33,0.4925373134328358,4,0.36363636363636365,29,0.5178571428571429,4,0.4444444444444444,4,0.3333333333333333,27,0.5094339622641509,53,0.1320754716981132,0.8679245283018868,5.39,0.1,12,0.22641509433962265,7,2.01,0.29,4,0.5714285714285714,46,3.38,0.07,23,0.5,14,0.0,1.0,-0.13,-0.01,5,0.35714285714285715,,,,,,14,-0.13,-0.01,5,0.35714285714285715,6,0,6,14,4,10,0.65,0.05,0.42857142857142855,0.0,0.42857142857142855,0.2857142857142857,0.7142857142857143,29,0.5576923076923077,10.67,0.21,52,4,0.26666666666666666,-4.63,-0.31,15,401282090,2021,5
213,Penn State Nittany Lions,28,0.37333333333333335,16,0.47058823529411764,12,0.2926829268292683,3,0.375,6,0.375,20,0.35714285714285715,56,0.44642857142857145,0.5535714285714286,-7.37,-0.13,10,0.17857142857142858,25,-0.9,-0.04,12,0.48,31,-6.47,-0.21,8,0.25806451612903225,11,0.36363636363636365,0.6363636363636364,-2.52,-0.23,4,0.36363636363636365,4,0.38,0.1,2,0.5,7,-2.9,-0.41,2,0.2857142857142857,8,4,4,19,9,10,4.18,0.22,0.42105263157894735,0.21052631578947367,0.21052631578947367,0.47368421052631576,0.5263157894736842,16,0.34782608695652173,-6.45,-0.14,46,12,0.41379310344827586,3.25,0.11,29,401282729,2021,5
84,Indiana Hoosiers,20,0.3389830508474576,11,0.3055555555555556,9,0.391304347826087,1,0.125,4,0.2857142857142857,15,0.3488372093023256,43,0.5813953488372093,0.4186046511627907,-13.24,-0.31,8,0.18604651162790697,25,-6.36,-0.25,8,0.32,18,-6.88,-0.38,7,0.3888888888888889,6,0.6666666666666666,0.3333333333333333,-1.74,-0.29,1,0.16666666666666666,4,-0.71,-0.18,1,0.25,2,-1.03,-0.51,0,0.0,5,3,2,16,11,5,-9.5,-0.59,0.3125,0.1875,0.125,0.6875,0.3125,15,0.375,-15.22,-0.38,40,5,0.2631578947368421,-7.52,-0.4,19,401282729,2021,5
2306,Kansas State Wildcats,27,0.40298507462686567,17,0.40476190476190477,10,0.4,4,0.26666666666666666,7,0.4666666666666667,16,0.3404255319148936,47,0.5957446808510638,0.40425531914893614,-7.99,-0.17,12,0.2553191489361702,28,3.44,0.12,9,0.32142857142857145,19,-11.43,-0.6,7,0.3684210526315789,6,0.6666666666666666,0.3333333333333333,-2.48,-0.41,1,0.16666666666666666,4,-0.88,-0.22,1,0.25,2,-1.6,-0.8,0,0.0,11,8,3,20,14,6,19.42,0.97,0.55,0.4,0.15,0.7,0.3,19,0.4222222222222222,4.93,0.11,45,8,0.36363636363636365,6.49,0.3,22,401287913,2021,5
201,Oklahoma Sooners,40,0.6779661016949152,22,0.7096774193548387,18,0.6428571428571429,10,0.625,4,0.5714285714285714,36,0.6923076923076923,52,0.5,0.5,14.6,0.28,17,0.3269230769230769,26,12.43,0.48,19,0.7307692307692307,26,2.17,0.08,17,0.6538461538461539,17,0.5882352941176471,0.4117647058823529,10.3,0.61,15,0.8823529411764706,10,6.13,0.61,8,0.8,7,4.17,0.6,7,1.0,4,3,1,7,5,2,6.43,0.92,0.5714285714285714,0.42857142857142855,0.14285714285714285,0.7142857142857143,0.2857142857142857,31,0.6888888888888889,10.94,0.24,45,9,0.6428571428571429,10.09,0.72,14,401287913,2021,5
87,Notre Dame Fighting Irish,27,0.36486486486486486,19,0.3958333333333333,8,0.3076923076923077,3,0.6,6,0.35294117647058826,19,0.3584905660377358,53,0.5283018867924528,0.4716981132075472,-7.02,-0.13,9,0.16981132075471697,28,-4.14,-0.15,11,0.39285714285714285,25,-2.88,-0.12,8,0.32,10,0.8,0.2,-1.47,-0.15,3,0.3,8,-1.02,-0.13,2,0.25,2,-0.44,-0.22,1,0.5,8,8,0,21,20,1,-1.3,-0.06,0.38095238095238093,0.38095238095238093,0.0,0.9523809523809523,0.047619047619047616,14,0.3783783783783784,-3.65,-0.1,37,13,0.35135135135135137,-4.67,-0.13,37,401282708,2021,5
2132,Cincinnati Bearcats,28,0.4745762711864407,18,0.5454545454545454,10,0.38461538461538464,5,0.38461538461538464,2,0.18181818181818182,25,0.5319148936170213,47,0.5106382978723404,0.48936170212765956,6.52,0.14,13,0.2765957446808511,24,6.26,0.26,16,0.6666666666666666,23,0.25,0.01,9,0.391304347826087,11,0.6363636363636364,0.36363636363636365,7.57,0.69,7,0.6363636363636364,7,8.1,1.16,6,0.8571428571428571,4,-0.53,-0.13,1,0.25,3,2,1,12,9,3,-6.81,-0.57,0.25,0.16666666666666666,0.08333333333333333,0.75,0.25,22,0.55,2.51,0.06,40,6,0.3157894736842105,-2.81,-0.15,19,401282708,2021,5
57,Florida Gators,34,0.4788732394366197,18,0.5625,16,0.41025641025641024,4,0.3076923076923077,3,0.25,31,0.5344827586206896,58,0.41379310344827586,0.5862068965517241,4.82,0.08,18,0.3103448275862069,24,6.42,0.27,15,0.625,34,-1.6,-0.05,16,0.47058823529411764,8,0.5,0.5,1.86,0.23,5,0.625,4,1.94,0.49,3,0.75,4,-0.08,-0.02,2,0.5,3,3,0,13,8,5,-8.62,-0.66,0.23076923076923078,0.23076923076923078,0.0,0.6153846153846154,0.38461538461538464,27,0.5192307692307693,3.21,0.06,52,7,0.3684210526315789,-7.02,-0.37,19,401282091,2021,5
96,Kentucky Wildcats,22,0.46808510638297873,5,0.2631578947368421,17,0.6071428571428571,2,1.0,2,0.2222222222222222,20,0.5405405405405406,37,0.35135135135135137,0.6486486486486487,6.88,0.19,9,0.24324324324324326,13,1.42,0.11,5,0.38461538461538464,24,5.46,0.23,15,0.625,8,0.5,0.5,-3.69,-0.46,3,0.375,4,-3.77,-0.94,1,0.25,4,0.08,0.02,2,0.5,2,0,2,10,6,4,-13.49,-1.35,0.2,0.0,0.2,0.6,0.4,17,0.5,1.62,0.05,34,5,0.38461538461538464,-8.23,-0.63,13,401282091,2021,5
194,Ohio State Buckeyes,32,0.5,16,0.5714285714285714,16,0.4444444444444444,6,0.5454545454545454,7,0.5384615384615384,25,0.5,50,0.42,0.58,15.26,0.31,13,0.26,21,9.18,0.44,11,0.5238095238095238,29,6.07,0.21,14,0.4827586206896552,14,0.42857142857142855,0.5714285714285714,7.75,0.55,6,0.42857142857142855,6,7.45,1.24,3,0.5,8,0.3,0.04,3,0.375,7,5,2,14,7,7,7.69,0.55,0.5,0.35714285714285715,0.14285714285714285,0.5,0.5,26,0.52,14.82,0.3,50,6,0.42857142857142855,8.13,0.58,14,401282813,2021,5
164,Rutgers Scarlet Knights,30,0.4225352112676056,19,0.4634146341463415,11,0.36666666666666664,2,1.0,7,0.4666666666666667,21,0.42,50,0.6,0.4,0.6,0.01,8,0.16,30,0.44,0.01,13,0.43333333333333335,20,0.16,0.01,8,0.4,3,0.6666666666666666,0.3333333333333333,-1.83,-0.61,0,0.0,2,-1.25,-0.63,0,0.0,1,-0.58,-0.58,0,0.0,9,6,3,21,11,10,-6.61,-0.31,0.42857142857142855,0.2857142857142857,0.14285714285714285,0.5238095238095238,0.47619047619047616,21,0.4375,5.27,0.11,48,9,0.391304347826087,-11.28,-0.49,23,401282813,2021,5
130,Michigan Wolverines,26,0.35135135135135137,12,0.4,14,0.3181818181818182,4,0.4,8,0.42105263157894735,14,0.28,50,0.32,0.68,-3.97,-0.08,4,0.08,16,4.82,0.3,6,0.375,34,-8.79,-0.26,8,0.23529411764705882,14,0.35714285714285715,0.6428571428571429,0.86,0.06,5,0.35714285714285715,5,0.4,0.08,2,0.4,9,0.47,0.05,3,0.3333333333333333,12,6,6,24,14,10,7.51,0.31,0.5,0.25,0.25,0.5833333333333334,0.4166666666666667,17,0.3541666666666667,-2.73,-0.06,48,9,0.34615384615384615,6.28,0.24,26,401282776,2021,5
275,Wisconsin Badgers,19,0.34545454545454546,10,0.3448275862068966,9,0.34615384615384615,1,1.0,3,0.21428571428571427,15,0.375,40,0.45,0.55,1.77,0.04,6,0.15,18,6.09,0.34,9,0.5,22,-4.32,-0.2,6,0.2727272727272727,10,0.7,0.3,2.96,0.3,4,0.4,7,3.13,0.45,2,0.2857142857142857,3,-0.17,-0.06,2,0.6666666666666666,4,1,3,15,11,4,-14.21,-0.95,0.26666666666666666,0.06666666666666667,0.2,0.7333333333333333,0.26666666666666666,16,0.42105263157894735,-0.59,-0.02,38,3,0.17647058823529413,-11.85,-0.7,17,401282776,2021,5
245,Texas A&M Aggies,22,0.4230769230769231,10,0.45454545454545453,12,0.41379310344827586,1,0.1,4,0.36363636363636365,18,0.43902439024390244,41,0.34146341463414637,0.6585365853658537,1.28,0.03,10,0.24390243902439024,14,4.21,0.3,8,0.5714285714285714,27,-2.94,-0.11,10,0.37037037037037035,8,0.625,0.375,-4.06,-0.51,2,0.25,5,-1.78,-0.36,2,0.4,3,-2.28,-0.76,0,0.0,4,2,2,11,8,2,0.95,0.09,0.36363636363636365,0.18181818181818182,0.18181818181818182,0.7272727272727273,0.18181818181818182,14,0.4117647058823529,1.92,0.06,34,8,0.4444444444444444,0.32,0.02,18,401282095,2021,5
344,Mississippi State Bulldogs,37,0.4868421052631579,33,0.532258064516129,4,0.2857142857142857,5,0.4166666666666667,3,0.3,34,0.5151515151515151,66,0.8181818181818182,0.18181818181818182,14.26,0.22,21,0.3181818181818182,54,14.16,0.26,30,0.5555555555555556,12,0.11,0.01,4,0.3333333333333333,14,1.0,0.0,4.7,0.34,9,0.6428571428571429,14,4.7,0.34,9,0.6428571428571429,,,,,,3,3,0,10,8,2,-2.68,-0.27,0.3,0.3,0.0,0.8,0.2,29,0.5,8.99,0.15,58,8,0.4444444444444444,2.6,0.14,18,401282095,2021,5
324,Coastal Carolina Chanticleers,40,0.6060606060606061,18,0.75,22,0.5238095238095238,8,0.8888888888888888,9,0.8181818181818182,31,0.5636363636363636,55,0.36363636363636365,0.6363636363636364,25.31,0.46,14,0.2545454545454545,20,15.07,0.75,15,0.75,35,10.23,0.29,16,0.45714285714285713,10,0.4,0.6,3.49,0.35,6,0.6,4,1.44,0.36,3,0.75,6,2.05,0.34,3,0.5,9,3,6,11,4,7,12.77,1.16,0.8181818181818182,0.2727272727272727,0.5454545454545454,0.36363636363636365,0.6363636363636364,30,0.5769230769230769,21.34,0.41,52,10,0.7142857142857143,16.74,1.2,14,401309614,2021,5
2433,UL Monroe Warhawks,18,0.3333333333333333,8,0.32,10,0.3448275862068966,1,0.25,4,0.2857142857142857,14,0.35,40,0.375,0.625,-6.17,-0.15,6,0.15,15,-2.16,-0.14,5,0.3333333333333333,25,-4.02,-0.16,9,0.36,16,0.5,0.5,3.65,0.23,8,0.5,8,6.46,0.81,5,0.625,8,-2.81,-0.35,3,0.375,4,3,1,14,10,4,-5.45,-0.39,0.2857142857142857,0.21428571428571427,0.07142857142857142,0.7142857142857143,0.2857142857142857,13,0.3611111111111111,-8.76,-0.24,36,5,0.2777777777777778,-2.87,-0.16,18,401309614,2021,5
98,Western Kentucky Hilltoppers,48,0.5393258426966292,35,0.5223880597014925,13,0.5909090909090909,4,0.19047619047619047,7,0.4375,39,0.5652173913043478,69,0.7681159420289855,0.2318840579710145,25.98,0.38,18,0.2608695652173913,53,24.67,0.47,30,0.5660377358490566,16,1.31,0.08,9,0.5625,24,0.75,0.25,8.41,0.35,15,0.625,18,3.85,0.21,12,0.6666666666666666,6,4.56,0.76,3,0.5,9,5,4,20,14,6,-3.64,-0.18,0.45,0.25,0.2,0.7,0.3,38,0.59375,26.6,0.42,64,10,0.4,-4.25,-0.17,25,401282223,2021,5
127,Michigan State Spartans,35,0.49295774647887325,13,0.4482758620689655,22,0.5238095238095238,12,0.6666666666666666,5,0.45454545454545453,30,0.5084745762711864,59,0.3898305084745763,0.6101694915254238,19.56,0.33,15,0.2542372881355932,23,10.66,0.46,11,0.4782608695652174,36,8.9,0.25,19,0.5277777777777778,12,0.4166666666666667,0.5833333333333334,3.83,0.32,5,0.4166666666666667,5,-2.43,-0.49,1,0.2,7,6.27,0.9,4,0.5714285714285714,5,2,3,12,6,6,-3.21,-0.27,0.4166666666666667,0.16666666666666666,0.25,0.5,0.5,25,0.44642857142857145,-0.95,-0.02,56,10,0.6666666666666666,17.3,1.15,15,401282223,2021,5
62,Hawai'i Rainbow Warriors,25,0.35714285714285715,8,0.2857142857142857,17,0.40476190476190477,3,0.3333333333333333,5,0.3333333333333333,20,0.37735849056603776,53,0.2641509433962264,0.7358490566037735,-1.87,-0.04,12,0.22641509433962265,14,-2.59,-0.18,4,0.2857142857142857,39,0.72,0.02,16,0.41025641025641024,5,0.6,0.4,-1.61,-0.32,2,0.4,3,-1.98,-0.66,1,0.3333333333333333,2,0.37,0.19,1,0.5,5,4,1,17,14,3,-5.31,-0.31,0.29411764705882354,0.23529411764705882,0.058823529411764705,0.8235294117647058,0.17647058823529413,18,0.43902439024390244,1.14,0.03,41,7,0.2413793103448276,-8.32,-0.29,29,401310712,2021,5
278,Fresno State Bulldogs,40,0.4878048780487805,26,0.48148148148148145,14,0.5,3,0.3333333333333333,7,0.5,31,0.47692307692307695,65,0.6615384615384615,0.3384615384615385,-10.02,-0.15,18,0.27692307692307694,43,-7.25,-0.17,21,0.4883720930232558,22,-2.76,-0.13,10,0.45454545454545453,15,0.6,0.4,2.25,0.15,10,0.6666666666666666,9,0.98,0.11,6,0.6666666666666666,6,1.26,0.21,4,0.6666666666666666,9,5,4,17,11,6,5.42,0.32,0.5294117647058824,0.29411764705882354,0.23529411764705882,0.6470588235294118,0.35294117647058826,32,0.5245901639344263,0.81,0.01,61,8,0.38095238095238093,-5.41,-0.26,21,401310712,2021,5
239,Baylor Bears,16,0.2857142857142857,7,0.23333333333333334,9,0.34615384615384615,2,0.6666666666666666,3,0.2,12,0.3157894736842105,38,0.5789473684210527,0.42105263157894735,-1.17,-0.03,5,0.13157894736842105,22,2.14,0.1,7,0.3181818181818182,16,-3.31,-0.21,5,0.3125,13,0.38461538461538464,0.6153846153846154,-1.69,-0.13,3,0.23076923076923078,5,-2.86,-0.57,0,0.0,8,1.17,0.15,3,0.375,4,0,4,18,8,10,-8.23,-0.46,0.2222222222222222,0.0,0.2222222222222222,0.4444444444444444,0.5555555555555556,13,0.38235294117647056,3.58,0.11,34,3,0.13636363636363635,-12.97,-0.59,22,401287914,2021,5
197,Oklahoma State Cowboys,39,0.47560975609756095,12,0.5,27,0.46551724137931033,7,0.4375,8,0.42105263157894735,29,0.47540983606557374,61,0.26229508196721313,0.7377049180327869,4.77,0.08,13,0.21311475409836064,16,8.14,0.51,9,0.5625,45,-3.38,-0.08,20,0.4444444444444444,8,0.375,0.625,5.6,0.7,5,0.625,3,4.06,1.35,2,0.6666666666666666,5,1.54,0.31,3,0.6,10,3,7,21,8,13,-1.71,-0.08,0.47619047619047616,0.14285714285714285,0.3333333333333333,0.38095238095238093,0.6190476190476191,30,0.5,4.3,0.07,60,9,0.4090909090909091,-1.25,-0.06,22,401287914,2021,5
152,NC State Wolfpack,31,0.4626865671641791,18,0.4864864864864865,13,0.43333333333333335,4,0.4444444444444444,4,0.3333333333333333,27,0.5,54,0.5185185185185185,0.48148148148148145,13.35,0.25,16,0.2962962962962963,28,10.02,0.36,16,0.5714285714285714,26,3.34,0.13,11,0.4230769230769231,16,0.8125,0.1875,0.8,0.05,8,0.5,13,0.7,0.05,7,0.5384615384615384,3,0.1,0.03,1,0.3333333333333333,4,2,2,13,9,4,-8.91,-0.69,0.3076923076923077,0.15384615384615385,0.15384615384615385,0.6923076923076923,0.3076923076923077,26,0.52,9.5,0.19,50,5,0.29411764705882354,-5.06,-0.3,17,401282220,2021,5
2348,Louisiana Tech Bulldogs,36,0.46153846153846156,22,0.4782608695652174,14,0.4375,6,0.5,6,0.35294117647058826,29,0.48333333333333334,60,0.5666666666666667,0.43333333333333335,12.08,0.2,15,0.25,34,11.66,0.34,18,0.5294117647058824,26,0.41,0.02,11,0.4230769230769231,6,0.6666666666666666,0.3333333333333333,-3.3,-0.55,2,0.3333333333333333,4,-3.62,-0.9,1,0.25,2,0.32,0.16,1,0.5,7,4,3,18,12,6,-3.46,-0.19,0.3888888888888889,0.2222222222222222,0.16666666666666666,0.6666666666666666,0.3333333333333333,26,0.4642857142857143,6.57,0.12,56,10,0.45454545454545453,2.05,0.09,22,401282220,2021,5
97,Louisville Cardinals,37,0.5362318840579711,16,0.5714285714285714,21,0.5121951219512195,3,0.6,5,0.45454545454545453,32,0.5517241379310345,58,0.3620689655172414,0.6379310344827587,21.23,0.37,17,0.29310344827586204,21,15.36,0.73,13,0.6190476190476191,37,5.87,0.16,19,0.5135135135135135,15,0.4,0.6,-0.88,-0.06,8,0.5333333333333333,6,-1.57,-0.26,3,0.5,9,0.69,0.08,5,0.5555555555555556,5,3,2,11,7,4,-2.46,-0.22,0.45454545454545453,0.2727272727272727,0.18181818181818182,0.6363636363636364,0.36363636363636365,31,0.5636363636363636,16.73,0.3,55,6,0.42857142857142855,2.04,0.15,14,401282651,2021,5
154,Wake Forest Demon Deacons,40,0.49382716049382713,19,0.475,21,0.5121951219512195,10,0.5,11,0.6111111111111112,28,0.45161290322580644,62,0.4838709677419355,0.5161290322580645,7.18,0.12,12,0.1935483870967742,30,5.16,0.17,13,0.43333333333333335,32,2.02,0.06,15,0.46875,13,0.6923076923076923,0.3076923076923077,1.9,0.15,4,0.3076923076923077,9,3.22,0.36,3,0.3333333333333333,4,-1.31,-0.33,1,0.25,12,6,6,19,10,9,11.89,0.63,0.631578947368421,0.3157894736842105,0.3157894736842105,0.5263157894736842,0.47368421052631576,29,0.5087719298245614,13.07,0.23,57,11,0.4583333333333333,6.0,0.25,24,401282651,2021,5
103,Boston College Eagles,30,0.40540540540540543,19,0.4318181818181818,11,0.36666666666666664,2,0.18181818181818182,5,0.3333333333333333,25,0.43103448275862066,58,0.5172413793103449,0.4827586206896552,-0.74,-0.01,14,0.2413793103448276,30,8.63,0.29,16,0.5333333333333333,28,-9.37,-0.33,9,0.32142857142857145,16,0.5625,0.4375,5.05,0.32,7,0.4375,9,5.56,0.62,4,0.4444444444444444,7,-0.51,-0.07,3,0.42857142857142855,5,3,2,16,14,2,-10.33,-0.65,0.3125,0.1875,0.125,0.875,0.125,23,0.4791666666666667,1.45,0.03,48,7,0.2692307692307692,-12.52,-0.48,26,401282647,2021,5
228,Clemson Tigers,26,0.3939393939393939,10,0.3448275862068966,16,0.43243243243243246,1,0.25,4,0.2857142857142857,22,0.43137254901960786,51,0.37254901960784315,0.6274509803921569,9.29,0.18,13,0.2549019607843137,19,3.54,0.19,8,0.42105263157894735,32,5.76,0.18,14,0.4375,7,0.42857142857142855,0.5714285714285714,-1.03,-0.15,2,0.2857142857142857,3,-1.07,-0.36,1,0.3333333333333333,4,0.04,0.01,1,0.25,4,2,2,15,10,5,-11.73,-0.78,0.26666666666666666,0.13333333333333333,0.13333333333333333,0.6666666666666666,0.3333333333333333,17,0.38636363636363635,-7.36,-0.17,44,9,0.4090909090909091,4.92,0.22,22,401282647,2021,5
142,Missouri Tigers,35,0.4794520547945205,22,0.5,13,0.4482758620689655,5,0.8333333333333334,9,0.5625,24,0.4444444444444444,54,0.5370370370370371,0.46296296296296297,-1.69,-0.03,13,0.24074074074074073,29,2.99,0.1,14,0.4827586206896552,25,-4.68,-0.19,10,0.4,1,0.0,1.0,0.38,0.38,1,1.0,,,,,,1,0.38,0.38,1,1.0,11,8,3,19,15,4,9.86,0.52,0.5789473684210527,0.42105263157894735,0.15789473684210525,0.7894736842105263,0.21052631578947367,22,0.4888888888888889,0.62,0.01,45,13,0.4642857142857143,7.54,0.27,28,401282093,2021,5
2633,Tennessee Volunteers,47,0.618421052631579,12,0.631578947368421,35,0.6140350877192983,10,0.4166666666666667,6,0.6,40,0.625,64,0.203125,0.796875,27.16,0.42,21,0.328125,13,5.82,0.45,8,0.6153846153846154,51,21.34,0.42,32,0.6274509803921569,25,0.32,0.68,-0.24,-0.01,13,0.52,8,-0.32,-0.04,4,0.5,17,0.08,0.0,9,0.5294117647058824,7,4,3,12,6,6,6.05,0.5,0.5833333333333334,0.3333333333333333,0.25,0.5,0.5,43,0.6515151515151515,28.59,0.43,66,4,0.4,4.62,0.46,10,401282093,2021,5
356,Illinois Fighting Illini,28,0.42424242424242425,6,0.3333333333333333,22,0.4583333333333333,2,0.18181818181818182,9,0.6,17,0.3469387755102041,49,0.24489795918367346,0.7551020408163265,2.76,0.06,9,0.1836734693877551,12,-3.9,-0.32,3,0.25,37,6.66,0.18,14,0.3783783783783784,11,0.45454545454545453,0.5454545454545454,7.95,0.72,7,0.6363636363636364,5,4.81,0.96,3,0.6,6,3.14,0.52,4,0.6666666666666666,11,3,8,17,6,11,15.16,0.89,0.6470588235294118,0.17647058823529413,0.47058823529411764,0.35294117647058826,0.6470588235294118,16,0.41025641025641024,11.07,0.28,39,12,0.4444444444444444,6.84,0.25,27,401282219,2021,5
2429,Charlotte 49ers,23,0.5,12,0.5,11,0.5,1,0.25,4,0.4444444444444444,19,0.5135135135135135,37,0.4594594594594595,0.5405405405405406,3.13,0.08,9,0.24324324324324326,17,4.91,0.29,10,0.5882352941176471,20,-1.78,-0.09,9,0.45,12,0.5833333333333334,0.4166666666666667,5.07,0.42,7,0.5833333333333334,7,6.84,0.98,5,0.7142857142857143,5,-1.77,-0.35,2,0.4,4,2,2,9,7,2,-4.8,-0.53,0.4444444444444444,0.2222222222222222,0.2222222222222222,0.7777777777777778,0.2222222222222222,19,0.59375,7.57,0.24,32,4,0.2857142857142857,-9.24,-0.66,14,401282219,2021,5
59,Georgia Tech Yellow Jackets,26,0.4262295081967213,17,0.5151515151515151,9,0.32142857142857145,5,0.35714285714285715,3,0.2727272727272727,22,0.4782608695652174,46,0.5217391304347826,0.4782608695652174,-3.02,-0.07,13,0.2826086956521739,24,3.89,0.16,14,0.5833333333333334,22,-6.91,-0.31,8,0.36363636363636365,14,0.7142857142857143,0.2857142857142857,-2.34,-0.17,6,0.42857142857142855,10,4.16,0.42,5,0.5,4,-6.49,-1.62,1,0.25,4,3,1,15,9,6,-8.94,-0.6,0.26666666666666666,0.2,0.06666666666666667,0.6,0.4,22,0.5,-0.31,-0.01,44,4,0.23529411764705882,-11.65,-0.69,17,401282649,2021,5
221,Pittsburgh Panthers,40,0.5194805194805194,22,0.5945945945945946,18,0.45,10,0.8333333333333334,7,0.5384615384615384,31,0.5,62,0.43548387096774194,0.5645161290322581,14.92,0.24,15,0.24193548387096775,27,13.48,0.5,16,0.5925925925925926,35,1.44,0.04,15,0.42857142857142855,15,0.4,0.6,5.85,0.39,9,0.6,6,5.36,0.89,4,0.6666666666666666,9,0.49,0.05,5,0.5555555555555556,9,6,3,15,10,5,6.44,0.43,0.6,0.4,0.2,0.6666666666666666,0.3333333333333333,31,0.5740740740740741,21.36,0.4,54,9,0.391304347826087,0.0,0.0,23,401282649,2021,5
153,North Carolina Tar Heels,32,0.45714285714285713,14,0.3783783783783784,18,0.5454545454545454,4,0.5714285714285714,9,0.5294117647058824,23,0.4339622641509434,53,0.49056603773584906,0.5094339622641509,-0.44,-0.01,10,0.18867924528301888,26,0.63,0.02,9,0.34615384615384615,27,-1.07,-0.04,14,0.5185185185185185,16,0.5,0.5,-0.49,-0.03,8,0.5,8,-1.89,-0.24,2,0.25,8,1.4,0.18,6,0.75,9,5,4,17,11,6,11.49,0.68,0.5294117647058824,0.29411764705882354,0.23529411764705882,0.6470588235294118,0.35294117647058826,23,0.5111111111111111,-1.17,-0.03,45,9,0.36,12.22,0.49,25,401282650,2021,5
150,Duke Blue Devils,21,0.3333333333333333,8,0.27586206896551724,13,0.38235294117647056,,,3,0.2,17,0.3695652173913043,46,0.4782608695652174,0.5217391304347826,2.1,0.05,9,0.1956521739130435,22,0.12,0.01,7,0.3181818181818182,24,1.98,0.08,10,0.4166666666666667,10,0.5,0.5,4.38,0.44,5,0.5,5,4.76,0.95,2,0.4,5,-0.38,-0.08,3,0.6,4,1,3,17,7,10,-19.38,-1.14,0.23529411764705882,0.058823529411764705,0.17647058823529413,0.4117647058823529,0.5882352941176471,18,0.43902439024390244,2.69,0.07,41,3,0.13636363636363635,-19.97,-0.91,22,401282650,2021,5
135,Minnesota Golden Gophers,16,0.3333333333333333,7,0.3888888888888889,9,0.3,1,1.0,6,0.46153846153846156,10,0.2857142857142857,35,0.34285714285714286,0.6571428571428571,1.39,0.04,3,0.08571428571428572,12,6.59,0.55,5,0.4166666666666667,23,-5.2,-0.23,5,0.21739130434782608,3,0.3333333333333333,0.6666666666666666,5.7,1.9,3,1.0,1,3.87,3.87,1,1.0,2,1.83,0.92,2,1.0,6,2,4,13,6,7,-1.91,-0.15,0.46153846153846156,0.15384615384615385,0.3076923076923077,0.46153846153846156,0.5384615384615384,10,0.3125,-0.51,-0.02,32,6,0.375,-0.01,-0.0,16,401282793,2021,5
2509,Purdue Boilermakers,33,0.44594594594594594,23,0.4791666666666667,10,0.38461538461538464,5,0.38461538461538464,6,0.46153846153846156,26,0.4406779661016949,59,0.6101694915254238,0.3898305084745763,2.24,0.04,17,0.288135593220339,36,5.51,0.15,18,0.5,23,-3.27,-0.14,8,0.34782608695652173,9,0.7777777777777778,0.2222222222222222,-2.97,-0.33,3,0.3333333333333333,7,-1.92,-0.27,3,0.42857142857142855,2,-1.05,-0.53,0,0.0,7,5,2,15,12,3,-2.42,-0.16,0.4666666666666667,0.3333333333333333,0.13333333333333333,0.8,0.2,27,0.5294117647058824,8.62,0.17,51,6,0.2608695652173913,-8.81,-0.38,23,401282793,2021,5
113,Massachusetts Minutemen,10,0.19607843137254902,8,0.3076923076923077,2,0.08,2,0.4,2,0.18181818181818182,8,0.20512820512820512,39,0.48717948717948717,0.5128205128205128,-19.6,-0.5,6,0.15384615384615385,19,-8.71,-0.46,7,0.3684210526315789,20,-10.89,-0.54,1,0.05,10,0.5,0.5,-7.56,-0.76,1,0.1,5,-6.26,-1.25,1,0.2,5,-1.31,-0.26,0,0.0,2,1,1,12,7,5,-15.43,-1.29,0.16666666666666666,0.08333333333333333,0.08333333333333333,0.5833333333333334,0.4166666666666667,8,0.24242424242424243,-19.7,-0.6,33,2,0.1111111111111111,-15.33,-0.85,18,401286302,2021,5
2649,Toledo Rockets,35,0.4794520547945205,13,0.41935483870967744,22,0.5238095238095238,5,0.5,7,0.4666666666666667,28,0.49122807017543857,57,0.3508771929824561,0.6491228070175439,8.48,0.15,9,0.15789473684210525,20,4.51,0.23,9,0.45,37,3.96,0.11,19,0.5135135135135135,12,0.5833333333333334,0.4166666666666667,5.84,0.49,6,0.5,7,4.44,0.63,4,0.5714285714285714,5,1.4,0.28,2,0.4,7,4,3,16,11,5,0.62,0.04,0.4375,0.25,0.1875,0.6875,0.3125,26,0.5098039215686274,8.17,0.16,51,9,0.4090909090909091,0.93,0.04,22,401286302,2021,5
251,Texas Longhorns,37,0.5,10,0.4166666666666667,27,0.54,5,0.2777777777777778,9,0.5625,27,0.48214285714285715,56,0.30357142857142855,0.6964285714285714,7.26,0.13,13,0.23214285714285715,17,1.05,0.06,8,0.47058823529411764,39,6.21,0.16,19,0.48717948717948717,6,0.6666666666666666,0.3333333333333333,-4.22,-0.7,1,0.16666666666666666,4,-3.41,-0.85,1,0.25,2,-0.81,-0.41,0,0.0,10,2,8,18,7,11,3.95,0.22,0.5555555555555556,0.1111111111111111,0.4444444444444444,0.3888888888888889,0.6111111111111112,28,0.5185185185185185,9.47,0.18,54,9,0.45,1.74,0.09,20,401287915,2021,5
2628,TCU Horned Frogs,36,0.5294117647058824,16,0.5517241379310345,20,0.5128205128205128,5,0.45454545454545453,7,0.5384615384615384,28,0.5185185185185185,54,0.46296296296296297,0.5370370370370371,-0.68,-0.01,12,0.2222222222222222,25,0.65,0.03,14,0.56,29,-1.33,-0.05,14,0.4827586206896552,17,0.4117647058823529,0.5882352941176471,2.27,0.13,9,0.5294117647058824,7,2.16,0.31,5,0.7142857142857143,10,0.1,0.01,4,0.4,8,2,6,14,4,10,6.2,0.44,0.5714285714285714,0.14285714285714285,0.42857142857142855,0.2857142857142857,0.7142857142857143,25,0.5102040816326531,4.07,0.08,49,11,0.5789473684210527,1.45,0.08,19,401287915,2021,5
218,Temple Owls,34,0.4146341463414634,23,0.46,11,0.34375,8,0.47058823529411764,10,0.5555555555555556,21,0.3559322033898305,59,0.5932203389830508,0.4067796610169492,8.74,0.15,13,0.22033898305084745,35,4.75,0.14,14,0.4,24,3.98,0.17,7,0.2916666666666667,13,0.8461538461538461,0.15384615384615385,5.69,0.44,7,0.5384615384615384,11,3.44,0.31,6,0.5454545454545454,2,2.24,1.12,1,0.5,13,9,4,23,15,8,8.28,0.36,0.5652173913043478,0.391304347826087,0.17391304347826086,0.6521739130434783,0.34782608695652173,22,0.36666666666666664,-1.9,-0.03,60,12,0.5454545454545454,18.92,0.86,22,401301015,2021,5
235,Memphis Tigers,39,0.5,19,0.4418604651162791,20,0.5714285714285714,9,0.5294117647058824,10,0.5882352941176471,28,0.4745762711864407,59,0.4915254237288136,0.5084745762711864,6.66,0.11,11,0.1864406779661017,29,6.31,0.22,12,0.41379310344827586,30,0.36,0.01,16,0.5333333333333333,20,0.5,0.5,-0.93,-0.05,9,0.45,10,-0.26,-0.03,4,0.4,10,-0.66,-0.07,5,0.5,11,7,4,19,14,5,7.89,0.42,0.5789473684210527,0.3684210526315789,0.21052631578947367,0.7368421052631579,0.2631578947368421,29,0.5370370370370371,5.93,0.11,54,10,0.4166666666666667,8.62,0.36,24,401301015,2021,5
2711,Western Michigan Broncos,44,0.55,19,0.5428571428571428,25,0.5555555555555556,7,0.3684210526315789,7,0.4666666666666667,34,0.5666666666666667,60,0.38333333333333336,0.6166666666666667,15.48,0.26,16,0.26666666666666666,23,10.09,0.44,14,0.6086956521739131,37,5.4,0.15,20,0.5405405405405406,1,1.0,0.0,-3.21,-3.21,0,0.0,1,-3.21,-3.21,0,0.0,,,,,,10,5,5,20,12,8,0.72,0.04,0.5,0.25,0.25,0.6,0.4,34,0.5666666666666667,11.44,0.19,60,10,0.5,4.77,0.24,20,401309561,2021,5
2084,Buffalo Bulls,21,0.4117647058823529,10,0.4,11,0.4230769230769231,3,0.3333333333333333,3,0.25,18,0.46153846153846156,39,0.38461538461538464,0.6153846153846154,6.15,0.16,10,0.2564102564102564,15,4.81,0.32,8,0.5333333333333333,24,1.34,0.06,10,0.4166666666666667,12,0.25,0.75,1.62,0.13,7,0.5833333333333334,3,3.94,1.31,3,1.0,9,-2.32,-0.26,4,0.4444444444444444,3,2,1,12,10,2,-7.89,-0.66,0.25,0.16666666666666666,0.08333333333333333,0.8333333333333334,0.16666666666666666,18,0.5,9.07,0.25,36,3,0.2,-10.81,-0.72,15,401309561,2021,5
2247,Georgia State Panthers,28,0.3684210526315789,14,0.35,14,0.3888888888888889,0,0.0,4,0.2857142857142857,24,0.4,60,0.5166666666666667,0.48333333333333334,1.4,0.02,16,0.26666666666666666,31,5.47,0.18,13,0.41935483870967744,29,-4.07,-0.14,11,0.3793103448275862,12,0.5,0.5,1.51,0.13,6,0.5,6,1.16,0.19,3,0.5,6,0.35,0.06,3,0.5,4,1,3,16,9,7,-13.47,-0.84,0.25,0.0625,0.1875,0.5625,0.4375,20,0.4166666666666667,-1.85,-0.04,48,8,0.2857142857142857,-10.22,-0.37,28,401309612,2021,5
2026,Appalachian State Mountaineers,29,0.4027777777777778,16,0.48484848484848486,13,0.3333333333333333,3,0.75,9,0.5625,20,0.36363636363636365,55,0.41818181818181815,0.5818181818181818,9.91,0.18,8,0.14545454545454545,23,15.64,0.68,12,0.5217391304347826,32,-5.73,-0.18,8,0.25,9,0.2222222222222222,0.7777777777777778,-1.15,-0.13,2,0.2222222222222222,2,-0.21,-0.11,1,0.5,7,-0.93,-0.13,1,0.14285714285714285,9,4,5,17,10,7,2.42,0.14,0.5294117647058824,0.23529411764705882,0.29411764705882354,0.5882352941176471,0.4117647058823529,19,0.38,10.55,0.21,50,10,0.45454545454545453,1.77,0.08,22,401309612,2021,5
38,Colorado Buffaloes,17,0.3148148148148148,10,0.45454545454545453,7,0.21875,4,0.8,3,0.3,14,0.32558139534883723,43,0.32558139534883723,0.6744186046511628,-0.47,-0.01,8,0.18604651162790697,14,6.9,0.49,7,0.5,29,-7.36,-0.25,7,0.2413793103448276,8,0.25,0.75,6.55,0.82,5,0.625,2,5.05,2.53,2,1.0,6,1.5,0.25,3,0.5,3,3,0,11,8,3,-4.48,-0.41,0.2727272727272727,0.2727272727272727,0.0,0.7272727272727273,0.2727272727272727,13,0.3611111111111111,-2.96,-0.08,36,4,0.2222222222222222,-1.99,-0.11,18,401309867,2021,5
30,USC Trojans,33,0.5238095238095238,16,0.5517241379310345,17,0.5,5,0.5,6,0.5,27,0.5294117647058824,51,0.43137254901960786,0.5686274509803921,15.04,0.29,14,0.27450980392156865,22,11.8,0.54,13,0.5909090909090909,29,3.24,0.11,14,0.4827586206896552,6,0.5,0.5,-3.44,-0.57,1,0.16666666666666666,3,-1.46,-0.49,0,0.0,3,-1.98,-0.66,1,0.3333333333333333,6,3,3,12,7,5,2.98,0.25,0.5,0.25,0.25,0.5833333333333334,0.4166666666666667,24,0.5333333333333333,12.32,0.27,45,9,0.5,5.7,0.32,18,401309867,2021,5
2199,Eastern Michigan Eagles,26,0.40625,19,0.4222222222222222,7,0.3684210526315789,1,0.14285714285714285,7,0.5,18,0.3673469387755102,49,0.7142857142857143,0.2857142857142857,-3.35,-0.07,12,0.24489795918367346,35,0.71,0.02,15,0.42857142857142855,14,-4.06,-0.29,3,0.21428571428571427,12,0.6666666666666666,0.3333333333333333,2.77,0.23,5,0.4166666666666667,8,4.19,0.52,4,0.5,4,-1.42,-0.36,1,0.25,8,4,4,15,10,5,3.41,0.23,0.5333333333333333,0.26666666666666666,0.26666666666666666,0.6666666666666666,0.3333333333333333,17,0.3953488372093023,-2.12,-0.05,43,9,0.42857142857142855,2.19,0.1,21,401309558,2021,5
2459,Northern Illinois Huskies,36,0.48,8,0.4,28,0.509090909090909,5,0.35714285714285715,5,0.4166666666666667,30,0.4918032786885246,61,0.21311475409836064,0.7868852459016393,2.84,0.05,15,0.2459016393442623,13,0.25,0.02,7,0.5384615384615384,48,2.59,0.05,23,0.4791666666666667,6,0.3333333333333333,0.6666666666666666,0.19,0.03,3,0.5,2,-0.11,-0.05,1,0.5,4,0.3,0.07,2,0.5,6,1,5,14,7,7,-3.68,-0.26,0.42857142857142855,0.07142857142857142,0.35714285714285715,0.5,0.5,29,0.5370370370370371,6.41,0.12,54,7,0.3333333333333333,-7.25,-0.35,21,401309558,2021,5
2579,South Carolina Gamecocks,27,0.4426229508196721,16,0.43243243243243246,11,0.4583333333333333,3,0.3333333333333333,6,0.46153846153846156,19,0.4222222222222222,45,0.6,0.4,0.35,0.01,12,0.26666666666666666,27,2.79,0.1,12,0.4444444444444444,18,-2.45,-0.14,7,0.3888888888888889,4,0.5,0.5,-1.67,-0.42,1,0.25,2,-2.49,-1.25,0,0.0,2,0.82,0.41,1,0.5,8,4,4,16,10,6,0.2,0.01,0.5,0.25,0.25,0.625,0.375,15,0.4166666666666667,3.65,0.1,36,12,0.48,-3.11,-0.12,25,401282094,2021,5
2653,Troy Trojans,25,0.390625,10,0.2857142857142857,15,0.5172413793103449,1,0.25,7,0.5,18,0.36,50,0.46,0.54,-13.33,-0.27,10,0.2,23,-15.72,-0.68,5,0.21739130434782608,27,2.38,0.09,13,0.48148148148148145,10,0.4,0.6,-3.27,-0.33,7,0.7,4,-4.98,-1.25,2,0.5,6,1.71,0.28,5,0.8333333333333334,7,5,2,14,12,2,3.73,0.27,0.5,0.35714285714285715,0.14285714285714285,0.8571428571428571,0.14285714285714285,15,0.38461538461538464,-7.28,-0.19,39,10,0.4,-2.32,-0.09,25,401282094,2021,5
2226,Florida Atlantic Owls,36,0.48,16,0.5714285714285714,20,0.425531914893617,6,0.46153846153846156,8,0.6153846153846154,28,0.45901639344262296,61,0.3442622950819672,0.6557377049180327,23.42,0.38,15,0.2459016393442623,21,18.05,0.86,14,0.6666666666666666,40,5.38,0.13,14,0.35,4,0.5,0.5,3.5,0.88,1,0.25,2,4.39,2.19,1,0.5,2,-0.88,-0.44,0,0.0,8,2,6,14,7,7,11.87,0.85,0.5714285714285714,0.14285714285714285,0.42857142857142855,0.5,0.5,29,0.48333333333333334,23.49,0.39,60,7,0.4666666666666667,11.8,0.79,15,401282215,2021,5
2229,Florida International Panthers,26,0.3939393939393939,17,0.4146341463414634,9,0.36,4,0.8,6,0.375,19,0.3877551020408163,49,0.5714285714285714,0.42857142857142855,3.63,0.07,5,0.10204081632653061,28,9.47,0.34,13,0.4642857142857143,21,-5.84,-0.28,6,0.2857142857142857,15,0.7333333333333333,0.26666666666666666,-3.81,-0.25,5,0.3333333333333333,11,-3.1,-0.28,3,0.2727272727272727,4,-0.7,-0.18,2,0.5,7,4,3,17,13,4,-1.31,-0.08,0.4117647058823529,0.23529411764705882,0.17647058823529413,0.7647058823529411,0.23529411764705882,18,0.45,6.78,0.17,40,8,0.3076923076923077,-4.46,-0.17,26,401282215,2021,5
183,Syracuse Orange,24,0.3870967741935484,11,0.4583333333333333,13,0.34210526315789475,5,0.45454545454545453,3,0.25,21,0.44680851063829785,47,0.2765957446808511,0.723404255319149,13.05,0.28,14,0.2978723404255319,13,4.11,0.32,8,0.6153846153846154,34,8.93,0.26,13,0.38235294117647056,12,0.5,0.5,3.74,0.31,7,0.5833333333333334,6,2.5,0.42,4,0.6666666666666666,6,1.24,0.21,3,0.5,3,3,0,15,11,4,-9.86,-0.66,0.2,0.2,0.0,0.7333333333333333,0.26666666666666666,19,0.4634146341463415,9.68,0.24,41,5,0.23809523809523808,-6.49,-0.31,21,401282648,2021,5
52,Florida State Seminoles,33,0.4782608695652174,15,0.4411764705882353,18,0.5142857142857142,7,0.4666666666666667,7,0.4666666666666667,24,0.46153846153846156,52,0.5192307692307693,0.4807692307692308,1.02,0.02,10,0.19230769230769232,27,-6.99,-0.26,12,0.4444444444444444,25,8.01,0.32,12,0.48,11,0.6363636363636364,0.36363636363636365,4.63,0.42,8,0.7272727272727273,7,2.71,0.39,5,0.7142857142857143,4,1.91,0.48,3,0.75,9,3,6,17,7,10,5.94,0.35,0.5294117647058824,0.17647058823529413,0.35294117647058826,0.4117647058823529,0.5882352941176471,24,0.5,7.04,0.15,48,9,0.42857142857142855,-0.08,-0.0,21,401282648,2021,5
277,West Virginia Mountaineers,35,0.5645161290322581,21,0.5675675675675675,14,0.56,5,0.35714285714285715,5,0.45454545454545453,29,0.5918367346938775,49,0.5510204081632653,0.4489795918367347,10.87,0.22,14,0.2857142857142857,27,8.52,0.32,17,0.6296296296296297,22,2.35,0.11,12,0.5454545454545454,9,0.8888888888888888,0.1111111111111111,5.82,0.65,5,0.5555555555555556,8,4.31,0.54,4,0.5,1,1.51,1.51,1,1.0,6,4,2,13,10,3,4.42,0.34,0.46153846153846156,0.3076923076923077,0.15384615384615385,0.7692307692307693,0.23076923076923078,29,0.6304347826086957,9.44,0.21,46,6,0.375,5.85,0.37,16,401287916,2021,5
2641,Texas Tech Red Raiders,33,0.5076923076923077,19,0.5,14,0.5185185185185185,9,0.5,8,0.5714285714285714,25,0.49019607843137253,51,0.6078431372549019,0.39215686274509803,0.85,0.02,12,0.23529411764705882,31,3.35,0.11,15,0.4838709677419355,20,-2.5,-0.13,10,0.5,12,0.9166666666666666,0.08333333333333333,2.65,0.22,5,0.4166666666666667,11,2.62,0.24,4,0.36363636363636365,1,0.03,0.03,1,1.0,8,4,4,14,7,7,6.05,0.43,0.5714285714285714,0.2857142857142857,0.2857142857142857,0.5,0.5,24,0.5106382978723404,5.19,0.11,47,9,0.5,1.71,0.09,18,401287916,2021,5
2426,Navy Midshipmen,38,0.4935064935064935,2,0.4,36,0.5,6,0.3333333333333333,9,0.6,27,0.4576271186440678,59,0.05084745762711865,0.9491525423728814,10.96,0.19,17,0.288135593220339,3,1.85,0.62,1,0.3333333333333333,56,9.11,0.16,26,0.4642857142857143,8,0.125,0.875,1.3,0.16,3,0.375,1,0.96,0.96,1,1.0,7,0.34,0.05,2,0.2857142857142857,11,1,10,18,2,16,3.03,0.17,0.6111111111111112,0.05555555555555555,0.5555555555555556,0.1111111111111111,0.8888888888888888,29,0.47540983606557374,9.73,0.16,61,9,0.5625,4.25,0.27,16,401301013,2021,5
2116,UCF Knights,28,0.5,11,0.4074074074074074,17,0.5862068965517241,6,0.5454545454545454,4,0.4,24,0.5333333333333333,45,0.4666666666666667,0.5333333333333333,12.62,0.28,10,0.2222222222222222,21,7.3,0.35,11,0.5238095238095238,24,5.32,0.22,13,0.5416666666666666,16,0.625,0.375,0.57,0.04,9,0.5625,10,-2.86,-0.29,4,0.4,6,3.43,0.57,5,0.8333333333333334,4,0,4,11,6,5,-7.02,-0.64,0.36363636363636365,0.0,0.36363636363636365,0.5454545454545454,0.45454545454545453,23,0.575,14.61,0.37,40,5,0.3125,-9.01,-0.56,16,401301013,2021,5
151,East Carolina Pirates,37,0.4805194805194805,20,0.5555555555555556,17,0.4146341463414634,9,0.5,4,0.2857142857142857,30,0.5172413793103449,58,0.39655172413793105,0.603448275862069,19.36,0.33,15,0.25862068965517243,23,3.54,0.15,14,0.6086956521739131,35,15.82,0.45,16,0.45714285714285713,9,0.5555555555555556,0.4444444444444444,4.06,0.45,4,0.4444444444444444,5,6.4,1.28,4,0.8,4,-2.34,-0.59,0,0.0,7,6,1,19,13,6,6.8,0.36,0.3684210526315789,0.3157894736842105,0.05263157894736842,0.6842105263157895,0.3157894736842105,26,0.5,15.79,0.3,52,11,0.44,10.37,0.41,25,401301014,2021,5
2655,Tulane Green Wave,34,0.4927536231884058,19,0.475,15,0.5172413793103449,6,0.6,7,0.5,24,0.47058823529411764,51,0.6078431372549019,0.39215686274509803,4.51,0.09,10,0.19607843137254902,31,-1.85,-0.06,14,0.45161290322580644,20,6.36,0.32,10,0.5,13,0.46153846153846156,0.5384615384615384,2.22,0.17,7,0.5384615384615384,6,1.05,0.18,3,0.5,7,1.17,0.17,4,0.5714285714285714,10,5,5,18,9,9,7.32,0.41,0.5555555555555556,0.2777777777777778,0.2777777777777778,0.5,0.5,25,0.5102040816326531,12.14,0.25,49,9,0.45,-0.31,-0.02,20,401301014,2021,5
2006,Akron Zips,19,0.3114754098360656,10,0.3448275862068966,9,0.2903225806451613,1,0.25,6,0.5,12,0.2608695652173913,46,0.43478260869565216,0.5434782608695652,-10.27,-0.22,12,0.2608695652173913,20,-4.9,-0.25,6,0.3,25,-4.95,-0.2,6,0.24,14,0.35714285714285715,0.6428571428571429,-3.68,-0.26,2,0.14285714285714285,5,2.49,0.5,1,0.2,9,-6.16,-0.68,1,0.1111111111111111,7,4,3,15,9,6,-7.73,-0.52,0.4666666666666667,0.26666666666666666,0.2,0.6,0.4,10,0.25,-13.48,-0.34,40,9,0.42857142857142855,-4.52,-0.22,21,401309560,2021,5
195,Ohio Bobcats,28,0.3835616438356164,5,0.20833333333333334,23,0.46938775510204084,6,0.5454545454545454,5,0.35714285714285715,23,0.3898305084745763,59,0.2711864406779661,0.7288135593220338,-1.89,-0.03,19,0.3220338983050847,16,-5.83,-0.36,5,0.3125,43,3.94,0.09,18,0.4186046511627907,14,0.5,0.5,-0.94,-0.07,3,0.21428571428571427,7,-0.01,-0.0,1,0.14285714285714285,7,-0.93,-0.13,2,0.2857142857142857,5,0,5,14,8,6,-0.3,-0.02,0.35714285714285715,0.0,0.35714285714285715,0.5714285714285714,0.42857142857142855,21,0.40384615384615385,-1.21,-0.02,52,7,0.3333333333333333,-0.99,-0.05,21,401309560,2021,5
189,Bowling Green Falcons,29,0.4084507042253521,23,0.46,6,0.2857142857142857,4,0.3333333333333333,8,0.5,20,0.39215686274509803,51,0.7254901960784313,0.27450980392156865,-12.14,-0.24,8,0.1568627450980392,37,-12.12,-0.33,16,0.43243243243243246,14,-0.01,-0.0,4,0.2857142857142857,16,0.5,0.5,1.16,0.07,6,0.375,8,0.75,0.09,4,0.5,8,0.42,0.05,2,0.25,9,7,2,20,13,7,1.02,0.05,0.45,0.35,0.1,0.65,0.35,19,0.4523809523809524,-5.03,-0.12,42,10,0.3448275862068966,-6.09,-0.21,29,401309562,2021,5
2309,Kent State Golden Flashes,43,0.5058823529411764,11,0.39285714285714285,32,0.5614035087719298,7,0.3684210526315789,11,0.55,32,0.49230769230769234,65,0.3230769230769231,0.676923076923077,-1.35,-0.02,14,0.2153846153846154,21,-3.58,-0.17,7,0.3333333333333333,44,2.22,0.05,25,0.5681818181818182,9,0.3333333333333333,0.6666666666666666,-1.6,-0.18,3,0.3333333333333333,3,-1.73,-0.58,0,0.0,6,0.13,0.02,3,0.5,11,4,7,20,7,13,11.73,0.59,0.55,0.2,0.35,0.35,0.65,32,0.5818181818181818,7.72,0.14,55,11,0.36666666666666664,2.66,0.09,30,401309562,2021,5
24,Stanford Cardinal,32,0.4507042253521127,20,0.5263157894736842,12,0.36363636363636365,10,0.5,5,0.35714285714285715,27,0.48214285714285715,56,0.5357142857142857,0.4642857142857143,9.22,0.16,14,0.25,30,10.76,0.36,17,0.5666666666666667,26,-1.53,-0.06,10,0.38461538461538464,5,0.4,0.6,-2.79,-0.56,1,0.2,2,-2.26,-1.13,0,0.0,3,-0.53,-0.18,1,0.3333333333333333,5,3,2,15,8,7,-1.53,-0.1,0.3333333333333333,0.2,0.13333333333333333,0.5333333333333333,0.4666666666666667,20,0.425531914893617,2.5,0.05,47,12,0.5,5.19,0.22,24,401309864,2021,5
2483,Oregon Ducks,43,0.5443037974683544,12,0.42857142857142855,31,0.6078431372549019,10,0.5263157894736842,8,0.47058823529411764,34,0.576271186440678,59,0.3050847457627119,0.6949152542372882,10.57,0.18,15,0.2542372881355932,18,-0.34,-0.02,9,0.5,41,10.91,0.27,25,0.6097560975609756,18,0.3888888888888889,0.6111111111111112,-0.07,-0.0,11,0.6111111111111112,7,0.26,0.04,3,0.42857142857142855,11,-0.33,-0.03,8,0.7272727272727273,9,3,6,20,10,10,-5.98,-0.3,0.45,0.15,0.3,0.5,0.5,35,0.546875,0.3,0.0,64,8,0.5333333333333333,4.29,0.29,15,401309864,2021,5
2440,Nevada Wolf Pack,25,0.36764705882352944,16,0.37209302325581395,9,0.36,5,0.38461538461538464,8,0.5333333333333333,17,0.3269230769230769,52,0.5961538461538461,0.40384615384615385,4.4,0.08,8,0.15384615384615385,31,-0.21,-0.01,9,0.2903225806451613,21,4.62,0.22,8,0.38095238095238093,13,0.7692307692307693,0.23076923076923078,7.04,0.54,6,0.46153846153846156,10,3.53,0.35,4,0.4,3,3.51,1.17,2,0.6666666666666666,8,7,1,16,12,4,2.73,0.17,0.5,0.4375,0.0625,0.75,0.25,17,0.3695652173913043,6.16,0.13,46,8,0.36363636363636365,0.98,0.04,22,401310711,2021,5
68,Boise State Broncos,37,0.4567901234567901,26,0.49056603773584906,11,0.39285714285714285,4,0.3333333333333333,12,0.631578947368421,24,0.4067796610169492,59,0.6271186440677966,0.3728813559322034,4.8,0.08,10,0.1694915254237288,37,7.72,0.21,18,0.4864864864864865,22,-2.92,-0.13,6,0.2727272727272727,12,0.5833333333333334,0.4166666666666667,8.94,0.74,6,0.5,7,9.64,1.38,5,0.7142857142857143,5,-0.71,-0.14,1,0.2,13,8,5,22,16,6,13.67,0.62,0.5909090909090909,0.36363636363636365,0.22727272727272727,0.7272727272727273,0.2727272727272727,25,0.44642857142857145,8.65,0.15,56,12,0.48,9.82,0.39,25,401310711,2021,5
2567,SMU Mustangs,38,0.48717948717948717,22,0.55,16,0.42105263157894735,7,0.3888888888888889,9,0.6,28,0.45161290322580644,62,0.4838709677419355,0.5161290322580645,6.54,0.11,15,0.24193548387096775,30,8.18,0.27,15,0.5,32,-1.64,-0.05,13,0.40625,13,0.5384615384615384,0.46153846153846156,-0.39,-0.03,4,0.3076923076923077,7,0.48,0.07,3,0.42857142857142855,6,-0.87,-0.15,1,0.16666666666666666,10,7,3,16,10,6,12.46,0.78,0.625,0.4375,0.1875,0.625,0.375,25,0.5208333333333334,9.0,0.19,48,13,0.43333333333333335,10.0,0.33,30,401301016,2021,5
58,South Florida Bulls,24,0.41379310344827586,11,0.4583333333333333,13,0.38235294117647056,4,0.2857142857142857,4,0.36363636363636365,19,0.41304347826086957,46,0.43478260869565216,0.5652173913043478,5.86,0.13,15,0.32608695652173914,20,6.36,0.32,10,0.5,26,-0.5,-0.02,9,0.34615384615384615,12,0.75,0.25,5.03,0.42,6,0.5,9,2.76,0.31,4,0.4444444444444444,3,2.27,0.76,2,0.6666666666666666,5,1,4,12,4,8,4.31,0.36,0.4166666666666667,0.08333333333333333,0.3333333333333333,0.3333333333333333,0.6666666666666666,19,0.48717948717948717,12.47,0.32,39,5,0.2631578947368421,-2.3,-0.12,19,401301016,2021,5
2032,Arkansas State Red Wolves,36,0.4235294117647059,27,0.4090909090909091,9,0.47368421052631576,4,0.4,5,0.4166666666666667,31,0.44285714285714284,70,0.7571428571428571,0.24285714285714285,1.86,0.03,20,0.2857142857142857,53,0.24,0.0,23,0.4339622641509434,17,1.62,0.1,8,0.47058823529411764,9,1.0,0.0,-6.12,-0.68,5,0.5555555555555556,9,-6.12,-0.68,5,0.5555555555555556,,,,,,5,4,1,15,13,2,-6.38,-0.43,0.3333333333333333,0.26666666666666666,0.06666666666666667,0.8666666666666667,0.13333333333333333,26,0.4482758620689655,-7.23,-0.12,58,10,0.37037037037037035,2.71,0.1,27,401309613,2021,5
290,Georgia Southern Eagles,28,0.45161290322580644,3,0.23076923076923078,25,0.5102040816326531,3,0.42857142857142855,4,0.3333333333333333,23,0.46938775510204084,49,0.16326530612244897,0.8367346938775511,23.57,0.48,10,0.20408163265306123,8,-3.07,-0.38,2,0.25,41,26.65,0.65,21,0.5121951219512195,13,0.07692307692307693,0.9230769230769231,9.58,0.74,8,0.6153846153846154,1,-1.03,-1.03,0,0.0,12,10.61,0.88,8,0.6666666666666666,5,1,4,13,5,8,-0.97,-0.07,0.38461538461538464,0.07692307692307693,0.3076923076923077,0.38461538461538464,0.6153846153846154,22,0.4489795918367347,19.12,0.39,49,6,0.46153846153846156,3.48,0.27,13,401309613,2021,5
2050,Ball State Cardinals,21,0.3888888888888889,15,0.5,6,0.25,3,1.0,5,0.4166666666666667,16,0.4,40,0.55,0.45,4.44,0.11,7,0.175,22,9.24,0.42,12,0.5454545454545454,18,-4.8,-0.27,4,0.2222222222222222,11,0.8181818181818182,0.18181818181818182,-3.51,-0.32,4,0.36363636363636365,9,-2.83,-0.31,4,0.4444444444444444,2,-0.68,-0.34,0,0.0,5,3,2,14,8,6,-8.58,-0.61,0.35714285714285715,0.21428571428571427,0.14285714285714285,0.5714285714285714,0.42857142857142855,14,0.4375,4.32,0.14,32,7,0.3181818181818182,-8.46,-0.38,22,401309559,2021,5
349,Army Black Knights,32,0.4266666666666667,4,0.2857142857142857,28,0.45901639344262296,7,0.5384615384615384,5,0.3125,24,0.4444444444444444,54,0.16666666666666666,0.8333333333333334,-1.97,-0.04,9,0.16666666666666666,9,-3.39,-0.38,3,0.3333333333333333,45,1.41,0.03,21,0.4666666666666667,10,0.1,0.9,-3.34,-0.33,3,0.3,1,-0.65,-0.65,0,0.0,9,-2.69,-0.3,3,0.3333333333333333,8,1,7,21,5,16,-7.98,-0.38,0.38095238095238093,0.047619047619047616,0.3333333333333333,0.23809523809523808,0.7619047619047619,26,0.48148148148148145,-1.21,-0.02,54,6,0.2857142857142857,-8.74,-0.42,21,401309559,2021,5
265,Washington State Cougars,29,0.3972602739726027,17,0.4146341463414634,12,0.375,5,0.4166666666666667,8,0.5333333333333333,21,0.3684210526315789,57,0.49122807017543857,0.5087719298245614,-13.36,-0.23,13,0.22807017543859648,28,-6.87,-0.25,11,0.39285714285714285,29,-6.49,-0.22,10,0.3448275862068966,11,0.36363636363636365,0.6363636363636364,-0.25,-0.02,5,0.45454545454545453,4,-3.41,-0.85,0,0.0,7,3.17,0.45,5,0.7142857142857143,8,6,2,16,13,3,3.72,0.23,0.5,0.375,0.125,0.8125,0.1875,20,0.40816326530612246,-8.61,-0.18,49,9,0.375,-1.04,-0.04,24,401309863,2021,5
25,California Golden Bears,21,0.3333333333333333,6,0.18181818181818182,15,0.5,2,0.4,3,0.21428571428571427,17,0.38636363636363635,44,0.45454545454545453,0.5454545454545454,-2.5,-0.06,9,0.20454545454545456,20,-5.03,-0.25,4,0.2,24,2.53,0.11,13,0.5416666666666666,8,0.5,0.5,-3.41,-0.43,3,0.375,4,-3.99,-1.0,0,0.0,4,0.58,0.15,3,0.75,4,2,2,19,13,6,-16.46,-0.87,0.21052631578947367,0.10526315789473684,0.10526315789473684,0.6842105263157895,0.3157894736842105,16,0.42105263157894735,-7.11,-0.19,38,5,0.2,-11.84,-0.47,25,401309863,2021,5
2636,UTSA Roadrunners,32,0.45714285714285713,20,0.6666666666666666,12,0.3,6,0.4,6,0.4,25,0.4716981132075472,53,0.4716981132075472,0.5283018867924528,5.69,0.11,12,0.22641509433962265,25,12.84,0.51,18,0.72,28,-7.15,-0.26,7,0.25,6,0.16666666666666666,0.8333333333333334,-0.27,-0.05,2,0.3333333333333333,1,-0.87,-0.87,0,0.0,5,0.6,0.12,2,0.4,7,2,5,17,5,12,-2.69,-0.16,0.4117647058823529,0.11764705882352941,0.29411764705882354,0.29411764705882354,0.7058823529411765,24,0.48,6.27,0.13,50,8,0.4,-3.26,-0.16,20,401282222,2021,5
2439,UNLV Rebels,28,0.417910447761194,21,0.4772727272727273,7,0.30434782608695654,3,0.3333333333333333,5,0.38461538461538464,22,0.43137254901960786,51,0.6078431372549019,0.39215686274509803,4.66,0.09,14,0.27450980392156865,31,9.48,0.31,16,0.5161290322580645,20,-4.82,-0.24,6,0.3,10,0.7,0.3,1.08,0.11,4,0.4,7,1.98,0.28,4,0.5714285714285714,3,-0.9,-0.3,0,0.0,6,5,1,16,13,3,-8.18,-0.51,0.375,0.3125,0.0625,0.8125,0.1875,22,0.46808510638297873,5.64,0.12,47,6,0.3,-9.16,-0.46,20,401282222,2021,5
242,Rice Owls,22,0.4,14,0.5833333333333334,8,0.26666666666666666,1,1.0,10,0.625,12,0.3076923076923077,39,0.3333333333333333,0.6666666666666666,-3.82,-0.1,3,0.07692307692307693,13,2.6,0.2,7,0.5384615384615384,26,-6.41,-0.25,5,0.19230769230769232,8,0.625,0.375,3.71,0.46,4,0.5,5,6.14,1.23,4,0.8,3,-2.43,-0.81,0,0.0,10,7,3,16,11,4,10.03,0.63,0.625,0.4375,0.1875,0.6875,0.25,12,0.35294117647058826,-2.42,-0.07,34,10,0.47619047619047616,8.63,0.41,21,401282218,2021,5
2572,Southern Miss Golden Eagles,30,0.44776119402985076,21,0.4666666666666667,9,0.4090909090909091,0,0.0,6,0.46153846153846156,23,0.4339622641509434,53,0.6792452830188679,0.32075471698113206,-0.14,-0.0,14,0.2641509433962264,36,2.08,0.06,17,0.4722222222222222,17,-2.22,-0.13,6,0.35294117647058826,9,0.5555555555555556,0.4444444444444444,1.54,0.17,4,0.4444444444444444,5,-0.31,-0.06,1,0.2,4,1.85,0.46,3,0.75,7,4,3,14,9,5,-0.24,-0.02,0.5,0.2857142857142857,0.21428571428571427,0.6428571428571429,0.35714285714285715,18,0.4090909090909091,-9.01,-0.2,44,12,0.5217391304347826,8.62,0.37,23,401282218,2021,5
2005,Air Force Falcons,38,0.5352112676056338,1,0.5,37,0.5362318840579711,11,0.5,8,0.6153846153846154,27,0.4909090909090909,55,0.03636363636363636,0.9636363636363636,5.74,0.1,10,0.18181818181818182,2,1.85,0.93,1,0.5,53,3.88,0.07,26,0.49056603773584906,11,0.09090909090909091,0.9090909090909091,3.73,0.34,4,0.36363636363636365,1,2.92,2.92,1,1.0,10,0.8,0.08,3,0.3,11,0,11,16,0,16,15.35,0.96,0.6875,0.0,0.6875,0.0,1.0,30,0.5660377358490566,11.8,0.22,53,8,0.4444444444444444,9.29,0.52,18,401310710,2021,5
167,New Mexico Lobos,18,0.43902439024390244,11,0.44,7,0.4375,0,0.0,3,0.3333333333333333,15,0.4838709677419355,31,0.6129032258064516,0.3870967741935484,8.8,0.28,7,0.22580645161290322,19,5.02,0.26,10,0.5263157894736842,12,3.77,0.31,5,0.4166666666666667,5,0.6,0.4,-2.24,-0.45,1,0.2,3,-1.35,-0.45,1,0.3333333333333333,2,-0.89,-0.45,0,0.0,3,1,2,10,6,4,-3.42,-0.34,0.3,0.1,0.2,0.6,0.4,13,0.4642857142857143,2.82,0.1,28,5,0.38461538461538464,2.55,0.2,13,401310710,2021,5
2393,Middle Tennessee Blue Raiders,25,0.3787878787878788,7,0.3181818181818182,18,0.4090909090909091,4,0.5714285714285714,4,0.3076923076923077,20,0.39215686274509803,51,0.3137254901960784,0.6862745098039216,-14.3,-0.28,7,0.13725490196078433,16,-5.94,-0.37,5,0.3125,35,-8.37,-0.24,15,0.42857142857142855,11,0.36363636363636365,0.6363636363636364,-11.05,-1.0,3,0.2727272727272727,4,-3.12,-0.78,1,0.25,7,-7.93,-1.13,2,0.2857142857142857,5,2,3,15,6,9,1.46,0.1,0.3333333333333333,0.13333333333333333,0.2,0.4,0.6,17,0.4146341463414634,-4.34,-0.11,41,8,0.32,-8.51,-0.34,25,401282216,2021,5
276,Marshall Thundering Herd,37,0.4567901234567901,22,0.4583333333333333,15,0.46875,7,0.6363636363636364,4,0.3333333333333333,32,0.47058823529411764,68,0.5882352941176471,0.39705882352941174,-9.99,-0.15,20,0.29411764705882354,40,2.0,0.05,19,0.475,27,-0.5,-0.02,13,0.48148148148148145,8,0.5,0.5,-0.2,-0.02,5,0.625,4,3.26,0.82,3,0.75,4,-3.46,-0.86,2,0.5,5,3,2,13,8,5,-0.49,-0.04,0.38461538461538464,0.23076923076923078,0.15384615384615385,0.6153846153846154,0.38461538461538464,29,0.5087719298245614,-4.3,-0.08,57,8,0.3333333333333333,-6.17,-0.26,24,401282216,2021,5
5,UAB Blazers,26,0.37681159420289856,11,0.3142857142857143,15,0.4411764705882353,0,0.0,6,0.4,20,0.37735849056603776,53,0.5283018867924528,0.4716981132075472,-10.11,-0.19,11,0.20754716981132076,28,-7.41,-0.26,10,0.35714285714285715,25,-2.7,-0.11,10,0.4,8,0.375,0.625,-2.58,-0.32,2,0.25,3,-2.27,-0.76,0,0.0,5,-0.31,-0.06,2,0.4,6,1,5,16,7,9,0.84,0.05,0.375,0.0625,0.3125,0.4375,0.5625,18,0.45,3.54,0.09,40,8,0.27586206896551724,-12.81,-0.44,29,401282221,2021,5
2335,Liberty Flames,30,0.45454545454545453,14,0.56,16,0.4,6,0.4,5,0.45454545454545453,25,0.45454545454545453,55,0.32727272727272727,0.6545454545454545,1.83,0.03,16,0.2909090909090909,18,17.92,1.0,11,0.6111111111111112,36,-10.55,-0.29,14,0.3888888888888889,10,0.5,0.5,4.4,0.44,5,0.5,5,0.78,0.16,2,0.4,5,3.62,0.72,3,0.6,5,3,2,11,7,4,2.79,0.25,0.45454545454545453,0.2727272727272727,0.18181818181818182,0.6363636363636364,0.36363636363636365,23,0.5111111111111111,4.2,0.09,45,7,0.3333333333333333,0.41,0.02,21,401282221,2021,5
2305,Kansas Jayhawks,27,0.4153846153846154,9,0.42857142857142855,18,0.4090909090909091,3,0.3,5,0.35714285714285715,22,0.4489795918367347,49,0.24489795918367346,0.7551020408163265,3.61,0.07,12,0.24489795918367346,12,5.17,0.43,7,0.5833333333333334,37,-1.56,-0.04,15,0.40540540540540543,10,0.4,0.6,3.91,0.39,6,0.6,4,3.36,0.84,3,0.75,6,0.56,0.09,3,0.5,5,2,3,16,9,7,-9.03,-0.56,0.3125,0.125,0.1875,0.5625,0.4375,20,0.43478260869565216,-5.18,-0.11,46,7,0.3684210526315789,-0.24,-0.01,19,401287912,2021,5
66,Iowa State Cyclones,35,0.5833333333333334,15,0.5357142857142857,20,0.625,7,0.4666666666666667,4,0.4444444444444444,30,0.6,50,0.44,0.56,25.24,0.5,19,0.38,22,13.73,0.62,13,0.5909090909090909,28,11.51,0.41,17,0.6071428571428571,14,0.7857142857142857,0.21428571428571427,2.37,0.17,6,0.42857142857142855,11,1.47,0.13,5,0.45454545454545453,3,0.9,0.3,1,0.3333333333333333,5,2,3,10,6,4,5.59,0.56,0.5,0.2,0.3,0.6,0.4,28,0.6363636363636364,24.12,0.55,44,7,0.4375,6.72,0.42,16,401287912,2021,5
238,Vanderbilt Commodores,30,0.410958904109589,18,0.43902439024390244,12,0.375,3,0.3333333333333333,6,0.375,22,0.4,55,0.5272727272727272,0.4727272727272727,3.91,0.07,13,0.23636363636363636,29,7.66,0.26,14,0.4827586206896552,26,-3.76,-0.14,8,0.3076923076923077,9,0.6666666666666666,0.3333333333333333,-1.48,-0.16,3,0.3333333333333333,6,-2.27,-0.38,2,0.3333333333333333,3,0.79,0.26,1,0.3333333333333333,8,4,4,18,12,6,4.61,0.26,0.4444444444444444,0.2222222222222222,0.2222222222222222,0.6666666666666666,0.3333333333333333,21,0.4375,3.62,0.08,48,9,0.36,4.9,0.2,25,401282096,2021,5
41,UConn Huskies,35,0.45454545454545453,17,0.38636363636363635,18,0.5454545454545454,3,0.42857142857142855,6,0.42857142857142855,26,0.43333333333333335,60,0.5,0.5,-4.66,-0.08,14,0.23333333333333334,30,-4.52,-0.15,11,0.36666666666666664,30,-0.13,-0.0,15,0.5,18,0.6666666666666666,0.3333333333333333,5.35,0.3,8,0.4444444444444444,12,2.09,0.17,4,0.3333333333333333,6,3.26,0.54,4,0.6666666666666666,9,6,3,17,14,3,14.09,0.83,0.5294117647058824,0.35294117647058826,0.17647058823529413,0.8235294117647058,0.17647058823529413,20,0.4166666666666667,-5.49,-0.11,48,15,0.5172413793103449,14.93,0.51,29,401282096,2021,5
158,Nebraska Cornhuskers,48,0.6486486486486487,12,0.5714285714285714,36,0.6792452830188679,13,0.8125,6,0.6666666666666666,41,0.6507936507936508,63,0.2857142857142857,0.7142857142857143,30.09,0.48,18,0.2857142857142857,18,9.33,0.52,11,0.6111111111111112,45,20.76,0.46,30,0.6666666666666666,6,0.3333333333333333,0.6666666666666666,9.04,1.51,5,0.8333333333333334,2,1.47,0.74,2,1.0,4,7.57,1.89,3,0.75,7,1,6,11,3,8,4.69,0.43,0.6363636363636364,0.09090909090909091,0.5454545454545454,0.2727272727272727,0.7272727272727273,41,0.6833333333333333,27.65,0.46,60,7,0.5,7.13,0.51,14,401282800,2021,5
77,Northwestern Wildcats,30,0.46153846153846156,17,0.3953488372093023,13,0.5909090909090909,2,0.5,5,0.35714285714285715,24,0.5,48,0.625,0.375,-0.35,-0.01,9,0.1875,30,7.49,0.25,14,0.4666666666666667,18,-7.84,-0.44,10,0.5555555555555556,17,0.9411764705882353,0.058823529411764705,-2.63,-0.15,7,0.4117647058823529,16,-2.84,-0.18,6,0.375,1,0.21,0.21,1,1.0,6,3,3,17,13,4,-1.13,-0.07,0.35294117647058826,0.17647058823529413,0.17647058823529413,0.7647058823529411,0.23529411764705882,21,0.5121951219512195,-1.6,-0.04,41,9,0.375,0.12,0.0,24,401282800,2021,5
2,Auburn Tigers,38,0.5,21,0.4375,17,0.6071428571428571,6,1.0,7,0.4375,29,0.5087719298245614,57,0.543859649122807,0.45614035087719296,5.25,0.09,13,0.22807017543859648,31,-1.03,-0.03,13,0.41935483870967744,26,6.28,0.24,16,0.6153846153846154,12,0.9166666666666666,0.08333333333333333,2.62,0.22,5,0.4166666666666667,11,1.59,0.14,4,0.36363636363636365,1,1.03,1.03,1,1.0,9,8,1,19,17,2,6.62,0.35,0.47368421052631576,0.42105263157894735,0.05263157894736842,0.8947368421052632,0.10526315789473684,29,0.5370370370370371,12.61,0.23,54,9,0.4090909090909091,-0.73,-0.03,22,401282092,2021,5
99,LSU Tigers,26,0.37142857142857144,20,0.40816326530612246,6,0.2857142857142857,1,0.1111111111111111,7,0.4117647058823529,18,0.35294117647058826,51,0.7058823529411765,0.29411764705882354,-3.02,-0.06,9,0.17647058823529413,36,3.26,0.09,15,0.4166666666666667,15,-6.28,-0.42,3,0.2,14,0.6428571428571429,0.35714285714285715,-2.67,-0.19,5,0.35714285714285715,9,-2.39,-0.27,3,0.3333333333333333,5,-0.28,-0.06,2,0.4,8,5,3,19,13,6,0.39,0.02,0.42105263157894735,0.2631578947368421,0.15789473684210525,0.6842105263157895,0.3157894736842105,16,0.38095238095238093,-1.19,-0.03,42,10,0.35714285714285715,-1.45,-0.05,28,401282092,2021,5
295,Old Dominion Monarchs,21,0.29577464788732394,12,0.3,9,0.2903225806451613,3,0.75,7,0.4375,13,0.2549019607843137,51,0.5686274509803921,0.43137254901960786,-14.55,-0.29,10,0.19607843137254902,29,-9.43,-0.33,8,0.27586206896551724,22,-5.12,-0.23,5,0.22727272727272727,11,0.5454545454545454,0.45454545454545453,1.27,0.12,3,0.2727272727272727,6,2.75,0.46,2,0.3333333333333333,5,-1.47,-0.29,1,0.2,8,4,4,20,11,9,2.99,0.15,0.4,0.2,0.2,0.55,0.45,15,0.32608695652173914,-7.95,-0.17,46,6,0.24,-3.61,-0.14,25,401282217,2021,5
2638,UTEP Miners,14,0.21212121212121213,8,0.34782608695652173,6,0.13953488372093023,3,0.23076923076923078,6,0.375,8,0.16666666666666666,48,0.2708333333333333,0.7291666666666666,-25.95,-0.54,9,0.1875,13,-2.38,-0.18,4,0.3076923076923077,35,-23.57,-0.67,4,0.11428571428571428,19,0.21052631578947367,0.7894736842105263,-12.96,-0.68,2,0.10526315789473684,4,1.81,0.45,1,0.25,15,-14.77,-0.98,1,0.06666666666666667,6,4,2,18,10,8,5.0,0.28,0.3333333333333333,0.2222222222222222,0.1111111111111111,0.5555555555555556,0.4444444444444444,7,0.1794871794871795,-15.6,-0.4,39,7,0.25925925925925924,-5.36,-0.2,27,401282217,2021,5
204,Oregon State Beavers,33,0.5238095238095238,6,0.35294117647058826,27,0.5869565217391305,6,0.46153846153846156,7,0.5384615384615384,26,0.52,50,0.22,0.78,7.87,0.16,11,0.22,11,0.29,0.03,5,0.45454545454545453,39,7.59,0.19,21,0.5384615384615384,6,0.3333333333333333,0.6666666666666666,-1.09,-0.18,2,0.3333333333333333,2,-1.92,-0.96,0,0.0,4,0.83,0.21,2,0.5,7,1,6,13,6,7,0.45,0.03,0.5384615384615384,0.07692307692307693,0.46153846153846156,0.46153846153846156,0.5384615384615384,26,0.5416666666666666,10.16,0.21,48,7,0.4666666666666667,-1.84,-0.12,15,401309865,2021,5
264,Washington Huskies,27,0.4426229508196721,8,0.27586206896551724,19,0.59375,3,0.75,6,0.42857142857142855,20,0.4444444444444444,45,0.4444444444444444,0.5555555555555556,0.85,0.02,6,0.13333333333333333,20,-9.26,-0.46,5,0.25,25,10.11,0.4,15,0.6,14,0.35714285714285715,0.6428571428571429,0.44,0.03,7,0.5,5,-3.71,-0.74,0,0.0,9,4.14,0.46,7,0.7777777777777778,7,3,4,16,9,7,1.92,0.12,0.4375,0.1875,0.25,0.5625,0.4375,22,0.4888888888888889,2.73,0.06,45,5,0.3125,0.04,0.0,16,401309865,2021,5
26,UCLA Bruins,34,0.4146341463414634,16,0.4444444444444444,18,0.391304347826087,4,0.2857142857142857,8,0.42105263157894735,24,0.41379310344827586,58,0.3275862068965517,0.6724137931034483,3.59,0.06,12,0.20689655172413793,19,5.23,0.28,10,0.5263157894736842,39,-1.64,-0.04,14,0.358974358974359,9,0.4444444444444444,0.5555555555555556,-1.76,-0.2,3,0.3333333333333333,4,-0.88,-0.22,2,0.5,5,-0.88,-0.18,1,0.2,10,6,4,24,17,7,-9.44,-0.39,0.4166666666666667,0.25,0.16666666666666666,0.7083333333333334,0.2916666666666667,24,0.4067796610169492,-5.85,-0.1,59,10,0.43478260869565216,-0.0,-0.0,23,401309866,2021,5
9,Arizona State Sun Devils,26,0.5306122448979592,9,0.5,17,0.5483870967741935,8,0.5714285714285714,5,0.5,21,0.5384615384615384,39,0.358974358974359,0.6410256410256411,23.32,0.6,7,0.1794871794871795,14,16.03,1.15,7,0.5,25,7.29,0.29,14,0.56,10,0.4,0.6,9.53,0.95,6,0.6,4,3.89,0.97,2,0.5,6,5.64,0.94,4,0.6666666666666666,5,2,3,10,4,6,2.03,0.2,0.5,0.2,0.3,0.4,0.6,19,0.5588235294117647,19.3,0.57,34,7,0.4666666666666667,6.05,0.4,15,401309866,2021,5
23,San José State Spartans,24,0.4897959183673469,11,0.6875,13,0.3939393939393939,7,0.4666666666666667,6,0.6666666666666666,18,0.45,40,0.375,0.625,17.06,0.43,10,0.25,15,15.94,1.06,10,0.6666666666666666,25,1.12,0.04,8,0.32,6,0.5,0.5,-0.71,-0.12,1,0.16666666666666666,3,1.43,0.48,1,0.3333333333333333,3,-2.14,-0.71,0,0.0,6,1,5,9,1,8,3.99,0.44,0.6666666666666666,0.1111111111111111,0.5555555555555556,0.1111111111111111,0.8888888888888888,18,0.47368421052631576,12.71,0.33,38,6,0.5454545454545454,8.34,0.76,11,401310713,2021,5
166,New Mexico State Aggies,37,0.5522388059701493,25,0.5555555555555556,12,0.5454545454545454,10,0.5882352941176471,10,0.7142857142857143,26,0.5,52,0.6538461538461539,0.34615384615384615,-0.67,-0.01,12,0.23076923076923078,34,1.34,0.04,17,0.5,18,-2.01,-0.11,9,0.5,13,0.6923076923076923,0.3076923076923077,-4.72,-0.36,6,0.46153846153846156,9,-7.28,-0.81,3,0.3333333333333333,4,2.56,0.64,3,0.75,11,8,3,15,11,4,14.47,0.96,0.7333333333333333,0.5333333333333333,0.2,0.7333333333333333,0.26666666666666666,25,0.5208333333333334,2.01,0.04,48,12,0.631578947368421,11.79,0.62,19,401310713,2021,5
2032,Arkansas State Red Wolves,19,0.3275862068965517,13,0.28888888888888886,6,0.46153846153846156,2,0.6666666666666666,3,0.25,16,0.34782608695652173,46,0.717391304347826,0.2826086956521739,-8.18,-0.18,10,0.21739130434782608,33,-5.39,-0.16,10,0.30303030303030304,13,-2.79,-0.21,6,0.46153846153846156,7,0.5714285714285714,0.42857142857142855,4.4,0.63,6,0.8571428571428571,4,2.93,0.73,3,0.75,3,1.47,0.49,3,1.0,3,3,0,12,12,0,5.89,0.49,0.25,0.25,0.0,1.0,0.0,15,0.42857142857142855,1.58,0.05,35,4,0.17391304347826086,-3.86,-0.17,23,401309616,2021,6
324,Coastal Carolina Chanticleers,34,0.5396825396825397,17,0.6296296296296297,17,0.4722222222222222,7,0.7,5,0.45454545454545453,28,0.5490196078431373,51,0.4117647058823529,0.5882352941176471,25.28,0.5,14,0.27450980392156865,21,21.82,1.04,15,0.7142857142857143,30,3.47,0.12,13,0.43333333333333335,11,0.5454545454545454,0.45454545454545453,9.66,0.88,8,0.7272727272727273,6,9.3,1.55,6,1.0,5,0.36,0.07,2,0.4,6,2,4,12,6,6,5.82,0.49,0.5,0.16666666666666666,0.3333333333333333,0.5,0.5,28,0.5957446808510638,23.06,0.49,47,6,0.375,8.05,0.5,16,401309616,2021,6
2655,Tulane Green Wave,29,0.42028985507246375,16,0.41025641025641024,13,0.43333333333333335,1,0.5,5,0.35714285714285715,22,0.44,50,0.48,0.52,-2.21,-0.04,8,0.16,24,-0.57,-0.02,11,0.4583333333333333,26,-1.65,-0.06,11,0.4230769230769231,11,0.5454545454545454,0.45454545454545453,8.83,0.8,6,0.5454545454545454,6,4.0,0.67,4,0.6666666666666666,5,4.83,0.97,2,0.4,7,5,2,19,15,4,-3.78,-0.2,0.3684210526315789,0.2631578947368421,0.10526315789473684,0.7894736842105263,0.21052631578947367,19,0.4318181818181818,-7.22,-0.16,44,10,0.4,1.22,0.05,25,401301017,2021,6
248,Houston Cougars,32,0.4444444444444444,17,0.4473684210526316,15,0.4411764705882353,5,0.4166666666666667,9,0.5294117647058824,22,0.41509433962264153,53,0.4716981132075472,0.5283018867924528,5.59,0.11,8,0.1509433962264151,25,7.56,0.3,11,0.44,28,-1.96,-0.07,11,0.39285714285714285,13,0.6153846153846154,0.38461538461538464,-8.19,-0.63,4,0.3076923076923077,8,-3.99,-0.5,2,0.25,5,-4.2,-0.84,2,0.4,10,6,4,19,13,6,8.44,0.44,0.5263157894736842,0.3157894736842105,0.21052631578947367,0.6842105263157895,0.3157894736842105,19,0.38,-2.55,-0.05,50,13,0.5909090909090909,16.58,0.75,22,401301017,2021,6
2229,Florida International Panthers,32,0.463768115942029,20,0.5263157894736842,12,0.3870967741935484,1,0.09090909090909091,7,0.5,24,0.46153846153846156,52,0.46153846153846156,0.5384615384615384,18.94,0.36,12,0.23076923076923078,24,22.9,0.95,14,0.5833333333333334,28,-3.95,-0.14,10,0.35714285714285715,2,0.5,0.5,7.73,3.87,2,1.0,1,5.46,5.46,1,1.0,1,2.27,2.27,1,1.0,8,6,2,17,14,3,-3.45,-0.2,0.47058823529411764,0.35294117647058826,0.11764705882352941,0.8235294117647058,0.17647058823529413,23,0.5,12.81,0.28,46,9,0.391304347826087,2.69,0.12,23,401282224,2021,6
2429,Charlotte 49ers,41,0.5774647887323944,18,0.5294117647058824,23,0.6216216216216216,16,0.7619047619047619,9,0.5625,30,0.5660377358490566,53,0.4339622641509434,0.5660377358490566,3.2,0.06,11,0.20754716981132076,23,1.96,0.09,12,0.5217391304347826,30,1.24,0.04,18,0.6,15,0.6,0.4,1.04,0.07,6,0.4,9,2.54,0.28,4,0.4444444444444444,6,-1.5,-0.25,2,0.3333333333333333,11,6,5,18,11,7,12.41,0.69,0.6111111111111112,0.3333333333333333,0.2777777777777778,0.6111111111111112,0.3888888888888889,30,0.6122448979591837,9.93,0.2,49,11,0.5,5.67,0.26,22,401282224,2021,6
218,Temple Owls,23,0.3709677419354839,12,0.3157894736842105,11,0.4583333333333333,1,0.25,3,0.23076923076923078,20,0.425531914893617,47,0.6382978723404256,0.3617021276595745,-3.28,-0.07,11,0.23404255319148937,30,-5.83,-0.19,11,0.36666666666666664,17,2.55,0.15,9,0.5294117647058824,8,0.75,0.25,-1.33,-0.17,3,0.375,6,-1.53,-0.25,2,0.3333333333333333,2,0.2,0.1,1,0.5,3,1,2,15,8,7,-10.95,-0.73,0.2,0.06666666666666667,0.13333333333333333,0.5333333333333333,0.4666666666666667,15,0.39473684210526316,-9.55,-0.25,38,8,0.3333333333333333,-4.69,-0.2,24,401301018,2021,6
2132,Cincinnati Bearcats,34,0.53125,18,0.5625,16,0.5,6,0.46153846153846156,8,0.6153846153846154,26,0.5098039215686274,51,0.49019607843137253,0.5098039215686274,16.29,0.32,11,0.21568627450980393,25,9.63,0.39,15,0.6,26,6.66,0.26,11,0.4230769230769231,12,0.75,0.25,2.85,0.24,5,0.4166666666666667,9,-2.11,-0.23,3,0.3333333333333333,3,4.96,1.65,2,0.6666666666666666,8,3,5,13,7,6,7.17,0.55,0.6153846153846154,0.23076923076923078,0.38461538461538464,0.5384615384615384,0.46153846153846156,28,0.5714285714285714,21.45,0.44,49,6,0.4,2.01,0.13,15,401301018,2021,6
9,Arizona State Sun Devils,37,0.5522388059701493,12,0.48,25,0.5952380952380952,2,0.2857142857142857,9,0.6923076923076923,27,0.5192307692307693,52,0.3269230769230769,0.6730769230769231,4.62,0.09,10,0.19230769230769232,17,1.43,0.08,7,0.4117647058823529,35,3.19,0.09,20,0.5714285714285714,14,0.5,0.5,-2.79,-0.2,5,0.35714285714285715,7,-0.17,-0.02,2,0.2857142857142857,7,-2.62,-0.37,3,0.42857142857142855,10,5,5,15,8,7,5.75,0.38,0.6666666666666666,0.3333333333333333,0.3333333333333333,0.5333333333333333,0.4666666666666667,28,0.5714285714285714,5.89,0.12,49,9,0.5,4.49,0.25,18,401309868,2021,6
24,Stanford Cardinal,25,0.38461538461538464,22,0.44,3,0.2,1,0.25,5,0.35714285714285715,19,0.3958333333333333,48,0.7083333333333334,0.2916666666666667,-7.14,-0.15,12,0.25,34,-0.76,-0.02,16,0.47058823529411764,14,-6.38,-0.46,3,0.21428571428571427,9,1.0,0.0,0.82,0.09,4,0.4444444444444444,9,0.82,0.09,4,0.4444444444444444,,,,,,6,6,0,17,16,1,-1.72,-0.1,0.35294117647058826,0.35294117647058826,0.0,0.9411764705882353,0.058823529411764705,18,0.43902439024390244,-5.94,-0.14,41,7,0.2916666666666667,-2.92,-0.12,24,401309868,2021,6
245,Texas A&M Aggies,31,0.5344827586206896,18,0.5806451612903226,13,0.48148148148148145,5,0.8333333333333334,4,0.4,27,0.5625,48,0.5,0.5,10.16,0.21,13,0.2708333333333333,24,11.27,0.47,16,0.6666666666666666,24,-1.11,-0.05,11,0.4583333333333333,5,0.2,0.8,3.94,0.79,2,0.4,1,2.19,2.19,1,1.0,4,1.74,0.44,1,0.25,4,2,2,10,7,3,-0.8,-0.08,0.4,0.2,0.2,0.7,0.3,25,0.6097560975609756,11.52,0.28,41,6,0.35294117647058826,-2.16,-0.13,17,401282103,2021,6
333,Alabama Crimson Tide,37,0.45121951219512196,23,0.4423076923076923,14,0.4666666666666667,6,0.35294117647058826,11,0.5789473684210527,26,0.4126984126984127,63,0.5873015873015873,0.4126984126984127,10.88,0.17,13,0.20634920634920634,37,9.04,0.24,15,0.40540540540540543,26,1.84,0.07,11,0.4230769230769231,12,0.6666666666666666,0.3333333333333333,0.58,0.05,5,0.4166666666666667,8,1.08,0.13,4,0.5,4,-0.5,-0.12,1,0.25,11,8,3,19,15,4,0.07,0.0,0.5789473684210527,0.42105263157894735,0.15789473684210525,0.7894736842105263,0.21052631578947367,27,0.42857142857142855,1.05,0.02,63,10,0.5263157894736842,9.91,0.52,19,401282103,2021,6
61,Georgia Bulldogs,33,0.4852941176470588,12,0.5454545454545454,21,0.45652173913043476,6,0.375,7,0.5384615384615384,26,0.48148148148148145,54,0.25925925925925924,0.7407407407407407,12.06,0.22,15,0.2777777777777778,14,12.43,0.89,10,0.7142857142857143,40,-0.37,-0.01,16,0.4,10,0.2,0.8,-0.57,-0.06,6,0.6,2,-2.46,-1.23,0,0.0,8,1.9,0.24,6,0.75,7,2,5,14,8,6,-0.06,-0.0,0.5,0.14285714285714285,0.35714285714285715,0.5714285714285714,0.42857142857142855,26,0.4727272727272727,6.91,0.13,55,7,0.5384615384615384,5.09,0.39,13,401282097,2021,6
2,Auburn Tigers,29,0.4027777777777778,18,0.3829787234042553,11,0.44,2,0.2,5,0.2777777777777778,21,0.42857142857142855,49,0.6326530612244898,0.3673469387755102,-0.89,-0.02,9,0.1836734693877551,31,-0.23,-0.01,13,0.41935483870967744,18,-0.66,-0.04,8,0.4444444444444444,12,0.9166666666666666,0.08333333333333333,-1.38,-0.12,4,0.3333333333333333,11,-1.04,-0.09,4,0.36363636363636365,1,-0.35,-0.35,0,0.0,8,5,3,23,16,7,-7.27,-0.32,0.34782608695652173,0.21739130434782608,0.13043478260869565,0.6956521739130435,0.30434782608695654,20,0.425531914893617,-4.19,-0.09,47,9,0.36,-3.98,-0.16,25,401282097,2021,6
213,Penn State Nittany Lions,25,0.32051282051282054,14,0.2978723404255319,11,0.3548387096774194,2,0.2,6,0.375,19,0.3220338983050847,59,0.576271186440678,0.423728813559322,-10.78,-0.18,12,0.2033898305084746,34,-10.0,-0.29,11,0.3235294117647059,25,-0.78,-0.03,8,0.32,7,0.42857142857142855,0.5714285714285714,-4.2,-0.6,1,0.14285714285714285,3,-3.48,-1.16,0,0.0,4,-0.72,-0.18,1,0.25,6,3,3,19,13,6,-8.39,-0.44,0.3157894736842105,0.15789473684210525,0.15789473684210525,0.6842105263157895,0.3157894736842105,16,0.3018867924528302,-15.59,-0.29,53,9,0.36,-3.58,-0.14,25,401282758,2021,6
2294,Iowa Hawkeyes,27,0.36,12,0.35294117647058826,15,0.36585365853658536,1,0.1111111111111111,7,0.3684210526315789,20,0.35714285714285715,56,0.35714285714285715,0.6428571428571429,-8.1,-0.14,9,0.16071428571428573,20,-0.06,-0.0,8,0.4,36,-8.04,-0.22,12,0.3333333333333333,9,0.6666666666666666,0.3333333333333333,-1.71,-0.19,2,0.2222222222222222,6,-0.96,-0.16,2,0.3333333333333333,3,-0.75,-0.25,0,0.0,7,4,3,19,14,5,-3.47,-0.18,0.3684210526315789,0.21052631578947367,0.15789473684210525,0.7368421052631579,0.2631578947368421,17,0.3541666666666667,-6.95,-0.14,48,10,0.37037037037037035,-4.63,-0.17,27,401282758,2021,6
201,Oklahoma Sooners,40,0.49382716049382713,18,0.42857142857142855,22,0.5641025641025641,8,0.47058823529411764,10,0.5263157894736842,29,0.47540983606557374,61,0.47540983606557374,0.5245901639344263,13.32,0.22,14,0.22950819672131148,29,2.92,0.1,14,0.4827586206896552,32,10.4,0.32,15,0.46875,9,0.3333333333333333,0.6666666666666666,-1.16,-0.13,4,0.4444444444444444,3,-3.83,-1.28,0,0.0,6,2.68,0.45,4,0.6666666666666666,11,4,7,20,13,7,19.39,0.97,0.55,0.2,0.35,0.65,0.35,31,0.5535714285714286,24.58,0.44,56,9,0.36,8.13,0.33,25,401287918,2021,6
251,Texas Longhorns,26,0.4262295081967213,17,0.4594594594594595,9,0.375,3,0.75,4,0.3333333333333333,22,0.4583333333333333,48,0.5625,0.4375,21.63,0.45,11,0.22916666666666666,27,20.25,0.75,15,0.5555555555555556,21,1.37,0.07,7,0.3333333333333333,11,0.5454545454545454,0.45454545454545453,-0.56,-0.05,3,0.2727272727272727,6,0.56,0.09,2,0.3333333333333333,5,-1.12,-0.22,1,0.2,4,2,2,13,10,3,-8.71,-0.67,0.3076923076923077,0.15384615384615385,0.15384615384615385,0.7692307692307693,0.23076923076923078,20,0.47619047619047616,17.08,0.41,42,6,0.3157894736842105,-4.16,-0.22,19,401287918,2021,6
194,Ohio State Buckeyes,37,0.5285714285714286,24,0.6153846153846154,13,0.41935483870967744,5,0.38461538461538464,8,0.7272727272727273,27,0.48214285714285715,56,0.5178571428571429,0.48214285714285715,18.18,0.32,18,0.32142857142857145,29,19.28,0.66,17,0.5862068965517241,27,-1.1,-0.04,10,0.37037037037037035,15,0.6,0.4,9.4,0.63,8,0.5333333333333333,9,4.95,0.55,4,0.4444444444444444,6,4.45,0.74,4,0.6666666666666666,10,7,3,14,10,4,15.71,1.12,0.7142857142857143,0.5,0.21428571428571427,0.7142857142857143,0.2857142857142857,25,0.5,18.4,0.37,50,12,0.6,15.48,0.77,20,401282769,2021,6
120,Maryland Terrapins,31,0.41333333333333333,22,0.5,9,0.2903225806451613,4,0.4,5,0.3333333333333333,24,0.42105263157894735,57,0.5263157894736842,0.47368421052631576,-5.56,-0.1,14,0.24561403508771928,30,1.02,0.03,17,0.5666666666666667,27,-6.58,-0.24,7,0.25925925925925924,12,0.5833333333333334,0.4166666666666667,-4.85,-0.4,2,0.16666666666666666,7,-5.22,-0.75,1,0.14285714285714285,5,0.37,0.07,1,0.2,7,5,2,18,14,4,-0.16,-0.01,0.3888888888888889,0.2777777777777778,0.1111111111111111,0.7777777777777778,0.2222222222222222,19,0.3877551020408163,-12.56,-0.26,49,12,0.46153846153846156,6.83,0.26,26,401282769,2021,6
158,Nebraska Cornhuskers,22,0.36666666666666664,13,0.4482758620689655,9,0.2903225806451613,3,0.375,3,0.2727272727272727,18,0.391304347826087,46,0.4782608695652174,0.5217391304347826,13.44,0.29,11,0.2391304347826087,22,14.74,0.67,11,0.5,24,-1.3,-0.05,7,0.2916666666666667,12,0.75,0.25,4.87,0.41,4,0.3333333333333333,9,1.94,0.22,3,0.3333333333333333,3,2.93,0.98,1,0.3333333333333333,4,2,2,14,7,7,-9.25,-0.66,0.2857142857142857,0.14285714285714285,0.14285714285714285,0.5,0.5,15,0.3409090909090909,-1.03,-0.02,44,7,0.4375,5.22,0.33,16,401282778,2021,6
130,Michigan Wolverines,40,0.5,18,0.45,22,0.55,4,0.3076923076923077,6,0.4,34,0.5230769230769231,65,0.47692307692307695,0.5230769230769231,13.59,0.21,17,0.26153846153846155,31,4.95,0.16,15,0.4838709677419355,34,8.64,0.25,19,0.5588235294117647,15,0.7333333333333333,0.26666666666666666,2.04,0.14,8,0.5333333333333333,11,0.22,0.02,6,0.5454545454545454,4,1.82,0.45,2,0.5,6,3,3,15,9,6,-4.98,-0.33,0.4,0.2,0.2,0.6,0.4,32,0.5423728813559322,11.54,0.2,59,8,0.38095238095238093,-2.93,-0.14,21,401282778,2021,6
68,Boise State Broncos,31,0.4305555555555556,14,0.4666666666666667,17,0.40476190476190477,4,0.25,8,0.5,23,0.4107142857142857,56,0.3392857142857143,0.6607142857142857,0.87,0.02,11,0.19642857142857142,19,4.58,0.24,11,0.5789473684210527,37,-3.71,-0.1,12,0.32432432432432434,15,0.4,0.6,7.55,0.5,10,0.6666666666666666,6,4.11,0.69,4,0.6666666666666666,9,3.44,0.38,6,0.6666666666666666,8,3,5,16,11,5,3.48,0.22,0.5,0.1875,0.3125,0.6875,0.3125,24,0.42857142857142855,1.22,0.02,56,7,0.4375,3.13,0.2,16,401309913,2021,6
252,BYU Cougars,28,0.4375,17,0.4473684210526316,11,0.4230769230769231,4,0.26666666666666666,4,0.4,23,0.45098039215686275,51,0.6078431372549019,0.39215686274509803,5.24,0.1,16,0.3137254901960784,31,13.42,0.43,16,0.5161290322580645,20,-8.18,-0.41,7,0.35,4,0.5,0.5,-4.02,-1.0,0,0.0,2,-1.19,-0.59,0,0.0,2,-2.83,-1.41,0,0.0,5,1,4,13,7,6,-5.57,-0.43,0.38461538461538464,0.07692307692307693,0.3076923076923077,0.5384615384615384,0.46153846153846156,22,0.4782608695652174,9.01,0.2,46,6,0.3333333333333333,-9.35,-0.52,18,401309913,2021,6
8,Arkansas Razorbacks,58,0.6236559139784946,22,0.6111111111111112,36,0.631578947368421,11,0.6875,8,0.6153846153846154,48,0.6153846153846154,78,0.38461538461538464,0.6153846153846154,39.75,0.51,28,0.358974358974359,30,18.87,0.63,18,0.6,48,20.88,0.44,30,0.625,7,0.5714285714285714,0.42857142857142855,-0.94,-0.13,4,0.5714285714285714,4,0.78,0.2,3,0.75,3,-1.72,-0.57,1,0.3333333333333333,10,4,6,15,6,9,8.56,0.57,0.6666666666666666,0.26666666666666666,0.4,0.4,0.6,51,0.6538461538461539,40.49,0.52,78,7,0.4666666666666667,7.82,0.52,15,401282100,2021,6
145,Ole Miss Rebels,39,0.5571428571428572,10,0.47619047619047616,29,0.5918367346938775,7,0.7777777777777778,5,0.35714285714285715,30,0.5882352941176471,51,0.27450980392156865,0.7254901960784313,30.33,0.59,9,0.17647058823529413,14,17.76,1.27,7,0.5,37,12.57,0.34,23,0.6216216216216216,16,0.25,0.75,5.39,0.34,10,0.625,4,0.24,0.06,2,0.5,12,5.15,0.43,8,0.6666666666666666,9,3,6,19,7,12,5.29,0.28,0.47368421052631576,0.15789473684210525,0.3157894736842105,0.3684210526315789,0.631578947368421,32,0.6037735849056604,30.11,0.57,53,7,0.4117647058823529,5.52,0.32,17,401282100,2021,6
259,Virginia Tech Hokies,26,0.36619718309859156,13,0.37142857142857144,13,0.3611111111111111,4,0.2857142857142857,8,0.47058823529411764,18,0.3333333333333333,54,0.46296296296296297,0.5370370370370371,-11.27,-0.21,11,0.2037037037037037,25,-0.44,-0.02,10,0.4,29,-10.83,-0.37,8,0.27586206896551724,16,0.5,0.5,3.11,0.19,8,0.5,8,6.05,0.76,6,0.75,8,-2.94,-0.37,2,0.25,8,3,5,17,10,7,6.88,0.4,0.47058823529411764,0.17647058823529413,0.29411764705882354,0.5882352941176471,0.4117647058823529,15,0.375,-1.53,-0.04,40,11,0.3548387096774194,-2.85,-0.09,31,401282656,2021,6
87,Notre Dame Fighting Irish,34,0.4927536231884058,13,0.4642857142857143,21,0.5121951219512195,7,0.6363636363636364,4,0.3333333333333333,30,0.5263157894736842,57,0.3684210526315789,0.631578947368421,17.92,0.31,17,0.2982456140350877,21,16.22,0.77,13,0.6190476190476191,36,1.7,0.05,17,0.4722222222222222,9,0.5555555555555556,0.4444444444444444,5.4,0.6,4,0.4444444444444444,5,4.51,0.9,3,0.6,4,0.88,0.22,1,0.25,4,0,4,12,7,5,-11.65,-0.97,0.3333333333333333,0.0,0.3333333333333333,0.5833333333333334,0.4166666666666667,29,0.5370370370370371,15.64,0.29,54,5,0.3333333333333333,-9.37,-0.62,15,401282656,2021,6
99,LSU Tigers,36,0.6792452830188679,16,0.7272727272727273,20,0.6451612903225806,5,0.625,8,0.8,26,0.6341463414634146,41,0.4146341463414634,0.5853658536585366,21.49,0.52,13,0.3170731707317073,17,17.9,1.05,12,0.7058823529411765,24,3.59,0.15,14,0.5833333333333334,3,0.0,1.0,0.93,0.31,2,0.6666666666666666,,,,,,3,0.93,0.31,2,0.6666666666666666,10,4,6,12,5,7,13.51,1.13,0.8333333333333334,0.3333333333333333,0.5,0.4166666666666667,0.5833333333333334,26,0.6842105263157895,23.38,0.62,38,10,0.6666666666666666,11.63,0.78,15,401282099,2021,6
96,Kentucky Wildcats,38,0.6229508196721312,11,0.6111111111111112,27,0.627906976744186,9,0.6923076923076923,2,0.2857142857142857,35,0.660377358490566,53,0.24528301886792453,0.7547169811320755,21.96,0.41,16,0.3018867924528302,13,7.22,0.56,9,0.6923076923076923,40,14.74,0.37,26,0.65,12,0.5,0.5,3.3,0.27,7,0.5833333333333334,6,-1.69,-0.28,2,0.3333333333333333,6,4.98,0.83,5,0.8333333333333334,3,2,1,8,5,3,2.06,0.26,0.375,0.25,0.125,0.625,0.375,31,0.6595744680851063,19.93,0.42,47,7,0.5,4.1,0.29,14,401282099,2021,6
183,Syracuse Orange,47,0.5529411764705883,12,0.41379310344827586,35,0.625,7,0.7777777777777778,8,0.5333333333333333,39,0.5571428571428572,70,0.3142857142857143,0.6857142857142857,15.44,0.22,21,0.3,22,7.04,0.32,10,0.45454545454545453,48,8.39,0.17,29,0.6041666666666666,7,0.5714285714285714,0.42857142857142855,-2.99,-0.43,2,0.2857142857142857,4,-2.76,-0.69,1,0.25,3,-0.23,-0.08,1,0.3333333333333333,8,2,6,15,7,8,4.28,0.29,0.5333333333333333,0.13333333333333333,0.4,0.4666666666666667,0.5333333333333333,36,0.5901639344262295,17.93,0.29,61,11,0.4583333333333333,1.79,0.07,24,401282655,2021,6
154,Wake Forest Demon Deacons,30,0.4411764705882353,17,0.5,13,0.38235294117647056,6,0.42857142857142855,6,0.42857142857142855,23,0.4339622641509434,53,0.39622641509433965,0.6037735849056604,13.49,0.25,11,0.20754716981132076,21,17.2,0.82,12,0.5714285714285714,32,-3.71,-0.12,11,0.34375,12,0.3333333333333333,0.6666666666666666,6.99,0.58,5,0.4166666666666667,4,4.91,1.23,2,0.5,8,2.08,0.26,3,0.375,7,5,2,15,13,2,5.28,0.35,0.4666666666666667,0.3333333333333333,0.13333333333333333,0.8666666666666667,0.13333333333333333,23,0.46938775510204084,12.9,0.26,49,7,0.3684210526315789,5.87,0.31,19,401282655,2021,6
238,Vanderbilt Commodores,26,0.3291139240506329,16,0.3333333333333333,10,0.3225806451612903,1,0.1111111111111111,9,0.42857142857142855,16,0.2909090909090909,55,0.5272727272727272,0.4727272727272727,-15.06,-0.27,7,0.12727272727272726,29,-10.77,-0.37,8,0.27586206896551724,26,-4.3,-0.17,8,0.3076923076923077,16,0.625,0.375,-3.62,-0.23,4,0.25,10,0.31,0.03,3,0.3,6,-3.93,-0.66,1,0.16666666666666666,10,8,2,24,19,5,-3.17,-0.13,0.4166666666666667,0.3333333333333333,0.08333333333333333,0.7916666666666666,0.20833333333333334,17,0.3090909090909091,-21.55,-0.39,55,9,0.375,3.32,0.14,24,401282098,2021,6
57,Florida Gators,30,0.4838709677419355,14,0.5,16,0.47058823529411764,6,0.75,2,0.2222222222222222,25,0.5,50,0.46,0.54,6.39,0.13,11,0.22,23,5.15,0.22,13,0.5652173913043478,27,1.24,0.05,12,0.4444444444444444,9,0.5555555555555556,0.4444444444444444,8.05,0.89,5,0.5555555555555556,5,5.63,1.13,3,0.6,4,2.41,0.6,2,0.5,5,1,4,12,5,7,3.39,0.28,0.4166666666666667,0.08333333333333333,0.3333333333333333,0.4166666666666667,0.5833333333333334,24,0.5106382978723404,6.49,0.14,47,6,0.4,3.29,0.22,15,401282098,2021,6
2426,Navy Midshipmen,17,0.2833333333333333,2,0.2,15,0.3,,,7,0.4117647058823529,9,0.225,40,0.125,0.875,-6.17,-0.15,3,0.075,5,3.28,0.66,2,0.4,35,-9.45,-0.27,7,0.2,8,0.125,0.875,-3.29,-0.41,2,0.25,1,-1.64,-1.64,0,0.0,7,-1.66,-0.24,2,0.2857142857142857,8,0,8,20,5,15,-3.0,-0.15,0.4,0.0,0.4,0.25,0.75,12,0.32432432432432434,-0.3,-0.01,37,5,0.21739130434782608,-8.86,-0.39,23,401301021,2021,6
2567,SMU Mustangs,31,0.4492753623188406,20,0.4878048780487805,11,0.39285714285714285,5,0.35714285714285715,3,0.2727272727272727,26,0.4642857142857143,56,0.5535714285714286,0.44642857142857145,1.34,0.02,17,0.30357142857142855,31,3.85,0.12,17,0.5483870967741935,25,-2.51,-0.1,9,0.36,17,0.7647058823529411,0.23529411764705882,3.92,0.23,8,0.47058823529411764,13,0.76,0.06,5,0.38461538461538464,4,3.16,0.79,3,0.75,5,3,2,13,10,3,7.64,0.59,0.38461538461538464,0.23076923076923078,0.15384615384615385,0.7692307692307693,0.23076923076923078,22,0.43137254901960786,7.06,0.14,51,9,0.5,1.92,0.11,18,401301021,2021,6
2633,Tennessee Volunteers,40,0.5555555555555556,14,0.4827586206896552,26,0.6046511627906976,8,0.7272727272727273,12,0.7058823529411765,28,0.509090909090909,55,0.41818181818181815,0.5818181818181818,10.85,0.2,10,0.18181818181818182,23,3.61,0.16,11,0.4782608695652174,32,7.23,0.23,17,0.53125,16,0.4375,0.5625,0.79,0.05,8,0.5,7,-1.44,-0.21,3,0.42857142857142855,9,2.23,0.25,5,0.5555555555555556,12,3,9,17,6,11,11.93,0.7,0.7058823529411765,0.17647058823529413,0.5294117647058824,0.35294117647058826,0.6470588235294118,31,0.5535714285714286,14.5,0.26,56,9,0.5625,8.28,0.52,16,401282102,2021,6
2579,South Carolina Gamecocks,34,0.4533333333333333,17,0.4473684210526316,17,0.4594594594594595,6,0.5454545454545454,7,0.4375,25,0.45454545454545453,55,0.4909090909090909,0.509090909090909,-12.35,-0.22,12,0.21818181818181817,27,-9.05,-0.34,13,0.48148148148148145,28,-3.31,-0.12,12,0.42857142857142855,7,0.5714285714285714,0.42857142857142855,3.27,0.47,3,0.42857142857142855,4,2.48,0.62,2,0.5,3,0.79,0.26,1,0.3333333333333333,9,4,5,20,11,9,14.38,0.72,0.45,0.2,0.25,0.55,0.45,27,0.5294117647058824,2.54,0.05,51,7,0.2916666666666667,-0.52,-0.02,24,401282102,2021,6
164,Rutgers Scarlet Knights,31,0.4025974025974026,21,0.4666666666666667,10,0.3125,2,0.16666666666666666,7,0.4375,24,0.4067796610169492,59,0.576271186440678,0.423728813559322,-8.42,-0.14,13,0.22033898305084745,34,-6.79,-0.2,16,0.47058823529411764,25,-1.64,-0.07,8,0.32,4,0.25,0.75,-1.13,-0.28,2,0.5,1,1.19,1.19,1,1.0,3,-2.32,-0.77,1,0.3333333333333333,7,5,2,18,11,7,-3.16,-0.18,0.3888888888888889,0.2777777777777778,0.1111111111111111,0.6111111111111112,0.3888888888888889,18,0.4090909090909091,-10.13,-0.23,44,13,0.3939393939393939,-1.45,-0.04,33,401282788,2021,6
127,Michigan State Spartans,27,0.42857142857142855,11,0.4230769230769231,16,0.43243243243243246,1,0.3333333333333333,5,0.38461538461538464,22,0.4489795918367347,49,0.3673469387755102,0.6326530612244898,17.54,0.36,13,0.2653061224489796,18,8.73,0.48,7,0.3888888888888889,31,8.81,0.28,15,0.4838709677419355,12,0.5833333333333334,0.4166666666666667,1.64,0.14,6,0.5,7,1.03,0.15,3,0.42857142857142855,5,0.61,0.12,3,0.6,5,4,1,14,8,6,-5.82,-0.42,0.35714285714285715,0.2857142857142857,0.07142857142857142,0.5714285714285714,0.42857142857142855,19,0.4523809523809524,11.36,0.27,42,8,0.38095238095238093,0.36,0.02,21,401282788,2021,6
277,West Virginia Mountaineers,29,0.38666666666666666,16,0.37209302325581395,13,0.40625,2,0.2222222222222222,3,0.2,26,0.43333333333333335,60,0.55,0.45,7.8,0.13,15,0.25,33,6.02,0.18,15,0.45454545454545453,27,1.78,0.07,11,0.4074074074074074,7,0.42857142857142855,0.5714285714285714,-1.7,-0.24,3,0.42857142857142855,3,-0.12,-0.04,2,0.6666666666666666,4,-1.58,-0.4,1,0.25,3,1,2,15,10,5,-13.17,-0.88,0.2,0.06666666666666667,0.13333333333333333,0.6666666666666666,0.3333333333333333,25,0.4807692307692308,6.21,0.12,52,4,0.17391304347826086,-11.57,-0.5,23,401287917,2021,6
239,Baylor Bears,32,0.5079365079365079,17,0.5483870967741935,15,0.46875,5,0.8333333333333334,3,0.2727272727272727,27,0.54,50,0.5,0.5,17.81,0.36,12,0.24,25,19.15,0.77,15,0.6,25,-1.34,-0.05,12,0.48,3,0.3333333333333333,0.6666666666666666,-1.6,-0.53,0,0.0,1,-0.2,-0.2,0,0.0,2,-1.4,-0.7,0,0.0,5,2,3,13,6,7,1.71,0.13,0.38461538461538464,0.15384615384615385,0.23076923076923078,0.46153846153846156,0.5384615384615384,23,0.5476190476190477,15.43,0.37,42,9,0.42857142857142855,4.09,0.19,21,401287917,2021,6
2459,Northern Illinois Huskies,29,0.3717948717948718,12,0.48,17,0.32075471698113206,4,0.3076923076923077,8,0.4444444444444444,19,0.3275862068965517,58,0.27586206896551724,0.7241379310344828,-9.6,-0.17,9,0.15517241379310345,16,-3.8,-0.24,9,0.5625,42,-5.8,-0.14,10,0.23809523809523808,9,0.3333333333333333,0.6666666666666666,3.35,0.37,4,0.4444444444444444,3,0.79,0.26,2,0.6666666666666666,6,2.56,0.43,2,0.3333333333333333,10,3,7,20,9,11,9.36,0.47,0.5,0.15,0.35,0.45,0.55,19,0.3877551020408163,0.2,0.0,49,10,0.3448275862068966,-0.44,-0.02,29,401309564,2021,6
2649,Toledo Rockets,21,0.40384615384615385,11,0.36666666666666664,10,0.45454545454545453,1,1.0,3,0.3,18,0.46153846153846156,39,0.48717948717948717,0.5128205128205128,12.97,0.33,8,0.20512820512820512,19,10.51,0.55,9,0.47368421052631576,20,2.46,0.12,9,0.45,10,0.6,0.4,1.63,0.16,4,0.4,6,3.03,0.51,2,0.3333333333333333,4,-1.4,-0.35,2,0.5,3,2,1,13,11,2,-16.07,-1.24,0.23076923076923078,0.15384615384615385,0.07692307692307693,0.8461538461538461,0.15384615384615385,14,0.4375,0.93,0.03,32,7,0.35,-4.03,-0.2,20,401309564,2021,6
59,Georgia Tech Yellow Jackets,26,0.40625,9,0.34615384615384615,17,0.4473684210526316,3,0.5,4,0.3076923076923077,22,0.43137254901960786,51,0.29411764705882354,0.7058823529411765,-0.13,-0.0,11,0.21568627450980393,15,1.93,0.13,5,0.3333333333333333,36,-2.07,-0.06,17,0.4722222222222222,8,0.25,0.75,-5.83,-0.73,2,0.25,2,-5.54,-2.77,0,0.0,6,-0.29,-0.05,2,0.3333333333333333,4,4,0,13,11,2,1.96,0.15,0.3076923076923077,0.3076923076923077,0.0,0.8461538461538461,0.15384615384615385,18,0.43902439024390244,0.32,0.01,41,8,0.34782608695652173,1.51,0.07,23,401282652,2021,6
150,Duke Blue Devils,43,0.4725274725274725,17,0.5666666666666667,26,0.4262295081967213,8,0.36363636363636365,10,0.47619047619047616,31,0.4626865671641791,67,0.29850746268656714,0.7014925373134329,3.23,0.05,14,0.208955223880597,20,10.98,0.55,11,0.55,47,-7.75,-0.16,20,0.425531914893617,9,0.3333333333333333,0.6666666666666666,2.67,0.3,4,0.4444444444444444,3,5.05,1.68,3,1.0,6,-2.37,-0.4,1,0.16666666666666666,12,6,6,24,10,14,5.51,0.23,0.5,0.25,0.25,0.4166666666666667,0.5833333333333334,32,0.5,3.08,0.05,64,11,0.4074074074074074,5.66,0.21,27,401282652,2021,6
295,Old Dominion Monarchs,40,0.36363636363636365,15,0.36585365853658536,25,0.36231884057971014,0,0.0,11,0.4782608695652174,29,0.3372093023255814,86,0.3488372093023256,0.6511627906976745,-11.96,-0.14,21,0.2441860465116279,30,1.67,0.06,13,0.43333333333333335,56,-13.63,-0.24,16,0.2857142857142857,14,0.42857142857142855,0.5714285714285714,-11.21,-0.8,0,0.0,6,-6.62,-1.1,0,0.0,8,-4.59,-0.57,0,0.0,11,2,9,24,11,13,-0.22,-0.01,0.4583333333333333,0.08333333333333333,0.375,0.4583333333333333,0.5416666666666666,25,0.36231884057971014,-4.65,-0.07,69,15,0.36585365853658536,-7.53,-0.18,41,401282226,2021,6
276,Marshall Thundering Herd,42,0.3387096774193548,24,0.3076923076923077,18,0.391304347826087,3,0.15789473684210525,7,0.25,34,0.3655913978494624,93,0.6129032258064516,0.3870967741935484,-26.82,-0.29,23,0.24731182795698925,57,-17.17,-0.3,18,0.3157894736842105,36,-9.65,-0.27,16,0.4444444444444444,33,0.6363636363636364,0.36363636363636365,-15.82,-0.48,8,0.24242424242424243,21,-7.02,-0.33,6,0.2857142857142857,12,-8.8,-0.73,2,0.16666666666666666,8,6,2,31,21,10,-15.54,-0.5,0.25806451612903225,0.1935483870967742,0.06451612903225806,0.6774193548387096,0.3225806451612903,33,0.39285714285714285,-26.55,-0.32,84,9,0.225,-15.81,-0.4,40,401282226,2021,6
97,Louisville Cardinals,24,0.4,14,0.5185185185185185,10,0.30303030303030304,2,0.25,4,0.3333333333333333,20,0.4166666666666667,48,0.3958333333333333,0.6041666666666666,16.12,0.34,12,0.25,19,13.71,0.72,10,0.5263157894736842,29,2.41,0.08,10,0.3448275862068966,12,0.6666666666666666,0.3333333333333333,8.34,0.69,7,0.5833333333333334,8,4.47,0.56,5,0.625,4,3.87,0.97,2,0.5,4,4,0,12,8,4,-6.6,-0.55,0.3333333333333333,0.3333333333333333,0.0,0.6666666666666666,0.3333333333333333,16,0.4,11.12,0.28,40,8,0.4,-1.6,-0.08,20,401282653,2021,6
258,Virginia Cavaliers,39,0.47560975609756095,30,0.47619047619047616,9,0.47368421052631576,8,0.5333333333333333,7,0.4375,30,0.46875,64,0.734375,0.265625,3.45,0.05,13,0.203125,47,2.01,0.04,21,0.44680851063829785,17,1.44,0.08,9,0.5294117647058824,8,0.75,0.25,-1.21,-0.15,3,0.375,6,0.08,0.01,3,0.5,2,-1.29,-0.64,0,0.0,9,9,0,18,16,2,7.6,0.42,0.5,0.5,0.0,0.8888888888888888,0.1111111111111111,29,0.5178571428571429,12.36,0.22,56,10,0.38461538461538464,-1.31,-0.05,26,401282653,2021,6
2226,Florida Atlantic Owls,24,0.32432432432432434,16,0.36363636363636365,8,0.26666666666666666,5,0.625,9,0.5294117647058824,15,0.26785714285714285,56,0.4642857142857143,0.5357142857142857,-34.92,-0.62,7,0.125,26,-25.78,-0.99,7,0.2692307692307692,30,-9.14,-0.3,8,0.26666666666666666,19,0.6842105263157895,0.3157894736842105,-5.93,-0.31,9,0.47368421052631576,13,-6.81,-0.52,6,0.46153846153846156,6,0.88,0.15,3,0.5,9,9,0,18,18,0,8.42,0.47,0.5,0.5,0.0,1.0,0.0,12,0.2926829268292683,-18.0,-0.44,41,12,0.36363636363636365,-8.5,-0.26,33,401282225,2021,6
5,UAB Blazers,20,0.3448275862068966,9,0.36,11,0.3333333333333333,2,0.2857142857142857,6,0.42857142857142855,14,0.3181818181818182,44,0.36363636363636365,0.6363636363636364,-8.88,-0.2,8,0.18181818181818182,16,-1.9,-0.12,6,0.375,28,-6.99,-0.25,8,0.2857142857142857,,,,,,,,,,,,,,,,,,6,3,3,14,9,5,5.98,0.43,0.42857142857142855,0.21428571428571427,0.21428571428571427,0.6428571428571429,0.35714285714285715,13,0.3939393939393939,-3.51,-0.11,33,7,0.28,0.61,0.02,25,401282225,2021,6
2335,Liberty Flames,37,0.5211267605633803,12,0.375,25,0.6410256410256411,8,0.6666666666666666,6,0.5,31,0.5254237288135594,59,0.4067796610169492,0.5932203389830508,1.83,0.03,14,0.23728813559322035,24,-7.84,-0.33,9,0.375,35,9.66,0.28,22,0.6285714285714286,17,0.8235294117647058,0.17647058823529413,-6.26,-0.37,4,0.23529411764705882,14,-7.4,-0.53,2,0.14285714285714285,3,1.14,0.38,2,0.6666666666666666,6,3,3,12,8,4,0.38,0.03,0.5,0.25,0.25,0.6666666666666666,0.3333333333333333,30,0.5555555555555556,4.58,0.08,54,7,0.4117647058823529,-2.37,-0.14,17,401282229,2021,6
2393,Middle Tennessee Blue Raiders,24,0.3870967741935484,15,0.3488372093023256,8,0.4444444444444444,3,1.0,5,0.35714285714285715,18,0.4090909090909091,44,0.6363636363636364,0.36363636363636365,-5.18,-0.12,6,0.13636363636363635,28,-3.18,-0.11,10,0.35714285714285715,16,-2.01,-0.13,8,0.5,9,0.6666666666666666,0.2222222222222222,-1.39,-0.15,3,0.3333333333333333,6,-0.97,-0.16,2,0.3333333333333333,2,-1.71,-0.86,0,0.0,6,5,0,18,15,2,-3.68,-0.2,0.3333333333333333,0.2777777777777778,0.0,0.8333333333333334,0.1111111111111111,14,0.3888888888888889,-12.7,-0.35,36,10,0.38461538461538464,3.84,0.15,26,401282229,2021,6
52,Florida State Seminoles,29,0.5471698113207547,8,0.6153846153846154,21,0.525,7,0.7,7,0.7,22,0.5116279069767442,43,0.20930232558139536,0.7906976744186046,14.85,0.35,11,0.2558139534883721,9,9.89,1.1,5,0.5555555555555556,34,4.96,0.15,17,0.5,9,0.1111111111111111,0.8888888888888888,5.2,0.58,5,0.5555555555555556,1,4.49,4.49,1,1.0,8,0.71,0.09,4,0.5,7,3,4,10,4,6,10.58,1.06,0.7,0.3,0.4,0.4,0.6,24,0.5714285714285714,15.4,0.37,42,5,0.45454545454545453,10.03,0.91,11,401282654,2021,6
153,North Carolina Tar Heels,39,0.5735294117647058,17,0.5151515151515151,22,0.6285714285714286,3,0.375,8,0.5714285714285714,30,0.5769230769230769,52,0.5192307692307693,0.4807692307692308,10.78,0.21,15,0.28846153846153844,27,8.2,0.3,16,0.5925925925925926,25,2.58,0.1,14,0.56,10,0.6,0.4,4.72,0.47,8,0.8,6,2.14,0.36,5,0.8333333333333334,4,2.58,0.65,3,0.75,9,1,8,16,6,10,5.77,0.36,0.5625,0.0625,0.5,0.375,0.625,30,0.6382978723404256,17.79,0.38,47,9,0.42857142857142855,-1.25,-0.06,21,401282654,2021,6
356,Illinois Fighting Illini,7,0.14893617021276595,6,0.17142857142857143,1,0.08333333333333333,,,1,0.08333333333333333,5,0.16129032258064516,31,0.6451612903225806,0.3548387096774194,-11.27,-0.36,2,0.06451612903225806,20,-6.18,-0.31,4,0.2,11,-5.09,-0.46,1,0.09090909090909091,3,0.6666666666666666,0.3333333333333333,-0.51,-0.17,1,0.3333333333333333,2,-1.64,-0.82,0,0.0,1,1.14,1.14,1,1.0,2,2,0,16,15,1,-19.72,-1.23,0.125,0.125,0.0,0.9375,0.0625,5,0.2,-9.48,-0.38,25,2,0.09090909090909091,-21.52,-0.98,22,401282718,2021,6
275,Wisconsin Badgers,42,0.5384615384615384,7,0.3684210526315789,35,0.5932203389830508,4,0.5,7,0.5384615384615384,33,0.5238095238095238,63,0.19047619047619047,0.8095238095238095,8.38,0.13,19,0.30158730158730157,12,-2.17,-0.18,4,0.3333333333333333,51,10.55,0.21,29,0.5686274509803921,16,0.4375,0.5625,3.99,0.25,8,0.5,7,3.96,0.57,4,0.5714285714285714,9,0.03,0.0,4,0.4444444444444444,9,3,6,15,7,8,8.72,0.58,0.6,0.2,0.4,0.4666666666666667,0.5333333333333333,34,0.5666666666666667,13.54,0.23,60,8,0.4444444444444444,3.56,0.2,18,401282718,2021,6
41,UConn Huskies,20,0.36363636363636365,8,0.3076923076923077,12,0.41379310344827586,1,0.2,1,0.09090909090909091,19,0.4418604651162791,43,0.3953488372093023,0.6046511627906976,1.73,0.04,11,0.2558139534883721,17,-2.41,-0.14,8,0.47058823529411764,26,4.14,0.16,11,0.4230769230769231,3,0.6666666666666666,0.3333333333333333,-3.65,-1.22,0,0.0,2,-2.61,-1.31,0,0.0,1,-1.04,-1.04,0,0.0,1,0,1,12,9,3,-15.84,-1.32,0.08333333333333333,0.0,0.08333333333333333,0.75,0.25,14,0.4117647058823529,-2.02,-0.06,34,6,0.2857142857142857,-12.09,-0.58,21,401286191,2021,6
113,Massachusetts Minutemen,35,0.4430379746835443,8,0.34782608695652173,27,0.48214285714285715,8,0.4444444444444444,7,0.3888888888888889,27,0.4576271186440678,59,0.2711864406779661,0.7288135593220338,8.33,0.14,14,0.23728813559322035,16,4.2,0.26,6,0.375,43,4.13,0.1,21,0.4883720930232558,14,0.35714285714285715,0.6428571428571429,3.86,0.28,6,0.42857142857142855,5,2.39,0.48,2,0.4,9,1.47,0.16,4,0.4444444444444444,8,2,6,20,7,13,-4.39,-0.22,0.4,0.1,0.3,0.35,0.65,26,0.4406779661016949,-3.13,-0.05,59,9,0.45,7.07,0.35,20,401286191,2021,6
193,Miami (OH) RedHawks,25,0.36764705882352944,16,0.38095238095238093,9,0.34615384615384615,0,0.0,6,0.375,19,0.37254901960784315,51,0.49019607843137253,0.5098039215686274,0.81,0.02,12,0.23529411764705882,25,5.06,0.2,10,0.4,26,-4.25,-0.16,9,0.34615384615384615,5,0.6,0.4,-2.23,-0.45,2,0.4,3,-1.6,-0.53,1,0.3333333333333333,2,-0.63,-0.32,1,0.5,6,6,0,17,17,0,-2.57,-0.15,0.35294117647058826,0.35294117647058826,0.0,1.0,0.0,14,0.4,4.2,0.12,35,11,0.3333333333333333,-5.97,-0.18,33,401308836,2021,6
2199,Eastern Michigan Eagles,23,0.359375,14,0.3783783783783784,9,0.3333333333333333,1,0.2,5,0.3125,18,0.375,48,0.5416666666666666,0.4583333333333333,-12.7,-0.26,9,0.1875,26,-8.96,-0.34,10,0.38461538461538464,22,-3.73,-0.17,8,0.36363636363636365,13,0.6923076923076923,0.3076923076923077,0.52,0.04,5,0.38461538461538464,9,-0.55,-0.06,3,0.3333333333333333,4,1.08,0.27,2,0.5,5,4,1,16,11,5,-0.29,-0.02,0.3125,0.25,0.0625,0.6875,0.3125,14,0.3888888888888889,-13.83,-0.38,36,9,0.32142857142857145,0.84,0.03,28,401308836,2021,6
2711,Western Michigan Broncos,37,0.4457831325301205,19,0.48717948717948717,18,0.4186046511627907,6,0.35294117647058826,8,0.5333333333333333,28,0.4307692307692308,65,0.46153846153846156,0.5384615384615384,-10.25,-0.16,14,0.2153846153846154,30,-5.31,-0.18,15,0.5,35,-4.93,-0.14,13,0.37142857142857144,16,0.5625,0.4375,-1.44,-0.09,7,0.4375,9,1.17,0.13,5,0.5555555555555556,7,-2.61,-0.37,2,0.2857142857142857,9,4,5,18,9,8,1.2,0.07,0.5,0.2222222222222222,0.2777777777777778,0.5,0.4444444444444444,30,0.4838709677419355,-4.42,-0.07,62,7,0.3333333333333333,-4.63,-0.22,21,401309563,2021,6
2050,Ball State Cardinals,21,0.3888888888888889,13,0.48148148148148145,8,0.2962962962962963,2,0.2857142857142857,4,0.4,17,0.38636363636363635,44,0.5227272727272727,0.4772727272727273,17.41,0.4,10,0.22727272727272727,23,24.78,1.08,13,0.5652173913043478,21,-7.37,-0.35,4,0.19047619047619047,8,0.625,0.375,-1.44,-0.18,2,0.25,5,0.81,0.16,2,0.4,3,-2.25,-0.75,0,0.0,4,0,4,10,4,6,-3.31,-0.33,0.4,0.0,0.4,0.4,0.6,11,0.3548387096774194,6.56,0.21,31,10,0.43478260869565216,7.54,0.33,23,401309563,2021,6
195,Ohio Bobcats,32,0.5,10,0.45454545454545453,22,0.5238095238095238,6,0.6,5,0.35714285714285715,24,0.5106382978723404,47,0.2553191489361702,0.7446808510638298,1.95,0.04,11,0.23404255319148937,12,4.04,0.34,6,0.5,35,-2.1,-0.06,18,0.5142857142857142,8,0.125,0.875,3.16,0.39,5,0.625,1,-0.44,-0.44,0,0.0,7,3.59,0.51,5,0.7142857142857143,8,4,4,17,10,7,8.85,0.52,0.47058823529411764,0.23529411764705882,0.23529411764705882,0.5882352941176471,0.4117647058823529,24,0.5333333333333333,11.04,0.25,45,8,0.42105263157894735,-0.23,-0.01,19,401309567,2021,6
2117,Central Michigan Chippewas,31,0.4492753623188406,13,0.43333333333333335,18,0.46153846153846156,4,0.3076923076923077,5,0.4166666666666667,26,0.45614035087719296,57,0.43859649122807015,0.5614035087719298,12.67,0.22,16,0.2807017543859649,25,10.6,0.42,13,0.52,32,2.07,0.06,13,0.40625,15,0.6666666666666666,0.3333333333333333,-3.23,-0.22,5,0.3333333333333333,10,-1.72,-0.17,4,0.4,5,-1.51,-0.3,1,0.2,5,0,5,12,5,7,0.23,0.02,0.4166666666666667,0.0,0.4166666666666667,0.4166666666666667,0.5833333333333334,25,0.5102040816326531,14.05,0.29,49,6,0.3,-1.16,-0.06,20,401309567,2021,6
23,San José State Spartans,25,0.5102040816326531,10,0.45454545454545453,15,0.5555555555555556,1,1.0,5,0.45454545454545453,19,0.5135135135135135,37,0.43243243243243246,0.5675675675675675,6.18,0.17,6,0.16216216216216217,16,9.57,0.6,9,0.5625,21,-3.39,-0.16,10,0.47619047619047616,8,0.5,0.5,3.83,0.48,4,0.5,4,1.83,0.46,2,0.5,4,2.0,0.5,2,0.5,6,1,5,12,6,6,0.49,0.04,0.5,0.08333333333333333,0.4166666666666667,0.5,0.5,20,0.5405405405405406,11.36,0.31,37,5,0.4166666666666667,-4.69,-0.39,12,401310715,2021,6
36,Colorado State Rams,34,0.4722222222222222,12,0.5217391304347826,22,0.4489795918367347,5,0.3333333333333333,7,0.4375,26,0.4727272727272727,55,0.2,0.8,-0.24,-0.0,12,0.21818181818181817,11,3.04,0.28,6,0.5454545454545454,44,-3.29,-0.07,20,0.45454545454545453,12,0.4166666666666667,0.5833333333333334,1.93,0.16,6,0.5,5,1.56,0.31,2,0.4,7,0.37,0.05,4,0.5714285714285714,8,6,2,17,12,5,4.86,0.29,0.47058823529411764,0.35294117647058826,0.11764705882352941,0.7058823529411765,0.29411764705882354,26,0.5,3.0,0.06,52,8,0.4,1.63,0.08,20,401310715,2021,6
204,Oregon State Beavers,37,0.5285714285714286,11,0.4074074074074074,26,0.6046511627906976,5,0.4166666666666667,6,0.5,31,0.5636363636363636,55,0.34545454545454546,0.6545454545454545,14.4,0.26,17,0.3090909090909091,19,0.71,0.04,10,0.5263157894736842,36,13.69,0.38,21,0.5833333333333334,13,0.46153846153846156,0.5384615384615384,-6.38,-0.49,6,0.46153846153846156,6,-5.16,-0.86,3,0.5,7,-1.22,-0.17,3,0.42857142857142855,6,1,5,15,8,7,-7.87,-0.52,0.4,0.06666666666666667,0.3333333333333333,0.5333333333333333,0.4666666666666667,28,0.5957446808510638,11.7,0.25,47,9,0.391304347826087,-5.17,-0.22,23,401309869,2021,6
265,Washington State Cougars,34,0.4927536231884058,23,0.48936170212765956,11,0.5,8,0.4,10,0.625,23,0.45098039215686275,51,0.7058823529411765,0.29411764705882354,6.56,0.13,12,0.23529411764705882,36,5.36,0.15,16,0.4444444444444444,15,1.2,0.08,7,0.4666666666666667,13,0.9230769230769231,0.07692307692307693,-2.06,-0.16,6,0.46153846153846156,12,-2.91,-0.24,5,0.4166666666666667,1,0.85,0.85,1,1.0,11,7,4,18,11,7,15.74,0.87,0.6111111111111112,0.3888888888888889,0.2222222222222222,0.6111111111111112,0.3888888888888889,25,0.5,9.17,0.18,50,9,0.47368421052631576,13.13,0.69,19,401309869,2021,6
151,East Carolina Pirates,27,0.391304347826087,12,0.35294117647058826,15,0.42857142857142855,2,0.18181818181818182,4,0.2857142857142857,22,0.4074074074074074,54,0.42592592592592593,0.5740740740740741,-8.72,-0.16,11,0.2037037037037037,23,-2.87,-0.12,9,0.391304347826087,31,-5.85,-0.19,13,0.41935483870967744,11,0.45454545454545453,0.5454545454545454,-4.76,-0.43,4,0.36363636363636365,5,-4.0,-0.8,1,0.2,6,-0.76,-0.13,3,0.5,5,3,2,15,11,4,0.41,0.03,0.3333333333333333,0.2,0.13333333333333333,0.7333333333333333,0.26666666666666666,20,0.43478260869565216,-8.97,-0.2,46,7,0.30434782608695654,0.66,0.03,23,401301019,2021,6
2116,UCF Knights,25,0.38461538461538464,13,0.3611111111111111,12,0.41379310344827586,4,0.5,5,0.3333333333333333,19,0.3877551020408163,49,0.4897959183673469,0.5102040816326531,3.43,0.07,10,0.20408163265306123,24,2.46,0.1,10,0.4166666666666667,25,0.97,0.04,9,0.36,5,0.8,0.2,-5.98,-1.2,0,0.0,4,-5.43,-1.36,0,0.0,1,-0.55,-0.55,0,0.0,6,3,3,16,12,4,-6.26,-0.39,0.375,0.1875,0.1875,0.75,0.25,19,0.4318181818181818,1.47,0.03,44,6,0.2857142857142857,-4.31,-0.21,21,401301019,2021,6
2638,UTEP Miners,16,0.32653061224489793,6,0.35294117647058826,10,0.3125,2,0.2857142857142857,3,0.2727272727272727,13,0.34210526315789475,38,0.2631578947368421,0.7368421052631579,5.35,0.14,8,0.21052631578947367,10,1.33,0.13,5,0.5,28,4.02,0.14,8,0.2857142857142857,7,0.42857142857142855,0.5714285714285714,-2.51,-0.36,1,0.14285714285714285,3,-4.63,-1.54,0,0.0,4,2.13,0.53,1,0.25,3,1,2,11,7,4,-3.3,-0.3,0.2727272727272727,0.09090909090909091,0.18181818181818182,0.6363636363636364,0.36363636363636365,13,0.38235294117647056,6.04,0.18,34,3,0.2,-3.99,-0.27,15,401282227,2021,6
2572,Southern Miss Golden Eagles,21,0.3387096774193548,15,0.4411764705882353,5,0.19230769230769232,4,0.3333333333333333,5,0.38461538461538464,16,0.3333333333333333,48,0.5416666666666666,0.4583333333333333,-8.15,-0.17,10,0.20833333333333334,26,2.72,0.1,11,0.4230769230769231,22,-10.87,-0.49,5,0.22727272727272727,17,0.47058823529411764,0.47058823529411764,-9.58,-0.56,7,0.4117647058823529,8,4.63,0.58,4,0.5,8,-5.67,-0.71,3,0.375,5,4,0,14,8,4,-12.55,-0.9,0.35714285714285715,0.2857142857142857,0.0,0.5714285714285714,0.2857142857142857,14,0.34146341463414637,-14.46,-0.35,41,7,0.3333333333333333,-6.24,-0.3,21,401282227,2021,6
2636,UTSA Roadrunners,44,0.5945945945945946,24,0.6153846153846154,20,0.5714285714285714,5,0.5,4,0.36363636363636365,37,0.6166666666666667,60,0.5166666666666667,0.48333333333333334,21.11,0.35,18,0.3,31,17.79,0.57,21,0.6774193548387096,29,3.33,0.11,16,0.5517241379310345,8,0.875,0.125,8.32,1.04,6,0.75,7,5.92,0.85,5,0.7142857142857143,1,2.4,2.4,1,1.0,7,3,4,14,8,6,7.19,0.51,0.5,0.21428571428571427,0.2857142857142857,0.5714285714285714,0.42857142857142855,38,0.6551724137931034,23.94,0.41,58,6,0.375,4.36,0.27,16,401282228,2021,6
98,Western Kentucky Hilltoppers,53,0.5955056179775281,34,0.5573770491803278,19,0.6785714285714286,5,0.35714285714285715,10,0.625,43,0.5972222222222222,72,0.6805555555555556,0.3194444444444444,33.12,0.46,22,0.3055555555555556,49,26.24,0.54,27,0.5510204081632653,23,6.88,0.3,16,0.6956521739130435,13,0.8461538461538461,0.15384615384615385,2.12,0.16,6,0.46153846153846156,11,2.39,0.22,5,0.45454545454545453,2,-0.27,-0.14,1,0.5,10,7,3,17,12,5,-0.89,-0.05,0.5882352941176471,0.4117647058823529,0.17647058823529413,0.7058823529411765,0.29411764705882354,41,0.5942028985507246,22.15,0.32,69,12,0.6,10.08,0.5,20,401282228,2021,6
2641,Texas Tech Red Raiders,43,0.5512820512820513,19,0.4523809523809524,24,0.6666666666666666,7,0.4666666666666667,4,0.3076923076923077,36,0.6101694915254238,59,0.4745762711864407,0.5254237288135594,27.42,0.46,17,0.288135593220339,28,14.54,0.52,15,0.5357142857142857,31,12.88,0.42,21,0.6774193548387096,10,0.5,0.5,-3.16,-0.32,5,0.5,5,-5.54,-1.11,1,0.2,5,2.37,0.47,4,0.8,7,4,3,19,14,5,-3.5,-0.18,0.3684210526315789,0.21052631578947367,0.15789473684210525,0.7368421052631579,0.2631578947368421,35,0.603448275862069,22.57,0.39,58,8,0.4,1.35,0.07,20,401287919,2021,6
2628,TCU Horned Frogs,28,0.49122807017543857,6,0.6,22,0.46808510638297873,7,0.5384615384615384,10,0.7142857142857143,17,0.40476190476190477,42,0.11904761904761904,0.8809523809523809,11.14,0.27,8,0.19047619047619047,5,1.83,0.37,2,0.4,37,9.3,0.25,15,0.40540540540540543,11,0.36363636363636365,0.6363636363636364,3.79,0.34,5,0.45454545454545453,4,1.38,0.34,2,0.5,7,2.42,0.35,3,0.42857142857142855,11,4,7,15,5,10,14.96,1.0,0.7333333333333333,0.26666666666666666,0.4666666666666667,0.3333333333333333,0.6666666666666666,22,0.5116279069767442,21.27,0.49,43,6,0.42857142857142855,4.83,0.34,14,401287919,2021,6
2309,Kent State Golden Flashes,41,0.5256410256410257,19,0.5428571428571428,22,0.5116279069767442,9,0.5294117647058824,5,0.4166666666666667,35,0.5384615384615384,65,0.4307692307692308,0.5692307692307692,21.0,0.32,23,0.35384615384615387,28,18.39,0.66,17,0.6071428571428571,37,2.61,0.07,18,0.4864864864864865,15,0.6666666666666666,0.3333333333333333,-0.04,-0.0,7,0.4666666666666667,10,-3.74,-0.37,3,0.3,5,3.69,0.74,4,0.8,6,2,4,13,7,6,8.85,0.68,0.46153846153846156,0.15384615384615385,0.3076923076923077,0.5384615384615384,0.46153846153846156,31,0.543859649122807,16.76,0.29,57,10,0.47619047619047616,13.08,0.62,21,401309565,2021,6
2084,Buffalo Bulls,41,0.41836734693877553,17,0.3541666666666667,24,0.48,8,0.5333333333333333,7,0.4117647058823529,30,0.4,75,0.4266666666666667,0.5733333333333334,11.06,0.15,19,0.25333333333333335,32,-6.18,-0.19,9,0.28125,43,17.24,0.4,21,0.4883720930232558,10,0.4,0.6,11.92,1.19,6,0.6,4,-0.73,-0.18,1,0.25,6,12.66,2.11,5,0.8333333333333334,11,8,3,23,16,7,5.92,0.26,0.4782608695652174,0.34782608695652173,0.13043478260869565,0.6956521739130435,0.30434782608695654,27,0.43548387096774194,12.15,0.2,62,14,0.3888888888888889,4.84,0.13,36,401309565,2021,6
2653,Troy Trojans,26,0.4126984126984127,19,0.475,7,0.30434782608695654,1,0.14285714285714285,2,0.18181818181818182,24,0.48,50,0.58,0.42,7.23,0.14,13,0.26,29,9.51,0.33,17,0.5862068965517241,21,-2.28,-0.11,7,0.3333333333333333,9,0.5555555555555556,0.4444444444444444,-2.07,-0.23,4,0.4444444444444444,5,-0.41,-0.08,3,0.6,4,-1.67,-0.42,1,0.25,2,2,0,13,11,2,-14.55,-1.12,0.15384615384615385,0.15384615384615385,0.0,0.8461538461538461,0.15384615384615385,22,0.5,4.21,0.1,44,4,0.21052631578947367,-11.54,-0.61,19,401309617,2021,6
290,Georgia Southern Eagles,21,0.328125,11,0.34375,10,0.3125,4,0.4444444444444444,3,0.21428571428571427,17,0.3469387755102041,49,0.4489795918367347,0.5510204081632653,-5.95,-0.12,9,0.1836734693877551,22,-1.42,-0.06,9,0.4090909090909091,27,-4.53,-0.17,8,0.2962962962962963,9,0.6666666666666666,0.3333333333333333,-7.1,-0.79,1,0.1111111111111111,6,-4.3,-0.72,1,0.16666666666666666,3,-2.8,-0.93,0,0.0,4,2,2,15,10,5,-6.33,-0.42,0.26666666666666666,0.13333333333333333,0.13333333333333333,0.6666666666666666,0.3333333333333333,16,0.37209302325581395,-3.91,-0.09,43,5,0.23809523809523808,-8.37,-0.4,21,401309617,2021,6
2005,Air Force Falcons,30,0.4166666666666667,7,0.6363636363636364,23,0.3770491803278688,9,0.5625,7,0.4375,20,0.37735849056603776,53,0.16981132075471697,0.8301886792452831,0.69,0.01,8,0.1509433962264151,9,5.67,0.63,5,0.5555555555555556,44,-4.99,-0.11,15,0.3409090909090909,5,0.2,0.8,-1.44,-0.29,2,0.4,1,-0.96,-0.96,0,0.0,4,-0.49,-0.12,2,0.5,10,2,8,19,2,17,7.53,0.4,0.5263157894736842,0.10526315789473684,0.42105263157894735,0.10526315789473684,0.8947368421052632,23,0.42592592592592593,4.48,0.08,54,7,0.3888888888888889,3.74,0.21,18,401310714,2021,6
2751,Wyoming Cowboys,20,0.37037037037037035,11,0.3548387096774194,9,0.391304347826087,4,0.8,4,0.3333333333333333,15,0.375,40,0.5,0.5,0.92,0.02,10,0.25,20,2.74,0.14,8,0.4,20,-1.81,-0.09,7,0.35,18,0.6111111111111112,0.3888888888888889,9.45,0.52,10,0.5555555555555556,11,7.38,0.67,6,0.5454545454545454,7,2.07,0.3,4,0.5714285714285714,5,3,2,14,11,3,-3.35,-0.24,0.35714285714285715,0.21428571428571427,0.14285714285714285,0.7857142857142857,0.21428571428571427,14,0.4827586206896552,8.39,0.29,29,6,0.24,-10.82,-0.43,25,401310714,2021,6
2247,Georgia State Panthers,51,0.5862068965517241,19,0.6551724137931034,32,0.5517241379310345,12,0.75,9,0.6923076923076923,42,0.5675675675675675,74,0.32432432432432434,0.6756756756756757,18.63,0.25,22,0.2972972972972973,24,11.47,0.48,16,0.6666666666666666,50,7.16,0.14,26,0.52,16,0.3125,0.6875,7.64,0.48,10,0.625,5,2.7,0.54,4,0.8,11,4.94,0.45,6,0.5454545454545454,9,3,6,13,5,8,9.72,0.75,0.6923076923076923,0.23076923076923078,0.46153846153846156,0.38461538461538464,0.6153846153846154,44,0.6567164179104478,23.77,0.35,67,7,0.35,4.59,0.23,20,401309618,2021,6
2433,UL Monroe Warhawks,30,0.4411764705882353,16,0.45714285714285713,14,0.42424242424242425,4,0.4444444444444444,5,0.35714285714285715,22,0.44,50,0.46,0.54,2.0,0.04,9,0.18,23,3.58,0.16,11,0.4782608695652174,27,-1.58,-0.06,11,0.4074074074074074,9,0.4444444444444444,0.5555555555555556,1.38,0.15,6,0.6666666666666666,4,-1.23,-0.31,2,0.5,5,2.61,0.52,4,0.8,8,5,3,18,12,6,7.38,0.41,0.4444444444444444,0.2777777777777778,0.16666666666666666,0.6666666666666666,0.3333333333333333,22,0.4489795918367347,-2.3,-0.05,49,8,0.42105263157894735,11.68,0.61,19,401309618,2021,6
254,Utah Utes,32,0.5517241379310345,19,0.6785714285714286,13,0.43333333333333335,8,0.8888888888888888,6,0.5454545454545454,25,0.5434782608695652,46,0.43478260869565216,0.5652173913043478,15.31,0.33,12,0.2608695652173913,20,13.07,0.65,15,0.75,26,2.25,0.09,10,0.38461538461538464,13,0.6923076923076923,0.3076923076923077,15.43,1.19,10,0.7692307692307693,9,12.03,1.34,8,0.8888888888888888,4,3.4,0.85,2,0.5,7,4,3,12,8,4,10.9,0.91,0.5833333333333334,0.3333333333333333,0.25,0.6666666666666666,0.3333333333333333,23,0.6052631578947368,20.36,0.54,38,9,0.45,5.85,0.29,20,401309871,2021,6
30,USC Trojans,37,0.47435897435897434,26,0.4727272727272727,11,0.4782608695652174,4,0.4,5,0.35714285714285715,31,0.5,62,0.6451612903225806,0.3548387096774194,16.49,0.27,19,0.3064516129032258,40,16.48,0.41,21,0.525,22,0.01,0.0,10,0.45454545454545453,10,0.7,0.3,0.45,0.05,4,0.4,7,1.14,0.16,3,0.42857142857142855,3,-0.68,-0.23,1,0.3333333333333333,6,5,1,16,15,1,-2.3,-0.14,0.375,0.3125,0.0625,0.9375,0.0625,28,0.56,20.7,0.41,50,9,0.32142857142857145,-6.5,-0.23,28,401309871,2021,6
202,Tulsa Golden Hurricane,35,0.5223880597014925,9,0.42857142857142855,26,0.5652173913043478,6,0.6,6,0.42857142857142855,29,0.5576923076923077,52,0.28846153846153844,0.7115384615384616,21.67,0.42,9,0.17307692307692307,15,10.78,0.72,8,0.5333333333333333,37,10.89,0.29,21,0.5675675675675675,8,0.75,0.25,4.79,0.6,4,0.5,6,5.16,0.86,3,0.5,2,-0.36,-0.18,1,0.5,6,1,5,15,6,9,-9.63,-0.64,0.4,0.06666666666666667,0.3333333333333333,0.4,0.6,30,0.5357142857142857,6.62,0.12,56,5,0.45454545454545453,5.42,0.49,11,401301020,2021,6
235,Memphis Tigers,45,0.45454545454545453,26,0.43333333333333335,19,0.48717948717948717,4,0.4444444444444444,10,0.5555555555555556,32,0.4155844155844156,77,0.5714285714285714,0.42857142857142855,0.91,0.01,18,0.23376623376623376,44,0.25,0.01,17,0.38636363636363635,33,0.66,0.02,15,0.45454545454545453,21,0.5714285714285714,0.42857142857142855,7.58,0.36,11,0.5238095238095238,12,4.35,0.36,6,0.5,9,3.23,0.36,5,0.5555555555555556,13,9,4,22,16,6,15.24,0.69,0.5909090909090909,0.4090909090909091,0.18181818181818182,0.7272727272727273,0.2727272727272727,29,0.43283582089552236,-2.22,-0.03,67,16,0.5,18.37,0.57,32,401301020,2021,6
21,San Diego State Aztecs,23,0.35384615384615387,8,0.34782608695652173,15,0.36585365853658536,8,0.6666666666666666,3,0.2727272727272727,19,0.36538461538461536,52,0.3269230769230769,0.6538461538461539,-9.88,-0.19,8,0.15384615384615385,17,-1.71,-0.1,6,0.35294117647058826,34,0.64,0.02,13,0.38235294117647056,8,0.375,0.625,-5.19,-0.65,1,0.125,3,-2.99,-1.0,1,0.3333333333333333,5,-2.2,-0.44,0,0.0,4,2,2,13,6,7,-3.39,-0.26,0.3076923076923077,0.15384615384615385,0.15384615384615385,0.46153846153846156,0.5384615384615384,16,0.36363636363636365,-10.15,-0.23,44,7,0.3333333333333333,-3.12,-0.15,21,401310716,2021,6
167,New Mexico Lobos,20,0.3333333333333333,9,0.3,11,0.36666666666666664,0,0.0,4,0.25,15,0.35714285714285715,42,0.38095238095238093,0.6190476190476191,-7.49,-0.18,6,0.14285714285714285,16,0.44,0.03,6,0.375,26,-7.93,-0.31,9,0.34615384615384615,6,0.8333333333333334,0.16666666666666666,-5.06,-0.84,2,0.3333333333333333,5,-3.94,-0.79,2,0.4,1,-1.12,-1.12,0,0.0,5,3,2,18,14,4,-12.16,-0.68,0.2777777777777778,0.16666666666666666,0.1111111111111111,0.7777777777777778,0.2222222222222222,15,0.4166666666666667,-5.45,-0.15,36,5,0.20833333333333334,-14.19,-0.59,24,401310716,2021,6
12,Arizona Wildcats,36,0.45,20,0.4878048780487805,16,0.41025641025641024,2,0.2857142857142857,8,0.5333333333333333,26,0.41935483870967744,62,0.5161290322580645,0.4838709677419355,-5.2,-0.08,14,0.22580645161290322,32,-2.93,-0.09,15,0.46875,30,-2.27,-0.08,11,0.36666666666666664,17,0.6470588235294118,0.35294117647058826,6.47,0.38,7,0.4117647058823529,11,4.53,0.41,5,0.45454545454545453,6,1.95,0.32,2,0.3333333333333333,10,5,5,18,9,9,6.37,0.35,0.5555555555555556,0.2777777777777778,0.2777777777777778,0.5,0.5,25,0.4807692307692308,-4.06,-0.08,52,11,0.39285714285714285,5.23,0.19,28,401309870,2021,6
26,UCLA Bruins,33,0.5,8,0.4,25,0.5434782608695652,5,0.45454545454545453,5,0.45454545454545453,27,0.5,54,0.2222222222222222,0.7777777777777778,8.78,0.16,15,0.2777777777777778,12,-0.65,-0.05,5,0.4166666666666667,42,9.43,0.22,22,0.5238095238095238,7,0.42857142857142855,0.5714285714285714,-0.02,-0.0,4,0.5714285714285714,3,-2.47,-0.82,1,0.3333333333333333,4,2.45,0.61,3,0.75,6,3,3,12,8,4,5.7,0.48,0.5,0.25,0.25,0.6666666666666666,0.3333333333333333,24,0.5,14.33,0.3,48,9,0.5,0.15,0.01,18,401309870,2021,6
2440,Nevada Wolf Pack,28,0.417910447761194,22,0.4489795918367347,6,0.3333333333333333,3,0.375,3,0.2727272727272727,25,0.44642857142857145,56,0.6964285714285714,0.30357142857142855,7.85,0.14,16,0.2857142857142857,39,11.04,0.28,20,0.5128205128205128,17,-3.19,-0.19,5,0.29411764705882354,12,0.8333333333333334,0.16666666666666666,9.56,0.8,8,0.6666666666666666,10,9.31,0.93,7,0.7,2,0.24,0.12,1,0.5,3,2,1,11,10,1,-8.39,-0.76,0.2727272727272727,0.18181818181818182,0.09090909090909091,0.9090909090909091,0.09090909090909091,19,0.4318181818181818,0.57,0.01,44,9,0.391304347826087,-1.12,-0.05,23,401310717,2021,6
166,New Mexico State Aggies,39,0.43820224719101125,31,0.4696969696969697,8,0.36363636363636365,4,0.6666666666666666,6,0.3157894736842105,32,0.47058823529411764,68,0.7794117647058824,0.20588235294117646,8.25,0.12,13,0.19117647058823528,53,14.9,0.28,28,0.5283018867924528,14,-1.73,-0.12,4,0.2857142857142857,17,0.8235294117647058,0.17647058823529413,-2.57,-0.15,5,0.29411764705882354,14,-3.09,-0.22,4,0.2857142857142857,3,0.52,0.17,1,0.3333333333333333,7,3,4,21,13,8,-7.38,-0.35,0.3333333333333333,0.14285714285714285,0.19047619047619047,0.6190476190476191,0.38095238095238093,31,0.5344827586206896,11.1,0.19,58,8,0.25806451612903225,-10.23,-0.33,31,401310717,2021,6
2026,Appalachian State Mountaineers,19,0.34545454545454546,11,0.39285714285714285,8,0.2962962962962963,2,0.2,0,0.0,16,0.3902439024390244,41,0.5365853658536586,0.4634146341463415,-2.03,-0.05,9,0.21951219512195122,22,1.84,0.08,9,0.4090909090909091,19,-3.87,-0.2,7,0.3684210526315789,17,0.4117647058823529,0.5882352941176471,-3.89,-0.23,6,0.35294117647058826,7,-2.85,-0.41,2,0.2857142857142857,10,-1.04,-0.1,4,0.4,3,2,1,14,6,8,-11.13,-0.79,0.21428571428571427,0.14285714285714285,0.07142857142857142,0.42857142857142855,0.5714285714285714,9,0.2571428571428571,-14.93,-0.43,35,10,0.5,1.77,0.09,20,401309620,2021,7
309,Louisiana Ragin' Cajuns,35,0.5072463768115942,13,0.5,22,0.5116279069767442,10,0.47619047619047616,8,0.5333333333333333,26,0.49056603773584906,53,0.33962264150943394,0.660377358490566,11.32,0.21,12,0.22641509433962265,18,7.95,0.44,10,0.5555555555555556,35,3.37,0.1,16,0.45714285714285713,8,0.625,0.375,-2.81,-0.35,3,0.375,5,-5.39,-1.08,1,0.2,3,2.59,0.86,2,0.6666666666666666,9,3,6,16,8,8,5.75,0.36,0.5625,0.1875,0.375,0.5,0.5,26,0.5306122448979592,13.48,0.28,49,9,0.45,3.6,0.18,20,401309620,2021,7
235,Memphis Tigers,23,0.5,7,0.5833333333333334,16,0.47058823529411764,8,0.8,4,0.4444444444444444,18,0.5142857142857142,35,0.2571428571428571,0.7428571428571429,22.44,0.64,8,0.22857142857142856,9,14.2,1.58,6,0.6666666666666666,26,8.24,0.32,12,0.46153846153846156,10,0.2,0.8,7.83,0.78,8,0.8,2,2.3,1.15,2,1.0,8,5.53,0.69,6,0.75,5,1,4,11,3,8,-2.17,-0.2,0.45454545454545453,0.09090909090909091,0.36363636363636365,0.2727272727272727,0.7272727272727273,20,0.625,23.68,0.74,32,3,0.21428571428571427,-3.41,-0.24,14,401301022,2021,7
2426,Navy Midshipmen,29,0.4142857142857143,2,0.2,27,0.45,3,0.375,8,0.4444444444444444,16,0.3404255319148936,47,0.1702127659574468,0.8297872340425532,-9.08,-0.19,4,0.0851063829787234,8,-6.53,-0.82,1,0.125,39,-2.55,-0.07,15,0.38461538461538464,10,0.0,1.0,2.25,0.22,6,0.6,,,,,,10,2.25,0.22,6,0.6,13,1,12,23,2,21,14.98,0.65,0.5652173913043478,0.043478260869565216,0.5217391304347826,0.08695652173913043,0.9130434782608695,22,0.4583333333333333,3.88,0.08,48,7,0.3181818181818182,2.02,0.09,22,401301022,2021,7
290,Georgia Southern Eagles,23,0.3333333333333333,8,0.27586206896551724,15,0.375,2,0.3333333333333333,11,0.5238095238095238,10,0.2222222222222222,45,0.28888888888888886,0.7111111111111111,-18.71,-0.42,1,0.022222222222222223,13,-5.4,-0.42,3,0.23076923076923078,32,-13.31,-0.42,7,0.21875,21,0.38095238095238093,0.6190476190476191,11.74,0.56,13,0.6190476190476191,8,5.52,0.69,6,0.75,13,6.22,0.48,7,0.5384615384615384,13,5,8,24,16,8,9.86,0.41,0.5416666666666666,0.20833333333333334,0.3333333333333333,0.6666666666666666,0.3333333333333333,15,0.36585365853658536,-0.61,-0.01,41,8,0.2857142857142857,-8.24,-0.29,28,401309621,2021,7
6,South Alabama Jaguars,28,0.4307692307692308,17,0.4857142857142857,11,0.36666666666666664,6,0.5,7,0.5833333333333334,21,0.39622641509433965,53,0.49056603773584906,0.5094339622641509,7.83,0.15,13,0.24528301886792453,26,10.72,0.41,12,0.46153846153846156,27,-2.9,-0.11,9,0.3333333333333333,3,0.3333333333333333,0.6666666666666666,-1.89,-0.63,0,0.0,1,-0.81,-0.81,0,0.0,2,-1.08,-0.54,0,0.0,7,5,2,12,9,3,13.29,1.11,0.5833333333333334,0.4166666666666667,0.16666666666666666,0.75,0.25,20,0.4444444444444444,12.08,0.27,45,8,0.4,9.03,0.45,20,401309621,2021,7
2483,Oregon Ducks,35,0.5645161290322581,14,0.45161290322580644,21,0.6774193548387096,5,0.8333333333333334,5,0.5,30,0.5882352941176471,51,0.47058823529411764,0.5294117647058824,19.7,0.39,14,0.27450980392156865,24,7.34,0.31,12,0.5,27,12.36,0.46,18,0.6666666666666666,13,0.46153846153846156,0.5384615384615384,-2.03,-0.16,6,0.46153846153846156,6,-2.28,-0.38,2,0.3333333333333333,7,0.25,0.04,4,0.5714285714285714,5,2,3,11,7,4,-3.33,-0.3,0.45454545454545453,0.18181818181818182,0.2727272727272727,0.6363636363636364,0.36363636363636365,29,0.6304347826086957,19.09,0.41,46,6,0.375,-2.72,-0.17,16,401309872,2021,7
25,California Golden Bears,37,0.46835443037974683,18,0.391304347826087,19,0.5757575757575758,7,0.3888888888888889,9,0.5294117647058824,27,0.4576271186440678,59,0.576271186440678,0.423728813559322,8.21,0.14,13,0.22033898305084745,34,7.96,0.23,15,0.4411764705882353,25,0.24,0.01,12,0.48,13,0.6923076923076923,0.3076923076923077,-0.65,-0.05,3,0.23076923076923078,9,0.83,0.09,2,0.2222222222222222,4,-1.47,-0.37,1,0.25,10,3,7,20,12,8,-0.6,-0.03,0.5,0.15,0.35,0.6,0.4,27,0.48214285714285715,1.3,0.02,56,10,0.43478260869565216,6.31,0.27,23,401309872,2021,7
23,San José State Spartans,28,0.39436619718309857,13,0.38235294117647056,15,0.40540540540540543,0,0.0,5,0.3125,22,0.41509433962264153,53,0.41509433962264153,0.5849056603773585,1.13,0.02,11,0.20754716981132076,22,1.84,0.08,9,0.4090909090909091,31,-0.71,-0.02,13,0.41935483870967744,2,0.0,1.0,0.1,0.05,1,0.5,,,,,,2,0.1,0.05,1,0.5,6,4,2,18,12,6,-6.6,-0.37,0.3333333333333333,0.2222222222222222,0.1111111111111111,0.6666666666666666,0.3333333333333333,17,0.38636363636363635,-11.93,-0.27,44,11,0.4074074074074074,6.46,0.24,27,401310723,2021,7
21,San Diego State Aztecs,16,0.27586206896551724,8,0.26666666666666666,8,0.2857142857142857,1,0.3333333333333333,2,0.15384615384615385,14,0.3111111111111111,45,0.4666666666666667,0.5333333333333333,-14.83,-0.33,9,0.2,21,-6.19,-0.29,7,0.3333333333333333,24,-8.64,-0.36,7,0.2916666666666667,11,0.5454545454545454,0.45454545454545453,-1.15,-0.1,4,0.36363636363636365,6,0.95,0.16,3,0.5,5,-2.1,-0.42,1,0.2,2,1,1,13,9,4,-10.46,-0.8,0.15384615384615385,0.07692307692307693,0.07692307692307693,0.6923076923076923,0.3076923076923077,13,0.37142857142857144,-7.85,-0.22,35,3,0.13043478260869565,-17.44,-0.76,23,401310723,2021,7
249,North Texas Mean Green,34,0.44155844155844154,10,0.30303030303030304,24,0.5454545454545454,2,1.0,7,0.4375,26,0.4642857142857143,56,0.30357142857142855,0.6964285714285714,11.68,0.21,10,0.17857142857142858,17,0.16,0.01,7,0.4117647058823529,39,11.52,0.3,19,0.48717948717948717,18,0.5555555555555556,0.4444444444444444,-0.03,-0.0,9,0.5,10,-0.45,-0.04,5,0.5,8,0.42,0.05,4,0.5,8,3,5,21,16,5,-10.4,-0.5,0.38095238095238093,0.14285714285714285,0.23809523809523808,0.7619047619047619,0.23809523809523808,27,0.5625,18.45,0.38,48,7,0.2413793103448276,-17.16,-0.59,29,401282231,2021,7
276,Marshall Thundering Herd,28,0.417910447761194,14,0.4827586206896552,14,0.3684210526315789,9,0.4090909090909091,6,0.6,20,0.36363636363636365,55,0.4727272727272727,0.5272727272727272,7.13,0.13,10,0.18181818181818182,26,10.38,0.4,13,0.5,29,-3.25,-0.11,7,0.2413793103448276,7,0.8571428571428571,0.14285714285714285,-0.34,-0.05,3,0.42857142857142855,6,-1.09,-0.18,2,0.3333333333333333,1,0.74,0.74,1,1.0,8,1,7,12,3,9,8.57,0.71,0.6666666666666666,0.08333333333333333,0.5833333333333334,0.25,0.75,20,0.425531914893617,12.26,0.26,47,8,0.4,3.44,0.17,20,401282231,2021,7
228,Clemson Tigers,33,0.4583333333333333,15,0.39473684210526316,18,0.5294117647058824,4,0.5714285714285714,6,0.4,26,0.4642857142857143,56,0.4642857142857143,0.5357142857142857,0.86,0.02,13,0.23214285714285715,26,0.55,0.02,10,0.38461538461538464,30,0.31,0.01,16,0.5333333333333333,21,0.8095238095238095,0.19047619047619047,3.2,0.15,9,0.42857142857142855,17,2.59,0.15,6,0.35294117647058826,4,0.61,0.15,3,0.75,7,5,2,16,12,4,1.25,0.08,0.4375,0.3125,0.125,0.75,0.25,24,0.5,-3.15,-0.07,48,9,0.375,5.27,0.22,24,401282657,2021,7
183,Syracuse Orange,25,0.373134328358209,13,0.3333333333333333,12,0.42857142857142855,1,0.5,5,0.3333333333333333,18,0.36,50,0.5,0.5,-11.37,-0.23,10,0.2,25,-14.01,-0.56,7,0.28,25,2.65,0.11,11,0.44,7,0.42857142857142855,0.5714285714285714,-4.75,-0.68,1,0.14285714285714285,3,-2.78,-0.93,0,0.0,4,-1.97,-0.49,1,0.25,7,6,1,17,14,3,9.54,0.56,0.4117647058823529,0.35294117647058826,0.058823529411764705,0.8235294117647058,0.17647058823529413,17,0.4473684210526316,-2.05,-0.05,38,8,0.27586206896551724,0.22,0.01,29,401282657,2021,7
2294,Iowa Hawkeyes,29,0.47540983606557374,16,0.4444444444444444,13,0.52,5,0.38461538461538464,7,0.5384615384615384,22,0.46808510638297873,47,0.574468085106383,0.425531914893617,-7.21,-0.15,10,0.2127659574468085,27,-7.69,-0.28,12,0.4444444444444444,20,0.48,0.02,10,0.5,3,0.3333333333333333,0.6666666666666666,2.36,0.79,3,1.0,1,0.46,0.46,1,1.0,2,1.9,0.95,2,1.0,7,4,3,14,9,5,-4.62,-0.33,0.5,0.2857142857142857,0.21428571428571427,0.6428571428571429,0.35714285714285715,19,0.4418604651162791,-11.22,-0.26,43,10,0.5555555555555556,-0.62,-0.03,18,401282760,2021,7
2509,Purdue Boilermakers,30,0.39473684210526316,20,0.45454545454545453,10,0.3125,4,0.25,9,0.5625,21,0.35,60,0.5333333333333333,0.4666666666666667,-2.19,-0.04,12,0.2,32,6.83,0.21,13,0.40625,28,-9.02,-0.32,8,0.2857142857142857,17,0.7058823529411765,0.29411764705882354,7.5,0.44,8,0.47058823529411764,12,9.05,0.75,7,0.5833333333333334,5,-1.56,-0.31,1,0.2,9,7,2,16,12,4,13.0,0.81,0.5625,0.4375,0.125,0.75,0.25,17,0.3617021276595745,-4.32,-0.09,47,13,0.4482758620689655,15.13,0.52,29,401282760,2021,7
2132,Cincinnati Bearcats,35,0.5384615384615384,8,0.3333333333333333,27,0.6585365853658537,11,0.6875,7,0.5833333333333334,28,0.5283018867924528,53,0.32075471698113206,0.6792452830188679,14.23,0.27,14,0.2641509433962264,17,-4.22,-0.25,6,0.35294117647058826,36,18.46,0.51,22,0.6111111111111112,11,0.2727272727272727,0.7272727272727273,0.41,0.04,4,0.36363636363636365,3,-2.06,-0.69,1,0.3333333333333333,8,2.48,0.31,3,0.375,7,2,5,12,7,5,3.62,0.3,0.5833333333333334,0.16666666666666666,0.4166666666666667,0.5833333333333334,0.4166666666666667,31,0.5961538461538461,23.63,0.45,52,4,0.3076923076923077,-5.78,-0.44,13,401301023,2021,7
2116,UCF Knights,23,0.359375,10,0.35714285714285715,13,0.3611111111111111,7,0.7777777777777778,6,0.35294117647058826,16,0.34782608695652173,46,0.391304347826087,0.6086956521739131,-8.82,-0.19,5,0.10869565217391304,18,-8.36,-0.46,7,0.3888888888888889,28,-0.47,-0.02,9,0.32142857142857145,11,0.5454545454545454,0.45454545454545453,3.97,0.36,4,0.36363636363636365,6,1.18,0.2,1,0.16666666666666666,5,2.79,0.56,3,0.6,7,3,4,18,10,8,0.44,0.02,0.3888888888888889,0.16666666666666666,0.2222222222222222,0.5555555555555556,0.4444444444444444,17,0.3953488372093023,-10.85,-0.25,43,6,0.2857142857142857,2.47,0.12,21,401301023,2021,7
2628,TCU Horned Frogs,34,0.5074626865671642,15,0.5,19,0.5135135135135135,2,0.3333333333333333,7,0.5,27,0.5192307692307693,52,0.46153846153846156,0.5384615384615384,27.95,0.54,13,0.25,24,25.23,1.05,12,0.5,28,2.72,0.1,15,0.5357142857142857,9,0.5555555555555556,0.4444444444444444,4.2,0.47,4,0.4444444444444444,5,5.02,1.0,1,0.2,4,-0.82,-0.21,3,0.75,7,3,4,15,6,9,-0.81,-0.05,0.4666666666666667,0.2,0.26666666666666666,0.4,0.6,25,0.5,17.16,0.34,50,9,0.5294117647058824,9.98,0.59,17,401287923,2021,7
201,Oklahoma Sooners,35,0.603448275862069,16,0.64,19,0.5757575757575758,12,0.7058823529411765,5,0.5555555555555556,30,0.6122448979591837,49,0.42857142857142855,0.5714285714285714,28.44,0.58,13,0.2653061224489796,21,19.05,0.91,15,0.7142857142857143,28,9.39,0.34,15,0.5357142857142857,11,0.5454545454545454,0.45454545454545453,6.22,0.57,6,0.5454545454545454,6,5.71,0.95,4,0.6666666666666666,5,0.51,0.1,2,0.4,5,1,4,9,4,5,-1.84,-0.2,0.5555555555555556,0.1111111111111111,0.4444444444444444,0.4444444444444444,0.5555555555555556,32,0.64,27.36,0.55,50,3,0.375,-0.76,-0.09,8,401287923,2021,7
333,Alabama Crimson Tide,33,0.4852941176470588,14,0.4666666666666667,19,0.5,4,0.5,12,0.75,21,0.40384615384615385,52,0.4230769230769231,0.5769230769230769,3.15,0.06,10,0.19230769230769232,22,2.91,0.13,8,0.36363636363636365,30,0.24,0.01,13,0.43333333333333335,9,0.4444444444444444,0.5555555555555556,6.56,0.73,5,0.5555555555555556,4,4.87,1.22,2,0.5,5,1.69,0.34,3,0.6,12,6,6,16,8,8,23.85,1.49,0.75,0.375,0.375,0.5,0.5,25,0.5102040816326531,18.25,0.37,49,8,0.42105263157894735,8.74,0.46,19,401282107,2021,7
344,Mississippi State Bulldogs,34,0.4594594594594595,27,0.43548387096774194,7,0.5833333333333334,1,0.16666666666666666,7,0.4375,27,0.46551724137931033,58,0.8275862068965517,0.1724137931034483,-9.33,-0.16,15,0.25862068965517243,48,-8.79,-0.18,22,0.4583333333333333,10,-0.53,-0.05,5,0.5,17,0.7647058823529411,0.23529411764705882,5.55,0.33,9,0.5294117647058824,13,5.19,0.4,7,0.5384615384615384,4,0.36,0.09,2,0.5,7,5,2,16,14,2,-5.47,-0.34,0.4375,0.3125,0.125,0.875,0.125,24,0.5106382978723404,-6.49,-0.14,47,10,0.37037037037037035,-8.3,-0.31,27,401282107,2021,7
127,Michigan State Spartans,20,0.3333333333333333,8,0.27586206896551724,12,0.3870967741935484,3,0.42857142857142855,6,0.42857142857142855,14,0.30434782608695654,46,0.43478260869565216,0.5652173913043478,-16.62,-0.36,7,0.15217391304347827,20,-11.68,-0.58,5,0.25,26,-4.95,-0.19,9,0.34615384615384615,11,0.6363636363636364,0.36363636363636365,-1.89,-0.17,5,0.45454545454545453,7,-2.37,-0.34,2,0.2857142857142857,4,0.48,0.12,3,0.75,6,3,3,14,9,5,-2.23,-0.16,0.42857142857142855,0.21428571428571427,0.21428571428571427,0.6428571428571429,0.35714285714285715,15,0.375,-10.37,-0.26,40,5,0.25,-8.48,-0.42,20,401282731,2021,7
84,Indiana Hoosiers,33,0.375,19,0.34545454545454546,14,0.42424242424242425,4,0.3333333333333333,8,0.4,24,0.36363636363636365,66,0.6212121212121212,0.3787878787878788,-12.02,-0.18,11,0.16666666666666666,41,-9.54,-0.23,16,0.3902439024390244,25,-2.48,-0.1,8,0.32,11,0.8181818181818182,0.18181818181818182,-1.06,-0.1,5,0.45454545454545453,9,0.17,0.02,5,0.5555555555555556,2,-1.23,-0.61,0,0.0,9,3,6,22,14,8,-11.36,-0.52,0.4090909090909091,0.13636363636363635,0.2727272727272727,0.6363636363636364,0.36363636363636365,23,0.3898305084745763,-6.15,-0.1,59,10,0.3448275862068966,-17.23,-0.59,29,401282731,2021,7
197,Oklahoma State Cowboys,32,0.3902439024390244,14,0.4117647058823529,18,0.375,3,0.2,9,0.5,23,0.359375,64,0.375,0.625,-0.85,-0.01,14,0.21875,24,0.1,0.0,9,0.375,40,-0.95,-0.02,14,0.35,17,0.5294117647058824,0.47058823529411764,-0.47,-0.03,7,0.4117647058823529,9,0.67,0.07,4,0.4444444444444444,8,-1.14,-0.14,3,0.375,9,5,4,18,10,8,0.45,0.02,0.5,0.2777777777777778,0.2222222222222222,0.5555555555555556,0.4444444444444444,21,0.42,-1.61,-0.03,50,11,0.34375,1.21,0.04,32,401287924,2021,7
251,Texas Longhorns,22,0.36666666666666664,10,0.3333333333333333,12,0.4,3,0.21428571428571427,4,0.2857142857142857,18,0.4,45,0.4222222222222222,0.5777777777777777,-2.59,-0.06,10,0.2222222222222222,19,-4.23,-0.22,7,0.3684210526315789,26,1.64,0.06,11,0.4230769230769231,7,0.2857142857142857,0.7142857142857143,4.78,0.68,5,0.7142857142857143,2,0.14,0.07,1,0.5,5,4.64,0.93,4,0.8,4,3,1,15,11,4,-16.76,-1.12,0.26666666666666666,0.2,0.06666666666666667,0.7333333333333333,0.26666666666666666,17,0.425,-3.99,-0.1,40,5,0.25,-15.36,-0.77,20,401287924,2021,7
2633,Tennessee Volunteers,32,0.41025641025641024,14,0.4117647058823529,18,0.4090909090909091,3,0.6,9,0.5294117647058824,23,0.38333333333333336,60,0.38333333333333336,0.6166666666666667,0.5,0.01,18,0.3,23,2.62,0.11,11,0.4782608695652174,37,-2.11,-0.06,12,0.32432432432432434,13,0.5384615384615384,0.46153846153846156,9.63,0.74,8,0.6153846153846154,7,9.19,1.31,6,0.8571428571428571,6,0.44,0.07,2,0.3333333333333333,9,3,6,18,11,7,6.61,0.37,0.5,0.16666666666666666,0.3333333333333333,0.6111111111111112,0.3888888888888889,23,0.48936170212765956,9.11,0.19,47,9,0.2903225806451613,-2.0,-0.06,31,401282110,2021,7
145,Ole Miss Rebels,43,0.43434343434343436,15,0.35714285714285715,28,0.5,6,0.46153846153846156,11,0.5238095238095238,30,0.4,75,0.38666666666666666,0.6,-3.46,-0.05,13,0.17333333333333334,29,1.64,0.06,11,0.3793103448275862,45,-3.32,-0.07,19,0.4222222222222222,18,0.4444444444444444,0.5555555555555556,0.71,0.04,7,0.3888888888888889,8,-0.78,-0.1,3,0.375,10,1.48,0.15,4,0.4,13,4,9,24,13,11,12.27,0.51,0.5416666666666666,0.16666666666666666,0.375,0.5416666666666666,0.4583333333333333,26,0.43333333333333335,1.05,0.02,60,17,0.4358974358974359,7.76,0.2,39,401282110,2021,7
2,Auburn Tigers,29,0.4915254237288136,17,0.6538461538461539,12,0.36363636363636365,2,0.3333333333333333,4,0.4,25,0.5102040816326531,49,0.40816326530612246,0.5918367346938775,20.14,0.41,11,0.22448979591836735,20,16.76,0.84,14,0.7,29,3.38,0.12,11,0.3793103448275862,6,0.5,0.5,-4.89,-0.81,1,0.16666666666666666,3,-2.07,-0.69,1,0.3333333333333333,3,-2.82,-0.94,0,0.0,4,3,1,10,6,4,-2.93,-0.29,0.4,0.3,0.1,0.6,0.4,24,0.5106382978723404,13.51,0.29,47,5,0.4166666666666667,3.7,0.31,12,401282104,2021,7
8,Arkansas Razorbacks,41,0.4606741573033708,18,0.47368421052631576,23,0.45098039215686275,3,0.6,10,0.5263157894736842,31,0.4626865671641791,67,0.40298507462686567,0.5970149253731343,5.56,0.08,16,0.23880597014925373,27,4.73,0.18,13,0.48148148148148145,40,0.83,0.02,18,0.45,18,0.5,0.5,13.75,0.76,12,0.6666666666666666,9,9.27,1.03,7,0.7777777777777778,9,4.48,0.5,5,0.5555555555555556,10,5,5,22,11,11,-3.27,-0.15,0.45454545454545453,0.22727272727272727,0.22727272727272727,0.5,0.5,23,0.41818181818181815,-6.03,-0.11,55,18,0.5294117647058824,8.32,0.24,34,401282104,2021,7
254,Utah Utes,37,0.5362318840579711,19,0.5757575757575758,18,0.5,8,0.6666666666666666,7,0.6363636363636364,29,0.5087719298245614,57,0.40350877192982454,0.5964912280701754,15.57,0.27,17,0.2982456140350877,23,6.84,0.3,13,0.5652173913043478,34,8.72,0.26,16,0.47058823529411764,13,0.5384615384615384,0.46153846153846156,4.57,0.35,10,0.7692307692307693,7,1.47,0.21,5,0.7142857142857143,6,3.09,0.52,5,0.8333333333333334,8,6,2,12,10,2,9.08,0.76,0.6666666666666666,0.5,0.16666666666666666,0.8333333333333334,0.16666666666666666,27,0.5625,17.78,0.37,48,10,0.47619047619047616,6.87,0.33,21,401309876,2021,7
9,Arizona State Sun Devils,30,0.46875,14,0.4,16,0.5517241379310345,4,0.8,5,0.4166666666666667,24,0.47058823529411764,51,0.47058823529411764,0.5294117647058824,12.89,0.25,15,0.29411764705882354,24,6.72,0.28,9,0.375,27,6.17,0.23,15,0.5555555555555556,6,0.16666666666666666,0.8333333333333334,6.98,1.16,6,1.0,1,3.14,3.14,1,1.0,5,3.83,0.77,5,1.0,6,5,1,13,11,2,1.54,0.12,0.46153846153846156,0.38461538461538464,0.07692307692307693,0.8461538461538461,0.15384615384615385,18,0.45,6.34,0.16,40,12,0.5,8.09,0.34,24,401309876,2021,7
239,Baylor Bears,40,0.5405405405405406,16,0.5714285714285714,24,0.5217391304347826,12,0.5,7,0.5,31,0.5535714285714286,56,0.375,0.625,13.89,0.25,13,0.23214285714285715,21,8.95,0.43,14,0.6666666666666666,35,4.95,0.14,17,0.4857142857142857,12,0.3333333333333333,0.6666666666666666,0.22,0.02,6,0.5,4,2.75,0.69,3,0.75,8,-2.53,-0.32,3,0.375,9,2,7,18,7,11,7.72,0.43,0.5,0.1111111111111111,0.3888888888888889,0.3888888888888889,0.6111111111111112,34,0.5666666666666667,19.14,0.32,60,6,0.42857142857142855,2.47,0.18,14,401287920,2021,7
252,BYU Cougars,24,0.43636363636363634,15,0.4166666666666667,9,0.47368421052631576,5,0.7142857142857143,5,0.35714285714285715,17,0.4358974358974359,39,0.717948717948718,0.28205128205128205,6.1,0.16,9,0.23076923076923078,28,6.82,0.24,12,0.42857142857142855,11,-0.71,-0.06,5,0.45454545454545453,9,0.2222222222222222,0.7777777777777778,6.97,0.77,4,0.4444444444444444,2,0.28,0.14,1,0.5,7,6.69,0.96,3,0.42857142857142855,7,3,4,16,8,8,8.22,0.51,0.4375,0.1875,0.25,0.5,0.5,18,0.5294117647058824,18.06,0.53,34,6,0.2857142857142857,-3.74,-0.18,21,401287920,2021,7
99,LSU Tigers,33,0.4925373134328358,11,0.44,22,0.5238095238095238,5,0.625,5,0.4166666666666667,27,0.5,54,0.3148148148148148,0.6851851851851852,15.35,0.28,13,0.24074074074074073,17,5.78,0.34,9,0.5294117647058824,37,9.57,0.26,18,0.4864864864864865,6,0.3333333333333333,0.6666666666666666,0.65,0.11,4,0.6666666666666666,2,0.13,0.07,1,0.5,4,0.51,0.13,3,0.75,6,2,4,13,8,5,4.43,0.34,0.46153846153846156,0.15384615384615385,0.3076923076923077,0.6153846153846154,0.38461538461538464,25,0.5,13.34,0.27,50,8,0.47058823529411764,6.43,0.38,17,401282106,2021,7
57,Florida Gators,38,0.5066666666666667,22,0.5238095238095238,16,0.48484848484848486,6,0.75,7,0.5,30,0.5,60,0.5333333333333333,0.4666666666666667,12.0,0.2,15,0.25,32,11.18,0.35,18,0.5625,28,0.82,0.03,12,0.42857142857142855,17,0.7058823529411765,0.29411764705882354,9.46,0.56,11,0.6470588235294118,12,5.27,0.44,7,0.5833333333333334,5,4.19,0.84,4,0.8,8,4,4,15,10,5,1.0,0.07,0.5333333333333333,0.26666666666666666,0.26666666666666666,0.6666666666666666,0.3333333333333333,29,0.5471698113207547,19.96,0.38,53,9,0.4090909090909091,-6.96,-0.32,22,401282106,2021,7
245,Texas A&M Aggies,36,0.5454545454545454,13,0.5,23,0.575,7,0.6363636363636364,4,0.4444444444444444,31,0.5535714285714286,56,0.35714285714285715,0.6428571428571429,6.38,0.11,21,0.375,20,-0.82,-0.04,11,0.55,36,7.2,0.2,20,0.5555555555555556,7,0.42857142857142855,0.5714285714285714,-3.14,-0.45,3,0.42857142857142855,3,-3.96,-1.32,1,0.3333333333333333,4,0.82,0.2,2,0.5,5,2,3,10,6,4,4.63,0.46,0.5,0.2,0.3,0.6,0.4,28,0.6086956521739131,7.54,0.16,46,8,0.4,3.46,0.17,20,401282108,2021,7
142,Missouri Tigers,26,0.3561643835616438,17,0.37777777777777777,9,0.32142857142857145,2,0.6666666666666666,7,0.4117647058823529,17,0.32075471698113206,53,0.5471698113207547,0.4528301886792453,-16.26,-0.31,8,0.1509433962264151,29,-13.04,-0.45,10,0.3448275862068966,24,-3.22,-0.13,7,0.2916666666666667,14,0.42857142857142855,0.5714285714285714,1.04,0.07,7,0.5,6,2.44,0.41,4,0.6666666666666666,8,-1.4,-0.17,3,0.375,9,7,2,20,16,4,5.1,0.25,0.45,0.35,0.1,0.8,0.2,18,0.391304347826087,-0.62,-0.01,46,8,0.2962962962962963,-10.54,-0.39,27,401282108,2021,7
152,NC State Wolfpack,21,0.38181818181818183,11,0.4583333333333333,10,0.3225806451612903,2,0.4,6,0.46153846153846156,14,0.34146341463414637,41,0.36585365853658536,0.6341463414634146,-0.53,-0.01,8,0.1951219512195122,15,4.38,0.29,6,0.4,26,-4.91,-0.19,8,0.3076923076923077,7,0.42857142857142855,0.5714285714285714,1.58,0.23,4,0.5714285714285714,3,-0.54,-0.18,1,0.3333333333333333,4,2.11,0.53,3,0.75,7,5,2,14,9,5,7.26,0.52,0.5,0.35714285714285715,0.14285714285714285,0.6428571428571429,0.35714285714285715,14,0.42424242424242425,-0.74,-0.02,33,7,0.3181818181818182,7.47,0.34,22,401282658,2021,7
103,Boston College Eagles,19,0.2835820895522388,11,0.275,8,0.3076923076923077,1,0.2,5,0.3333333333333333,13,0.2708333333333333,48,0.5208333333333334,0.4791666666666667,-11.64,-0.24,7,0.14583333333333334,25,-8.28,-0.33,6,0.24,23,-3.35,-0.15,7,0.30434782608695654,8,0.375,0.5,-11.83,-1.48,0,0.0,3,-2.39,-0.8,0,0.0,4,-3.24,-0.81,0,0.0,6,5,1,19,15,3,-10.29,-0.54,0.3157894736842105,0.2631578947368421,0.05263157894736842,0.7894736842105263,0.15789473684210525,12,0.2926829268292683,-16.45,-0.4,41,7,0.2692307692307692,-5.48,-0.21,26,401282658,2021,7
158,Nebraska Cornhuskers,28,0.4375,16,0.47058823529411764,12,0.41379310344827586,7,0.5,4,0.3333333333333333,24,0.48,50,0.46,0.52,10.51,0.21,15,0.3,23,8.67,0.38,12,0.5217391304347826,26,4.16,0.16,12,0.46153846153846156,10,0.8,0.2,-2.61,-0.26,2,0.2,8,-1.98,-0.25,2,0.25,2,-0.63,-0.31,0,0.0,4,4,0,14,11,3,-6.42,-0.46,0.2857142857142857,0.2857142857142857,0.0,0.7857142857142857,0.21428571428571427,22,0.5238095238095238,7.49,0.18,42,6,0.2727272727272727,-3.4,-0.15,22,401282796,2021,7
135,Minnesota Golden Gophers,35,0.5303030303030303,16,0.6153846153846154,19,0.475,6,0.6,3,0.375,31,0.543859649122807,57,0.38596491228070173,0.6140350877192983,8.65,0.15,17,0.2982456140350877,22,3.9,0.18,13,0.5909090909090909,35,4.76,0.14,18,0.5142857142857142,12,0.5,0.5,4.59,0.38,6,0.5,6,4.31,0.72,4,0.6666666666666666,6,0.28,0.05,2,0.3333333333333333,4,3,1,9,4,5,0.99,0.11,0.4444444444444444,0.3333333333333333,0.1111111111111111,0.4444444444444444,0.5555555555555556,26,0.5098039215686274,6.36,0.12,51,9,0.6,3.28,0.22,15,401282796,2021,7
77,Northwestern Wildcats,23,0.2948717948717949,11,0.3333333333333333,12,0.26666666666666666,3,0.2727272727272727,5,0.29411764705882354,17,0.29310344827586204,58,0.3793103448275862,0.6206896551724138,-1.92,-0.03,10,0.1724137931034483,22,7.4,0.34,8,0.36363636363636365,36,-9.32,-0.26,9,0.25,12,0.4166666666666667,0.5833333333333334,-3.24,-0.27,2,0.16666666666666666,5,-0.87,-0.17,1,0.2,7,-2.37,-0.34,1,0.14285714285714285,6,3,3,20,11,9,-5.82,-0.29,0.3,0.15,0.15,0.55,0.45,17,0.3269230769230769,-2.16,-0.04,52,6,0.23076923076923078,-5.58,-0.21,26,401282807,2021,7
164,Rutgers Scarlet Knights,23,0.35384615384615387,13,0.37142857142857144,10,0.3333333333333333,2,0.5,5,0.29411764705882354,18,0.391304347826087,46,0.5217391304347826,0.4782608695652174,-5.16,-0.11,6,0.13043478260869565,24,0.33,0.01,11,0.4583333333333333,22,-5.49,-0.25,7,0.3181818181818182,12,0.5833333333333334,0.4166666666666667,-5.76,-0.48,2,0.16666666666666666,7,-3.57,-0.51,2,0.2857142857142857,5,-2.19,-0.44,0,0.0,5,2,3,19,11,8,-10.49,-0.55,0.2631578947368421,0.10526315789473684,0.15789473684210525,0.5789473684210527,0.42105263157894735,16,0.38095238095238093,-6.28,-0.15,42,7,0.30434782608695654,-9.37,-0.41,23,401282807,2021,7
43,Yale Bulldogs,23,0.2987012987012987,12,0.22641509433962265,11,0.4583333333333333,3,0.6,7,0.35,15,0.2777777777777778,54,0.6481481481481481,0.35185185185185186,-23.84,-0.44,5,0.09259259259259259,35,-23.21,-0.66,6,0.17142857142857143,19,-0.62,-0.03,9,0.47368421052631576,13,0.6153846153846154,0.38461538461538464,-6.8,-0.52,4,0.3076923076923077,8,-8.38,-1.05,1,0.125,5,1.58,0.32,3,0.6,8,6,2,23,18,5,-0.27,-0.01,0.34782608695652173,0.2608695652173913,0.08695652173913043,0.782608695652174,0.21739130434782608,15,0.3191489361702128,-19.98,-0.43,47,8,0.26666666666666666,-4.13,-0.14,30,401286192,2021,7
41,UConn Huskies,21,0.3088235294117647,10,0.2857142857142857,11,0.3333333333333333,2,0.6666666666666666,4,0.23529411764705882,17,0.34,50,0.44,0.56,-1.7,-0.03,5,0.1,22,2.32,0.11,7,0.3181818181818182,28,-4.02,-0.14,10,0.35714285714285715,12,0.5833333333333334,0.4166666666666667,5.85,0.49,5,0.4166666666666667,7,5.79,0.83,4,0.5714285714285714,5,0.07,0.01,1,0.2,4,3,1,18,13,5,-14.14,-0.79,0.2222222222222222,0.16666666666666666,0.05555555555555555,0.7222222222222222,0.2777777777777778,16,0.34782608695652173,-5.97,-0.13,46,5,0.22727272727272727,-9.87,-0.45,22,401286192,2021,7
58,South Florida Bulls,21,0.3684210526315789,10,0.3448275862068966,11,0.39285714285714285,2,0.5,2,0.18181818181818182,19,0.4418604651162791,43,0.4418604651162791,0.5581395348837209,3.01,0.07,9,0.20930232558139536,19,-0.63,-0.03,8,0.42105263157894735,24,3.64,0.15,11,0.4583333333333333,8,0.625,0.375,-2.85,-0.36,3,0.375,5,-4.0,-0.8,1,0.2,3,1.16,0.39,2,0.6666666666666666,2,2,0,14,10,4,-13.11,-0.94,0.14285714285714285,0.14285714285714285,0.0,0.7142857142857143,0.2857142857142857,16,0.4444444444444444,-1.0,-0.03,36,5,0.23809523809523808,-9.1,-0.43,21,401301024,2021,7
202,Tulsa Golden Hurricane,45,0.5113636363636364,22,0.5641025641025641,23,0.46938775510204084,8,0.47058823529411764,6,0.4,38,0.5352112676056338,71,0.38028169014084506,0.6197183098591549,20.79,0.29,21,0.29577464788732394,27,15.04,0.56,17,0.6296296296296297,44,5.75,0.13,21,0.4772727272727273,6,0.3333333333333333,0.6666666666666666,1.67,0.28,2,0.3333333333333333,2,3.36,1.68,1,0.5,4,-1.69,-0.42,1,0.25,7,5,2,17,12,5,-12.44,-0.73,0.4117647058823529,0.29411764705882354,0.11764705882352941,0.7058823529411765,0.29411764705882354,36,0.5714285714285714,23.59,0.37,63,9,0.36,-15.23,-0.61,25,401301024,2021,7
195,Ohio Bobcats,23,0.4423076923076923,5,0.45454545454545453,18,0.43902439024390244,6,0.5,6,0.5454545454545454,17,0.4146341463414634,41,0.17073170731707318,0.8292682926829268,7.09,0.17,10,0.24390243902439024,7,-0.62,-0.09,3,0.42857142857142855,34,7.71,0.23,14,0.4117647058823529,13,0.23076923076923078,0.7692307692307693,1.56,0.12,6,0.46153846153846156,3,-0.97,-0.32,1,0.3333333333333333,10,2.53,0.25,5,0.5,6,2,4,11,4,7,5.94,0.54,0.5454545454545454,0.18181818181818182,0.36363636363636365,0.36363636363636365,0.6363636363636364,16,0.4444444444444444,6.86,0.19,36,7,0.4375,6.18,0.39,16,401309571,2021,7
2084,Buffalo Bulls,31,0.47692307692307695,16,0.5517241379310345,15,0.4166666666666667,8,0.6153846153846154,4,0.4,25,0.4807692307692308,52,0.40384615384615385,0.5961538461538461,10.3,0.2,12,0.23076923076923078,21,10.6,0.5,13,0.6190476190476191,31,-0.3,-0.01,12,0.3870967741935484,4,0.5,0.5,4.25,1.06,4,1.0,2,1.95,0.97,2,1.0,2,2.3,1.15,2,1.0,6,3,3,13,8,5,-2.52,-0.19,0.46153846153846156,0.23076923076923078,0.23076923076923078,0.6153846153846154,0.38461538461538464,21,0.4375,-8.65,-0.18,48,10,0.5882352941176471,16.43,0.97,17,401309571,2021,7
258,Virginia Cavaliers,37,0.46835443037974683,22,0.4489795918367347,15,0.5,9,0.45,3,0.2727272727272727,34,0.5,68,0.6470588235294118,0.35294117647058826,20.76,0.31,24,0.35294117647058826,44,14.11,0.32,20,0.45454545454545453,24,6.65,0.28,14,0.5833333333333334,15,0.8666666666666667,0.13333333333333333,1.92,0.13,5,0.3333333333333333,13,0.93,0.07,3,0.23076923076923078,2,0.99,0.5,2,1.0,3,2,1,11,5,6,-2.92,-0.27,0.2727272727272727,0.18181818181818182,0.09090909090909091,0.45454545454545453,0.5454545454545454,24,0.4444444444444444,-0.22,-0.0,54,13,0.52,18.05,0.72,25,401282660,2021,7
150,Duke Blue Devils,30,0.375,22,0.46808510638297873,8,0.24242424242424243,1,0.1,7,0.4117647058823529,21,0.3559322033898305,59,0.5932203389830508,0.4067796610169492,-16.34,-0.28,9,0.15254237288135594,35,-1.43,-0.04,18,0.5142857142857142,24,-14.91,-0.62,3,0.125,18,0.7222222222222222,0.2777777777777778,-5.34,-0.3,7,0.3888888888888889,13,-3.87,-0.3,6,0.46153846153846156,5,-1.47,-0.29,1,0.2,9,4,5,21,12,9,-2.22,-0.11,0.42857142857142855,0.19047619047619047,0.23809523809523808,0.5714285714285714,0.42857142857142855,21,0.38181818181818183,-12.9,-0.23,55,9,0.36,-5.66,-0.23,25,401282660,2021,7
2050,Ball State Cardinals,45,0.6,19,0.5277777777777778,26,0.6666666666666666,14,0.7,10,0.7692307692307693,35,0.5645161290322581,62,0.46774193548387094,0.532258064516129,12.9,0.21,18,0.2903225806451613,29,7.94,0.27,15,0.5172413793103449,33,4.96,0.15,20,0.6060606060606061,11,0.8181818181818182,0.18181818181818182,2.88,0.26,5,0.45454545454545453,9,3.52,0.39,4,0.4444444444444444,2,-0.65,-0.32,1,0.5,10,4,6,13,7,6,9.44,0.73,0.7692307692307693,0.3076923076923077,0.46153846153846156,0.5384615384615384,0.46153846153846156,35,0.603448275862069,17.57,0.3,58,10,0.5882352941176471,4.77,0.28,17,401309568,2021,7
2199,Eastern Michigan Eagles,42,0.56,34,0.6538461538461539,8,0.34782608695652173,5,0.4166666666666667,8,0.6153846153846154,32,0.5333333333333333,60,0.6666666666666666,0.3333333333333333,3.26,0.05,14,0.23333333333333334,40,5.76,0.14,25,0.625,20,-2.5,-0.13,7,0.35,18,0.7222222222222222,0.2777777777777778,2.07,0.11,9,0.5,13,3.69,0.28,8,0.6153846153846154,5,-1.62,-0.32,1,0.2,10,9,1,15,12,3,13.81,0.92,0.6666666666666666,0.6,0.06666666666666667,0.8,0.2,33,0.5789473684210527,13.3,0.23,57,9,0.5,3.77,0.21,18,401309568,2021,7
193,Miami (OH) RedHawks,37,0.5692307692307692,15,0.5357142857142857,22,0.5945945945945946,3,0.375,8,0.6666666666666666,28,0.5384615384615384,52,0.4423076923076923,0.5576923076923077,4.37,0.08,11,0.21153846153846154,23,6.52,0.28,12,0.5217391304347826,29,-2.14,-0.07,16,0.5517241379310345,13,0.6153846153846154,0.38461538461538464,4.23,0.33,7,0.5384615384615384,8,0.24,0.03,3,0.375,5,3.99,0.8,4,0.8,9,3,6,13,5,8,14.61,1.12,0.6923076923076923,0.23076923076923078,0.46153846153846156,0.38461538461538464,0.6153846153846154,27,0.6136363636363636,12.2,0.28,44,10,0.47619047619047616,6.79,0.32,21,401308837,2021,7
2006,Akron Zips,30,0.47619047619047616,21,0.5,9,0.42857142857142855,1,1.0,6,0.42857142857142855,22,0.4782608695652174,46,0.717391304347826,0.2826086956521739,3.54,0.08,9,0.1956521739130435,33,12.79,0.39,18,0.5454545454545454,13,-9.25,-0.71,4,0.3076923076923077,5,0.6,0.4,-2.23,-0.45,3,0.6,3,1.26,0.42,2,0.6666666666666666,2,-3.49,-1.74,1,0.5,8,3,5,17,9,8,6.02,0.35,0.47058823529411764,0.17647058823529413,0.29411764705882354,0.5294117647058824,0.47058823529411764,28,0.6363636363636364,27.02,0.61,44,2,0.10526315789473684,-17.47,-0.92,19,401308837,2021,7
2653,Troy Trojans,35,0.5147058823529411,17,0.5666666666666667,18,0.47368421052631576,5,0.5,7,0.5,27,0.5192307692307693,52,0.40384615384615385,0.5961538461538461,8.29,0.16,10,0.19230769230769232,21,4.89,0.23,13,0.6190476190476191,31,3.41,0.11,14,0.45161290322580644,14,0.35714285714285715,0.6428571428571429,1.92,0.14,8,0.5714285714285714,5,2.21,0.44,4,0.8,9,-0.29,-0.03,4,0.4444444444444444,8,4,4,16,9,7,0.59,0.04,0.5,0.25,0.25,0.5625,0.4375,27,0.5294117647058824,10.16,0.2,51,8,0.47058823529411764,-1.28,-0.08,17,401309622,2021,7
326,Texas State Bobcats,33,0.4583333333333333,18,0.4864864864864865,15,0.42857142857142855,3,1.0,9,0.5625,23,0.4339622641509434,53,0.4528301886792453,0.5471698113207547,-3.83,-0.07,7,0.1320754716981132,24,-2.86,-0.12,9,0.375,29,-0.97,-0.03,14,0.4827586206896552,,,,,,,,,,,,,,,,,,10,9,1,19,13,6,-1.71,-0.09,0.5263157894736842,0.47368421052631576,0.05263157894736842,0.6842105263157895,0.3157894736842105,25,0.5,-15.92,-0.32,50,8,0.36363636363636365,10.37,0.47,22,401309622,2021,7
61,Georgia Bulldogs,22,0.4782608695652174,13,0.6190476190476191,9,0.36,2,0.4,2,0.2857142857142857,20,0.5128205128205128,39,0.41025641025641024,0.5897435897435898,17.69,0.45,16,0.41025641025641024,16,15.52,0.97,12,0.75,23,2.17,0.09,8,0.34782608695652173,10,0.4,0.6,3.06,0.31,4,0.4,4,4.3,1.08,3,0.75,6,-1.25,-0.21,1,0.16666666666666666,2,1,1,7,5,2,-3.99,-0.57,0.2857142857142857,0.14285714285714285,0.14285714285714285,0.7142857142857143,0.2857142857142857,17,0.5,11.63,0.34,34,5,0.4166666666666667,2.06,0.17,12,401282105,2021,7
96,Kentucky Wildcats,28,0.4057971014492754,19,0.4222222222222222,9,0.375,6,0.5,10,0.5263157894736842,16,0.3333333333333333,48,0.625,0.375,-6.91,-0.14,5,0.10416666666666667,30,-2.19,-0.07,11,0.36666666666666664,18,-4.71,-0.26,5,0.2777777777777778,7,0.8571428571428571,0.14285714285714285,-3.92,-0.56,1,0.14285714285714285,6,-3.31,-0.55,1,0.16666666666666666,1,-0.62,-0.62,0,0.0,12,8,4,21,15,6,8.75,0.42,0.5714285714285714,0.38095238095238093,0.19047619047619047,0.7142857142857143,0.2857142857142857,18,0.4186046511627907,4.42,0.1,43,10,0.38461538461538464,-2.58,-0.1,26,401282105,2021,7
295,Old Dominion Monarchs,35,0.44871794871794873,21,0.45652173913043476,14,0.4375,2,0.25,6,0.375,28,0.4745762711864407,59,0.5423728813559322,0.4576271186440678,3.21,0.05,15,0.2542372881355932,32,3.71,0.12,17,0.53125,27,-0.5,-0.02,11,0.4074074074074074,18,0.5555555555555556,0.4444444444444444,2.61,0.15,10,0.5555555555555556,10,-0.65,-0.06,4,0.4,8,3.26,0.41,6,0.75,7,4,3,19,14,5,0.86,0.05,0.3684210526315789,0.21052631578947367,0.15789473684210525,0.7368421052631579,0.2631578947368421,26,0.5306122448979592,12.19,0.25,49,9,0.3103448275862069,-8.12,-0.28,29,401282232,2021,7
98,Western Kentucky Hilltoppers,35,0.44871794871794873,22,0.4230769230769231,13,0.5,6,0.4,4,0.2857142857142857,28,0.4666666666666667,60,0.6166666666666667,0.38333333333333336,9.22,0.15,12,0.2,37,10.16,0.27,16,0.43243243243243246,23,-0.95,-0.04,12,0.5217391304347826,10,0.7,0.3,8.78,0.88,4,0.4,7,8.97,1.28,3,0.42857142857142855,3,-0.19,-0.06,1,0.3333333333333333,7,6,1,18,15,3,1.15,0.06,0.3888888888888889,0.3333333333333333,0.05555555555555555,0.8333333333333334,0.16666666666666666,26,0.4406779661016949,-4.57,-0.08,59,9,0.47368421052631576,14.93,0.79,19,401282232,2021,7
5,UAB Blazers,25,0.4166666666666667,8,0.4,17,0.425,5,0.4166666666666667,5,0.4166666666666667,19,0.40425531914893614,47,0.2765957446808511,0.723404255319149,-1.22,-0.03,11,0.23404255319148937,13,0.21,0.02,6,0.46153846153846156,34,-1.43,-0.04,13,0.38235294117647056,9,0.3333333333333333,0.6666666666666666,1.5,0.17,3,0.3333333333333333,3,-2.42,-0.81,0,0.0,6,3.92,0.65,3,0.5,6,2,4,13,7,6,7.1,0.55,0.46153846153846156,0.15384615384615385,0.3076923076923077,0.5384615384615384,0.46153846153846156,19,0.475,9.0,0.22,40,6,0.3,-3.12,-0.16,20,401282234,2021,7
2572,Southern Miss Golden Eagles,17,0.3469387755102041,4,0.21052631578947367,13,0.43333333333333335,,,5,0.35714285714285715,12,0.34285714285714286,35,0.3142857142857143,0.6857142857142857,-12.04,-0.34,3,0.08571428571428572,11,-6.2,-0.56,2,0.18181818181818182,24,-5.84,-0.24,10,0.4166666666666667,9,0.4444444444444444,0.5555555555555556,-2.72,-0.3,3,0.3333333333333333,4,-2.06,-0.51,1,0.25,5,-0.66,-0.13,2,0.4,5,2,3,14,8,6,-8.76,-0.63,0.35714285714285715,0.14285714285714285,0.21428571428571427,0.5714285714285714,0.42857142857142855,13,0.43333333333333335,-8.85,-0.3,30,4,0.21052631578947367,-11.95,-0.63,19,401282234,2021,7
2390,Miami Hurricanes,33,0.4230769230769231,16,0.3333333333333333,17,0.5666666666666667,3,0.3,9,0.5625,23,0.38333333333333336,60,0.5833333333333334,0.4166666666666667,-7.27,-0.12,14,0.23333333333333334,35,-12.98,-0.37,11,0.3142857142857143,25,5.71,0.23,12,0.48,12,0.4166666666666667,0.5833333333333334,1.65,0.14,5,0.4166666666666667,5,-3.86,-0.77,1,0.2,7,5.52,0.79,4,0.5714285714285714,10,5,5,18,13,5,10.33,0.57,0.5555555555555556,0.2777777777777778,0.2777777777777778,0.7222222222222222,0.2777777777777778,18,0.375,-10.14,-0.21,48,15,0.5,13.2,0.44,30,401282659,2021,7
153,North Carolina Tar Heels,29,0.4084507042253521,9,0.3103448275862069,20,0.47619047619047616,4,0.2857142857142857,7,0.4666666666666667,22,0.39285714285714285,56,0.3392857142857143,0.6607142857142857,-7.85,-0.14,11,0.19642857142857142,19,-11.9,-0.63,6,0.3157894736842105,37,4.05,0.11,16,0.43243243243243246,4,0.75,0.25,-1.91,-0.48,1,0.25,3,-2.1,-0.7,0,0.0,1,0.19,0.19,1,1.0,7,3,4,15,10,5,4.07,0.27,0.4666666666666667,0.2,0.26666666666666666,0.6666666666666666,0.3333333333333333,23,0.45098039215686275,-2.01,-0.04,51,6,0.3,-1.77,-0.09,20,401282659,2021,7
259,Virginia Tech Hokies,18,0.3,8,0.22857142857142856,10,0.4,2,0.5,4,0.2857142857142857,14,0.3181818181818182,44,0.5454545454545454,0.45454545454545453,-5.88,-0.13,7,0.1590909090909091,24,-5.35,-0.22,6,0.25,20,-0.53,-0.03,8,0.4,10,0.6,0.4,-5.85,-0.59,1,0.1,6,-4.43,-0.74,0,0.0,4,-1.42,-0.35,1,0.25,4,2,2,16,11,5,-13.47,-0.84,0.25,0.125,0.125,0.6875,0.3125,15,0.39473684210526316,-0.16,-0.0,38,3,0.13636363636363635,-19.2,-0.87,22,401282661,2021,7
221,Pittsburgh Panthers,31,0.38271604938271603,14,0.3684210526315789,17,0.3953488372093023,3,0.6,9,0.47368421052631576,19,0.3275862068965517,58,0.43103448275862066,0.5689655172413793,-1.1,-0.02,9,0.15517241379310345,25,-0.9,-0.04,8,0.32,33,-0.2,-0.01,11,0.3333333333333333,13,0.6153846153846154,0.38461538461538464,4.93,0.38,5,0.38461538461538464,8,4.48,0.56,4,0.5,5,0.45,0.09,1,0.2,12,6,6,23,13,10,5.38,0.23,0.5217391304347826,0.2608695652173913,0.2608695652173913,0.5652173913043478,0.43478260869565216,26,0.49056603773584906,15.01,0.28,53,5,0.17857142857142858,-10.72,-0.38,28,401282661,2021,7
2649,Toledo Rockets,26,0.37142857142857144,12,0.35294117647058826,14,0.3888888888888889,5,0.3333333333333333,5,0.2777777777777778,19,0.3877551020408163,49,0.46938775510204084,0.5306122448979592,2.43,0.05,10,0.20408163265306123,23,4.76,0.21,10,0.43478260869565216,26,-2.33,-0.09,9,0.34615384615384615,14,0.7142857142857143,0.2857142857142857,-5.91,-0.42,4,0.2857142857142857,10,-7.21,-0.72,2,0.2,4,1.3,0.33,2,0.5,7,2,5,21,11,10,-0.7,-0.03,0.3333333333333333,0.09523809523809523,0.23809523809523808,0.5238095238095238,0.47619047619047616,20,0.45454545454545453,9.96,0.23,44,6,0.23076923076923078,-8.23,-0.32,26,401309569,2021,7
2117,Central Michigan Chippewas,23,0.34328358208955223,14,0.3888888888888889,9,0.2903225806451613,4,0.8,4,0.23529411764705882,17,0.3541666666666667,48,0.4583333333333333,0.5416666666666666,-5.19,-0.11,7,0.14583333333333334,22,2.01,0.09,9,0.4090909090909091,26,-7.2,-0.28,8,0.3076923076923077,13,0.7692307692307693,0.23076923076923078,1.59,0.12,7,0.5384615384615384,10,1.45,0.14,6,0.6,3,0.15,0.05,1,0.3333333333333333,6,5,1,19,14,5,-1.67,-0.09,0.3157894736842105,0.2631578947368421,0.05263157894736842,0.7368421052631579,0.2631578947368421,15,0.4166666666666667,2.0,0.06,36,8,0.25806451612903225,-8.86,-0.29,31,401309569,2021,7
2459,Northern Illinois Huskies,37,0.5692307692307692,3,0.375,34,0.5964912280701754,7,0.5,4,0.4,31,0.5961538461538461,52,0.057692307692307696,0.9423076923076923,1.41,0.03,16,0.3076923076923077,3,1.41,0.47,2,0.6666666666666666,49,-0.0,-0.0,29,0.5918367346938775,14,0.14285714285714285,0.8571428571428571,-0.79,-0.06,8,0.5714285714285714,2,-0.64,-0.32,1,0.5,12,-0.15,-0.01,7,0.5833333333333334,6,1,5,13,5,8,1.8,0.14,0.46153846153846156,0.07692307692307693,0.38461538461538464,0.38461538461538464,0.6153846153846154,34,0.6666666666666666,8.98,0.18,51,3,0.21428571428571427,-5.77,-0.41,14,401309570,2021,7
189,Bowling Green Falcons,28,0.4117647058823529,14,0.34146341463414637,14,0.5185185185185185,3,0.42857142857142855,6,0.4,21,0.4117647058823529,51,0.5490196078431373,0.45098039215686275,6.4,0.13,9,0.17647058823529413,28,4.24,0.15,10,0.35714285714285715,23,2.16,0.09,11,0.4782608695652174,9,0.6666666666666666,0.3333333333333333,0.32,0.04,3,0.3333333333333333,6,-0.4,-0.07,2,0.3333333333333333,3,0.73,0.24,1,0.3333333333333333,7,4,3,17,13,4,-0.41,-0.02,0.4117647058823529,0.23529411764705882,0.17647058823529413,0.7647058823529411,0.23529411764705882,19,0.4634146341463415,3.85,0.09,41,9,0.3333333333333333,2.13,0.08,27,401309570,2021,7
2711,Western Michigan Broncos,38,0.5205479452054794,15,0.6818181818181818,23,0.45098039215686275,5,0.38461538461538464,5,0.45454545454545453,31,0.5166666666666667,60,0.31666666666666665,0.6833333333333333,28.47,0.47,15,0.25,19,20.15,1.06,13,0.6842105263157895,41,8.32,0.2,18,0.43902439024390244,9,0.3333333333333333,0.6666666666666666,2.52,0.28,4,0.4444444444444444,3,0.18,0.06,1,0.3333333333333333,6,2.34,0.39,3,0.5,7,2,5,13,3,10,6.21,0.48,0.5384615384615384,0.15384615384615385,0.38461538461538464,0.23076923076923078,0.7692307692307693,29,0.5178571428571429,20.28,0.36,56,9,0.5294117647058824,14.39,0.85,17,401309572,2021,7
2309,Kent State Golden Flashes,28,0.4117647058823529,14,0.358974358974359,14,0.4827586206896552,6,0.5454545454545454,4,0.2857142857142857,22,0.43137254901960786,51,0.5294117647058824,0.47058823529411764,8.56,0.17,11,0.21568627450980393,27,9.87,0.37,11,0.4074074074074074,24,-1.31,-0.05,11,0.4583333333333333,17,0.5882352941176471,0.4117647058823529,-6.11,-0.36,6,0.35294117647058826,10,-2.39,-0.24,3,0.3,7,-3.72,-0.53,3,0.42857142857142855,6,3,3,17,12,5,-5.88,-0.35,0.35294117647058826,0.17647058823529413,0.17647058823529413,0.7058823529411765,0.29411764705882354,22,0.4583333333333333,7.25,0.15,48,6,0.3,-4.57,-0.23,20,401309572,2021,7
38,Colorado Buffaloes,21,0.375,10,0.5,11,0.3055555555555556,2,0.2857142857142857,7,0.5384615384615384,14,0.3333333333333333,42,0.30952380952380953,0.6904761904761905,-0.16,-0.0,8,0.19047619047619047,13,7.67,0.59,7,0.5384615384615384,29,-7.83,-0.27,7,0.2413793103448276,7,0.14285714285714285,0.8571428571428571,-2.21,-0.32,2,0.2857142857142857,1,-1.92,-1.92,0,0.0,6,-0.29,-0.05,2,0.3333333333333333,7,3,4,14,7,7,1.21,0.09,0.5,0.21428571428571427,0.2857142857142857,0.5,0.5,14,0.3333333333333333,-11.84,-0.28,42,7,0.5,12.89,0.92,14,401309875,2021,7
12,Arizona Wildcats,23,0.32857142857142857,12,0.2926829268292683,11,0.3793103448275862,0,0.0,4,0.26666666666666666,18,0.34615384615384615,52,0.5,0.5,-7.27,-0.14,11,0.21153846153846154,26,-6.74,-0.26,8,0.3076923076923077,26,-0.53,-0.02,10,0.38461538461538464,6,0.5,0.5,-4.98,-0.83,2,0.3333333333333333,3,-3.31,-1.1,1,0.3333333333333333,3,-1.67,-0.56,1,0.3333333333333333,5,4,1,18,15,3,-18.19,-1.01,0.2777777777777778,0.2222222222222222,0.05555555555555555,0.8333333333333334,0.16666666666666666,13,0.29545454545454547,-24.67,-0.56,44,10,0.38461538461538464,-0.79,-0.03,26,401309875,2021,7
278,Fresno State Bulldogs,27,0.4090909090909091,11,0.39285714285714285,16,0.42105263157894735,2,0.3333333333333333,7,0.4117647058823529,20,0.425531914893617,47,0.3404255319148936,0.6595744680851063,-3.39,-0.07,6,0.1276595744680851,16,-1.77,-0.11,6,0.375,31,-1.62,-0.05,14,0.45161290322580644,8,0.625,0.375,-3.03,-0.38,3,0.375,5,-4.84,-0.97,0,0.0,3,1.8,0.6,3,1.0,7,5,2,19,12,7,-9.38,-0.49,0.3684210526315789,0.2631578947368421,0.10526315789473684,0.631578947368421,0.3684210526315789,16,0.3902439024390244,-7.44,-0.18,41,11,0.44,-5.33,-0.21,25,401310721,2021,7
2751,Wyoming Cowboys,22,0.3548387096774194,8,0.24242424242424243,14,0.4827586206896552,0,0.0,7,0.5,15,0.3191489361702128,47,0.425531914893617,0.574468085106383,-24.34,-0.52,7,0.14893617021276595,20,-24.25,-1.21,3,0.15,27,-0.08,-0.0,12,0.4444444444444444,17,0.5294117647058824,0.47058823529411764,-5.28,-0.31,6,0.35294117647058826,9,-7.22,-0.8,0,0.0,8,1.94,0.24,6,0.75,7,5,2,15,13,2,-0.06,-0.0,0.4666666666666667,0.3333333333333333,0.13333333333333333,0.8666666666666667,0.13333333333333333,15,0.36585365853658536,-25.64,-0.63,41,7,0.3333333333333333,1.24,0.06,21,401310721,2021,7
2579,South Carolina Gamecocks,28,0.4307692307692308,17,0.5,11,0.3548387096774194,3,0.42857142857142855,8,0.6666666666666666,20,0.38461538461538464,52,0.5192307692307693,0.4807692307692308,-2.58,-0.05,9,0.17307692307692307,27,5.39,0.2,14,0.5185185185185185,25,-7.97,-0.32,6,0.24,9,0.3333333333333333,0.6666666666666666,3.44,0.38,5,0.5555555555555556,3,3.03,1.01,2,0.6666666666666666,6,0.41,0.07,3,0.5,8,3,5,13,7,6,4.36,0.34,0.6153846153846154,0.23076923076923078,0.38461538461538464,0.5384615384615384,0.46153846153846156,17,0.38636363636363635,-13.17,-0.3,44,11,0.5238095238095238,14.95,0.71,21,401282109,2021,7
238,Vanderbilt Commodores,21,0.3559322033898305,8,0.34782608695652173,13,0.3611111111111111,4,0.36363636363636365,6,0.42857142857142855,15,0.3409090909090909,44,0.3409090909090909,0.6590909090909091,-18.55,-0.42,8,0.18181818181818182,15,-12.83,-0.86,5,0.3333333333333333,29,-5.72,-0.2,10,0.3448275862068966,8,0.375,0.625,-0.27,-0.03,4,0.5,3,-3.37,-1.12,0,0.0,5,3.1,0.62,4,0.8,6,3,3,15,8,7,2.86,0.19,0.4,0.2,0.2,0.5333333333333333,0.4666666666666667,12,0.32432432432432434,-22.49,-0.61,37,9,0.4090909090909091,6.8,0.31,22,401282109,2021,7
2641,Texas Tech Red Raiders,39,0.582089552238806,13,0.52,26,0.6190476190476191,11,0.5789473684210527,9,0.8181818181818182,30,0.5357142857142857,56,0.35714285714285715,0.6428571428571429,10.05,0.18,15,0.26785714285714285,20,0.95,0.05,10,0.5,36,9.09,0.25,20,0.5555555555555556,8,0.375,0.625,6.45,0.81,6,0.75,3,1.02,0.34,2,0.6666666666666666,5,5.43,1.09,4,0.8,9,3,6,11,5,6,9.26,0.84,0.8181818181818182,0.2727272727272727,0.5454545454545454,0.45454545454545453,0.5454545454545454,34,0.5964912280701754,14.43,0.25,57,5,0.5,4.88,0.49,10,401287921,2021,7
2305,Kansas Jayhawks,27,0.4426229508196721,12,0.42857142857142855,15,0.45454545454545453,2,1.0,6,0.46153846153846156,20,0.43478260869565216,46,0.391304347826087,0.6086956521739131,7.28,0.16,9,0.1956521739130435,18,8.24,0.46,9,0.5,28,-0.96,-0.03,11,0.39285714285714285,12,0.6666666666666666,0.3333333333333333,-2.4,-0.2,5,0.4166666666666667,8,-0.05,-0.01,4,0.5,4,-2.35,-0.59,1,0.25,7,3,4,15,10,5,-0.34,-0.02,0.4666666666666667,0.2,0.26666666666666666,0.6666666666666666,0.3333333333333333,24,0.5454545454545454,18.04,0.41,44,3,0.17647058823529413,-11.1,-0.65,17,401287921,2021,7
2636,UTSA Roadrunners,29,0.46774193548387094,10,0.4,19,0.5135135135135135,4,0.36363636363636365,4,0.36363636363636365,25,0.5,50,0.34,0.66,11.71,0.23,15,0.3,17,5.74,0.34,8,0.47058823529411764,33,5.97,0.18,17,0.5151515151515151,7,0.5714285714285714,0.42857142857142855,4.14,0.59,4,0.5714285714285714,4,3.6,0.9,3,0.75,3,0.53,0.18,1,0.3333333333333333,4,2,2,12,8,4,-3.6,-0.3,0.3333333333333333,0.16666666666666666,0.16666666666666666,0.6666666666666666,0.3333333333333333,23,0.5111111111111111,11.31,0.25,45,6,0.35294117647058826,-3.19,-0.19,17,401282233,2021,7
242,Rice Owls,11,0.21153846153846154,2,0.10526315789473684,9,0.2727272727272727,,,3,0.2,8,0.2222222222222222,36,0.19444444444444445,0.8055555555555556,-11.0,-0.31,4,0.1111111111111111,7,-2.42,-0.35,1,0.14285714285714285,29,-8.58,-0.3,7,0.2413793103448276,9,0.4444444444444444,0.5555555555555556,-7.85,-0.87,1,0.1111111111111111,4,-7.3,-1.82,0,0.0,5,-0.55,-0.11,1,0.2,3,1,2,16,12,4,-16.67,-1.04,0.1875,0.0625,0.125,0.75,0.25,7,0.23333333333333334,-16.04,-0.53,30,4,0.18181818181818182,-11.63,-0.53,22,401282233,2021,7
2433,UL Monroe Warhawks,28,0.39436619718309857,13,0.40625,15,0.38461538461538464,4,0.4444444444444444,5,0.4166666666666667,22,0.3793103448275862,58,0.41379310344827586,0.5862068965517241,-3.27,-0.06,10,0.1724137931034483,24,-0.91,-0.04,10,0.4166666666666667,34,-2.36,-0.07,12,0.35294117647058826,12,0.4166666666666667,0.5833333333333334,6.34,0.53,7,0.5833333333333334,5,6.1,1.22,4,0.8,7,0.24,0.03,3,0.42857142857142855,6,3,3,13,8,5,1.41,0.11,0.46153846153846156,0.23076923076923078,0.23076923076923078,0.6153846153846154,0.38461538461538464,19,0.3958333333333333,-6.46,-0.13,48,9,0.391304347826087,4.6,0.2,23,401286296,2021,7
2335,Liberty Flames,31,0.40789473684210525,12,0.3870967741935484,19,0.4222222222222222,5,0.38461538461538464,9,0.5625,21,0.3684210526315789,57,0.42105263157894735,0.5789473684210527,-10.36,-0.18,11,0.19298245614035087,24,-12.52,-0.52,10,0.4166666666666667,33,2.16,0.07,11,0.3333333333333333,9,0.6666666666666666,0.3333333333333333,6.97,0.77,7,0.7777777777777778,6,4.56,0.76,5,0.8333333333333334,3,2.41,0.8,2,0.6666666666666666,10,2,8,19,7,12,4.94,0.26,0.5263157894736842,0.10526315789473684,0.42105263157894735,0.3684210526315789,0.631578947368421,25,0.4166666666666667,1.23,0.02,60,6,0.375,-6.66,-0.42,16,401286296,2021,7
36,Colorado State Rams,32,0.41025641025641024,15,0.5,17,0.3541666666666667,4,0.23529411764705882,8,0.47058823529411764,24,0.39344262295081966,61,0.32786885245901637,0.6721311475409836,5.8,0.1,13,0.21311475409836064,20,9.38,0.47,10,0.5,41,-3.58,-0.09,14,0.34146341463414637,14,0.6428571428571429,0.35714285714285715,3.64,0.26,7,0.5,9,2.83,0.31,4,0.4444444444444444,5,0.81,0.16,3,0.6,8,5,3,17,10,7,-2.41,-0.14,0.47058823529411764,0.29411764705882354,0.17647058823529413,0.5882352941176471,0.4117647058823529,23,0.42592592592592593,4.66,0.09,54,9,0.375,-1.28,-0.05,24,401310719,2021,7
167,New Mexico Lobos,11,0.19642857142857142,2,0.07142857142857142,9,0.32142857142857145,,,2,0.16666666666666666,9,0.20930232558139536,43,0.46511627906976744,0.5348837209302325,-32.18,-0.75,6,0.13953488372093023,20,-24.87,-1.24,2,0.1,23,-7.31,-0.32,7,0.30434782608695654,8,0.125,0.875,-2.68,-0.33,1,0.125,1,-0.95,-0.95,0,0.0,7,-1.73,-0.25,1,0.14285714285714285,2,0,2,13,8,5,-11.39,-0.88,0.15384615384615385,0.0,0.15384615384615385,0.6153846153846154,0.38461538461538464,9,0.25,-25.49,-0.71,36,2,0.1,-18.08,-0.9,20,401310719,2021,7
328,Utah State Aggies,31,0.40789473684210525,17,0.53125,14,0.3181818181818182,3,0.25,7,0.5,23,0.3898305084745763,59,0.4067796610169492,0.5932203389830508,3.76,0.06,14,0.23728813559322035,24,8.3,0.35,13,0.5416666666666666,35,-4.54,-0.13,10,0.2857142857142857,6,0.3333333333333333,0.6666666666666666,5.63,0.94,3,0.5,2,1.03,0.51,1,0.5,4,4.6,1.15,2,0.5,8,4,4,17,8,9,4.43,0.26,0.47058823529411764,0.23529411764705882,0.23529411764705882,0.47058823529411764,0.5294117647058824,20,0.39215686274509803,-11.2,-0.22,51,11,0.44,19.39,0.78,25,401310720,2021,7
2439,UNLV Rebels,19,0.35185185185185186,4,0.16,15,0.5172413793103449,3,0.375,5,0.4166666666666667,14,0.34146341463414637,41,0.36585365853658536,0.6341463414634146,2.36,0.06,8,0.1951219512195122,15,-8.24,-0.55,1,0.06666666666666667,26,10.6,0.41,13,0.5,10,0.3,0.7,4.39,0.44,7,0.7,3,0.83,0.28,1,0.3333333333333333,7,3.56,0.51,6,0.8571428571428571,5,3,2,13,10,3,0.04,0.0,0.38461538461538464,0.23076923076923078,0.15384615384615385,0.7692307692307693,0.23076923076923078,13,0.41935483870967744,7.48,0.24,31,6,0.2608695652173913,-5.08,-0.22,23,401310720,2021,7
66,Iowa State Cyclones,27,0.45,15,0.6,12,0.34285714285714286,5,0.4166666666666667,10,0.6666666666666666,17,0.37777777777777777,45,0.35555555555555557,0.6444444444444445,7.97,0.18,9,0.2,16,4.22,0.26,8,0.5,29,3.75,0.13,9,0.3103448275862069,9,0.5555555555555556,0.4444444444444444,1.42,0.16,5,0.5555555555555556,5,2.03,0.41,3,0.6,4,-0.62,-0.15,2,0.5,10,7,3,15,9,6,11.41,0.76,0.6666666666666666,0.4666666666666667,0.2,0.6,0.4,19,0.4634146341463415,9.24,0.23,41,8,0.42105263157894735,10.14,0.53,19,401287922,2021,7
2306,Kansas State Wildcats,29,0.5178571428571429,13,0.5,16,0.5333333333333333,5,0.5555555555555556,7,0.6363636363636364,21,0.4772727272727273,44,0.4318181818181818,0.5681818181818182,6.76,0.15,12,0.2727272727272727,19,3.36,0.18,9,0.47368421052631576,25,3.39,0.14,12,0.48,5,0.6,0.4,-2.75,-0.55,1,0.2,3,-1.61,-0.54,1,0.3333333333333333,2,-1.14,-0.57,0,0.0,8,4,4,12,7,5,9.13,0.76,0.6666666666666666,0.3333333333333333,0.3333333333333333,0.5833333333333334,0.4166666666666667,24,0.5581395348837209,10.39,0.24,43,5,0.38461538461538464,5.5,0.42,13,401287922,2021,7
265,Washington State Cougars,25,0.44642857142857145,12,0.3870967741935484,13,0.52,5,0.5555555555555556,4,0.4,21,0.4772727272727273,44,0.5227272727272727,0.4772727272727273,18.07,0.41,12,0.2727272727272727,23,16.67,0.72,11,0.4782608695652174,21,1.4,0.07,10,0.47619047619047616,11,0.45454545454545453,0.5454545454545454,-3.68,-0.33,4,0.36363636363636365,5,-0.85,-0.17,2,0.4,6,-2.83,-0.47,2,0.3333333333333333,4,1,3,12,8,4,-10.55,-0.88,0.3333333333333333,0.08333333333333333,0.25,0.6666666666666666,0.3333333333333333,19,0.48717948717948717,7.35,0.19,39,6,0.35294117647058826,0.18,0.01,17,401309873,2021,7
24,Stanford Cardinal,32,0.47761194029850745,19,0.5277777777777778,13,0.41935483870967744,6,0.46153846153846156,6,0.46153846153846156,26,0.48148148148148145,54,0.5,0.5,4.77,0.09,11,0.2037037037037037,27,11.78,0.44,16,0.5925925925925926,27,-7.0,-0.26,10,0.37037037037037035,10,0.6,0.4,-1.69,-0.17,6,0.6,6,2.13,0.36,4,0.6666666666666666,4,-3.83,-0.96,2,0.5,6,3,3,13,9,4,-3.98,-0.31,0.46153846153846156,0.23076923076923078,0.23076923076923078,0.6923076923076923,0.3076923076923077,22,0.4782608695652174,-2.31,-0.05,46,10,0.47619047619047616,3.1,0.15,21,401309873,2021,7
349,Army Black Knights,20,0.35714285714285715,3,0.42857142857142855,17,0.3469387755102041,2,0.5,6,0.42857142857142855,12,0.3,40,0.125,0.875,-4.55,-0.11,5,0.125,5,-1.17,-0.23,3,0.6,35,-3.38,-0.1,9,0.2571428571428571,10,0.1,0.9,-1.23,-0.12,2,0.2,1,2.77,2.77,1,1.0,9,-3.99,-0.44,1,0.1111111111111111,8,0,8,16,2,14,3.86,0.24,0.5,0.0,0.5,0.125,0.875,15,0.39473684210526316,-1.61,-0.04,38,5,0.2777777777777778,0.93,0.05,18,401282826,2021,7
275,Wisconsin Badgers,28,0.4827586206896552,7,0.4375,21,0.5,2,0.5,3,0.3,23,0.5,46,0.2391304347826087,0.7608695652173914,3.23,0.07,11,0.2391304347826087,11,-1.53,-0.14,5,0.45454545454545453,35,4.77,0.14,18,0.5142857142857142,9,0.5555555555555556,0.4444444444444444,2.17,0.24,4,0.4444444444444444,5,-0.11,-0.02,2,0.4,4,2.28,0.57,2,0.5,5,2,3,12,5,7,0.45,0.04,0.4166666666666667,0.16666666666666666,0.25,0.4166666666666667,0.5833333333333334,21,0.5,1.18,0.03,42,7,0.4375,2.51,0.16,16,401282826,2021,7
264,Washington Huskies,25,0.4098360655737705,15,0.46875,10,0.3448275862068966,3,0.375,9,0.6428571428571429,15,0.32608695652173914,46,0.5,0.5,-8.16,-0.18,6,0.13043478260869565,23,-2.88,-0.13,10,0.43478260869565216,23,-5.28,-0.23,5,0.21739130434782608,10,0.6,0.4,4.57,0.46,6,0.6,6,4.09,0.68,4,0.6666666666666666,4,0.48,0.12,2,0.5,10,5,5,15,9,6,9.03,0.6,0.6666666666666666,0.3333333333333333,0.3333333333333333,0.6,0.4,19,0.3958333333333333,-2.68,-0.06,48,6,0.46153846153846156,3.55,0.27,13,401309874,2021,7
26,UCLA Bruins,37,0.5522388059701493,15,0.5555555555555556,22,0.55,4,0.5714285714285714,4,0.3333333333333333,30,0.5769230769230769,52,0.4230769230769231,0.5769230769230769,15.49,0.3,15,0.28846153846153844,22,10.34,0.47,15,0.6818181818181818,30,5.14,0.17,15,0.5,15,0.5333333333333333,0.4666666666666667,3.37,0.22,9,0.6,8,-0.83,-0.1,4,0.5,7,4.21,0.6,5,0.7142857142857143,7,0,7,15,5,10,2.85,0.19,0.4666666666666667,0.0,0.4666666666666667,0.3333333333333333,0.6666666666666666,33,0.6346153846153846,24.77,0.48,52,4,0.26666666666666666,-6.43,-0.43,15,401309874,2021,7
2638,UTEP Miners,25,0.36231884057971014,16,0.5333333333333333,9,0.23076923076923078,2,0.5,8,0.5,16,0.3076923076923077,52,0.38461538461538464,0.6153846153846154,-7.41,-0.14,9,0.17307692307692307,20,2.2,0.11,9,0.45,32,-9.61,-0.3,7,0.21875,10,0.5,0.5,1.54,0.15,2,0.2,5,4.53,0.91,2,0.4,5,-2.99,-0.6,0,0.0,9,7,2,17,10,7,8.27,0.49,0.5294117647058824,0.4117647058823529,0.11764705882352941,0.5882352941176471,0.4117647058823529,13,0.3170731707317073,-5.12,-0.12,41,12,0.42857142857142855,5.98,0.21,28,401282230,2021,7
2348,Louisiana Tech Bulldogs,22,0.4,14,0.4375,8,0.36363636363636365,1,0.1111111111111111,3,0.25,19,0.4634146341463415,41,0.5853658536585366,0.3902439024390244,-7.77,-0.19,9,0.21951219512195122,24,-6.62,-0.28,11,0.4583333333333333,16,-1.04,-0.07,8,0.5,8,0.75,0.25,-2.66,-0.33,3,0.375,6,-4.38,-0.73,1,0.16666666666666666,2,1.71,0.86,2,1.0,3,3,0,14,8,6,-13.1,-0.94,0.21428571428571427,0.21428571428571427,0.0,0.5714285714285714,0.42857142857142855,17,0.4473684210526316,-10.6,-0.28,38,5,0.29411764705882354,-10.26,-0.6,17,401282230,2021,7
2005,Air Force Falcons,30,0.45454545454545453,1,0.14285714285714285,29,0.4915254237288136,7,0.4117647058823529,6,0.4,22,0.4489795918367347,49,0.08163265306122448,0.9183673469387755,2.81,0.06,9,0.1836734693877551,4,-3.6,-0.9,0,0.0,45,6.42,0.14,22,0.4888888888888889,11,0.2727272727272727,0.7272727272727273,-5.75,-0.52,2,0.18181818181818182,3,-3.2,-1.07,0,0.0,8,-2.56,-0.32,2,0.25,8,1,7,17,3,14,7.33,0.43,0.47058823529411764,0.058823529411764705,0.4117647058823529,0.17647058823529413,0.8235294117647058,27,0.5294117647058824,14.07,0.28,51,3,0.2,-3.92,-0.26,15,401310718,2021,7
68,Boise State Broncos,23,0.46,15,0.5172413793103449,8,0.38095238095238093,2,0.25,6,0.6,17,0.4358974358974359,39,0.5897435897435898,0.41025641025641024,2.61,0.07,8,0.20512820512820512,23,2.8,0.12,12,0.5217391304347826,16,-0.19,-0.01,5,0.3125,14,0.5,0.5,2.25,0.16,7,0.5,7,1.08,0.15,4,0.5714285714285714,7,1.16,0.17,3,0.42857142857142855,6,3,3,11,6,5,6.08,0.55,0.5454545454545454,0.2727272727272727,0.2727272727272727,0.5454545454545454,0.45454545454545453,15,0.45454545454545453,-0.13,-0.0,33,8,0.47058823529411764,8.83,0.52,17,401310718,2021,7
62,Hawai'i Rainbow Warriors,29,0.4264705882352941,15,0.3409090909090909,14,0.5833333333333334,1,0.14285714285714285,4,0.3076923076923077,25,0.4716981132075472,53,0.5849056603773585,0.41509433962264153,2.76,0.05,11,0.20754716981132076,31,-7.72,-0.25,13,0.41935483870967744,22,10.49,0.48,12,0.5454545454545454,8,0.5,0.5,-8.62,-1.08,2,0.25,4,-8.76,-2.19,0,0.0,4,0.13,0.03,2,0.5,4,2,2,15,13,2,-13.08,-0.87,0.26666666666666666,0.13333333333333333,0.13333333333333333,0.8666666666666667,0.13333333333333333,21,0.4375,-6.08,-0.13,48,8,0.4,-4.25,-0.21,20,401310722,2021,7
2440,Nevada Wolf Pack,39,0.42391304347826086,25,0.43859649122807015,14,0.4,6,0.5,10,0.47619047619047616,28,0.4,70,0.5571428571428572,0.44285714285714284,-4.48,-0.06,12,0.17142857142857143,39,0.69,0.02,16,0.41025641025641024,31,-5.18,-0.17,12,0.3870967741935484,13,0.7692307692307693,0.23076923076923078,0.14,0.01,5,0.38461538461538464,10,1.81,0.18,5,0.5,3,-1.68,-0.56,0,0.0,11,9,2,22,18,4,12.12,0.55,0.5,0.4090909090909091,0.09090909090909091,0.8181818181818182,0.18181818181818182,24,0.39344262295081966,-5.43,-0.09,61,15,0.4838709677419355,13.07,0.42,31,401310722,2021,7
2026,Appalachian State Mountaineers,34,0.4927536231884058,14,0.5,20,0.4878048780487805,5,0.5555555555555556,8,0.7272727272727273,26,0.4642857142857143,56,0.375,0.625,5.33,0.1,14,0.25,21,6.95,0.33,9,0.42857142857142855,35,-1.62,-0.05,17,0.4857142857142857,9,0.6666666666666666,0.3333333333333333,0.5,0.06,5,0.5555555555555556,6,0.93,0.16,3,0.5,3,-0.43,-0.14,2,0.6666666666666666,8,5,3,13,7,6,8.42,0.65,0.6153846153846154,0.38461538461538464,0.23076923076923078,0.5384615384615384,0.46153846153846156,24,0.4897959183673469,0.75,0.02,49,10,0.5,13.0,0.65,20,401309623,2021,8
324,Coastal Carolina Chanticleers,23,0.4423076923076923,15,0.5769230769230769,8,0.3076923076923077,5,0.7142857142857143,3,0.3333333333333333,20,0.46511627906976744,43,0.5116279069767442,0.4883720930232558,1.76,0.04,13,0.3023255813953488,22,5.12,0.23,13,0.5909090909090909,21,-3.36,-0.16,7,0.3333333333333333,7,0.42857142857142855,0.5714285714285714,-2.3,-0.33,2,0.2857142857142857,3,1.61,0.54,2,0.6666666666666666,4,-3.91,-0.98,0,0.0,3,2,1,9,4,5,5.03,0.56,0.3333333333333333,0.2222222222222222,0.1111111111111111,0.4444444444444444,0.5555555555555556,21,0.5833333333333334,13.14,0.36,36,2,0.125,-6.34,-0.4,16,401309623,2021,8
2567,SMU Mustangs,41,0.5,26,0.5777777777777777,15,0.40540540540540543,10,0.5882352941176471,7,0.5,32,0.49230769230769234,65,0.47692307692307695,0.5230769230769231,17.66,0.27,17,0.26153846153846155,31,15.25,0.49,17,0.5483870967741935,34,2.41,0.07,15,0.4411764705882353,11,0.45454545454545453,0.5454545454545454,0.9,0.08,5,0.45454545454545453,5,7.61,1.52,5,1.0,6,-6.71,-1.12,0,0.0,9,9,0,17,14,3,12.71,0.75,0.5294117647058824,0.5294117647058824,0.0,0.8235294117647058,0.17647058823529413,29,0.5087719298245614,10.82,0.19,57,12,0.48,19.54,0.78,25,401301025,2021,8
2655,Tulane Green Wave,27,0.421875,10,0.38461538461538464,17,0.4473684210526316,4,0.4,4,0.3333333333333333,22,0.46808510638297873,47,0.3829787234042553,0.6170212765957447,11.96,0.25,9,0.19148936170212766,18,3.44,0.19,7,0.3888888888888889,29,8.51,0.29,15,0.5172413793103449,9,0.4444444444444444,0.5555555555555556,8.01,0.89,5,0.5555555555555556,4,8.39,2.1,3,0.75,5,-0.38,-0.08,2,0.4,5,3,2,17,8,9,-2.67,-0.16,0.29411764705882354,0.17647058823529413,0.11764705882352941,0.47058823529411764,0.5294117647058824,20,0.4878048780487805,10.85,0.26,41,7,0.30434782608695654,-1.56,-0.07,23,401301025,2021,8
2226,Florida Atlantic Owls,25,0.5102040816326531,8,0.6666666666666666,17,0.4594594594594595,4,0.4,5,0.5555555555555556,19,0.5,38,0.18421052631578946,0.8157894736842105,6.92,0.18,10,0.2631578947368421,7,10.64,1.52,5,0.7142857142857143,31,-3.73,-0.12,14,0.45161290322580644,4,0.5,0.5,5.49,1.37,3,0.75,2,4.43,2.21,2,1.0,2,1.07,0.53,1,0.5,6,3,3,11,5,6,6.06,0.55,0.5454545454545454,0.2727272727272727,0.2727272727272727,0.45454545454545453,0.5454545454545454,17,0.53125,6.35,0.2,32,8,0.47058823529411764,6.63,0.39,17,401282235,2021,8
2429,Charlotte 49ers,26,0.3561643835616438,18,0.4,8,0.2857142857142857,3,0.2,4,0.23529411764705882,18,0.36,50,0.58,0.42,-12.13,-0.24,9,0.18,29,1.11,0.04,13,0.4482758620689655,21,-13.23,-0.63,5,0.23809523809523808,6,0.3333333333333333,0.6666666666666666,3.14,0.52,3,0.5,2,4.68,2.34,2,1.0,4,-1.53,-0.38,1,0.25,8,5,3,23,16,7,-1.34,-0.06,0.34782608695652173,0.21739130434782608,0.13043478260869565,0.6956521739130435,0.30434782608695654,22,0.4888888888888889,2.62,0.06,45,4,0.14285714285714285,-16.09,-0.57,28,401282235,2021,8
309,Louisiana Ragin' Cajuns,41,0.5774647887323944,10,0.47619047619047616,31,0.62,8,0.5714285714285714,6,0.5454545454545454,34,0.5862068965517241,58,0.3448275862068966,0.6551724137931034,14.09,0.24,17,0.29310344827586204,20,-2.03,-0.1,10,0.5,38,16.12,0.42,24,0.631578947368421,14,0.5714285714285714,0.42857142857142855,12.97,0.93,12,0.8571428571428571,8,5.79,0.72,6,0.75,6,7.18,1.2,6,1.0,7,0,7,13,1,12,1.47,0.11,0.5384615384615384,0.0,0.5384615384615384,0.07692307692307693,0.9230769230769231,34,0.6071428571428571,9.95,0.18,56,7,0.4666666666666667,5.61,0.37,15,401309624,2021,8
2032,Arkansas State Red Wolves,27,0.4090909090909091,13,0.3939393939393939,14,0.42424242424242425,2,0.25,5,0.45454545454545453,22,0.4074074074074074,54,0.4444444444444444,0.5555555555555556,8.48,0.16,11,0.2037037037037037,24,10.5,0.44,9,0.375,30,-2.02,-0.07,13,0.43333333333333335,14,0.6428571428571429,0.35714285714285715,5.17,0.37,5,0.35714285714285715,9,5.44,0.6,3,0.3333333333333333,5,-0.27,-0.05,2,0.4,5,4,1,12,9,3,-2.86,-0.24,0.4166666666666667,0.3333333333333333,0.08333333333333333,0.75,0.25,19,0.4418604651162791,7.04,0.16,43,8,0.34782608695652173,-1.43,-0.06,23,401309624,2021,8
23,San José State Spartans,34,0.4594594594594595,17,0.4722222222222222,17,0.4473684210526316,8,0.3333333333333333,10,0.6666666666666666,24,0.42857142857142855,56,0.4642857142857143,0.5357142857142857,6.28,0.11,13,0.23214285714285715,26,6.83,0.26,11,0.4230769230769231,30,-0.55,-0.02,13,0.43333333333333335,6,0.5,0.5,6.26,1.04,3,0.5,3,4.19,1.4,2,0.6666666666666666,3,2.07,0.69,1,0.3333333333333333,10,6,4,18,10,8,4.11,0.23,0.5555555555555556,0.3333333333333333,0.2222222222222222,0.5555555555555556,0.4444444444444444,21,0.42,-5.22,-0.1,50,13,0.5416666666666666,15.61,0.65,24,401310729,2021,8
2439,UNLV Rebels,31,0.4189189189189189,17,0.4722222222222222,14,0.3684210526315789,6,0.46153846153846156,11,0.5789473684210527,19,0.35185185185185186,54,0.42592592592592593,0.5740740740740741,-15.84,-0.29,9,0.16666666666666666,23,-5.35,-0.23,8,0.34782608695652173,31,-10.48,-0.34,11,0.3548387096774194,14,0.21428571428571427,0.7857142857142857,-1.9,-0.14,6,0.42857142857142855,3,0.64,0.21,2,0.6666666666666666,11,-2.54,-0.23,4,0.36363636363636365,12,9,3,20,13,7,16.23,0.81,0.6,0.45,0.15,0.65,0.35,20,0.4166666666666667,-6.34,-0.13,48,11,0.4230769230769231,6.74,0.26,26,401310729,2021,8
41,UConn Huskies,27,0.42857142857142855,15,0.40540540540540543,12,0.46153846153846156,1,0.2,5,0.35714285714285715,21,0.45652173913043476,46,0.5434782608695652,0.45652173913043476,-4.13,-0.09,9,0.1956521739130435,25,1.29,0.05,11,0.44,21,-5.42,-0.26,10,0.47619047619047616,9,0.7777777777777778,0.2222222222222222,1.06,0.12,4,0.4444444444444444,7,1.1,0.16,3,0.42857142857142855,2,-0.04,-0.02,1,0.5,6,4,2,17,12,5,-6.94,-0.41,0.35294117647058826,0.23529411764705882,0.11764705882352941,0.7058823529411765,0.29411764705882354,19,0.4634146341463415,-3.93,-0.1,41,8,0.36363636363636365,-7.14,-0.32,22,401282239,2021,8
2393,Middle Tennessee Blue Raiders,40,0.47619047619047616,21,0.5121951219512195,19,0.4418604651162791,8,0.4444444444444444,6,0.375,32,0.48484848484848486,66,0.4696969696969697,0.5303030303030303,6.25,0.09,16,0.24242424242424243,31,14.04,0.45,17,0.5483870967741935,35,-7.79,-0.22,15,0.42857142857142855,21,0.5714285714285714,0.42857142857142855,6.42,0.31,10,0.47619047619047616,12,6.18,0.51,7,0.5833333333333334,9,0.24,0.03,3,0.3333333333333333,8,4,4,18,10,8,6.11,0.34,0.4444444444444444,0.2222222222222222,0.2222222222222222,0.5555555555555556,0.4444444444444444,28,0.5,5.2,0.09,56,12,0.42857142857142855,7.16,0.26,28,401282239,2021,8
2116,UCF Knights,27,0.4426229508196721,7,0.3181818181818182,20,0.5128205128205128,2,0.25,3,0.25,24,0.4897959183673469,49,0.2653061224489796,0.7346938775510204,6.38,0.13,11,0.22448979591836735,13,3.84,0.3,5,0.38461538461538464,36,2.54,0.07,19,0.5277777777777778,12,0.4166666666666667,0.5833333333333334,-1.08,-0.09,6,0.5,5,0.59,0.12,2,0.4,7,-1.67,-0.24,4,0.5714285714285714,3,2,1,12,9,3,-8.64,-0.72,0.25,0.16666666666666666,0.08333333333333333,0.75,0.25,21,0.5,0.5,0.01,42,6,0.3157894736842105,-2.77,-0.15,19,401301026,2021,8
235,Memphis Tigers,30,0.379746835443038,18,0.3333333333333333,12,0.48,3,0.3333333333333333,5,0.35714285714285715,23,0.38333333333333336,60,0.7333333333333333,0.26666666666666666,-16.86,-0.28,14,0.23333333333333334,44,-17.82,-0.4,17,0.38636363636363635,16,0.96,0.06,6,0.375,13,0.6923076923076923,0.3076923076923077,-6.27,-0.48,2,0.15384615384615385,9,-5.65,-0.63,1,0.1111111111111111,4,-0.61,-0.15,1,0.25,7,1,6,19,10,9,-0.47,-0.02,0.3684210526315789,0.05263157894736842,0.3157894736842105,0.5263157894736842,0.47368421052631576,21,0.42,-9.18,-0.18,50,9,0.3103448275862069,-8.14,-0.28,29,401301026,2021,8
328,Utah State Aggies,28,0.358974358974359,13,0.3333333333333333,15,0.38461538461538464,0,0.0,6,0.3333333333333333,19,0.3333333333333333,57,0.42105263157894735,0.5789473684210527,-14.1,-0.25,13,0.22807017543859648,24,-10.64,-0.44,7,0.2916666666666667,33,-3.46,-0.1,12,0.36363636363636365,20,0.65,0.35,-7.12,-0.36,7,0.35,13,-9.51,-0.73,3,0.23076923076923078,7,2.4,0.34,4,0.5714285714285714,9,6,3,21,15,6,2.56,0.12,0.42857142857142855,0.2857142857142857,0.14285714285714285,0.7142857142857143,0.2857142857142857,21,0.4117647058823529,-2.66,-0.05,51,7,0.25925925925925924,-8.88,-0.33,27,401310725,2021,8
36,Colorado State Rams,31,0.4626865671641791,13,0.48148148148148145,18,0.45,5,0.625,6,0.46153846153846156,25,0.4716981132075472,53,0.33962264150943394,0.660377358490566,4.49,0.08,14,0.2641509433962264,18,4.77,0.27,8,0.4444444444444444,35,-0.28,-0.01,17,0.4857142857142857,,,,,,,,,,,,,,,,,,6,5,1,14,9,5,0.55,0.04,0.42857142857142855,0.35714285714285715,0.07142857142857142,0.6428571428571429,0.35714285714285715,23,0.5476190476190477,8.1,0.19,42,8,0.32,-3.07,-0.12,25,401310725,2021,8
12,Arizona Wildcats,25,0.4098360655737705,7,0.30434782608695654,18,0.47368421052631576,4,0.5,5,0.35714285714285715,20,0.425531914893617,47,0.2978723404255319,0.7021276595744681,-1.89,-0.04,8,0.1702127659574468,14,-7.17,-0.51,5,0.35714285714285715,33,5.28,0.16,15,0.45454545454545453,9,0.4444444444444444,0.5555555555555556,-0.91,-0.1,2,0.2222222222222222,4,-3.72,-0.93,0,0.0,5,2.81,0.56,2,0.4,5,2,3,14,9,5,-3.1,-0.22,0.35714285714285715,0.14285714285714285,0.21428571428571427,0.6428571428571429,0.35714285714285715,19,0.475,-1.36,-0.03,40,6,0.2857142857142857,-3.64,-0.17,21,401309877,2021,8
264,Washington Huskies,25,0.4166666666666667,10,0.38461538461538464,15,0.4411764705882353,3,0.5,5,0.38461538461538464,20,0.425531914893617,47,0.3829787234042553,0.6170212765957447,4.21,0.09,7,0.14893617021276595,18,6.16,0.34,7,0.3888888888888889,29,-1.95,-0.07,13,0.4482758620689655,10,0.8,0.2,-0.24,-0.02,2,0.2,8,0.6,0.07,2,0.25,2,-0.83,-0.42,0,0.0,5,3,2,13,8,5,-1.37,-0.11,0.38461538461538464,0.23076923076923078,0.15384615384615385,0.6153846153846154,0.38461538461538464,20,0.5,3.49,0.09,40,5,0.25,-0.65,-0.03,20,401309877,2021,8
2426,Navy Midshipmen,29,0.34523809523809523,8,0.4444444444444444,21,0.3181818181818182,3,0.2727272727272727,7,0.3333333333333333,19,0.3220338983050847,59,0.2033898305084746,0.7966101694915254,-5.9,-0.1,7,0.11864406779661017,12,2.54,0.21,5,0.4166666666666667,47,-8.44,-0.18,14,0.2978723404255319,21,0.23809523809523808,0.7619047619047619,-1.7,-0.08,7,0.3333333333333333,5,-0.61,-0.12,1,0.2,16,-1.09,-0.07,6,0.375,10,3,7,25,6,19,0.51,0.02,0.4,0.12,0.28,0.24,0.76,23,0.3898305084745763,-1.43,-0.02,59,6,0.24,-3.96,-0.16,25,401301027,2021,8
2132,Cincinnati Bearcats,27,0.54,18,0.5806451612903226,9,0.47368421052631576,4,0.5714285714285714,6,0.5,20,0.5405405405405406,37,0.6486486486486487,0.35135135135135137,1.86,0.05,5,0.13513513513513514,24,0.04,0.0,14,0.5833333333333334,13,1.82,0.14,6,0.46153846153846156,,,,,,,,,,,,,,,,,,7,4,3,13,7,6,2.65,0.2,0.5384615384615384,0.3076923076923077,0.23076923076923078,0.5384615384615384,0.46153846153846156,19,0.5428571428571428,-2.66,-0.08,35,8,0.5333333333333333,7.16,0.48,15,401301027,2021,8
201,Oklahoma Sooners,30,0.5555555555555556,14,0.6086956521739131,16,0.5161290322580645,7,0.6363636363636364,6,0.6,22,0.5365853658536586,41,0.34146341463414637,0.6585365853658537,13.37,0.33,10,0.24390243902439024,14,5.97,0.43,9,0.6428571428571429,27,7.4,0.27,13,0.48148148148148145,14,0.7142857142857143,0.2857142857142857,0.19,0.01,6,0.42857142857142855,10,1.76,0.18,6,0.6,4,-1.57,-0.39,0,0.0,8,5,3,13,9,4,13.98,1.08,0.6153846153846154,0.38461538461538464,0.23076923076923078,0.6923076923076923,0.3076923076923077,20,0.5405405405405406,18.1,0.49,37,10,0.5882352941176471,9.26,0.54,17,401287926,2021,8
2305,Kansas Jayhawks,34,0.5230769230769231,17,0.7083333333333334,17,0.4146341463414634,7,0.5384615384615384,10,0.7692307692307693,23,0.45098039215686275,51,0.3137254901960784,0.6862745098039216,0.85,0.02,12,0.23529411764705882,16,6.07,0.38,11,0.6875,35,-5.22,-0.15,12,0.34285714285714286,2,0.0,1.0,-0.34,-0.17,1,0.5,,,,,,2,-0.34,-0.17,1,0.5,11,6,5,14,8,6,12.24,0.87,0.7857142857142857,0.42857142857142855,0.35714285714285715,0.5714285714285714,0.42857142857142855,25,0.5319148936170213,6.93,0.15,47,9,0.5,6.15,0.34,18,401287926,2021,8
2633,Tennessee Volunteers,20,0.37037037037037035,14,0.45161290322580644,6,0.2608695652173913,1,0.2,2,0.16666666666666666,18,0.43902439024390244,41,0.5609756097560976,0.43902439024390244,11.81,0.29,5,0.12195121951219512,23,14.69,0.64,12,0.5217391304347826,18,-2.88,-0.16,6,0.3333333333333333,7,0.7142857142857143,0.2857142857142857,-3.88,-0.55,2,0.2857142857142857,5,-3.6,-0.72,1,0.2,2,-0.27,-0.14,1,0.5,2,2,0,13,8,5,-14.17,-1.09,0.15384615384615385,0.15384615384615385,0.0,0.6153846153846154,0.38461538461538464,15,0.4166666666666667,-1.87,-0.05,36,5,0.2777777777777778,-0.49,-0.03,18,401282111,2021,8
333,Alabama Crimson Tide,45,0.4945054945054945,23,0.5111111111111111,22,0.4782608695652174,12,0.6,15,0.75,30,0.4225352112676056,71,0.4507042253521127,0.5492957746478874,-5.36,-0.08,16,0.22535211267605634,32,-6.15,-0.19,14,0.4375,39,0.79,0.02,16,0.41025641025641024,17,0.5882352941176471,0.4117647058823529,-1.27,-0.07,7,0.4117647058823529,10,-4.48,-0.45,2,0.2,7,3.21,0.46,5,0.7142857142857143,15,9,6,20,13,7,33.57,1.68,0.75,0.45,0.3,0.65,0.35,25,0.43103448275862066,-0.51,-0.01,58,20,0.6060606060606061,28.72,0.87,33,401282111,2021,8
130,Michigan Wolverines,43,0.5,14,0.42424242424242425,29,0.5471698113207547,11,0.5238095238095238,12,0.6,30,0.46153846153846156,65,0.3384615384615385,0.6615384615384615,-2.27,-0.03,12,0.18461538461538463,22,-6.35,-0.29,9,0.4090909090909091,43,4.08,0.09,21,0.4883720930232558,21,0.38095238095238093,0.6190476190476191,0.87,0.04,11,0.5238095238095238,8,-4.1,-0.51,3,0.375,13,4.97,0.38,8,0.6153846153846154,13,5,8,21,11,10,8.77,0.42,0.6190476190476191,0.23809523809523808,0.38095238095238093,0.5238095238095238,0.47619047619047616,33,0.515625,-0.56,-0.01,64,10,0.45454545454545453,7.06,0.32,22,401282779,2021,8
77,Northwestern Wildcats,17,0.3148148148148148,11,0.3333333333333333,6,0.2857142857142857,0,0.0,4,0.2857142857142857,12,0.3157894736842105,38,0.5526315789473685,0.4473684210526316,-7.31,-0.19,3,0.07894736842105263,21,-8.67,-0.41,7,0.3333333333333333,17,1.36,0.08,5,0.29411764705882354,2,0.0,1.0,6.56,3.28,2,1.0,,,,,,2,6.56,3.28,2,1.0,5,4,1,16,12,4,-5.66,-0.35,0.3125,0.25,0.0625,0.75,0.25,9,0.3,-6.91,-0.23,30,8,0.3333333333333333,-6.06,-0.25,24,401282779,2021,8
66,Iowa State Cyclones,32,0.5,23,0.6571428571428571,9,0.3103448275862069,7,0.5384615384615384,5,0.35714285714285715,26,0.5531914893617021,47,0.5106382978723404,0.48936170212765956,11.15,0.24,10,0.2127659574468085,24,14.79,0.62,18,0.75,23,-3.64,-0.16,8,0.34782608695652173,10,0.9,0.1,2.06,0.21,5,0.5,9,-0.01,-0.0,4,0.4444444444444444,1,2.07,2.07,1,1.0,6,5,1,17,11,6,-7.84,-0.46,0.35294117647058826,0.29411764705882354,0.058823529411764705,0.6470588235294118,0.35294117647058826,28,0.5384615384615384,5.37,0.1,52,4,0.3333333333333333,-2.06,-0.17,12,401287925,2021,8
197,Oklahoma State Cowboys,25,0.44642857142857145,14,0.5185185185185185,11,0.3793103448275862,1,0.25,2,0.2,23,0.5111111111111111,45,0.4888888888888889,0.5111111111111111,10.69,0.24,10,0.2222222222222222,22,10.5,0.48,13,0.5909090909090909,23,0.19,0.01,10,0.43478260869565216,10,0.3,0.7,2.72,0.27,4,0.4,3,5.64,1.88,2,0.6666666666666666,7,-2.91,-0.42,2,0.2857142857142857,2,1,1,11,5,6,-7.34,-0.67,0.18181818181818182,0.09090909090909091,0.09090909090909091,0.45454545454545453,0.5454545454545454,21,0.5,7.16,0.17,42,4,0.2857142857142857,-3.81,-0.27,14,401287925,2021,8
2483,Oregon Ducks,37,0.6065573770491803,23,0.5897435897435898,14,0.6363636363636364,9,0.9,6,0.75,31,0.5961538461538461,52,0.6730769230769231,0.3269230769230769,3.83,0.07,12,0.23076923076923078,35,-4.66,-0.13,20,0.5714285714285714,17,8.49,0.5,11,0.6470588235294118,9,0.7777777777777778,0.2222222222222222,9.03,1.0,6,0.6666666666666666,7,7.07,1.01,4,0.5714285714285714,2,1.96,0.98,2,1.0,6,3,3,9,4,5,2.62,0.29,0.6666666666666666,0.3333333333333333,0.3333333333333333,0.4444444444444444,0.5555555555555556,30,0.6122448979591837,10.11,0.21,49,7,0.5833333333333334,-3.66,-0.3,12,401309879,2021,8
26,UCLA Bruins,46,0.4946236559139785,24,0.48,22,0.5116279069767442,9,0.5625,10,0.5,31,0.4696969696969697,66,0.48484848484848486,0.5151515151515151,-7.46,-0.11,11,0.16666666666666666,32,-4.9,-0.15,15,0.46875,34,-2.55,-0.08,16,0.47058823529411764,18,0.6111111111111112,0.3888888888888889,-2.34,-0.13,8,0.4444444444444444,11,0.31,0.03,5,0.45454545454545453,7,-2.65,-0.38,3,0.42857142857142855,15,9,6,27,18,9,10.74,0.4,0.5555555555555556,0.3333333333333333,0.2222222222222222,0.6666666666666666,0.3333333333333333,33,0.55,6.46,0.11,60,13,0.3939393939393939,-3.18,-0.1,33,401309879,2021,8
87,Notre Dame Fighting Irish,35,0.5,16,0.5161290322580645,19,0.48717948717948717,11,0.4583333333333333,9,0.75,25,0.43859649122807015,57,0.40350877192982454,0.5964912280701754,6.2,0.11,14,0.24561403508771928,23,1.25,0.05,11,0.4782608695652174,34,4.95,0.15,14,0.4117647058823529,2,0.5,0.5,-0.96,-0.48,0,0.0,1,-0.93,-0.93,0,0.0,1,-0.03,-0.03,0,0.0,10,5,5,13,8,5,10.85,0.83,0.7692307692307693,0.38461538461538464,0.38461538461538464,0.6153846153846154,0.38461538461538464,26,0.48148148148148145,5.57,0.1,54,9,0.5625,11.48,0.72,16,401282709,2021,8
30,USC Trojans,37,0.5285714285714286,22,0.55,15,0.5,5,0.4166666666666667,6,0.46153846153846156,30,0.5454545454545454,55,0.5636363636363636,0.43636363636363634,17.01,0.31,17,0.3090909090909091,31,13.89,0.45,19,0.6129032258064516,24,3.12,0.13,11,0.4583333333333333,19,0.42105263157894735,0.5789473684210527,3.14,0.17,9,0.47368421052631576,8,1.51,0.19,4,0.5,11,1.63,0.15,5,0.45454545454545453,7,3,4,15,9,6,-8.32,-0.55,0.4666666666666667,0.2,0.26666666666666666,0.6,0.4,32,0.6037735849056604,22.33,0.42,53,5,0.29411764705882354,-13.64,-0.8,17,401282709,2021,8
154,Wake Forest Demon Deacons,29,0.5686274509803921,18,0.6206896551724138,11,0.5,3,0.42857142857142855,7,1.0,22,0.5116279069767442,43,0.6046511627906976,0.3953488372093023,25.71,0.6,10,0.23255813953488372,26,18.6,0.72,15,0.5769230769230769,17,7.11,0.42,7,0.4117647058823529,11,0.6363636363636364,0.36363636363636365,4.48,0.41,5,0.45454545454545453,7,2.82,0.4,4,0.5714285714285714,4,1.65,0.41,1,0.25,7,3,4,8,3,5,15.5,1.94,0.875,0.375,0.5,0.375,0.625,21,0.5121951219512195,28.03,0.68,41,8,0.8,13.18,1.32,10,401282662,2021,8
349,Army Black Knights,46,0.5609756097560976,8,0.5714285714285714,38,0.5588235294117647,6,0.6,10,0.5882352941176471,33,0.5409836065573771,61,0.14754098360655737,0.8524590163934426,27.74,0.45,11,0.18032786885245902,9,10.43,1.16,6,0.6666666666666666,52,17.31,0.33,27,0.5192307692307693,8,0.0,1.0,10.48,1.31,6,0.75,,,,,,8,10.48,1.31,6,0.75,13,2,11,21,5,16,11.71,0.56,0.6190476190476191,0.09523809523809523,0.5238095238095238,0.23809523809523808,0.7619047619047619,35,0.5833333333333334,28.91,0.48,60,11,0.5,10.53,0.48,22,401282662,2021,8
2579,South Carolina Gamecocks,18,0.3157894736842105,9,0.3103448275862069,9,0.32142857142857145,3,0.75,3,0.23076923076923078,15,0.3488372093023256,43,0.4418604651162791,0.5581395348837209,-12.1,-0.28,7,0.16279069767441862,19,-9.99,-0.53,6,0.3157894736842105,24,-2.11,-0.09,9,0.375,3,1.0,0.0,-1.7,-0.57,1,0.3333333333333333,3,-1.7,-0.57,1,0.3333333333333333,,,,,,3,3,0,14,10,4,-7.1,-0.51,0.21428571428571427,0.21428571428571427,0.0,0.7142857142857143,0.2857142857142857,10,0.30303030303030304,-16.45,-0.5,33,8,0.3333333333333333,-2.75,-0.11,24,401282114,2021,8
245,Texas A&M Aggies,37,0.47435897435897434,11,0.4230769230769231,26,0.5,3,0.2727272727272727,7,0.5,30,0.47619047619047616,63,0.2857142857142857,0.7142857142857143,12.53,0.2,17,0.2698412698412698,18,9.07,0.5,9,0.5,45,3.47,0.08,21,0.4666666666666667,15,0.5333333333333333,0.4666666666666667,1.58,0.11,6,0.4,8,3.73,0.47,5,0.625,7,-2.15,-0.31,1,0.14285714285714285,7,2,5,15,8,7,-5.58,-0.37,0.4666666666666667,0.13333333333333333,0.3333333333333333,0.5333333333333333,0.4666666666666667,28,0.4745762711864407,5.58,0.09,59,9,0.47368421052631576,1.38,0.07,19,401282114,2021,8
152,NC State Wolfpack,24,0.375,16,0.37209302325581395,8,0.38095238095238093,3,0.3333333333333333,4,0.2857142857142857,19,0.3958333333333333,48,0.5833333333333334,0.4166666666666667,8.4,0.18,13,0.2708333333333333,28,10.31,0.37,12,0.42857142857142855,20,-1.91,-0.1,7,0.35,11,0.7272727272727273,0.2727272727272727,5.18,0.47,6,0.5454545454545454,8,2.46,0.31,3,0.375,3,2.72,0.91,3,1.0,5,4,1,16,15,1,-1.47,-0.09,0.3125,0.25,0.0625,0.9375,0.0625,18,0.46153846153846156,10.72,0.27,39,6,0.24,-3.79,-0.15,25,401282665,2021,8
2390,Miami Hurricanes,28,0.4117647058823529,18,0.4864864864864865,10,0.3225806451612903,5,0.45454545454545453,6,0.375,21,0.4117647058823529,51,0.5098039215686274,0.49019607843137253,0.42,0.01,8,0.1568627450980392,26,3.05,0.12,11,0.4230769230769231,25,-2.62,-0.1,10,0.4,11,0.5454545454545454,0.45454545454545453,-1.05,-0.1,3,0.2727272727272727,6,2.68,0.45,2,0.3333333333333333,5,-3.73,-0.75,1,0.2,7,7,0,17,11,6,8.43,0.5,0.4117647058823529,0.4117647058823529,0.0,0.6470588235294118,0.35294117647058826,20,0.46511627906976744,9.44,0.22,43,8,0.32,-0.59,-0.02,25,401282665,2021,8
2005,Air Force Falcons,22,0.3492063492063492,4,0.25,18,0.3829787234042553,2,0.2,6,0.375,12,0.27906976744186046,43,0.20930232558139536,0.7906976744186046,-9.11,-0.21,7,0.16279069767441862,9,-3.79,-0.42,1,0.1111111111111111,34,-5.31,-0.16,11,0.3235294117647059,9,0.3333333333333333,0.6666666666666666,-2.5,-0.28,3,0.3333333333333333,3,-0.98,-0.33,1,0.3333333333333333,6,-1.52,-0.25,2,0.3333333333333333,10,3,7,20,7,13,7.53,0.38,0.5,0.15,0.35,0.35,0.65,16,0.42105263157894735,11.77,0.31,38,6,0.24,-13.34,-0.53,25,401310724,2021,8
21,San Diego State Aztecs,24,0.46153846153846156,6,0.42857142857142855,18,0.47368421052631576,7,0.6363636363636364,5,0.38461538461538464,18,0.47368421052631576,38,0.2894736842105263,0.7105263157894737,-0.48,-0.01,5,0.13157894736842105,11,-0.54,-0.05,5,0.45454545454545453,27,0.05,0.0,13,0.48148148148148145,7,0.2857142857142857,0.7142857142857143,5.08,0.73,5,0.7142857142857143,2,2.38,1.19,2,1.0,5,2.71,0.54,3,0.6,6,1,5,14,3,11,-1.48,-0.11,0.42857142857142855,0.07142857142857142,0.35714285714285715,0.21428571428571427,0.7857142857142857,17,0.4473684210526316,-3.56,-0.09,38,7,0.5,1.6,0.11,14,401310724,2021,8
228,Clemson Tigers,27,0.43548387096774194,11,0.3333333333333333,16,0.5517241379310345,5,1.0,4,0.36363636363636365,23,0.45098039215686275,51,0.47058823529411764,0.5294117647058824,-4.92,-0.1,13,0.2549019607843137,24,-13.73,-0.57,7,0.2916666666666667,27,8.81,0.33,16,0.5925925925925926,14,0.5714285714285714,0.42857142857142855,-10.22,-0.73,4,0.2857142857142857,8,-9.19,-1.15,2,0.25,6,-1.04,-0.17,2,0.3333333333333333,4,4,0,11,9,2,-0.9,-0.08,0.36363636363636365,0.36363636363636365,0.0,0.8181818181818182,0.18181818181818182,20,0.47619047619047616,-0.32,-0.01,42,7,0.35,-5.5,-0.28,20,401282666,2021,8
221,Pittsburgh Panthers,35,0.4268292682926829,19,0.4634146341463415,16,0.3902439024390244,0,0.0,12,0.631578947368421,22,0.3548387096774194,62,0.46774193548387094,0.532258064516129,-5.03,-0.08,13,0.20967741935483872,29,0.67,0.02,13,0.4482758620689655,33,-5.69,-0.17,9,0.2727272727272727,12,0.75,0.25,9.13,0.76,6,0.5,9,9.81,1.09,5,0.5555555555555556,3,-0.68,-0.23,1,0.3333333333333333,13,6,7,20,12,8,16.2,0.81,0.65,0.3,0.35,0.6,0.4,21,0.40384615384615385,-1.46,-0.03,52,14,0.4666666666666667,12.64,0.42,30,401282666,2021,8
2636,UTSA Roadrunners,22,0.3492063492063492,10,0.43478260869565216,12,0.3,6,0.5,4,0.4,18,0.33962264150943394,53,0.33962264150943394,0.660377358490566,-1.4,-0.03,15,0.2830188679245283,18,2.19,0.12,8,0.4444444444444444,35,-3.59,-0.1,10,0.2857142857142857,13,0.38461538461538464,0.6153846153846154,-7.41,-0.57,2,0.15384615384615385,5,-4.65,-0.93,1,0.2,8,-2.76,-0.35,1,0.125,4,2,2,10,5,5,-5.79,-0.58,0.4,0.2,0.2,0.5,0.5,19,0.37254901960784315,-5.57,-0.11,51,3,0.25,-1.62,-0.14,12,401282237,2021,8
2348,Louisiana Tech Bulldogs,16,0.21621621621621623,12,0.2553191489361702,4,0.14814814814814814,0,0.0,5,0.29411764705882354,11,0.19642857142857142,56,0.5535714285714286,0.44642857142857145,-16.83,-0.3,15,0.26785714285714285,31,-8.59,-0.28,8,0.25806451612903225,25,-8.24,-0.33,3,0.12,20,0.6,0.4,-23.79,-1.19,0,0.0,12,-17.46,-1.46,0,0.0,8,-6.33,-0.79,0,0.0,5,4,1,18,16,2,-16.24,-0.9,0.2777777777777778,0.2222222222222222,0.05555555555555555,0.8888888888888888,0.1111111111111111,12,0.23529411764705882,-10.4,-0.2,51,4,0.17391304347826086,-22.67,-0.99,23,401282237,2021,8
275,Wisconsin Badgers,22,0.3793103448275862,4,0.4,18,0.375,5,0.5555555555555556,1,0.09090909090909091,21,0.44680851063829785,47,0.10638297872340426,0.8936170212765957,6.98,0.15,10,0.2127659574468085,5,-0.57,-0.11,3,0.6,42,7.54,0.18,18,0.42857142857142855,6,0.16666666666666666,0.8333333333333334,-7.82,-1.3,0,0.0,1,-2.89,-2.89,0,0.0,5,-4.94,-0.99,0,0.0,1,1,0,11,5,6,-7.67,-0.7,0.09090909090909091,0.09090909090909091,0.0,0.45454545454545453,0.5454545454545454,18,0.42857142857142855,0.93,0.02,42,4,0.25,-1.62,-0.1,16,401282821,2021,8
2509,Purdue Boilermakers,21,0.3387096774193548,17,0.38636363636363635,4,0.2222222222222222,1,0.5,3,0.25,18,0.3673469387755102,49,0.6530612244897959,0.3469387755102041,-10.29,-0.21,11,0.22448979591836735,32,1.06,0.03,14,0.4375,17,-11.36,-0.67,4,0.23529411764705882,15,0.7333333333333333,0.26666666666666666,-10.23,-0.68,6,0.4,11,-8.84,-0.8,4,0.36363636363636365,4,-1.39,-0.35,2,0.5,3,3,0,13,12,1,-21.33,-1.64,0.23076923076923078,0.23076923076923078,0.0,0.9230769230769231,0.07692307692307693,9,0.2571428571428571,-18.82,-0.54,35,12,0.4444444444444444,-12.81,-0.47,27,401282821,2021,8
2029,Arkansas-Pine Bluff Golden Lions,20,0.3448275862068966,7,0.2916666666666667,13,0.38235294117647056,0,0.0,3,0.21428571428571427,17,0.3953488372093023,43,0.3953488372093023,0.6046511627906976,-6.6,-0.15,8,0.18604651162790697,17,-1.18,-0.07,7,0.4117647058823529,26,-5.42,-0.21,10,0.38461538461538464,7,0.2857142857142857,0.7142857142857143,-1.76,-0.25,2,0.2857142857142857,2,-0.77,-0.39,0,0.0,5,-0.99,-0.2,2,0.4,3,0,3,15,7,8,-16.46,-1.1,0.2,0.0,0.2,0.4666666666666667,0.5333333333333333,10,0.2857142857142857,-20.58,-0.59,35,10,0.43478260869565216,-2.48,-0.11,23,401282112,2021,8
8,Arkansas Razorbacks,33,0.532258064516129,10,0.45454545454545453,23,0.575,2,0.2857142857142857,3,0.3333333333333333,29,0.5686274509803921,51,0.29411764705882354,0.7058823529411765,17.35,0.34,18,0.35294117647058826,15,4.73,0.32,7,0.4666666666666667,36,12.62,0.35,22,0.6111111111111112,7,0.5714285714285714,0.42857142857142855,11.63,1.66,5,0.7142857142857143,4,11.35,2.84,3,0.75,3,0.28,0.09,2,0.6666666666666666,4,3,1,11,7,4,4.11,0.37,0.36363636363636365,0.2727272727272727,0.09090909090909091,0.6363636363636364,0.36363636363636365,25,0.5681818181818182,16.7,0.38,44,8,0.4444444444444444,4.76,0.26,18,401282112,2021,8
52,Florida State Seminoles,31,0.5254237288135594,10,0.625,21,0.4883720930232558,6,0.6,6,0.6666666666666666,25,0.5102040816326531,49,0.24489795918367346,0.7551020408163265,17.06,0.35,13,0.2653061224489796,12,3.02,0.25,6,0.5,37,14.04,0.38,19,0.5135135135135135,9,0.3333333333333333,0.6666666666666666,6.93,0.77,6,0.6666666666666666,3,0.6,0.2,1,0.3333333333333333,6,6.33,1.06,5,0.8333333333333334,6,4,2,10,4,6,15.35,1.54,0.6,0.4,0.2,0.4,0.6,19,0.475,15.23,0.38,40,12,0.631578947368421,17.18,0.9,19,401282663,2021,8
113,Massachusetts Minutemen,19,0.31666666666666665,10,0.2777777777777778,9,0.375,1,0.2,3,0.25,16,0.34782608695652173,46,0.5434782608695652,0.45652173913043476,-18.23,-0.4,9,0.1956521739130435,25,-17.14,-0.69,8,0.32,21,-1.09,-0.05,8,0.38095238095238093,9,0.5555555555555556,0.4444444444444444,-8.94,-0.99,4,0.4444444444444444,5,-8.26,-1.65,2,0.4,4,-0.68,-0.17,2,0.5,3,2,1,14,11,3,-8.38,-0.6,0.21428571428571427,0.14285714285714285,0.07142857142857142,0.7857142857142857,0.21428571428571427,9,0.2647058823529412,-17.23,-0.51,34,10,0.38461538461538464,-9.39,-0.36,26,401282663,2021,8
356,Illinois Fighting Illini,84,0.5283018867924528,15,0.35714285714285715,66,0.584070796460177,12,0.5454545454545454,16,0.5161290322580645,65,0.52,125,0.208,0.792,15.39,0.12,28,0.224,26,-8.65,-0.33,9,0.34615384615384615,99,24.03,0.24,56,0.5656565656565656,24,0.5,0.5,6.47,0.27,13,0.5416666666666666,12,2.62,0.22,5,0.4166666666666667,12,3.85,0.32,8,0.6666666666666666,16,6,10,31,16,14,1.87,0.06,0.5161290322580645,0.1935483870967742,0.3225806451612903,0.5161290322580645,0.45161290322580644,65,0.5752212389380531,27.25,0.24,113,16,0.37209302325581395,-9.99,-0.23,43,401282717,2021,8
213,Penn State Nittany Lions,38,0.34234234234234234,22,0.34375,16,0.3404255319148936,4,0.26666666666666666,7,0.25925925925925924,29,0.35365853658536583,82,0.5,0.5,-11.12,-0.14,14,0.17073170731707318,41,-3.79,-0.09,15,0.36585365853658536,41,-7.34,-0.18,14,0.34146341463414637,27,0.7037037037037037,0.2962962962962963,-5.1,-0.19,6,0.2222222222222222,19,-4.52,-0.24,4,0.21052631578947367,8,-0.58,-0.07,2,0.25,9,7,2,29,23,6,-10.8,-0.37,0.3103448275862069,0.2413793103448276,0.06896551724137931,0.7931034482758621,0.20689655172413793,28,0.417910447761194,0.19,0.0,67,10,0.22727272727272727,-22.11,-0.5,44,401282717,2021,8
2641,Texas Tech Red Raiders,18,0.3333333333333333,7,0.3333333333333333,11,0.34375,4,0.36363636363636365,4,0.4,11,0.28205128205128205,39,0.3333333333333333,0.6410256410256411,-3.56,-0.09,7,0.1794871794871795,13,-3.44,-0.26,4,0.3076923076923077,25,3.12,0.12,7,0.28,9,0.5555555555555556,0.3333333333333333,-3.28,-0.36,1,0.1111111111111111,5,1.4,0.28,1,0.2,3,-1.44,-0.48,0,0.0,7,3,4,15,8,7,-2.49,-0.17,0.4666666666666667,0.2,0.26666666666666666,0.5333333333333333,0.4666666666666667,14,0.3888888888888889,5.06,0.14,36,4,0.2222222222222222,-11.11,-0.62,18,401287928,2021,8
2306,Kansas State Wildcats,28,0.49122807017543857,17,0.5483870967741935,11,0.4230769230769231,5,0.45454545454545453,5,0.4166666666666667,21,0.4883720930232558,43,0.5348837209302325,0.46511627906976744,7.78,0.18,9,0.20930232558139536,23,11.58,0.5,14,0.6086956521739131,20,-3.8,-0.19,7,0.35,8,0.5,0.5,1.69,0.21,3,0.375,4,4.78,1.19,3,0.75,4,-3.08,-0.77,0,0.0,7,3,4,14,8,6,6.52,0.47,0.5,0.21428571428571427,0.2857142857142857,0.5714285714285714,0.42857142857142855,21,0.5526315789473685,15.41,0.41,38,7,0.3684210526315789,-1.12,-0.06,19,401287928,2021,8
2117,Central Michigan Chippewas,39,0.5492957746478874,22,0.5238095238095238,17,0.5862068965517241,4,0.36363636363636365,5,0.4166666666666667,32,0.5714285714285714,56,0.5714285714285714,0.42857142857142855,11.64,0.21,17,0.30357142857142855,32,2.98,0.09,17,0.53125,24,8.66,0.36,15,0.625,11,0.5454545454545454,0.45454545454545453,-0.36,-0.03,6,0.5454545454545454,6,1.75,0.29,5,0.8333333333333334,5,-2.12,-0.42,1,0.2,7,5,2,15,10,5,12.48,0.83,0.4666666666666667,0.3333333333333333,0.13333333333333333,0.6666666666666666,0.3333333333333333,31,0.6326530612244898,15.43,0.31,49,8,0.36363636363636365,8.69,0.39,22,401309577,2021,8
2459,Northern Illinois Huskies,35,0.45454545454545453,16,0.5333333333333333,19,0.40425531914893614,6,0.375,8,0.47058823529411764,23,0.41818181818181815,55,0.32727272727272727,0.6727272727272727,19.08,0.35,12,0.21818181818181817,18,20.53,1.14,9,0.5,37,-1.44,-0.04,14,0.3783783783783784,10,0.4,0.6,2.81,0.28,5,0.5,4,7.13,1.78,3,0.75,6,-4.32,-0.72,2,0.3333333333333333,12,7,5,22,12,10,9.43,0.43,0.5454545454545454,0.3181818181818182,0.22727272727272727,0.5454545454545454,0.45454545454545453,21,0.42,8.64,0.17,50,14,0.5185185185185185,19.87,0.74,27,401309577,2021,8
183,Syracuse Orange,41,0.5324675324675324,15,0.4411764705882353,26,0.6190476190476191,5,0.5,7,0.4117647058823529,30,0.5454545454545454,55,0.43636363636363634,0.5636363636363636,21.54,0.39,13,0.23636363636363636,24,8.16,0.34,11,0.4583333333333333,31,13.38,0.43,19,0.6129032258064516,21,0.42857142857142855,0.5238095238095238,16.87,0.8,16,0.7619047619047619,9,8.35,0.93,7,0.7777777777777778,11,11.69,1.06,9,0.8181818181818182,11,4,7,21,10,11,14.2,0.68,0.5238095238095238,0.19047619047619047,0.3333333333333333,0.47619047619047616,0.5238095238095238,30,0.5882352941176471,27.62,0.54,51,11,0.44,8.12,0.32,25,401282668,2021,8
259,Virginia Tech Hokies,28,0.4444444444444444,9,0.391304347826087,19,0.475,5,0.5555555555555556,5,0.4166666666666667,23,0.46,50,0.32,0.68,12.4,0.25,14,0.28,16,7.02,0.44,8,0.5,34,5.38,0.16,15,0.4411764705882353,6,0.6666666666666666,0.3333333333333333,2.31,0.38,2,0.3333333333333333,4,0.69,0.17,1,0.25,2,1.61,0.81,1,0.5,5,1,4,13,7,6,-0.35,-0.03,0.38461538461538464,0.07692307692307693,0.3076923076923077,0.5384615384615384,0.46153846153846156,22,0.5116279069767442,14.69,0.34,43,6,0.3,-2.64,-0.13,20,401282668,2021,8
2309,Kent State Golden Flashes,44,0.5866666666666667,23,0.696969696969697,21,0.5,5,0.45454545454545453,9,0.6,35,0.5932203389830508,59,0.4745762711864407,0.5254237288135594,0.07,0.0,17,0.288135593220339,28,2.36,0.08,20,0.7142857142857143,31,-2.29,-0.07,15,0.4838709677419355,15,0.5333333333333333,0.4666666666666667,8.88,0.59,13,0.8666666666666667,8,3.8,0.47,7,0.875,7,5.09,0.73,6,0.8571428571428571,9,3,6,16,5,11,0.55,0.03,0.5625,0.1875,0.375,0.3125,0.6875,39,0.609375,4.98,0.08,64,5,0.45454545454545453,-4.35,-0.4,11,401309576,2021,8
195,Ohio Bobcats,42,0.5454545454545454,25,0.5813953488372093,17,0.5,9,0.45,8,0.6153846153846154,34,0.5396825396825397,63,0.5714285714285714,0.42857142857142855,7.21,0.11,17,0.2698412698412698,36,4.91,0.14,21,0.5833333333333334,27,2.3,0.09,13,0.48148148148148145,10,0.5,0.5,3.44,0.34,5,0.5,5,0.65,0.13,2,0.4,5,2.79,0.56,3,0.6,8,4,4,14,7,7,-1.95,-0.14,0.5714285714285714,0.2857142857142857,0.2857142857142857,0.5,0.5,32,0.5,-3.08,-0.05,64,10,0.7692307692307693,8.34,0.64,13,401309576,2021,8
2247,Georgia State Panthers,43,0.6056338028169014,13,0.52,30,0.6521739130434783,1,0.5,9,0.6,33,0.6,55,0.38181818181818183,0.6181818181818182,19.0,0.35,13,0.23636363636363636,21,8.77,0.42,12,0.5714285714285714,34,10.23,0.3,21,0.6176470588235294,10,0.5,0.5,-1.23,-0.12,4,0.4,5,-2.44,-0.49,1,0.2,5,1.21,0.24,3,0.6,10,1,9,16,4,12,4.1,0.26,0.625,0.0625,0.5625,0.25,0.75,37,0.6491228070175439,24.47,0.43,57,6,0.42857142857142855,-1.36,-0.1,14,401309625,2021,8
326,Texas State Bobcats,30,0.37037037037037035,17,0.3541666666666667,13,0.3939393939393939,2,0.18181818181818182,6,0.375,23,0.36507936507936506,63,0.5873015873015873,0.4126984126984127,-5.74,-0.09,16,0.25396825396825395,37,-0.59,-0.02,13,0.35135135135135137,26,-5.15,-0.2,10,0.38461538461538464,8,0.625,0.375,-1.06,-0.13,2,0.25,5,-1.04,-0.21,1,0.2,3,-0.02,-0.01,1,0.3333333333333333,7,4,3,18,11,7,2.65,0.15,0.3888888888888889,0.2222222222222222,0.16666666666666666,0.6111111111111112,0.3888888888888889,16,0.35555555555555557,-2.82,-0.06,45,14,0.3888888888888889,-0.26,-0.01,36,401309625,2021,8
145,Ole Miss Rebels,37,0.5,15,0.5555555555555556,22,0.46808510638297873,8,0.5714285714285714,5,0.38461538461538464,29,0.5,58,0.39655172413793105,0.603448275862069,4.05,0.07,14,0.2413793103448276,23,5.49,0.24,13,0.5652173913043478,35,-1.44,-0.04,16,0.45714285714285713,17,0.35294117647058826,0.6470588235294118,10.29,0.61,9,0.5294117647058824,6,8.13,1.35,6,1.0,11,2.16,0.2,3,0.2727272727272727,8,2,6,16,4,12,13.04,0.82,0.5,0.125,0.375,0.25,0.75,26,0.52,2.94,0.06,50,11,0.4583333333333333,14.16,0.59,24,401282113,2021,8
99,LSU Tigers,33,0.4925373134328358,19,0.5,14,0.4827586206896552,6,0.4,5,0.4166666666666667,28,0.5185185185185185,54,0.5555555555555556,0.4444444444444444,5.48,0.1,13,0.24074074074074073,30,6.35,0.21,16,0.5333333333333333,24,-0.86,-0.04,12,0.5,6,0.3333333333333333,0.6666666666666666,-5.21,-0.87,1,0.16666666666666666,2,-3.65,-1.82,0,0.0,4,-1.56,-0.39,1,0.25,5,3,2,13,8,5,-9.59,-0.74,0.38461538461538464,0.23076923076923078,0.15384615384615385,0.6153846153846154,0.38461538461538464,27,0.54,0.62,0.01,50,6,0.35294117647058826,-4.73,-0.28,17,401282113,2021,8
242,Rice Owls,28,0.4057971014492754,14,0.5185185185185185,14,0.3333333333333333,6,0.46153846153846156,8,0.5,15,0.3125,48,0.3541666666666667,0.6458333333333334,-12.62,-0.26,7,0.14583333333333334,17,-5.8,-0.34,7,0.4117647058823529,31,-6.82,-0.22,8,0.25806451612903225,13,0.46153846153846156,0.5384615384615384,4.41,0.34,6,0.46153846153846156,6,1.21,0.2,3,0.5,7,3.2,0.46,3,0.42857142857142855,13,7,6,21,10,11,15.78,0.75,0.6190476190476191,0.3333333333333333,0.2857142857142857,0.47619047619047616,0.5238095238095238,17,0.3695652173913043,-2.92,-0.06,46,11,0.4782608695652174,6.08,0.26,23,401282238,2021,8
5,UAB Blazers,22,0.4074074074074074,13,0.37142857142857144,9,0.47368421052631576,1,0.125,3,0.3333333333333333,18,0.42857142857142855,42,0.6190476190476191,0.38095238095238093,12.19,0.29,9,0.21428571428571427,26,7.21,0.28,10,0.38461538461538464,16,4.98,0.31,8,0.5,8,0.5,0.5,-2.99,-0.37,2,0.25,4,-0.72,-0.18,2,0.5,4,-2.27,-0.57,0,0.0,4,3,1,12,9,3,-3.39,-0.28,0.3333333333333333,0.25,0.08333333333333333,0.75,0.25,17,0.425,14.88,0.37,40,5,0.35714285714285715,-6.08,-0.43,14,401282238,2021,8
120,Maryland Terrapins,21,0.42,11,0.3793103448275862,10,0.47619047619047616,4,0.4444444444444444,5,0.45454545454545453,16,0.42105263157894735,38,0.5789473684210527,0.42105263157894735,1.26,0.03,8,0.21052631578947367,22,9.22,0.42,10,0.45454545454545453,16,-7.95,-0.5,6,0.375,,,,,,,,,,,,,,,,,,5,1,4,12,7,5,-2.28,-0.19,0.4166666666666667,0.08333333333333333,0.3333333333333333,0.5833333333333334,0.4166666666666667,13,0.40625,-5.85,-0.18,32,8,0.4444444444444444,4.84,0.27,18,401282767,2021,8
135,Minnesota Golden Gophers,44,0.6470588235294118,8,0.6153846153846154,36,0.6545454545454545,9,0.8181818181818182,8,0.6666666666666666,36,0.6428571428571429,56,0.16071428571428573,0.8392857142857143,17.29,0.31,16,0.2857142857142857,9,3.01,0.33,6,0.6666666666666666,47,14.28,0.3,30,0.6382978723404256,16,0.25,0.75,4.87,0.3,12,0.75,4,2.34,0.58,4,1.0,12,2.53,0.21,8,0.6666666666666666,8,2,6,12,4,8,5.73,0.48,0.6666666666666666,0.16666666666666666,0.5,0.3333333333333333,0.6666666666666666,37,0.6727272727272727,19.01,0.35,55,7,0.5384615384615384,4.01,0.31,13,401282767,2021,8
193,Miami (OH) RedHawks,32,0.5,17,0.6538461538461539,15,0.39473684210526316,7,0.4117647058823529,6,0.5,25,0.49019607843137253,51,0.37254901960784315,0.6274509803921569,3.59,0.07,13,0.2549019607843137,19,10.48,0.55,13,0.6842105263157895,32,-6.89,-0.22,12,0.375,8,0.375,0.625,-6.04,-0.76,3,0.375,3,-1.42,-0.47,1,0.3333333333333333,5,-4.63,-0.93,2,0.4,7,4,3,13,7,6,5.74,0.44,0.5384615384615384,0.3076923076923077,0.23076923076923078,0.5384615384615384,0.46153846153846156,22,0.4782608695652174,3.92,0.09,46,10,0.5555555555555556,5.41,0.3,18,401308838,2021,8
2050,Ball State Cardinals,30,0.4838709677419355,17,0.5,13,0.4642857142857143,4,0.4,7,0.5384615384615384,22,0.4583333333333333,48,0.5833333333333334,0.4166666666666667,-6.01,-0.13,11,0.22916666666666666,28,-3.98,-0.14,14,0.5,20,-2.03,-0.1,8,0.4,12,0.5833333333333334,0.4166666666666667,2.52,0.21,7,0.5833333333333334,7,2.15,0.31,5,0.7142857142857143,5,0.37,0.07,2,0.4,8,3,5,14,6,8,8.89,0.64,0.5714285714285714,0.21428571428571427,0.35714285714285715,0.42857142857142855,0.5714285714285714,25,0.5319148936170213,2.81,0.06,47,5,0.3333333333333333,0.08,0.01,15,401308838,2021,8
2711,Western Michigan Broncos,28,0.4117647058823529,11,0.36666666666666664,17,0.4594594594594595,3,0.5,6,0.4,22,0.44,50,0.4,0.6,-0.12,-0.0,12,0.24,20,-0.62,-0.03,7,0.35,30,0.5,0.02,15,0.5,12,0.4166666666666667,0.5833333333333334,5.26,0.44,5,0.4166666666666667,5,2.83,0.57,2,0.4,7,2.43,0.35,3,0.42857142857142855,6,4,2,18,10,7,-12.01,-0.67,0.3333333333333333,0.2222222222222222,0.1111111111111111,0.5555555555555556,0.3888888888888889,23,0.48936170212765956,-6.56,-0.14,47,5,0.23809523809523808,-5.58,-0.27,21,401309573,2021,8
2649,Toledo Rockets,25,0.3787878787878788,9,0.3333333333333333,16,0.41025641025641024,2,0.2857142857142857,5,0.35714285714285715,19,0.37254901960784315,51,0.3137254901960784,0.6862745098039216,-5.43,-0.11,12,0.23529411764705882,16,-5.23,-0.33,5,0.3125,35,-0.21,-0.01,14,0.4,9,0.5555555555555556,0.4444444444444444,-1.59,-0.18,3,0.3333333333333333,5,-0.88,-0.18,2,0.4,4,-0.7,-0.18,1,0.25,6,4,2,15,11,4,8.58,0.57,0.4,0.26666666666666666,0.13333333333333333,0.7333333333333333,0.26666666666666666,16,0.4444444444444444,1.73,0.05,36,9,0.3,1.42,0.05,30,401309573,2021,8
2006,Akron Zips,20,0.29850746268656714,6,0.1875,14,0.4,1,0.125,6,0.42857142857142855,14,0.27450980392156865,51,0.47058823529411764,0.5294117647058824,-8.46,-0.17,11,0.21568627450980393,24,-8.37,-0.35,4,0.16666666666666666,27,-0.09,-0.0,10,0.37037037037037035,19,0.47368421052631576,0.5263157894736842,-10.11,-0.53,3,0.15789473684210525,9,-5.09,-0.57,1,0.1111111111111111,10,-5.02,-0.5,2,0.2,6,2,4,16,8,8,-12.12,-0.76,0.375,0.125,0.25,0.5,0.5,12,0.3,-9.99,-0.25,40,8,0.2962962962962963,-10.59,-0.39,27,401309575,2021,8
2084,Buffalo Bulls,24,0.3333333333333333,9,0.391304347826087,15,0.30612244897959184,8,0.42105263157894735,4,0.3333333333333333,20,0.3448275862068966,58,0.27586206896551724,0.7241379310344828,-4.35,-0.08,17,0.29310344827586204,16,10.4,0.65,8,0.5,42,-14.75,-0.35,12,0.2857142857142857,20,0.45,0.55,-5.05,-0.25,5,0.25,9,4.2,0.47,3,0.3333333333333333,11,-9.25,-0.84,2,0.18181818181818182,4,1,3,14,7,7,-7.04,-0.5,0.2857142857142857,0.07142857142857142,0.21428571428571427,0.5,0.5,20,0.3508771929824561,-7.53,-0.13,57,4,0.26666666666666666,-3.86,-0.26,15,401309575,2021,8
38,Colorado Buffaloes,18,0.4,7,0.2916666666666667,11,0.5238095238095238,0,0.0,5,0.45454545454545453,12,0.36363636363636365,33,0.48484848484848486,0.5151515151515151,-13.58,-0.41,3,0.09090909090909091,16,-11.92,-0.75,5,0.3125,17,-1.66,-0.1,7,0.4117647058823529,10,0.7,0.3,-2.61,-0.26,5,0.5,7,-3.24,-0.46,3,0.42857142857142855,3,0.64,0.21,2,0.6666666666666666,6,2,4,12,8,4,0.55,0.05,0.5,0.16666666666666666,0.3333333333333333,0.6666666666666666,0.3333333333333333,12,0.4444444444444444,-5.8,-0.21,27,6,0.3333333333333333,-7.23,-0.4,18,401309878,2021,8
25,California Golden Bears,31,0.44285714285714284,15,0.4838709677419355,16,0.41025641025641024,0,0.0,6,0.4,24,0.4444444444444444,54,0.3888888888888889,0.6111111111111112,4.02,0.07,14,0.25925925925925924,21,7.28,0.35,12,0.5714285714285714,33,-3.26,-0.1,12,0.36363636363636365,13,0.7692307692307693,0.23076923076923078,4.88,0.38,9,0.6923076923076923,10,5.51,0.55,7,0.7,3,-0.62,-0.21,2,0.6666666666666666,7,3,4,16,10,6,4.96,0.31,0.4375,0.1875,0.25,0.625,0.375,25,0.5319148936170213,10.34,0.22,47,6,0.2608695652173913,-1.36,-0.06,23,401309878,2021,8
265,Washington State Cougars,32,0.5423728813559322,22,0.5789473684210527,10,0.47619047619047616,8,0.6666666666666666,7,0.6363636363636364,25,0.5208333333333334,48,0.5833333333333334,0.4166666666666667,3.17,0.07,13,0.2708333333333333,28,1.25,0.04,16,0.5714285714285714,20,1.92,0.1,9,0.45,4,0.75,0.25,-1.44,-0.36,1,0.25,3,-1.56,-0.52,0,0.0,1,0.12,0.12,1,1.0,7,6,1,11,10,1,7.64,0.69,0.6363636363636364,0.5454545454545454,0.09090909090909091,0.9090909090909091,0.09090909090909091,26,0.5909090909090909,7.47,0.17,44,6,0.4,3.34,0.22,15,401309881,2021,8
252,BYU Cougars,35,0.5223880597014925,10,0.43478260869565216,25,0.5681818181818182,7,0.5833333333333334,8,0.6153846153846154,27,0.5094339622641509,53,0.33962264150943394,0.660377358490566,9.81,0.19,16,0.3018867924528302,18,0.93,0.05,8,0.4444444444444444,35,8.89,0.25,19,0.5428571428571428,15,0.7333333333333333,0.26666666666666666,4.29,0.29,9,0.6,11,1.31,0.12,5,0.45454545454545453,4,2.98,0.75,4,1.0,8,2,6,14,5,9,5.01,0.36,0.5714285714285714,0.14285714285714285,0.42857142857142855,0.35714285714285715,0.6428571428571429,31,0.62,13.46,0.27,50,4,0.23529411764705882,1.37,0.08,17,401309881,2021,8
2751,Wyoming Cowboys,27,0.42857142857142855,13,0.40625,14,0.45161290322580644,0,0.0,3,0.25,23,0.4791666666666667,48,0.4375,0.5625,-4.07,-0.08,11,0.22916666666666666,21,3.46,0.16,11,0.5238095238095238,27,-7.53,-0.28,12,0.4444444444444444,3,0.3333333333333333,0.6666666666666666,-2.55,-0.85,0,0.0,1,-1.29,-1.29,0,0.0,2,-1.26,-0.63,0,0.0,4,2,2,15,11,4,-11.03,-0.74,0.26666666666666666,0.13333333333333333,0.13333333333333333,0.7333333333333333,0.26666666666666666,25,0.5681818181818182,2.87,0.07,44,2,0.10526315789473684,-17.97,-0.95,19,401310726,2021,8
167,New Mexico Lobos,16,0.3018867924528302,3,0.3,13,0.3023255813953488,1,0.14285714285714285,4,0.2857142857142857,9,0.2571428571428571,35,0.14285714285714285,0.8571428571428571,-4.11,-0.12,4,0.11428571428571428,5,1.06,0.21,2,0.4,30,-5.17,-0.17,7,0.23333333333333334,4,0.0,1.0,-0.97,-0.24,1,0.25,,,,,,4,-0.97,-0.24,1,0.25,7,1,6,18,5,13,-0.74,-0.04,0.3888888888888889,0.05555555555555555,0.3333333333333333,0.2777777777777778,0.7222222222222222,14,0.3888888888888889,6.62,0.18,36,2,0.11764705882352941,-11.47,-0.67,17,401310726,2021,8
344,Mississippi State Bulldogs,49,0.5764705882352941,38,0.5588235294117647,11,0.6470588235294118,5,0.35714285714285715,12,0.75,36,0.5294117647058824,68,0.7941176470588235,0.20588235294117646,8.13,0.12,16,0.23529411764705882,54,7.65,0.14,28,0.5185185185185185,14,0.48,0.03,8,0.5714285714285714,6,0.8333333333333334,0.16666666666666666,1.06,0.18,2,0.3333333333333333,5,1.62,0.32,2,0.4,1,-0.56,-0.56,0,0.0,13,10,3,17,14,3,20.69,1.22,0.7647058823529411,0.5882352941176471,0.17647058823529413,0.8235294117647058,0.17647058823529413,30,0.5357142857142857,6.35,0.11,56,19,0.6551724137931034,22.47,0.77,29,401282115,2021,8
238,Vanderbilt Commodores,12,0.2926829268292683,10,0.35714285714285715,2,0.15384615384615385,0,0.0,2,0.18181818181818182,10,0.3333333333333333,30,0.6666666666666666,0.3333333333333333,-6.53,-0.22,4,0.13333333333333333,20,-3.89,-0.19,8,0.4,10,-2.64,-0.26,2,0.2,10,0.6,0.4,-1.66,-0.17,5,0.5,6,0.05,0.01,3,0.5,4,-1.71,-0.43,2,0.5,2,2,0,11,8,3,-7.56,-0.69,0.18181818181818182,0.18181818181818182,0.0,0.7272727272727273,0.2727272727272727,10,0.37037037037037035,-8.61,-0.32,27,2,0.14285714285714285,-5.48,-0.39,14,401282115,2021,8
249,North Texas Mean Green,40,0.43010752688172044,18,0.5,22,0.38596491228070173,7,0.25,7,0.35,30,0.4411764705882353,68,0.38235294117647056,0.6176470588235294,-4.27,-0.06,12,0.17647058823529413,26,-3.99,-0.15,13,0.5,42,-0.28,-0.01,17,0.40476190476190477,16,0.375,0.625,-1.12,-0.07,6,0.375,6,2.53,0.42,4,0.6666666666666666,10,-3.64,-0.36,2,0.2,10,5,5,25,10,15,1.16,0.05,0.4,0.2,0.2,0.4,0.6,26,0.4262295081967213,-7.86,-0.13,61,14,0.4375,4.75,0.15,32,401282240,2021,8
2335,Liberty Flames,22,0.36666666666666664,14,0.35,8,0.4,1,1.0,6,0.46153846153846156,15,0.3409090909090909,44,0.6363636363636364,0.36363636363636365,-7.08,-0.16,7,0.1590909090909091,28,-5.53,-0.2,9,0.32142857142857145,16,-1.55,-0.1,6,0.375,16,0.8125,0.1875,6.42,0.4,5,0.3125,13,5.99,0.46,4,0.3076923076923077,3,0.42,0.14,1,0.3333333333333333,7,5,2,16,12,4,11.68,0.73,0.4375,0.3125,0.125,0.75,0.25,12,0.36363636363636365,-5.45,-0.17,33,10,0.37037037037037035,10.05,0.37,27,401282240,2021,8
97,Louisville Cardinals,29,0.4603174603174603,8,0.47058823529411764,21,0.45652173913043476,5,0.38461538461538464,5,0.5,23,0.4423076923076923,52,0.23076923076923078,0.7692307692307693,3.36,0.06,16,0.3076923076923077,12,-4.87,-0.41,5,0.4166666666666667,40,8.23,0.21,18,0.45,14,0.14285714285714285,0.8571428571428571,6.0,0.43,7,0.5,2,4.74,2.37,2,1.0,12,1.26,0.1,5,0.4166666666666667,6,3,3,11,5,6,7.06,0.64,0.5454545454545454,0.2727272727272727,0.2727272727272727,0.45454545454545453,0.5454545454545454,20,0.43478260869565216,4.65,0.1,46,9,0.5294117647058824,5.77,0.34,17,401282664,2021,8
103,Boston College Eagles,24,0.3582089552238806,10,0.29411764705882354,14,0.42424242424242425,4,0.4,4,0.2857142857142857,18,0.36,50,0.38,0.62,-8.71,-0.17,10,0.2,19,-10.9,-0.57,4,0.21052631578947367,31,2.19,0.07,14,0.45161290322580644,3,1.0,0.0,-0.31,-0.1,1,0.3333333333333333,3,-0.31,-0.1,1,0.3333333333333333,,,,,,6,6,0,17,15,2,-1.17,-0.07,0.35294117647058826,0.35294117647058826,0.0,0.8823529411764706,0.11764705882352941,14,0.34146341463414637,-6.54,-0.16,41,10,0.38461538461538464,-3.35,-0.13,26,401282664,2021,8
248,Houston Cougars,23,0.35384615384615387,12,0.35294117647058826,11,0.3548387096774194,2,0.25,4,0.3076923076923077,19,0.36538461538461536,52,0.5192307692307693,0.4807692307692308,-4.35,-0.08,10,0.19230769230769232,27,-2.78,-0.1,10,0.37037037037037035,25,-1.57,-0.06,9,0.36,10,0.4,0.6,-0.52,-0.05,4,0.4,4,0.1,0.02,1,0.25,6,-0.61,-0.1,3,0.5,4,2,2,13,7,6,-6.39,-0.49,0.3076923076923077,0.15384615384615385,0.15384615384615385,0.5384615384615384,0.46153846153846156,15,0.38461538461538464,-9.54,-0.24,39,8,0.3076923076923077,-1.19,-0.05,26,401301028,2021,8
151,East Carolina Pirates,27,0.375,16,0.3902439024390244,11,0.3548387096774194,2,0.3333333333333333,1,0.08333333333333333,26,0.45614035087719296,57,0.5614035087719298,0.43859649122807015,1.59,0.03,13,0.22807017543859648,32,3.54,0.11,16,0.5,25,-1.95,-0.08,10,0.4,11,0.6363636363636364,0.36363636363636365,-5.78,-0.53,4,0.36363636363636365,7,-5.85,-0.84,2,0.2857142857142857,4,0.06,0.02,2,0.5,1,0,1,15,9,6,-22.43,-1.5,0.06666666666666667,0.0,0.06666666666666667,0.6,0.4,24,0.46153846153846156,-1.67,-0.03,52,3,0.15,-19.17,-0.96,20,401301028,2021,8
58,South Florida Bulls,45,0.5294117647058824,8,0.4444444444444444,37,0.5522388059701493,9,0.34615384615384615,6,0.5,35,0.5223880597014925,67,0.208955223880597,0.7910447761194029,14.93,0.22,22,0.3283582089552239,14,0.76,0.05,6,0.42857142857142855,53,14.17,0.27,29,0.5471698113207547,9,0.4444444444444444,0.5555555555555556,-1.53,-0.17,4,0.4444444444444444,4,-2.17,-0.54,1,0.25,5,0.64,0.13,3,0.6,10,2,8,18,4,14,-1.54,-0.09,0.5555555555555556,0.1111111111111111,0.4444444444444444,0.2222222222222222,0.7777777777777778,36,0.5373134328358209,15.8,0.24,67,9,0.5,-2.42,-0.13,18,401301029,2021,8
218,Temple Owls,13,0.38235294117647056,7,0.3181818181818182,6,0.5,3,0.5,2,0.2857142857142857,11,0.4074074074074074,27,0.5925925925925926,0.4074074074074074,-0.08,-0.0,5,0.18518518518518517,16,2.2,0.14,6,0.375,11,-2.28,-0.21,5,0.45454545454545453,8,0.625,0.375,5.26,0.66,6,0.75,5,4.64,0.93,4,0.8,3,0.61,0.2,2,0.6666666666666666,2,1,1,7,6,1,-2.2,-0.31,0.2857142857142857,0.14285714285714285,0.14285714285714285,0.8571428571428571,0.14285714285714285,9,0.42857142857142855,-0.43,-0.02,21,4,0.3076923076923077,-1.84,-0.14,13,401301029,2021,8
6,South Alabama Jaguars,32,0.45714285714285713,20,0.45454545454545453,12,0.46153846153846156,6,0.46153846153846156,7,0.4375,22,0.44,50,0.56,0.44,-1.69,-0.03,9,0.18,28,0.55,0.02,13,0.4642857142857143,22,-2.24,-0.1,9,0.4090909090909091,11,0.36363636363636365,0.6363636363636364,7.94,0.72,10,0.9090909090909091,4,5.81,1.45,4,1.0,7,2.13,0.3,6,0.8571428571428571,10,7,3,20,16,4,15.67,0.78,0.5,0.35,0.15,0.8,0.2,22,0.5238095238095238,7.11,0.17,42,10,0.35714285714285715,6.87,0.25,28,401309626,2021,8
2433,UL Monroe Warhawks,34,0.4788732394366197,20,0.5714285714285714,14,0.3888888888888889,3,0.5,8,0.6153846153846154,26,0.45614035087719296,57,0.42105263157894735,0.5789473684210527,16.12,0.28,15,0.2631578947368421,24,13.72,0.57,12,0.5,33,2.4,0.07,14,0.42424242424242425,11,0.8181818181818182,0.18181818181818182,7.74,0.7,6,0.5454545454545454,9,8.31,0.92,6,0.6666666666666666,2,-0.57,-0.29,0,0.0,8,8,0,14,11,3,9.54,0.68,0.5714285714285714,0.5714285714285714,0.0,0.7857142857142857,0.21428571428571427,21,0.45652173913043476,-0.06,-0.0,46,13,0.52,25.72,1.03,25,401309626,2021,8
278,Fresno State Bulldogs,35,0.5147058823529411,21,0.5384615384615384,14,0.4827586206896552,7,0.875,3,0.2727272727272727,32,0.5614035087719298,57,0.5614035087719298,0.43859649122807015,13.65,0.24,17,0.2982456140350877,32,5.59,0.17,19,0.59375,25,8.06,0.32,13,0.52,10,0.8,0.2,3.52,0.35,7,0.7,8,1.55,0.19,5,0.625,2,1.96,0.98,2,1.0,3,2,1,11,7,4,-7.5,-0.68,0.2727272727272727,0.18181818181818182,0.09090909090909091,0.6363636363636364,0.36363636363636365,29,0.58,9.74,0.19,50,6,0.3333333333333333,-3.59,-0.2,18,401310727,2021,8
2440,Nevada Wolf Pack,43,0.524390243902439,37,0.5606060606060606,6,0.375,3,0.2727272727272727,10,0.5882352941176471,33,0.515625,64,0.8125,0.1875,2.16,0.03,16,0.25,52,5.81,0.11,29,0.5576923076923077,12,-3.65,-0.3,4,0.3333333333333333,13,0.6153846153846154,0.38461538461538464,-0.83,-0.06,6,0.46153846153846156,8,2.77,0.35,4,0.5,5,-3.61,-0.72,2,0.4,10,8,2,18,14,4,7.71,0.43,0.5555555555555556,0.4444444444444444,0.1111111111111111,0.7777777777777778,0.2222222222222222,26,0.5,-0.66,-0.01,52,17,0.5666666666666667,10.52,0.35,30,401310727,2021,8
258,Virginia Cavaliers,40,0.5633802816901409,22,0.5116279069767442,18,0.6428571428571429,7,0.4117647058823529,7,0.7,33,0.5409836065573771,61,0.5901639344262295,0.4098360655737705,17.98,0.29,23,0.3770491803278688,36,6.91,0.19,17,0.4722222222222222,25,11.07,0.44,16,0.64,23,0.6521739130434783,0.34782608695652173,2.49,0.11,10,0.43478260869565216,15,3.11,0.21,6,0.4,8,-0.62,-0.08,4,0.5,7,5,2,10,7,3,17.13,1.71,0.7,0.5,0.2,0.7,0.3,31,0.6078431372549019,21.42,0.42,51,9,0.45,13.69,0.68,20,401282667,2021,8
59,Georgia Tech Yellow Jackets,42,0.5384615384615384,24,0.5333333333333333,18,0.5454545454545454,5,0.45454545454545453,6,0.46153846153846156,35,0.546875,64,0.578125,0.421875,17.84,0.28,15,0.234375,37,5.95,0.16,20,0.5405405405405406,27,11.89,0.44,15,0.5555555555555556,4,0.75,0.25,-0.6,-0.15,2,0.5,3,-1.22,-0.41,1,0.3333333333333333,1,0.62,0.62,1,1.0,7,4,3,14,8,6,8.77,0.63,0.5,0.2857142857142857,0.21428571428571427,0.5714285714285714,0.42857142857142855,34,0.5862068965517241,19.52,0.34,58,8,0.4,7.09,0.35,20,401282667,2021,8
194,Ohio State Buckeyes,41,0.6029411764705882,25,0.6756756756756757,16,0.5161290322580645,7,0.5,6,0.6666666666666666,35,0.5932203389830508,59,0.5423728813559322,0.4576271186440678,23.48,0.4,21,0.3559322033898305,32,17.08,0.53,21,0.65625,27,6.41,0.24,14,0.5185185185185185,9,0.8888888888888888,0.1111111111111111,5.01,0.56,6,0.6666666666666666,8,5.44,0.68,6,0.75,1,-0.43,-0.43,0,0.0,6,4,2,9,5,4,9.15,1.02,0.6666666666666666,0.4444444444444444,0.2222222222222222,0.5555555555555556,0.4444444444444444,31,0.62,18.35,0.37,50,10,0.5555555555555556,14.28,0.79,18,401282730,2021,8
84,Indiana Hoosiers,16,0.3018867924528302,6,0.2727272727272727,9,0.3,1,0.3333333333333333,5,0.35714285714285715,10,0.2702702702702703,37,0.35135135135135137,0.6486486486486487,-12.15,-0.33,5,0.13513513513513514,13,-6.06,-0.47,2,0.15384615384615385,24,-6.09,-0.25,8,0.3333333333333333,8,0.25,0.75,-4.11,-0.51,3,0.375,2,2.06,1.03,1,0.5,6,-6.17,-1.03,2,0.3333333333333333,6,4,1,16,9,6,0.34,0.02,0.375,0.25,0.0625,0.5625,0.375,9,0.2903225806451613,-11.14,-0.36,31,7,0.3181818181818182,-0.67,-0.03,22,401282730,2021,8
277,West Virginia Mountaineers,34,0.4857142857142857,16,0.5333333333333333,18,0.45,6,0.375,8,0.5714285714285714,25,0.46296296296296297,54,0.4074074074074074,0.5925925925925926,13.19,0.24,15,0.2777777777777778,22,7.07,0.32,12,0.5454545454545454,32,6.12,0.19,13,0.40625,8,0.625,0.375,0.12,0.02,4,0.5,5,-0.43,-0.09,3,0.6,3,0.55,0.18,1,0.3333333333333333,9,4,5,16,8,8,1.95,0.12,0.5625,0.25,0.3125,0.5,0.5,25,0.5208333333333334,12.44,0.26,48,9,0.4090909090909091,2.69,0.12,22,401287927,2021,8
2628,TCU Horned Frogs,29,0.48333333333333334,13,0.4642857142857143,16,0.5,4,0.5,5,0.4166666666666667,22,0.4888888888888889,45,0.4222222222222222,0.5777777777777777,1.13,0.03,13,0.28888888888888886,19,0.51,0.03,10,0.5263157894736842,26,0.62,0.02,12,0.46153846153846156,16,0.25,0.75,9.44,0.59,10,0.625,4,3.37,0.84,2,0.5,12,6.07,0.51,8,0.6666666666666666,7,3,4,15,9,6,-6.76,-0.45,0.4666666666666667,0.2,0.26666666666666666,0.6,0.4,20,0.47619047619047616,-7.36,-0.18,42,9,0.5,1.73,0.1,18,401287927,2021,8
254,Utah Utes,34,0.4657534246575342,16,0.4444444444444444,18,0.4864864864864865,10,0.43478260869565216,8,0.5333333333333333,25,0.45454545454545453,55,0.4909090909090909,0.509090909090909,9.33,0.17,12,0.21818181818181817,27,8.6,0.32,13,0.48148148148148145,28,0.72,0.03,12,0.42857142857142855,5,0.2,0.8,-0.63,-0.13,2,0.4,1,-2.52,-2.52,0,0.0,4,1.89,0.47,2,0.5,9,3,6,18,9,9,-4.16,-0.23,0.5,0.16666666666666666,0.3333333333333333,0.5,0.5,31,0.5344827586206896,10.41,0.18,58,3,0.2,-5.24,-0.35,15,401309880,2021,8
204,Oregon State Beavers,33,0.5892857142857143,12,0.6,21,0.5833333333333334,8,0.8,7,0.7,26,0.5777777777777777,45,0.26666666666666666,0.7333333333333333,15.74,0.35,11,0.24444444444444444,12,8.5,0.71,8,0.6666666666666666,33,7.25,0.22,18,0.5454545454545454,18,0.5,0.5,7.75,0.43,10,0.5555555555555556,9,9.76,1.08,6,0.6666666666666666,9,-2.0,-0.22,4,0.4444444444444444,7,4,3,11,8,3,15.95,1.45,0.6363636363636364,0.36363636363636365,0.2727272727272727,0.7272727272727273,0.2727272727272727,26,0.6341463414634146,19.1,0.47,41,7,0.4666666666666667,12.59,0.84,15,401309880,2021,8
62,Hawai'i Rainbow Warriors,38,0.59375,17,0.5666666666666667,21,0.6176470588235294,6,0.6666666666666666,5,0.5555555555555556,33,0.6,55,0.4,0.6,11.52,0.21,19,0.34545454545454546,22,-1.05,-0.05,13,0.5909090909090909,33,12.57,0.38,20,0.6060606060606061,9,0.3333333333333333,0.6666666666666666,-3.37,-0.37,3,0.3333333333333333,3,-2.1,-0.7,1,0.3333333333333333,6,-1.27,-0.21,2,0.3333333333333333,5,4,1,9,8,1,5.97,0.66,0.5555555555555556,0.4444444444444444,0.1111111111111111,0.8888888888888888,0.1111111111111111,29,0.5918367346938775,13.41,0.27,49,9,0.6,4.08,0.27,15,401310728,2021,8
166,New Mexico State Aggies,42,0.4772727272727273,21,0.3888888888888889,21,0.6176470588235294,5,0.45454545454545453,9,0.5294117647058824,32,0.463768115942029,69,0.6376811594202898,0.36231884057971014,-6.96,-0.1,17,0.2463768115942029,44,-16.99,-0.39,18,0.4090909090909091,25,10.03,0.4,14,0.56,18,0.7222222222222222,0.2777777777777778,0.92,0.05,8,0.4444444444444444,13,0.54,0.04,6,0.46153846153846156,5,0.38,0.08,2,0.4,10,3,7,19,10,9,2.12,0.11,0.5263157894736842,0.15789473684210525,0.3684210526315789,0.5263157894736842,0.47368421052631576,27,0.46551724137931033,5.78,0.1,58,15,0.5,-10.61,-0.35,30,401310728,2021,8
2653,Troy Trojans,29,0.43283582089552236,13,0.38235294117647056,16,0.48484848484848486,3,0.42857142857142855,6,0.4,21,0.42,50,0.5,0.5,3.73,0.07,9,0.18,25,-1.8,-0.07,9,0.36,25,5.53,0.22,12,0.48,3,1.0,0.0,-0.94,-0.31,2,0.6666666666666666,3,-0.94,-0.31,2,0.6666666666666666,,,,,,8,4,4,17,9,8,7.52,0.44,0.47058823529411764,0.23529411764705882,0.23529411764705882,0.5294117647058824,0.47058823529411764,19,0.4222222222222222,2.64,0.06,45,10,0.45454545454545453,8.6,0.39,22,401309627,2021,9
324,Coastal Carolina Chanticleers,28,0.4307692307692308,13,0.48148148148148145,15,0.39473684210526316,4,0.6666666666666666,10,0.5882352941176471,17,0.3617021276595745,47,0.3617021276595745,0.6382978723404256,-6.31,-0.13,6,0.1276595744680851,17,-5.15,-0.3,7,0.4117647058823529,30,-1.16,-0.04,10,0.3333333333333333,12,0.5,0.5,0.26,0.02,6,0.5,6,0.65,0.11,4,0.6666666666666666,6,-0.39,-0.07,2,0.3333333333333333,11,6,5,18,10,8,22.81,1.27,0.6111111111111112,0.3333333333333333,0.2777777777777778,0.5555555555555556,0.4444444444444444,19,0.4418604651162791,10.25,0.24,43,9,0.4090909090909091,6.26,0.28,22,401309627,2021,9
58,South Florida Bulls,25,0.4098360655737705,13,0.41935483870967744,12,0.4,2,0.2857142857142857,2,0.2857142857142857,21,0.42,50,0.54,0.46,-8.91,-0.18,16,0.32,27,-8.81,-0.33,12,0.4444444444444444,23,-0.1,-0.0,9,0.391304347826087,1,0.0,1.0,-0.05,-0.05,0,0.0,,,,,,1,-0.05,-0.05,0,0.0,4,1,3,11,4,7,-6.13,-0.56,0.36363636363636365,0.09090909090909091,0.2727272727272727,0.36363636363636365,0.6363636363636364,18,0.4090909090909091,-6.27,-0.14,44,7,0.4117647058823529,-8.76,-0.52,17,401301033,2021,9
151,East Carolina Pirates,40,0.46511627906976744,15,0.40540540540540543,25,0.5102040816326531,4,0.4,8,0.47058823529411764,27,0.42857142857142855,63,0.4126984126984127,0.5873015873015873,2.42,0.04,15,0.23809523809523808,26,-0.2,-0.01,10,0.38461538461538464,37,2.62,0.07,17,0.4594594594594595,18,0.3888888888888889,0.6111111111111112,3.51,0.2,10,0.5555555555555556,7,1.15,0.16,3,0.42857142857142855,11,2.36,0.21,7,0.6363636363636364,13,5,8,23,11,12,10.23,0.44,0.5652173913043478,0.21739130434782608,0.34782608695652173,0.4782608695652174,0.5217391304347826,27,0.48214285714285715,7.06,0.13,56,13,0.43333333333333335,5.6,0.19,30,401301033,2021,9
202,Tulsa Golden Hurricane,21,0.39622641509433965,13,0.5,8,0.2962962962962963,1,0.1111111111111111,5,0.45454545454545453,16,0.3902439024390244,41,0.4146341463414634,0.5853658536585366,-3.27,-0.08,8,0.1951219512195122,17,-1.05,-0.06,9,0.5294117647058824,24,-2.23,-0.09,7,0.2916666666666667,4,0.25,0.75,-0.72,-0.18,3,0.75,1,0.09,0.09,1,1.0,3,-0.81,-0.27,2,0.6666666666666666,5,4,1,12,9,3,-6.94,-0.58,0.4166666666666667,0.3333333333333333,0.08333333333333333,0.75,0.25,13,0.40625,-0.93,-0.03,32,8,0.38095238095238093,-9.28,-0.44,21,401301030,2021,9
2426,Navy Midshipmen,29,0.453125,1,0.25,28,0.4666666666666667,6,0.46153846153846156,7,0.4666666666666667,22,0.4583333333333333,48,0.0625,0.9375,7.15,0.15,8,0.16666666666666666,3,-0.81,-0.27,1,0.3333333333333333,45,7.96,0.18,21,0.4666666666666667,14,0.14285714285714285,0.8571428571428571,4.77,0.34,7,0.5,2,-0.22,-0.11,1,0.5,12,4.99,0.42,6,0.5,7,0,7,16,1,15,-2.42,-0.15,0.4375,0.0,0.4375,0.0625,0.9375,20,0.43478260869565216,-6.39,-0.14,46,9,0.5,11.12,0.62,18,401301030,2021,9
2440,Nevada Wolf Pack,32,0.47058823529411764,30,0.6122448979591837,2,0.10526315789473684,4,0.25,7,0.5833333333333334,24,0.43636363636363634,55,0.7090909090909091,0.2909090909090909,7.94,0.14,14,0.2545454545454545,39,14.97,0.38,24,0.6153846153846154,16,-7.02,-0.44,0,0.0,11,0.9090909090909091,0.09090909090909091,-2.1,-0.19,6,0.5454545454545454,10,-1.89,-0.19,6,0.6,1,-0.21,-0.21,0,0.0,8,6,2,13,10,3,7.23,0.56,0.6153846153846154,0.46153846153846156,0.15384615384615385,0.7692307692307693,0.23076923076923078,21,0.42,0.11,0.0,50,11,0.6111111111111112,15.07,0.84,18,401310734,2021,9
2439,UNLV Rebels,23,0.359375,18,0.4,5,0.2631578947368421,3,0.6,4,0.3076923076923077,17,0.3617021276595745,47,0.6595744680851063,0.3404255319148936,-6.08,-0.13,10,0.2127659574468085,31,0.37,0.01,14,0.45161290322580644,16,-6.44,-0.4,3,0.1875,16,0.8125,0.1875,-8.24,-0.51,6,0.375,13,-5.27,-0.41,6,0.46153846153846156,3,-2.97,-0.99,0,0.0,6,4,2,17,14,3,-7.73,-0.45,0.35294117647058826,0.23529411764705882,0.11764705882352941,0.8235294117647058,0.17647058823529413,19,0.4318181818181818,3.53,0.08,44,4,0.2,-17.34,-0.87,20,401310734,2021,9
61,Georgia Bulldogs,25,0.4807692307692308,8,0.4,17,0.53125,1,0.2,4,0.4444444444444444,21,0.4883720930232558,43,0.3488372093023256,0.6511627906976745,4.57,0.11,10,0.23255813953488372,15,2.34,0.16,7,0.4666666666666667,28,2.23,0.08,14,0.5,8,0.375,0.625,6.38,0.8,5,0.625,3,3.62,1.21,2,0.6666666666666666,5,2.76,0.55,3,0.6,4,1,3,9,5,4,-0.94,-0.1,0.4444444444444444,0.1111111111111111,0.3333333333333333,0.5555555555555556,0.4444444444444444,20,0.4878048780487805,3.02,0.07,41,5,0.45454545454545453,0.61,0.06,11,401282117,2021,9
57,Florida Gators,35,0.47297297297297297,17,0.4594594594594595,18,0.4864864864864865,2,0.3333333333333333,5,0.38461538461538464,28,0.49122807017543857,57,0.49122807017543857,0.5087719298245614,-10.07,-0.18,14,0.24561403508771928,28,-7.36,-0.26,14,0.5,29,-2.71,-0.09,14,0.4827586206896552,16,0.5625,0.4375,-16.05,-1.0,6,0.375,9,-12.23,-1.36,3,0.3333333333333333,7,-3.82,-0.55,3,0.42857142857142855,7,3,4,17,9,8,-4.03,-0.24,0.4117647058823529,0.17647058823529413,0.23529411764705882,0.5294117647058824,0.47058823529411764,26,0.5,0.55,0.01,52,9,0.4090909090909091,-14.64,-0.67,22,401282117,2021,9
2132,Cincinnati Bearcats,29,0.4603174603174603,12,0.41379310344827586,17,0.5151515151515151,6,0.5,5,0.38461538461538464,22,0.4583333333333333,48,0.4375,0.5625,9.87,0.21,10,0.20833333333333334,21,9.75,0.46,10,0.47619047619047616,27,0.13,0.0,12,0.4444444444444444,11,0.45454545454545453,0.5454545454545454,-6.24,-0.57,3,0.2727272727272727,5,-5.55,-1.11,1,0.2,6,-0.69,-0.11,2,0.3333333333333333,7,2,5,15,8,6,-0.33,-0.02,0.4666666666666667,0.13333333333333333,0.3333333333333333,0.5333333333333333,0.4,23,0.48936170212765956,10.47,0.22,47,6,0.375,-0.93,-0.06,16,401301032,2021,9
2655,Tulane Green Wave,27,0.46551724137931033,8,0.36363636363636365,19,0.5277777777777778,0,0.0,5,0.45454545454545453,20,0.45454545454545453,44,0.38636363636363635,0.6136363636363636,-9.39,-0.21,10,0.22727272727272727,17,-6.97,-0.41,7,0.4117647058823529,27,-2.42,-0.09,13,0.48148148148148145,7,0.42857142857142855,0.5714285714285714,-1.06,-0.15,4,0.5714285714285714,3,-2.59,-0.86,2,0.6666666666666666,4,1.54,0.38,2,0.5,7,1,6,14,5,9,3.03,0.22,0.5,0.07142857142857142,0.42857142857142855,0.35714285714285715,0.6428571428571429,19,0.5,2.67,0.07,38,8,0.4,-9.02,-0.45,20,401301032,2021,9
2641,Texas Tech Red Raiders,36,0.5454545454545454,20,0.5882352941176471,16,0.5,6,0.6,5,0.38461538461538464,28,0.5714285714285714,49,0.46938775510204084,0.5306122448979592,9.71,0.2,12,0.24489795918367346,23,13.03,0.57,15,0.6521739130434783,26,-3.32,-0.13,13,0.5,7,0.5714285714285714,0.42857142857142855,2.08,0.3,4,0.5714285714285714,4,1.67,0.42,2,0.5,3,0.41,0.14,2,0.6666666666666666,8,5,3,17,11,6,-0.44,-0.03,0.47058823529411764,0.29411764705882354,0.17647058823529413,0.6470588235294118,0.35294117647058826,27,0.54,3.94,0.08,50,9,0.5625,5.33,0.33,16,401287931,2021,9
201,Oklahoma Sooners,31,0.5740740740740741,24,0.6666666666666666,7,0.3888888888888889,5,0.7142857142857143,4,0.6666666666666666,27,0.5625,48,0.625,0.375,26.47,0.55,14,0.2916666666666667,30,29.56,0.99,20,0.6666666666666666,18,-3.09,-0.17,7,0.3888888888888889,10,0.6,0.4,-0.32,-0.03,3,0.3,6,1.27,0.21,3,0.5,4,-1.59,-0.4,0,0.0,4,4,0,6,6,0,5.84,0.97,0.6666666666666666,0.6666666666666666,0.0,1.0,0.0,22,0.5945945945945946,16.65,0.45,37,9,0.5294117647058824,15.67,0.92,17,401287931,2021,9
194,Ohio State Buckeyes,30,0.44776119402985076,18,0.5294117647058824,12,0.36363636363636365,5,0.25,5,0.3333333333333333,24,0.48,50,0.46,0.54,13.23,0.26,11,0.22,23,13.23,0.58,14,0.6086956521739131,27,-0.0,-0.0,10,0.37037037037037035,1,1.0,0.0,3.84,3.84,1,1.0,1,3.84,3.84,1,1.0,,,,,,6,4,2,17,11,6,-4.81,-0.28,0.35294117647058826,0.23529411764705882,0.11764705882352941,0.6470588235294118,0.35294117647058826,21,0.42,1.91,0.04,50,9,0.5294117647058824,6.51,0.38,17,401282814,2021,9
213,Penn State Nittany Lions,41,0.5061728395061729,30,0.5357142857142857,11,0.44,10,0.7692307692307693,12,0.75,29,0.453125,64,0.671875,0.328125,-7.54,-0.12,15,0.234375,43,1.88,0.04,22,0.5116279069767442,21,-9.42,-0.45,7,0.3333333333333333,23,0.8260869565217391,0.17391304347826086,7.96,0.35,14,0.6086956521739131,19,7.71,0.41,12,0.631578947368421,4,0.24,0.06,2,0.5,12,8,4,17,13,4,11.08,0.65,0.7058823529411765,0.47058823529411764,0.23529411764705882,0.7647058823529411,0.23529411764705882,28,0.509090909090909,1.54,0.03,55,13,0.5,2.0,0.08,26,401282814,2021,9
127,Michigan State Spartans,27,0.43548387096774194,13,0.38235294117647056,14,0.5,1,1.0,4,0.2857142857142857,21,0.45652173913043476,46,0.5,0.5,7.02,0.15,10,0.21739130434782608,23,-2.97,-0.13,9,0.391304347826087,23,9.99,0.43,12,0.5217391304347826,5,0.6,0.4,-2.28,-0.46,1,0.2,3,-0.77,-0.26,1,0.3333333333333333,2,-1.52,-0.76,0,0.0,6,4,2,16,11,5,-0.22,-0.01,0.375,0.25,0.125,0.6875,0.3125,22,0.5,24.68,0.56,44,5,0.2777777777777778,-17.88,-0.99,18,401282777,2021,9
130,Michigan Wolverines,35,0.4375,24,0.5106382978723404,11,0.3333333333333333,3,0.3,8,0.47058823529411764,26,0.43333333333333335,60,0.5166666666666667,0.48333333333333334,-2.3,-0.04,15,0.25,31,5.23,0.17,16,0.5161290322580645,29,-7.53,-0.26,10,0.3448275862068966,17,0.8235294117647058,0.17647058823529413,6.18,0.36,8,0.47058823529411764,14,8.46,0.6,8,0.5714285714285714,3,-2.28,-0.76,0,0.0,9,8,1,20,16,4,11.83,0.59,0.45,0.4,0.05,0.8,0.2,22,0.43137254901960786,-8.91,-0.17,51,13,0.4482758620689655,18.44,0.64,29,401282777,2021,9
2483,Oregon Ducks,44,0.6197183098591549,21,0.6,23,0.6388888888888888,9,0.6,7,0.7,36,0.6,60,0.4666666666666667,0.5333333333333333,17.02,0.28,21,0.35,28,11.62,0.41,17,0.6071428571428571,32,5.4,0.17,19,0.59375,18,0.5555555555555556,0.4444444444444444,4.33,0.24,11,0.6111111111111112,10,1.88,0.19,5,0.5,8,2.45,0.31,6,0.75,8,4,4,11,7,4,12.56,1.14,0.7272727272727273,0.36363636363636365,0.36363636363636365,0.6363636363636364,0.36363636363636365,34,0.6415094339622641,19.04,0.36,53,10,0.5555555555555556,10.53,0.59,18,401309884,2021,9
38,Colorado Buffaloes,27,0.4426229508196721,14,0.4375,13,0.4482758620689655,8,0.4444444444444444,7,0.5384615384615384,16,0.36363636363636365,44,0.4772727272727273,0.5227272727272727,4.34,0.1,9,0.20454545454545456,21,5.82,0.28,8,0.38095238095238093,23,-1.48,-0.06,8,0.34782608695652173,8,0.75,0.25,0.91,0.11,3,0.375,6,1.72,0.29,2,0.3333333333333333,2,-0.81,-0.41,1,0.5,11,6,5,17,11,6,17.42,1.02,0.6470588235294118,0.35294117647058826,0.29411764705882354,0.6470588235294118,0.35294117647058826,20,0.46511627906976744,17.41,0.4,43,7,0.3888888888888889,4.35,0.24,18,401309884,2021,9
2294,Iowa Hawkeyes,15,0.2727272727272727,10,0.3225806451612903,5,0.20833333333333334,1,0.3333333333333333,3,0.23076923076923078,12,0.3076923076923077,39,0.46153846153846156,0.5384615384615384,-12.22,-0.31,6,0.15384615384615385,18,-3.16,-0.18,7,0.3888888888888889,21,-9.06,-0.43,5,0.23809523809523808,9,0.6666666666666666,0.3333333333333333,-3.84,-0.43,1,0.1111111111111111,6,-2.72,-0.45,1,0.16666666666666666,3,-1.12,-0.37,0,0.0,3,3,0,16,13,3,-9.57,-0.6,0.1875,0.1875,0.0,0.8125,0.1875,9,0.2647058823529412,-16.97,-0.5,34,6,0.2857142857142857,-4.82,-0.23,21,401282763,2021,9
275,Wisconsin Badgers,28,0.4117647058823529,10,0.45454545454545453,18,0.391304347826087,8,0.42105263157894735,7,0.4375,21,0.4117647058823529,51,0.21568627450980393,0.7843137254901961,-3.1,-0.06,10,0.19607843137254902,11,0.63,0.06,5,0.45454545454545453,40,-3.73,-0.09,16,0.4,10,0.4,0.6,-7.26,-0.73,2,0.2,4,-5.14,-1.28,0,0.0,6,-2.12,-0.35,2,0.3333333333333333,7,5,2,17,11,6,-7.82,-0.46,0.4117647058823529,0.29411764705882354,0.11764705882352941,0.6470588235294118,0.35294117647058826,22,0.4489795918367347,-4.42,-0.09,49,6,0.3157894736842105,-6.5,-0.34,19,401282763,2021,9
153,North Carolina Tar Heels,41,0.5616438356164384,21,0.5833333333333334,20,0.5405405405405406,2,0.2,7,0.6363636363636364,34,0.5483870967741935,62,0.43548387096774194,0.5645161290322581,15.22,0.25,19,0.3064516129032258,27,1.86,0.07,16,0.5925925925925926,35,13.36,0.38,18,0.5142857142857142,14,0.5,0.5,9.16,0.65,10,0.7142857142857143,7,0.14,0.02,4,0.5714285714285714,7,9.02,1.29,6,0.8571428571428571,7,5,2,11,9,2,11.62,1.06,0.6363636363636364,0.45454545454545453,0.18181818181818182,0.8181818181818182,0.18181818181818182,30,0.5555555555555556,7.11,0.13,54,11,0.5789473684210527,19.73,1.04,19,401282673,2021,9
87,Notre Dame Fighting Irish,38,0.5671641791044776,16,0.5925925925925926,22,0.55,7,0.3888888888888889,5,0.45454545454545453,33,0.5892857142857143,56,0.39285714285714285,0.6071428571428571,28.73,0.51,17,0.30357142857142855,22,14.42,0.66,14,0.6363636363636364,34,14.31,0.42,19,0.5588235294117647,9,0.5555555555555556,0.4444444444444444,9.84,1.09,6,0.6666666666666666,5,8.34,1.67,4,0.8,4,1.5,0.38,2,0.5,5,2,3,11,5,6,-2.35,-0.21,0.45454545454545453,0.18181818181818182,0.2727272727272727,0.45454545454545453,0.5454545454545454,30,0.6,23.3,0.47,50,8,0.47058823529411764,3.07,0.18,17,401282673,2021,9
344,Mississippi State Bulldogs,42,0.5675675675675675,28,0.6829268292682927,14,0.42424242424242425,6,0.8571428571428571,7,0.5833333333333334,35,0.5645161290322581,62,0.5645161290322581,0.43548387096774194,19.51,0.31,16,0.25806451612903225,35,17.25,0.49,24,0.6857142857142857,27,2.26,0.08,11,0.4074074074074074,14,0.5,0.5,7.24,0.52,9,0.6428571428571429,7,5.44,0.78,5,0.7142857142857143,7,1.8,0.26,4,0.5714285714285714,7,4,3,12,6,6,4.55,0.38,0.5833333333333334,0.3333333333333333,0.25,0.5,0.5,31,0.5636363636363636,15.09,0.27,55,11,0.5789473684210527,8.97,0.47,19,401282118,2021,9
96,Kentucky Wildcats,20,0.4166666666666667,13,0.4642857142857143,7,0.35,1,0.5,7,0.6363636363636364,13,0.35135135135135137,37,0.5405405405405406,0.4594594594594595,-11.04,-0.3,6,0.16216216216216217,20,-4.71,-0.24,9,0.45,17,-6.34,-0.37,4,0.23529411764705882,8,1.0,0.0,0.03,0.0,4,0.5,8,0.03,0.0,4,0.5,,,,,,7,4,3,11,8,3,8.19,0.74,0.6363636363636364,0.36363636363636365,0.2727272727272727,0.7272727272727273,0.2727272727272727,16,0.45714285714285713,-2.19,-0.06,35,4,0.3076923076923077,-0.66,-0.05,13,401282118,2021,9
154,Wake Forest Demon Deacons,42,0.5121951219512195,22,0.5116279069767442,20,0.5128205128205128,8,0.5333333333333333,12,0.6666666666666666,30,0.46875,64,0.453125,0.546875,15.54,0.24,14,0.21875,29,11.16,0.38,14,0.4827586206896552,35,4.38,0.13,16,0.45714285714285713,11,0.8181818181818182,0.18181818181818182,3.2,0.29,5,0.45454545454545453,9,2.85,0.32,4,0.4444444444444444,2,0.35,0.17,1,0.5,12,8,4,18,14,4,14.04,0.78,0.6666666666666666,0.4444444444444444,0.2222222222222222,0.7777777777777778,0.2222222222222222,30,0.5263157894736842,16.27,0.29,57,12,0.48,13.31,0.53,25,401282676,2021,9
150,Duke Blue Devils,19,0.3064516129032258,8,0.3076923076923077,11,0.3055555555555556,1,0.25,4,0.26666666666666666,14,0.3181818181818182,44,0.36363636363636365,0.6363636363636364,-5.53,-0.13,7,0.1590909090909091,16,0.86,0.05,6,0.375,28,-6.4,-0.23,8,0.2857142857142857,11,0.45454545454545453,0.5454545454545454,-4.32,-0.39,2,0.18181818181818182,5,-2.09,-0.42,1,0.2,6,-2.23,-0.37,1,0.16666666666666666,5,2,3,18,10,8,-5.28,-0.29,0.2777777777777778,0.1111111111111111,0.16666666666666666,0.5555555555555556,0.4444444444444444,13,0.35135135135135137,-7.58,-0.2,37,6,0.24,-3.23,-0.13,25,401282676,2021,9
197,Oklahoma State Cowboys,46,0.5822784810126582,18,0.5454545454545454,28,0.6086956521739131,14,0.6363636363636364,7,0.5,38,0.6129032258064516,62,0.4032258064516129,0.5967741935483871,22.6,0.36,18,0.2903225806451613,25,9.76,0.39,15,0.6,37,12.84,0.35,23,0.6216216216216216,18,0.4444444444444444,0.5555555555555556,8.58,0.48,13,0.7222222222222222,8,1.43,0.18,4,0.5,10,7.15,0.72,9,0.9,8,3,5,17,8,9,-0.11,-0.01,0.47058823529411764,0.17647058823529413,0.29411764705882354,0.47058823529411764,0.5294117647058824,36,0.5806451612903226,14.93,0.24,62,10,0.5882352941176471,7.56,0.44,17,401287932,2021,9
2305,Kansas Jayhawks,14,0.27450980392156865,4,0.2222222222222222,10,0.30303030303030304,,,0,0.0,12,0.34285714285714286,35,0.2857142857142857,0.7142857142857143,-10.09,-0.29,4,0.11428571428571428,10,-3.31,-0.33,4,0.4,25,-6.78,-0.27,8,0.32,6,0.3333333333333333,0.6666666666666666,-4.02,-0.67,1,0.16666666666666666,2,-2.57,-1.29,0,0.0,4,-1.45,-0.36,1,0.25,2,0,2,16,8,8,-17.19,-1.07,0.125,0.0,0.125,0.5,0.5,11,0.34375,-13.81,-0.43,32,3,0.15789473684210525,-13.47,-0.71,19,401287932,2021,9
251,Texas Longhorns,27,0.40298507462686567,18,0.45,9,0.3333333333333333,5,0.4166666666666667,4,0.2857142857142857,21,0.4375,48,0.625,0.375,6.38,0.13,12,0.25,30,6.85,0.23,15,0.5,18,-0.47,-0.03,6,0.3333333333333333,15,0.6,0.4,1.49,0.1,7,0.4666666666666667,9,1.82,0.2,5,0.5555555555555556,6,-0.33,-0.06,2,0.3333333333333333,6,3,3,19,10,9,-8.33,-0.44,0.3157894736842105,0.15789473684210525,0.15789473684210525,0.5263157894736842,0.47368421052631576,22,0.4888888888888889,9.79,0.22,45,5,0.22727272727272727,-11.74,-0.53,22,401287929,2021,9
239,Baylor Bears,35,0.49295774647887325,16,0.5,19,0.48717948717948717,7,0.5833333333333334,5,0.45454545454545453,29,0.5,58,0.4482758620689655,0.5517241379310345,7.48,0.13,15,0.25862068965517243,26,1.38,0.05,13,0.5,32,6.1,0.19,16,0.5,5,0.6,0.4,-2.61,-0.52,2,0.4,3,-3.26,-1.09,0,0.0,2,0.65,0.32,2,1.0,6,3,3,13,6,7,0.93,0.07,0.46153846153846156,0.23076923076923078,0.23076923076923078,0.46153846153846156,0.5384615384615384,28,0.5185185185185185,2.81,0.05,54,7,0.4117647058823529,5.6,0.33,17,401287929,2021,9
221,Pittsburgh Panthers,39,0.5,31,0.5254237288135594,8,0.42105263157894735,5,0.35714285714285715,6,0.42857142857142855,32,0.5079365079365079,63,0.7301587301587301,0.2698412698412698,10.76,0.17,20,0.31746031746031744,46,7.47,0.16,25,0.5434782608695652,17,3.3,0.19,7,0.4117647058823529,6,1.0,0.0,3.0,0.5,2,0.3333333333333333,6,3.0,0.5,2,0.3333333333333333,,,,,,7,6,1,15,13,2,11.36,0.76,0.4666666666666667,0.4,0.06666666666666667,0.8666666666666667,0.13333333333333333,24,0.48,3.27,0.07,50,15,0.5357142857142857,18.85,0.67,28,401282674,2021,9
2390,Miami Hurricanes,31,0.47692307692307695,20,0.47619047619047616,11,0.4782608695652174,5,0.5,4,0.36363636363636365,27,0.5,54,0.6111111111111112,0.3888888888888889,6.08,0.11,16,0.2962962962962963,33,8.16,0.25,18,0.5454545454545454,21,-2.08,-0.1,9,0.42857142857142855,9,0.6666666666666666,0.3333333333333333,-4.12,-0.46,3,0.3333333333333333,6,-1.5,-0.25,3,0.5,3,-2.61,-0.87,0,0.0,4,2,2,11,9,2,0.01,0.0,0.36363636363636365,0.18181818181818182,0.18181818181818182,0.8181818181818182,0.18181818181818182,25,0.5102040816326531,2.3,0.05,49,6,0.375,3.8,0.24,16,401282674,2021,9
66,Iowa State Cyclones,30,0.4918032786885246,12,0.41379310344827586,18,0.5625,2,0.4,3,0.25,25,0.5434782608695652,46,0.4782608695652174,0.5217391304347826,7.91,0.17,10,0.21739130434782608,22,6.39,0.29,12,0.5454545454545454,24,1.52,0.06,13,0.5416666666666666,9,0.7777777777777778,0.2222222222222222,-2.02,-0.22,4,0.4444444444444444,7,-0.03,-0.0,3,0.42857142857142855,2,-1.99,-1.0,1,0.5,5,0,5,15,7,8,-4.39,-0.29,0.3333333333333333,0.0,0.3333333333333333,0.4666666666666667,0.5333333333333333,26,0.5416666666666666,8.07,0.17,48,4,0.3076923076923077,-4.55,-0.35,13,401287933,2021,9
277,West Virginia Mountaineers,39,0.52,27,0.574468085106383,12,0.42857142857142855,3,0.3,10,0.6666666666666666,28,0.4745762711864407,59,0.5932203389830508,0.4067796610169492,0.78,0.01,14,0.23728813559322035,35,3.29,0.09,19,0.5428571428571428,24,-2.51,-0.1,9,0.375,10,0.5,0.5,-4.08,-0.41,4,0.4,5,-4.78,-0.96,1,0.2,5,0.69,0.14,3,0.6,11,8,3,16,12,4,16.56,1.04,0.6875,0.5,0.1875,0.75,0.25,31,0.5166666666666667,8.6,0.14,60,8,0.5333333333333333,8.74,0.58,15,401287933,2021,9
252,BYU Cougars,54,0.6585365853658537,19,0.5135135135135135,35,0.7777777777777778,12,0.5,6,0.5454545454545454,47,0.6714285714285714,70,0.44285714285714284,0.5571428571428572,37.12,0.53,23,0.32857142857142857,31,15.68,0.51,16,0.5161290322580645,39,21.44,0.55,31,0.7948717948717948,11,0.36363636363636365,0.6363636363636364,12.28,1.12,9,0.8181818181818182,4,6.75,1.69,3,0.75,7,5.53,0.79,6,0.8571428571428571,7,3,4,12,6,6,9.69,0.81,0.5833333333333334,0.25,0.3333333333333333,0.5,0.5,45,0.7258064516129032,35.39,0.57,62,9,0.45,11.42,0.57,20,401282669,2021,9
258,Virginia Cavaliers,40,0.625,24,0.6,16,0.6666666666666666,6,0.6666666666666666,4,0.4,34,0.6666666666666666,51,0.6274509803921569,0.37254901960784315,29.16,0.57,15,0.29411764705882354,32,17.28,0.54,21,0.65625,19,11.88,0.63,13,0.6842105263157895,13,0.6923076923076923,0.3076923076923077,11.44,0.88,10,0.7692307692307693,9,5.52,0.61,6,0.6666666666666666,4,5.92,1.48,4,1.0,6,3,3,13,8,5,-2.74,-0.21,0.46153846153846156,0.23076923076923078,0.23076923076923078,0.6153846153846154,0.38461538461538464,35,0.625,23.35,0.42,56,5,0.625,3.06,0.38,8,401282669,2021,9
59,Georgia Tech Yellow Jackets,21,0.38181818181818183,10,0.37037037037037035,11,0.39285714285714285,1,0.2,2,0.18181818181818182,18,0.43902439024390244,41,0.4878048780487805,0.5121951219512195,10.49,0.26,9,0.21951219512195122,20,4.43,0.22,8,0.4,21,6.06,0.29,10,0.47619047619047616,7,0.42857142857142855,0.5714285714285714,-1.42,-0.2,2,0.2857142857142857,3,-1.09,-0.36,1,0.3333333333333333,4,-0.33,-0.08,1,0.25,3,2,1,14,7,7,-6.74,-0.48,0.21428571428571427,0.14285714285714285,0.07142857142857142,0.5,0.5,15,0.4166666666666667,5.41,0.15,36,6,0.3157894736842105,-1.66,-0.09,19,401282671,2021,9
259,Virginia Tech Hokies,41,0.5061728395061729,13,0.4642857142857143,28,0.5384615384615384,5,0.38461538461538464,10,0.5263157894736842,28,0.4827586206896552,58,0.29310344827586204,0.7068965517241379,-2.52,-0.04,10,0.1724137931034483,17,-2.52,-0.15,7,0.4117647058823529,41,0.0,0.0,21,0.5121951219512195,7,0.42857142857142855,0.5714285714285714,3.59,0.51,5,0.7142857142857143,3,2.14,0.71,3,1.0,4,1.45,0.36,2,0.5,13,6,7,23,11,11,17.2,0.75,0.5652173913043478,0.2608695652173913,0.30434782608695654,0.4782608695652174,0.4782608695652174,34,0.53125,10.49,0.16,64,7,0.4117647058823529,4.19,0.25,17,401282671,2021,9
164,Rutgers Scarlet Knights,36,0.46153846153846156,10,0.37037037037037035,26,0.5098039215686274,5,0.5555555555555556,3,0.2,30,0.5,60,0.3,0.7,7.45,0.12,15,0.25,18,2.28,0.13,8,0.4444444444444444,42,5.18,0.12,22,0.5238095238095238,8,0.625,0.375,-2.1,-0.26,3,0.375,5,-0.73,-0.15,2,0.4,3,-1.37,-0.46,1,0.3333333333333333,6,2,4,18,9,9,-1.92,-0.11,0.3333333333333333,0.1111111111111111,0.2222222222222222,0.5,0.5,28,0.5283018867924528,10.65,0.2,53,8,0.32,-5.12,-0.2,25,401282719,2021,9
356,Illinois Fighting Illini,21,0.42857142857142855,10,0.5263157894736842,11,0.36666666666666664,,,3,0.25,18,0.5,36,0.3055555555555556,0.6944444444444444,7.53,0.21,5,0.1388888888888889,11,11.18,1.02,8,0.7272727272727273,25,-3.65,-0.15,10,0.4,11,0.36363636363636365,0.6363636363636364,6.03,0.55,7,0.6363636363636364,4,5.9,1.47,3,0.75,7,0.13,0.02,4,0.5714285714285714,3,2,1,13,8,5,-6.23,-0.48,0.23076923076923078,0.15384615384615385,0.07692307692307693,0.6153846153846154,0.38461538461538464,15,0.46875,4.25,0.13,32,6,0.35294117647058826,-2.95,-0.17,17,401282719,2021,9
84,Indiana Hoosiers,29,0.43283582089552236,12,0.41379310344827586,17,0.4473684210526316,4,0.5,5,0.3125,22,0.4489795918367347,49,0.4489795918367347,0.5510204081632653,7.4,0.15,9,0.1836734693877551,22,12.56,0.57,10,0.45454545454545453,27,-5.17,-0.19,12,0.4444444444444444,13,0.3076923076923077,0.6923076923076923,7.64,0.59,7,0.5384615384615384,4,-1.8,-0.45,0,0.0,9,9.44,1.05,7,0.7777777777777778,7,2,5,18,7,11,7.55,0.42,0.3888888888888889,0.1111111111111111,0.2777777777777778,0.3888888888888889,0.6111111111111112,23,0.5227272727272727,13.27,0.3,44,6,0.2608695652173913,1.68,0.07,23,401282726,2021,9
120,Maryland Terrapins,36,0.4235294117647059,22,0.5238095238095238,14,0.32558139534883723,7,0.4666666666666667,7,0.4666666666666667,29,0.42028985507246375,69,0.4492753623188406,0.5507246376811594,9.11,0.13,16,0.2318840579710145,31,14.58,0.47,17,0.5483870967741935,38,-5.47,-0.14,12,0.3157894736842105,16,0.6875,0.3125,-0.51,-0.03,8,0.5,11,2.94,0.27,7,0.6363636363636364,5,-3.45,-0.69,1,0.2,7,5,2,16,11,5,-2.41,-0.15,0.4375,0.3125,0.125,0.6875,0.3125,24,0.41379310344827586,3.86,0.07,58,12,0.4444444444444444,2.84,0.11,27,401282726,2021,9
113,Massachusetts Minutemen,21,0.2916666666666667,4,0.14285714285714285,17,0.38636363636363635,2,0.3333333333333333,7,0.3684210526315789,13,0.26,50,0.3,0.7,-19.06,-0.38,4,0.08,15,-11.0,-0.73,1,0.06666666666666667,35,-8.06,-0.23,12,0.34285714285714286,8,0.375,0.625,3.8,0.47,5,0.625,3,4.28,1.43,2,0.6666666666666666,5,-0.48,-0.1,3,0.6,8,3,5,22,13,9,2.16,0.1,0.36363636363636365,0.13636363636363635,0.22727272727272727,0.5909090909090909,0.4090909090909091,14,0.3333333333333333,-9.99,-0.24,42,7,0.23333333333333334,-6.91,-0.23,30,401286297,2021,9
2335,Liberty Flames,31,0.49206349206349204,20,0.5882352941176471,11,0.3793103448275862,5,1.0,4,0.4444444444444444,25,0.49019607843137253,51,0.5490196078431373,0.45098039215686275,20.99,0.41,13,0.2549019607843137,28,18.88,0.67,17,0.6071428571428571,23,2.12,0.09,8,0.34782608695652173,12,0.6666666666666666,0.3333333333333333,4.66,0.39,7,0.5833333333333334,8,2.95,0.37,5,0.625,4,1.72,0.43,2,0.5,6,3,3,12,6,6,10.51,0.88,0.5,0.25,0.25,0.5,0.5,25,0.6097560975609756,27.41,0.67,41,6,0.2727272727272727,4.1,0.19,22,401286297,2021,9
218,Temple Owls,30,0.4411764705882353,15,0.38461538461538464,15,0.5172413793103449,0,0.0,8,0.47058823529411764,21,0.4375,48,0.5,0.5,4.75,0.1,6,0.125,24,-4.13,-0.17,8,0.3333333333333333,24,8.88,0.37,13,0.5416666666666666,9,0.5555555555555556,0.4444444444444444,4.36,0.48,4,0.4444444444444444,5,-1.88,-0.38,2,0.4,4,6.24,1.56,2,0.5,9,7,2,20,15,5,-0.5,-0.02,0.45,0.35,0.1,0.75,0.25,19,0.4318181818181818,-1.31,-0.03,44,11,0.4583333333333333,5.57,0.23,24,401301031,2021,9
2116,UCF Knights,35,0.5223880597014925,13,0.5909090909090909,22,0.4888888888888889,8,0.6666666666666666,8,0.6153846153846154,26,0.5,52,0.28846153846153844,0.7115384615384616,8.64,0.17,11,0.21153846153846154,15,5.88,0.39,8,0.5333333333333333,37,2.76,0.07,18,0.4864864864864865,17,0.5294117647058824,0.47058823529411764,8.65,0.51,10,0.5882352941176471,9,8.63,0.96,6,0.6666666666666666,8,0.02,0.0,4,0.5,9,5,4,15,7,8,5.15,0.34,0.6,0.3333333333333333,0.26666666666666666,0.4666666666666667,0.5333333333333333,22,0.5,4.54,0.1,44,13,0.5652173913043478,9.25,0.4,23,401301031,2021,9
2084,Buffalo Bulls,50,0.3937007874015748,15,0.3,35,0.45454545454545453,11,0.6470588235294118,10,0.4,39,0.3939393939393939,99,0.30303030303030304,0.696969696969697,-6.6,-0.07,19,0.1919191919191919,30,3.64,0.12,10,0.3333333333333333,69,-10.24,-0.15,29,0.42028985507246375,40,0.3,0.7,-9.0,-0.22,13,0.325,12,-1.68,-0.14,4,0.3333333333333333,28,-7.32,-0.26,9,0.32142857142857145,11,5,6,28,20,8,-11.04,-0.39,0.39285714285714285,0.17857142857142858,0.21428571428571427,0.7142857142857143,0.2857142857142857,38,0.4,-11.32,-0.12,95,12,0.375,-6.32,-0.2,32,401309578,2021,9
189,Bowling Green Falcons,28,0.417910447761194,14,0.4375,14,0.4,7,0.4666666666666667,7,0.5384615384615384,20,0.37735849056603776,53,0.4339622641509434,0.5660377358490566,1.52,0.03,5,0.09433962264150944,23,-0.44,-0.02,9,0.391304347826087,30,1.96,0.07,11,0.36666666666666664,13,0.46153846153846156,0.5384615384615384,-1.99,-0.15,2,0.15384615384615385,6,1.75,0.29,1,0.16666666666666666,7,-3.74,-0.53,1,0.14285714285714285,8,5,3,14,9,5,14.65,1.05,0.5714285714285714,0.35714285714285715,0.21428571428571427,0.6428571428571429,0.35714285714285715,18,0.4186046511627907,0.58,0.01,43,10,0.4166666666666667,15.59,0.65,24,401309578,2021,9
309,Louisiana Ragin' Cajuns,34,0.4857142857142857,20,0.5555555555555556,14,0.4117647058823529,13,0.48148148148148145,3,0.23076923076923078,27,0.5094339622641509,53,0.5094339622641509,0.49056603773584906,3.63,0.07,14,0.2641509433962264,27,4.51,0.17,16,0.5925925925925926,26,-0.88,-0.03,11,0.4230769230769231,14,0.6428571428571429,0.35714285714285715,3.92,0.28,7,0.5,9,5.18,0.58,6,0.6666666666666666,5,-1.26,-0.25,1,0.2,7,4,3,17,9,8,10.45,0.61,0.4117647058823529,0.23529411764705882,0.17647058823529413,0.5294117647058824,0.47058823529411764,30,0.5555555555555556,14.76,0.27,54,4,0.25,-0.68,-0.04,16,401309631,2021,9
326,Texas State Bobcats,19,0.3877551020408163,4,0.3076923076923077,15,0.4166666666666667,,,3,0.3,15,0.40540540540540543,37,0.1891891891891892,0.8108108108108109,-8.05,-0.22,7,0.1891891891891892,7,-5.35,-0.76,2,0.2857142857142857,30,-2.7,-0.09,13,0.43333333333333335,10,0.2,0.8,-1.64,-0.16,4,0.4,2,-0.03,-0.01,1,0.5,8,-1.61,-0.2,3,0.375,4,2,2,12,6,6,-3.08,-0.26,0.3333333333333333,0.16666666666666666,0.16666666666666666,0.5,0.5,16,0.48484848484848486,-2.98,-0.09,33,3,0.1875,-8.16,-0.51,16,401309631,2021,9
242,Rice Owls,31,0.4025974025974026,16,0.45714285714285713,15,0.35714285714285715,5,0.3125,6,0.375,21,0.3684210526315789,57,0.40350877192982454,0.5964912280701754,-0.27,-0.0,10,0.17543859649122806,23,5.91,0.26,10,0.43478260869565216,34,-6.17,-0.18,11,0.3235294117647059,12,0.3333333333333333,0.6666666666666666,-3.37,-0.28,5,0.4166666666666667,4,-1.2,-0.3,1,0.25,8,-2.17,-0.27,4,0.5,10,6,4,20,12,8,12.58,0.63,0.5,0.3,0.2,0.6,0.4,19,0.3958333333333333,4.62,0.1,48,12,0.41379310344827586,7.7,0.27,29,401282246,2021,9
249,North Texas Mean Green,29,0.5,7,0.3181818181818182,22,0.6111111111111112,7,0.5833333333333334,5,0.45454545454545453,23,0.5,46,0.34782608695652173,0.6521739130434783,1.67,0.04,10,0.21739130434782608,16,-3.01,-0.19,5,0.3125,30,4.67,0.16,18,0.6,12,0.4166666666666667,0.5833333333333334,2.86,0.24,5,0.4166666666666667,5,-1.35,-0.27,1,0.2,7,4.21,0.6,4,0.5714285714285714,6,2,4,12,6,6,6.48,0.54,0.5,0.16666666666666666,0.3333333333333333,0.5,0.5,23,0.5476190476190477,6.05,0.14,42,6,0.375,2.1,0.13,16,401282246,2021,9
238,Vanderbilt Commodores,27,0.421875,12,0.3870967741935484,15,0.45454545454545453,6,0.6666666666666666,4,0.3333333333333333,23,0.45098039215686275,51,0.43137254901960786,0.5686274509803921,8.09,0.16,12,0.23529411764705882,22,-0.61,-0.03,10,0.45454545454545453,29,8.7,0.3,13,0.4482758620689655,14,0.6428571428571429,0.35714285714285715,-4.57,-0.33,5,0.35714285714285715,9,-2.96,-0.33,4,0.4444444444444444,5,-1.61,-0.32,1,0.2,4,2,2,13,9,4,-2.92,-0.22,0.3076923076923077,0.15384615384615385,0.15384615384615385,0.6923076923076923,0.3076923076923077,23,0.5348837209302325,14.31,0.33,43,4,0.19047619047619047,-9.14,-0.44,21,401282119,2021,9
142,Missouri Tigers,32,0.463768115942029,14,0.5,18,0.43902439024390244,3,0.3333333333333333,4,0.3333333333333333,27,0.48214285714285715,56,0.3392857142857143,0.6607142857142857,9.38,0.17,12,0.21428571428571427,19,5.89,0.31,10,0.5263157894736842,37,3.49,0.09,17,0.4594594594594595,12,0.5833333333333334,0.4166666666666667,4.51,0.38,5,0.4166666666666667,7,4.88,0.7,4,0.5714285714285714,5,-0.36,-0.07,1,0.2,5,4,1,13,9,4,1.88,0.14,0.38461538461538464,0.3076923076923077,0.07692307692307693,0.6923076923076923,0.3076923076923077,28,0.5957446808510638,22.1,0.47,47,4,0.18181818181818182,-10.84,-0.49,22,401282119,2021,9
9,Arizona State Sun Devils,33,0.4647887323943662,16,0.4,17,0.5483870967741935,6,0.5,5,0.38461538461538464,27,0.48214285714285715,56,0.5535714285714286,0.44642857142857145,-1.69,-0.03,12,0.21428571428571427,31,-4.95,-0.16,13,0.41935483870967744,25,3.27,0.13,14,0.56,16,0.875,0.125,3.11,0.19,8,0.5,14,1.32,0.09,6,0.42857142857142855,2,1.79,0.89,2,1.0,6,3,3,15,9,6,-2.77,-0.18,0.4,0.2,0.2,0.6,0.4,24,0.48,-8.5,-0.17,50,9,0.42857142857142855,4.05,0.19,21,401309885,2021,9
265,Washington State Cougars,28,0.417910447761194,11,0.4074074074074074,17,0.425,5,0.3333333333333333,7,0.4666666666666667,20,0.4,50,0.4,0.6,0.23,0.0,11,0.22,20,3.75,0.19,10,0.5,30,-3.51,-0.12,10,0.3333333333333333,10,0.5,0.5,2.91,0.29,3,0.3,5,2.12,0.42,1,0.2,5,0.8,0.16,2,0.4,8,1,7,17,7,10,-0.44,-0.03,0.47058823529411764,0.058823529411764705,0.4117647058823529,0.4117647058823529,0.5882352941176471,22,0.46808510638297873,3.28,0.07,47,6,0.3,-3.49,-0.17,20,401309885,2021,9
328,Utah State Aggies,37,0.45121951219512196,20,0.6451612903225806,17,0.34,4,0.26666666666666666,11,0.6470588235294118,26,0.40625,64,0.3125,0.671875,-5.8,-0.09,13,0.203125,20,12.63,0.63,12,0.6,43,-8.57,-0.2,14,0.32558139534883723,13,0.5384615384615384,0.46153846153846156,8.72,0.67,9,0.6923076923076923,7,8.02,1.15,5,0.7142857142857143,6,0.7,0.12,4,0.6666666666666666,11,8,3,18,11,7,14.84,0.82,0.6111111111111112,0.4444444444444444,0.16666666666666666,0.6111111111111112,0.3888888888888889,24,0.42857142857142855,9.64,0.17,56,13,0.5,-0.6,-0.02,26,401310731,2021,9
62,Hawai'i Rainbow Warriors,27,0.40298507462686567,22,0.44,5,0.29411764705882354,3,0.5,7,0.4666666666666667,19,0.3877551020408163,49,0.7142857142857143,0.2857142857142857,-5.26,-0.11,7,0.14285714285714285,35,1.46,0.04,14,0.4,14,-6.72,-0.48,5,0.35714285714285715,3,0.3333333333333333,0.6666666666666666,3.21,1.07,1,0.3333333333333333,1,4.03,4.03,1,1.0,2,-0.82,-0.41,0,0.0,8,8,0,18,15,3,3.26,0.18,0.4444444444444444,0.4444444444444444,0.0,0.8333333333333334,0.16666666666666666,17,0.4146341463414634,-5.59,-0.14,41,10,0.38461538461538464,3.59,0.14,26,401310731,2021,9
276,Marshall Thundering Herd,30,0.38961038961038963,10,0.3225806451612903,20,0.43478260869565216,8,0.4,8,0.5333333333333333,22,0.3548387096774194,62,0.4032258064516129,0.5967741935483871,-16.57,-0.27,15,0.24193548387096775,25,-7.24,-0.29,8,0.32,37,-9.33,-0.25,14,0.3783783783783784,17,0.47058823529411764,0.5294117647058824,-20.49,-1.21,1,0.058823529411764705,8,-7.97,-1.0,0,0.0,9,-12.52,-1.39,1,0.1111111111111111,8,2,6,15,6,9,-0.72,-0.05,0.5333333333333333,0.13333333333333333,0.4,0.4,0.6,25,0.423728813559322,-12.4,-0.21,59,5,0.2777777777777778,-4.89,-0.27,18,401282242,2021,9
2229,Florida International Panthers,23,0.34328358208955223,10,0.2631578947368421,13,0.4482758620689655,0,0.0,8,0.5333333333333333,15,0.3,50,0.5,0.5,-10.26,-0.21,10,0.2,25,-12.18,-0.49,6,0.24,25,1.92,0.08,9,0.36,19,0.7368421052631579,0.2631578947368421,-0.44,-0.02,7,0.3684210526315789,14,-0.42,-0.03,6,0.42857142857142855,5,-0.01,-0.0,1,0.2,8,4,4,17,13,4,-5.06,-0.3,0.47058823529411764,0.23529411764705882,0.23529411764705882,0.7647058823529411,0.23529411764705882,18,0.375,-6.95,-0.14,48,5,0.2631578947368421,-8.36,-0.44,19,401282242,2021,9
295,Old Dominion Monarchs,28,0.3888888888888889,12,0.36363636363636365,16,0.41025641025641024,3,0.3333333333333333,8,0.47058823529411764,18,0.34615384615384615,52,0.4423076923076923,0.5576923076923077,-11.65,-0.22,9,0.17307692307692307,23,-9.69,-0.42,6,0.2608695652173913,29,-1.96,-0.07,12,0.41379310344827586,7,0.5714285714285714,0.42857142857142855,-0.72,-0.1,2,0.2857142857142857,4,-0.19,-0.05,1,0.25,3,-0.52,-0.17,1,0.3333333333333333,10,6,4,20,10,10,2.95,0.15,0.5,0.3,0.2,0.5,0.5,19,0.4318181818181818,-7.62,-0.17,44,9,0.32142857142857145,-1.08,-0.04,28,401282244,2021,9
2348,Louisiana Tech Bulldogs,24,0.36923076923076925,18,0.4090909090909091,6,0.2857142857142857,2,0.25,7,0.4666666666666667,16,0.3404255319148936,47,0.574468085106383,0.425531914893617,-1.95,-0.04,7,0.14893617021276595,27,2.74,0.1,11,0.4074074074074074,20,-4.69,-0.23,5,0.25,15,0.6666666666666666,0.3333333333333333,6.76,0.45,8,0.5333333333333333,10,5.87,0.59,6,0.6,5,0.89,0.18,2,0.4,8,7,1,18,17,1,-1.08,-0.06,0.4444444444444444,0.3888888888888889,0.05555555555555555,0.9444444444444444,0.05555555555555555,18,0.4090909090909091,1.03,0.02,44,6,0.2857142857142857,-4.05,-0.19,21,401282244,2021,9
2572,Southern Miss Golden Eagles,26,0.3291139240506329,13,0.29545454545454547,13,0.38235294117647056,1,0.5,6,0.35294117647058826,17,0.2982456140350877,57,0.543859649122807,0.45614035087719296,-26.31,-0.46,11,0.19298245614035087,31,-20.17,-0.65,8,0.25806451612903225,26,-6.15,-0.24,9,0.34615384615384615,13,0.6923076923076923,0.3076923076923077,-8.31,-0.64,3,0.23076923076923078,9,-5.41,-0.6,3,0.3333333333333333,4,-2.9,-0.72,0,0.0,9,5,4,22,13,8,-4.44,-0.2,0.4090909090909091,0.22727272727272727,0.18181818181818182,0.5909090909090909,0.36363636363636365,15,0.32608695652173914,-8.64,-0.19,46,11,0.3333333333333333,-22.11,-0.67,33,401282245,2021,9
2393,Middle Tennessee Blue Raiders,21,0.3888888888888889,9,0.42857142857142855,12,0.36363636363636365,5,0.5555555555555556,1,0.1111111111111111,19,0.4523809523809524,42,0.35714285714285715,0.6428571428571429,-0.69,-0.02,10,0.23809523809523808,15,4.31,0.29,8,0.5333333333333333,27,-5.0,-0.19,11,0.4074074074074074,8,0.25,0.75,-2.11,-0.26,2,0.25,2,-2.53,-1.27,0,0.0,6,0.42,0.07,2,0.3333333333333333,2,1,1,12,6,6,-16.08,-1.34,0.16666666666666666,0.08333333333333333,0.08333333333333333,0.5,0.5,16,0.41025641025641024,-6.91,-0.18,39,5,0.3333333333333333,-9.86,-0.66,15,401282245,2021,9
228,Clemson Tigers,26,0.3561643835616438,12,0.36363636363636365,14,0.358974358974359,3,0.3333333333333333,4,0.2857142857142857,22,0.3728813559322034,59,0.3898305084745763,0.6101694915254238,1.25,0.02,14,0.23728813559322035,23,-0.51,-0.02,9,0.391304347826087,36,1.76,0.05,13,0.3611111111111111,8,0.625,0.375,-1.17,-0.15,2,0.25,5,-0.68,-0.14,1,0.2,3,-0.49,-0.16,1,0.3333333333333333,4,3,1,14,10,3,-8.64,-0.62,0.2857142857142857,0.21428571428571427,0.07142857142857142,0.7142857142857143,0.21428571428571427,16,0.36363636363636365,-0.19,-0.0,44,10,0.3448275862068966,-7.2,-0.25,29,401282670,2021,9
52,Florida State Seminoles,20,0.35714285714285715,12,0.4444444444444444,8,0.2857142857142857,2,0.6666666666666666,5,0.38461538461538464,15,0.35714285714285715,42,0.4523809523809524,0.5238095238095238,-9.74,-0.23,7,0.16666666666666666,19,4.52,0.24,9,0.47368421052631576,22,-7.52,-0.34,6,0.2727272727272727,9,0.3333333333333333,0.6666666666666666,-4.73,-0.53,3,0.3333333333333333,3,0.79,0.26,2,0.6666666666666666,6,-5.52,-0.92,1,0.16666666666666666,5,3,2,14,8,6,-3.76,-0.27,0.35714285714285715,0.21428571428571427,0.14285714285714285,0.5714285714285714,0.42857142857142855,16,0.47058823529411764,5.72,0.17,34,4,0.18181818181818182,-19.21,-0.87,22,401282670,2021,9
183,Syracuse Orange,24,0.41379310344827586,4,0.23529411764705882,20,0.4878048780487805,2,0.4,5,0.4166666666666667,19,0.4318181818181818,44,0.20454545454545456,0.7954545454545454,5.95,0.14,10,0.22727272727272727,9,-1.27,-0.14,3,0.3333333333333333,35,7.22,0.21,16,0.45714285714285713,4,0.5,0.5,-1.81,-0.45,1,0.25,2,-1.5,-0.75,0,0.0,2,-0.31,-0.16,1,0.5,5,1,4,14,8,6,-4.59,-0.33,0.35714285714285715,0.07142857142857142,0.2857142857142857,0.5714285714285714,0.42857142857142855,20,0.47619047619047616,5.89,0.14,42,4,0.25,-4.53,-0.28,16,401282675,2021,9
103,Boston College Eagles,28,0.3888888888888889,11,0.2972972972972973,17,0.4857142857142857,4,0.23529411764705882,6,0.3333333333333333,21,0.4117647058823529,51,0.47058823529411764,0.5294117647058824,-12.8,-0.25,9,0.17647058823529413,24,-6.99,-0.29,8,0.3333333333333333,27,-5.8,-0.21,13,0.48148148148148145,15,0.4,0.6,0.43,0.03,6,0.4,6,0.48,0.08,2,0.3333333333333333,9,-0.05,-0.01,4,0.4444444444444444,7,3,4,21,13,8,-7.51,-0.36,0.3333333333333333,0.14285714285714285,0.19047619047619047,0.6190476190476191,0.38095238095238093,22,0.4782608695652174,-9.86,-0.21,46,6,0.23076923076923078,-10.45,-0.4,26,401282675,2021,9
77,Northwestern Wildcats,23,0.4339622641509434,8,0.34782608695652173,15,0.5172413793103449,4,0.5714285714285714,5,0.45454545454545453,17,0.4358974358974359,39,0.38461538461538464,0.5897435897435898,-5.14,-0.13,8,0.20512820512820512,15,1.7,0.11,6,0.4,23,0.21,0.01,11,0.4782608695652174,12,0.25,0.75,2.52,0.21,7,0.5833333333333334,3,2.78,0.93,2,0.6666666666666666,9,-0.26,-0.03,5,0.5555555555555556,6,2,4,14,8,6,-0.21,-0.01,0.42857142857142855,0.14285714285714285,0.2857142857142857,0.5714285714285714,0.42857142857142855,17,0.4594594594594595,-5.1,-0.14,37,6,0.375,-0.25,-0.02,16,401282795,2021,9
135,Minnesota Golden Gophers,33,0.4925373134328358,6,0.4,27,0.5192307692307693,4,0.36363636363636365,10,0.7142857142857143,23,0.4339622641509434,53,0.20754716981132076,0.7924528301886793,12.79,0.24,12,0.22641509433962265,11,2.05,0.19,4,0.36363636363636365,42,10.74,0.26,19,0.4523809523809524,5,0.4,0.6,-3.21,-0.64,1,0.2,2,-3.02,-1.51,0,0.0,3,-0.18,-0.06,1,0.3333333333333333,10,2,8,14,4,10,8.41,0.6,0.7142857142857143,0.14285714285714285,0.5714285714285714,0.2857142857142857,0.7142857142857143,29,0.5272727272727272,18.08,0.33,55,4,0.3333333333333333,3.12,0.26,12,401282795,2021,9
158,Nebraska Cornhuskers,24,0.42105263157894735,12,0.41379310344827586,12,0.42857142857142855,5,0.45454545454545453,4,0.4,20,0.425531914893617,47,0.5106382978723404,0.48936170212765956,-11.68,-0.25,12,0.2553191489361702,24,-12.14,-0.51,10,0.4166666666666667,23,0.46,0.02,10,0.43478260869565216,13,0.38461538461538464,0.6153846153846154,-1.77,-0.14,4,0.3076923076923077,5,0.62,0.12,1,0.2,8,-2.4,-0.3,3,0.375,4,2,2,10,5,5,2.67,0.27,0.4,0.2,0.2,0.5,0.5,21,0.525,5.44,0.14,40,3,0.17647058823529413,-14.46,-0.85,17,401282801,2021,9
2509,Purdue Boilermakers,37,0.45121951219512196,23,0.5,14,0.3888888888888889,4,0.2857142857142857,8,0.5,27,0.42857142857142855,63,0.5238095238095238,0.47619047619047616,0.1,0.0,17,0.2698412698412698,33,0.65,0.02,15,0.45454545454545453,30,-0.55,-0.02,12,0.4,11,0.45454545454545453,0.5454545454545454,-4.32,-0.39,4,0.36363636363636365,5,-3.21,-0.64,1,0.2,6,-1.11,-0.18,3,0.5,10,8,2,19,13,6,5.31,0.28,0.5263157894736842,0.42105263157894735,0.10526315789473684,0.6842105263157895,0.3157894736842105,26,0.4727272727272727,6.02,0.11,55,11,0.4074074074074074,-0.61,-0.02,27,401282801,2021,9
2628,TCU Horned Frogs,15,0.21428571428571427,10,0.2857142857142857,5,0.14285714285714285,2,0.15384615384615385,4,0.23529411764705882,10,0.20408163265306123,49,0.46938775510204084,0.5306122448979592,-25.45,-0.52,9,0.1836734693877551,23,-8.59,-0.37,6,0.2608695652173913,26,-16.86,-0.65,4,0.15384615384615385,16,0.4375,0.5625,-15.83,-0.99,1,0.0625,7,-2.48,-0.35,1,0.14285714285714285,9,-13.36,-1.48,0,0.0,5,4,1,21,12,9,-14.16,-0.67,0.23809523809523808,0.19047619047619047,0.047619047619047616,0.5714285714285714,0.42857142857142855,7,0.15217391304347827,-33.7,-0.73,46,8,0.3333333333333333,-5.91,-0.25,24,401287930,2021,9
2306,Kansas State Wildcats,18,0.3157894736842105,9,0.34615384615384615,9,0.3,2,1.0,3,0.25,14,0.3181818181818182,44,0.4318181818181818,0.5454545454545454,1.84,0.04,9,0.20454545454545456,19,1.37,0.07,6,0.3157894736842105,24,1.68,0.07,8,0.3333333333333333,14,0.5714285714285714,0.42857142857142855,-2.13,-0.15,2,0.14285714285714285,8,-1.73,-0.22,1,0.125,6,-0.4,-0.07,1,0.16666666666666666,4,3,1,13,7,6,2.16,0.17,0.3076923076923077,0.23076923076923078,0.07692307692307693,0.5384615384615384,0.46153846153846156,12,0.3157894736842105,4.01,0.11,38,6,0.3157894736842105,-0.01,-0.0,19,401287930,2021,9
2433,UL Monroe Warhawks,30,0.4166666666666667,8,0.38095238095238093,22,0.43137254901960786,6,0.46153846153846156,9,0.5625,20,0.37735849056603776,53,0.2641509433962264,0.7358490566037735,-0.67,-0.01,4,0.07547169811320754,14,-5.76,-0.41,5,0.35714285714285715,39,5.09,0.13,15,0.38461538461538464,13,0.38461538461538464,0.6153846153846154,-6.04,-0.46,5,0.38461538461538464,5,-2.15,-0.43,3,0.6,8,-3.89,-0.49,2,0.25,10,3,7,19,7,12,-1.29,-0.07,0.5263157894736842,0.15789473684210525,0.3684210526315789,0.3684210526315789,0.631578947368421,23,0.42592592592592593,-4.2,-0.08,54,7,0.3888888888888889,2.24,0.12,18,401309628,2021,9
2026,Appalachian State Mountaineers,37,0.5068493150684932,16,0.5161290322580645,21,0.5,11,0.6875,5,0.3333333333333333,29,0.5471698113207547,53,0.4528301886792453,0.5471698113207547,10.7,0.2,13,0.24528301886792453,24,6.9,0.29,13,0.5416666666666666,29,3.79,0.13,16,0.5517241379310345,5,0.2,0.8,3.73,0.75,3,0.6,1,3.05,3.05,1,1.0,4,0.68,0.17,2,0.5,8,3,5,20,7,13,0.23,0.01,0.4,0.15,0.25,0.35,0.65,35,0.6140350877192983,21.04,0.37,57,2,0.125,-10.11,-0.63,16,401309628,2021,9
2429,Charlotte 49ers,23,0.3333333333333333,8,0.2962962962962963,15,0.35714285714285715,1,0.2,5,0.3333333333333333,17,0.3469387755102041,49,0.3673469387755102,0.6326530612244898,-2.77,-0.06,11,0.22448979591836735,18,-4.43,-0.25,6,0.3333333333333333,31,1.66,0.05,11,0.3548387096774194,15,0.26666666666666666,0.7333333333333333,-1.35,-0.09,5,0.3333333333333333,4,0.98,0.25,3,0.75,11,-2.33,-0.21,2,0.18181818181818182,6,2,4,20,9,11,-6.08,-0.3,0.3,0.1,0.2,0.45,0.55,16,0.37209302325581395,-9.76,-0.23,43,7,0.2692307692307692,0.92,0.04,26,401282241,2021,9
98,Western Kentucky Hilltoppers,37,0.5522388059701493,28,0.6086956521739131,9,0.42857142857142855,7,0.4666666666666667,5,0.625,32,0.5614035087719298,57,0.6666666666666666,0.3333333333333333,11.79,0.21,18,0.3157894736842105,38,15.02,0.4,24,0.631578947368421,19,-3.23,-0.17,8,0.42105263157894735,15,0.8666666666666667,0.13333333333333333,3.64,0.24,8,0.5333333333333333,13,5.68,0.44,8,0.6153846153846154,2,-2.04,-1.02,0,0.0,5,4,1,10,8,2,4.16,0.42,0.5,0.4,0.1,0.8,0.2,28,0.5833333333333334,13.1,0.27,48,9,0.47368421052631576,2.85,0.15,19,401282241,2021,9
2751,Wyoming Cowboys,31,0.4492753623188406,6,0.2608695652173913,25,0.5434782608695652,2,0.5,6,0.4,23,0.46938775510204084,49,0.30612244897959184,0.6938775510204082,-7.46,-0.15,7,0.14285714285714285,15,-12.49,-0.83,3,0.2,34,5.02,0.15,20,0.5882352941176471,10,0.3,0.7,-2.18,-0.22,3,0.3,3,-1.11,-0.37,1,0.3333333333333333,7,-1.07,-0.15,2,0.2857142857142857,8,3,5,20,8,12,-0.13,-0.01,0.4,0.15,0.25,0.4,0.6,24,0.5,-6.04,-0.13,48,7,0.3333333333333333,-1.55,-0.07,21,401310732,2021,9
23,San José State Spartans,23,0.4339622641509434,8,0.38095238095238093,15,0.46875,4,0.5,4,0.4,19,0.4418604651162791,43,0.3488372093023256,0.6511627906976745,7.09,0.16,13,0.3023255813953488,15,-0.74,-0.05,5,0.3333333333333333,28,7.83,0.28,14,0.5,10,0.3,0.7,5.13,0.51,7,0.7,3,-2.65,-0.88,0,0.0,7,7.78,1.11,7,1.0,4,3,1,10,6,4,3.39,0.34,0.4,0.3,0.1,0.6,0.4,14,0.4117647058823529,1.9,0.06,34,9,0.47368421052631576,8.58,0.45,19,401310732,2021,9
6,South Alabama Jaguars,34,0.4594594594594595,19,0.4523809523809524,15,0.46875,5,0.5,5,0.35714285714285715,27,0.47368421052631576,57,0.543859649122807,0.45614035087719296,2.88,0.05,12,0.21052631578947367,31,2.18,0.07,14,0.45161290322580644,26,0.7,0.03,13,0.5,4,0.75,0.25,-1.73,-0.43,1,0.25,3,-0.47,-0.16,1,0.3333333333333333,1,-1.26,-1.26,0,0.0,7,5,2,17,11,6,1.37,0.08,0.4117647058823529,0.29411764705882354,0.11764705882352941,0.6470588235294118,0.35294117647058826,29,0.5686274509803921,13.99,0.27,51,5,0.21739130434782608,-9.74,-0.42,23,401309629,2021,9
2032,Arkansas State Red Wolves,20,0.31746031746031744,14,0.34146341463414637,6,0.2727272727272727,1,0.1,4,0.3076923076923077,15,0.3125,48,0.5625,0.4375,-11.95,-0.25,9,0.1875,27,-7.94,-0.29,9,0.3333333333333333,21,-4.01,-0.19,6,0.2857142857142857,15,0.5333333333333333,0.4666666666666667,-0.62,-0.04,5,0.3333333333333333,8,0.08,0.01,3,0.375,7,-0.69,-0.1,2,0.2857142857142857,5,5,0,15,14,1,-9.38,-0.63,0.3333333333333333,0.3333333333333333,0.0,0.9333333333333333,0.06666666666666667,12,0.3,-14.35,-0.36,40,8,0.34782608695652173,-6.98,-0.3,23,401309629,2021,9
2226,Florida Atlantic Owls,16,0.38095238095238093,6,0.3,10,0.45454545454545453,4,0.5714285714285714,2,0.18181818181818182,11,0.39285714285714285,28,0.39285714285714285,0.6071428571428571,-3.66,-0.13,2,0.07142857142857142,11,-4.27,-0.39,4,0.36363636363636365,17,0.61,0.04,7,0.4117647058823529,10,0.7,0.3,5.62,0.56,5,0.5,7,4.84,0.69,3,0.42857142857142855,3,0.78,0.26,2,0.6666666666666666,5,2,3,14,9,5,-0.7,-0.05,0.35714285714285715,0.14285714285714285,0.21428571428571427,0.6428571428571429,0.35714285714285715,13,0.4482758620689655,3.32,0.11,29,3,0.23076923076923078,-7.68,-0.59,13,401282243,2021,9
2638,UTEP Miners,16,0.35555555555555557,10,0.37037037037037035,6,0.3333333333333333,0,0.0,4,0.36363636363636365,10,0.3125,32,0.53125,0.46875,-4.95,-0.15,4,0.125,17,0.93,0.05,6,0.35294117647058826,15,-5.88,-0.39,4,0.26666666666666666,7,0.5714285714285714,0.42857142857142855,3.7,0.53,4,0.5714285714285714,4,5.45,1.36,3,0.75,3,-1.75,-0.58,1,0.3333333333333333,5,4,1,12,10,2,-2.59,-0.22,0.4166666666666667,0.3333333333333333,0.08333333333333333,0.8333333333333334,0.16666666666666666,6,0.23076923076923078,-8.16,-0.31,26,9,0.5,0.62,0.03,18,401282243,2021,9
2,Auburn Tigers,39,0.5131578947368421,16,0.48484848484848486,23,0.5348837209302325,8,0.5333333333333333,5,0.45454545454545453,32,0.5079365079365079,63,0.42857142857142855,0.5714285714285714,14.81,0.24,21,0.3333333333333333,27,9.37,0.35,15,0.5555555555555556,36,5.43,0.15,17,0.4722222222222222,17,0.7058823529411765,0.29411764705882354,6.59,0.39,8,0.47058823529411764,12,5.99,0.5,6,0.5,5,0.6,0.12,2,0.4,7,1,6,13,6,7,1.89,0.15,0.5384615384615384,0.07692307692307693,0.46153846153846156,0.46153846153846156,0.5384615384615384,30,0.5357142857142857,16.19,0.29,56,9,0.45,0.51,0.03,20,401282116,2021,9
145,Ole Miss Rebels,41,0.5061728395061729,21,0.4666666666666667,20,0.5555555555555556,3,0.16666666666666666,7,0.4666666666666667,33,0.532258064516129,62,0.5161290322580645,0.4838709677419355,4.63,0.07,18,0.2903225806451613,32,3.72,0.12,17,0.53125,30,0.9,0.03,16,0.5333333333333333,8,0.125,0.875,0.07,0.01,4,0.5,1,-1.61,-1.61,0,0.0,7,1.68,0.24,4,0.5714285714285714,8,4,4,19,13,6,-3.74,-0.2,0.42105263157894735,0.21052631578947367,0.21052631578947367,0.6842105263157895,0.3157894736842105,30,0.5263157894736842,0.02,0.0,57,11,0.4583333333333333,0.86,0.04,24,401282116,2021,9
248,Houston Cougars,34,0.4473684210526316,25,0.625,9,0.25,6,0.35294117647058826,11,0.6875,22,0.3793103448275862,58,0.46551724137931033,0.5344827586206896,3.14,0.05,12,0.20689655172413793,27,13.46,0.5,16,0.5925925925925926,31,-10.33,-0.33,6,0.1935483870967742,18,0.5555555555555556,0.4444444444444444,7.0,0.39,12,0.6666666666666666,10,5.52,0.55,8,0.8,8,1.48,0.18,4,0.5,12,9,3,18,13,5,9.49,0.53,0.6666666666666666,0.5,0.16666666666666666,0.7222222222222222,0.2777777777777778,24,0.46153846153846156,8.22,0.16,52,10,0.4166666666666667,4.4,0.18,24,401301034,2021,9
2567,SMU Mustangs,24,0.39344262295081966,15,0.375,9,0.42857142857142855,3,0.5,6,0.42857142857142855,16,0.35555555555555557,45,0.6,0.4,2.89,0.06,6,0.13333333333333333,27,7.64,0.28,9,0.3333333333333333,18,-4.75,-0.26,7,0.3888888888888889,3,0.6666666666666666,0.3333333333333333,2.76,0.92,2,0.6666666666666666,2,3.17,1.59,2,1.0,1,-0.42,-0.42,0,0.0,8,6,2,16,13,3,9.76,0.61,0.5,0.375,0.125,0.8125,0.1875,16,0.4,8.94,0.22,40,8,0.38095238095238093,3.71,0.18,21,401301034,2021,9
204,Oregon State Beavers,27,0.48214285714285715,11,0.4230769230769231,16,0.5333333333333333,3,0.5,6,0.5,21,0.4772727272727273,44,0.4090909090909091,0.5909090909090909,10.33,0.23,11,0.25,18,11.9,0.66,9,0.5,26,-1.57,-0.06,12,0.46153846153846156,10,0.8,0.2,4.55,0.45,5,0.5,8,5.68,0.71,5,0.625,2,-1.13,-0.57,0,0.0,6,2,4,12,8,4,4.39,0.37,0.5,0.16666666666666666,0.3333333333333333,0.6666666666666666,0.3333333333333333,21,0.5121951219512195,11.28,0.28,41,6,0.4,3.45,0.23,15,401309882,2021,9
25,California Golden Bears,34,0.4657534246575342,13,0.5,21,0.44680851063829785,7,0.5,13,0.6842105263157895,21,0.39622641509433965,53,0.2641509433962264,0.7358490566037735,9.38,0.18,8,0.1509433962264151,14,5.41,0.39,6,0.42857142857142855,39,3.96,0.1,15,0.38461538461538464,12,0.6666666666666666,0.3333333333333333,5.18,0.43,5,0.4166666666666667,8,6.05,0.76,4,0.5,4,-0.87,-0.22,1,0.25,13,7,6,20,12,8,6.8,0.34,0.65,0.35,0.3,0.6,0.4,26,0.4482758620689655,16.61,0.29,58,8,0.5333333333333333,-0.43,-0.03,15,401309882,2021,9
30,USC Trojans,44,0.5432098765432098,23,0.575,21,0.5121951219512195,8,0.5714285714285714,5,0.4166666666666667,38,0.5588235294117647,68,0.47058823529411764,0.5294117647058824,12.68,0.19,21,0.3088235294117647,32,8.41,0.26,20,0.625,36,4.27,0.12,18,0.5,9,0.5555555555555556,0.4444444444444444,6.3,0.7,6,0.6666666666666666,5,4.53,0.91,3,0.6,4,1.76,0.44,3,0.75,6,3,3,13,8,5,-3.13,-0.24,0.46153846153846156,0.23076923076923078,0.23076923076923078,0.6153846153846154,0.38461538461538464,32,0.5245901639344263,17.17,0.28,61,12,0.6,-7.61,-0.38,20,401309886,2021,9
12,Arizona Wildcats,32,0.45714285714285713,20,0.45454545454545453,12,0.46153846153846156,3,0.375,8,0.5333333333333333,23,0.42592592592592593,54,0.5555555555555556,0.4444444444444444,-4.27,-0.08,13,0.24074074074074073,30,-2.34,-0.08,13,0.43333333333333335,24,-1.94,-0.08,10,0.4166666666666667,13,0.38461538461538464,0.6153846153846154,6.75,0.52,7,0.5384615384615384,5,7.76,1.55,3,0.6,8,-1.02,-0.13,4,0.5,9,7,2,16,14,2,21.01,1.31,0.5625,0.4375,0.125,0.875,0.125,22,0.5,0.57,0.01,44,10,0.38461538461538464,16.16,0.62,26,401309886,2021,9
36,Colorado State Rams,25,0.35714285714285715,16,0.43243243243243246,9,0.2727272727272727,3,0.17647058823529413,5,0.3333333333333333,20,0.36363636363636365,55,0.4727272727272727,0.5272727272727272,3.06,0.06,14,0.2545454545454545,26,11.68,0.45,13,0.5,29,-8.62,-0.3,7,0.2413793103448276,11,0.6363636363636364,0.36363636363636365,-0.67,-0.06,4,0.36363636363636365,7,0.6,0.09,3,0.42857142857142855,4,-1.28,-0.32,1,0.25,5,3,2,15,11,4,-2.99,-0.2,0.3333333333333333,0.2,0.13333333333333333,0.7333333333333333,0.26666666666666666,16,0.36363636363636365,0.79,0.02,44,9,0.34615384615384615,-0.72,-0.03,26,401310730,2021,9
68,Boise State Broncos,36,0.45,18,0.5294117647058824,18,0.391304347826087,3,0.5,10,0.5882352941176471,25,0.4098360655737705,61,0.32786885245901637,0.6721311475409836,7.85,0.13,12,0.19672131147540983,20,8.53,0.43,10,0.5,41,-0.68,-0.02,15,0.36585365853658536,10,0.4,0.6,2.84,0.28,6,0.6,4,0.9,0.22,2,0.5,6,1.94,0.32,4,0.6666666666666666,11,8,3,19,14,5,5.86,0.31,0.5789473684210527,0.42105263157894735,0.15789473684210525,0.7368421052631579,0.2631578947368421,22,0.41509433962264153,4.17,0.08,53,14,0.5185185185185185,9.54,0.35,27,401310730,2021,9
97,Louisville Cardinals,23,0.3382352941176471,8,0.25806451612903225,15,0.40540540540540543,2,0.3333333333333333,7,0.4666666666666667,16,0.32,50,0.44,0.56,-0.72,-0.01,10,0.2,22,-0.82,-0.04,5,0.22727272727272727,28,0.1,0.0,11,0.39285714285714285,19,0.42105263157894735,0.5789473684210527,2.87,0.15,7,0.3684210526315789,8,4.54,0.57,3,0.375,11,-1.67,-0.15,4,0.36363636363636365,7,3,4,18,9,9,-0.61,-0.03,0.3888888888888889,0.16666666666666666,0.2222222222222222,0.5,0.5,14,0.3333333333333333,-9.68,-0.23,42,9,0.34615384615384615,8.35,0.32,26,401282672,2021,9
152,NC State Wolfpack,25,0.4166666666666667,18,0.4864864864864865,7,0.30434782608695654,4,0.6666666666666666,7,0.5384615384615384,18,0.391304347826087,46,0.5434782608695652,0.45652173913043476,2.98,0.06,9,0.1956521739130435,25,8.62,0.34,12,0.48,21,-5.64,-0.27,6,0.2857142857142857,3,0.6666666666666666,0.3333333333333333,-3.02,-1.01,0,0.0,2,-2.42,-1.21,0,0.0,1,-0.6,-0.6,0,0.0,7,6,1,14,12,2,6.27,0.45,0.5,0.42857142857142855,0.07142857142857142,0.8571428571428571,0.14285714285714285,17,0.4722222222222222,5.75,0.16,36,8,0.3333333333333333,3.5,0.15,24,401282672,2021,9
254,Utah Utes,40,0.5797101449275363,13,0.48148148148148145,27,0.6428571428571429,7,0.7,8,0.6666666666666666,32,0.5714285714285714,56,0.35714285714285715,0.6428571428571429,18.79,0.34,14,0.25,20,5.08,0.25,11,0.55,36,13.71,0.38,21,0.5833333333333334,11,0.36363636363636365,0.6363636363636364,-3.59,-0.33,2,0.18181818181818182,4,-3.37,-0.84,0,0.0,7,-0.22,-0.03,2,0.2857142857142857,8,2,6,13,7,6,7.52,0.58,0.6153846153846154,0.15384615384615385,0.46153846153846156,0.5384615384615384,0.46153846153846156,32,0.6153846153846154,19.99,0.38,52,8,0.47058823529411764,6.32,0.37,17,401309887,2021,9
26,UCLA Bruins,37,0.46835443037974683,20,0.4444444444444444,17,0.5151515151515151,3,0.42857142857142855,7,0.4375,23,0.42592592592592593,54,0.5370370370370371,0.4444444444444444,3.45,0.06,11,0.2037037037037037,29,6.43,0.22,13,0.4482758620689655,24,-1.5,-0.06,10,0.4166666666666667,15,0.6,0.4,-2.55,-0.17,8,0.5333333333333333,9,-2.32,-0.26,4,0.4444444444444444,6,-0.24,-0.04,4,0.6666666666666666,14,7,7,25,16,9,12.03,0.48,0.56,0.28,0.28,0.64,0.36,24,0.5,21.45,0.45,48,13,0.41935483870967744,-5.96,-0.19,31,401309887,2021,9
264,Washington Huskies,35,0.5223880597014925,13,0.52,22,0.5238095238095238,3,0.2727272727272727,5,0.38461538461538464,30,0.5769230769230769,52,0.34615384615384615,0.6538461538461539,10.27,0.2,16,0.3076923076923077,18,4.42,0.25,12,0.6666666666666666,34,5.85,0.17,18,0.5294117647058824,20,0.45,0.55,1.41,0.07,12,0.6,9,-1.13,-0.13,6,0.6666666666666666,11,2.55,0.23,6,0.5454545454545454,5,1,4,15,7,8,-8.23,-0.55,0.3333333333333333,0.06666666666666667,0.26666666666666666,0.4666666666666667,0.5333333333333333,29,0.5370370370370371,2.67,0.05,54,6,0.46153846153846156,-0.63,-0.05,13,401309883,2021,9
24,Stanford Cardinal,27,0.4576271186440678,14,0.4,13,0.5416666666666666,6,0.5454545454545454,4,0.3333333333333333,23,0.48936170212765956,47,0.574468085106383,0.425531914893617,0.21,0.0,11,0.23404255319148937,27,-1.36,-0.05,13,0.48148148148148145,20,1.57,0.08,10,0.5,3,0.6666666666666666,0.3333333333333333,-2.29,-0.76,0,0.0,2,-1.92,-0.96,0,0.0,1,-0.37,-0.37,0,0.0,4,1,3,12,8,4,-10.6,-0.88,0.3333333333333333,0.08333333333333333,0.25,0.6666666666666666,0.3333333333333333,23,0.46938775510204084,-2.99,-0.06,49,4,0.4,-7.4,-0.74,10,401309883,2021,9
21,San Diego State Aztecs,30,0.4411764705882353,15,0.40540540540540543,15,0.4838709677419355,4,0.6666666666666666,6,0.46153846153846156,24,0.43636363636363634,55,0.509090909090909,0.4909090909090909,-4.0,-0.07,14,0.2545454545454545,28,3.23,0.12,13,0.4642857142857143,27,-7.22,-0.27,11,0.4074074074074074,8,0.625,0.375,1.75,0.22,3,0.375,5,1.31,0.26,2,0.4,3,0.44,0.15,1,0.3333333333333333,6,2,4,13,9,4,0.11,0.01,0.46153846153846156,0.15384615384615385,0.3076923076923077,0.6923076923076923,0.3076923076923077,22,0.46808510638297873,-2.68,-0.06,47,8,0.38095238095238093,-1.21,-0.06,21,401310733,2021,9
278,Fresno State Bulldogs,31,0.40789473684210525,16,0.35555555555555557,15,0.4838709677419355,4,0.4444444444444444,9,0.5,22,0.3793103448275862,58,0.5344827586206896,0.46551724137931033,3.73,0.06,9,0.15517241379310345,31,-0.4,-0.01,10,0.3225806451612903,27,4.12,0.15,12,0.4444444444444444,14,0.7857142857142857,0.21428571428571427,0.55,0.04,3,0.21428571428571427,11,1.97,0.18,3,0.2727272727272727,3,-1.43,-0.48,0,0.0,9,6,3,18,14,4,2.13,0.12,0.5,0.3333333333333333,0.16666666666666666,0.7777777777777778,0.2222222222222222,22,0.4074074074074074,4.24,0.08,54,9,0.4090909090909091,1.61,0.07,22,401310733,2021,9
2050,Ball State Cardinals,17,0.26153846153846155,10,0.3333333333333333,7,0.2,5,0.4166666666666667,7,0.4666666666666667,10,0.2,50,0.38,0.62,-14.03,-0.28,9,0.18,19,-5.15,-0.27,4,0.21052631578947367,31,-8.88,-0.29,6,0.1935483870967742,19,0.5789473684210527,0.42105263157894735,-8.5,-0.45,1,0.05263157894736842,11,-5.36,-0.49,1,0.09090909090909091,8,-3.15,-0.39,0,0.0,7,6,1,15,11,4,5.16,0.34,0.4666666666666667,0.4,0.06666666666666667,0.7333333333333333,0.26666666666666666,10,0.25,-6.63,-0.17,40,7,0.28,-2.24,-0.09,25,401309579,2021,10
2006,Akron Zips,17,0.265625,11,0.2972972972972973,6,0.2222222222222222,1,0.125,3,0.23076923076923078,14,0.28,50,0.56,0.44,-7.27,-0.15,15,0.3,28,-3.8,-0.14,9,0.32142857142857145,22,-3.47,-0.16,5,0.22727272727272727,20,0.5,0.5,-6.91,-0.35,2,0.1,10,-6.41,-0.64,0,0.0,10,-0.5,-0.05,2,0.2,3,2,1,14,9,5,-2.48,-0.18,0.21428571428571427,0.14285714285714285,0.07142857142857142,0.6428571428571429,0.35714285714285715,15,0.3488372093023256,6.29,0.15,43,2,0.09523809523809523,-16.04,-0.76,21,401309579,2021,10
195,Ohio Bobcats,24,0.38095238095238093,16,0.43243243243243246,8,0.3076923076923077,1,1.0,5,0.35714285714285715,18,0.375,48,0.5208333333333334,0.4791666666666667,-3.01,-0.06,10,0.20833333333333334,25,0.89,0.04,12,0.48,23,-3.9,-0.17,6,0.2608695652173913,10,0.8,0.2,1.62,0.16,5,0.5,8,2.58,0.32,5,0.625,2,-0.97,-0.48,0,0.0,6,4,2,15,12,3,7.58,0.51,0.4,0.26666666666666666,0.13333333333333333,0.8,0.2,17,0.4594594594594595,0.52,0.01,37,7,0.2692307692307692,4.05,0.16,26,401308839,2021,10
193,Miami (OH) RedHawks,34,0.4146341463414634,28,0.4827586206896552,6,0.25,5,0.2777777777777778,6,0.3333333333333333,25,0.43103448275862066,58,0.7068965517241379,0.29310344827586204,20.8,0.36,12,0.20689655172413793,41,23.92,0.58,22,0.5365853658536586,17,-3.12,-0.18,3,0.17647058823529413,14,0.6428571428571429,0.35714285714285715,-7.92,-0.57,2,0.14285714285714285,9,-4.16,-0.46,2,0.2222222222222222,5,-3.76,-0.75,0,0.0,9,6,3,24,17,7,-1.69,-0.07,0.375,0.25,0.125,0.7083333333333334,0.2916666666666667,25,0.4098360655737705,4.9,0.08,61,9,0.42857142857142855,14.21,0.68,21,401308839,2021,10
2649,Toledo Rockets,48,0.6153846153846154,31,0.6078431372549019,17,0.6296296296296297,3,0.75,7,0.5833333333333334,40,0.6153846153846154,65,0.676923076923077,0.3230769230769231,17.65,0.27,20,0.3076923076923077,44,10.14,0.23,27,0.6136363636363636,21,7.51,0.36,13,0.6190476190476191,10,0.6,0.4,-3.18,-0.32,7,0.7,6,-4.62,-0.77,4,0.6666666666666666,4,1.44,0.36,3,0.75,8,4,4,13,7,6,13.1,1.01,0.6153846153846154,0.3076923076923077,0.3076923076923077,0.5384615384615384,0.46153846153846156,39,0.6724137931034483,29.94,0.52,58,9,0.45,0.8,0.04,20,401309580,2021,10
2199,Eastern Michigan Eagles,35,0.44871794871794873,22,0.4782608695652174,13,0.40625,9,0.5,8,0.5333333333333333,27,0.4426229508196721,61,0.5737704918032787,0.4262295081967213,11.02,0.18,15,0.2459016393442623,35,7.98,0.23,17,0.4857142857142857,26,3.05,0.12,10,0.38461538461538464,11,0.5454545454545454,0.45454545454545453,3.89,0.35,5,0.45454545454545453,6,4.41,0.74,3,0.5,5,-0.52,-0.1,2,0.4,8,5,3,17,11,6,1.01,0.06,0.47058823529411764,0.29411764705882354,0.17647058823529413,0.6470588235294118,0.35294117647058826,30,0.5263157894736842,19.15,0.34,57,5,0.23809523809523808,-7.12,-0.34,21,401309580,2021,10
2117,Central Michigan Chippewas,22,0.43137254901960786,8,0.38095238095238093,14,0.4666666666666667,7,0.3888888888888889,3,0.2727272727272727,17,0.4594594594594595,37,0.3783783783783784,0.6216216216216216,14.57,0.39,8,0.21621621621621623,14,10.98,0.78,6,0.42857142857142855,23,3.59,0.16,11,0.4782608695652174,6,0.8333333333333334,0.16666666666666666,4.08,0.68,3,0.5,5,0.45,0.09,2,0.4,1,3.63,3.63,1,1.0,5,2,3,14,7,7,-1.1,-0.08,0.35714285714285715,0.14285714285714285,0.21428571428571427,0.5,0.5,17,0.4857142857142857,13.49,0.39,35,5,0.3125,-0.02,-0.0,16,401309581,2021,10
2711,Western Michigan Broncos,38,0.475,17,0.4358974358974359,21,0.5121951219512195,6,0.5454545454545454,9,0.5,29,0.47540983606557374,61,0.5245901639344263,0.47540983606557374,14.3,0.23,12,0.19672131147540983,32,13.03,0.41,16,0.5,29,1.28,0.04,13,0.4482758620689655,15,0.6666666666666666,0.3333333333333333,2.15,0.14,6,0.4,10,2.12,0.21,3,0.3,5,0.03,0.01,3,0.6,9,1,8,19,7,12,-6.3,-0.33,0.47368421052631576,0.05263157894736842,0.42105263157894735,0.3684210526315789,0.631578947368421,33,0.559322033898305,16.45,0.28,59,5,0.23809523809523808,-8.45,-0.4,21,401309581,2021,10
2309,Kent State Golden Flashes,46,0.6301369863013698,17,0.5862068965517241,29,0.6590909090909091,6,0.5,5,0.45454545454545453,40,0.6557377049180327,61,0.3770491803278688,0.6229508196721312,39.22,0.64,20,0.32786885245901637,23,19.16,0.83,16,0.6956521739130435,38,20.05,0.53,24,0.631578947368421,19,0.47368421052631576,0.5263157894736842,16.46,0.87,15,0.7894736842105263,9,4.41,0.49,7,0.7777777777777778,10,12.05,1.21,8,0.8,6,1,5,12,6,6,-2.06,-0.17,0.5,0.08333333333333333,0.4166666666666667,0.5,0.5,41,0.6721311475409836,38.61,0.63,61,5,0.4166666666666667,-1.46,-0.12,12,401309582,2021,10
2459,Northern Illinois Huskies,44,0.4631578947368421,28,0.4827586206896552,16,0.43243243243243246,5,0.5555555555555556,10,0.5,30,0.4225352112676056,71,0.5774647887323944,0.4225352112676056,11.96,0.17,14,0.19718309859154928,41,15.89,0.39,19,0.4634146341463415,30,-3.94,-0.13,11,0.36666666666666664,20,0.65,0.35,-0.42,-0.02,7,0.35,13,0.52,0.04,4,0.3076923076923077,7,-0.94,-0.13,3,0.42857142857142855,14,9,5,24,17,7,19.48,0.81,0.5833333333333334,0.375,0.20833333333333334,0.7083333333333334,0.2916666666666667,28,0.4745762711864407,19.71,0.33,59,16,0.4444444444444444,11.73,0.33,36,401309582,2021,10
2247,Georgia State Panthers,32,0.47058823529411764,5,0.22727272727272727,27,0.5869565217391305,3,0.6,7,0.4666666666666667,24,0.47058823529411764,51,0.2549019607843137,0.7450980392156863,3.64,0.07,10,0.19607843137254902,13,0.09,0.01,4,0.3076923076923077,38,3.55,0.09,20,0.5263157894736842,5,0.4,0.6,-3.42,-0.68,1,0.2,2,-2.44,-1.22,0,0.0,3,-0.98,-0.33,1,0.3333333333333333,8,1,7,17,9,8,-3.27,-0.19,0.47058823529411764,0.058823529411764705,0.4117647058823529,0.5294117647058824,0.47058823529411764,26,0.5306122448979592,9.37,0.19,49,6,0.3157894736842105,-9.0,-0.47,19,401309632,2021,10
309,Louisiana Ragin' Cajuns,29,0.4142857142857143,16,0.4444444444444444,13,0.38235294117647056,7,0.3684210526315789,10,0.6666666666666666,18,0.34615384615384615,52,0.4807692307692308,0.5192307692307693,-1.97,-0.04,10,0.19230769230769232,25,-2.73,-0.11,9,0.36,27,0.75,0.03,9,0.3333333333333333,16,0.5,0.5,-0.44,-0.03,4,0.25,8,1.25,0.16,2,0.25,8,-1.68,-0.21,2,0.25,11,7,4,18,11,7,14.58,0.81,0.6111111111111112,0.3888888888888889,0.2222222222222222,0.6111111111111112,0.3888888888888889,16,0.38095238095238093,-2.47,-0.06,42,13,0.4642857142857143,15.08,0.54,28,401309632,2021,10
259,Virginia Tech Hokies,20,0.4,5,0.29411764705882354,15,0.45454545454545453,0,0.0,3,0.2727272727272727,17,0.4358974358974359,39,0.28205128205128205,0.717948717948718,-3.16,-0.08,8,0.20512820512820512,11,-2.25,-0.2,5,0.45454545454545453,28,-0.91,-0.03,12,0.42857142857142855,9,0.5555555555555556,0.4444444444444444,-1.55,-0.17,4,0.4444444444444444,5,-2.5,-0.5,1,0.2,4,0.95,0.24,3,0.75,3,0,3,11,6,5,-5.35,-0.49,0.2727272727272727,0.0,0.2727272727272727,0.5454545454545454,0.45454545454545453,19,0.5135135135135135,5.47,0.15,37,1,0.07692307692307693,-13.98,-1.08,13,401282677,2021,10
103,Boston College Eagles,31,0.47692307692307695,5,0.38461538461538464,26,0.5,3,0.3333333333333333,7,0.5384615384615384,23,0.45098039215686275,51,0.19607843137254902,0.803921568627451,-0.62,-0.01,15,0.29411764705882354,10,-4.25,-0.43,4,0.4,41,3.63,0.09,19,0.4634146341463415,12,0.08333333333333333,0.9166666666666666,4.2,0.35,7,0.5833333333333334,1,2.59,2.59,1,1.0,11,1.6,0.15,6,0.5454545454545454,8,1,7,14,3,11,1.44,0.1,0.5714285714285714,0.07142857142857142,0.5,0.21428571428571427,0.7857142857142857,23,0.45098039215686275,1.35,0.03,51,8,0.5714285714285714,-0.53,-0.04,14,401282677,2021,10
24,Stanford Cardinal,17,0.3090909090909091,9,0.3103448275862069,8,0.3076923076923077,0,0.0,4,0.3076923076923077,12,0.2926829268292683,41,0.4634146341463415,0.5365853658536586,-21.61,-0.53,7,0.17073170731707318,19,-6.87,-0.36,6,0.3157894736842105,22,-14.74,-0.67,6,0.2727272727272727,14,0.6428571428571429,0.35714285714285715,-7.1,-0.51,5,0.35714285714285715,9,3.68,0.41,5,0.5555555555555556,5,-10.78,-2.16,0,0.0,5,3,2,14,10,4,4.55,0.32,0.35714285714285715,0.21428571428571427,0.14285714285714285,0.7142857142857143,0.2857142857142857,11,0.3333333333333333,-9.16,-0.28,33,6,0.2727272727272727,-7.89,-0.36,22,401309888,2021,10
254,Utah Utes,39,0.5735294117647058,10,0.45454545454545453,29,0.6304347826086957,7,0.4375,7,0.6363636363636364,31,0.5636363636363636,55,0.2909090909090909,0.7090909090909091,19.46,0.35,17,0.3090909090909091,16,-1.77,-0.11,6,0.375,39,21.23,0.54,25,0.6410256410256411,9,0.6666666666666666,0.3333333333333333,7.99,0.89,4,0.4444444444444444,6,1.19,0.2,2,0.3333333333333333,3,6.79,2.26,2,0.6666666666666666,8,4,4,13,6,7,10.77,0.83,0.6153846153846154,0.3076923076923077,0.3076923076923077,0.46153846153846156,0.5384615384615384,31,0.6078431372549019,22.3,0.44,51,8,0.47058823529411764,7.93,0.47,17,401309888,2021,10
61,Georgia Bulldogs,34,0.5396825396825397,20,0.6666666666666666,14,0.42424242424242425,8,0.5333333333333333,4,0.4444444444444444,28,0.5384615384615384,52,0.40384615384615385,0.5961538461538461,14.71,0.28,17,0.3269230769230769,21,13.47,0.64,14,0.6666666666666666,31,1.24,0.04,14,0.45161290322580644,14,0.5,0.5,10.06,0.72,10,0.7142857142857143,7,8.31,1.19,6,0.8571428571428571,7,1.75,0.25,4,0.5714285714285714,6,6,0,11,9,2,10.18,0.93,0.5454545454545454,0.5454545454545454,0.0,0.8181818181818182,0.18181818181818182,24,0.5,12.39,0.26,48,10,0.6666666666666666,12.5,0.83,15,401282122,2021,10
142,Missouri Tigers,21,0.31343283582089554,9,0.2647058823529412,12,0.36363636363636365,1,0.2,6,0.35294117647058826,13,0.2826086956521739,46,0.5217391304347826,0.4782608695652174,-10.13,-0.22,6,0.13043478260869565,24,-5.55,-0.23,6,0.25,22,-4.58,-0.21,7,0.3181818181818182,6,0.5,0.5,-2.21,-0.37,1,0.16666666666666666,3,-1.78,-0.59,0,0.0,3,-0.43,-0.14,1,0.3333333333333333,8,3,5,21,10,11,0.64,0.03,0.38095238095238093,0.14285714285714285,0.23809523809523808,0.47619047619047616,0.5238095238095238,10,0.2631578947368421,-15.55,-0.41,38,11,0.3793103448275862,6.06,0.21,29,401282122,2021,10
333,Alabama Crimson Tide,26,0.4126984126984127,19,0.4634146341463415,7,0.3181818181818182,4,0.5714285714285714,4,0.3076923076923077,22,0.4489795918367347,49,0.6530612244897959,0.3469387755102041,5.24,0.11,12,0.24489795918367346,32,9.56,0.3,17,0.53125,17,-4.32,-0.25,5,0.29411764705882354,9,0.7777777777777778,0.2222222222222222,10.04,1.12,6,0.6666666666666666,7,8.23,1.18,4,0.5714285714285714,2,1.81,0.91,2,1.0,4,2,2,14,9,5,-8.25,-0.59,0.2857142857142857,0.14285714285714285,0.14285714285714285,0.6428571428571429,0.35714285714285715,16,0.4,-8.99,-0.22,40,10,0.43478260869565216,5.98,0.26,23,401282120,2021,10
99,LSU Tigers,26,0.3561643835616438,14,0.3684210526315789,12,0.34285714285714286,4,0.4,5,0.2777777777777778,16,0.3333333333333333,48,0.4583333333333333,0.5416666666666666,-11.62,-0.24,5,0.10416666666666667,22,-0.32,-0.01,9,0.4090909090909091,26,-11.3,-0.43,7,0.2692307692307692,12,0.3333333333333333,0.6666666666666666,-9.39,-0.78,3,0.25,4,-1.72,-0.43,1,0.25,8,-7.68,-0.96,2,0.25,10,5,5,25,16,9,2.41,0.1,0.4,0.2,0.2,0.64,0.36,17,0.3469387755102041,-1.17,-0.02,49,9,0.375,-8.04,-0.33,24,401282120,2021,10
127,Michigan State Spartans,28,0.4444444444444444,17,0.5483870967741935,11,0.34375,3,0.3,6,0.46153846153846156,21,0.4375,48,0.4375,0.5625,8.0,0.17,13,0.2708333333333333,21,15.97,0.76,14,0.6666666666666666,27,-7.97,-0.3,7,0.25925925925925924,12,0.3333333333333333,0.6666666666666666,10.79,0.9,9,0.75,4,1.67,0.42,3,0.75,8,9.13,1.14,6,0.75,7,3,4,15,10,5,8.75,0.58,0.4666666666666667,0.2,0.26666666666666666,0.6666666666666666,0.3333333333333333,21,0.4772727272727273,10.31,0.23,44,7,0.3684210526315789,6.44,0.34,19,401282787,2021,10
2509,Purdue Boilermakers,44,0.5176470588235295,35,0.625,9,0.3103448275862069,10,0.38461538461538464,11,0.6111111111111112,32,0.48484848484848486,66,0.6212121212121212,0.3787878787878788,4.55,0.07,17,0.25757575757575757,41,18.13,0.44,25,0.6097560975609756,25,-13.57,-0.54,7,0.28,13,0.6153846153846154,0.38461538461538464,-1.51,-0.12,7,0.5384615384615384,8,3.81,0.48,5,0.625,5,-5.32,-1.06,2,0.4,12,10,2,19,15,4,15.95,0.84,0.631578947368421,0.5263157894736842,0.10526315789473684,0.7894736842105263,0.21052631578947367,30,0.4918032786885246,1.26,0.02,61,14,0.5833333333333334,19.24,0.8,24,401282787,2021,10
264,Washington Huskies,16,0.32,8,0.2857142857142857,8,0.36363636363636365,3,0.6,5,0.4166666666666667,11,0.3055555555555556,36,0.5277777777777778,0.4722222222222222,-9.13,-0.25,4,0.1111111111111111,19,-7.36,-0.39,5,0.2631578947368421,17,-1.77,-0.1,6,0.35294117647058826,7,0.5714285714285714,0.42857142857142855,-3.31,-0.47,1,0.14285714285714285,4,-3.29,-0.82,0,0.0,3,-0.02,-0.01,1,0.3333333333333333,5,3,2,14,9,5,-5.12,-0.37,0.35714285714285715,0.21428571428571427,0.14285714285714285,0.6428571428571429,0.35714285714285715,12,0.35294117647058826,-11.94,-0.35,34,4,0.25,-2.31,-0.14,16,401309890,2021,10
2483,Oregon Ducks,36,0.47368421052631576,5,0.25,31,0.5636363636363636,7,0.7777777777777778,9,0.5625,27,0.45,60,0.23333333333333334,0.75,3.44,0.06,12,0.2,14,-8.2,-0.59,4,0.2857142857142857,45,12.46,0.28,23,0.5111111111111111,11,0.0,1.0,1.89,0.17,5,0.45454545454545453,,,,,,11,1.89,0.17,5,0.45454545454545453,9,1,8,16,6,10,8.81,0.55,0.5625,0.0625,0.5,0.375,0.625,28,0.5185185185185185,17.72,0.33,54,8,0.36363636363636365,-5.46,-0.25,22,401309890,2021,10
158,Nebraska Cornhuskers,23,0.35384615384615387,11,0.3055555555555556,12,0.41379310344827586,1,0.25,2,0.15384615384615385,21,0.40384615384615385,52,0.5384615384615384,0.46153846153846156,5.53,0.11,13,0.25,28,4.36,0.16,10,0.35714285714285715,24,1.17,0.05,11,0.4583333333333333,11,0.7272727272727273,0.2727272727272727,0.62,0.06,2,0.18181818181818182,8,2.58,0.32,2,0.25,3,-1.97,-0.66,0,0.0,2,1,1,13,8,5,-11.29,-0.87,0.15384615384615385,0.07692307692307693,0.07692307692307693,0.6153846153846154,0.38461538461538464,21,0.44680851063829785,6.89,0.15,47,2,0.1111111111111111,-12.64,-0.7,18,401282799,2021,10
194,Ohio State Buckeyes,40,0.4819277108433735,28,0.5,12,0.4444444444444444,4,0.4444444444444444,11,0.5789473684210527,29,0.4603174603174603,63,0.6507936507936508,0.3492063492063492,-2.03,-0.03,14,0.2222222222222222,41,0.63,0.02,20,0.4878048780487805,22,-2.66,-0.12,9,0.4090909090909091,13,0.6153846153846154,0.38461538461538464,2.71,0.21,6,0.46153846153846156,8,6.98,0.87,5,0.625,5,-4.27,-0.85,1,0.2,11,8,3,20,15,5,1.28,0.06,0.55,0.4,0.15,0.75,0.25,28,0.4745762711864407,-4.29,-0.07,59,12,0.5,3.53,0.15,24,401282799,2021,10
130,Michigan Wolverines,28,0.45161290322580644,12,0.4,16,0.5,5,0.38461538461538464,3,0.2727272727272727,24,0.48,50,0.46,0.54,15.91,0.32,13,0.26,23,8.36,0.36,11,0.4782608695652174,27,7.55,0.28,13,0.48148148148148145,9,0.4444444444444444,0.5555555555555556,-2.32,-0.26,3,0.3333333333333333,4,-1.08,-0.27,2,0.5,5,-1.24,-0.25,1,0.2,4,1,3,12,7,5,-4.38,-0.36,0.3333333333333333,0.08333333333333333,0.25,0.5833333333333334,0.4166666666666667,21,0.4666666666666667,5.55,0.12,45,7,0.4117647058823529,5.98,0.35,17,401282727,2021,10
84,Indiana Hoosiers,20,0.32786885245901637,8,0.2962962962962963,12,0.35294117647058826,1,0.3333333333333333,4,0.2857142857142857,16,0.34782608695652173,46,0.41304347826086957,0.5869565217391305,-5.9,-0.13,7,0.15217391304347827,19,-3.45,-0.18,6,0.3157894736842105,27,-2.44,-0.09,10,0.37037037037037035,6,0.5,0.5,-3.23,-0.54,2,0.3333333333333333,3,-2.86,-0.95,0,0.0,3,-0.37,-0.12,2,0.6666666666666666,4,2,2,15,8,7,-10.7,-0.71,0.26666666666666666,0.13333333333333333,0.13333333333333333,0.5333333333333333,0.4666666666666667,15,0.38461538461538464,-4.43,-0.11,39,5,0.22727272727272727,-12.16,-0.55,22,401282727,2021,10
154,Wake Forest Demon Deacons,43,0.4777777777777778,22,0.41509433962264153,21,0.5675675675675675,4,0.5,9,0.5,33,0.4782608695652174,69,0.5797101449275363,0.42028985507246375,20.48,0.3,19,0.2753623188405797,40,15.16,0.38,19,0.475,29,5.32,0.18,14,0.4827586206896552,14,0.42857142857142855,0.5714285714285714,2.82,0.2,7,0.5,6,3.08,0.51,3,0.5,8,-0.27,-0.03,4,0.5,10,3,7,21,13,8,-1.92,-0.09,0.47619047619047616,0.14285714285714285,0.3333333333333333,0.6190476190476191,0.38095238095238093,33,0.5409836065573771,24.97,0.41,61,10,0.3448275862068966,-6.41,-0.22,29,401282682,2021,10
153,North Carolina Tar Heels,42,0.56,16,0.5517241379310345,26,0.5652173913043478,7,0.5,9,0.6,32,0.5423728813559322,59,0.3389830508474576,0.6610169491525424,23.67,0.4,13,0.22033898305084745,20,8.39,0.42,10,0.5,39,15.28,0.39,22,0.5641025641025641,11,0.6363636363636364,0.36363636363636365,3.71,0.34,6,0.5454545454545454,7,5.92,0.85,5,0.7142857142857143,4,-2.21,-0.55,1,0.25,10,6,4,16,9,7,10.81,0.68,0.625,0.375,0.25,0.5625,0.4375,30,0.5263157894736842,17.95,0.31,57,12,0.6666666666666666,16.53,0.92,18,401282682,2021,10
2426,Navy Midshipmen,16,0.27586206896551724,1,0.2,15,0.2830188679245283,2,0.25,4,0.26666666666666666,9,0.23076923076923078,39,0.07692307692307693,0.9230769230769231,-9.11,-0.23,3,0.07692307692307693,3,-3.81,-1.27,0,0.0,36,-5.3,-0.15,9,0.25,10,0.0,1.0,2.29,0.23,6,0.6,,,,,,10,2.29,0.23,6,0.6,7,1,6,19,2,17,-2.02,-0.11,0.3684210526315789,0.05263157894736842,0.3157894736842105,0.10526315789473684,0.8947368421052632,12,0.3,-6.85,-0.17,40,4,0.2222222222222222,-4.28,-0.24,18,401282710,2021,10
87,Notre Dame Fighting Irish,28,0.45901639344262296,11,0.34375,17,0.5862068965517241,5,0.4166666666666667,7,0.5384615384615384,21,0.44680851063829785,47,0.46808510638297873,0.5319148936170213,8.63,0.18,12,0.2553191489361702,22,-1.63,-0.07,6,0.2727272727272727,25,10.25,0.41,15,0.6,8,0.5,0.5,9.56,1.2,5,0.625,4,8.9,2.22,2,0.5,4,0.67,0.17,3,0.75,7,5,2,14,10,4,6.66,0.48,0.5,0.35714285714285715,0.14285714285714285,0.7142857142857143,0.2857142857142857,17,0.4473684210526316,-0.97,-0.03,38,11,0.4782608695652174,16.26,0.71,23,401282710,2021,10
277,West Virginia Mountaineers,14,0.24561403508771928,8,0.25,6,0.24,0,0.0,2,0.14285714285714285,11,0.275,40,0.525,0.475,-14.85,-0.37,6,0.15,21,-12.99,-0.62,5,0.23809523809523808,19,-1.86,-0.1,6,0.3157894736842105,8,0.5,0.5,2.35,0.29,3,0.375,4,0.91,0.23,1,0.25,4,1.44,0.36,2,0.5,3,3,0,17,11,6,-10.02,-0.59,0.17647058823529413,0.17647058823529413,0.0,0.6470588235294118,0.35294117647058826,8,0.25,-21.85,-0.68,32,6,0.24,-3.02,-0.12,25,401287937,2021,10
197,Oklahoma State Cowboys,28,0.4444444444444444,16,0.5,12,0.3870967741935484,5,0.5,5,0.38461538461538464,23,0.46938775510204084,49,0.4897959183673469,0.5102040816326531,-0.49,-0.01,9,0.1836734693877551,24,-0.41,-0.02,13,0.5416666666666666,25,-0.08,-0.0,10,0.4,10,0.5,0.5,-1.67,-0.17,4,0.4,5,-2.93,-0.59,1,0.2,5,1.26,0.25,3,0.6,5,3,2,14,8,6,-4.38,-0.31,0.35714285714285715,0.21428571428571427,0.14285714285714285,0.5714285714285714,0.42857142857142855,23,0.5227272727272727,4.2,0.1,44,5,0.2631578947368421,-9.06,-0.48,19,401287937,2021,10
239,Baylor Bears,26,0.4642857142857143,10,0.47619047619047616,16,0.45714285714285713,7,0.7777777777777778,5,0.45454545454545453,20,0.45454545454545453,44,0.36363636363636365,0.6363636363636364,1.32,0.03,9,0.20454545454545456,16,2.22,0.14,7,0.4375,28,-0.9,-0.03,13,0.4642857142857143,8,0.5,0.5,-0.21,-0.03,2,0.25,4,1.75,0.44,1,0.25,4,-1.96,-0.49,1,0.25,6,3,3,12,5,7,8.24,0.69,0.5,0.25,0.25,0.4166666666666667,0.5833333333333334,22,0.5789473684210527,12.63,0.33,38,4,0.2222222222222222,-3.07,-0.17,18,401287936,2021,10
2628,TCU Horned Frogs,34,0.4473684210526316,26,0.6046511627906976,8,0.24242424242424243,5,0.35714285714285715,8,0.5,26,0.43333333333333335,60,0.5,0.5,7.93,0.13,17,0.2833333333333333,30,19.95,0.66,18,0.6,30,-12.01,-0.4,8,0.26666666666666666,13,0.6923076923076923,0.3076923076923077,2.8,0.22,6,0.46153846153846156,9,4.42,0.49,6,0.6666666666666666,4,-1.62,-0.4,0,0.0,8,8,0,16,13,3,16.04,1.0,0.5,0.5,0.0,0.8125,0.1875,22,0.44,3.9,0.08,50,12,0.46153846153846156,20.08,0.77,26,401287936,2021,10
245,Texas A&M Aggies,23,0.36507936507936506,10,0.3448275862068966,13,0.38235294117647056,1,0.125,3,0.23076923076923078,19,0.3877551020408163,49,0.40816326530612246,0.5918367346938775,1.03,0.02,13,0.2653061224489796,20,3.45,0.17,8,0.4,29,-2.43,-0.08,11,0.3793103448275862,7,0.42857142857142855,0.5714285714285714,-4.64,-0.66,1,0.14285714285714285,3,-3.04,-1.01,0,0.0,4,-1.6,-0.4,1,0.25,4,2,2,14,9,5,-4.58,-0.33,0.2857142857142857,0.14285714285714285,0.14285714285714285,0.6428571428571429,0.35714285714285715,15,0.3333333333333333,-10.93,-0.24,45,8,0.4444444444444444,7.37,0.41,18,401282126,2021,10
2,Auburn Tigers,23,0.32857142857142857,11,0.24444444444444444,12,0.48,0,0.0,4,0.25,18,0.35294117647058826,51,0.5686274509803921,0.43137254901960786,-9.03,-0.18,12,0.23529411764705882,29,-6.9,-0.24,9,0.3103448275862069,22,-2.13,-0.1,9,0.4090909090909091,10,0.5,0.5,1.05,0.11,5,0.5,5,1.83,0.37,3,0.6,5,-0.78,-0.16,2,0.4,5,2,3,19,16,3,-9.49,-0.5,0.2631578947368421,0.10526315789473684,0.15789473684210525,0.8421052631578947,0.15789473684210525,16,0.42105263157894735,-1.56,-0.04,38,7,0.21875,-16.96,-0.53,32,401282126,2021,10
304,Idaho State Bengals,22,0.39285714285714285,11,0.39285714285714285,11,0.39285714285714285,4,0.5,1,0.09090909090909091,21,0.4772727272727273,44,0.4772727272727273,0.5227272727272727,-0.61,-0.01,9,0.20454545454545456,21,0.28,0.01,11,0.5238095238095238,23,-0.89,-0.04,10,0.43478260869565216,7,0.2857142857142857,0.7142857142857143,4.34,0.62,6,0.8571428571428571,2,3.61,1.8,2,1.0,5,0.74,0.15,4,0.8,1,0,1,12,7,5,-12.65,-1.05,0.08333333333333333,0.0,0.08333333333333333,0.5833333333333334,0.4166666666666667,19,0.48717948717948717,-4.72,-0.12,39,3,0.17647058823529413,-8.54,-0.5,17,401309914,2021,10
252,BYU Cougars,39,0.5131578947368421,22,0.5641025641025641,17,0.4594594594594595,9,0.5625,8,0.6153846153846154,30,0.4918032786885246,61,0.5573770491803278,0.4426229508196721,17.92,0.29,15,0.2459016393442623,34,16.15,0.47,20,0.5882352941176471,27,1.77,0.07,10,0.37037037037037035,10,0.5,0.5,9.18,0.92,5,0.5,5,5.51,1.1,3,0.6,5,3.67,0.73,2,0.4,9,2,7,15,5,10,8.0,0.53,0.6,0.13333333333333333,0.4666666666666667,0.3333333333333333,0.6666666666666666,32,0.5614035087719298,21.02,0.37,57,7,0.3684210526315789,4.9,0.26,19,401309914,2021,10
2335,Liberty Flames,45,0.5555555555555556,16,0.45714285714285713,29,0.6304347826086957,3,0.375,4,0.3333333333333333,40,0.5970149253731343,67,0.3880597014925373,0.6119402985074627,10.81,0.16,21,0.31343283582089554,26,-4.43,-0.17,14,0.5384615384615384,41,15.24,0.37,26,0.6341463414634146,15,0.4666666666666667,0.5333333333333333,-0.25,-0.02,9,0.6,7,-1.57,-0.22,4,0.5714285714285714,8,1.32,0.17,5,0.625,5,2,3,14,9,5,-5.49,-0.39,0.35714285714285715,0.14285714285714285,0.21428571428571427,0.6428571428571429,0.35714285714285715,37,0.5873015873015873,8.12,0.13,63,8,0.4444444444444444,-2.8,-0.16,18,401282124,2021,10
145,Ole Miss Rebels,27,0.4909090909090909,18,0.6206896551724138,9,0.34615384615384615,1,0.25,2,0.2222222222222222,25,0.5555555555555556,45,0.4666666666666667,0.5333333333333333,19.05,0.42,15,0.3333333333333333,21,17.67,0.84,16,0.7619047619047619,24,1.38,0.06,9,0.375,5,0.4,0.6,6.32,1.26,5,1.0,2,5.35,2.67,2,1.0,3,0.98,0.33,3,1.0,2,2,0,10,8,2,-6.69,-0.67,0.2,0.2,0.0,0.8,0.2,23,0.5897435897435898,17.34,0.44,39,4,0.25,-4.98,-0.31,16,401282124,2021,10
96,Kentucky Wildcats,51,0.5151515151515151,26,0.49056603773584906,25,0.5434782608695652,9,0.6428571428571429,12,0.7058823529411765,38,0.48717948717948717,78,0.48717948717948717,0.5128205128205128,11.29,0.14,20,0.2564102564102564,38,0.85,0.02,19,0.5,40,10.44,0.26,19,0.475,16,0.75,0.25,4.03,0.25,10,0.625,12,2.6,0.22,7,0.5833333333333334,4,1.44,0.36,3,0.75,13,7,6,21,15,6,12.78,0.61,0.6190476190476191,0.3333333333333333,0.2857142857142857,0.7142857142857143,0.2857142857142857,36,0.5294117647058824,16.13,0.24,68,15,0.4838709677419355,7.94,0.26,31,401282123,2021,10
2633,Tennessee Volunteers,22,0.46808510638297873,12,0.48,10,0.45454545454545453,3,0.6,4,0.5,18,0.47368421052631576,38,0.5,0.5,14.25,0.38,10,0.2631578947368421,19,13.66,0.72,10,0.5263157894736842,19,0.6,0.03,8,0.42105263157894735,10,0.7,0.3,6.47,0.65,7,0.7,7,4.69,0.67,5,0.7142857142857143,3,1.78,0.59,2,0.6666666666666666,4,2,2,9,6,3,6.64,0.74,0.4444444444444444,0.2222222222222222,0.2222222222222222,0.6666666666666666,0.3333333333333333,17,0.53125,18.23,0.57,32,5,0.3333333333333333,2.66,0.18,15,401282123,2021,10
52,Florida State Seminoles,26,0.36619718309859156,18,0.3829787234042553,8,0.3333333333333333,4,0.4444444444444444,4,0.25,20,0.39215686274509803,51,0.6274509803921569,0.37254901960784315,-1.39,-0.03,12,0.23529411764705882,32,3.92,0.12,14,0.4375,19,-5.31,-0.28,6,0.3157894736842105,10,0.5,0.5,4.27,0.43,5,0.5,5,6.79,1.36,4,0.8,5,-2.52,-0.5,1,0.2,6,4,2,20,15,5,-12.98,-0.65,0.3,0.2,0.1,0.75,0.25,18,0.4090909090909091,-4.84,-0.11,44,8,0.2962962962962963,-9.53,-0.35,27,401282679,2021,10
152,NC State Wolfpack,25,0.373134328358209,14,0.4117647058823529,11,0.3333333333333333,1,0.5,8,0.47058823529411764,17,0.3469387755102041,49,0.40816326530612246,0.5918367346938775,0.23,0.0,7,0.14285714285714285,20,5.48,0.27,8,0.4,29,-5.25,-0.18,9,0.3103448275862069,10,0.7,0.3,-2.58,-0.26,1,0.1,7,-1.57,-0.22,1,0.14285714285714285,3,-1.01,-0.34,0,0.0,8,6,2,18,14,4,5.9,0.33,0.4444444444444444,0.3333333333333333,0.1111111111111111,0.7777777777777778,0.2222222222222222,15,0.375,2.32,0.06,40,10,0.37037037037037035,3.81,0.14,27,401282679,2021,10
275,Wisconsin Badgers,36,0.5142857142857142,13,0.65,23,0.46,8,0.5,6,0.5,29,0.5087719298245614,57,0.17543859649122806,0.8245614035087719,20.01,0.35,17,0.2982456140350877,10,11.09,1.11,8,0.8,47,8.92,0.19,21,0.44680851063829785,13,0.38461538461538464,0.6153846153846154,8.54,0.66,8,0.6153846153846154,5,8.15,1.63,4,0.8,8,0.39,0.05,4,0.5,7,5,2,13,10,3,2.4,0.18,0.5384615384615384,0.38461538461538464,0.15384615384615385,0.7692307692307693,0.23076923076923078,26,0.49056603773584906,9.88,0.19,53,10,0.5882352941176471,12.53,0.74,17,401282824,2021,10
164,Rutgers Scarlet Knights,19,0.34545454545454546,8,0.2857142857142857,11,0.4074074074074074,1,0.2,3,0.3,15,0.36585365853658536,41,0.43902439024390244,0.5609756097560976,-13.49,-0.33,8,0.1951219512195122,18,-13.41,-0.75,6,0.3333333333333333,23,-0.08,-0.0,9,0.391304347826087,5,0.4,0.6,-1.97,-0.39,2,0.4,2,-4.21,-2.1,0,0.0,3,2.23,0.74,2,0.6666666666666666,4,2,2,14,10,4,-12.28,-0.88,0.2857142857142857,0.14285714285714285,0.14285714285714285,0.7142857142857143,0.2857142857142857,11,0.3235294117647059,-18.3,-0.54,34,8,0.38095238095238093,-7.48,-0.36,21,401282824,2021,10
2294,Iowa Hawkeyes,26,0.3880597014925373,14,0.4117647058823529,12,0.36363636363636365,4,0.4,2,0.15384615384615385,24,0.4528301886792453,53,0.5094339622641509,0.49056603773584906,3.35,0.06,14,0.2641509433962264,27,-0.23,-0.01,13,0.48148148148148145,26,3.58,0.14,11,0.4230769230769231,22,0.5,0.5,-3.19,-0.14,11,0.5,11,0.16,0.01,7,0.6363636363636364,11,-3.35,-0.3,4,0.36363636363636365,2,1,1,14,7,7,-11.11,-0.79,0.14285714285714285,0.07142857142857142,0.07142857142857142,0.5,0.5,18,0.45,-4.9,-0.12,40,8,0.2962962962962963,-2.86,-0.11,27,401282757,2021,10
77,Northwestern Wildcats,27,0.38571428571428573,18,0.4090909090909091,9,0.34615384615384615,1,0.25,6,0.3333333333333333,19,0.38,50,0.62,0.38,-13.03,-0.26,8,0.16,31,-9.71,-0.31,13,0.41935483870967744,19,-3.31,-0.17,6,0.3157894736842105,6,0.5,0.5,-3.83,-0.64,1,0.16666666666666666,3,-2.18,-0.73,1,0.3333333333333333,3,-1.65,-0.55,0,0.0,8,5,3,20,13,7,5.87,0.29,0.4,0.25,0.15,0.65,0.35,17,0.37777777777777777,-12.67,-0.28,45,10,0.4,5.51,0.22,25,401282757,2021,10
278,Fresno State Bulldogs,29,0.4461538461538462,19,0.4418604651162791,10,0.45454545454545453,3,0.75,4,0.3076923076923077,25,0.5,50,0.64,0.36,-4.32,-0.09,12,0.24,32,-3.93,-0.12,16,0.5,18,-0.39,-0.02,9,0.5,14,0.6428571428571429,0.35714285714285715,-0.55,-0.04,7,0.5,9,0.27,0.03,5,0.5555555555555556,5,-0.82,-0.16,2,0.4,4,3,1,15,11,4,-5.08,-0.34,0.26666666666666666,0.2,0.06666666666666667,0.7333333333333333,0.26666666666666666,21,0.5,-9.74,-0.23,42,8,0.34782608695652173,0.34,0.01,23,401310735,2021,10
68,Boise State Broncos,32,0.41025641025641024,12,0.4,20,0.4166666666666667,6,0.2857142857142857,7,0.4666666666666667,25,0.4032258064516129,62,0.3387096774193548,0.6612903225806451,3.41,0.06,18,0.2903225806451613,21,4.44,0.21,8,0.38095238095238093,41,-1.03,-0.03,17,0.4146341463414634,7,0.42857142857142855,0.5714285714285714,1.87,0.27,4,0.5714285714285714,3,-0.81,-0.27,1,0.3333333333333333,4,2.68,0.67,3,0.75,7,4,3,16,9,7,-1.57,-0.1,0.4375,0.25,0.1875,0.5625,0.4375,21,0.42857142857142855,-3.66,-0.07,49,11,0.3793103448275862,5.51,0.19,29,401310735,2021,10
21,San Diego State Aztecs,24,0.41379310344827586,10,0.5555555555555556,14,0.35,4,0.5714285714285714,6,0.42857142857142855,17,0.3953488372093023,43,0.3488372093023256,0.6511627906976745,-9.31,-0.22,7,0.16279069767441862,15,-2.28,-0.15,8,0.5333333333333333,28,-7.03,-0.25,9,0.32142857142857145,6,0.0,1.0,-3.75,-0.62,1,0.16666666666666666,,,,,,6,-3.75,-0.62,1,0.16666666666666666,7,2,5,15,3,12,4.03,0.27,0.4666666666666667,0.13333333333333333,0.3333333333333333,0.2,0.8,17,0.425,-1.29,-0.03,40,7,0.3888888888888889,-3.98,-0.22,18,401310739,2021,10
62,Hawai'i Rainbow Warriors,23,0.35384615384615387,11,0.28205128205128205,12,0.46153846153846156,2,0.4,6,0.375,16,0.3333333333333333,48,0.5208333333333334,0.4791666666666667,-12.71,-0.26,6,0.125,25,-11.31,-0.45,6,0.24,23,-1.4,-0.06,10,0.43478260869565216,9,0.5555555555555556,0.4444444444444444,-3.89,-0.43,2,0.2222222222222222,5,-2.34,-0.47,1,0.2,4,-1.55,-0.39,1,0.25,7,5,2,17,14,3,1.68,0.1,0.4117647058823529,0.29411764705882354,0.11764705882352941,0.8235294117647058,0.17647058823529413,17,0.4473684210526316,-3.51,-0.09,38,6,0.2222222222222222,-7.51,-0.28,27,401310739,2021,10
221,Pittsburgh Panthers,42,0.4827586206896552,23,0.48936170212765956,19,0.475,6,0.4,9,0.6428571428571429,33,0.4520547945205479,73,0.4931506849315068,0.5068493150684932,9.42,0.13,17,0.2328767123287671,36,3.94,0.11,16,0.4444444444444444,37,5.48,0.15,17,0.4594594594594595,19,0.7368421052631579,0.2631578947368421,9.23,0.49,8,0.42105263157894735,14,7.35,0.53,6,0.42857142857142855,5,1.88,0.38,2,0.4,9,7,2,14,11,3,9.82,0.7,0.6428571428571429,0.5,0.14285714285714285,0.7857142857142857,0.21428571428571427,32,0.5,13.96,0.22,64,10,0.43478260869565216,5.28,0.23,23,401282678,2021,10
150,Duke Blue Devils,39,0.4482758620689655,18,0.4186046511627907,21,0.4772727272727273,6,0.4,8,0.4444444444444444,31,0.4696969696969697,66,0.45454545454545453,0.5454545454545454,-2.38,-0.04,15,0.22727272727272727,30,4.35,0.14,13,0.43333333333333335,36,-6.73,-0.19,18,0.5,14,0.6428571428571429,0.35714285714285715,-4.3,-0.31,4,0.2857142857142857,9,-4.16,-0.46,1,0.1111111111111111,5,-0.14,-0.03,3,0.6,8,5,3,21,13,8,-7.95,-0.38,0.38095238095238093,0.23809523809523808,0.14285714285714285,0.6190476190476191,0.38095238095238093,32,0.5161290322580645,-6.87,-0.11,62,7,0.28,-3.46,-0.14,25,401282678,2021,10
349,Army Black Knights,21,0.38181818181818183,9,0.6428571428571429,12,0.2926829268292683,5,0.5,4,0.3076923076923077,15,0.38461538461538464,39,0.28205128205128205,0.717948717948718,8.06,0.21,5,0.1282051282051282,11,14.35,1.3,8,0.7272727272727273,28,-6.29,-0.22,7,0.25,10,0.1,0.9,3.27,0.33,4,0.4,1,2.51,2.51,1,1.0,9,0.76,0.08,3,0.3333333333333333,5,1,4,15,3,12,-4.92,-0.33,0.3333333333333333,0.06666666666666667,0.26666666666666666,0.2,0.8,8,0.26666666666666666,-6.9,-0.23,30,12,0.5,10.04,0.42,24,401310253,2021,10
2005,Air Force Falcons,30,0.4411764705882353,11,0.5238095238095238,19,0.41304347826086957,2,0.3333333333333333,7,0.4666666666666667,21,0.4375,48,0.3333333333333333,0.6666666666666666,-0.6,-0.01,14,0.2916666666666667,16,3.01,0.19,9,0.5625,32,-3.61,-0.11,12,0.375,14,0.07142857142857142,0.9285714285714286,-1.72,-0.12,6,0.42857142857142855,1,3.0,3.0,1,1.0,13,-4.72,-0.36,5,0.38461538461538464,9,2,7,20,5,14,-2.94,-0.15,0.45,0.1,0.35,0.25,0.7,23,0.46938775510204084,0.14,0.0,49,7,0.3684210526315789,-3.68,-0.19,19,401310253,2021,10
5,UAB Blazers,25,0.45454545454545453,8,0.34782608695652173,17,0.53125,6,0.42857142857142855,5,0.5555555555555556,18,0.4090909090909091,44,0.38636363636363635,0.6136363636363636,13.07,0.3,9,0.20454545454545456,17,-7.52,-0.44,5,0.29411764705882354,27,20.59,0.76,13,0.48148148148148145,10,0.4,0.6,-2.16,-0.22,3,0.3,4,-2.73,-0.68,1,0.25,6,0.56,0.09,2,0.3333333333333333,7,3,4,11,6,5,12.8,1.16,0.6363636363636364,0.2727272727272727,0.36363636363636365,0.5454545454545454,0.45454545454545453,19,0.48717948717948717,21.87,0.56,39,6,0.375,4.0,0.25,16,401282250,2021,10
2348,Louisiana Tech Bulldogs,35,0.4794520547945205,13,0.38235294117647056,22,0.5641025641025641,9,0.5625,7,0.5384615384615384,28,0.4745762711864407,59,0.3898305084745763,0.6101694915254238,6.56,0.11,10,0.1694915254237288,23,0.63,0.03,8,0.34782608695652173,36,5.93,0.16,20,0.5555555555555556,9,0.3333333333333333,0.6666666666666666,-2.58,-0.29,3,0.3333333333333333,3,-0.66,-0.22,1,0.3333333333333333,6,-1.92,-0.32,2,0.3333333333333333,7,5,2,14,11,3,0.27,0.02,0.5,0.35714285714285715,0.14285714285714285,0.7857142857142857,0.21428571428571427,27,0.5094339622641509,0.95,0.02,53,8,0.4,5.89,0.29,20,401282250,2021,10
356,Illinois Fighting Illini,24,0.42857142857142855,7,0.6363636363636364,17,0.37777777777777777,4,1.0,5,0.4166666666666667,19,0.4318181818181818,44,0.18181818181818182,0.8181818181818182,0.77,0.02,11,0.25,8,2.15,0.27,5,0.625,36,-1.38,-0.04,14,0.3888888888888889,10,0.2,0.8,-0.72,-0.07,6,0.6,2,0.17,0.09,2,1.0,8,-0.89,-0.11,4,0.5,5,2,3,12,3,9,-2.15,-0.18,0.4166666666666667,0.16666666666666666,0.25,0.25,0.75,23,0.5476190476190477,7.83,0.19,42,1,0.07142857142857142,-9.21,-0.66,14,401282720,2021,10
135,Minnesota Golden Gophers,27,0.421875,13,0.37142857142857144,14,0.4827586206896552,2,0.4,6,0.46153846153846156,20,0.4166666666666667,48,0.5208333333333334,0.4791666666666667,-3.39,-0.07,13,0.2708333333333333,25,0.19,0.01,10,0.4,23,-3.58,-0.16,10,0.43478260869565216,6,1.0,0.0,-1.93,-0.32,1,0.16666666666666666,6,-1.93,-0.32,1,0.16666666666666666,,,,,,7,3,4,16,10,6,-9.2,-0.58,0.4375,0.1875,0.25,0.625,0.375,22,0.5365853658536586,4.39,0.11,41,5,0.21739130434782608,-16.98,-0.74,23,401282720,2021,10
2306,Kansas State Wildcats,34,0.6181818181818182,15,0.5555555555555556,19,0.6785714285714286,8,0.6153846153846154,6,0.6666666666666666,28,0.6086956521739131,46,0.41304347826086957,0.5869565217391305,20.28,0.44,13,0.2826086956521739,19,7.67,0.4,10,0.5263157894736842,27,12.61,0.47,18,0.6666666666666666,9,0.4444444444444444,0.5555555555555556,7.98,0.89,5,0.5555555555555556,4,2.49,0.62,2,0.5,5,5.48,1.1,3,0.6,6,5,1,9,8,1,7.89,0.88,0.6666666666666666,0.5555555555555556,0.1111111111111111,0.8888888888888888,0.1111111111111111,26,0.6842105263157895,17.02,0.45,38,8,0.47058823529411764,11.16,0.66,17,401287935,2021,10
2305,Kansas Jayhawks,22,0.38596491228070173,11,0.3793103448275862,11,0.39285714285714285,2,0.4,4,0.3333333333333333,16,0.3902439024390244,41,0.4878048780487805,0.5121951219512195,3.86,0.09,8,0.1951219512195122,20,5.68,0.28,8,0.4,21,-1.82,-0.09,8,0.38095238095238093,9,0.4444444444444444,0.5555555555555556,-1.58,-0.18,3,0.3333333333333333,4,-1.82,-0.46,1,0.25,5,0.25,0.05,2,0.4,6,3,3,16,9,7,-3.87,-0.24,0.375,0.1875,0.1875,0.5625,0.4375,17,0.425,9.53,0.24,40,5,0.29411764705882354,-9.54,-0.56,17,401287935,2021,10
2567,SMU Mustangs,22,0.38596491228070173,12,0.36363636363636365,10,0.4166666666666667,2,0.3333333333333333,5,0.35714285714285715,16,0.38095238095238093,42,0.5952380952380952,0.40476190476190477,-2.11,-0.05,8,0.19047619047619047,25,-3.42,-0.14,9,0.36,17,1.3,0.08,7,0.4117647058823529,8,0.75,0.25,-0.07,-0.01,2,0.25,6,1.43,0.24,2,0.3333333333333333,2,-1.5,-0.75,0,0.0,6,3,3,15,8,7,0.92,0.06,0.4,0.2,0.2,0.5333333333333333,0.4666666666666667,15,0.36585365853658536,-5.57,-0.14,41,7,0.4375,4.37,0.27,16,401301039,2021,10
235,Memphis Tigers,38,0.4318181818181818,32,0.5517241379310345,6,0.2,3,0.42857142857142855,10,0.5,23,0.38333333333333336,60,0.6166666666666667,0.38333333333333336,-13.34,-0.22,9,0.15,37,-5.08,-0.14,19,0.5135135135135135,23,-8.26,-0.36,4,0.17391304347826086,16,0.8125,0.1875,-1.08,-0.07,9,0.5625,13,0.15,0.01,7,0.5384615384615384,3,-1.23,-0.41,2,0.6666666666666666,15,13,2,28,21,7,17.43,0.62,0.5357142857142857,0.4642857142857143,0.07142857142857142,0.75,0.25,21,0.4117647058823529,-4.71,-0.09,51,17,0.4594594594594595,8.8,0.24,37,401301039,2021,10
59,Georgia Tech Yellow Jackets,22,0.3142857142857143,14,0.34146341463414637,8,0.27586206896551724,,,9,0.45,12,0.25,48,0.4791666666666667,0.5208333333333334,-14.85,-0.31,2,0.041666666666666664,23,-7.63,-0.33,6,0.2608695652173913,25,-7.23,-0.29,6,0.24,15,0.6,0.4,1.2,0.08,4,0.26666666666666666,9,5.42,0.6,4,0.4444444444444444,6,-4.22,-0.7,0,0.0,10,8,2,22,18,4,7.26,0.33,0.45454545454545453,0.36363636363636365,0.09090909090909091,0.8181818181818182,0.18181818181818182,13,0.35135135135135137,3.96,0.11,37,9,0.2727272727272727,-11.55,-0.35,33,401282681,2021,10
2390,Miami Hurricanes,33,0.44,17,0.4857142857142857,16,0.42105263157894735,4,0.3076923076923077,7,0.5384615384615384,26,0.4406779661016949,59,0.4745762711864407,0.5084745762711864,-4.81,-0.08,15,0.2542372881355932,28,6.17,0.22,13,0.4642857142857143,30,-2.97,-0.1,13,0.43333333333333335,4,0.25,0.75,4.83,1.21,2,0.5,1,4.33,4.33,1,1.0,3,0.5,0.17,1,0.3333333333333333,7,4,3,15,7,8,2.14,0.14,0.4666666666666667,0.26666666666666666,0.2,0.4666666666666667,0.5333333333333333,24,0.4444444444444444,-9.17,-0.17,54,9,0.45,6.51,0.33,20,401282681,2021,10
2026,Appalachian State Mountaineers,38,0.5277777777777778,14,0.5185185185185185,24,0.5333333333333333,4,0.5,8,0.5714285714285714,27,0.4909090909090909,55,0.36363636363636365,0.6363636363636364,6.91,0.13,14,0.2545454545454545,20,6.56,0.33,10,0.5,35,0.35,0.01,17,0.4857142857142857,14,0.35714285714285715,0.6428571428571429,-0.44,-0.03,6,0.42857142857142855,5,0.05,0.01,3,0.6,9,-0.49,-0.05,3,0.3333333333333333,10,3,7,16,6,10,10.3,0.64,0.625,0.1875,0.4375,0.375,0.625,26,0.5306122448979592,11.46,0.23,49,11,0.5,5.74,0.26,22,401309633,2021,10
2032,Arkansas State Red Wolves,17,0.30357142857142855,12,0.35294117647058826,5,0.22727272727272727,2,0.25,7,0.5,10,0.24390243902439024,41,0.5365853658536586,0.4634146341463415,-18.12,-0.44,6,0.14634146341463414,22,-8.78,-0.4,7,0.3181818181818182,19,-9.34,-0.49,3,0.15789473684210525,3,0.6666666666666666,0.3333333333333333,-2.57,-0.86,0,0.0,2,-1.96,-0.98,0,0.0,1,-0.61,-0.61,0,0.0,7,5,2,15,12,3,-5.6,-0.37,0.4666666666666667,0.3333333333333333,0.13333333333333333,0.8,0.2,8,0.26666666666666666,-16.02,-0.53,30,9,0.34615384615384615,-7.71,-0.3,26,401309633,2021,10
249,North Texas Mean Green,42,0.47191011235955055,14,0.45161290322580644,28,0.4827586206896552,7,0.5,14,0.6363636363636364,25,0.3968253968253968,63,0.23809523809523808,0.7619047619047619,0.36,0.01,9,0.14285714285714285,15,0.44,0.03,6,0.4,48,-0.08,-0.0,19,0.3958333333333333,24,0.4583333333333333,0.5416666666666666,6.95,0.29,11,0.4583333333333333,11,9.06,0.82,7,0.6363636363636364,13,-2.11,-0.16,4,0.3076923076923077,17,8,9,26,16,10,7.54,0.29,0.6538461538461539,0.3076923076923077,0.34615384615384615,0.6153846153846154,0.38461538461538464,31,0.5081967213114754,14.38,0.24,61,11,0.39285714285714285,-6.47,-0.23,28,401282252,2021,10
2572,Southern Miss Golden Eagles,19,0.36538461538461536,10,0.37037037037037035,9,0.391304347826087,2,0.4,3,0.25,16,0.41025641025641024,39,0.5384615384615384,0.4358974358974359,-6.52,-0.17,7,0.1794871794871795,21,2.35,0.11,10,0.47619047619047616,17,-0.33,-0.02,6,0.35294117647058826,3,0.6666666666666666,0.3333333333333333,-3.62,-1.21,0,0.0,2,-2.31,-1.16,0,0.0,1,-1.31,-1.31,0,0.0,3,0,3,13,6,6,-16.71,-1.29,0.23076923076923078,0.0,0.23076923076923078,0.46153846153846156,0.46153846153846156,16,0.45714285714285713,-8.65,-0.25,35,3,0.17647058823529413,-14.57,-0.86,17,401282252,2021,10
151,East Carolina Pirates,33,0.5,13,0.5416666666666666,20,0.47619047619047616,7,0.5384615384615384,5,0.4166666666666667,27,0.5094339622641509,53,0.2830188679245283,0.7169811320754716,2.22,0.04,11,0.20754716981132076,15,-0.32,-0.02,9,0.6,38,2.54,0.07,18,0.47368421052631576,8,0.375,0.625,3.49,0.44,3,0.375,3,2.78,0.93,2,0.6666666666666666,5,0.71,0.14,1,0.2,6,4,2,13,9,4,2.88,0.22,0.46153846153846156,0.3076923076923077,0.15384615384615385,0.6923076923076923,0.3076923076923077,24,0.5106382978723404,1.69,0.04,47,9,0.47368421052631576,3.41,0.18,19,401301035,2021,10
218,Temple Owls,15,0.23809523809523808,5,0.14705882352941177,10,0.3448275862068966,,,3,0.1875,12,0.2608695652173913,46,0.5217391304347826,0.4782608695652174,-9.95,-0.22,8,0.17391304347826086,24,-7.8,-0.32,5,0.20833333333333334,22,-2.15,-0.1,7,0.3181818181818182,13,0.5384615384615384,0.46153846153846156,-1.25,-0.1,5,0.38461538461538464,7,-5.17,-0.74,1,0.14285714285714285,6,3.91,0.65,4,0.6666666666666666,3,0,3,17,10,7,-9.45,-0.56,0.17647058823529413,0.0,0.17647058823529413,0.5882352941176471,0.4117647058823529,9,0.28125,-6.94,-0.22,32,6,0.1935483870967742,-12.46,-0.4,31,401301035,2021,10
326,Texas State Bobcats,30,0.46875,11,0.3548387096774194,19,0.5757575757575758,4,0.5,4,0.3333333333333333,25,0.5,50,0.48,0.52,16.77,0.34,14,0.28,24,12.22,0.51,11,0.4583333333333333,26,4.56,0.18,14,0.5384615384615384,8,0.625,0.375,0.75,0.09,2,0.25,5,-0.1,-0.02,1,0.2,3,0.86,0.29,1,0.3333333333333333,5,0,5,14,7,7,-5.17,-0.37,0.35714285714285715,0.0,0.35714285714285715,0.5,0.5,21,0.5121951219512195,10.8,0.26,41,9,0.391304347826087,0.81,0.04,23,401309635,2021,10
2433,UL Monroe Warhawks,44,0.4536082474226804,18,0.3673469387755102,26,0.5416666666666666,5,0.625,12,0.5454545454545454,30,0.42857142857142855,70,0.4857142857142857,0.5142857142857142,-7.79,-0.11,15,0.21428571428571427,34,-5.14,-0.15,12,0.35294117647058826,36,-2.65,-0.07,18,0.5,20,0.55,0.45,5.43,0.27,12,0.6,11,-0.2,-0.02,5,0.45454545454545453,9,5.63,0.63,7,0.7777777777777778,14,6,8,27,15,12,4.82,0.18,0.5185185185185185,0.2222222222222222,0.2962962962962963,0.5555555555555556,0.4444444444444444,31,0.47692307692307695,-2.23,-0.03,65,13,0.40625,-0.74,-0.02,32,401309635,2021,10
12,Arizona Wildcats,30,0.379746835443038,12,0.375,18,0.3829787234042553,3,0.23076923076923078,8,0.4444444444444444,22,0.36065573770491804,61,0.36065573770491804,0.639344262295082,-4.66,-0.08,13,0.21311475409836064,22,-3.58,-0.16,8,0.36363636363636365,39,-1.09,-0.03,14,0.358974358974359,14,0.5,0.5,-2.49,-0.18,7,0.5,7,-3.91,-0.56,2,0.2857142857142857,7,1.42,0.2,5,0.7142857142857143,8,4,4,18,10,8,-6.57,-0.37,0.4444444444444444,0.2222222222222222,0.2222222222222222,0.5555555555555556,0.4444444444444444,22,0.44,0.93,0.02,50,8,0.27586206896551724,-12.16,-0.42,29,401309889,2021,10
25,California Golden Bears,12,0.24,6,0.1875,6,0.3333333333333333,0,0.0,1,0.07142857142857142,11,0.3142857142857143,35,0.6,0.4,-6.86,-0.2,4,0.11428571428571428,21,-3.83,-0.18,6,0.2857142857142857,14,-3.02,-0.22,5,0.35714285714285715,9,0.6666666666666666,0.3333333333333333,-2.42,-0.27,3,0.3333333333333333,6,-3.21,-0.54,1,0.16666666666666666,3,0.79,0.26,2,0.6666666666666666,1,0,1,15,11,4,-20.99,-1.4,0.06666666666666667,0.0,0.06666666666666667,0.7333333333333333,0.26666666666666666,10,0.3448275862068966,-8.92,-0.31,29,2,0.09523809523809523,-18.93,-0.9,21,401309889,2021,10
2429,Charlotte 49ers,23,0.4423076923076923,16,0.48484848484848486,7,0.3684210526315789,2,0.2,3,0.3333333333333333,19,0.4523809523809524,42,0.5952380952380952,0.40476190476190477,10.0,0.24,10,0.23809523809523808,25,17.72,0.71,14,0.56,17,-7.71,-0.45,5,0.29411764705882354,8,0.0,1.0,-4.9,-0.61,3,0.375,,,,,,8,-4.9,-0.61,3,0.375,4,2,2,10,8,2,-2.74,-0.27,0.4,0.2,0.2,0.8,0.2,16,0.43243243243243246,3.45,0.09,37,7,0.4666666666666667,3.82,0.25,15,401282247,2021,10
242,Rice Owls,32,0.43243243243243246,16,0.45714285714285713,16,0.41025641025641024,6,0.42857142857142855,8,0.47058823529411764,22,0.41509433962264153,53,0.41509433962264153,0.5849056603773585,10.03,0.19,12,0.22641509433962265,22,6.85,0.31,10,0.45454545454545453,31,3.19,0.1,12,0.3870967741935484,14,0.6428571428571429,0.35714285714285715,-4.28,-0.31,4,0.2857142857142857,9,-3.73,-0.41,2,0.2222222222222222,5,-0.56,-0.11,2,0.4,10,6,4,21,13,8,5.15,0.25,0.47619047619047616,0.2857142857142857,0.19047619047619047,0.6190476190476191,0.38095238095238093,21,0.42857142857142855,7.64,0.16,49,11,0.44,7.54,0.3,25,401282247,2021,10
2393,Middle Tennessee Blue Raiders,33,0.4074074074074074,18,0.3829787234042553,15,0.4411764705882353,2,0.2857142857142857,7,0.4117647058823529,26,0.4262295081967213,61,0.5245901639344263,0.47540983606557374,-5.34,-0.09,11,0.18032786885245902,32,0.39,0.01,16,0.5,29,-5.73,-0.2,10,0.3448275862068966,9,0.6666666666666666,0.3333333333333333,-6.39,-0.71,3,0.3333333333333333,6,-1.24,-0.21,2,0.3333333333333333,3,-5.15,-1.72,1,0.3333333333333333,7,2,5,20,15,5,-15.03,-0.75,0.35,0.1,0.25,0.75,0.25,28,0.49122807017543857,3.99,0.07,57,5,0.20833333333333334,-24.36,-1.02,24,401282251,2021,10
98,Western Kentucky Hilltoppers,27,0.3698630136986301,18,0.35294117647058826,9,0.4090909090909091,5,0.7142857142857143,7,0.4375,20,0.36363636363636365,55,0.6363636363636364,0.36363636363636365,1.19,0.02,8,0.14545454545454545,35,3.9,0.11,11,0.3142857142857143,20,-2.71,-0.14,9,0.45,19,0.5789473684210527,0.42105263157894735,4.46,0.23,7,0.3684210526315789,11,6.51,0.59,5,0.45454545454545453,8,-2.05,-0.26,2,0.25,7,7,0,18,16,2,-4.61,-0.26,0.3888888888888889,0.3888888888888889,0.0,0.8888888888888888,0.1111111111111111,18,0.3829787234042553,-0.38,-0.01,47,9,0.34615384615384615,-3.05,-0.12,26,401282251,2021,10
120,Maryland Terrapins,44,0.5301204819277109,33,0.5689655172413793,11,0.44,4,0.5714285714285714,4,0.2857142857142857,39,0.582089552238806,67,0.6865671641791045,0.31343283582089554,-3.54,-0.05,19,0.2835820895522388,46,5.73,0.12,31,0.6739130434782609,21,-9.27,-0.44,8,0.38095238095238093,16,0.6875,0.3125,5.04,0.32,9,0.5625,11,2.5,0.23,6,0.5454545454545454,5,2.54,0.51,3,0.6,5,2,3,16,12,4,-7.78,-0.49,0.3125,0.125,0.1875,0.75,0.25,35,0.5645161290322581,-11.46,-0.18,62,9,0.42857142857142855,0.15,0.01,21,401282768,2021,10
213,Penn State Nittany Lions,31,0.3875,18,0.36,13,0.43333333333333335,0,0.0,11,0.6111111111111112,20,0.32786885245901637,61,0.5573770491803278,0.4426229508196721,-1.24,-0.02,10,0.16393442622950818,34,1.66,0.05,9,0.2647058823529412,27,-2.9,-0.11,11,0.4074074074074074,19,0.42105263157894735,0.5789473684210527,4.71,0.25,11,0.5789473684210527,8,2.38,0.3,4,0.5,11,2.33,0.21,7,0.6363636363636364,11,9,2,19,16,3,6.18,0.33,0.5789473684210527,0.47368421052631576,0.10526315789473684,0.8421052631578947,0.15789473684210525,19,0.3877551020408163,-5.03,-0.1,49,12,0.3870967741935484,9.97,0.32,31,401282768,2021,10
113,Massachusetts Minutemen,31,0.484375,14,0.4375,17,0.53125,4,0.4,5,0.45454545454545453,26,0.49056603773584906,53,0.4528301886792453,0.5471698113207547,1.22,0.02,12,0.22641509433962265,24,1.52,0.06,11,0.4583333333333333,29,-0.3,-0.01,15,0.5172413793103449,17,0.5294117647058824,0.47058823529411764,2.51,0.15,9,0.5294117647058824,9,4.58,0.51,5,0.5555555555555556,8,-2.07,-0.26,4,0.5,5,3,2,11,8,3,1.67,0.15,0.45454545454545453,0.2727272727272727,0.18181818181818182,0.7272727272727273,0.2727272727272727,23,0.4791666666666667,-0.17,-0.0,48,8,0.5,3.07,0.19,16,401286303,2021,10
227,Rhode Island Rams,22,0.39285714285714285,9,0.42857142857142855,13,0.37142857142857144,7,0.4666666666666667,7,0.5833333333333334,15,0.3409090909090909,44,0.38636363636363635,0.6136363636363636,0.93,0.02,8,0.18181818181818182,17,5.76,0.34,7,0.4117647058823529,27,-4.83,-0.18,8,0.2962962962962963,4,0.75,0.25,-1.42,-0.36,1,0.25,3,-0.95,-0.32,1,0.3333333333333333,1,-0.47,-0.47,0,0.0,7,2,5,12,4,8,11.17,0.93,0.5833333333333334,0.16666666666666666,0.4166666666666667,0.3333333333333333,0.6666666666666666,14,0.3888888888888889,4.77,0.13,36,8,0.4,7.33,0.37,20,401286303,2021,10
202,Tulsa Golden Hurricane,45,0.5357142857142857,14,0.4827586206896552,31,0.5636363636363636,6,0.35294117647058826,5,0.35714285714285715,39,0.5909090909090909,66,0.3181818181818182,0.6818181818181818,12.76,0.19,19,0.2878787878787879,21,4.4,0.21,12,0.5714285714285714,45,8.36,0.19,27,0.6,17,0.47058823529411764,0.5294117647058824,5.98,0.35,11,0.6470588235294118,8,4.67,0.58,6,0.75,9,1.31,0.15,5,0.5555555555555556,6,2,4,18,8,10,-11.42,-0.63,0.3333333333333333,0.1111111111111111,0.2222222222222222,0.4444444444444444,0.5555555555555556,36,0.5806451612903226,0.18,0.0,62,9,0.4090909090909091,1.17,0.05,22,401301037,2021,10
2132,Cincinnati Bearcats,26,0.4727272727272727,11,0.44,15,0.5,5,0.5555555555555556,7,0.5833333333333334,19,0.4418604651162791,43,0.4418604651162791,0.5581395348837209,-0.61,-0.01,11,0.2558139534883721,19,7.23,0.38,10,0.5263157894736842,24,-7.84,-0.33,9,0.375,7,0.5714285714285714,0.42857142857142855,3.54,0.51,4,0.5714285714285714,4,4.34,1.08,3,0.75,3,-0.8,-0.27,1,0.3333333333333333,7,1,6,12,6,6,3.47,0.29,0.5833333333333334,0.08333333333333333,0.5,0.5,0.5,23,0.5476190476190477,8.47,0.2,42,3,0.23076923076923078,-5.61,-0.43,13,401301037,2021,10
6,South Alabama Jaguars,31,0.3875,13,0.3611111111111111,18,0.4090909090909091,7,0.5,5,0.3125,20,0.35714285714285715,56,0.4107142857142857,0.5892857142857143,-14.05,-0.25,10,0.17857142857142858,23,-2.14,-0.09,9,0.391304347826087,33,-11.9,-0.36,11,0.3333333333333333,27,0.4444444444444444,0.5555555555555556,9.07,0.34,10,0.37037037037037035,12,7.8,0.65,6,0.5,15,1.28,0.09,4,0.26666666666666666,11,4,7,24,13,11,7.01,0.29,0.4583333333333333,0.16666666666666666,0.2916666666666667,0.5416666666666666,0.4583333333333333,24,0.41379310344827586,-7.94,-0.14,58,7,0.3181818181818182,0.9,0.04,22,401309636,2021,10
2653,Troy Trojans,21,0.42,12,0.5,9,0.34615384615384615,3,0.375,6,0.5454545454545454,15,0.38461538461538464,39,0.41025641025641024,0.5897435897435898,-3.55,-0.09,7,0.1794871794871795,16,-1.27,-0.08,7,0.4375,23,-2.28,-0.1,8,0.34782608695652173,11,0.5454545454545454,0.45454545454545453,-2.86,-0.26,3,0.2727272727272727,6,1.61,0.27,3,0.5,5,-4.47,-0.89,0,0.0,6,5,1,11,8,3,3.88,0.35,0.5454545454545454,0.45454545454545453,0.09090909090909091,0.7272727272727273,0.2727272727272727,18,0.5294117647058824,5.41,0.16,34,3,0.1875,-5.08,-0.32,16,401309636,2021,10
36,Colorado State Rams,32,0.4507042253521127,18,0.47368421052631576,14,0.42424242424242425,5,0.38461538461538464,7,0.4666666666666667,24,0.4444444444444444,54,0.4444444444444444,0.5555555555555556,0.68,0.01,14,0.25925925925925924,24,-2.19,-0.09,11,0.4583333333333333,30,2.88,0.1,13,0.43333333333333335,4,1.0,0.0,1.0,0.25,3,0.75,4,1.0,0.25,3,0.75,,,,,,8,7,1,17,14,3,0.15,0.01,0.47058823529411764,0.4117647058823529,0.058823529411764705,0.8235294117647058,0.17647058823529413,23,0.48936170212765956,6.58,0.14,47,9,0.375,-5.74,-0.24,24,401310736,2021,10
2751,Wyoming Cowboys,28,0.3888888888888889,6,0.3333333333333333,22,0.4074074074074074,4,0.4,8,0.5714285714285714,20,0.35714285714285715,56,0.17857142857142858,0.8214285714285714,2.0,0.04,9,0.16071428571428573,10,-3.71,-0.37,2,0.2,46,5.71,0.12,18,0.391304347826087,15,0.3333333333333333,0.6666666666666666,1.86,0.12,6,0.4,5,-1.49,-0.3,1,0.2,10,3.36,0.34,5,0.5,8,4,4,16,8,8,4.95,0.31,0.5,0.25,0.25,0.5,0.5,19,0.41304347826086957,0.95,0.02,46,9,0.34615384615384615,5.99,0.23,26,401310736,2021,10
8,Arkansas Razorbacks,33,0.4782608695652174,14,0.5,19,0.4634146341463415,7,0.7,7,0.5384615384615384,26,0.4642857142857143,56,0.3392857142857143,0.6607142857142857,4.95,0.09,14,0.25,19,-3.04,-0.16,7,0.3684210526315789,37,7.99,0.22,19,0.5135135135135135,1,0.0,1.0,-2.05,-2.05,0,0.0,,,,,,1,-2.05,-2.05,0,0.0,7,7,0,13,9,4,7.69,0.59,0.5384615384615384,0.5384615384615384,0.0,0.6923076923076923,0.3076923076923077,25,0.5,2.42,0.05,50,8,0.42105263157894735,10.22,0.54,19,401282121,2021,10
344,Mississippi State Bulldogs,35,0.4794520547945205,27,0.54,8,0.34782608695652173,7,0.5,6,0.5,27,0.4576271186440678,59,0.711864406779661,0.288135593220339,13.8,0.23,17,0.288135593220339,42,15.99,0.38,22,0.5238095238095238,17,-2.19,-0.13,5,0.29411764705882354,23,0.7391304347826086,0.2608695652173913,9.6,0.42,10,0.43478260869565216,17,8.85,0.52,8,0.47058823529411764,6,0.74,0.12,2,0.3333333333333333,8,5,3,14,8,6,8.53,0.61,0.5714285714285714,0.35714285714285715,0.21428571428571427,0.5714285714285714,0.42857142857142855,28,0.5185185185185185,16.04,0.3,54,7,0.3684210526315789,6.29,0.33,19,401282121,2021,10
166,New Mexico State Aggies,34,0.43037974683544306,25,0.49019607843137253,9,0.32142857142857145,1,0.14285714285714285,6,0.4,27,0.4426229508196721,61,0.6229508196721312,0.3770491803278688,0.24,0.0,18,0.29508196721311475,38,3.24,0.09,19,0.5,23,-3.0,-0.13,8,0.34782608695652173,13,0.7692307692307693,0.23076923076923078,-4.49,-0.35,3,0.23076923076923078,10,-2.17,-0.22,3,0.3,3,-2.32,-0.77,0,0.0,7,6,1,18,13,5,-4.1,-0.23,0.3888888888888889,0.3333333333333333,0.05555555555555555,0.7222222222222222,0.2777777777777778,25,0.5,3.36,0.07,50,9,0.3103448275862069,-7.22,-0.25,29,401310738,2021,10
328,Utah State Aggies,31,0.4626865671641791,20,0.5555555555555556,11,0.3548387096774194,6,0.42857142857142855,4,0.4444444444444444,27,0.48214285714285715,56,0.5,0.5,15.65,0.28,15,0.26785714285714285,28,15.24,0.54,16,0.5714285714285714,28,0.41,0.01,11,0.39285714285714285,12,0.75,0.25,7.58,0.63,7,0.5833333333333334,9,6.29,0.7,5,0.5555555555555556,3,1.29,0.43,2,0.6666666666666666,4,4,0,11,8,3,-5.87,-0.53,0.36363636363636365,0.36363636363636365,0.0,0.7272727272727273,0.2727272727272727,24,0.4444444444444444,-1.72,-0.03,54,7,0.5384615384615384,11.5,0.88,13,401310738,2021,10
2116,UCF Knights,18,0.32142857142857145,11,0.3793103448275862,7,0.25925925925925924,2,0.3333333333333333,5,0.35714285714285715,12,0.2926829268292683,41,0.43902439024390244,0.5609756097560976,-7.1,-0.17,7,0.17073170731707318,18,1.7,0.09,6,0.3333333333333333,23,-8.79,-0.38,6,0.2608695652173913,1,1.0,0.0,1.61,1.61,1,1.0,1,1.61,1.61,1,1.0,,,,,,6,5,1,15,11,4,6.63,0.44,0.4,0.3333333333333333,0.06666666666666667,0.7333333333333333,0.26666666666666666,9,0.3103448275862069,-7.91,-0.27,29,9,0.3333333333333333,7.45,0.28,27,401301036,2021,10
2655,Tulane Green Wave,18,0.3,11,0.3548387096774194,7,0.2413793103448276,2,0.2222222222222222,7,0.4375,11,0.2558139534883721,43,0.4883720930232558,0.5116279069767442,-10.06,-0.23,6,0.13953488372093023,21,-6.52,-0.31,6,0.2857142857142857,22,-3.54,-0.16,5,0.22727272727272727,10,0.5,0.5,3.43,0.34,3,0.3,5,4.17,0.83,2,0.4,5,-0.74,-0.15,1,0.2,7,5,2,17,10,7,4.01,0.24,0.4117647058823529,0.29411764705882354,0.11764705882352941,0.5882352941176471,0.4117647058823529,11,0.3055555555555556,-10.87,-0.3,36,7,0.2916666666666667,4.83,0.2,24,401301036,2021,10
276,Marshall Thundering Herd,17,0.25757575757575757,11,0.28205128205128205,6,0.2222222222222222,3,0.375,3,0.21428571428571427,14,0.2692307692307692,52,0.5961538461538461,0.40384615384615385,-16.34,-0.31,17,0.3269230769230769,31,-1.6,-0.05,10,0.3225806451612903,21,-14.74,-0.7,4,0.19047619047619047,23,0.6956521739130435,0.30434782608695654,-7.68,-0.33,5,0.21739130434782608,16,-6.35,-0.4,2,0.125,7,-1.33,-0.19,3,0.42857142857142855,3,1,2,14,8,6,-15.61,-1.12,0.21428571428571427,0.07142857142857142,0.14285714285714285,0.5714285714285714,0.42857142857142855,13,0.28888888888888886,-20.29,-0.45,45,4,0.19047619047619047,-11.66,-0.56,21,401282249,2021,10
2226,Florida Atlantic Owls,22,0.29333333333333333,8,0.23529411764705882,14,0.34146341463414637,0,0.0,5,0.2777777777777778,17,0.30357142857142855,56,0.39285714285714285,0.6071428571428571,-16.99,-0.3,11,0.19642857142857142,22,-6.15,-0.28,8,0.36363636363636365,34,-10.84,-0.32,9,0.2647058823529412,18,0.2777777777777778,0.7222222222222222,-14.31,-0.8,3,0.16666666666666666,5,-5.1,-1.02,1,0.2,13,-9.21,-0.71,2,0.15384615384615385,5,0,5,19,12,7,-16.8,-0.88,0.2631578947368421,0.0,0.2631578947368421,0.631578947368421,0.3684210526315789,16,0.32653061224489793,-15.44,-0.32,49,6,0.23076923076923078,-18.35,-0.71,26,401282249,2021,10
324,Coastal Carolina Chanticleers,24,0.4067796610169492,6,0.3,18,0.46153846153846156,4,0.4444444444444444,6,0.46153846153846156,18,0.4090909090909091,44,0.25,0.75,-2.19,-0.05,9,0.20454545454545456,11,-5.12,-0.47,3,0.2727272727272727,33,2.93,0.09,15,0.45454545454545453,12,0.16666666666666666,0.8333333333333334,6.94,0.58,7,0.5833333333333334,2,-0.6,-0.3,0,0.0,10,7.55,0.75,7,0.7,6,3,3,15,9,6,-6.1,-0.41,0.4,0.2,0.2,0.6,0.4,16,0.42105263157894735,-6.87,-0.18,38,8,0.38095238095238093,-1.42,-0.07,21,401309634,2021,10
290,Georgia Southern Eagles,22,0.3728813559322034,11,0.4074074074074074,11,0.34375,1,0.2,5,0.4166666666666667,17,0.3695652173913043,46,0.43478260869565216,0.5652173913043478,-7.35,-0.16,10,0.21739130434782608,20,1.82,0.09,9,0.45,26,-9.17,-0.35,8,0.3076923076923077,13,0.38461538461538464,0.6153846153846154,-3.17,-0.24,4,0.3076923076923077,5,-2.48,-0.5,1,0.2,8,-0.69,-0.09,3,0.375,5,2,3,13,7,6,-3.67,-0.28,0.38461538461538464,0.15384615384615385,0.23076923076923078,0.5384615384615384,0.46153846153846156,14,0.4,-6.66,-0.19,35,8,0.3333333333333333,-4.35,-0.18,24,401309634,2021,10
2229,Florida International Panthers,24,0.38095238095238093,14,0.3783783783783784,10,0.38461538461538464,1,0.16666666666666666,6,0.46153846153846156,18,0.3673469387755102,49,0.5102040816326531,0.4897959183673469,-2.3,-0.05,8,0.16326530612244897,25,-4.13,-0.17,9,0.36,24,1.83,0.08,9,0.375,4,0.75,0.25,-3.71,-0.93,1,0.25,3,-2.6,-0.87,1,0.3333333333333333,1,-1.11,-1.11,0,0.0,6,5,1,14,12,2,2.43,0.17,0.42857142857142855,0.35714285714285715,0.07142857142857142,0.8571428571428571,0.14285714285714285,15,0.3488372093023256,-0.18,-0.0,43,9,0.45,0.31,0.02,20,401282248,2021,10
295,Old Dominion Monarchs,46,0.5542168674698795,20,0.46511627906976744,26,0.65,8,0.5714285714285714,11,0.6111111111111112,35,0.5384615384615384,65,0.49230769230769234,0.5076923076923077,-4.3,-0.07,15,0.23076923076923078,32,-3.14,-0.1,14,0.4375,33,-1.15,-0.03,21,0.6363636363636364,18,0.6111111111111112,0.3888888888888889,2.83,0.16,10,0.5555555555555556,11,-0.42,-0.04,4,0.36363636363636365,7,3.25,0.46,6,0.8571428571428571,11,6,5,18,11,7,16.52,0.92,0.6111111111111112,0.3333333333333333,0.2777777777777778,0.6111111111111112,0.3888888888888889,35,0.6140350877192983,10.2,0.18,57,11,0.4230769230769231,2.02,0.08,26,401282248,2021,10
204,Oregon State Beavers,32,0.43243243243243246,13,0.3611111111111111,18,0.4864864864864865,3,0.75,6,0.42857142857142855,23,0.4107142857142857,56,0.4642857142857143,0.5178571428571429,1.79,0.03,12,0.21428571428571427,26,-1.54,-0.06,10,0.38461538461538464,29,2.65,0.09,12,0.41379310344827586,12,0.5,0.5,-1.99,-0.17,6,0.5,6,0.62,0.1,4,0.6666666666666666,6,-2.62,-0.44,2,0.3333333333333333,8,3,5,17,10,7,6.41,0.38,0.47058823529411764,0.17647058823529413,0.29411764705882354,0.5882352941176471,0.4117647058823529,19,0.41304347826086957,3.37,0.07,46,12,0.4444444444444444,4.83,0.18,27,401309891,2021,10
38,Colorado Buffaloes,26,0.4126984126984127,10,0.4166666666666667,16,0.41025641025641024,2,0.16666666666666666,7,0.4666666666666667,18,0.3829787234042553,47,0.2978723404255319,0.7021276595744681,0.41,0.01,10,0.2127659574468085,14,2.14,0.15,6,0.42857142857142855,33,-1.73,-0.05,12,0.36363636363636365,9,0.3333333333333333,0.6666666666666666,-2.48,-0.28,3,0.3333333333333333,3,-2.87,-0.96,0,0.0,6,0.39,0.07,3,0.5,7,4,3,15,10,5,7.29,0.49,0.4666666666666667,0.26666666666666666,0.2,0.6666666666666666,0.3333333333333333,18,0.5,8.71,0.24,36,7,0.2692307692307692,-1.0,-0.04,26,401309891,2021,10
167,New Mexico Lobos,19,0.296875,4,0.16666666666666666,15,0.375,1,0.2,5,0.35714285714285715,14,0.2916666666666667,48,0.375,0.625,5.46,0.11,8,0.16666666666666666,18,-9.05,-0.5,3,0.16666666666666666,30,14.51,0.48,11,0.36666666666666664,5,0.2,0.8,0.52,0.1,1,0.2,1,-1.69,-1.69,0,0.0,4,2.21,0.55,1,0.25,5,1,4,16,6,10,-1.87,-0.12,0.3125,0.0625,0.25,0.375,0.625,10,0.2777777777777778,-10.63,-0.3,36,9,0.32142857142857145,14.22,0.51,28,401310737,2021,10
2439,UNLV Rebels,22,0.36666666666666664,12,0.36363636363636365,10,0.37037037037037035,4,0.4444444444444444,8,0.5,14,0.3181818181818182,44,0.45454545454545453,0.5454545454545454,-6.19,-0.14,6,0.13636363636363635,20,-1.04,-0.05,6,0.3,24,-5.15,-0.21,8,0.3333333333333333,24,0.6666666666666666,0.3333333333333333,-5.37,-0.22,7,0.2916666666666667,16,-5.56,-0.35,4,0.25,8,0.19,0.02,3,0.375,8,6,2,16,13,3,5.05,0.32,0.5,0.375,0.125,0.8125,0.1875,14,0.4117647058823529,-2.38,-0.07,34,8,0.3076923076923077,1.24,0.05,26,401310737,2021,10
2579,South Carolina Gamecocks,29,0.4393939393939394,10,0.4,19,0.4634146341463415,8,0.47058823529411764,2,0.16666666666666666,25,0.49019607843137253,51,0.3137254901960784,0.6862745098039216,13.68,0.27,15,0.29411764705882354,16,6.31,0.39,8,0.5,35,7.37,0.21,17,0.4857142857142857,5,0.2,0.8,-2.21,-0.44,2,0.4,1,-1.73,-1.73,0,0.0,4,-0.48,-0.12,2,0.5,4,2,2,15,9,6,-5.08,-0.34,0.26666666666666666,0.13333333333333333,0.13333333333333333,0.6,0.4,25,0.5,12.05,0.24,50,4,0.25,-3.45,-0.22,16,401282125,2021,10
57,Florida Gators,26,0.4642857142857143,15,0.46875,11,0.4583333333333333,3,0.6,3,0.3,23,0.5111111111111111,45,0.5555555555555556,0.4444444444444444,3.41,0.08,9,0.2,25,11.42,0.46,13,0.52,20,-8.01,-0.4,10,0.5,7,0.14285714285714285,0.8571428571428571,-8.7,-1.24,2,0.2857142857142857,1,-0.19,-0.19,0,0.0,6,-8.51,-1.42,2,0.3333333333333333,3,2,1,11,7,4,-4.99,-0.45,0.2727272727272727,0.18181818181818182,0.09090909090909091,0.6363636363636364,0.36363636363636365,19,0.5277777777777778,-0.72,-0.02,36,7,0.35,-0.86,-0.04,20,401282125,2021,10
97,Louisville Cardinals,25,0.373134328358209,8,0.3333333333333333,17,0.3953488372093023,0,0.0,6,0.4,18,0.3673469387755102,49,0.2653061224489796,0.7346938775510204,-3.5,-0.07,8,0.16326530612244897,13,1.56,0.12,5,0.38461538461538464,36,-5.05,-0.14,13,0.3611111111111111,7,0.2857142857142857,0.7142857142857143,6.65,0.95,3,0.42857142857142855,2,1.45,0.73,1,0.5,5,5.19,1.04,2,0.4,7,3,4,18,11,7,1.49,0.08,0.3888888888888889,0.16666666666666666,0.2222222222222222,0.6111111111111112,0.3888888888888889,15,0.3488372093023256,-5.14,-0.12,43,10,0.4166666666666667,3.14,0.13,24,401282680,2021,10
228,Clemson Tigers,28,0.4307692307692308,16,0.47058823529411764,12,0.3870967741935484,5,0.38461538461538464,6,0.42857142857142855,22,0.44,50,0.48,0.52,5.74,0.11,12,0.24,24,3.72,0.16,11,0.4583333333333333,26,2.01,0.08,11,0.4230769230769231,13,0.8461538461538461,0.15384615384615385,3.73,0.29,9,0.6923076923076923,11,4.14,0.38,8,0.7272727272727273,2,-0.41,-0.21,1,0.5,6,5,1,15,10,5,-4.91,-0.33,0.4,0.3333333333333333,0.06666666666666667,0.6666666666666666,0.3333333333333333,21,0.5,2.58,0.06,42,7,0.30434782608695654,-1.75,-0.08,23,401282680,2021,10
66,Iowa State Cyclones,32,0.4507042253521127,19,0.48717948717948717,13,0.40625,3,0.375,3,0.23076923076923078,29,0.5087719298245614,57,0.5263157894736842,0.47368421052631576,13.95,0.24,15,0.2631578947368421,30,10.92,0.36,17,0.5666666666666667,27,3.03,0.11,12,0.4444444444444444,13,0.6153846153846154,0.38461538461538464,6.52,0.5,7,0.5384615384615384,8,2.49,0.31,4,0.5,5,4.04,0.81,3,0.6,3,2,1,14,9,5,-9.44,-0.67,0.21428571428571427,0.14285714285714285,0.07142857142857142,0.6428571428571429,0.35714285714285715,26,0.52,11.85,0.24,50,6,0.2857142857142857,-7.34,-0.35,21,401287934,2021,10
251,Texas Longhorns,24,0.39344262295081966,8,0.25,16,0.5517241379310345,3,0.6,5,0.35714285714285715,19,0.40425531914893614,47,0.46808510638297873,0.5319148936170213,-11.12,-0.24,7,0.14893617021276595,22,-9.01,-0.41,5,0.22727272727272727,25,-2.1,-0.08,14,0.56,4,0.75,0.25,-1.48,-0.37,0,0.0,3,-0.53,-0.18,0,0.0,1,-0.95,-0.95,0,0.0,5,3,2,14,10,4,-2.78,-0.2,0.35714285714285715,0.21428571428571427,0.14285714285714285,0.7142857142857143,0.2857142857142857,18,0.45,-2.33,-0.06,40,6,0.2857142857142857,-11.56,-0.55,21,401287934,2021,10
248,Houston Cougars,38,0.59375,21,0.75,17,0.4722222222222222,7,0.5384615384615384,3,0.3,35,0.6481481481481481,54,0.42592592592592593,0.5740740740740741,33.37,0.62,21,0.3888888888888889,23,23.7,1.03,19,0.8260869565217391,31,9.68,0.31,16,0.5161290322580645,11,0.36363636363636365,0.6363636363636364,9.91,0.9,8,0.7272727272727273,4,8.17,2.04,4,1.0,7,1.74,0.25,4,0.5714285714285714,3,2,1,10,5,5,-2.41,-0.24,0.3,0.2,0.1,0.5,0.5,33,0.673469387755102,32.68,0.67,49,5,0.3333333333333333,-1.72,-0.11,15,401301038,2021,10
58,South Florida Bulls,27,0.375,18,0.4,9,0.34615384615384615,2,0.2857142857142857,8,0.5,19,0.35185185185185186,54,0.6111111111111112,0.3888888888888889,-2.26,-0.04,12,0.2222222222222222,33,3.17,0.1,14,0.42424242424242425,21,-5.42,-0.26,5,0.23809523809523808,7,0.7142857142857143,0.2857142857142857,-2.82,-0.4,4,0.5714285714285714,5,-1.96,-0.39,3,0.6,2,-0.86,-0.43,1,0.5,8,4,4,18,12,5,6.28,0.35,0.4444444444444444,0.2222222222222222,0.2222222222222222,0.6666666666666666,0.2777777777777778,16,0.36363636363636365,-6.99,-0.16,44,11,0.39285714285714285,11.0,0.39,28,401301038,2021,10
2440,Nevada Wolf Pack,33,0.39759036144578314,23,0.4107142857142857,10,0.37037037037037035,1,0.25,7,0.3888888888888889,24,0.3870967741935484,62,0.6612903225806451,0.3387096774193548,-11.15,-0.18,13,0.20967741935483872,41,-4.58,-0.11,18,0.43902439024390244,21,-6.57,-0.31,6,0.2857142857142857,6,0.6666666666666666,0.3333333333333333,2.74,0.46,6,1.0,4,2.04,0.51,4,1.0,2,0.7,0.35,2,1.0,9,5,4,21,15,6,-3.06,-0.15,0.42857142857142855,0.23809523809523808,0.19047619047619047,0.7142857142857143,0.2857142857142857,24,0.42857142857142855,-8.24,-0.15,56,9,0.3333333333333333,-5.97,-0.22,27,401310740,2021,10
23,San José State Spartans,29,0.3815789473684211,17,0.3541666666666667,12,0.4444444444444444,3,0.3333333333333333,4,0.2857142857142857,24,0.39344262295081966,61,0.5737704918032787,0.4098360655737705,-4.49,-0.07,15,0.2459016393442623,35,0.77,0.02,12,0.34285714285714286,25,4.01,0.16,12,0.48,19,0.3684210526315789,0.631578947368421,-7.1,-0.37,9,0.47368421052631576,7,-12.28,-1.75,1,0.14285714285714285,12,5.18,0.43,8,0.6666666666666666,5,5,0,15,13,2,-7.39,-0.49,0.3333333333333333,0.3333333333333333,0.0,0.8666666666666667,0.13333333333333333,17,0.3469387755102041,-2.39,-0.05,49,12,0.4444444444444444,-9.49,-0.35,27,401310740,2021,10
2636,UTSA Roadrunners,36,0.4931506849315068,17,0.5151515151515151,19,0.475,7,0.4375,7,0.5833333333333334,28,0.4666666666666667,60,0.38333333333333336,0.6166666666666667,13.74,0.23,17,0.2833333333333333,23,5.06,0.22,10,0.43478260869565216,37,8.68,0.23,18,0.4864864864864865,9,0.6666666666666666,0.3333333333333333,5.15,0.57,5,0.5555555555555556,6,5.64,0.94,4,0.6666666666666666,3,-0.49,-0.16,1,0.3333333333333333,8,7,1,13,10,3,11.87,0.91,0.6153846153846154,0.5384615384615384,0.07692307692307693,0.7692307692307693,0.23076923076923078,24,0.48,9.52,0.19,50,12,0.5217391304347826,16.09,0.7,23,401282253,2021,10
2638,UTEP Miners,26,0.4262295081967213,13,0.41935483870967744,13,0.43333333333333335,3,0.3,8,0.5714285714285714,16,0.36363636363636365,44,0.45454545454545453,0.5454545454545454,1.73,0.04,9,0.20454545454545456,20,5.15,0.26,8,0.4,24,-3.42,-0.14,8,0.3333333333333333,14,0.7142857142857143,0.2857142857142857,4.32,0.31,8,0.5714285714285714,10,7.28,0.73,6,0.6,4,-2.96,-0.74,2,0.5,10,5,5,17,11,6,15.18,0.89,0.5882352941176471,0.29411764705882354,0.29411764705882354,0.6470588235294118,0.35294117647058826,14,0.35,-5.33,-0.13,40,12,0.5714285714285714,22.24,1.06,21,401282253,2021,10
30,USC Trojans,25,0.3472222222222222,18,0.4,7,0.25925925925925924,1,0.5,5,0.3125,19,0.35185185185185186,54,0.5925925925925926,0.4074074074074074,-3.56,-0.07,9,0.16666666666666666,32,0.3,0.01,14,0.4375,22,-3.86,-0.18,5,0.22727272727272727,13,0.7692307692307693,0.23076923076923078,3.23,0.25,6,0.46153846153846156,10,3.47,0.35,5,0.5,3,-0.24,-0.08,1,0.3333333333333333,6,4,2,18,13,5,-7.52,-0.42,0.3333333333333333,0.2222222222222222,0.1111111111111111,0.7222222222222222,0.2777777777777778,15,0.3488372093023256,-10.13,-0.24,43,10,0.3448275862068966,-0.95,-0.03,29,401309892,2021,10
9,Arizona State Sun Devils,29,0.46774193548387094,10,0.5,19,0.4523809523809524,5,0.625,6,0.6,22,0.43137254901960786,51,0.27450980392156865,0.7254901960784313,2.07,0.04,9,0.17647058823529413,14,-4.09,-0.29,7,0.5,37,6.16,0.17,15,0.40540540540540543,10,0.5,0.5,-3.13,-0.31,4,0.4,5,-3.37,-0.67,2,0.4,5,0.25,0.05,2,0.4,7,3,4,11,6,5,7.26,0.66,0.6363636363636364,0.2727272727272727,0.36363636363636365,0.5454545454545454,0.45454545454545453,21,0.45652173913043476,0.37,0.01,46,8,0.5,8.96,0.56,16,401309892,2021,10
193,Miami (OH) RedHawks,31,0.484375,15,0.5,16,0.47058823529411764,7,0.5,5,0.5,25,0.4807692307692308,52,0.4423076923076923,0.5576923076923077,17.34,0.33,16,0.3076923076923077,23,12.68,0.55,12,0.5217391304347826,29,4.66,0.16,13,0.4482758620689655,9,0.5555555555555556,0.4444444444444444,-2.94,-0.33,1,0.1111111111111111,5,-0.41,-0.08,1,0.2,4,-2.53,-0.63,0,0.0,6,3,3,12,7,5,2.27,0.19,0.5,0.25,0.25,0.5833333333333334,0.4166666666666667,18,0.42857142857142855,8.28,0.2,42,13,0.5909090909090909,11.33,0.52,22,401308840,2021,11
2084,Buffalo Bulls,31,0.44285714285714284,17,0.5,14,0.3888888888888889,3,0.3,5,0.45454545454545453,26,0.4642857142857143,56,0.44642857142857145,0.5535714285714286,1.96,0.04,13,0.23214285714285715,25,5.46,0.22,14,0.56,31,-3.49,-0.11,12,0.3870967741935484,5,0.4,0.6,-2.4,-0.48,2,0.4,2,0.38,0.19,1,0.5,3,-2.78,-0.93,1,0.3333333333333333,5,3,2,14,9,5,2.76,0.2,0.35714285714285715,0.21428571428571427,0.14285714285714285,0.6428571428571429,0.35714285714285715,21,0.45652173913043476,2.16,0.05,46,10,0.4166666666666667,2.57,0.11,24,401308840,2021,11
2711,Western Michigan Broncos,40,0.6349206349206349,12,0.6,28,0.6511627906976745,6,0.5,3,0.42857142857142855,37,0.6607142857142857,56,0.32142857142857145,0.6785714285714286,22.17,0.4,20,0.35714285714285715,18,6.55,0.36,11,0.6111111111111112,38,15.62,0.41,26,0.6842105263157895,16,0.25,0.75,4.28,0.27,10,0.625,4,0.24,0.06,2,0.5,12,4.05,0.34,8,0.6666666666666666,3,1,2,7,2,5,0.95,0.14,0.42857142857142855,0.14285714285714285,0.2857142857142857,0.2857142857142857,0.7142857142857143,33,0.6226415094339622,15.33,0.29,53,7,0.7,7.8,0.78,10,401309584,2021,11
2006,Akron Zips,32,0.4507042253521127,22,0.4888888888888889,10,0.38461538461538464,6,0.42857142857142855,6,0.42857142857142855,23,0.4339622641509434,53,0.5660377358490566,0.4339622641509434,7.62,0.14,12,0.22641509433962265,30,10.76,0.36,16,0.5333333333333333,23,-3.14,-0.14,7,0.30434782608695654,9,0.5555555555555556,0.4444444444444444,1.17,0.13,4,0.4444444444444444,5,0.2,0.04,2,0.4,4,0.97,0.24,2,0.5,9,6,3,18,15,3,9.33,0.52,0.5,0.3333333333333333,0.16666666666666666,0.8333333333333334,0.16666666666666666,22,0.4782608695652174,9.69,0.21,46,10,0.4,7.26,0.29,25,401309584,2021,11
2199,Eastern Michigan Eagles,44,0.5365853658536586,32,0.5423728813559322,12,0.5217391304347826,6,0.6,8,0.5714285714285714,33,0.515625,64,0.75,0.25,7.25,0.11,17,0.265625,48,7.4,0.15,27,0.5625,16,-0.15,-0.01,6,0.375,15,0.6666666666666666,0.3333333333333333,6.85,0.46,11,0.7333333333333333,10,7.08,0.71,8,0.8,5,-0.23,-0.05,3,0.6,11,5,6,18,11,7,5.34,0.3,0.6111111111111112,0.2777777777777778,0.3333333333333333,0.6111111111111112,0.3888888888888889,36,0.5806451612903226,14.3,0.23,62,8,0.4,-1.7,-0.09,20,401309583,2021,11
195,Ohio Bobcats,34,0.5573770491803278,10,0.5,24,0.5853658536585366,3,0.3333333333333333,5,0.5,28,0.56,50,0.32,0.68,23.98,0.48,15,0.3,16,10.24,0.64,8,0.5,34,13.74,0.4,20,0.5882352941176471,8,0.625,0.375,2.8,0.35,4,0.5,5,2.17,0.43,3,0.6,3,0.63,0.21,1,0.3333333333333333,6,2,4,11,4,7,2.1,0.19,0.5454545454545454,0.18181818181818182,0.36363636363636365,0.36363636363636365,0.6363636363636364,27,0.5869565217391305,17.53,0.38,46,7,0.4666666666666667,8.55,0.57,15,401309583,2021,11
189,Bowling Green Falcons,24,0.36923076923076925,8,0.26666666666666666,16,0.45714285714285713,4,0.4444444444444444,8,0.47058823529411764,16,0.3333333333333333,48,0.5208333333333334,0.4791666666666667,-9.55,-0.2,5,0.10416666666666667,25,-8.95,-0.36,7,0.28,23,-0.6,-0.03,9,0.391304347826087,9,0.4444444444444444,0.5555555555555556,-4.94,-0.55,1,0.1111111111111111,4,-2.4,-0.6,0,0.0,5,-2.54,-0.51,1,0.2,8,1,7,17,5,12,0.16,0.01,0.47058823529411764,0.058823529411764705,0.4117647058823529,0.29411764705882354,0.7058823529411765,15,0.40540540540540543,0.85,0.02,37,9,0.32142857142857145,-10.25,-0.37,28,401309585,2021,11
2649,Toledo Rockets,35,0.5303030303030303,14,0.56,21,0.5121951219512195,8,0.5714285714285714,6,0.5454545454545454,28,0.5283018867924528,53,0.3584905660377358,0.6415094339622641,20.77,0.39,14,0.2641509433962264,19,14.55,0.77,11,0.5789473684210527,34,6.22,0.18,17,0.5,16,0.4375,0.5625,14.18,0.89,11,0.6875,7,12.15,1.74,6,0.8571428571428571,9,2.02,0.22,5,0.5555555555555556,7,3,4,13,6,7,1.13,0.09,0.5384615384615384,0.23076923076923078,0.3076923076923077,0.46153846153846156,0.5384615384615384,30,0.6,24.04,0.48,50,5,0.3125,-2.14,-0.13,16,401309585,2021,11
2459,Northern Illinois Huskies,36,0.45569620253164556,17,0.4473684210526316,19,0.4634146341463415,4,0.5,5,0.35714285714285715,30,0.46875,64,0.421875,0.578125,5.37,0.08,15,0.234375,27,1.97,0.07,13,0.48148148148148145,37,3.4,0.09,17,0.4594594594594595,9,1.0,0.0,3.92,0.44,4,0.4444444444444444,9,3.92,0.44,4,0.4444444444444444,,,,,,6,4,2,15,11,4,1.39,0.09,0.4,0.26666666666666666,0.13333333333333333,0.7333333333333333,0.26666666666666666,29,0.5178571428571429,12.59,0.22,56,7,0.30434782608695654,-5.83,-0.25,23,401309587,2021,11
2050,Ball State Cardinals,26,0.4482758620689655,9,0.36,17,0.5151515151515151,6,0.6666666666666666,1,0.1111111111111111,25,0.5208333333333334,48,0.3333333333333333,0.6666666666666666,11.83,0.25,15,0.3125,16,2.41,0.15,8,0.5,32,9.42,0.29,17,0.53125,14,0.42857142857142855,0.5714285714285714,7.06,0.5,10,0.7142857142857143,6,4.58,0.76,4,0.6666666666666666,8,2.48,0.31,6,0.75,1,1,0,10,9,1,-11.18,-1.12,0.1,0.1,0.0,0.9,0.1,22,0.5238095238095238,4.28,0.1,42,4,0.25,-3.63,-0.23,16,401309587,2021,11
2309,Kent State Golden Flashes,41,0.5466666666666666,23,0.575,18,0.5142857142857142,6,0.5,7,0.4666666666666667,33,0.5689655172413793,58,0.5344827586206896,0.46551724137931033,11.18,0.19,15,0.25862068965517243,31,5.41,0.17,17,0.5483870967741935,27,5.77,0.21,16,0.5925925925925926,16,0.6875,0.3125,-1.53,-0.1,8,0.5,11,2.25,0.2,8,0.7272727272727273,5,-3.78,-0.76,0,0.0,8,6,2,17,9,8,-1.75,-0.1,0.47058823529411764,0.35294117647058826,0.11764705882352941,0.5294117647058824,0.47058823529411764,31,0.5636363636363636,4.33,0.08,55,10,0.5,5.1,0.26,20,401309586,2021,11
2117,Central Michigan Chippewas,48,0.6075949367088608,20,0.6896551724137931,28,0.56,9,1.0,7,0.5384615384615384,38,0.6031746031746031,63,0.38095238095238093,0.6190476190476191,24.66,0.39,18,0.2857142857142857,24,18.18,0.76,17,0.7083333333333334,39,6.48,0.17,21,0.5384615384615384,9,0.6666666666666666,0.3333333333333333,11.83,1.31,7,0.7777777777777778,6,9.87,1.65,5,0.8333333333333334,3,1.96,0.65,2,0.6666666666666666,10,3,7,16,5,11,8.99,0.56,0.625,0.1875,0.4375,0.3125,0.6875,38,0.6229508196721312,31.85,0.52,61,10,0.5555555555555556,1.8,0.1,18,401309586,2021,11
153,North Carolina Tar Heels,27,0.38028169014084506,18,0.47368421052631576,9,0.2727272727272727,3,0.375,7,0.4375,19,0.37254901960784315,51,0.49019607843137253,0.5098039215686274,9.91,0.19,9,0.17647058823529413,25,15.54,0.62,14,0.56,26,-5.63,-0.22,5,0.19230769230769232,10,0.5,0.5,0.2,0.02,4,0.4,5,2.55,0.51,3,0.6,5,-2.35,-0.47,1,0.2,8,4,4,20,13,7,-6.83,-0.34,0.4,0.2,0.2,0.65,0.35,14,0.3181818181818182,-14.53,-0.33,44,13,0.48148148148148145,17.61,0.65,27,401282683,2021,11
221,Pittsburgh Panthers,42,0.5526315789473685,26,0.5306122448979592,16,0.5925925925925926,8,0.5333333333333333,11,0.6470588235294118,31,0.5344827586206896,58,0.5862068965517241,0.41379310344827586,5.0,0.09,11,0.1896551724137931,34,2.66,0.08,17,0.5,24,2.34,0.1,14,0.5833333333333334,8,0.5,0.5,2.45,0.31,6,0.75,4,1.18,0.3,2,0.5,4,1.27,0.32,4,1.0,11,9,2,18,15,3,-0.22,-0.01,0.6111111111111112,0.5,0.1111111111111111,0.8333333333333334,0.16666666666666666,33,0.6,9.93,0.18,55,9,0.42857142857142855,-5.15,-0.25,21,401282683,2021,11
58,South Florida Bulls,30,0.4411764705882353,14,0.42424242424242425,16,0.45714285714285713,8,1.0,8,0.6153846153846154,21,0.3888888888888889,54,0.42592592592592593,0.5740740740740741,-9.71,-0.18,9,0.16666666666666666,23,-0.95,-0.04,8,0.34782608695652173,31,-8.76,-0.28,13,0.41935483870967744,4,0.25,0.75,-2.64,-0.66,0,0.0,1,-0.53,-0.53,0,0.0,3,-2.11,-0.7,0,0.0,9,6,3,14,10,4,11.41,0.81,0.6428571428571429,0.42857142857142855,0.21428571428571427,0.7142857142857143,0.2857142857142857,20,0.46511627906976744,0.33,0.01,43,10,0.4,1.37,0.05,25,401301040,2021,11
2132,Cincinnati Bearcats,49,0.6447368421052632,26,0.6341463414634146,23,0.6571428571428571,12,0.631578947368421,7,0.6363636363636364,40,0.6451612903225806,62,0.532258064516129,0.46774193548387094,11.92,0.19,18,0.2903225806451613,33,1.0,0.03,22,0.6666666666666666,29,10.92,0.38,18,0.6206896551724138,17,0.7058823529411765,0.29411764705882354,6.22,0.37,11,0.6470588235294118,12,3.73,0.31,7,0.5833333333333334,5,2.49,0.5,4,0.8,9,4,5,14,8,6,3.8,0.27,0.6428571428571429,0.2857142857142857,0.35714285714285715,0.5714285714285714,0.42857142857142855,41,0.6307692307692307,12.93,0.2,65,8,0.7272727272727273,2.79,0.25,11,401301040,2021,11
68,Boise State Broncos,33,0.4782608695652174,15,0.45454545454545453,18,0.5,4,0.3333333333333333,7,0.4666666666666667,26,0.49056603773584906,53,0.39622641509433965,0.6037735849056604,3.7,0.07,13,0.24528301886792453,21,0.57,0.03,10,0.47619047619047616,32,3.14,0.1,16,0.5,17,0.5882352941176471,0.4117647058823529,4.06,0.24,7,0.4117647058823529,10,6.57,0.66,6,0.6,7,-2.51,-0.36,1,0.14285714285714285,7,5,2,16,12,4,0.83,0.05,0.4375,0.3125,0.125,0.75,0.25,27,0.5625,4.91,0.1,48,6,0.2857142857142857,-0.38,-0.02,21,401310742,2021,11
2751,Wyoming Cowboys,18,0.391304347826087,7,0.3684210526315789,11,0.4074074074074074,1,0.5,3,0.3,15,0.4166666666666667,36,0.3333333333333333,0.6666666666666666,-4.3,-0.12,8,0.2222222222222222,12,-7.42,-0.62,4,0.3333333333333333,24,3.12,0.13,11,0.4583333333333333,3,0.0,1.0,-1.8,-0.6,0,0.0,,,,,,3,-1.8,-0.6,0,0.0,3,3,0,10,7,3,3.46,0.35,0.3,0.3,0.0,0.7,0.3,14,0.4827586206896552,-3.18,-0.11,29,4,0.23529411764705882,2.33,0.14,17,401310742,2021,11
2633,Tennessee Volunteers,42,0.5,27,0.5,15,0.5,5,0.2631578947368421,9,0.45,30,0.5084745762711864,59,0.6271186440677966,0.3728813559322034,-9.29,-0.16,8,0.13559322033898305,37,-6.71,-0.18,19,0.5135135135135135,22,-2.59,-0.12,11,0.5,7,0.7142857142857143,0.2857142857142857,-0.13,-0.02,2,0.2857142857142857,5,0.48,0.1,2,0.4,2,-0.61,-0.3,0,0.0,12,8,4,25,17,8,6.36,0.25,0.48,0.32,0.16,0.68,0.32,31,0.5254237288135594,-11.0,-0.19,59,11,0.44,8.07,0.32,25,401282133,2021,11
61,Georgia Bulldogs,37,0.5285714285714286,16,0.5161290322580645,21,0.5384615384615384,5,0.625,6,0.5,31,0.5344827586206896,58,0.3793103448275862,0.6206896551724138,17.54,0.3,18,0.3103448275862069,22,4.47,0.2,11,0.5,36,13.07,0.36,20,0.5555555555555556,14,0.7142857142857143,0.2857142857142857,4.97,0.36,7,0.5,10,5.1,0.51,5,0.5,4,-0.13,-0.03,2,0.5,6,5,1,12,9,3,1.69,0.14,0.5,0.4166666666666667,0.08333333333333333,0.75,0.25,28,0.56,13.21,0.26,50,9,0.45,6.02,0.3,20,401282133,2021,11
166,New Mexico State Aggies,14,0.2413793103448276,10,0.2631578947368421,4,0.2,,,4,0.26666666666666666,9,0.21428571428571427,42,0.5952380952380952,0.40476190476190477,-18.71,-0.45,5,0.11904761904761904,25,-11.68,-0.47,7,0.28,17,-7.02,-0.41,2,0.11764705882352941,6,0.5,0.5,-3.14,-0.52,1,0.16666666666666666,3,-1.8,-0.6,1,0.3333333333333333,3,-1.34,-0.45,0,0.0,5,3,2,16,13,3,-6.03,-0.38,0.3125,0.1875,0.125,0.8125,0.1875,6,0.20689655172413793,-13.04,-0.45,29,8,0.27586206896551724,-11.7,-0.4,29,401282127,2021,11
333,Alabama Crimson Tide,45,0.5769230769230769,22,0.5641025641025641,23,0.5897435897435898,12,0.6,8,0.6666666666666666,37,0.5606060606060606,66,0.45454545454545453,0.5454545454545454,18.86,0.29,19,0.2878787878787879,30,11.17,0.37,16,0.5333333333333333,36,7.69,0.21,21,0.5833333333333334,14,0.5714285714285714,0.42857142857142855,2.51,0.18,9,0.6428571428571429,8,1.49,0.19,5,0.625,6,1.02,0.17,4,0.6666666666666666,8,6,2,12,9,3,9.48,0.79,0.6666666666666666,0.5,0.16666666666666666,0.75,0.25,33,0.55,9.29,0.15,60,12,0.6666666666666666,19.05,1.06,18,401282127,2021,11
2483,Oregon Ducks,39,0.5735294117647058,10,0.43478260869565216,29,0.6444444444444445,6,0.46153846153846156,8,0.6666666666666666,31,0.5535714285714286,56,0.32142857142857145,0.6785714285714286,2.17,0.04,14,0.25,18,-1.47,-0.08,8,0.4444444444444444,38,3.64,0.1,23,0.6052631578947368,6,0.3333333333333333,0.6666666666666666,3.52,0.59,4,0.6666666666666666,2,1.23,0.61,2,1.0,4,2.3,0.57,2,0.5,8,2,6,12,5,7,8.07,0.67,0.6666666666666666,0.16666666666666666,0.5,0.4166666666666667,0.5833333333333334,33,0.6,8.59,0.16,55,6,0.46153846153846156,1.66,0.13,13,401309895,2021,11
265,Washington State Cougars,26,0.4262295081967213,16,0.41025641025641024,10,0.45454545454545453,5,0.5,7,0.5384615384615384,19,0.3958333333333333,48,0.6458333333333334,0.3541666666666667,-5.51,-0.11,10,0.20833333333333334,31,1.23,0.04,14,0.45161290322580644,17,-6.75,-0.4,5,0.29411764705882354,14,0.6428571428571429,0.35714285714285715,7.07,0.5,6,0.42857142857142855,9,4.49,0.5,4,0.4444444444444444,5,2.58,0.52,2,0.4,7,2,5,13,8,5,3.24,0.25,0.5384615384615384,0.15384615384615385,0.38461538461538464,0.6153846153846154,0.38461538461538464,18,0.4090909090909091,-10.43,-0.24,44,8,0.47058823529411764,8.16,0.48,17,401309895,2021,11
2509,Purdue Boilermakers,41,0.5774647887323944,28,0.5384615384615384,13,0.6842105263157895,3,0.42857142857142855,5,0.5,35,0.5932203389830508,59,0.711864406779661,0.288135593220339,20.77,0.35,18,0.3050847457627119,42,22.24,0.53,23,0.5476190476190477,17,-1.46,-0.09,12,0.7058823529411765,1,0.0,1.0,0.45,0.45,1,1.0,,,,,,1,0.45,0.45,1,1.0,6,5,1,12,10,2,4.73,0.39,0.5,0.4166666666666667,0.08333333333333333,0.8333333333333334,0.16666666666666666,33,0.6111111111111112,19.59,0.36,54,8,0.47058823529411764,5.91,0.35,17,401282812,2021,11
194,Ohio State Buckeyes,44,0.6567164179104478,25,0.6578947368421053,19,0.6551724137931034,9,0.6923076923076923,5,0.7142857142857143,38,0.6440677966101694,59,0.5254237288135594,0.4745762711864407,30.95,0.52,20,0.3389830508474576,31,16.97,0.55,20,0.6451612903225806,28,13.98,0.5,18,0.6428571428571429,16,0.5,0.5,3.99,0.25,10,0.625,8,4.9,0.61,6,0.75,8,-0.9,-0.11,4,0.5,6,5,1,8,7,1,9.21,1.15,0.75,0.625,0.125,0.875,0.125,39,0.6964285714285714,35.97,0.64,56,5,0.45454545454545453,4.2,0.38,11,401282812,2021,11
213,Penn State Nittany Lions,31,0.36046511627906974,13,0.2549019607843137,18,0.5142857142857142,1,0.08333333333333333,7,0.3333333333333333,20,0.3389830508474576,59,0.5254237288135594,0.4745762711864407,-9.64,-0.16,10,0.1694915254237288,31,-9.54,-0.31,7,0.22580645161290322,28,-0.1,-0.0,13,0.4642857142857143,8,0.875,0.125,0.2,0.03,3,0.375,7,-1.07,-0.15,2,0.2857142857142857,1,1.28,1.28,1,1.0,11,6,5,27,20,7,4.06,0.15,0.4074074074074074,0.2222222222222222,0.18518518518518517,0.7407407407407407,0.25925925925925924,21,0.38181818181818183,-7.13,-0.13,55,10,0.3225806451612903,1.54,0.05,31,401282780,2021,11
130,Michigan Wolverines,31,0.45588235294117646,13,0.41935483870967744,18,0.4864864864864865,3,0.75,6,0.42857142857142855,24,0.46153846153846156,52,0.4423076923076923,0.5576923076923077,10.47,0.2,11,0.21153846153846154,23,10.08,0.44,12,0.5217391304347826,29,0.39,0.01,12,0.41379310344827586,17,0.47058823529411764,0.5294117647058824,3.37,0.2,10,0.5882352941176471,8,3.63,0.45,4,0.5,9,-0.25,-0.03,6,0.6666666666666666,7,1,6,16,8,8,-6.5,-0.41,0.4375,0.0625,0.375,0.5,0.5,22,0.46808510638297873,3.07,0.07,47,9,0.42857142857142855,0.91,0.04,21,401282780,2021,11
201,Oklahoma Sooners,24,0.42105263157894735,13,0.40625,11,0.44,6,0.8571428571428571,2,0.18181818181818182,22,0.4782608695652174,46,0.5,0.5,1.37,0.03,14,0.30434782608695654,23,-3.06,-0.13,11,0.4782608695652174,23,4.44,0.19,11,0.4782608695652174,8,0.5,0.5,3.24,0.4,5,0.625,4,-0.15,-0.04,2,0.5,4,3.39,0.85,3,0.75,2,2,0,11,9,2,-6.02,-0.55,0.18181818181818182,0.18181818181818182,0.0,0.8181818181818182,0.18181818181818182,20,0.5263157894736842,1.52,0.04,38,4,0.21052631578947367,-6.17,-0.32,19,401287938,2021,11
239,Baylor Bears,30,0.40540540540540543,7,0.3181818181818182,23,0.4423076923076923,2,0.125,5,0.45454545454545453,24,0.39344262295081966,61,0.29508196721311475,0.7049180327868853,-2.79,-0.05,15,0.2459016393442623,18,-8.85,-0.49,5,0.2777777777777778,43,6.06,0.14,19,0.4418604651162791,7,0.42857142857142855,0.5714285714285714,0.33,0.05,2,0.2857142857142857,3,-1.44,-0.48,0,0.0,4,1.77,0.44,2,0.5,6,2,4,13,4,9,10.67,0.82,0.46153846153846156,0.15384615384615385,0.3076923076923077,0.3076923076923077,0.6923076923076923,17,0.34,-8.34,-0.17,50,13,0.5416666666666666,16.22,0.68,24,401287938,2021,11
258,Virginia Cavaliers,28,0.4375,15,0.36585365853658536,13,0.5652173913043478,0,0.0,5,0.35714285714285715,22,0.46808510638297873,47,0.6595744680851063,0.3404255319148936,-1.76,-0.04,11,0.23404255319148937,31,-4.64,-0.15,12,0.3870967741935484,16,2.88,0.18,10,0.625,13,0.7692307692307693,0.23076923076923078,1.35,0.1,7,0.5384615384615384,10,0.52,0.05,4,0.4,3,0.83,0.28,3,1.0,6,3,3,17,10,7,-7.04,-0.41,0.35294117647058826,0.17647058823529413,0.17647058823529413,0.5882352941176471,0.4117647058823529,22,0.5945945945945946,4.27,0.12,37,6,0.2222222222222222,-13.07,-0.48,27,401282688,2021,11
87,Notre Dame Fighting Irish,31,0.5166666666666667,15,0.6521739130434783,16,0.43243243243243246,6,0.6,7,0.6363636363636364,23,0.5,46,0.34782608695652173,0.6521739130434783,0.64,0.01,13,0.2826086956521739,16,3.75,0.23,10,0.625,30,-3.11,-0.1,13,0.43333333333333335,4,0.0,1.0,-0.27,-0.07,2,0.5,,,,,,4,-0.27,-0.07,2,0.5,8,5,3,14,7,7,7.34,0.52,0.5714285714285714,0.35714285714285715,0.21428571428571427,0.5,0.5,25,0.5208333333333334,0.91,0.02,48,6,0.5,7.07,0.59,12,401282688,2021,11
145,Ole Miss Rebels,42,0.45161290322580644,17,0.4473684210526316,25,0.45454545454545453,7,0.3333333333333333,5,0.3125,36,0.4864864864864865,74,0.3918918918918919,0.6081081081081081,5.33,0.07,24,0.32432432432432434,29,4.06,0.14,14,0.4827586206896552,45,1.28,0.03,22,0.4888888888888889,9,0.4444444444444444,0.5555555555555556,-0.25,-0.03,4,0.4444444444444444,4,0.48,0.12,2,0.5,5,-0.73,-0.15,2,0.4,6,3,3,19,9,10,-9.82,-0.52,0.3157894736842105,0.15789473684210525,0.15789473684210525,0.47368421052631576,0.5263157894736842,30,0.43478260869565216,-7.77,-0.11,69,12,0.5,3.29,0.14,24,401282131,2021,11
245,Texas A&M Aggies,31,0.43661971830985913,19,0.4418604651162791,12,0.42857142857142855,3,0.3,3,0.2,28,0.509090909090909,55,0.5818181818181818,0.41818181818181815,6.45,0.12,15,0.2727272727272727,32,7.29,0.23,19,0.59375,23,-0.84,-0.04,9,0.391304347826087,11,0.36363636363636365,0.6363636363636364,1.8,0.16,5,0.45454545454545453,4,5.15,1.29,4,1.0,7,-3.35,-0.48,1,0.14285714285714285,3,0,3,16,11,5,-19.42,-1.21,0.1875,0.0,0.1875,0.6875,0.3125,26,0.52,5.49,0.11,50,5,0.23809523809523808,-18.46,-0.88,21,401282131,2021,11
154,Wake Forest Demon Deacons,35,0.3888888888888889,19,0.38,16,0.4,9,0.6923076923076923,10,0.5555555555555556,24,0.3380281690140845,71,0.4647887323943662,0.5352112676056338,-15.38,-0.22,12,0.16901408450704225,33,-14.12,-0.43,9,0.2727272727272727,38,-1.26,-0.03,15,0.39473684210526316,24,0.7083333333333334,0.2916666666666667,7.83,0.33,10,0.4166666666666667,17,7.58,0.45,7,0.4117647058823529,7,0.25,0.04,3,0.42857142857142855,11,10,1,19,17,2,21.06,1.11,0.5789473684210527,0.5263157894736842,0.05263157894736842,0.8947368421052632,0.10526315789473684,25,0.43103448275862066,-0.81,-0.01,58,10,0.3125,6.49,0.2,32,401282690,2021,11
152,NC State Wolfpack,34,0.44155844155844154,26,0.4262295081967213,8,0.5,3,0.25,3,0.21428571428571427,30,0.4838709677419355,62,0.7741935483870968,0.22580645161290322,9.75,0.16,17,0.27419354838709675,48,9.61,0.2,24,0.5,14,0.14,0.01,6,0.42857142857142855,9,0.7777777777777778,0.2222222222222222,2.3,0.26,6,0.6666666666666666,7,1.83,0.26,5,0.7142857142857143,2,0.47,0.24,1,0.5,4,2,2,15,13,2,-9.78,-0.65,0.26666666666666666,0.13333333333333333,0.13333333333333333,0.8666666666666667,0.13333333333333333,24,0.47058823529411764,2.16,0.04,51,10,0.38461538461538464,-2.19,-0.08,26,401282690,2021,11
2,Auburn Tigers,32,0.45714285714285713,21,0.4666666666666667,11,0.44,9,0.6,6,0.5,25,0.44642857142857145,56,0.5892857142857143,0.4107142857142857,5.8,0.1,13,0.23214285714285715,33,2.94,0.09,15,0.45454545454545453,23,2.86,0.12,10,0.43478260869565216,9,0.7777777777777778,0.2222222222222222,-0.51,-0.06,3,0.3333333333333333,7,0.83,0.12,3,0.42857142857142855,2,-1.34,-0.67,0,0.0,7,6,1,14,12,2,9.02,0.64,0.5,0.42857142857142855,0.07142857142857142,0.8571428571428571,0.14285714285714285,22,0.5116279069767442,7.58,0.18,43,10,0.37037037037037035,7.24,0.27,27,401282128,2021,11
344,Mississippi State Bulldogs,42,0.56,34,0.5862068965517241,8,0.47058823529411764,15,0.6818181818181818,4,0.36363636363636365,36,0.5806451612903226,62,0.7419354838709677,0.25806451612903225,19.79,0.32,20,0.3225806451612903,46,17.44,0.38,28,0.6086956521739131,16,2.35,0.15,8,0.5,16,0.875,0.125,13.75,0.86,11,0.6875,14,15.14,1.08,11,0.7857142857142857,2,-1.4,-0.7,0,0.0,6,6,0,13,12,1,11.47,0.88,0.46153846153846156,0.46153846153846156,0.0,0.9230769230769231,0.07692307692307693,36,0.6428571428571429,26.0,0.46,56,6,0.3157894736842105,5.26,0.28,19,401282128,2021,11
275,Wisconsin Badgers,39,0.5652173913043478,16,0.64,23,0.5348837209302325,7,0.6363636363636364,6,0.5454545454545454,33,0.5689655172413793,58,0.3103448275862069,0.6724137931034483,5.83,0.1,15,0.25862068965517243,18,7.45,0.41,12,0.6666666666666666,39,8.59,0.22,21,0.5384615384615384,12,0.75,0.25,0.16,0.01,7,0.5833333333333334,9,1.46,0.16,6,0.6666666666666666,3,-1.3,-0.43,1,0.3333333333333333,6,4,2,11,7,4,-0.49,-0.04,0.5454545454545454,0.36363636363636365,0.18181818181818182,0.6363636363636364,0.36363636363636365,32,0.5714285714285714,-1.25,-0.02,56,7,0.5384615384615384,6.59,0.51,13,401282806,2021,11
77,Northwestern Wildcats,17,0.288135593220339,8,0.27586206896551724,9,0.3,0,0.0,3,0.23076923076923078,13,0.3023255813953488,43,0.4418604651162791,0.5581395348837209,-11.27,-0.26,8,0.18604651162790697,19,-11.39,-0.6,6,0.3157894736842105,24,0.11,0.0,7,0.2916666666666667,7,0.5714285714285714,0.42857142857142855,-4.38,-0.63,2,0.2857142857142857,4,-3.39,-0.85,1,0.25,3,-0.99,-0.33,1,0.3333333333333333,4,2,2,16,10,6,-10.53,-0.66,0.25,0.125,0.125,0.625,0.375,12,0.34285714285714286,-3.55,-0.1,35,5,0.20833333333333334,-18.26,-0.76,24,401282806,2021,11
2294,Iowa Hawkeyes,17,0.3469387755102041,9,0.375,8,0.32,2,0.4,4,0.3333333333333333,12,0.3333333333333333,36,0.4166666666666667,0.5833333333333334,1.56,0.04,4,0.1111111111111111,15,6.92,0.46,6,0.4,21,-5.36,-0.26,6,0.2857142857142857,4,0.75,0.25,3.12,0.78,1,0.25,3,3.78,1.26,1,0.3333333333333333,1,-0.66,-0.66,0,0.0,5,3,2,13,9,4,1.63,0.13,0.38461538461538464,0.23076923076923078,0.15384615384615385,0.6923076923076923,0.3076923076923077,14,0.4666666666666667,10.03,0.33,30,3,0.15789473684210525,-6.84,-0.36,19,401282762,2021,11
135,Minnesota Golden Gophers,33,0.4024390243902439,10,0.29411764705882354,23,0.4791666666666667,1,0.09090909090909091,8,0.42105263157894735,22,0.3728813559322034,59,0.3559322033898305,0.6440677966101694,0.74,0.01,10,0.1694915254237288,21,-0.17,-0.01,5,0.23809523809523808,38,0.91,0.02,17,0.4473684210526316,14,0.2857142857142857,0.7142857142857143,-3.42,-0.24,6,0.42857142857142855,4,-3.13,-0.78,1,0.25,10,-0.28,-0.03,5,0.5,11,5,6,23,13,10,3.98,0.17,0.4782608695652174,0.21739130434782608,0.2608695652173913,0.5652173913043478,0.43478260869565216,23,0.4423076923076923,6.44,0.12,52,10,0.3333333333333333,-1.72,-0.06,30,401282762,2021,11
2440,Nevada Wolf Pack,27,0.42857142857142855,24,0.47058823529411764,3,0.25,1,0.5,4,0.3076923076923077,22,0.4583333333333333,48,0.8125,0.1875,10.94,0.23,11,0.22916666666666666,39,12.0,0.31,19,0.48717948717948717,9,-1.05,-0.12,3,0.3333333333333333,11,0.9090909090909091,0.09090909090909091,-2.97,-0.27,3,0.2727272727272727,10,-2.4,-0.24,3,0.3,1,-0.57,-0.57,0,0.0,5,5,0,15,12,3,-4.35,-0.29,0.3333333333333333,0.3333333333333333,0.0,0.8,0.2,21,0.4883720930232558,9.73,0.23,43,6,0.3,-3.14,-0.16,20,401310746,2021,11
21,San Diego State Aztecs,32,0.4507042253521127,16,0.45714285714285713,16,0.4444444444444444,5,0.5555555555555556,5,0.3333333333333333,25,0.46296296296296297,54,0.46296296296296297,0.5370370370370371,3.62,0.07,11,0.2037037037037037,25,2.19,0.09,12,0.48,29,1.43,0.05,13,0.4482758620689655,11,0.45454545454545453,0.5454545454545454,4.46,0.41,8,0.7272727272727273,5,1.28,0.26,3,0.6,6,3.17,0.53,5,0.8333333333333334,7,4,3,17,10,7,-4.06,-0.24,0.4117647058823529,0.23529411764705882,0.17647058823529413,0.5882352941176471,0.4117647058823529,27,0.5094339622641509,6.93,0.13,53,5,0.2777777777777778,-7.38,-0.41,18,401310746,2021,11
2572,Southern Miss Golden Eagles,18,0.3333333333333333,3,0.3333333333333333,15,0.3333333333333333,2,0.2222222222222222,4,0.3333333333333333,13,0.325,40,0.15,0.85,-14.06,-0.35,7,0.175,6,-6.63,-1.11,1,0.16666666666666666,34,-7.43,-0.22,12,0.35294117647058826,6,0.0,1.0,-3.96,-0.66,1,0.16666666666666666,,,,,,6,-3.96,-0.66,1,0.16666666666666666,5,2,3,14,3,11,-7.35,-0.53,0.35714285714285715,0.14285714285714285,0.21428571428571427,0.21428571428571427,0.7857142857142857,12,0.35294117647058826,-17.05,-0.5,34,6,0.3,-4.36,-0.22,20,401282260,2021,11
2636,UTSA Roadrunners,22,0.39285714285714285,10,0.3225806451612903,12,0.48,2,0.14285714285714285,5,0.38461538461538464,17,0.40476190476190477,42,0.5,0.5,-1.46,-0.03,7,0.16666666666666666,21,-5.34,-0.25,7,0.3333333333333333,21,3.88,0.18,10,0.47619047619047616,12,0.5833333333333334,0.4166666666666667,-1.98,-0.17,5,0.4166666666666667,7,1.08,0.15,3,0.42857142857142855,5,-3.06,-0.61,2,0.4,5,3,2,14,10,4,-5.85,-0.42,0.35714285714285715,0.21428571428571427,0.14285714285714285,0.7142857142857143,0.2857142857142857,17,0.425,-2.0,-0.05,40,5,0.3125,-5.32,-0.33,16,401282260,2021,11
12,Arizona Wildcats,21,0.3442622950819672,13,0.37142857142857144,8,0.3076923076923077,3,0.25,7,0.4666666666666667,13,0.3023255813953488,43,0.4883720930232558,0.5116279069767442,-11.33,-0.26,4,0.09302325581395349,21,-6.11,-0.29,6,0.2857142857142857,22,-5.23,-0.24,7,0.3181818181818182,9,0.8888888888888888,0.1111111111111111,1.75,0.19,3,0.3333333333333333,8,2.24,0.28,3,0.375,1,-0.49,-0.49,0,0.0,8,7,1,18,14,4,8.66,0.48,0.4444444444444444,0.3888888888888889,0.05555555555555555,0.7777777777777778,0.2222222222222222,14,0.34146341463414637,-11.28,-0.28,41,7,0.35,8.61,0.43,20,401309896,2021,11
254,Utah Utes,32,0.47761194029850745,15,0.5,17,0.4594594594594595,6,0.42857142857142855,5,0.45454545454545453,26,0.4727272727272727,55,0.4,0.6,16.17,0.29,13,0.23636363636363636,22,13.66,0.62,12,0.5454545454545454,33,2.51,0.08,14,0.42424242424242425,17,0.5882352941176471,0.4117647058823529,8.83,0.52,9,0.5294117647058824,10,7.65,0.76,5,0.5,7,1.18,0.17,4,0.5714285714285714,6,3,3,12,8,4,3.59,0.3,0.5,0.25,0.25,0.6666666666666666,0.3333333333333333,24,0.5217391304347826,15.84,0.34,46,8,0.38095238095238093,3.92,0.19,21,401309896,2021,11
99,LSU Tigers,25,0.3333333333333333,11,0.2972972972972973,14,0.3783783783783784,0,0.0,6,0.35294117647058826,17,0.3090909090909091,55,0.4909090909090909,0.4909090909090909,-18.17,-0.33,9,0.16363636363636364,27,-4.26,-0.16,9,0.3333333333333333,27,-10.93,-0.4,8,0.2962962962962963,11,0.5454545454545454,0.45454545454545453,-3.02,-0.27,5,0.45454545454545453,6,-2.38,-0.4,3,0.5,5,-0.64,-0.13,2,0.4,8,2,6,20,10,10,-5.24,-0.26,0.4,0.1,0.3,0.5,0.5,21,0.39622641509433965,-10.42,-0.2,53,4,0.18181818181818182,-12.99,-0.59,22,401282130,2021,11
8,Arkansas Razorbacks,19,0.3064516129032258,7,0.2413793103448276,12,0.36363636363636365,0,0.0,3,0.21428571428571427,15,0.32608695652173914,46,0.3695652173913043,0.6304347826086957,-9.05,-0.2,7,0.15217391304347827,17,0.35,0.02,6,0.35294117647058826,29,-9.4,-0.32,9,0.3103448275862069,16,0.375,0.625,-4.88,-0.31,7,0.4375,6,-6.62,-1.1,1,0.16666666666666666,10,1.74,0.17,6,0.6,4,1,3,16,12,4,-4.92,-0.31,0.25,0.0625,0.1875,0.75,0.25,13,0.3939393939393939,-5.48,-0.17,33,6,0.20689655172413793,-8.49,-0.29,29,401282130,2021,11
57,Florida Gators,47,0.6811594202898551,27,0.7941176470588235,20,0.5714285714285714,8,1.0,7,0.6363636363636364,39,0.6964285714285714,56,0.5357142857142857,0.4642857142857143,47.45,0.85,16,0.2857142857142857,30,36.18,1.21,24,0.8,26,11.26,0.43,15,0.5769230769230769,13,0.6923076923076923,0.3076923076923077,14.7,1.13,9,0.6923076923076923,9,13.58,1.51,7,0.7777777777777778,4,1.12,0.28,2,0.5,8,3,5,13,4,9,5.99,0.46,0.6153846153846154,0.23076923076923078,0.38461538461538464,0.3076923076923077,0.6923076923076923,40,0.7017543859649122,38.24,0.67,57,7,0.5833333333333334,15.19,1.27,12,401282129,2021,11
2535,Samford Bulldogs,39,0.45348837209302323,25,0.44642857142857145,14,0.4666666666666667,5,0.35714285714285715,8,0.5,30,0.44776119402985076,67,0.6417910447761194,0.3582089552238806,11.28,0.17,14,0.208955223880597,43,8.8,0.2,21,0.4883720930232558,24,2.47,0.1,9,0.375,8,0.25,0.75,3.33,0.42,5,0.625,2,1.02,0.51,2,1.0,6,2.31,0.38,3,0.5,9,4,5,19,13,6,2.21,0.12,0.47368421052631576,0.21052631578947367,0.2631578947368421,0.6842105263157895,0.3157894736842105,25,0.43859649122807015,1.67,0.03,57,14,0.4827586206896552,11.81,0.41,29,401282129,2021,11
41,UConn Huskies,14,0.24561403508771928,10,0.2631578947368421,4,0.21052631578947367,1,0.25,1,0.07142857142857142,12,0.3076923076923077,39,0.6410256410256411,0.358974358974359,-15.08,-0.39,5,0.1282051282051282,25,-8.98,-0.36,9,0.36,14,-6.11,-0.44,3,0.21428571428571427,9,0.7777777777777778,0.2222222222222222,-3.33,-0.37,2,0.2222222222222222,7,-3.6,-0.51,1,0.14285714285714285,2,0.26,0.13,1,0.5,2,1,1,18,13,5,-20.18,-1.12,0.1111111111111111,0.05555555555555555,0.05555555555555555,0.7222222222222222,0.2777777777777778,9,0.2903225806451613,-16.59,-0.54,31,5,0.19230769230769232,-18.67,-0.72,26,401282684,2021,11
228,Clemson Tigers,32,0.32323232323232326,19,0.3333333333333333,13,0.30952380952380953,7,0.3333333333333333,6,0.2727272727272727,21,0.29577464788732394,71,0.5492957746478874,0.4507042253521127,-6.16,-0.09,11,0.15492957746478872,39,-0.7,-0.02,12,0.3076923076923077,32,-5.46,-0.17,9,0.28125,22,0.6818181818181818,0.3181818181818182,4.49,0.2,8,0.36363636363636365,15,4.47,0.3,6,0.4,7,0.02,0.0,2,0.2857142857142857,11,7,4,28,18,10,-1.58,-0.06,0.39285714285714285,0.25,0.14285714285714285,0.6428571428571429,0.35714285714285715,21,0.3387096774193548,-2.64,-0.04,62,11,0.2972972972972973,-5.1,-0.14,37,401282684,2021,11
183,Syracuse Orange,22,0.38596491228070173,6,0.2727272727272727,16,0.45714285714285713,2,0.4,4,0.2857142857142857,18,0.43902439024390244,41,0.36585365853658536,0.6341463414634146,-2.24,-0.05,8,0.1951219512195122,15,-2.57,-0.17,5,0.3333333333333333,26,0.33,0.01,13,0.5,7,0.5714285714285714,0.42857142857142855,-1.49,-0.21,3,0.42857142857142855,4,-1.02,-0.25,1,0.25,3,-0.47,-0.16,2,0.6666666666666666,4,1,3,16,7,9,-13.98,-0.87,0.25,0.0625,0.1875,0.4375,0.5625,14,0.3888888888888889,-11.25,-0.31,36,8,0.38095238095238093,-4.98,-0.24,21,401282687,2021,11
97,Louisville Cardinals,22,0.41509433962264153,9,0.4090909090909091,13,0.41935483870967744,3,0.2727272727272727,5,0.45454545454545453,16,0.3902439024390244,41,0.4146341463414634,0.5853658536585366,6.78,0.17,8,0.1951219512195122,17,5.88,0.35,6,0.35294117647058826,24,0.9,0.04,10,0.4166666666666667,13,0.46153846153846156,0.5384615384615384,5.41,0.42,6,0.46153846153846156,6,6.51,1.08,3,0.5,7,-1.09,-0.16,3,0.42857142857142855,6,3,3,12,5,7,8.83,0.74,0.5,0.25,0.25,0.4166666666666667,0.5833333333333334,17,0.4722222222222222,13.21,0.37,36,5,0.29411764705882354,2.4,0.14,17,401282687,2021,11
84,Indiana Hoosiers,25,0.3333333333333333,11,0.25,14,0.45161290322580644,2,0.25,1,0.07142857142857142,22,0.39285714285714285,56,0.5714285714285714,0.42857142857142855,-4.62,-0.08,12,0.21428571428571427,32,-5.67,-0.18,11,0.34375,24,1.05,0.04,11,0.4583333333333333,15,0.6,0.4,-4.27,-0.28,3,0.2,9,0.44,0.05,2,0.2222222222222222,6,-4.71,-0.78,1,0.16666666666666666,3,0,3,19,12,7,-13.69,-0.72,0.15789473684210525,0.0,0.15789473684210525,0.631578947368421,0.3684210526315789,15,0.32608695652173914,-7.68,-0.17,46,10,0.3448275862068966,-10.62,-0.37,29,401282728,2021,11
164,Rutgers Scarlet Knights,30,0.43478260869565216,8,0.42105263157894735,22,0.44,9,0.5625,7,0.4117647058823529,22,0.43137254901960786,51,0.21568627450980393,0.7843137254901961,2.11,0.04,9,0.17647058823529413,11,-0.07,-0.01,6,0.5454545454545454,40,2.18,0.05,16,0.4,11,0.36363636363636365,0.6363636363636364,-4.62,-0.42,3,0.2727272727272727,4,-2.64,-0.66,1,0.25,7,-1.98,-0.28,2,0.2857142857142857,8,2,6,18,8,10,-2.62,-0.15,0.4444444444444444,0.1111111111111111,0.3333333333333333,0.4444444444444444,0.5555555555555556,25,0.49019607843137253,2.65,0.05,51,5,0.2777777777777778,-3.17,-0.18,18,401282728,2021,11
113,Massachusetts Minutemen,23,0.3484848484848485,9,0.2727272727272727,14,0.42424242424242425,3,0.42857142857142855,6,0.375,16,0.3404255319148936,47,0.46808510638297873,0.5319148936170213,-7.13,-0.15,5,0.10638297872340426,22,-3.78,-0.17,7,0.3181818181818182,25,-3.35,-0.13,9,0.36,12,0.5,0.5,-4.0,-0.33,2,0.16666666666666666,6,-3.42,-0.57,0,0.0,6,-0.58,-0.1,2,0.3333333333333333,7,2,5,19,11,8,-4.24,-0.22,0.3684210526315789,0.10526315789473684,0.2631578947368421,0.5789473684210527,0.42105263157894735,16,0.36363636363636365,-3.81,-0.09,44,7,0.3181818181818182,-7.57,-0.34,22,401286304,2021,11
311,Maine Black Bears,27,0.4426229508196721,11,0.4074074074074074,16,0.47058823529411764,5,0.5555555555555556,6,0.5,21,0.42857142857142855,49,0.3673469387755102,0.6326530612244898,9.88,0.2,10,0.20408163265306123,18,6.11,0.34,7,0.3888888888888889,31,3.78,0.12,14,0.45161290322580644,11,0.6363636363636364,0.36363636363636365,5.96,0.54,5,0.45454545454545453,7,6.58,0.94,4,0.5714285714285714,4,-0.61,-0.15,1,0.25,6,4,2,12,9,3,6.18,0.51,0.5,0.3333333333333333,0.16666666666666666,0.75,0.25,19,0.475,5.77,0.14,40,8,0.38095238095238093,10.29,0.49,21,401286304,2021,11
277,West Virginia Mountaineers,28,0.4,22,0.4583333333333333,6,0.2727272727272727,3,0.42857142857142855,6,0.42857142857142855,19,0.36538461538461536,52,0.6730769230769231,0.3269230769230769,-4.03,-0.08,12,0.23076923076923078,35,3.28,0.09,16,0.45714285714285713,17,-7.3,-0.43,3,0.17647058823529413,8,0.75,0.25,1.5,0.19,4,0.5,6,2.03,0.34,4,0.6666666666666666,2,-0.53,-0.26,0,0.0,9,6,3,18,13,5,5.98,0.33,0.5,0.3333333333333333,0.16666666666666666,0.7222222222222222,0.2777777777777778,20,0.4444444444444444,6.55,0.15,45,8,0.32,-4.59,-0.18,25,401287939,2021,11
2306,Kansas State Wildcats,23,0.3898305084745763,9,0.45,14,0.358974358974359,5,0.3333333333333333,7,0.5,15,0.3409090909090909,44,0.2727272727272727,0.7272727272727273,-6.74,-0.15,7,0.1590909090909091,12,-1.26,-0.11,5,0.4166666666666667,32,-5.48,-0.17,10,0.3125,8,0.25,0.75,-0.4,-0.05,2,0.25,2,0.83,0.41,1,0.5,6,-1.22,-0.2,1,0.16666666666666666,8,4,4,15,8,7,8.63,0.58,0.5333333333333333,0.26666666666666666,0.26666666666666666,0.5333333333333333,0.4666666666666667,15,0.39473684210526316,-0.36,-0.01,38,8,0.38095238095238093,2.25,0.11,21,401287939,2021,11
2116,UCF Knights,26,0.43333333333333335,12,0.3076923076923077,14,0.6666666666666666,4,0.5714285714285714,8,0.5,18,0.4090909090909091,44,0.6363636363636364,0.36363636363636365,5.22,0.12,7,0.1590909090909091,28,-6.12,-0.22,8,0.2857142857142857,16,11.34,0.71,10,0.625,11,0.6363636363636364,0.36363636363636365,7.21,0.66,5,0.45454545454545453,7,-0.53,-0.08,2,0.2857142857142857,4,7.74,1.94,3,0.75,8,4,4,16,11,5,11.63,0.73,0.5,0.25,0.25,0.6875,0.3125,17,0.4857142857142857,7.48,0.21,35,9,0.36,9.36,0.37,25,401301041,2021,11
2567,SMU Mustangs,45,0.4891304347826087,28,0.4827586206896552,17,0.5,10,0.4166666666666667,12,0.631578947368421,33,0.4647887323943662,71,0.5915492957746479,0.4084507042253521,12.57,0.18,17,0.23943661971830985,42,4.78,0.11,18,0.42857142857142855,29,7.78,0.27,15,0.5172413793103449,13,0.6923076923076923,0.3076923076923077,1.04,0.08,7,0.5384615384615384,9,1.66,0.18,5,0.5555555555555556,4,-0.62,-0.15,2,0.5,12,10,2,21,16,5,5.89,0.28,0.5714285714285714,0.47619047619047616,0.09523809523809523,0.7619047619047619,0.23809523809523808,30,0.4838709677419355,9.35,0.15,62,15,0.5,9.1,0.3,30,401301041,2021,11
235,Memphis Tigers,24,0.47058823529411764,16,0.5517241379310345,8,0.36363636363636365,4,0.6666666666666666,5,0.45454545454545453,17,0.4473684210526316,38,0.5263157894736842,0.47368421052631576,2.27,0.06,7,0.18421052631578946,20,4.98,0.25,10,0.5,18,-2.71,-0.15,7,0.3888888888888889,2,1.0,0.0,5.88,2.94,1,0.5,2,5.88,2.94,1,0.5,,,,,,7,6,1,13,9,4,7.48,0.58,0.5384615384615384,0.46153846153846156,0.07692307692307693,0.6923076923076923,0.3076923076923077,17,0.5862068965517241,4.77,0.16,29,7,0.3181818181818182,4.98,0.23,22,401301042,2021,11
151,East Carolina Pirates,48,0.48484848484848486,25,0.5102040816326531,23,0.46,9,0.3333333333333333,17,0.7083333333333334,29,0.4027777777777778,72,0.4583333333333333,0.5416666666666666,-6.41,-0.09,12,0.16666666666666666,33,-0.08,-0.0,16,0.48484848484848486,39,-6.33,-0.16,13,0.3333333333333333,22,0.6363636363636364,0.36363636363636365,1.28,0.06,14,0.6363636363636364,14,-0.08,-0.01,8,0.5714285714285714,8,1.36,0.17,6,0.75,18,9,9,26,16,10,10.65,0.41,0.6923076923076923,0.34615384615384615,0.34615384615384615,0.6153846153846154,0.38461538461538464,34,0.4722222222222222,0.14,0.0,72,13,0.5,4.11,0.16,26,401301042,2021,11
218,Temple Owls,19,0.3958333333333333,6,0.23076923076923078,13,0.5909090909090909,2,0.5,2,0.2,17,0.4473684210526316,38,0.5263157894736842,0.47368421052631576,-7.7,-0.2,7,0.18421052631578946,20,-12.91,-0.65,6,0.3,18,5.22,0.29,11,0.6111111111111112,4,0.75,0.25,-2.35,-0.59,1,0.25,3,-2.58,-0.86,0,0.0,1,0.24,0.24,1,1.0,2,0,2,10,6,4,-6.27,-0.63,0.2,0.0,0.2,0.6,0.4,17,0.4857142857142857,-8.11,-0.23,35,2,0.15384615384615385,-5.86,-0.45,13,401301043,2021,11
248,Houston Cougars,33,0.4125,15,0.39473684210526316,18,0.42857142857142855,3,0.25,5,0.35714285714285715,25,0.4032258064516129,62,0.4032258064516129,0.5967741935483871,-2.26,-0.04,13,0.20967741935483872,25,-0.18,-0.01,11,0.44,37,-2.08,-0.06,14,0.3783783783783784,13,0.46153846153846156,0.5384615384615384,2.61,0.2,6,0.46153846153846156,6,0.71,0.12,2,0.3333333333333333,7,1.9,0.27,4,0.5714285714285714,8,4,4,18,13,5,7.31,0.41,0.4444444444444444,0.2222222222222222,0.2222222222222222,0.7222222222222222,0.2777777777777778,19,0.3958333333333333,-4.19,-0.09,48,14,0.4375,9.24,0.29,32,401301043,2021,11
349,Army Black Knights,44,0.676923076923077,2,0.5,42,0.6885245901639344,14,0.6666666666666666,4,0.6666666666666666,39,0.6724137931034483,58,0.06896551724137931,0.9310344827586207,26.62,0.46,20,0.3448275862068966,4,4.64,1.16,2,0.5,54,21.98,0.41,37,0.6851851851851852,15,0.06666666666666667,0.9333333333333333,6.63,0.44,10,0.6666666666666666,1,3.8,3.8,1,1.0,14,2.83,0.2,9,0.6428571428571429,5,0,5,7,0,7,6.5,0.93,0.7142857142857143,0.0,0.7142857142857143,0.0,1.0,41,0.7068965517241379,31.28,0.54,58,3,0.42857142857142855,1.85,0.26,7,401310254,2021,11
2083,Bucknell Bison,17,0.3269230769230769,14,0.4117647058823529,3,0.16666666666666666,1,0.25,4,0.3333333333333333,13,0.3333333333333333,39,0.5897435897435898,0.41025641025641024,-11.86,-0.3,6,0.15384615384615385,23,-5.89,-0.26,10,0.43478260869565216,16,-5.97,-0.37,3,0.1875,3,0.0,1.0,-0.53,-0.18,1,0.3333333333333333,,,,,,3,-0.53,-0.18,1,0.3333333333333333,4,4,0,13,11,2,-3.85,-0.3,0.3076923076923077,0.3076923076923077,0.0,0.8461538461538461,0.15384615384615385,14,0.3888888888888889,-7.72,-0.21,36,3,0.1875,-7.98,-0.5,16,401310254,2021,11
98,Western Kentucky Hilltoppers,62,0.5210084033613446,49,0.5903614457831325,13,0.3611111111111111,8,0.5333333333333333,5,0.3125,57,0.5533980582524272,103,0.7572815533980582,0.24271844660194175,21.66,0.21,35,0.33980582524271846,78,25.32,0.32,48,0.6153846153846154,25,-3.66,-0.15,9,0.36,35,0.7142857142857143,0.2857142857142857,-10.29,-0.29,10,0.2857142857142857,25,-4.39,-0.18,8,0.32,10,-5.9,-0.59,2,0.2,5,1,4,16,5,11,-12.0,-0.75,0.3125,0.0625,0.25,0.3125,0.6875,51,0.5425531914893617,10.53,0.11,94,11,0.44,-0.87,-0.03,25,401282259,2021,11
242,Rice Owls,56,0.4148148148148148,34,0.4358974358974359,22,0.38596491228070173,5,0.4166666666666667,11,0.4583333333333333,43,0.39814814814814814,108,0.5185185185185185,0.48148148148148145,-1.31,-0.01,25,0.23148148148148148,56,3.35,0.06,24,0.42857142857142855,52,-4.65,-0.09,19,0.36538461538461536,32,0.4375,0.5625,-11.22,-0.35,6,0.1875,14,-6.95,-0.5,2,0.14285714285714285,18,-4.27,-0.24,4,0.2222222222222222,13,10,3,27,22,5,2.05,0.08,0.48148148148148145,0.37037037037037035,0.1111111111111111,0.8148148148148148,0.18518518518518517,44,0.44,3.51,0.04,100,12,0.34285714285714286,-2.76,-0.08,35,401282259,2021,11
324,Coastal Carolina Chanticleers,34,0.4722222222222222,15,0.45454545454545453,19,0.48717948717948717,7,0.4375,9,0.5625,25,0.44642857142857145,56,0.4642857142857143,0.5357142857142857,9.13,0.16,15,0.26785714285714285,26,6.56,0.25,14,0.5384615384615384,30,2.57,0.09,11,0.36666666666666664,15,0.13333333333333333,0.8666666666666667,1.93,0.13,6,0.4,2,-1.82,-0.91,0,0.0,13,3.74,0.29,6,0.46153846153846156,9,1,8,16,7,9,0.13,0.01,0.5625,0.0625,0.5,0.4375,0.5625,24,0.5,4.21,0.09,48,10,0.4166666666666667,5.05,0.21,24,401309639,2021,11
2247,Georgia State Panthers,39,0.5909090909090909,15,0.6,24,0.5853658536585366,11,0.6470588235294118,6,0.5454545454545454,31,0.5849056603773585,53,0.3584905660377358,0.6415094339622641,14.51,0.27,11,0.20754716981132076,19,5.88,0.31,10,0.5263157894736842,34,8.63,0.25,21,0.6176470588235294,4,0.75,0.25,-3.23,-0.81,0,0.0,3,-3.23,-1.08,0,0.0,1,-0.01,-0.01,0,0.0,8,5,3,13,6,7,6.49,0.5,0.6153846153846154,0.38461538461538464,0.23076923076923078,0.46153846153846156,0.5384615384615384,32,0.5925925925925926,18.54,0.34,54,7,0.5833333333333334,2.45,0.2,12,401309639,2021,11
6,South Alabama Jaguars,25,0.35714285714285715,16,0.4,9,0.3,1,0.1111111111111111,3,0.2,20,0.4,50,0.58,0.42,-18.66,-0.37,10,0.2,29,-10.67,-0.37,14,0.4827586206896552,21,-7.99,-0.38,6,0.2857142857142857,20,0.7,0.3,3.61,0.18,9,0.45,14,4.6,0.33,8,0.5714285714285714,6,-1.0,-0.17,1,0.16666666666666666,5,2,3,20,11,9,-14.67,-0.73,0.25,0.1,0.15,0.55,0.45,21,0.4666666666666667,-5.81,-0.13,45,4,0.16,-27.52,-1.1,25,401309637,2021,11
2026,Appalachian State Mountaineers,24,0.38095238095238093,11,0.4230769230769231,13,0.35135135135135137,5,0.4166666666666667,5,0.35714285714285715,16,0.34782608695652173,46,0.3695652173913043,0.6304347826086957,-1.28,-0.03,8,0.17391304347826086,17,4.56,0.27,8,0.47058823529411764,29,-5.83,-0.2,8,0.27586206896551724,10,0.5,0.5,-3.86,-0.39,2,0.2,5,-2.8,-0.56,2,0.4,5,-1.06,-0.21,0,0.0,8,3,5,17,9,8,6.03,0.35,0.47058823529411764,0.17647058823529413,0.29411764705882354,0.5294117647058824,0.47058823529411764,23,0.46938775510204084,14.16,0.29,49,1,0.07142857142857142,-9.42,-0.67,14,401309637,2021,11
290,Georgia Southern Eagles,24,0.3582089552238806,11,0.44,12,0.2926829268292683,3,0.2727272727272727,6,0.42857142857142855,17,0.3269230769230769,52,0.34615384615384615,0.6538461538461539,0.49,0.01,10,0.19230769230769232,18,6.45,0.36,8,0.4444444444444444,34,-5.96,-0.18,9,0.2647058823529412,12,0.25,0.75,-1.74,-0.14,4,0.3333333333333333,3,3.56,1.19,3,1.0,9,-5.3,-0.59,1,0.1111111111111111,7,3,3,15,7,7,8.7,0.58,0.4666666666666667,0.2,0.2,0.4666666666666667,0.4666666666666667,13,0.34210526315789475,0.53,0.01,38,11,0.3793103448275862,8.66,0.3,29,401309640,2021,11
326,Texas State Bobcats,37,0.4625,21,0.45652173913043476,16,0.47058823529411764,4,0.5,7,0.3888888888888889,27,0.4576271186440678,59,0.559322033898305,0.4406779661016949,1.2,0.02,14,0.23728813559322035,33,2.11,0.06,16,0.48484848484848486,26,-0.91,-0.04,11,0.4230769230769231,10,0.9,0.1,-5.79,-0.58,2,0.2,9,-4.83,-0.54,2,0.2222222222222222,1,-0.96,-0.96,0,0.0,10,5,5,21,13,8,2.35,0.11,0.47619047619047616,0.23809523809523808,0.23809523809523808,0.6190476190476191,0.38095238095238093,28,0.5185185185185185,5.71,0.11,54,9,0.34615384615384615,-2.16,-0.08,26,401309640,2021,11
2348,Louisiana Tech Bulldogs,36,0.5373134328358209,17,0.68,19,0.4523809523809524,7,0.5384615384615384,6,0.6666666666666666,29,0.5087719298245614,57,0.2982456140350877,0.7017543859649122,14.09,0.25,15,0.2631578947368421,17,11.46,0.67,11,0.6470588235294118,40,2.64,0.07,18,0.45,12,0.5833333333333334,0.4166666666666667,9.83,0.82,9,0.75,7,4.93,0.7,5,0.7142857142857143,5,4.9,0.98,4,0.8,7,6,1,10,8,2,9.56,0.96,0.7,0.6,0.1,0.8,0.2,26,0.52,11.9,0.24,50,10,0.5882352941176471,11.76,0.69,17,401282254,2021,11
2429,Charlotte 49ers,34,0.5151515151515151,21,0.5,13,0.5416666666666666,9,0.45,6,0.5454545454545454,27,0.5294117647058824,51,0.5686274509803921,0.43137254901960786,20.23,0.4,14,0.27450980392156865,29,16.63,0.57,15,0.5172413793103449,22,3.6,0.16,12,0.5454545454545454,11,0.45454545454545453,0.5454545454545454,0.26,0.02,5,0.45454545454545453,5,-1.83,-0.37,1,0.2,6,2.09,0.35,4,0.6666666666666666,7,6,1,15,13,2,6.24,0.42,0.4666666666666667,0.4,0.06666666666666667,0.8666666666666667,0.13333333333333333,23,0.5111111111111111,6.89,0.15,45,11,0.5238095238095238,19.58,0.93,21,401282254,2021,11
295,Old Dominion Monarchs,29,0.4027777777777778,13,0.38235294117647056,16,0.42105263157894735,5,0.2777777777777778,3,0.23076923076923078,25,0.43103448275862066,58,0.39655172413793105,0.603448275862069,5.82,0.1,14,0.2413793103448276,23,8.71,0.38,10,0.43478260869565216,35,-2.89,-0.08,15,0.42857142857142855,4,0.25,0.75,1.14,0.28,2,0.5,1,-1.45,-1.45,0,0.0,3,2.59,0.86,2,0.6666666666666666,4,3,1,14,11,3,-2.51,-0.18,0.2857142857142857,0.21428571428571427,0.07142857142857142,0.7857142857142857,0.21428571428571427,23,0.4423076923076923,3.07,0.06,52,6,0.3,0.25,0.01,20,401282256,2021,11
2226,Florida Atlantic Owls,24,0.4528301886792453,8,0.4444444444444444,16,0.48484848484848486,1,0.2,4,0.36363636363636365,20,0.4878048780487805,41,0.2926829268292683,0.6585365853658537,-2.3,-0.06,7,0.17073170731707318,12,1.88,0.16,7,0.5833333333333334,27,-2.24,-0.08,13,0.48148148148148145,7,0.5714285714285714,0.42857142857142855,-3.1,-0.44,2,0.2857142857142857,4,-2.08,-0.52,1,0.25,3,-1.02,-0.34,1,0.3333333333333333,4,1,3,12,6,6,-0.46,-0.04,0.3333333333333333,0.08333333333333333,0.25,0.5,0.5,22,0.5365853658536586,7.71,0.19,41,2,0.16666666666666666,-10.47,-0.87,12,401282256,2021,11
5,UAB Blazers,36,0.4864864864864865,12,0.5454545454545454,24,0.46153846153846156,4,1.0,11,0.5789473684210527,25,0.45454545454545453,55,0.21818181818181817,0.7818181818181819,0.43,0.01,10,0.18181818181818182,12,5.03,0.42,5,0.4166666666666667,43,-4.6,-0.11,20,0.46511627906976744,5,0.6,0.4,-3.06,-0.61,1,0.2,3,-2.9,-0.97,0,0.0,2,-0.17,-0.08,1,0.5,11,7,4,19,10,9,8.02,0.42,0.5789473684210527,0.3684210526315789,0.21052631578947367,0.5263157894736842,0.47368421052631576,26,0.5416666666666666,6.63,0.14,48,10,0.38461538461538464,1.82,0.07,26,401282257,2021,11
276,Marshall Thundering Herd,29,0.453125,21,0.4883720930232558,8,0.38095238095238093,1,0.5,2,0.16666666666666666,26,0.52,50,0.66,0.34,8.37,0.17,12,0.24,33,11.72,0.36,19,0.5757575757575758,17,-3.35,-0.2,7,0.4117647058823529,16,0.8125,0.1875,2.07,0.13,8,0.5,13,1.94,0.15,6,0.46153846153846156,3,0.12,0.04,2,0.6666666666666666,3,2,1,14,10,4,-15.7,-1.12,0.21428571428571427,0.14285714285714285,0.07142857142857142,0.7142857142857143,0.2857142857142857,20,0.45454545454545453,-7.57,-0.17,44,9,0.45,0.24,0.01,20,401282257,2021,11
52,Florida State Seminoles,31,0.4189189189189189,11,0.3793103448275862,20,0.4444444444444444,5,0.3125,4,0.26666666666666666,25,0.43859649122807015,57,0.3157894736842105,0.6842105263157895,7.37,0.13,14,0.24561403508771928,18,3.2,0.18,6,0.3333333333333333,39,4.17,0.11,19,0.48717948717948717,13,0.38461538461538464,0.6153846153846154,0.52,0.04,5,0.38461538461538464,5,-0.63,-0.13,1,0.2,8,1.16,0.14,4,0.5,6,5,1,17,11,6,-2.66,-0.16,0.35294117647058826,0.29411764705882354,0.058823529411764705,0.6470588235294118,0.35294117647058826,27,0.5094339622641509,10.63,0.2,53,4,0.19047619047619047,-5.92,-0.28,21,401282685,2021,11
2390,Miami Hurricanes,27,0.38571428571428573,19,0.38,8,0.4,4,0.4,7,0.4375,16,0.32,50,0.68,0.32,-5.1,-0.1,8,0.16,34,-1.64,-0.05,11,0.3235294117647059,16,-3.46,-0.22,5,0.3125,4,1.0,0.0,-0.38,-0.1,1,0.25,4,-0.38,-0.1,1,0.25,,,,,,11,8,3,20,16,4,9.82,0.49,0.55,0.4,0.15,0.8,0.2,15,0.35714285714285715,0.58,0.01,42,12,0.42857142857142855,4.14,0.15,28,401282685,2021,11
59,Georgia Tech Yellow Jackets,37,0.5522388059701493,14,0.45161290322580644,23,0.6388888888888888,6,0.5454545454545454,6,0.5454545454545454,30,0.5660377358490566,53,0.41509433962264153,0.5849056603773585,5.23,0.1,12,0.22641509433962265,22,-5.6,-0.25,10,0.45454545454545453,31,10.83,0.35,20,0.6451612903225806,11,0.45454545454545453,0.5454545454545454,1.1,0.1,6,0.5454545454545454,5,-1.5,-0.3,3,0.6,6,2.6,0.43,3,0.5,7,4,3,14,9,5,-1.42,-0.1,0.5,0.2857142857142857,0.21428571428571427,0.6428571428571429,0.35714285714285715,32,0.6274509803921569,15.9,0.31,51,5,0.3125,-12.09,-0.76,16,401282686,2021,11
103,Boston College Eagles,25,0.45454545454545453,12,0.631578947368421,13,0.3611111111111111,3,0.3333333333333333,4,0.5,21,0.44680851063829785,47,0.2978723404255319,0.7021276595744681,16.37,0.35,13,0.2765957446808511,14,19.65,1.4,9,0.6428571428571429,33,-3.28,-0.1,12,0.36363636363636365,5,0.4,0.6,5.64,1.13,3,0.6,2,2.54,1.27,1,0.5,3,3.09,1.03,2,0.6666666666666666,4,3,1,8,5,3,9.0,1.13,0.5,0.375,0.125,0.625,0.375,15,0.40540540540540543,7.89,0.21,37,10,0.5555555555555556,17.48,0.97,18,401282686,2021,11
259,Virginia Tech Hokies,27,0.4909090909090909,9,0.5294117647058824,18,0.47368421052631576,4,1.0,4,0.4,22,0.5116279069767442,43,0.2558139534883721,0.7441860465116279,16.27,0.38,11,0.2558139534883721,11,8.85,0.8,6,0.5454545454545454,32,7.42,0.23,16,0.5,11,0.2727272727272727,0.7272727272727273,0.12,0.01,3,0.2727272727272727,3,-1.02,-0.34,0,0.0,8,1.14,0.14,3,0.375,5,3,2,12,6,6,2.69,0.22,0.4166666666666667,0.25,0.16666666666666666,0.5,0.5,20,0.6060606060606061,14.61,0.44,33,7,0.3181818181818182,4.35,0.2,22,401282689,2021,11
150,Duke Blue Devils,29,0.3815789473684211,10,0.3225806451612903,19,0.4318181818181818,2,0.3333333333333333,8,0.47058823529411764,21,0.3684210526315789,57,0.42105263157894735,0.5789473684210527,-1.78,-0.03,9,0.15789473684210525,24,0.82,0.03,9,0.375,33,-2.6,-0.08,12,0.36363636363636365,9,0.7777777777777778,0.2222222222222222,-3.77,-0.42,2,0.2222222222222222,7,-2.99,-0.43,1,0.14285714285714285,2,-0.78,-0.39,1,0.5,8,1,7,19,7,11,-12.42,-0.65,0.42105263157894735,0.05263157894736842,0.3684210526315789,0.3684210526315789,0.5789473684210527,19,0.3958333333333333,-2.33,-0.05,48,10,0.35714285714285715,-11.87,-0.42,28,401282689,2021,11
2641,Texas Tech Red Raiders,33,0.5,18,0.5454545454545454,15,0.45454545454545453,6,0.5,9,0.6428571428571429,23,0.46938775510204084,49,0.5102040816326531,0.4897959183673469,3.38,0.07,11,0.22448979591836735,25,1.61,0.06,12,0.48,24,1.77,0.07,11,0.4583333333333333,12,0.5833333333333334,0.4166666666666667,8.44,0.7,8,0.6666666666666666,7,4.61,0.66,5,0.7142857142857143,5,3.83,0.77,3,0.6,10,6,4,17,8,9,8.68,0.51,0.5882352941176471,0.35294117647058826,0.23529411764705882,0.47058823529411764,0.5294117647058824,23,0.4791666666666667,1.09,0.02,48,10,0.5555555555555556,10.98,0.61,18,401287942,2021,11
66,Iowa State Cyclones,37,0.5522388059701493,28,0.6511627906976745,9,0.375,6,0.5,5,0.5,31,0.5535714285714286,56,0.6071428571428571,0.39285714285714285,14.16,0.25,14,0.25,34,14.28,0.42,22,0.6470588235294118,22,-0.12,-0.01,9,0.4090909090909091,9,0.7777777777777778,0.2222222222222222,2.1,0.23,5,0.5555555555555556,7,-0.43,-0.06,4,0.5714285714285714,2,2.53,1.26,1,0.5,6,6,0,11,9,2,5.38,0.49,0.5454545454545454,0.5454545454545454,0.0,0.8181818181818182,0.18181818181818182,28,0.5957446808510638,8.01,0.17,47,9,0.45,11.54,0.58,20,401287942,2021,11
309,Louisiana Ragin' Cajuns,29,0.4603174603174603,8,0.3333333333333333,21,0.5384615384615384,8,0.6666666666666666,5,0.35714285714285715,21,0.4666666666666667,45,0.35555555555555557,0.6444444444444445,6.7,0.15,8,0.17777777777777778,16,2.1,0.13,5,0.3125,29,4.61,0.16,16,0.5517241379310345,9,0.3333333333333333,0.6666666666666666,6.06,0.67,3,0.3333333333333333,3,8.23,2.74,3,1.0,6,-2.17,-0.36,0,0.0,8,3,5,18,8,10,6.43,0.36,0.4444444444444444,0.16666666666666666,0.2777777777777778,0.4444444444444444,0.5555555555555556,24,0.6,17.56,0.44,40,5,0.21739130434782608,-4.43,-0.19,23,401309641,2021,11
2653,Troy Trojans,28,0.36363636363636365,22,0.39285714285714285,6,0.2857142857142857,4,0.5,7,0.3888888888888889,16,0.2962962962962963,54,0.6666666666666666,0.3333333333333333,-21.33,-0.4,8,0.14814814814814814,36,-15.14,-0.42,11,0.3055555555555556,18,-6.19,-0.34,5,0.2777777777777778,7,0.5714285714285714,0.42857142857142855,-4.73,-0.68,1,0.14285714285714285,4,-1.98,-0.49,1,0.25,3,-2.75,-0.92,0,0.0,12,11,1,23,20,3,26.67,1.16,0.5217391304347826,0.4782608695652174,0.043478260869565216,0.8695652173913043,0.13043478260869565,13,0.3170731707317073,-16.64,-0.41,41,15,0.4166666666666667,21.98,0.61,36,401309641,2021,11
2579,South Carolina Gamecocks,25,0.3968253968253968,13,0.43333333333333335,12,0.375,4,0.5714285714285714,7,0.5833333333333334,16,0.3333333333333333,48,0.4375,0.5416666666666666,-21.45,-0.45,5,0.10416666666666667,21,-4.2,-0.2,8,0.38095238095238093,26,-9.86,-0.38,8,0.3076923076923077,9,0.5555555555555556,0.4444444444444444,-3.63,-0.4,2,0.2222222222222222,5,-1.93,-0.39,1,0.2,4,-1.7,-0.42,1,0.25,9,5,4,15,9,6,14.28,0.95,0.6,0.3333333333333333,0.26666666666666666,0.6,0.4,15,0.36585365853658536,-10.25,-0.25,41,10,0.45454545454545453,3.08,0.14,22,401282132,2021,11
142,Missouri Tigers,38,0.5507246376811594,9,0.375,29,0.6444444444444445,6,0.6666666666666666,8,0.5714285714285714,30,0.5454545454545454,55,0.2727272727272727,0.7272727272727273,5.67,0.1,11,0.2,15,-0.85,-0.06,6,0.4,40,6.52,0.16,24,0.6,11,0.6363636363636364,0.36363636363636365,0.73,0.07,4,0.36363636363636365,7,-0.35,-0.05,2,0.2857142857142857,4,1.08,0.27,2,0.5,8,3,5,14,9,5,-1.71,-0.12,0.5714285714285714,0.21428571428571427,0.35714285714285715,0.6428571428571429,0.35714285714285715,33,0.5789473684210527,10.29,0.18,57,5,0.4166666666666667,-6.33,-0.53,12,401282132,2021,11
249,North Texas Mean Green,31,0.3875,13,0.40625,18,0.375,4,0.36363636363636365,8,0.4,20,0.35714285714285715,56,0.2857142857142857,0.7142857142857143,-0.11,-0.0,10,0.17857142857142858,16,5.78,0.36,7,0.4375,40,-5.89,-0.15,13,0.325,15,0.4,0.6,0.62,0.04,8,0.5333333333333333,6,-1.36,-0.23,1,0.16666666666666666,9,1.98,0.22,7,0.7777777777777778,11,6,5,24,16,8,2.98,0.12,0.4583333333333333,0.25,0.20833333333333334,0.6666666666666666,0.3333333333333333,23,0.39655172413793105,-0.29,-0.0,58,8,0.36363636363636365,3.16,0.14,22,401282258,2021,11
2638,UTEP Miners,24,0.39344262295081966,13,0.40625,11,0.3793103448275862,1,0.16666666666666666,5,0.3333333333333333,19,0.4222222222222222,45,0.4444444444444444,0.5555555555555556,8.58,0.19,8,0.17777777777777778,20,6.37,0.32,9,0.45,25,2.22,0.09,10,0.4,12,0.5833333333333334,0.4166666666666667,-4.99,-0.42,3,0.25,7,-5.74,-0.82,0,0.0,5,0.75,0.15,3,0.6,5,4,1,16,12,4,-10.91,-0.68,0.3125,0.25,0.0625,0.75,0.25,19,0.48717948717948717,8.08,0.21,39,5,0.22727272727272727,-10.41,-0.47,22,401282258,2021,11
120,Maryland Terrapins,36,0.4931506849315068,25,0.4807692307692308,11,0.5238095238095238,3,0.42857142857142855,4,0.3076923076923077,30,0.5454545454545454,55,0.7090909090909091,0.2909090909090909,4.06,0.07,15,0.2727272727272727,39,-0.84,-0.02,21,0.5384615384615384,16,4.9,0.31,9,0.5625,9,0.8888888888888888,0.1111111111111111,3.98,0.44,8,0.8888888888888888,8,3.9,0.49,7,0.875,1,0.08,0.08,1,1.0,6,4,2,18,13,5,-3.04,-0.17,0.3333333333333333,0.2222222222222222,0.1111111111111111,0.7222222222222222,0.2777777777777778,29,0.5686274509803921,7.05,0.14,51,7,0.3181818181818182,-6.03,-0.27,22,401282771,2021,11
127,Michigan State Spartans,40,0.5405405405405406,19,0.59375,21,0.5,11,0.5789473684210527,8,0.6153846153846154,31,0.5166666666666667,60,0.38333333333333336,0.6166666666666667,9.62,0.16,17,0.2833333333333333,23,7.33,0.32,14,0.6086956521739131,37,2.29,0.06,17,0.4594594594594595,14,0.5714285714285714,0.42857142857142855,4.71,0.34,10,0.7142857142857143,8,3.15,0.39,6,0.75,6,1.56,0.26,4,0.6666666666666666,9,5,4,14,9,5,6.92,0.49,0.6428571428571429,0.35714285714285715,0.2857142857142857,0.6428571428571429,0.35714285714285715,34,0.5573770491803278,17.03,0.28,61,6,0.46153846153846156,-0.49,-0.04,13,401282771,2021,11
2655,Tulane Green Wave,17,0.288135593220339,8,0.25806451612903225,9,0.32142857142857145,1,0.16666666666666666,1,0.07692307692307693,16,0.35555555555555557,45,0.4888888888888889,0.5111111111111111,3.03,0.07,8,0.17777777777777778,22,5.45,0.25,8,0.36363636363636365,23,-2.42,-0.11,8,0.34782608695652173,7,0.2857142857142857,0.7142857142857143,-3.61,-0.52,1,0.14285714285714285,2,-1.97,-0.99,0,0.0,5,-1.64,-0.33,1,0.2,1,0,1,14,9,5,-13.44,-0.96,0.07142857142857142,0.0,0.07142857142857142,0.6428571428571429,0.35714285714285715,11,0.34375,-6.85,-0.21,32,6,0.2222222222222222,-3.55,-0.13,27,401301044,2021,11
202,Tulsa Golden Hurricane,22,0.2972972972972973,11,0.3333333333333333,11,0.2682926829268293,2,0.2222222222222222,7,0.4117647058823529,14,0.25,56,0.35714285714285715,0.6428571428571429,-16.13,-0.29,8,0.14285714285714285,20,-12.02,-0.6,5,0.25,36,-4.11,-0.11,9,0.25,14,0.7142857142857143,0.2857142857142857,-0.12,-0.01,6,0.42857142857142855,10,5.03,0.5,5,0.5,4,-5.15,-1.29,1,0.25,8,6,2,18,13,5,3.94,0.22,0.4444444444444444,0.3333333333333333,0.1111111111111111,0.7222222222222222,0.2777777777777778,16,0.3137254901960784,-5.81,-0.11,51,6,0.2608695652173913,-6.38,-0.28,23,401301044,2021,11
2433,UL Monroe Warhawks,22,0.29333333333333333,10,0.24390243902439024,12,0.35294117647058826,2,0.4,6,0.3333333333333333,15,0.26785714285714285,56,0.48214285714285715,0.5178571428571429,-12.13,-0.22,8,0.14285714285714285,27,-11.43,-0.42,6,0.2222222222222222,29,-0.7,-0.02,9,0.3103448275862069,14,0.35714285714285715,0.6428571428571429,10.44,0.75,6,0.42857142857142855,5,0.84,0.17,1,0.2,9,9.6,1.07,5,0.5555555555555556,7,4,3,19,14,5,4.7,0.25,0.3684210526315789,0.21052631578947367,0.15789473684210525,0.7368421052631579,0.2631578947368421,14,0.358974358974359,1.82,0.05,39,8,0.2222222222222222,-9.25,-0.26,36,401309638,2021,11
2032,Arkansas State Red Wolves,31,0.38271604938271603,22,0.44,9,0.2903225806451613,2,0.2857142857142857,5,0.29411764705882354,25,0.4166666666666667,60,0.5833333333333334,0.4166666666666667,7.19,0.12,14,0.23333333333333334,35,8.88,0.25,17,0.4857142857142857,25,-1.69,-0.07,8,0.32,8,0.5,0.5,-6.57,-0.82,1,0.125,4,-1.91,-0.48,1,0.25,4,-4.66,-1.16,0,0.0,6,5,1,21,15,6,-9.94,-0.47,0.2857142857142857,0.23809523809523808,0.047619047619047616,0.7142857142857143,0.2857142857142857,21,0.375,-12.71,-0.23,56,10,0.4,9.95,0.4,25,401309638,2021,11
24,Stanford Cardinal,21,0.4375,8,0.36363636363636365,13,0.5,3,0.5,5,0.45454545454545453,14,0.4,35,0.42857142857142855,0.5714285714285714,-7.7,-0.22,7,0.2,15,-1.64,-0.11,5,0.3333333333333333,20,-6.06,-0.3,9,0.45,6,0.6666666666666666,0.3333333333333333,1.4,0.23,4,0.6666666666666666,4,-0.89,-0.22,2,0.5,2,2.28,1.14,2,1.0,7,3,4,13,7,6,8.01,0.62,0.5384615384615384,0.23076923076923078,0.3076923076923077,0.5384615384615384,0.46153846153846156,13,0.43333333333333335,1.53,0.05,30,8,0.4444444444444444,-1.23,-0.07,18,401309894,2021,11
204,Oregon State Beavers,40,0.5333333333333333,15,0.6,25,0.5,7,0.6363636363636364,11,0.6875,27,0.48214285714285715,56,0.35714285714285715,0.6428571428571429,6.45,0.12,13,0.23214285714285715,20,7.0,0.35,11,0.55,36,-0.55,-0.02,16,0.4444444444444444,13,0.38461538461538464,0.6153846153846154,11.04,0.85,8,0.6153846153846154,5,10.05,2.01,4,0.8,8,0.99,0.12,4,0.5,13,4,9,19,5,14,17.2,0.91,0.6842105263157895,0.21052631578947367,0.47368421052631576,0.2631578947368421,0.7368421052631579,27,0.5094339622641509,13.53,0.26,53,13,0.5909090909090909,10.12,0.46,22,401309894,2021,11
238,Vanderbilt Commodores,21,0.3559322033898305,12,0.36363636363636365,9,0.34615384615384615,3,0.2727272727272727,6,0.46153846153846156,13,0.3023255813953488,43,0.4186046511627907,0.5813953488372093,-12.24,-0.28,10,0.23255813953488372,18,-12.65,-0.7,5,0.2777777777777778,25,0.41,0.02,8,0.32,4,0.5,0.5,-2.74,-0.69,0,0.0,2,-1.7,-0.85,0,0.0,2,-1.04,-0.52,0,0.0,8,7,1,16,15,1,12.69,0.79,0.5,0.4375,0.0625,0.9375,0.0625,13,0.3611111111111111,-4.56,-0.13,36,8,0.34782608695652173,5.01,0.22,23,401282134,2021,11
96,Kentucky Wildcats,32,0.5714285714285714,12,0.5217391304347826,20,0.6060606060606061,3,0.3,4,0.4444444444444444,27,0.6,45,0.4222222222222222,0.5777777777777777,16.85,0.37,16,0.35555555555555557,19,7.36,0.39,11,0.5789473684210527,26,9.49,0.37,16,0.6153846153846154,12,0.6666666666666666,0.3333333333333333,-1.73,-0.14,4,0.3333333333333333,8,-2.3,-0.29,2,0.25,4,0.58,0.14,2,0.5,5,1,4,11,4,7,-0.3,-0.03,0.45454545454545453,0.09090909090909091,0.36363636363636365,0.36363636363636365,0.6363636363636364,26,0.6046511627906976,17.45,0.41,43,6,0.46153846153846156,-0.91,-0.07,13,401282134,2021,11
264,Washington Huskies,30,0.47619047619047616,14,0.42424242424242425,16,0.5333333333333333,10,0.9090909090909091,4,0.3333333333333333,25,0.5208333333333334,48,0.4791666666666667,0.5208333333333334,9.51,0.2,9,0.1875,23,7.29,0.32,12,0.5217391304347826,25,2.22,0.09,13,0.52,12,0.8333333333333334,0.16666666666666666,-0.48,-0.04,5,0.4166666666666667,10,-1.93,-0.19,3,0.3,2,1.45,0.73,2,1.0,5,2,3,15,10,5,-7.84,-0.52,0.3333333333333333,0.13333333333333333,0.2,0.6666666666666666,0.3333333333333333,24,0.5714285714285714,6.71,0.16,42,6,0.2857142857142857,-5.04,-0.24,21,401309897,2021,11
9,Arizona State Sun Devils,42,0.5833333333333334,8,0.4,34,0.6538461538461539,9,0.6,3,0.25,37,0.6491228070175439,57,0.19298245614035087,0.8070175438596491,18.1,0.32,17,0.2982456140350877,11,0.27,0.02,6,0.5454545454545454,46,17.83,0.39,31,0.6739130434782609,11,0.6363636363636364,0.36363636363636365,4.18,0.38,7,0.6363636363636364,7,1.24,0.18,4,0.5714285714285714,4,2.94,0.73,3,0.75,5,2,3,15,9,6,-9.52,-0.63,0.3333333333333333,0.13333333333333333,0.2,0.6,0.4,37,0.6491228070175439,12.49,0.22,57,5,0.3333333333333333,-3.91,-0.26,15,401309897,2021,11
2005,Air Force Falcons,37,0.49333333333333335,3,0.2727272727272727,34,0.53125,7,0.5,7,0.4666666666666667,26,0.4642857142857143,56,0.08928571428571429,0.9107142857142857,10.57,0.19,11,0.19642857142857142,5,5.77,1.15,2,0.4,51,4.79,0.09,24,0.47058823529411764,21,0.2857142857142857,0.7142857142857143,0.17,0.01,7,0.3333333333333333,6,-2.54,-0.42,1,0.16666666666666666,15,2.71,0.18,6,0.4,11,1,10,19,6,13,10.83,0.57,0.5789473684210527,0.05263157894736842,0.5263157894736842,0.3157894736842105,0.6842105263157895,28,0.509090909090909,13.45,0.24,55,9,0.45,7.95,0.4,20,401310741,2021,11
36,Colorado State Rams,25,0.43859649122807015,10,0.45454545454545453,15,0.42857142857142855,4,0.25,5,0.38461538461538464,19,0.4523809523809524,42,0.30952380952380953,0.6904761904761905,5.31,0.13,9,0.21428571428571427,13,4.76,0.37,8,0.6153846153846154,29,0.55,0.02,11,0.3793103448275862,3,1.0,0.0,-0.48,-0.16,2,0.6666666666666666,3,-0.48,-0.16,2,0.6666666666666666,,,,,,6,2,4,15,9,6,-6.42,-0.43,0.4,0.13333333333333333,0.26666666666666666,0.6,0.4,21,0.525,6.53,0.16,40,4,0.23529411764705882,-7.63,-0.45,17,401310741,2021,11
278,Fresno State Bulldogs,36,0.5142857142857142,18,0.5294117647058824,18,0.5,5,0.5555555555555556,10,0.5882352941176471,25,0.4807692307692308,52,0.5,0.5,1.81,0.03,8,0.15384615384615385,26,3.61,0.14,14,0.5384615384615384,26,-1.81,-0.07,11,0.4230769230769231,9,0.6666666666666666,0.3333333333333333,-3.04,-0.34,2,0.2222222222222222,6,-3.44,-0.57,1,0.16666666666666666,3,0.4,0.13,1,0.3333333333333333,11,4,7,18,8,10,8.35,0.46,0.6111111111111112,0.2222222222222222,0.3888888888888889,0.4444444444444444,0.5555555555555556,30,0.5454545454545454,5.08,0.09,55,6,0.4,5.08,0.34,15,401310743,2021,11
167,New Mexico Lobos,12,0.2608695652173913,1,0.125,11,0.2894736842105263,1,0.5,3,0.25,9,0.2727272727272727,33,0.18181818181818182,0.8181818181818182,-11.98,-0.36,3,0.09090909090909091,6,-4.44,-0.74,1,0.16666666666666666,27,-7.54,-0.28,8,0.2962962962962963,11,0.18181818181818182,0.8181818181818182,3.34,0.3,6,0.5454545454545454,2,2.94,1.47,1,0.5,9,0.41,0.05,5,0.5555555555555556,3,0,3,13,2,11,-2.45,-0.19,0.23076923076923078,0.0,0.23076923076923078,0.15384615384615385,0.8461538461538461,12,0.3870967741935484,-5.08,-0.16,31,0,0.0,-9.34,-0.62,15,401310743,2021,11
251,Texas Longhorns,44,0.5714285714285714,27,0.5625,17,0.5862068965517241,7,0.875,7,0.7,37,0.5522388059701493,67,0.5970149253731343,0.40298507462686567,14.49,0.22,17,0.2537313432835821,40,11.37,0.28,22,0.55,27,3.12,0.12,15,0.5555555555555556,18,0.5555555555555556,0.4444444444444444,-3.22,-0.18,8,0.4444444444444444,10,-4.55,-0.45,4,0.4,8,1.32,0.17,4,0.5,7,5,2,10,8,2,14.65,1.46,0.7,0.5,0.2,0.8,0.2,33,0.6,17.54,0.32,55,11,0.5,11.6,0.53,22,401287941,2021,11
2305,Kansas Jayhawks,31,0.43661971830985913,15,0.4838709677419355,16,0.4,9,0.6,10,0.625,21,0.39622641509433965,53,0.33962264150943394,0.660377358490566,4.07,0.08,9,0.16981132075471697,18,-1.03,-0.06,7,0.3888888888888889,35,5.1,0.15,14,0.4,7,0.42857142857142855,0.5714285714285714,9.29,1.33,3,0.42857142857142855,3,3.59,1.2,1,0.3333333333333333,4,5.7,1.42,2,0.5,10,8,2,18,13,5,8.52,0.47,0.5555555555555556,0.4444444444444444,0.1111111111111111,0.7222222222222222,0.2777777777777778,23,0.46,3.92,0.08,50,8,0.38095238095238093,8.67,0.41,21,401287941,2021,11
38,Colorado Buffaloes,32,0.43243243243243246,11,0.3548387096774194,21,0.4883720930232558,6,0.4,4,0.3076923076923077,28,0.4827586206896552,58,0.3793103448275862,0.6206896551724138,3.97,0.07,14,0.2413793103448276,22,2.42,0.11,10,0.45454545454545453,36,1.55,0.04,18,0.5,13,0.46153846153846156,0.5384615384615384,-0.82,-0.06,5,0.38461538461538464,6,-2.54,-0.42,2,0.3333333333333333,7,1.72,0.25,3,0.42857142857142855,4,1,3,16,9,7,-10.23,-0.64,0.25,0.0625,0.1875,0.5625,0.4375,25,0.423728813559322,-11.18,-0.19,59,7,0.4666666666666667,4.92,0.33,15,401309898,2021,11
26,UCLA Bruins,36,0.5538461538461539,15,0.5555555555555556,21,0.5526315789473685,8,0.5333333333333333,4,0.4,32,0.5818181818181818,55,0.41818181818181815,0.5818181818181818,27.89,0.51,19,0.34545454545454546,23,11.75,0.51,14,0.6086956521739131,32,16.14,0.5,18,0.5625,16,0.4375,0.5625,8.36,0.52,11,0.6875,7,4.05,0.58,5,0.7142857142857143,9,4.31,0.48,6,0.6666666666666666,4,1,3,10,4,6,-3.96,-0.4,0.4,0.1,0.3,0.4,0.6,30,0.6,27.39,0.55,50,6,0.4,-3.47,-0.23,15,401309898,2021,11
328,Utah State Aggies,33,0.4074074074074074,16,0.4444444444444444,17,0.37777777777777777,7,0.35,7,0.4117647058823529,26,0.40625,64,0.390625,0.609375,4.77,0.07,9,0.140625,25,7.19,0.29,12,0.48,39,-2.43,-0.06,14,0.358974358974359,13,0.38461538461538464,0.6153846153846154,-4.38,-0.34,3,0.23076923076923078,5,-4.32,-0.86,0,0.0,8,-0.06,-0.01,3,0.375,7,4,3,17,11,6,-6.64,-0.39,0.4117647058823529,0.23529411764705882,0.17647058823529413,0.6470588235294118,0.35294117647058826,27,0.48214285714285715,9.81,0.18,56,6,0.24,-11.68,-0.47,25,401310744,2021,11
23,San José State Spartans,22,0.4074074074074074,14,0.4117647058823529,8,0.4,2,1.0,2,0.16666666666666666,20,0.4878048780487805,41,0.6097560975609756,0.3902439024390244,-13.42,-0.33,9,0.21951219512195122,25,-1.96,-0.08,13,0.52,16,-11.46,-0.72,7,0.4375,8,0.875,0.125,1.04,0.13,4,0.5,7,1.55,0.22,4,0.5714285714285714,1,-0.51,-0.51,0,0.0,2,1,1,13,9,4,-8.08,-0.62,0.15384615384615385,0.07692307692307693,0.07692307692307693,0.6923076923076923,0.3076923076923077,19,0.5135135135135135,-17.86,-0.48,37,3,0.17647058823529413,-3.64,-0.21,17,401310744,2021,11
2649,Toledo Rockets,23,0.4791666666666667,5,0.29411764705882354,18,0.5806451612903226,5,0.625,2,0.2222222222222222,20,0.5263157894736842,38,0.2894736842105263,0.7105263157894737,12.35,0.33,13,0.34210526315789475,11,4.07,0.37,5,0.45454545454545453,27,8.28,0.31,15,0.5555555555555556,4,0.5,0.5,-2.54,-0.63,0,0.0,2,-1.54,-0.77,0,0.0,2,-0.99,-0.5,0,0.0,3,0,3,10,6,4,3.09,0.31,0.3,0.0,0.3,0.6,0.4,21,0.6363636363636364,25.61,0.78,33,2,0.13333333333333333,-10.17,-0.68,15,401309589,2021,12
195,Ohio Bobcats,43,0.4725274725274725,18,0.4,25,0.5434782608695652,5,0.3333333333333333,9,0.42857142857142855,31,0.4696969696969697,66,0.5303030303030303,0.4696969696969697,2.8,0.04,15,0.22727272727272727,35,-0.65,-0.02,15,0.42857142857142855,31,3.45,0.11,16,0.5161290322580645,21,0.47619047619047616,0.5238095238095238,6.31,0.3,10,0.47619047619047616,10,5.18,0.52,5,0.5,11,1.13,0.1,5,0.45454545454545453,12,3,9,25,10,15,5.37,0.21,0.48,0.12,0.36,0.4,0.6,31,0.543859649122807,4.8,0.08,57,12,0.35294117647058826,3.37,0.1,34,401309589,2021,12
2199,Eastern Michigan Eagles,28,0.42424242424242425,10,0.38461538461538464,18,0.45,3,0.16666666666666666,2,0.14285714285714285,23,0.46938775510204084,49,0.32653061224489793,0.673469387755102,7.78,0.16,13,0.2653061224489796,16,5.41,0.34,8,0.5,33,2.36,0.07,15,0.45454545454545453,8,0.25,0.75,4.12,0.52,4,0.5,2,-0.25,-0.12,1,0.5,6,4.37,0.73,3,0.5,5,2,3,17,10,7,-1.58,-0.09,0.29411764705882354,0.11764705882352941,0.17647058823529413,0.5882352941176471,0.4117647058823529,22,0.4489795918367347,1.86,0.04,49,6,0.35294117647058826,4.33,0.25,17,401309588,2021,12
2711,Western Michigan Broncos,35,0.5384615384615384,17,0.53125,18,0.5454545454545454,4,0.5,5,0.5,30,0.5454545454545454,55,0.509090909090909,0.4909090909090909,4.67,0.08,18,0.32727272727272727,28,6.14,0.22,16,0.5714285714285714,27,-1.47,-0.05,14,0.5185185185185185,17,0.5294117647058824,0.47058823529411764,8.05,0.47,11,0.6470588235294118,9,2.72,0.3,5,0.5555555555555556,8,5.33,0.67,6,0.75,5,1,4,10,4,6,4.63,0.46,0.5,0.1,0.4,0.4,0.6,29,0.6304347826086957,18.01,0.39,46,6,0.3157894736842105,-8.71,-0.46,19,401309588,2021,12
193,Miami (OH) RedHawks,21,0.3684210526315789,8,0.34782608695652173,13,0.38235294117647056,3,0.75,3,0.25,18,0.4186046511627907,43,0.32558139534883723,0.6744186046511628,13.61,0.32,6,0.13953488372093023,14,13.33,0.95,6,0.42857142857142855,29,0.28,0.01,12,0.41379310344827586,10,0.7,0.3,9.89,0.99,6,0.6,7,9.1,1.3,4,0.5714285714285714,3,0.79,0.26,2,0.6666666666666666,3,2,1,14,9,5,-12.92,-0.92,0.21428571428571427,0.14285714285714285,0.07142857142857142,0.6428571428571429,0.35714285714285715,12,0.36363636363636365,4.79,0.15,33,9,0.375,-4.1,-0.17,24,401308841,2021,12
189,Bowling Green Falcons,15,0.23076923076923078,6,0.15789473684210525,9,0.3333333333333333,,,5,0.2777777777777778,10,0.2222222222222222,45,0.5111111111111111,0.4888888888888889,-12.69,-0.28,5,0.1111111111111111,23,-16.29,-0.71,2,0.08695652173913043,22,3.61,0.16,8,0.36363636363636365,9,0.8888888888888888,0.1111111111111111,-2.93,-0.33,1,0.1111111111111111,8,-2.58,-0.32,1,0.125,1,-0.36,-0.36,0,0.0,5,4,1,20,15,5,-8.72,-0.44,0.25,0.2,0.05,0.75,0.25,8,0.22857142857142856,-16.58,-0.47,35,7,0.23333333333333334,-4.83,-0.16,30,401308841,2021,12
2459,Northern Illinois Huskies,36,0.5,13,0.4642857142857143,23,0.5227272727272727,1,0.125,9,0.5625,25,0.46296296296296297,54,0.3333333333333333,0.6666666666666666,12.13,0.22,11,0.2037037037037037,18,0.25,0.01,9,0.5,36,11.88,0.33,16,0.4444444444444444,15,0.5333333333333333,0.4666666666666667,3.31,0.22,6,0.4,8,0.19,0.02,4,0.5,7,3.12,0.45,2,0.2857142857142857,11,4,7,18,10,8,13.2,0.73,0.6111111111111112,0.2222222222222222,0.3888888888888889,0.5555555555555556,0.4444444444444444,24,0.47058823529411764,15.22,0.3,51,12,0.5714285714285714,10.11,0.48,21,401309590,2021,12
2084,Buffalo Bulls,36,0.4864864864864865,13,0.5416666666666666,23,0.46,10,0.5882352941176471,8,0.4444444444444444,26,0.48148148148148145,54,0.2962962962962963,0.7037037037037037,7.12,0.13,9,0.16666666666666666,16,2.87,0.18,9,0.5625,38,4.25,0.11,17,0.4473684210526316,6,0.6666666666666666,0.3333333333333333,-4.58,-0.76,1,0.16666666666666666,4,-1.93,-0.48,1,0.25,2,-2.65,-1.32,0,0.0,10,4,6,20,8,12,1.78,0.09,0.5,0.2,0.3,0.4,0.6,27,0.4909090909090909,6.26,0.11,55,9,0.47368421052631576,2.64,0.14,19,401309590,2021,12
2050,Ball State Cardinals,34,0.43037974683544306,18,0.4,16,0.47058823529411764,4,0.5,4,0.23529411764705882,28,0.49122807017543857,57,0.5087719298245614,0.49122807017543857,-1.87,-0.03,12,0.21052631578947367,29,-0.65,-0.02,15,0.5172413793103449,28,-1.22,-0.04,13,0.4642857142857143,4,0.75,0.25,2.02,0.5,2,0.5,3,2.02,0.67,2,0.6666666666666666,1,-0.0,-0.0,0,0.0,6,3,3,22,16,6,-11.56,-0.53,0.2727272727272727,0.13636363636363635,0.13636363636363635,0.7272727272727273,0.2727272727272727,27,0.47368421052631576,-4.07,-0.07,57,7,0.3181818181818182,-9.37,-0.43,22,401309591,2021,12
2117,Central Michigan Chippewas,44,0.5116279069767442,17,0.53125,27,0.5,5,0.45454545454545453,5,0.45454545454545453,39,0.527027027027027,74,0.36486486486486486,0.6351351351351351,14.65,0.2,25,0.33783783783783783,27,7.14,0.26,14,0.5185185185185185,47,7.51,0.16,25,0.5319148936170213,19,0.42105263157894735,0.5789473684210527,-9.16,-0.48,4,0.21052631578947367,8,-5.97,-0.75,1,0.125,11,-3.18,-0.29,3,0.2727272727272727,5,3,2,12,5,7,-0.37,-0.03,0.4166666666666667,0.25,0.16666666666666666,0.4166666666666667,0.5833333333333334,39,0.5735294117647058,14.16,0.21,68,5,0.2777777777777778,0.12,0.01,18,401309591,2021,12
150,Duke Blue Devils,39,0.4875,24,0.48,15,0.5,4,0.3076923076923077,4,0.3076923076923077,34,0.53125,64,0.59375,0.40625,18.61,0.29,22,0.34375,38,12.52,0.33,21,0.5526315789473685,26,6.09,0.23,13,0.5,24,0.8333333333333334,0.16666666666666666,3.06,0.13,12,0.5,20,-0.97,-0.05,9,0.45,4,4.03,1.01,3,0.75,5,3,2,16,12,4,-9.68,-0.61,0.3125,0.1875,0.125,0.75,0.25,32,0.5333333333333333,14.47,0.24,60,7,0.35,-5.54,-0.28,20,401282691,2021,12
97,Louisville Cardinals,37,0.6065573770491803,16,0.6153846153846154,21,0.6,6,0.75,8,0.8,27,0.5510204081632653,49,0.40816326530612246,0.5918367346938775,18.05,0.37,13,0.2653061224489796,20,6.73,0.34,11,0.55,29,11.33,0.39,16,0.5517241379310345,7,0.42857142857142855,0.5714285714285714,4.13,0.59,2,0.2857142857142857,3,-1.39,-0.46,0,0.0,4,5.51,1.38,2,0.5,10,5,5,12,6,6,29.99,2.5,0.8333333333333334,0.4166666666666667,0.4166666666666667,0.5,0.5,27,0.6,31.81,0.71,45,10,0.625,16.24,1.01,16,401282691,2021,12
2439,UNLV Rebels,24,0.4067796610169492,19,0.5428571428571428,5,0.20833333333333334,1,0.1111111111111111,5,0.38461538461538464,19,0.4222222222222222,45,0.5555555555555556,0.4444444444444444,-1.87,-0.04,8,0.17777777777777778,25,6.34,0.25,15,0.6,20,-8.22,-0.41,4,0.2,10,0.6,0.4,5.6,0.56,6,0.6,6,6.0,1.0,4,0.6666666666666666,4,-0.39,-0.1,2,0.5,5,4,1,14,10,4,1.93,0.14,0.35714285714285715,0.2857142857142857,0.07142857142857142,0.7142857142857143,0.2857142857142857,14,0.358974358974359,1.69,0.04,39,10,0.5,-1.63,-0.08,20,401310751,2021,12
21,San Diego State Aztecs,19,0.3333333333333333,13,0.4642857142857143,6,0.20689655172413793,5,0.4166666666666667,3,0.25,14,0.32558139534883723,43,0.5116279069767442,0.4883720930232558,1.59,0.04,8,0.18604651162790697,22,5.35,0.24,10,0.45454545454545453,21,-3.77,-0.18,4,0.19047619047619047,12,0.8333333333333334,0.16666666666666666,6.87,0.57,5,0.4166666666666667,10,7.38,0.74,5,0.5,2,-0.51,-0.25,0,0.0,5,3,2,14,6,8,1.09,0.08,0.35714285714285715,0.21428571428571427,0.14285714285714285,0.42857142857142855,0.5714285714285714,13,0.3611111111111111,3.63,0.1,36,6,0.2857142857142857,-0.96,-0.05,21,401310751,2021,12
248,Houston Cougars,32,0.45714285714285713,17,0.4722222222222222,15,0.4411764705882353,4,0.4444444444444444,9,0.6,22,0.4074074074074074,54,0.46296296296296297,0.5370370370370371,3.64,0.07,11,0.2037037037037037,25,-3.87,-0.15,11,0.44,29,7.51,0.26,11,0.3793103448275862,12,0.5833333333333334,0.4166666666666667,5.6,0.47,5,0.4166666666666667,7,3.29,0.47,3,0.42857142857142855,5,2.31,0.46,2,0.4,10,6,4,16,11,5,9.24,0.58,0.625,0.375,0.25,0.6875,0.3125,22,0.4489795918367347,7.14,0.15,49,10,0.47619047619047616,5.73,0.27,21,401301045,2021,12
235,Memphis Tigers,30,0.4,17,0.3469387755102041,13,0.5,1,0.14285714285714285,1,0.07142857142857142,26,0.4642857142857143,56,0.625,0.375,-0.33,-0.01,13,0.23214285714285715,35,-2.57,-0.07,15,0.42857142857142855,21,2.23,0.11,11,0.5238095238095238,15,0.7333333333333333,0.26666666666666666,-1.72,-0.11,7,0.4666666666666667,11,-2.31,-0.21,5,0.45454545454545453,4,0.6,0.15,2,0.5,4,2,2,19,14,5,-13.12,-0.69,0.21052631578947367,0.10526315789473684,0.10526315789473684,0.7368421052631579,0.2631578947368421,23,0.46938775510204084,2.1,0.04,49,7,0.2692307692307692,-15.55,-0.6,26,401301045,2021,12
12,Arizona Wildcats,32,0.3902439024390244,19,0.36538461538461536,12,0.41379310344827586,2,0.5,7,0.3684210526315789,22,0.3728813559322034,59,0.576271186440678,0.423728813559322,-13.69,-0.23,11,0.1864406779661017,34,-7.47,-0.22,12,0.35294117647058826,25,-6.22,-0.25,10,0.4,14,0.6428571428571429,0.35714285714285715,-0.17,-0.01,5,0.35714285714285715,9,2.53,0.28,3,0.3333333333333333,5,-2.7,-0.54,2,0.4,10,7,2,23,18,4,10.91,0.47,0.43478260869565216,0.30434782608695654,0.08695652173913043,0.782608695652174,0.17391304347826086,18,0.391304347826087,-5.95,-0.13,46,14,0.3888888888888889,3.17,0.09,36,401309899,2021,12
265,Washington State Cougars,25,0.4032258064516129,10,0.37037037037037035,15,0.42857142857142855,2,0.3333333333333333,6,0.5,19,0.38,50,0.42,0.58,6.33,0.13,11,0.22,21,7.18,0.34,8,0.38095238095238093,29,-0.85,-0.03,11,0.3793103448275862,9,0.6666666666666666,0.3333333333333333,9.47,1.05,6,0.6666666666666666,6,5.06,0.84,3,0.5,3,4.41,1.47,3,1.0,6,2,4,12,6,6,2.65,0.22,0.5,0.16666666666666666,0.3333333333333333,0.5,0.5,16,0.41025641025641024,4.21,0.11,39,9,0.391304347826087,4.76,0.21,23,401309899,2021,12
2440,Nevada Wolf Pack,24,0.375,18,0.3829787234042553,6,0.35294117647058826,4,0.4,5,0.38461538461538464,17,0.3541666666666667,48,0.6875,0.3125,-1.89,-0.04,11,0.22916666666666666,33,-0.2,-0.01,12,0.36363636363636365,15,-1.69,-0.11,5,0.3333333333333333,3,1.0,0.0,-1.12,-0.37,1,0.3333333333333333,3,-1.12,-0.37,1,0.3333333333333333,,,,,,6,5,1,15,13,2,5.72,0.38,0.4,0.3333333333333333,0.06666666666666667,0.8666666666666667,0.13333333333333333,16,0.43243243243243246,8.96,0.24,37,7,0.2692307692307692,-5.13,-0.2,26,401310747,2021,12
2005,Air Force Falcons,44,0.5569620253164557,1,0.2,42,0.5753424657534246,9,0.5625,7,0.4666666666666667,32,0.5517241379310345,58,0.05172413793103448,0.9482758620689655,4.97,0.09,14,0.2413793103448276,3,1.08,0.36,1,0.3333333333333333,55,3.89,0.07,31,0.5636363636363636,20,0.1,0.9,5.42,0.27,12,0.6,2,-0.71,-0.36,0,0.0,18,6.13,0.34,12,0.6666666666666666,10,0,10,19,2,17,4.28,0.23,0.5263157894736842,0.0,0.5263157894736842,0.10526315789473684,0.8947368421052632,36,0.5806451612903226,5.96,0.1,62,6,0.4,3.29,0.22,15,401310747,2021,12
61,Georgia Bulldogs,32,0.45714285714285713,17,0.4594594594594595,15,0.46875,12,0.631578947368421,6,0.42857142857142855,25,0.46296296296296297,54,0.46296296296296297,0.5370370370370371,9.56,0.18,16,0.2962962962962963,25,-1.19,-0.05,11,0.44,29,10.75,0.37,14,0.4827586206896552,9,0.7777777777777778,0.2222222222222222,4.3,0.48,5,0.5555555555555556,7,2.79,0.4,4,0.5714285714285714,2,1.5,0.75,1,0.5,7,6,1,16,12,3,-1.6,-0.1,0.4375,0.375,0.0625,0.75,0.1875,21,0.4772727272727273,6.59,0.15,44,11,0.4230769230769231,1.38,0.05,26,401282136,2021,12
2127,Charleston Southern Buccaneers,15,0.22388059701492538,4,0.1,11,0.4074074074074074,0,0.0,5,0.2631578947368421,10,0.2127659574468085,47,0.5531914893617021,0.44680851063829785,-14.77,-0.31,4,0.0851063829787234,26,-16.95,-0.65,2,0.07692307692307693,21,2.18,0.1,8,0.38095238095238093,9,0.4444444444444444,0.5555555555555556,-3.03,-0.34,1,0.1111111111111111,4,-2.5,-0.62,0,0.0,5,-0.53,-0.11,1,0.2,5,2,3,20,14,6,-13.54,-0.68,0.25,0.1,0.15,0.7,0.3,11,0.28205128205128205,-8.16,-0.21,39,4,0.14285714285714285,-20.15,-0.72,28,401282136,2021,12
8,Arkansas Razorbacks,36,0.4931506849315068,21,0.6176470588235294,15,0.38461538461538464,3,1.0,8,0.5,25,0.46296296296296297,54,0.4074074074074074,0.5925925925925926,-4.83,-0.09,9,0.16666666666666666,22,5.26,0.24,13,0.5909090909090909,32,-10.09,-0.32,12,0.375,9,0.4444444444444444,0.5555555555555556,3.34,0.37,5,0.5555555555555556,4,2.68,0.67,2,0.5,5,0.67,0.13,3,0.6,11,8,3,19,12,7,24.15,1.27,0.5789473684210527,0.42105263157894735,0.15789473684210525,0.631578947368421,0.3684210526315789,26,0.52,10.36,0.21,50,10,0.43478260869565216,8.97,0.39,23,401282135,2021,12
333,Alabama Crimson Tide,42,0.5675675675675675,26,0.5909090909090909,16,0.5333333333333333,2,0.2,7,0.6363636363636364,35,0.5645161290322581,62,0.5967741935483871,0.4032258064516129,25.11,0.41,19,0.3064516129032258,37,23.57,0.64,22,0.5945945945945946,25,1.54,0.06,13,0.52,16,0.375,0.625,11.8,0.74,12,0.75,6,10.67,1.78,6,1.0,10,1.13,0.11,6,0.6,7,4,3,12,7,5,4.41,0.37,0.5833333333333334,0.3333333333333333,0.25,0.5833333333333334,0.4166666666666667,27,0.5192307692307693,3.68,0.07,52,15,0.6818181818181818,25.84,1.17,22,401282135,2021,12
254,Utah Utes,33,0.4925373134328358,8,0.42105263157894735,25,0.5208333333333334,7,0.3684210526315789,11,0.7857142857142857,22,0.41509433962264153,53,0.3018867924528302,0.6981132075471698,5.55,0.1,13,0.24528301886792453,16,5.22,0.33,7,0.4375,37,0.33,0.01,15,0.40540540540540543,6,0.3333333333333333,0.6666666666666666,6.34,1.06,4,0.6666666666666666,2,2.24,1.12,1,0.5,4,4.11,1.03,3,0.75,11,1,10,14,3,11,11.42,0.82,0.7857142857142857,0.07142857142857142,0.7142857142857143,0.21428571428571427,0.7857142857142857,24,0.48,9.27,0.19,50,9,0.5294117647058824,7.7,0.45,17,401309901,2021,12
2483,Oregon Ducks,24,0.41379310344827586,14,0.3684210526315789,10,0.5,1,0.2,7,0.5,17,0.40476190476190477,42,0.6904761904761905,0.30952380952380953,0.91,0.02,9,0.21428571428571427,29,4.33,0.15,11,0.3793103448275862,13,-3.42,-0.26,6,0.46153846153846156,14,0.7142857142857143,0.2857142857142857,-2.18,-0.16,4,0.2857142857142857,10,0.76,0.08,3,0.3,4,-2.94,-0.73,1,0.25,7,3,4,16,9,7,-0.11,-0.01,0.4375,0.1875,0.25,0.5625,0.4375,18,0.5294117647058824,7.44,0.22,34,6,0.25,-6.64,-0.28,24,401309901,2021,12
127,Michigan State Spartans,18,0.3050847457627119,11,0.275,7,0.3684210526315789,2,0.6666666666666666,5,0.3125,12,0.2857142857142857,42,0.5952380952380952,0.40476190476190477,-11.35,-0.27,6,0.14285714285714285,25,-4.26,-0.17,7,0.28,17,-7.09,-0.42,5,0.29411764705882354,10,0.8,0.2,-0.47,-0.05,3,0.3,8,0.13,0.02,2,0.25,2,-0.6,-0.3,1,0.5,6,4,2,17,15,2,4.87,0.29,0.35294117647058826,0.23529411764705882,0.11764705882352941,0.8823529411764706,0.11764705882352941,11,0.3548387096774194,0.93,0.03,31,7,0.25,-7.41,-0.26,28,401282786,2021,12
194,Ohio State Buckeyes,54,0.6352941176470588,29,0.6444444444444445,25,0.625,12,0.8,7,0.7,47,0.6266666666666667,75,0.5333333333333333,0.4666666666666667,34.9,0.47,23,0.30666666666666664,40,27.82,0.7,27,0.675,35,7.08,0.2,20,0.5714285714285714,10,0.5,0.5,6.75,0.67,7,0.7,5,4.94,0.99,4,0.8,5,1.81,0.36,3,0.6,7,2,5,10,5,5,3.67,0.37,0.7,0.2,0.5,0.5,0.5,46,0.6764705882352942,33.85,0.5,68,8,0.47058823529411764,4.71,0.28,17,401282786,2021,12
120,Maryland Terrapins,32,0.42105263157894735,12,0.34285714285714286,20,0.4878048780487805,6,0.5,4,0.2857142857142857,28,0.4666666666666667,60,0.43333333333333335,0.5666666666666667,15.17,0.25,16,0.26666666666666666,26,5.1,0.2,12,0.46153846153846156,34,10.07,0.3,16,0.47058823529411764,11,0.36363636363636365,0.6363636363636364,-4.89,-0.44,3,0.2727272727272727,4,-3.18,-0.79,0,0.0,7,-1.71,-0.24,3,0.42857142857142855,4,0,4,16,9,7,-15.08,-0.94,0.25,0.0,0.25,0.5625,0.4375,27,0.4909090909090909,4.22,0.08,55,5,0.23809523809523808,-4.12,-0.2,21,401282770,2021,12
130,Michigan Wolverines,42,0.56,23,0.5609756097560976,19,0.5588235294117647,7,0.5384615384615384,7,0.5,34,0.5862068965517241,58,0.5517241379310345,0.4482758620689655,13.9,0.24,14,0.2413793103448276,32,8.98,0.28,19,0.59375,26,4.92,0.19,15,0.5769230769230769,18,0.7222222222222222,0.2777777777777778,8.6,0.48,12,0.6666666666666666,13,7.54,0.58,9,0.6923076923076923,5,1.06,0.21,3,0.6,8,4,4,17,9,8,5.12,0.3,0.47058823529411764,0.23529411764705882,0.23529411764705882,0.5294117647058824,0.47058823529411764,32,0.6037735849056604,12.25,0.23,53,10,0.45454545454545453,6.77,0.31,22,401282770,2021,12
59,Georgia Tech Yellow Jackets,22,0.3492063492063492,10,0.30303030303030304,12,0.41379310344827586,0,0.0,3,0.2,19,0.3958333333333333,48,0.4583333333333333,0.5416666666666666,-10.69,-0.22,8,0.16666666666666666,22,-15.2,-0.69,8,0.36363636363636365,26,4.51,0.17,11,0.4230769230769231,15,0.6666666666666666,0.3333333333333333,-2.62,-0.17,5,0.3333333333333333,10,-4.93,-0.49,2,0.2,5,2.3,0.46,3,0.6,3,2,1,15,11,3,-16.05,-1.07,0.2,0.13333333333333333,0.06666666666666667,0.7333333333333333,0.2,18,0.46153846153846156,-5.54,-0.14,39,4,0.16666666666666666,-21.19,-0.88,24,401282697,2021,12
87,Notre Dame Fighting Irish,29,0.4915254237288136,15,0.5172413793103449,14,0.4666666666666667,6,0.4,5,0.45454545454545453,23,0.48936170212765956,47,0.46808510638297873,0.5319148936170213,15.31,0.33,15,0.3191489361702128,22,9.65,0.44,12,0.5454545454545454,25,5.66,0.23,11,0.44,4,0.5,0.5,-1.48,-0.37,1,0.25,2,-2.48,-1.24,0,0.0,2,1.0,0.5,1,0.5,6,3,3,12,7,5,5.16,0.43,0.5,0.25,0.25,0.5833333333333334,0.4166666666666667,24,0.5454545454545454,21.43,0.49,44,5,0.3333333333333333,-0.96,-0.06,15,401282697,2021,12
2641,Texas Tech Red Raiders,9,0.15789473684210525,6,0.16666666666666666,3,0.14285714285714285,,,4,0.2857142857142857,5,0.125,40,0.575,0.425,-26.29,-0.66,3,0.075,23,-12.96,-0.56,3,0.13043478260869565,17,-13.33,-0.78,2,0.11764705882352941,8,0.5,0.5,-3.95,-0.49,1,0.125,4,1.25,0.31,1,0.25,4,-5.2,-1.3,0,0.0,4,3,1,17,13,4,-10.82,-0.64,0.23529411764705882,0.17647058823529413,0.058823529411764705,0.7647058823529411,0.23529411764705882,2,0.07692307692307693,-21.15,-0.81,26,7,0.22580645161290322,-15.96,-0.51,31,401287946,2021,12
197,Oklahoma State Cowboys,37,0.43023255813953487,16,0.42105263157894735,21,0.4375,3,0.21428571428571427,8,0.42105263157894735,29,0.43283582089552236,67,0.40298507462686567,0.5970149253731343,4.95,0.07,13,0.19402985074626866,27,4.15,0.15,11,0.4074074074074074,40,0.79,0.02,18,0.45,19,0.631578947368421,0.3684210526315789,5.37,0.28,10,0.5263157894736842,12,5.34,0.45,7,0.5833333333333334,7,0.03,0.0,3,0.42857142857142855,8,5,3,19,11,8,-1.68,-0.09,0.42105263157894735,0.2631578947368421,0.15789473684210525,0.5789473684210527,0.42105263157894735,28,0.45161290322580644,4.9,0.08,62,9,0.375,-1.63,-0.07,24,401287946,2021,12
2306,Kansas State Wildcats,14,0.28,8,0.24242424242424243,6,0.35294117647058826,0,0.0,4,0.3076923076923077,9,0.2571428571428571,35,0.5428571428571428,0.45714285714285713,-19.05,-0.54,4,0.11428571428571428,19,-13.38,-0.7,4,0.21052631578947367,16,-5.67,-0.35,5,0.3125,11,0.8181818181818182,0.18181818181818182,-1.51,-0.14,3,0.2727272727272727,9,-0.99,-0.11,3,0.3333333333333333,2,-0.52,-0.26,0,0.0,5,4,1,15,14,1,2.94,0.2,0.3333333333333333,0.26666666666666666,0.06666666666666667,0.9333333333333333,0.06666666666666667,10,0.37037037037037035,-9.24,-0.34,27,4,0.17391304347826086,-6.87,-0.3,23,401287943,2021,12
239,Baylor Bears,36,0.43902439024390244,17,0.4473684210526316,19,0.4318181818181818,6,0.4,9,0.6,24,0.3870967741935484,62,0.4838709677419355,0.5161290322580645,-5.21,-0.08,11,0.1774193548387097,30,-0.69,-0.02,12,0.4,32,-4.51,-0.14,12,0.375,17,0.47058823529411764,0.5294117647058824,-1.12,-0.07,7,0.4117647058823529,8,2.95,0.37,4,0.5,9,-4.07,-0.45,3,0.3333333333333333,12,5,7,20,8,12,6.74,0.34,0.6,0.25,0.35,0.4,0.6,22,0.38596491228070173,-1.49,-0.03,57,14,0.56,3.02,0.12,25,401287943,2021,12
145,Ole Miss Rebels,33,0.5076923076923077,20,0.5405405405405406,13,0.4642857142857143,6,0.3333333333333333,1,0.125,32,0.5714285714285714,56,0.5535714285714286,0.44642857142857145,19.64,0.35,20,0.35714285714285715,31,16.02,0.52,20,0.6451612903225806,25,3.62,0.14,12,0.48,3,0.6666666666666666,0.3333333333333333,2.74,0.91,2,0.6666666666666666,2,1.01,0.51,1,0.5,1,1.72,1.72,1,1.0,1,0,1,9,6,3,-11.12,-1.24,0.1111111111111111,0.0,0.1111111111111111,0.6666666666666666,0.3333333333333333,29,0.6304347826086957,18.06,0.39,46,4,0.21052631578947367,-9.54,-0.5,19,401282139,2021,12
238,Vanderbilt Commodores,39,0.42391304347826086,19,0.41304347826086957,20,0.43478260869565216,3,0.3,11,0.5238095238095238,25,0.38461538461538464,65,0.49230769230769234,0.5076923076923077,-1.39,-0.02,11,0.16923076923076924,32,-3.32,-0.1,13,0.40625,33,1.93,0.06,12,0.36363636363636365,20,0.5,0.5,3.45,0.17,11,0.55,10,0.71,0.07,5,0.5,10,2.75,0.27,6,0.6,14,6,8,27,14,13,1.72,0.06,0.5185185185185185,0.2222222222222222,0.2962962962962963,0.5185185185185185,0.48148148148148145,25,0.4098360655737705,0.01,0.0,61,14,0.45161290322580644,0.33,0.01,31,401282139,2021,12
201,Oklahoma Sooners,19,0.3275862068965517,9,0.34615384615384615,10,0.3125,2,0.25,2,0.2,16,0.3404255319148936,47,0.40425531914893614,0.5957446808510638,-8.86,-0.19,11,0.23404255319148937,19,0.69,0.04,8,0.42105263157894735,28,-9.55,-0.34,8,0.2857142857142857,8,0.375,0.625,-15.07,-1.88,0,0.0,3,-5.68,-1.89,0,0.0,5,-9.39,-1.88,0,0.0,3,1,2,11,7,4,-6.56,-0.6,0.2727272727272727,0.09090909090909091,0.18181818181818182,0.6363636363636364,0.36363636363636365,9,0.225,-23.39,-0.58,40,10,0.5555555555555556,7.97,0.44,18,401287944,2021,12
66,Iowa State Cyclones,34,0.35789473684210527,23,0.3484848484848485,11,0.4074074074074074,4,0.5,9,0.4090909090909091,22,0.3235294117647059,68,0.6764705882352942,0.3088235294117647,-21.47,-0.32,18,0.2647058823529412,46,-15.44,-0.34,15,0.32608695652173914,21,-5.6,-0.27,7,0.3333333333333333,12,0.5,0.3333333333333333,-12.32,-1.03,3,0.25,6,-2.81,-0.47,2,0.3333333333333333,4,-0.82,-0.2,1,0.25,12,8,4,27,20,6,-11.0,-0.41,0.4444444444444444,0.2962962962962963,0.14814814814814814,0.7407407407407407,0.2222222222222222,22,0.41509433962264153,-6.95,-0.13,53,12,0.2857142857142857,-25.52,-0.61,42,401287944,2021,12
290,Georgia Southern Eagles,26,0.52,9,0.6,17,0.4857142857142857,3,0.75,4,0.4444444444444444,22,0.5365853658536586,41,0.2926829268292683,0.7073170731707317,2.24,0.05,11,0.2682926829268293,12,-0.07,-0.01,8,0.6666666666666666,29,2.32,0.08,14,0.4827586206896552,3,0.3333333333333333,0.6666666666666666,-0.41,-0.14,0,0.0,1,-0.14,-0.14,0,0.0,2,-0.27,-0.14,0,0.0,4,1,3,9,3,6,-0.59,-0.07,0.4444444444444444,0.1111111111111111,0.3333333333333333,0.3333333333333333,0.6666666666666666,22,0.5789473684210527,1.75,0.05,38,4,0.3333333333333333,-0.1,-0.01,12,401309645,2021,12
252,BYU Cougars,34,0.5230769230769231,13,0.4642857142857143,21,0.5675675675675675,6,0.8571428571428571,3,0.3,29,0.5576923076923077,52,0.40384615384615385,0.5961538461538461,21.53,0.41,16,0.3076923076923077,21,15.45,0.74,12,0.5714285714285714,31,6.08,0.2,17,0.5483870967741935,13,0.5384615384615384,0.46153846153846156,5.67,0.44,7,0.5384615384615384,7,5.6,0.8,4,0.5714285714285714,6,0.07,0.01,3,0.5,5,1,4,13,7,6,-1.88,-0.14,0.38461538461538464,0.07692307692307693,0.3076923076923077,0.5384615384615384,0.46153846153846156,29,0.5686274509803921,17.41,0.34,51,5,0.35714285714285715,2.25,0.16,14,401309645,2021,12
275,Wisconsin Badgers,23,0.4791666666666667,8,0.42105263157894735,15,0.5172413793103449,2,0.2857142857142857,4,0.4444444444444444,18,0.5,36,0.3055555555555556,0.6944444444444444,11.31,0.31,9,0.25,11,6.17,0.56,6,0.5454545454545454,25,5.14,0.21,12,0.48,9,0.6666666666666666,0.3333333333333333,0.62,0.07,2,0.2222222222222222,6,1.61,0.27,2,0.3333333333333333,3,-0.98,-0.33,0,0.0,5,2,3,12,8,4,2.74,0.23,0.4166666666666667,0.16666666666666666,0.25,0.6666666666666666,0.3333333333333333,19,0.5757575757575758,18.37,0.56,33,4,0.26666666666666666,-4.33,-0.29,15,401282803,2021,12
158,Nebraska Cornhuskers,37,0.5285714285714286,22,0.6285714285714286,15,0.42857142857142855,8,0.6153846153846154,5,0.5555555555555556,31,0.5344827586206896,58,0.4827586206896552,0.5172413793103449,15.41,0.27,17,0.29310344827586204,28,13.63,0.49,18,0.6428571428571429,30,1.78,0.06,13,0.43333333333333335,10,0.4,0.6,-6.21,-0.62,3,0.3,4,-3.62,-0.9,2,0.5,6,-2.59,-0.43,1,0.16666666666666666,6,4,2,12,7,5,-0.41,-0.03,0.5,0.3333333333333333,0.16666666666666666,0.5833333333333334,0.4166666666666667,28,0.509090909090909,7.47,0.14,55,9,0.6,7.52,0.5,15,401282803,2021,12
245,Texas A&M Aggies,39,0.6190476190476191,10,0.5,29,0.6744186046511628,12,0.631578947368421,7,0.7,30,0.5882352941176471,51,0.29411764705882354,0.7058823529411765,11.43,0.22,15,0.29411764705882354,15,-1.63,-0.11,7,0.4666666666666667,36,13.06,0.36,23,0.6388888888888888,12,0.3333333333333333,0.6666666666666666,9.7,0.81,10,0.8333333333333334,4,1.15,0.29,3,0.75,8,8.55,1.07,7,0.875,9,3,6,12,5,7,13.84,1.15,0.75,0.25,0.5,0.4166666666666667,0.5833333333333334,32,0.64,18.08,0.36,50,7,0.5384615384615384,7.19,0.55,13,401282144,2021,12
2504,Prairie View A&M Panthers,15,0.2777777777777778,0,0.0,15,0.39473684210526316,1,0.2,7,0.4375,8,0.2222222222222222,36,0.25,0.75,-14.45,-0.4,2,0.05555555555555555,9,-7.46,-0.83,0,0.0,27,-7.0,-0.26,8,0.2962962962962963,3,0.3333333333333333,0.6666666666666666,3.99,1.33,1,0.3333333333333333,1,-0.46,-0.46,0,0.0,2,4.45,2.22,1,0.5,7,0,7,18,6,11,-4.15,-0.23,0.3888888888888889,0.0,0.3888888888888889,0.3333333333333333,0.6111111111111112,8,0.2962962962962963,-8.0,-0.3,27,7,0.25925925925925924,-10.6,-0.39,27,401282144,2021,12
2294,Iowa Hawkeyes,31,0.4696969696969697,5,0.2777777777777778,26,0.5416666666666666,2,0.2222222222222222,5,0.3333333333333333,25,0.5102040816326531,49,0.20408163265306123,0.7959183673469388,-4.88,-0.1,11,0.22448979591836735,10,-4.71,-0.47,3,0.3,39,-0.17,-0.0,22,0.5641025641025641,13,0.3076923076923077,0.6923076923076923,-0.36,-0.03,6,0.46153846153846156,4,-2.69,-0.67,0,0.0,9,2.33,0.26,6,0.6666666666666666,6,2,4,17,8,9,-6.91,-0.41,0.35294117647058826,0.11764705882352941,0.23529411764705882,0.47058823529411764,0.5294117647058824,25,0.5319148936170213,-3.47,-0.07,47,6,0.3157894736842105,-8.32,-0.44,19,401282721,2021,12
356,Illinois Fighting Illini,20,0.32786885245901637,12,0.3157894736842105,8,0.34782608695652173,2,0.6666666666666666,4,0.25,16,0.36363636363636365,44,0.5454545454545454,0.45454545454545453,-2.89,-0.07,5,0.11363636363636363,24,1.77,0.07,9,0.375,20,-4.66,-0.23,7,0.35,9,0.5555555555555556,0.4444444444444444,-4.04,-0.45,4,0.4444444444444444,5,-4.57,-0.91,0,0.0,4,0.53,0.13,4,1.0,4,3,1,17,14,3,-10.12,-0.6,0.23529411764705882,0.17647058823529413,0.058823529411764705,0.8235294117647058,0.17647058823529413,10,0.3125,-1.31,-0.04,32,10,0.3448275862068966,-11.7,-0.4,29,401282721,2021,12
258,Virginia Cavaliers,40,0.5333333333333333,32,0.5714285714285714,8,0.42105263157894735,6,0.46153846153846156,5,0.38461538461538464,35,0.5737704918032787,61,0.7049180327868853,0.29508196721311475,17.68,0.29,19,0.3114754098360656,43,19.29,0.45,28,0.6511627906976745,18,-1.61,-0.09,7,0.3888888888888889,17,0.8823529411764706,0.11764705882352941,2.28,0.13,10,0.5882352941176471,15,1.7,0.11,9,0.6,2,0.57,0.29,1,0.5,5,4,1,14,13,1,-3.83,-0.27,0.35714285714285715,0.2857142857142857,0.07142857142857142,0.9285714285714286,0.07142857142857142,32,0.5245901639344263,8.44,0.14,61,8,0.5714285714285714,5.4,0.39,14,401282698,2021,12
221,Pittsburgh Panthers,39,0.4936708860759494,21,0.4666666666666667,18,0.5294117647058824,6,0.375,5,0.35714285714285715,32,0.5079365079365079,63,0.49206349206349204,0.5079365079365079,6.3,0.1,18,0.2857142857142857,31,0.16,0.01,15,0.4838709677419355,32,6.14,0.19,17,0.53125,11,0.8181818181818182,0.18181818181818182,-10.82,-0.98,3,0.2727272727272727,9,-9.44,-1.05,3,0.3333333333333333,2,-1.38,-0.69,0,0.0,7,6,1,16,14,2,9.71,0.61,0.4375,0.375,0.0625,0.875,0.125,32,0.5333333333333333,15.42,0.26,60,7,0.3684210526315789,0.59,0.03,19,401282698,2021,12
183,Syracuse Orange,18,0.33962264150943394,6,0.24,12,0.42857142857142855,,,5,0.45454545454545453,13,0.30952380952380953,42,0.38095238095238093,0.6190476190476191,-8.83,-0.21,6,0.14285714285714285,16,-17.05,-1.07,3,0.1875,26,8.22,0.32,10,0.38461538461538464,11,0.45454545454545453,0.5454545454545454,2.5,0.23,3,0.2727272727272727,5,-3.62,-0.72,0,0.0,6,6.13,1.02,3,0.5,5,3,2,11,9,2,-1.09,-0.1,0.45454545454545453,0.2727272727272727,0.18181818181818182,0.8181818181818182,0.18181818181818182,10,0.38461538461538464,-0.23,-0.01,26,8,0.2962962962962963,-9.69,-0.36,27,401282695,2021,12
152,NC State Wolfpack,21,0.39622641509433965,14,0.5384615384615384,7,0.25925925925925924,4,0.4,4,0.4444444444444444,17,0.3953488372093023,43,0.46511627906976744,0.5348837209302325,9.17,0.21,11,0.2558139534883721,20,10.23,0.51,11,0.55,23,-1.06,-0.05,6,0.2608695652173913,9,0.5555555555555556,0.4444444444444444,5.97,0.66,4,0.4444444444444444,5,5.45,1.09,2,0.4,4,0.52,0.13,2,0.5,4,3,1,10,6,4,1.13,0.11,0.4,0.3,0.1,0.6,0.4,10,0.2857142857142857,-2.24,-0.06,35,11,0.6111111111111112,12.54,0.7,18,401282695,2021,12
5,UAB Blazers,32,0.5245901639344263,11,0.44,21,0.5833333333333334,4,0.5,5,0.4166666666666667,27,0.5510204081632653,49,0.3673469387755102,0.6326530612244898,17.65,0.36,11,0.22448979591836735,18,6.38,0.35,8,0.4444444444444444,31,11.27,0.36,19,0.6129032258064516,11,0.45454545454545453,0.5454545454545454,-2.5,-0.23,5,0.45454545454545453,5,-2.17,-0.43,1,0.2,6,-0.33,-0.06,4,0.6666666666666666,5,3,2,12,7,5,-2.18,-0.18,0.4166666666666667,0.25,0.16666666666666666,0.5833333333333334,0.4166666666666667,23,0.5348837209302325,6.29,0.15,43,9,0.5,9.19,0.51,18,401282267,2021,12
2636,UTSA Roadrunners,35,0.5,20,0.4878048780487805,15,0.5172413793103449,4,0.8,9,0.5625,26,0.49056603773584906,53,0.5471698113207547,0.4528301886792453,3.32,0.06,9,0.16981132075471697,29,6.68,0.23,15,0.5172413793103449,24,-3.36,-0.14,11,0.4583333333333333,6,0.8333333333333334,0.16666666666666666,2.13,0.36,3,0.5,5,2.06,0.41,2,0.4,1,0.07,0.07,1,1.0,9,5,4,17,12,5,7.33,0.43,0.5294117647058824,0.29411764705882354,0.23529411764705882,0.7058823529411765,0.29411764705882354,22,0.5,11.25,0.26,44,13,0.5,-0.61,-0.02,26,401282267,2021,12
344,Mississippi State Bulldogs,35,0.5737704918032787,27,0.5869565217391305,8,0.5333333333333333,3,0.42857142857142855,5,0.5,29,0.5918367346938775,49,0.8367346938775511,0.16326530612244897,15.23,0.31,13,0.2653061224489796,41,12.32,0.3,24,0.5853658536585366,8,2.91,0.36,5,0.625,9,0.6666666666666666,0.3333333333333333,1.61,0.18,4,0.4444444444444444,6,1.15,0.19,3,0.5,3,0.45,0.15,1,0.3333333333333333,6,3,3,12,5,7,3.86,0.32,0.5,0.25,0.25,0.4166666666666667,0.5833333333333334,28,0.5714285714285714,13.32,0.27,49,7,0.5833333333333334,5.77,0.48,12,401282140,2021,12
2634,Tennessee State Tigers,24,0.4,10,0.3333333333333333,14,0.4666666666666667,2,0.4,5,0.38461538461538464,19,0.41304347826086957,46,0.391304347826087,0.6086956521739131,-17.99,-0.39,7,0.15217391304347827,18,-5.21,-0.29,6,0.3333333333333333,28,-12.78,-0.46,13,0.4642857142857143,8,0.5,0.5,-5.45,-0.68,2,0.25,4,-4.76,-1.19,0,0.0,4,-0.69,-0.17,2,0.5,5,4,1,14,12,2,3.27,0.23,0.35714285714285715,0.2857142857142857,0.07142857142857142,0.8571428571428571,0.14285714285714285,20,0.4878048780487805,-11.04,-0.27,41,4,0.21052631578947367,-3.68,-0.19,19,401282140,2021,12
96,Kentucky Wildcats,40,0.5714285714285714,21,0.5833333333333334,19,0.5757575757575758,7,0.4666666666666667,6,0.6666666666666666,34,0.5666666666666667,60,0.48333333333333334,0.5,9.45,0.16,19,0.31666666666666665,29,16.19,0.56,17,0.5862068965517241,30,2.71,0.09,17,0.5666666666666667,16,0.625,0.375,3.07,0.19,7,0.4375,10,1.64,0.16,5,0.5,6,1.44,0.24,2,0.3333333333333333,6,4,2,10,7,3,9.75,0.98,0.6,0.4,0.2,0.7,0.3,32,0.5925925925925926,11.19,0.21,54,8,0.5,8.01,0.5,16,401282137,2021,12
166,New Mexico State Aggies,17,0.2786885245901639,10,0.2631578947368421,7,0.30434782608695654,1,0.25,4,0.25,13,0.28888888888888886,45,0.5777777777777777,0.4222222222222222,-20.84,-0.46,8,0.17777777777777778,26,-18.2,-0.7,7,0.2692307692307692,19,-2.64,-0.14,6,0.3157894736842105,9,0.8888888888888888,0.1111111111111111,2.15,0.24,5,0.5555555555555556,8,1.6,0.2,4,0.5,1,0.55,0.55,1,1.0,4,3,1,16,12,4,-2.96,-0.19,0.25,0.1875,0.0625,0.75,0.25,13,0.38235294117647056,-9.31,-0.27,34,4,0.14814814814814814,-14.5,-0.54,27,401282137,2021,12
98,Western Kentucky Hilltoppers,47,0.6025641025641025,37,0.7115384615384616,10,0.38461538461538464,10,0.7692307692307693,6,0.6,41,0.6029411764705882,68,0.6764705882352942,0.3235294117647059,17.61,0.26,24,0.35294117647058826,46,19.87,0.43,33,0.717391304347826,22,-2.25,-0.1,8,0.36363636363636365,17,0.7058823529411765,0.29411764705882354,-6.17,-0.36,5,0.29411764705882354,12,-1.58,-0.13,4,0.3333333333333333,5,-4.6,-0.92,1,0.2,6,4,2,10,6,4,-2.95,-0.29,0.6,0.4,0.2,0.6,0.4,38,0.6031746031746031,13.61,0.22,63,9,0.6,1.06,0.07,15,401282263,2021,12
2226,Florida Atlantic Owls,30,0.43478260869565216,23,0.5,7,0.30434782608695654,4,0.4,10,0.625,18,0.3673469387755102,49,0.6122448979591837,0.3877551020408163,-7.66,-0.16,8,0.16326530612244897,30,0.57,0.02,14,0.4666666666666667,19,-8.24,-0.43,4,0.21052631578947367,7,0.42857142857142855,0.5714285714285714,-3.1,-0.44,3,0.42857142857142855,3,-4.05,-1.35,1,0.3333333333333333,4,0.95,0.24,2,0.5,12,9,3,20,16,4,5.54,0.28,0.6,0.45,0.15,0.8,0.2,20,0.45454545454545453,5.05,0.11,44,10,0.4,-7.17,-0.29,25,401282263,2021,12
103,Boston College Eagles,29,0.3972602739726027,7,0.2692307692307692,22,0.4782608695652174,5,0.4166666666666667,6,0.375,20,0.38461538461538464,52,0.38461538461538464,0.6153846153846154,-3.55,-0.07,7,0.1346153846153846,20,1.16,0.06,6,0.3,32,-4.71,-0.15,14,0.4375,13,0.38461538461538464,0.5384615384615384,-0.44,-0.03,4,0.3076923076923077,5,-4.12,-0.82,0,0.0,7,4.59,0.66,4,0.5714285714285714,9,1,8,21,6,14,4.88,0.23,0.42857142857142855,0.047619047619047616,0.38095238095238093,0.2857142857142857,0.6666666666666666,20,0.4,-4.59,-0.09,50,9,0.391304347826087,5.92,0.26,23,401282692,2021,12
52,Florida State Seminoles,30,0.46875,16,0.43243243243243246,14,0.5185185185185185,3,0.42857142857142855,2,0.2,27,0.5192307692307693,52,0.5384615384615384,0.46153846153846156,14.17,0.27,15,0.28846153846153844,28,12.48,0.45,14,0.5,24,1.69,0.07,13,0.5416666666666666,17,0.6470588235294118,0.35294117647058826,4.94,0.29,8,0.47058823529411764,11,4.15,0.38,5,0.45454545454545453,6,0.79,0.13,3,0.5,3,2,1,12,9,3,-10.83,-0.9,0.25,0.16666666666666666,0.08333333333333333,0.75,0.25,21,0.4883720930232558,4.0,0.09,43,9,0.42857142857142855,-0.66,-0.03,21,401282692,2021,12
228,Clemson Tigers,40,0.547945205479452,11,0.55,29,0.5471698113207547,12,0.6,7,0.6363636363636364,32,0.5245901639344263,61,0.2459016393442623,0.7540983606557377,6.67,0.11,20,0.32786885245901637,15,0.76,0.05,8,0.5333333333333333,46,5.91,0.13,24,0.5217391304347826,11,0.2727272727272727,0.7272727272727273,-2.59,-0.24,8,0.7272727272727273,3,-2.24,-0.75,2,0.6666666666666666,8,-0.35,-0.04,6,0.75,8,3,5,12,5,7,12.8,1.07,0.6666666666666666,0.25,0.4166666666666667,0.4166666666666667,0.5833333333333334,35,0.5932203389830508,13.81,0.23,59,5,0.35714285714285715,5.67,0.4,14,401282693,2021,12
154,Wake Forest Demon Deacons,39,0.52,29,0.5686274509803921,10,0.4166666666666667,6,0.375,10,0.5882352941176471,28,0.49122807017543857,57,0.6140350877192983,0.38596491228070173,-5.64,-0.1,15,0.2631578947368421,35,5.28,0.15,20,0.5714285714285714,22,-10.92,-0.5,8,0.36363636363636365,16,0.75,0.25,4.14,0.26,11,0.6875,12,6.53,0.54,9,0.75,4,-2.38,-0.6,2,0.5,11,9,2,18,16,2,15.47,0.86,0.6111111111111112,0.5,0.1111111111111111,0.8888888888888888,0.1111111111111111,26,0.52,1.31,0.03,50,13,0.52,8.52,0.34,25,401282693,2021,12
153,North Carolina Tar Heels,41,0.6029411764705882,15,0.5,26,0.6842105263157895,6,0.4,5,0.5555555555555556,34,0.6181818181818182,55,0.45454545454545453,0.5454545454545454,20.8,0.38,21,0.38181818181818183,25,6.75,0.27,13,0.52,30,14.06,0.47,21,0.7,15,0.6666666666666666,0.3333333333333333,6.86,0.46,9,0.6,10,2.31,0.23,4,0.4,5,4.55,0.91,5,1.0,7,2,5,13,5,8,-2.98,-0.23,0.5384615384615384,0.15384615384615385,0.38461538461538464,0.38461538461538464,0.6153846153846154,32,0.6274509803921569,14.24,0.28,51,9,0.5294117647058824,3.58,0.21,17,401282696,2021,12
2747,Wofford Terriers,32,0.5818181818181818,7,0.7,25,0.5555555555555556,3,0.375,6,0.5,24,0.5853658536585366,41,0.1951219512195122,0.8048780487804879,5.36,0.13,10,0.24390243902439024,8,0.8,0.1,6,0.75,33,4.55,0.14,18,0.5454545454545454,8,0.125,0.875,-2.7,-0.34,5,0.625,1,-4.64,-4.64,0,0.0,7,1.94,0.28,5,0.7142857142857143,8,1,7,14,2,12,5.14,0.37,0.5714285714285714,0.07142857142857142,0.5,0.14285714285714285,0.8571428571428571,27,0.627906976744186,12.77,0.3,43,5,0.4166666666666667,-2.27,-0.19,12,401282696,2021,12
2509,Purdue Boilermakers,32,0.5245901639344263,24,0.6153846153846154,8,0.36363636363636365,5,0.2777777777777778,7,0.5,25,0.5319148936170213,47,0.6382978723404256,0.3617021276595745,13.17,0.28,10,0.2127659574468085,30,16.29,0.54,19,0.6333333333333333,17,-3.12,-0.18,6,0.35294117647058826,11,0.9090909090909091,0.09090909090909091,10.82,0.98,9,0.8181818181818182,10,9.88,0.99,8,0.8,1,0.94,0.94,1,1.0,7,5,2,14,9,5,0.37,0.03,0.5,0.35714285714285715,0.14285714285714285,0.6428571428571429,0.35714285714285715,24,0.5106382978723404,9.61,0.2,47,8,0.5714285714285714,3.93,0.28,14,401282808,2021,12
77,Northwestern Wildcats,31,0.4492753623188406,11,0.3793103448275862,20,0.5,3,0.375,5,0.4166666666666667,25,0.4716981132075472,53,0.37735849056603776,0.6226415094339622,1.86,0.04,14,0.2641509433962264,20,-2.09,-0.1,8,0.4,33,3.95,0.12,17,0.5151515151515151,23,0.34782608695652173,0.6521739130434783,9.65,0.42,14,0.6086956521739131,8,4.36,0.55,5,0.625,15,5.29,0.35,9,0.6,6,3,3,16,9,7,-5.02,-0.31,0.375,0.1875,0.1875,0.5625,0.4375,27,0.5192307692307693,8.45,0.16,52,4,0.23529411764705882,-11.62,-0.68,17,401282808,2021,12
164,Rutgers Scarlet Knights,15,0.25862068965517243,6,0.20689655172413793,9,0.3103448275862069,0,0.0,5,0.3333333333333333,10,0.23809523809523808,42,0.42857142857142855,0.5714285714285714,-13.67,-0.33,4,0.09523809523809523,18,-6.11,-0.34,4,0.2222222222222222,24,-7.56,-0.32,6,0.25,10,0.5,0.5,-5.34,-0.53,3,0.3,5,-5.68,-1.14,0,0.0,5,0.34,0.07,3,0.6,5,2,3,16,11,5,-8.49,-0.53,0.3125,0.125,0.1875,0.6875,0.3125,10,0.30303030303030304,-11.36,-0.34,33,5,0.2,-10.8,-0.43,25,401282818,2021,12
213,Penn State Nittany Lions,27,0.375,13,0.41935483870967744,14,0.34146341463414637,4,0.3333333333333333,5,0.35714285714285715,22,0.38596491228070173,57,0.40350877192982454,0.5964912280701754,1.94,0.03,13,0.22807017543859648,23,5.98,0.26,10,0.43478260869565216,34,-4.04,-0.12,12,0.35294117647058826,12,0.4166666666666667,0.5833333333333334,2.2,0.18,6,0.5,5,3.18,0.64,3,0.6,7,-0.98,-0.14,3,0.42857142857142855,5,3,2,15,8,7,-5.05,-0.34,0.3333333333333333,0.2,0.13333333333333333,0.5333333333333333,0.4666666666666667,19,0.40425531914893614,2.43,0.05,47,8,0.32,-5.54,-0.22,25,401282818,2021,12
113,Massachusetts Minutemen,22,0.4230769230769231,5,0.29411764705882354,17,0.4857142857142857,3,0.5,6,0.6,15,0.375,40,0.275,0.725,-15.02,-0.38,7,0.175,11,-9.27,-0.84,3,0.2727272727272727,29,-5.75,-0.2,12,0.41379310344827586,7,0.42857142857142855,0.5714285714285714,0.02,0.0,4,0.5714285714285714,3,1.6,0.53,2,0.6666666666666666,4,-1.58,-0.4,2,0.5,7,2,5,12,6,6,8.36,0.7,0.5833333333333334,0.16666666666666666,0.4166666666666667,0.5,0.5,14,0.45161290322580644,-8.6,-0.28,31,8,0.38095238095238093,1.94,0.09,21,401286305,2021,12
349,Army Black Knights,33,0.4647887323943662,2,0.15384615384615385,31,0.5344827586206896,5,0.3333333333333333,7,0.4375,23,0.46938775510204084,49,0.16326530612244897,0.8367346938775511,15.52,0.32,9,0.1836734693877551,8,0.18,0.02,2,0.25,41,15.35,0.37,21,0.5121951219512195,22,0.5,0.5,-2.38,-0.11,7,0.3181818181818182,11,-3.8,-0.35,2,0.18181818181818182,11,1.42,0.13,5,0.45454545454545453,10,0,10,22,5,17,-3.93,-0.18,0.45454545454545453,0.0,0.45454545454545453,0.22727272727272727,0.7727272727272727,27,0.5,8.25,0.15,54,6,0.35294117647058826,3.34,0.2,17,401286305,2021,12
277,West Virginia Mountaineers,42,0.49411764705882355,21,0.44680851063829785,21,0.5526315789473685,5,0.625,12,0.6,29,0.4603174603174603,63,0.49206349206349204,0.5079365079365079,-1.66,-0.03,13,0.20634920634920634,31,-2.26,-0.07,12,0.3870967741935484,32,0.6,0.02,17,0.53125,16,0.4375,0.5625,1.63,0.1,10,0.625,7,-0.39,-0.06,4,0.5714285714285714,9,2.02,0.22,6,0.6666666666666666,13,9,4,22,16,6,16.47,0.75,0.5909090909090909,0.4090909090909091,0.18181818181818182,0.7272727272727273,0.2727272727272727,27,0.4909090909090909,-1.38,-0.03,55,15,0.5,16.2,0.54,30,401287947,2021,12
251,Texas Longhorns,26,0.4642857142857143,10,0.3448275862068966,16,0.5925925925925926,3,1.0,2,0.2,24,0.5333333333333333,45,0.4666666666666667,0.5333333333333333,14.46,0.32,12,0.26666666666666666,21,3.69,0.18,8,0.38095238095238093,24,10.77,0.45,16,0.6666666666666666,11,0.36363636363636365,0.6363636363636364,0.73,0.07,6,0.5454545454545454,4,-1.1,-0.28,1,0.25,7,1.83,0.26,5,0.7142857142857143,2,2,0,11,8,3,-7.1,-0.65,0.18181818181818182,0.18181818181818182,0.0,0.7272727272727273,0.2727272727272727,24,0.5853658536585366,12.37,0.3,41,2,0.13333333333333333,-5.01,-0.33,15,401287947,2021,12
58,South Florida Bulls,32,0.42105263157894735,15,0.36585365853658536,17,0.4857142857142857,1,0.25,9,0.5,21,0.375,56,0.5357142857142857,0.4642857142857143,-16.7,-0.3,9,0.16071428571428573,30,-14.4,-0.48,11,0.36666666666666664,26,-2.3,-0.09,10,0.38461538461538464,13,0.6153846153846154,0.38461538461538464,-0.73,-0.06,5,0.38461538461538464,8,-1.16,-0.15,3,0.375,5,0.43,0.09,2,0.4,11,4,7,20,11,9,8.05,0.4,0.55,0.2,0.35,0.55,0.45,21,0.45652173913043476,-13.35,-0.29,46,11,0.36666666666666664,4.7,0.16,30,401301048,2021,12
2655,Tulane Green Wave,29,0.5,17,0.68,12,0.36363636363636365,6,0.4,5,0.45454545454545453,24,0.5106382978723404,47,0.425531914893617,0.574468085106383,18.86,0.4,10,0.2127659574468085,20,14.61,0.73,15,0.75,27,4.25,0.16,9,0.3333333333333333,7,0.42857142857142855,0.5714285714285714,-7.07,-1.01,1,0.14285714285714285,3,-4.99,-1.66,0,0.0,4,-2.09,-0.52,1,0.25,5,2,3,11,5,6,-2.69,-0.24,0.45454545454545453,0.18181818181818182,0.2727272727272727,0.45454545454545453,0.5454545454545454,24,0.6,25.0,0.62,40,5,0.2777777777777778,-8.83,-0.49,18,401301048,2021,12
326,Texas State Bobcats,23,0.3898305084745763,6,0.21428571428571427,17,0.5483870967741935,2,1.0,3,0.25,19,0.4222222222222222,45,0.4888888888888889,0.5111111111111111,0.2,0.0,10,0.2222222222222222,22,-2.47,-0.11,6,0.2727272727272727,23,2.67,0.12,13,0.5652173913043478,11,0.36363636363636365,0.6363636363636364,5.01,0.46,5,0.45454545454545453,4,-3.54,-0.89,0,0.0,7,8.55,1.22,5,0.7142857142857143,4,0,4,14,6,8,1.17,0.08,0.2857142857142857,0.0,0.2857142857142857,0.42857142857142855,0.5714285714285714,19,0.5277777777777778,7.39,0.21,36,4,0.17391304347826086,-6.02,-0.26,23,401309644,2021,12
324,Coastal Carolina Chanticleers,46,0.6052631578947368,21,0.7,25,0.5434782608695652,6,0.5,10,0.7692307692307693,36,0.5806451612903226,62,0.41935483870967744,0.5806451612903226,15.86,0.26,18,0.2903225806451613,26,19.3,0.74,18,0.6923076923076923,36,-3.44,-0.1,18,0.5,13,0.5384615384615384,0.46153846153846156,5.28,0.41,9,0.6923076923076923,7,4.73,0.68,4,0.5714285714285714,6,0.55,0.09,5,0.8333333333333334,10,3,7,14,4,10,7.08,0.51,0.7142857142857143,0.21428571428571427,0.5,0.2857142857142857,0.7142857142857143,35,0.5737704918032787,7.03,0.12,61,11,0.7333333333333333,15.9,1.06,15,401309644,2021,12
38,Colorado Buffaloes,11,0.2391304347826087,5,0.2,6,0.2857142857142857,3,0.3333333333333333,2,0.16666666666666666,8,0.24242424242424243,33,0.45454545454545453,0.5454545454545454,-11.07,-0.34,4,0.12121212121212122,15,-3.9,-0.26,3,0.2,18,-7.17,-0.4,5,0.2777777777777778,4,1.0,0.0,-0.88,-0.22,1,0.25,4,-0.88,-0.22,1,0.25,,,,,,3,2,1,13,10,3,-4.73,-0.36,0.23076923076923078,0.15384615384615385,0.07692307692307693,0.7692307692307693,0.23076923076923078,7,0.2692307692307692,-11.45,-0.44,26,4,0.2,-4.35,-0.22,20,401309903,2021,12
264,Washington Huskies,31,0.37349397590361444,24,0.4067796610169492,7,0.30434782608695654,2,0.2222222222222222,14,0.6666666666666666,16,0.26666666666666666,60,0.65,0.3333333333333333,-33.23,-0.55,4,0.06666666666666667,39,-3.32,-0.09,12,0.3076923076923077,20,-17.05,-0.85,4,0.2,20,0.8,0.2,3.32,0.17,9,0.45,16,6.85,0.43,9,0.5625,4,-3.53,-0.88,0,0.0,15,12,3,23,20,3,18.75,0.82,0.6521739130434783,0.5217391304347826,0.13043478260869565,0.8695652173913043,0.13043478260869565,16,0.32653061224489793,-22.92,-0.47,49,15,0.4411764705882353,8.44,0.25,34,401309903,2021,12
2429,Charlotte 49ers,33,0.4583333333333333,21,0.5121951219512195,12,0.3870967741935484,6,0.5,4,0.2857142857142857,23,0.4423076923076923,52,0.5769230769230769,0.4230769230769231,-2.53,-0.05,10,0.19230769230769232,30,2.29,0.08,15,0.5,22,-4.81,-0.22,8,0.36363636363636365,8,0.375,0.625,-3.96,-0.49,4,0.5,3,0.56,0.19,1,0.3333333333333333,5,-4.52,-0.9,3,0.6,10,6,4,20,11,9,13.63,0.68,0.5,0.3,0.2,0.55,0.45,26,0.49056603773584906,13.51,0.25,53,7,0.3684210526315789,-2.4,-0.13,19,401282261,2021,12
276,Marshall Thundering Herd,43,0.6056338028169014,15,0.5555555555555556,28,0.6363636363636364,7,0.5384615384615384,8,0.6666666666666666,34,0.5862068965517241,58,0.41379310344827586,0.5862068965517241,22.66,0.39,16,0.27586206896551724,24,9.14,0.38,13,0.5416666666666666,34,13.52,0.4,21,0.6176470588235294,16,0.625,0.375,11.37,0.71,11,0.6875,10,9.95,1.0,6,0.6,6,1.42,0.24,5,0.8333333333333334,9,2,7,13,3,10,14.36,1.1,0.6923076923076923,0.15384615384615385,0.5384615384615384,0.23076923076923078,0.7692307692307693,32,0.5714285714285714,19.8,0.35,56,11,0.7333333333333333,17.22,1.15,15,401282261,2021,12
135,Minnesota Golden Gophers,30,0.44776119402985076,11,0.5789473684210527,19,0.3958333333333333,11,0.5238095238095238,8,0.6153846153846154,21,0.40384615384615385,52,0.2692307692307692,0.7307692307692307,7.25,0.14,10,0.19230769230769232,14,5.14,0.37,6,0.42857142857142855,38,2.1,0.06,15,0.39473684210526316,13,0.46153846153846156,0.5384615384615384,9.81,0.75,8,0.6153846153846154,6,9.96,1.66,5,0.8333333333333334,7,-0.15,-0.02,3,0.42857142857142855,9,5,4,15,5,10,7.8,0.52,0.6,0.3333333333333333,0.26666666666666666,0.3333333333333333,0.6666666666666666,20,0.39215686274509803,-1.32,-0.03,51,10,0.625,16.36,1.02,16,401282732,2021,12
84,Indiana Hoosiers,16,0.3076923076923077,5,0.25,11,0.34375,2,0.4,7,0.5,9,0.24324324324324326,37,0.40540540540540543,0.5945945945945946,-5.44,-0.15,4,0.10810810810810811,15,-4.36,-0.29,3,0.2,22,-1.09,-0.05,6,0.2727272727272727,9,0.4444444444444444,0.5555555555555556,-2.69,-0.3,3,0.3333333333333333,4,-2.58,-0.65,1,0.25,5,-0.11,-0.02,2,0.4,7,2,5,15,5,10,2.23,0.15,0.4666666666666667,0.13333333333333333,0.3333333333333333,0.3333333333333333,0.6666666666666666,12,0.36363636363636365,3.14,0.1,33,4,0.21052631578947367,-6.36,-0.33,19,401282732,2021,12
2426,Navy Midshipmen,27,0.5625,3,0.6,24,0.5581395348837209,3,0.42857142857142855,5,0.625,22,0.55,40,0.05,0.95,19.9,0.5,12,0.3,2,1.39,0.7,1,0.5,38,18.51,0.49,21,0.5526315789473685,10,0.0,1.0,1.06,0.11,4,0.4,,,,,,10,1.06,0.11,4,0.4,5,2,3,8,3,5,4.66,0.58,0.625,0.25,0.375,0.375,0.625,22,0.5945945945945946,24.76,0.67,37,5,0.45454545454545453,-0.19,-0.02,11,401301047,2021,12
151,East Carolina Pirates,37,0.5522388059701493,21,0.65625,16,0.45714285714285713,6,0.375,8,0.5714285714285714,25,0.5208333333333334,48,0.3958333333333333,0.6041666666666666,10.12,0.21,11,0.22916666666666666,19,12.25,0.64,12,0.631578947368421,29,-2.13,-0.07,13,0.4482758620689655,7,0.5714285714285714,0.42857142857142855,6.85,0.98,3,0.42857142857142855,4,8.07,2.02,2,0.5,3,-1.22,-0.41,1,0.3333333333333333,12,9,3,19,13,6,20.6,1.08,0.631578947368421,0.47368421052631576,0.15789473684210525,0.6842105263157895,0.3157894736842105,27,0.574468085106383,20.42,0.43,47,10,0.5,10.3,0.51,20,401301047,2021,12
2026,Appalachian State Mountaineers,34,0.4473684210526316,13,0.5416666666666666,21,0.40384615384615385,15,0.5555555555555556,7,0.5,23,0.40350877192982454,57,0.3157894736842105,0.6842105263157895,4.39,0.08,13,0.22807017543859648,18,5.78,0.32,9,0.5,39,-1.39,-0.04,14,0.358974358974359,14,0.42857142857142855,0.5714285714285714,11.48,0.82,9,0.6428571428571429,6,11.25,1.87,5,0.8333333333333334,8,0.23,0.03,4,0.5,11,4,7,19,6,13,10.69,0.56,0.5789473684210527,0.21052631578947367,0.3684210526315789,0.3157894736842105,0.6842105263157895,26,0.4727272727272727,12.12,0.22,55,8,0.38095238095238093,2.96,0.14,21,401309642,2021,12
2653,Troy Trojans,9,0.23076923076923078,7,0.30434782608695654,2,0.125,,,1,0.1111111111111111,8,0.2857142857142857,28,0.5714285714285714,0.42857142857142855,-12.0,-0.43,3,0.10714285714285714,16,-4.36,-0.27,6,0.375,12,-7.64,-0.64,2,0.16666666666666666,9,0.4444444444444444,0.5555555555555556,-8.36,-0.93,3,0.3333333333333333,4,-5.78,-1.45,2,0.5,5,-2.58,-0.52,1,0.2,1,1,0,11,7,4,-10.71,-0.97,0.09090909090909091,0.09090909090909091,0.0,0.6363636363636364,0.36363636363636365,5,0.20833333333333334,-20.87,-0.87,24,4,0.26666666666666666,-1.84,-0.12,15,401309642,2021,12
2132,Cincinnati Bearcats,39,0.5571428571428572,16,0.5333333333333333,23,0.575,10,0.625,7,0.5384615384615384,29,0.5471698113207547,53,0.4528301886792453,0.5471698113207547,16.62,0.31,12,0.22641509433962265,24,13.54,0.56,14,0.5833333333333334,29,3.08,0.11,15,0.5172413793103449,13,0.6923076923076923,0.3076923076923077,3.11,0.24,7,0.5384615384615384,9,2.85,0.32,5,0.5555555555555556,4,0.26,0.07,2,0.5,10,2,8,17,6,11,9.69,0.57,0.5882352941176471,0.11764705882352941,0.47058823529411764,0.35294117647058826,0.6470588235294118,33,0.6,25.47,0.46,55,6,0.4,0.85,0.06,15,401301046,2021,12
2567,SMU Mustangs,26,0.45614035087719296,8,0.27586206896551724,18,0.6428571428571429,4,0.5,2,0.18181818181818182,23,0.5111111111111111,45,0.4444444444444444,0.5555555555555556,-3.55,-0.08,10,0.2222222222222222,20,-4.55,-0.23,7,0.35,25,1.0,0.04,16,0.64,5,0.6,0.4,-1.52,-0.3,2,0.4,3,-2.03,-0.68,0,0.0,2,0.51,0.25,2,1.0,3,1,2,12,9,3,-1.7,-0.14,0.25,0.08333333333333333,0.16666666666666666,0.75,0.25,23,0.575,1.14,0.03,40,3,0.17647058823529413,-6.4,-0.38,17,401301046,2021,12
142,Missouri Tigers,19,0.3275862068965517,8,0.27586206896551724,11,0.3793103448275862,2,0.3333333333333333,3,0.2,16,0.37209302325581395,43,0.4186046511627907,0.5813953488372093,6.54,0.15,7,0.16279069767441862,18,1.63,0.09,6,0.3333333333333333,25,4.91,0.2,10,0.4,7,0.8571428571428571,0.14285714285714285,-5.05,-0.72,2,0.2857142857142857,6,-5.41,-0.9,1,0.16666666666666666,1,0.36,0.36,1,1.0,3,2,1,15,11,4,-9.71,-0.65,0.2,0.13333333333333333,0.06666666666666667,0.7333333333333333,0.26666666666666666,15,0.42857142857142855,7.57,0.22,35,4,0.17391304347826086,-10.74,-0.47,23,401282141,2021,12
57,Florida Gators,28,0.39436619718309857,15,0.42857142857142855,13,0.3611111111111111,5,0.5555555555555556,6,0.3333333333333333,20,0.39215686274509803,51,0.4117647058823529,0.5882352941176471,-3.61,-0.07,9,0.17647058823529413,21,-0.83,-0.04,8,0.38095238095238093,30,-2.78,-0.09,12,0.4,12,0.5833333333333334,0.4166666666666667,1.4,0.12,7,0.5833333333333334,7,0.63,0.09,4,0.5714285714285714,5,0.77,0.15,3,0.6,8,7,1,20,14,6,0.13,0.01,0.4,0.35,0.05,0.7,0.3,20,0.43478260869565216,3.74,0.08,46,8,0.32,-7.22,-0.29,25,401282141,2021,12
2638,UTEP Miners,34,0.5483870967741935,22,0.6285714285714286,12,0.4444444444444444,10,0.5882352941176471,5,0.5,28,0.5490196078431373,51,0.5294117647058824,0.47058823529411764,13.09,0.26,17,0.3333333333333333,27,11.07,0.41,17,0.6296296296296297,24,2.02,0.08,11,0.4583333333333333,15,0.8,0.2,2.56,0.17,8,0.5333333333333333,12,3.39,0.28,8,0.6666666666666666,3,-0.83,-0.28,0,0.0,6,5,1,11,8,3,7.52,0.68,0.5454545454545454,0.45454545454545453,0.09090909090909091,0.7272727272727273,0.2727272727272727,26,0.5909090909090909,15.77,0.36,44,8,0.4444444444444444,4.84,0.27,18,401282266,2021,12
242,Rice Owls,29,0.4142857142857143,15,0.40540540540540543,14,0.42424242424242425,4,0.4,4,0.26666666666666666,23,0.45098039215686275,51,0.47058823529411764,0.5294117647058824,4.9,0.1,11,0.21568627450980393,24,6.33,0.26,11,0.4583333333333333,27,-1.43,-0.05,12,0.4444444444444444,12,0.3333333333333333,0.6666666666666666,11.12,0.93,8,0.6666666666666666,4,9.4,2.35,4,1.0,8,1.72,0.22,4,0.5,6,4,2,19,13,6,-3.01,-0.16,0.3157894736842105,0.21052631578947367,0.10526315789473684,0.6842105263157895,0.3157894736842105,24,0.5106382978723404,12.97,0.28,47,5,0.21739130434782608,-11.08,-0.48,23,401282266,2021,12
2116,UCF Knights,36,0.5373134328358209,19,0.5588235294117647,17,0.5151515151515151,9,0.75,4,0.36363636363636365,31,0.5636363636363636,55,0.4909090909090909,0.509090909090909,12.58,0.23,13,0.23636363636363636,27,6.42,0.24,16,0.5925925925925926,28,6.15,0.22,15,0.5357142857142857,4,0.5,0.5,-3.48,-0.87,0,0.0,2,-2.47,-1.23,0,0.0,2,-1.01,-0.51,0,0.0,5,3,2,12,7,5,-0.96,-0.08,0.4166666666666667,0.25,0.16666666666666666,0.5833333333333334,0.4166666666666667,29,0.5370370370370371,8.19,0.15,54,7,0.5384615384615384,3.42,0.26,13,401286293,2021,12
41,UConn Huskies,30,0.38961038961038963,13,0.2765957446808511,17,0.5666666666666667,4,0.25,3,0.17647058823529413,24,0.42857142857142855,56,0.5535714285714286,0.44642857142857145,-8.24,-0.15,11,0.19642857142857142,31,-8.9,-0.29,10,0.3225806451612903,25,0.66,0.03,14,0.56,13,0.8461538461538461,0.15384615384615385,-6.43,-0.49,3,0.23076923076923078,11,-3.19,-0.29,3,0.2727272727272727,2,-3.24,-1.62,0,0.0,6,3,3,21,16,5,-4.23,-0.2,0.2857142857142857,0.14285714285714285,0.14285714285714285,0.7619047619047619,0.23809523809523808,25,0.5102040816326531,6.54,0.13,49,5,0.17857142857142858,-19.02,-0.68,28,401286293,2021,12
309,Louisiana Ragin' Cajuns,27,0.4153846153846154,10,0.35714285714285715,17,0.4594594594594595,9,0.42857142857142855,4,0.3076923076923077,20,0.4166666666666667,48,0.375,0.625,0.74,0.02,8,0.16666666666666666,18,-0.74,-0.04,6,0.3333333333333333,30,1.48,0.05,14,0.4666666666666667,12,0.4166666666666667,0.5833333333333334,-1.5,-0.12,5,0.4166666666666667,5,-2.08,-0.42,1,0.2,7,0.58,0.08,4,0.5714285714285714,7,4,3,17,10,7,-3.34,-0.2,0.4117647058823529,0.23529411764705882,0.17647058823529413,0.5882352941176471,0.4117647058823529,23,0.4791666666666667,9.09,0.19,48,4,0.23529411764705882,-11.7,-0.69,17,401286298,2021,12
2335,Liberty Flames,25,0.35714285714285715,12,0.27906976744186046,13,0.5,2,1.0,6,0.375,17,0.3469387755102041,49,0.6326530612244898,0.3673469387755102,-14.0,-0.29,7,0.14285714285714285,31,-15.62,-0.5,9,0.2903225806451613,18,1.62,0.09,8,0.4444444444444444,6,0.6666666666666666,0.3333333333333333,1.75,0.29,2,0.3333333333333333,4,0.96,0.24,1,0.25,2,0.79,0.4,1,0.5,8,3,5,21,12,8,-4.11,-0.2,0.38095238095238093,0.14285714285714285,0.23809523809523808,0.5714285714285714,0.38095238095238093,18,0.4186046511627907,1.03,0.02,43,7,0.25925925925925924,-19.14,-0.71,27,401286298,2021,12
2305,Kansas Jayhawks,32,0.5333333333333333,17,0.5483870967741935,15,0.5172413793103449,4,0.6666666666666666,4,0.4,27,0.5510204081632653,49,0.46938775510204084,0.5306122448979592,15.45,0.32,12,0.24489795918367346,23,12.54,0.55,14,0.6086956521739131,26,2.91,0.11,13,0.5,9,0.4444444444444444,0.5555555555555556,-6.04,-0.67,4,0.4444444444444444,4,-3.82,-0.95,2,0.5,5,-2.22,-0.44,2,0.4,5,3,2,11,8,3,-0.98,-0.09,0.45454545454545453,0.2727272727272727,0.18181818181818182,0.7272727272727273,0.2727272727272727,23,0.5227272727272727,10.0,0.23,44,9,0.5625,4.48,0.28,16,401287945,2021,12
2628,TCU Horned Frogs,36,0.5625,8,0.42105263157894735,28,0.6222222222222222,7,0.4117647058823529,8,0.5714285714285714,27,0.5625,48,0.22916666666666666,0.7708333333333334,10.35,0.22,12,0.25,11,-2.13,-0.19,4,0.36363636363636365,37,12.48,0.34,23,0.6216216216216216,18,0.3333333333333333,0.6666666666666666,2.6,0.14,9,0.5,6,-3.76,-0.63,3,0.5,12,6.36,0.53,6,0.5,9,4,5,16,8,8,8.33,0.52,0.5625,0.25,0.3125,0.5,0.5,28,0.6086956521739131,15.62,0.34,46,8,0.4444444444444444,3.06,0.17,18,401287945,2021,12
202,Tulsa Golden Hurricane,36,0.5070422535211268,16,0.5333333333333333,20,0.4878048780487805,8,0.7272727272727273,6,0.46153846153846156,28,0.5,56,0.375,0.625,3.22,0.06,12,0.21428571428571427,21,7.45,0.35,12,0.5714285714285714,35,-4.23,-0.12,16,0.45714285714285713,7,0.42857142857142855,0.5714285714285714,0.54,0.08,5,0.7142857142857143,3,2.93,0.98,3,1.0,4,-2.39,-0.6,2,0.5,8,4,4,15,9,6,8.47,0.56,0.5333333333333333,0.26666666666666666,0.26666666666666666,0.6,0.4,30,0.5555555555555556,9.7,0.18,54,6,0.35294117647058826,1.99,0.12,17,401301049,2021,12
218,Temple Owls,24,0.34782608695652173,12,0.3157894736842105,12,0.3870967741935484,1,0.25,2,0.14285714285714285,19,0.38,50,0.52,0.48,-1.14,-0.02,9,0.18,26,-0.14,-0.01,10,0.38461538461538464,24,-0.99,-0.04,9,0.375,18,0.7777777777777778,0.2222222222222222,5.86,0.33,10,0.5555555555555556,14,1.43,0.1,7,0.5,4,4.43,1.11,3,0.75,5,2,3,19,12,7,-7.39,-0.39,0.2631578947368421,0.10526315789473684,0.15789473684210525,0.631578947368421,0.3684210526315789,18,0.4090909090909091,-1.04,-0.02,44,6,0.24,-7.49,-0.3,25,401301049,2021,12
30,USC Trojans,42,0.49411764705882355,21,0.42,21,0.6,6,0.42857142857142855,9,0.47368421052631576,31,0.484375,64,0.5625,0.4375,3.56,0.06,12,0.1875,36,-0.21,-0.01,16,0.4444444444444444,28,3.78,0.13,15,0.5357142857142857,9,0.5555555555555556,0.4444444444444444,3.62,0.4,6,0.6666666666666666,5,-0.04,-0.01,2,0.4,4,3.66,0.92,4,1.0,11,5,6,21,14,7,3.66,0.17,0.5238095238095238,0.23809523809523808,0.2857142857142857,0.6666666666666666,0.3333333333333333,29,0.5178571428571429,8.32,0.15,56,13,0.4482758620689655,-1.1,-0.04,29,401309904,2021,12
26,UCLA Bruins,36,0.5625,15,0.6521739130434783,21,0.5121951219512195,6,0.5,6,0.6666666666666666,30,0.5454545454545454,55,0.3090909090909091,0.6909090909090909,18.46,0.34,18,0.32727272727272727,17,13.88,0.82,12,0.7058823529411765,38,4.58,0.12,18,0.47368421052631576,15,0.3333333333333333,0.6666666666666666,9.51,0.63,13,0.8666666666666667,5,4.43,0.89,5,1.0,10,5.08,0.51,8,0.8,6,3,3,9,6,3,12.82,1.42,0.6666666666666666,0.3333333333333333,0.3333333333333333,0.6666666666666666,0.3333333333333333,26,0.5531914893617021,10.94,0.23,47,10,0.5882352941176471,20.34,1.2,17,401309904,2021,12
2579,South Carolina Gamecocks,24,0.42857142857142855,9,0.47368421052631576,15,0.40540540540540543,3,0.375,2,0.2222222222222222,21,0.45652173913043476,46,0.2826086956521739,0.717391304347826,2.8,0.06,13,0.2826086956521739,13,0.9,0.07,6,0.46153846153846156,33,1.9,0.06,15,0.45454545454545453,9,0.1111111111111111,0.8888888888888888,3.36,0.37,5,0.5555555555555556,1,2.04,2.04,1,1.0,8,1.32,0.16,4,0.5,3,3,0,10,6,4,-0.07,-0.01,0.3,0.3,0.0,0.6,0.4,18,0.45,-0.93,-0.02,40,6,0.375,3.66,0.23,16,401282142,2021,12
2,Auburn Tigers,30,0.46153846153846156,11,0.3333333333333333,19,0.59375,4,0.5,7,0.5,22,0.4489795918367347,49,0.46938775510204084,0.5306122448979592,4.05,0.08,13,0.2653061224489796,23,0.66,0.03,9,0.391304347826087,26,3.39,0.13,13,0.5,10,0.7,0.3,-0.42,-0.04,4,0.4,7,-5.82,-0.83,1,0.14285714285714285,3,5.4,1.8,3,1.0,8,2,6,16,10,6,-0.29,-0.02,0.5,0.125,0.375,0.625,0.375,22,0.4888888888888889,5.3,0.12,45,8,0.4,-1.54,-0.08,20,401282142,2021,12
249,North Texas Mean Green,24,0.38095238095238093,4,0.3333333333333333,20,0.39215686274509803,4,0.6666666666666666,4,0.36363636363636365,20,0.38461538461538464,52,0.11538461538461539,0.8846153846153846,12.69,0.24,10,0.19230769230769232,6,8.38,1.4,2,0.3333333333333333,46,4.3,0.09,18,0.391304347826087,16,0.3125,0.6875,-3.25,-0.2,4,0.25,5,-0.27,-0.05,1,0.2,11,-2.99,-0.27,3,0.2727272727272727,4,2,2,11,6,5,-2.72,-0.25,0.36363636363636365,0.18181818181818182,0.18181818181818182,0.5454545454545454,0.45454545454545453,21,0.40384615384615385,4.63,0.09,52,3,0.2727272727272727,5.33,0.48,11,401282262,2021,12
2229,Florida International Panthers,17,0.2786885245901639,13,0.3611111111111111,4,0.16,1,0.2,3,0.2,12,0.2727272727272727,44,0.5,0.5,-3.07,-0.07,7,0.1590909090909091,22,-0.26,-0.01,8,0.36363636363636365,22,-2.82,-0.13,4,0.18181818181818182,15,0.5333333333333333,0.4666666666666667,2.59,0.17,4,0.26666666666666666,8,3.81,0.48,4,0.5,7,-1.22,-0.17,0,0.0,5,5,0,17,14,3,-5.38,-0.32,0.29411764705882354,0.29411764705882354,0.0,0.8235294117647058,0.17647058823529413,9,0.25,-3.38,-0.09,36,8,0.32,-5.08,-0.2,25,401282262,2021,12
24,Stanford Cardinal,33,0.4647887323943662,22,0.4489795918367347,11,0.5,6,0.375,5,0.4166666666666667,28,0.49122807017543857,57,0.6491228070175439,0.3508771929824561,-2.1,-0.04,14,0.24561403508771928,37,-0.65,-0.02,18,0.4864864864864865,20,-1.45,-0.07,10,0.5,10,0.9,0.1,4.94,0.49,6,0.6,9,5.46,0.61,6,0.6666666666666666,1,-0.53,-0.53,0,0.0,5,4,1,14,12,2,-2.28,-0.16,0.35714285714285715,0.2857142857142857,0.07142857142857142,0.8571428571428571,0.14285714285714285,25,0.5102040816326531,-4.68,-0.1,49,8,0.36363636363636365,0.3,0.01,22,401309900,2021,12
25,California Golden Bears,34,0.5483870967741935,14,0.4666666666666667,20,0.625,6,0.5454545454545454,6,0.5,27,0.5625,48,0.4166666666666667,0.5833333333333334,22.28,0.46,12,0.25,20,10.47,0.52,10,0.5,28,11.81,0.42,17,0.6071428571428571,13,0.6153846153846154,0.38461538461538464,0.47,0.04,5,0.38461538461538464,8,-0.52,-0.07,2,0.25,5,0.99,0.2,3,0.6,7,4,3,14,10,4,1.53,0.11,0.5,0.2857142857142857,0.21428571428571427,0.7142857142857143,0.2857142857142857,25,0.5681818181818182,20.22,0.46,44,9,0.5,3.59,0.2,18,401309900,2021,12
6,South Alabama Jaguars,22,0.3188405797101449,9,0.2571428571428571,13,0.40625,3,0.21428571428571427,2,0.125,15,0.3333333333333333,45,0.4222222222222222,0.5777777777777777,-7.99,-0.18,7,0.15555555555555556,19,-1.72,-0.09,5,0.2631578947368421,26,-6.26,-0.24,10,0.38461538461538464,11,0.6363636363636364,0.36363636363636365,-2.91,-0.26,2,0.18181818181818182,7,-1.72,-0.25,1,0.14285714285714285,4,-1.19,-0.3,1,0.25,7,4,3,24,16,6,5.46,0.23,0.2916666666666667,0.16666666666666666,0.125,0.6666666666666666,0.25,14,0.4,8.25,0.24,35,8,0.23529411764705882,-10.78,-0.32,34,401282143,2021,12
2633,Tennessee Volunteers,45,0.625,19,0.59375,26,0.65,8,0.6666666666666666,8,0.7272727272727273,37,0.6166666666666667,60,0.43333333333333335,0.5666666666666667,18.28,0.3,17,0.2833333333333333,26,9.71,0.37,16,0.6153846153846154,34,8.57,0.25,21,0.6176470588235294,8,0.5,0.5,3.56,0.45,7,0.875,4,2.38,0.59,3,0.75,4,1.19,0.3,4,1.0,8,3,5,12,6,6,9.47,0.79,0.6666666666666666,0.25,0.4166666666666667,0.5,0.5,39,0.7090909090909091,22.03,0.4,55,6,0.35294117647058826,5.72,0.34,17,401282143,2021,12
259,Virginia Tech Hokies,34,0.4927536231884058,12,0.4,22,0.5641025641025641,5,0.3333333333333333,5,0.38461538461538464,28,0.509090909090909,55,0.36363636363636365,0.6363636363636364,9.27,0.17,14,0.2545454545454545,20,-0.2,-0.01,7,0.35,35,9.47,0.27,21,0.6,8,0.5,0.5,3.33,0.42,5,0.625,4,2.5,0.62,2,0.5,4,0.83,0.21,3,0.75,6,5,1,14,10,4,8.22,0.59,0.42857142857142855,0.35714285714285715,0.07142857142857142,0.7142857142857143,0.2857142857142857,25,0.5813953488372093,10.64,0.25,43,9,0.34615384615384615,6.86,0.26,26,401282694,2021,12
2390,Miami Hurricanes,27,0.46551724137931033,16,0.5,11,0.4230769230769231,7,0.5,6,0.5,20,0.4444444444444444,45,0.5333333333333333,0.4666666666666667,10.42,0.23,8,0.17777777777777778,24,12.83,0.53,12,0.5,21,-2.41,-0.11,8,0.38095238095238093,11,0.45454545454545453,0.5454545454545454,-6.31,-0.57,3,0.2727272727272727,5,-2.12,-0.42,2,0.4,6,-4.2,-0.7,1,0.16666666666666666,7,4,3,13,8,5,4.83,0.37,0.5384615384615384,0.3076923076923077,0.23076923076923078,0.6153846153846154,0.38461538461538464,15,0.40540540540540543,4.49,0.12,37,12,0.5714285714285714,10.75,0.51,21,401282694,2021,12
328,Utah State Aggies,27,0.3698630136986301,14,0.32558139534883723,13,0.43333333333333335,2,0.4,5,0.3333333333333333,22,0.4074074074074074,54,0.5555555555555556,0.4444444444444444,6.46,0.12,14,0.25925925925925924,30,-0.74,-0.02,10,0.3333333333333333,24,7.2,0.3,12,0.5,18,0.7222222222222222,0.2777777777777778,-4.26,-0.24,6,0.3333333333333333,13,-0.88,-0.07,4,0.3076923076923077,5,-3.37,-0.67,2,0.4,5,4,1,19,13,6,-13.07,-0.69,0.2631578947368421,0.21052631578947367,0.05263157894736842,0.6842105263157895,0.3157894736842105,19,0.40425531914893614,4.11,0.09,47,8,0.3076923076923077,-10.72,-0.41,26,401310750,2021,12
2751,Wyoming Cowboys,32,0.5161290322580645,11,0.7333333333333333,21,0.44680851063829785,4,0.36363636363636365,5,0.45454545454545453,26,0.52,50,0.22,0.78,20.3,0.41,13,0.26,11,10.83,0.98,9,0.8181818181818182,39,9.47,0.24,17,0.4358974358974359,3,0.0,1.0,2.68,0.89,2,0.6666666666666666,,,,,,3,2.68,0.89,2,0.6666666666666666,6,2,4,12,4,8,2.98,0.25,0.5,0.16666666666666666,0.3333333333333333,0.3333333333333333,0.6666666666666666,17,0.4146341463414634,-1.11,-0.03,41,15,0.7142857142857143,24.39,1.16,21,401310750,2021,12
99,LSU Tigers,30,0.4166666666666667,19,0.5135135135135135,11,0.3142857142857143,3,0.23076923076923078,10,0.5555555555555556,19,0.37254901960784315,51,0.49019607843137253,0.5098039215686274,-4.8,-0.09,6,0.11764705882352941,25,-2.02,-0.08,11,0.44,26,-2.78,-0.11,8,0.3076923076923077,17,0.5882352941176471,0.4117647058823529,-0.33,-0.02,6,0.35294117647058826,10,1.8,0.18,5,0.5,7,-2.13,-0.3,1,0.14285714285714285,11,8,3,21,12,9,7.81,0.37,0.5238095238095238,0.38095238095238093,0.14285714285714285,0.5714285714285714,0.42857142857142855,22,0.44,3.93,0.08,50,8,0.36363636363636365,-0.92,-0.04,22,401282138,2021,12
2433,UL Monroe Warhawks,27,0.4153846153846154,12,0.4,15,0.42857142857142855,4,0.5,4,0.2857142857142857,21,0.44680851063829785,47,0.3829787234042553,0.6170212765957447,5.11,0.11,7,0.14893617021276595,18,8.03,0.45,8,0.4444444444444444,29,-2.91,-0.1,13,0.4482758620689655,4,0.25,0.75,4.54,1.14,4,1.0,1,3.89,3.89,1,1.0,3,0.65,0.22,3,1.0,6,4,2,18,12,6,-8.56,-0.48,0.3333333333333333,0.2222222222222222,0.1111111111111111,0.6666666666666666,0.3333333333333333,17,0.3953488372093023,-13.43,-0.31,43,10,0.45454545454545453,9.99,0.45,22,401282138,2021,12
167,New Mexico Lobos,10,0.2127659574468085,0,0.0,10,0.2631578947368421,,,2,0.16666666666666666,8,0.22857142857142856,35,0.14285714285714285,0.8571428571428571,-12.85,-0.37,5,0.14285714285714285,5,-6.35,-1.27,0,0.0,30,-6.5,-0.22,8,0.26666666666666666,6,0.16666666666666666,0.8333333333333334,-2.1,-0.35,1,0.16666666666666666,1,-0.27,-0.27,0,0.0,5,-1.83,-0.37,1,0.2,2,0,2,12,4,8,-9.5,-0.79,0.16666666666666666,0.0,0.16666666666666666,0.3333333333333333,0.6666666666666666,9,0.3333333333333333,-6.76,-0.25,27,1,0.05,-15.59,-0.78,20,401310748,2021,12
68,Boise State Broncos,34,0.4927536231884058,11,0.4074074074074074,23,0.5476190476190477,4,0.3076923076923077,4,0.36363636363636365,29,0.5178571428571429,56,0.375,0.625,1.83,0.03,17,0.30357142857142855,21,-1.82,-0.09,8,0.38095238095238093,35,3.65,0.1,21,0.6,13,0.46153846153846156,0.5384615384615384,2.43,0.19,6,0.46153846153846156,6,5.91,0.99,3,0.5,7,-3.48,-0.5,3,0.42857142857142855,5,3,2,13,6,7,-4.28,-0.33,0.38461538461538464,0.23076923076923078,0.15384615384615385,0.46153846153846156,0.5384615384615384,26,0.5416666666666666,0.23,0.0,48,8,0.38095238095238093,-2.69,-0.13,21,401310748,2021,12
9,Arizona State Sun Devils,25,0.43859649122807015,12,0.4,13,0.48148148148148145,3,0.375,4,0.36363636363636365,21,0.4666666666666667,45,0.4666666666666667,0.5333333333333333,1.47,0.03,10,0.2222222222222222,21,2.87,0.14,11,0.5238095238095238,24,-1.39,-0.06,10,0.4166666666666667,14,0.5,0.5,5.35,0.38,10,0.7142857142857143,7,1.56,0.22,5,0.7142857142857143,7,3.79,0.54,5,0.7142857142857143,4,1,3,12,9,3,-4.02,-0.34,0.3333333333333333,0.08333333333333333,0.25,0.75,0.25,21,0.5526315789473685,5.29,0.14,38,4,0.21052631578947367,-7.83,-0.41,19,401309902,2021,12
204,Oregon State Beavers,29,0.46774193548387094,8,0.4444444444444444,21,0.4772727272727273,7,0.7777777777777778,3,0.2727272727272727,24,0.5,48,0.22916666666666666,0.7708333333333334,7.75,0.16,12,0.25,11,3.79,0.34,7,0.6363636363636364,37,3.96,0.11,17,0.4594594594594595,9,0.2222222222222222,0.7777777777777778,2.08,0.23,5,0.5555555555555556,2,-1.7,-0.85,1,0.5,7,3.78,0.54,4,0.5714285714285714,5,1,4,14,7,7,-0.27,-0.02,0.35714285714285715,0.07142857142857142,0.2857142857142857,0.5,0.5,26,0.5652173913043478,15.94,0.35,46,3,0.1875,-8.46,-0.53,16,401309902,2021,12
62,Hawai'i Rainbow Warriors,33,0.4230769230769231,19,0.4318181818181818,14,0.4117647058823529,2,0.2857142857142857,8,0.5,25,0.4032258064516129,62,0.5645161290322581,0.43548387096774194,4.31,0.07,13,0.20967741935483872,35,4.14,0.12,15,0.42857142857142855,27,0.16,0.01,10,0.37037037037037035,17,0.9411764705882353,0.058823529411764705,-0.39,-0.02,7,0.4117647058823529,16,-0.2,-0.01,7,0.4375,1,-0.19,-0.19,0,0.0,8,4,4,16,9,7,0.65,0.04,0.5,0.25,0.25,0.5625,0.4375,22,0.4230769230769231,-2.04,-0.04,52,11,0.4230769230769231,7.0,0.27,26,401310749,2021,12
36,Colorado State Rams,39,0.4642857142857143,26,0.49056603773584906,13,0.41935483870967744,4,0.36363636363636365,12,0.631578947368421,27,0.421875,64,0.59375,0.40625,-4.6,-0.07,12,0.1875,38,8.06,0.21,18,0.47368421052631576,26,-12.66,-0.49,9,0.34615384615384615,14,0.5714285714285714,0.42857142857142855,-12.49,-0.89,4,0.2857142857142857,8,-7.55,-0.94,3,0.375,6,-4.94,-0.82,1,0.16666666666666666,12,8,4,20,15,5,19.47,0.97,0.6,0.4,0.2,0.75,0.25,25,0.43859649122807015,-0.52,-0.01,57,14,0.5185185185185185,15.39,0.57,27,401310749,2021,12
2084,Buffalo Bulls,37,0.4805194805194805,18,0.43902439024390244,19,0.5277777777777778,0,0.0,10,0.5263157894736842,26,0.45614035087719296,57,0.5087719298245614,0.49122807017543857,-9.06,-0.16,11,0.19298245614035087,29,-4.97,-0.17,14,0.4827586206896552,28,-4.1,-0.15,12,0.42857142857142855,4,0.5,0.5,-2.28,-0.57,1,0.25,2,-2.04,-1.02,0,0.0,2,-0.24,-0.12,1,0.5,11,4,7,20,12,8,0.47,0.02,0.55,0.2,0.35,0.6,0.4,30,0.5660377358490566,7.77,0.15,53,7,0.2916666666666667,-16.37,-0.68,24,401309593,2021,13
2050,Ball State Cardinals,19,0.2923076923076923,12,0.36363636363636365,7,0.21875,5,0.45454545454545453,6,0.35294117647058826,11,0.2391304347826087,46,0.41304347826086957,0.5869565217391305,-11.75,-0.26,6,0.13043478260869565,19,-0.04,-0.0,8,0.42105263157894735,27,-11.7,-0.43,3,0.1111111111111111,15,0.4,0.6,0.27,0.02,7,0.4666666666666667,6,-0.9,-0.15,2,0.3333333333333333,9,1.17,0.13,5,0.5555555555555556,8,4,4,19,14,5,1.39,0.07,0.42105263157894735,0.21052631578947367,0.21052631578947367,0.7368421052631579,0.2631578947368421,12,0.2926829268292683,-3.11,-0.08,41,7,0.2916666666666667,-7.25,-0.3,24,401309593,2021,13
2711,Western Michigan Broncos,42,0.5526315789473685,18,0.6428571428571429,24,0.5,8,0.6666666666666666,9,0.6428571428571429,32,0.5423728813559322,59,0.288135593220339,0.711864406779661,15.11,0.26,17,0.288135593220339,17,11.45,0.67,12,0.7058823529411765,42,3.66,0.09,20,0.47619047619047616,14,0.42857142857142855,0.5714285714285714,3.03,0.22,6,0.42857142857142855,6,4.34,0.72,3,0.5,8,-1.3,-0.16,3,0.375,10,6,4,17,11,6,14.17,0.83,0.5882352941176471,0.35294117647058826,0.23529411764705882,0.6470588235294118,0.35294117647058826,34,0.5964912280701754,23.36,0.41,57,8,0.42105263157894735,5.92,0.31,19,401309594,2021,13
2459,Northern Illinois Huskies,12,0.32432432432432434,2,0.16666666666666666,10,0.4,0,0.0,1,0.14285714285714285,11,0.36666666666666664,30,0.26666666666666666,0.7333333333333333,12.14,0.4,5,0.16666666666666666,8,-4.52,-0.57,2,0.25,22,16.66,0.76,9,0.4090909090909091,5,0.4,0.6,-2.16,-0.43,1,0.2,2,-1.5,-0.75,0,0.0,3,-0.66,-0.22,1,0.3333333333333333,1,0,1,7,4,3,-6.36,-0.91,0.14285714285714285,0.0,0.14285714285714285,0.5714285714285714,0.42857142857142855,8,0.38095238095238093,9.52,0.45,21,4,0.25,-3.74,-0.23,16,401309594,2021,13
344,Mississippi State Bulldogs,41,0.5125,28,0.45161290322580644,13,0.7222222222222222,8,0.42105263157894735,5,0.35714285714285715,34,0.5483870967741935,62,0.7580645161290323,0.24193548387096775,18.84,0.3,20,0.3225806451612903,47,11.31,0.24,24,0.5106382978723404,15,7.53,0.5,10,0.6666666666666666,14,0.9285714285714286,0.07142857142857142,0.56,0.04,5,0.35714285714285715,13,0.79,0.06,5,0.38461538461538464,1,-0.23,-0.23,0,0.0,7,4,3,18,15,3,-5.4,-0.3,0.3888888888888889,0.2222222222222222,0.16666666666666666,0.8333333333333334,0.16666666666666666,34,0.576271186440678,17.07,0.29,59,7,0.3333333333333333,-3.63,-0.17,21,401282151,2021,13
145,Ole Miss Rebels,36,0.46153846153846156,16,0.45714285714285713,20,0.46511627906976744,11,0.55,12,0.6666666666666666,23,0.40350877192982454,57,0.49122807017543857,0.5087719298245614,0.86,0.02,10,0.17543859649122806,28,3.8,0.14,12,0.42857142857142855,29,-2.94,-0.1,11,0.3793103448275862,11,0.36363636363636365,0.6363636363636364,5.85,0.53,9,0.8181818181818182,4,3.6,0.9,4,1.0,7,2.25,0.32,5,0.7142857142857143,13,4,9,21,7,14,2.75,0.13,0.6190476190476191,0.19047619047619047,0.42857142857142855,0.3333333333333333,0.6666666666666666,28,0.49122807017543857,3.34,0.06,57,8,0.38095238095238093,0.28,0.01,21,401282151,2021,13
278,Fresno State Bulldogs,33,0.4925373134328358,21,0.5833333333333334,12,0.3870967741935484,4,0.5,7,0.5384615384615384,26,0.48148148148148145,54,0.46296296296296297,0.5370370370370371,12.29,0.23,12,0.2222222222222222,25,13.02,0.52,15,0.6,29,-0.73,-0.03,11,0.3793103448275862,10,0.7,0.3,4.83,0.48,7,0.7,7,3.84,0.55,4,0.5714285714285714,3,0.99,0.33,3,1.0,7,6,1,13,11,2,4.36,0.34,0.5384615384615384,0.46153846153846156,0.07692307692307693,0.8461538461538461,0.15384615384615385,26,0.49056603773584906,13.45,0.25,53,7,0.5,3.21,0.23,14,401310757,2021,13
23,San José State Spartans,27,0.39705882352941174,16,0.34782608695652173,11,0.5,2,0.1111111111111111,5,0.35714285714285715,22,0.4230769230769231,52,0.6346153846153846,0.36538461538461536,1.77,0.03,12,0.23076923076923078,33,4.65,0.14,13,0.3939393939393939,19,-2.89,-0.15,9,0.47368421052631576,7,0.7142857142857143,0.2857142857142857,-0.28,-0.04,2,0.2857142857142857,5,0.28,0.06,1,0.2,2,-0.55,-0.28,1,0.5,5,3,2,16,13,3,-10.55,-0.66,0.3125,0.1875,0.125,0.8125,0.1875,19,0.41304347826086957,-7.42,-0.16,46,8,0.36363636363636365,-1.37,-0.06,22,401310757,2021,13
2132,Cincinnati Bearcats,28,0.4375,15,0.5,13,0.38235294117647056,5,0.38461538461538464,4,0.3333333333333333,24,0.47058823529411764,51,0.43137254901960786,0.5686274509803921,18.97,0.37,13,0.2549019607843137,22,18.06,0.82,13,0.5909090909090909,29,0.91,0.03,11,0.3793103448275862,13,0.5384615384615384,0.46153846153846156,-3.25,-0.25,4,0.3076923076923077,7,-0.41,-0.06,3,0.42857142857142855,6,-2.84,-0.47,1,0.16666666666666666,4,2,2,13,8,5,-14.11,-1.09,0.3076923076923077,0.15384615384615385,0.15384615384615385,0.6153846153846154,0.38461538461538464,21,0.5121951219512195,16.62,0.41,41,7,0.30434782608695654,-11.77,-0.51,23,401301051,2021,13
151,East Carolina Pirates,29,0.37662337662337664,16,0.37209302325581395,13,0.38235294117647056,1,0.14285714285714285,5,0.2777777777777778,21,0.38181818181818183,55,0.4909090909090909,0.509090909090909,-5.91,-0.11,9,0.16363636363636364,27,0.11,0.0,10,0.37037037037037035,28,-6.03,-0.22,11,0.39285714285714285,10,0.5,0.5,-2.02,-0.2,4,0.4,5,-0.01,-0.0,2,0.4,5,-2.01,-0.4,2,0.4,8,6,2,22,16,6,-6.33,-0.29,0.36363636363636365,0.2727272727272727,0.09090909090909091,0.7272727272727273,0.2727272727272727,23,0.4339622641509434,-0.6,-0.01,53,6,0.25,-11.65,-0.49,24,401301051,2021,13
2294,Iowa Hawkeyes,25,0.3968253968253968,10,0.35714285714285715,15,0.42857142857142855,5,0.38461538461538464,8,0.5714285714285714,17,0.3541666666666667,48,0.3333333333333333,0.6666666666666666,-9.63,-0.2,9,0.1875,16,-3.99,-0.25,5,0.3125,32,-5.64,-0.18,12,0.375,8,0.25,0.75,3.13,0.39,3,0.375,2,1.87,0.94,1,0.5,6,1.26,0.21,2,0.3333333333333333,8,5,3,15,12,3,6.57,0.44,0.5333333333333333,0.3333333333333333,0.2,0.8,0.2,18,0.4186046511627907,1.01,0.02,43,7,0.35,-4.06,-0.2,20,401282761,2021,13
158,Nebraska Cornhuskers,31,0.47692307692307695,12,0.5,19,0.4634146341463415,5,0.7142857142857143,7,0.5,21,0.4375,48,0.375,0.625,2.38,0.05,9,0.1875,18,2.2,0.12,8,0.4444444444444444,30,0.19,0.01,13,0.43333333333333335,1,0.0,1.0,0.01,0.01,1,1.0,,,,,,1,0.01,0.01,1,1.0,10,4,6,17,6,11,5.68,0.33,0.5882352941176471,0.23529411764705882,0.35294117647058826,0.35294117647058826,0.6470588235294118,28,0.509090909090909,11.3,0.21,55,3,0.3,-3.24,-0.32,10,401282761,2021,13
254,Utah Utes,30,0.45454545454545453,10,0.43478260869565216,20,0.46511627906976744,3,0.375,6,0.5,23,0.45098039215686275,51,0.3333333333333333,0.6666666666666666,8.38,0.16,13,0.2549019607843137,17,1.32,0.08,7,0.4117647058823529,34,7.06,0.21,16,0.47058823529411764,8,0.25,0.75,2.56,0.32,6,0.75,2,1.41,0.71,2,1.0,6,1.14,0.19,4,0.6666666666666666,7,3,4,15,6,9,2.16,0.14,0.4666666666666667,0.2,0.26666666666666666,0.4,0.6,17,0.3953488372093023,-0.42,-0.01,43,13,0.5652173913043478,10.96,0.48,23,401309906,2021,13
38,Colorado Buffaloes,16,0.3018867924528302,6,0.24,10,0.35714285714285715,0,0.0,6,0.42857142857142855,10,0.2702702702702703,37,0.43243243243243246,0.5675675675675675,-12.38,-0.33,2,0.05405405405405406,16,-4.31,-0.27,5,0.3125,21,-8.07,-0.38,5,0.23809523809523808,13,0.5384615384615384,0.46153846153846156,-0.55,-0.04,6,0.46153846153846156,7,0.1,0.01,3,0.42857142857142855,6,-0.65,-0.11,3,0.5,6,1,5,16,9,7,-6.67,-0.42,0.375,0.0625,0.3125,0.5625,0.4375,11,0.3548387096774194,-6.24,-0.2,31,5,0.22727272727272727,-12.82,-0.58,22,401309906,2021,13
153,North Carolina Tar Heels,31,0.4696969696969697,12,0.375,19,0.5588235294117647,6,0.4,5,0.35714285714285715,25,0.49019607843137253,51,0.43137254901960786,0.5686274509803921,8.9,0.17,14,0.27450980392156865,22,-1.4,-0.06,9,0.4090909090909091,29,10.3,0.36,16,0.5517241379310345,4,0.5,0.5,5.82,1.46,4,1.0,2,2.02,1.01,2,1.0,2,3.81,1.9,2,1.0,6,3,3,15,10,5,-1.46,-0.1,0.4,0.2,0.2,0.6666666666666666,0.3333333333333333,18,0.42857142857142855,2.41,0.06,42,13,0.5416666666666666,5.03,0.21,24,401282699,2021,13
152,NC State Wolfpack,30,0.5,14,0.3783783783783784,16,0.6956521739130435,2,1.0,3,0.3,27,0.54,50,0.56,0.44,9.87,0.2,15,0.3,28,2.91,0.1,11,0.39285714285714285,22,6.96,0.32,16,0.7272727272727273,12,0.75,0.25,1.24,0.1,7,0.5833333333333334,9,1.31,0.15,5,0.5555555555555556,3,-0.08,-0.03,2,0.6666666666666666,3,3,0,10,9,1,-6.96,-0.7,0.3,0.3,0.0,0.9,0.1,23,0.5897435897435898,4.57,0.12,39,7,0.3333333333333333,-1.66,-0.08,21,401282699,2021,13
21,San Diego State Aztecs,27,0.3698630136986301,15,0.39473684210526316,12,0.34285714285714286,3,0.2727272727272727,4,0.25,21,0.3888888888888889,54,0.5185185185185185,0.48148148148148145,5.7,0.11,12,0.2222222222222222,28,8.26,0.29,12,0.42857142857142855,26,-2.56,-0.1,9,0.34615384615384615,19,0.5789473684210527,0.42105263157894735,11.84,0.62,9,0.47368421052631576,11,11.66,1.06,6,0.5454545454545454,8,0.18,0.02,3,0.375,6,3,3,19,10,9,-3.35,-0.18,0.3157894736842105,0.15789473684210525,0.15789473684210525,0.5263157894736842,0.47368421052631576,21,0.45652173913043476,7.05,0.15,46,6,0.2222222222222222,-4.7,-0.17,27,401310753,2021,13
68,Boise State Broncos,29,0.38666666666666666,17,0.37777777777777777,12,0.4,2,0.4,7,0.3888888888888889,21,0.38181818181818183,55,0.5454545454545454,0.45454545454545453,-10.07,-0.18,10,0.18181818181818182,30,-3.34,-0.11,12,0.4,25,-6.74,-0.27,9,0.36,5,0.4,0.6,-0.36,-0.07,3,0.6,2,-0.97,-0.49,0,0.0,3,0.62,0.21,3,1.0,8,5,3,20,15,5,-3.16,-0.16,0.4,0.25,0.15,0.75,0.25,20,0.4166666666666667,-6.92,-0.14,48,9,0.3333333333333333,-6.31,-0.23,27,401310753,2021,13
251,Texas Longhorns,31,0.45588235294117646,13,0.52,18,0.4186046511627907,4,0.3333333333333333,8,0.5,23,0.4423076923076923,52,0.38461538461538464,0.6153846153846154,3.22,0.06,11,0.21153846153846154,20,2.98,0.15,11,0.55,32,0.24,0.01,12,0.375,11,0.36363636363636365,0.6363636363636364,-1.35,-0.12,4,0.36363636363636365,4,0.83,0.21,2,0.5,7,-2.18,-0.31,2,0.2857142857142857,8,2,6,16,5,11,3.43,0.21,0.5,0.125,0.375,0.3125,0.6875,24,0.48,3.74,0.07,50,7,0.3888888888888889,2.91,0.16,18,401287952,2021,13
2306,Kansas State Wildcats,22,0.4583333333333333,7,0.5,15,0.4411764705882353,2,0.5,1,0.1111111111111111,21,0.5675675675675675,37,0.21621621621621623,0.7837837837837838,12.58,0.34,11,0.2972972972972973,8,2.69,0.34,6,0.75,29,9.89,0.34,15,0.5172413793103449,4,0.25,0.75,-3.12,-0.78,2,0.5,1,-1.45,-1.45,0,0.0,3,-1.67,-0.56,2,0.6666666666666666,1,1,0,11,6,5,-17.42,-1.58,0.09090909090909091,0.09090909090909091,0.0,0.5454545454545454,0.45454545454545453,20,0.5263157894736842,0.45,0.01,38,2,0.2,-5.29,-0.53,10,401287952,2021,13
2117,Central Michigan Chippewas,33,0.44,10,0.4166666666666667,23,0.45098039215686275,2,1.0,6,0.4,25,0.44642857142857145,56,0.32142857142857145,0.6785714285714286,4.26,0.08,10,0.17857142857142858,18,0.9,0.05,8,0.4444444444444444,38,3.36,0.09,17,0.4473684210526316,3,0.3333333333333333,0.6666666666666666,-0.62,-0.21,1,0.3333333333333333,1,0.09,0.09,1,1.0,2,-0.71,-0.35,0,0.0,8,2,6,19,6,13,-5.44,-0.29,0.42105263157894735,0.10526315789473684,0.3157894736842105,0.3157894736842105,0.6842105263157895,22,0.4489795918367347,-3.31,-0.07,49,11,0.4230769230769231,2.13,0.08,26,401309595,2021,13
2199,Eastern Michigan Eagles,22,0.36666666666666664,14,0.35,8,0.4,3,0.6,2,0.16666666666666666,19,0.4418604651162791,43,0.6511627906976745,0.3488372093023256,-6.19,-0.14,12,0.27906976744186046,28,0.45,0.02,13,0.4642857142857143,15,-6.64,-0.44,6,0.4,9,0.5555555555555556,0.4444444444444444,2.02,0.22,4,0.4444444444444444,5,4.13,0.83,3,0.6,4,-2.11,-0.53,1,0.25,3,1,2,17,12,5,-14.21,-0.84,0.17647058823529413,0.058823529411764705,0.11764705882352941,0.7058823529411765,0.29411764705882354,18,0.45,-8.7,-0.22,40,4,0.2,-11.7,-0.59,20,401309595,2021,13
189,Bowling Green Falcons,34,0.425,19,0.5,15,0.35714285714285715,4,0.3076923076923077,10,0.5263157894736842,22,0.3793103448275862,58,0.4482758620689655,0.5517241379310345,-5.42,-0.09,9,0.15517241379310345,26,3.87,0.15,12,0.46153846153846156,32,-9.29,-0.29,10,0.3125,15,0.6666666666666666,0.3333333333333333,-2.59,-0.17,5,0.3333333333333333,10,0.22,0.02,4,0.4,5,-2.81,-0.56,1,0.2,12,7,5,22,12,10,5.53,0.25,0.5454545454545454,0.3181818181818182,0.22727272727272727,0.5454545454545454,0.45454545454545453,21,0.40384615384615385,-8.89,-0.17,52,13,0.4642857142857143,9.01,0.32,28,401309596,2021,13
195,Ohio Bobcats,18,0.34615384615384615,9,0.34615384615384615,9,0.34615384615384615,2,0.3333333333333333,2,0.18181818181818182,15,0.39473684210526316,38,0.47368421052631576,0.5263157894736842,-6.29,-0.17,8,0.21052631578947367,18,-2.78,-0.15,8,0.4444444444444444,20,-3.51,-0.18,7,0.35,8,0.375,0.625,-8.16,-1.02,0,0.0,3,-4.99,-1.66,0,0.0,5,-3.17,-0.63,0,0.0,3,1,2,14,8,6,-11.75,-0.84,0.21428571428571427,0.07142857142857142,0.14285714285714285,0.5714285714285714,0.42857142857142855,16,0.47058823529411764,4.96,0.15,34,2,0.1111111111111111,-23.0,-1.28,18,401309596,2021,13
328,Utah State Aggies,24,0.43636363636363634,13,0.5,11,0.3793103448275862,1,0.3333333333333333,4,0.36363636363636365,19,0.4418604651162791,43,0.4186046511627907,0.5813953488372093,7.83,0.18,7,0.16279069767441862,18,9.05,0.5,9,0.5,25,-1.22,-0.05,10,0.4,6,0.8333333333333334,0.16666666666666666,-2.25,-0.38,1,0.16666666666666666,5,-1.99,-0.4,1,0.2,1,-0.26,-0.26,0,0.0,5,4,1,12,8,4,6.88,0.57,0.4166666666666667,0.3333333333333333,0.08333333333333333,0.6666666666666666,0.3333333333333333,19,0.5,10.59,0.28,38,5,0.29411764705882354,4.12,0.24,17,401310755,2021,13
167,New Mexico Lobos,24,0.36363636363636365,9,0.47368421052631576,15,0.3191489361702128,1,0.3333333333333333,5,0.3333333333333333,19,0.3877551020408163,49,0.30612244897959184,0.6938775510204082,-9.68,-0.2,8,0.16326530612244897,15,1.78,0.12,8,0.5333333333333333,34,-11.46,-0.34,11,0.3235294117647059,13,0.38461538461538464,0.6153846153846154,-4.03,-0.31,5,0.38461538461538464,5,0.73,0.15,3,0.6,8,-4.76,-0.59,2,0.25,5,1,4,17,4,13,-10.55,-0.62,0.29411764705882354,0.058823529411764705,0.23529411764705882,0.23529411764705882,0.7647058823529411,18,0.4090909090909091,-15.86,-0.36,44,6,0.2727272727272727,-4.37,-0.2,22,401310755,2021,13
2638,UTEP Miners,29,0.4603174603174603,16,0.45714285714285713,13,0.4642857142857143,4,0.5,4,0.3333333333333333,24,0.48,50,0.48,0.52,8.4,0.17,10,0.2,24,7.12,0.3,13,0.5416666666666666,26,1.28,0.05,11,0.4230769230769231,15,0.6,0.4,-4.27,-0.28,5,0.3333333333333333,9,-1.79,-0.2,3,0.3333333333333333,6,-2.48,-0.41,2,0.3333333333333333,5,3,2,13,11,2,-4.03,-0.31,0.38461538461538464,0.23076923076923078,0.15384615384615385,0.8461538461538461,0.15384615384615385,22,0.5,2.33,0.05,44,7,0.3684210526315789,2.04,0.11,19,401282274,2021,13
5,UAB Blazers,26,0.43333333333333335,10,0.4166666666666667,16,0.4444444444444444,9,0.6,6,0.42857142857142855,19,0.4222222222222222,45,0.4,0.6,2.98,0.07,9,0.2,18,-3.4,-0.19,8,0.4444444444444444,27,6.38,0.24,11,0.4074074074074074,4,0.5,0.5,-2.44,-0.61,1,0.25,2,-1.85,-0.93,0,0.0,2,-0.59,-0.29,1,0.5,7,2,5,15,6,9,1.22,0.08,0.4666666666666667,0.13333333333333333,0.3333333333333333,0.4,0.6,23,0.5227272727272727,9.67,0.22,44,3,0.1875,-5.46,-0.34,16,401282274,2021,13
8,Arkansas Razorbacks,23,0.4423076923076923,11,0.4782608695652174,12,0.41379310344827586,5,0.3333333333333333,5,0.45454545454545453,18,0.43902439024390244,41,0.36585365853658536,0.6341463414634146,12.01,0.29,10,0.24390243902439024,15,8.33,0.56,8,0.5333333333333333,26,3.68,0.14,10,0.38461538461538464,9,0.4444444444444444,0.5555555555555556,0.46,0.05,3,0.3333333333333333,4,0.18,0.05,1,0.25,5,0.28,0.06,2,0.4,5,3,2,11,8,3,0.93,0.08,0.45454545454545453,0.2727272727272727,0.18181818181818182,0.7272727272727273,0.2727272727272727,18,0.4864864864864865,13.84,0.37,37,5,0.3333333333333333,-0.9,-0.06,15,401282145,2021,13
142,Missouri Tigers,32,0.4266666666666667,6,0.23076923076923078,26,0.5306122448979592,2,1.0,8,0.42105263157894735,23,0.42592592592592593,54,0.2222222222222222,0.7777777777777778,-5.74,-0.11,9,0.16666666666666666,12,-6.33,-0.53,2,0.16666666666666666,42,0.59,0.01,21,0.5,13,0.6153846153846154,0.38461538461538464,-6.67,-0.51,2,0.15384615384615385,8,-7.88,-0.99,0,0.0,5,1.22,0.24,2,0.4,9,4,5,21,14,7,-3.44,-0.16,0.42857142857142855,0.19047619047619047,0.23809523809523808,0.6666666666666666,0.3333333333333333,23,0.4791666666666667,-0.26,-0.01,48,9,0.3333333333333333,-8.92,-0.33,27,401282145,2021,13
58,South Florida Bulls,33,0.4520547945205479,15,0.42857142857142855,18,0.47368421052631576,5,0.5555555555555556,6,0.4,25,0.44642857142857145,56,0.5,0.5,1.61,0.03,11,0.19642857142857142,28,1.27,0.05,12,0.42857142857142855,28,0.35,0.01,13,0.4642857142857143,15,0.26666666666666666,0.7333333333333333,0.8,0.05,8,0.5333333333333333,4,0.36,0.09,2,0.5,11,0.44,0.04,6,0.5454545454545454,8,3,5,17,7,10,1.73,0.1,0.47058823529411764,0.17647058823529413,0.29411764705882354,0.4117647058823529,0.5882352941176471,23,0.46,2.09,0.04,50,10,0.43478260869565216,1.26,0.05,23,401301050,2021,13
2116,UCF Knights,19,0.35185185185185186,8,0.2962962962962963,11,0.4074074074074074,3,0.2727272727272727,5,0.38461538461538464,14,0.34146341463414637,41,0.43902439024390244,0.5609756097560976,-3.04,-0.07,8,0.1951219512195122,18,-3.43,-0.19,5,0.2777777777777778,23,0.39,0.02,9,0.391304347826087,6,0.6666666666666666,0.3333333333333333,4.0,0.67,3,0.5,4,4.11,1.03,2,0.5,2,-0.11,-0.05,1,0.5,5,3,2,13,9,4,4.17,0.32,0.38461538461538464,0.23076923076923078,0.15384615384615385,0.6923076923076923,0.3076923076923077,12,0.36363636363636365,-1.17,-0.04,33,7,0.3333333333333333,2.31,0.11,21,401301050,2021,13
6,South Alabama Jaguars,27,0.42857142857142855,25,0.5681818181818182,2,0.10526315789473684,4,0.25,4,0.3333333333333333,21,0.45652173913043476,46,0.7391304347826086,0.2608695652173913,3.48,0.08,11,0.2391304347826087,34,9.75,0.29,20,0.5882352941176471,12,-6.28,-0.52,1,0.08333333333333333,13,0.6923076923076923,0.3076923076923077,-2.72,-0.21,5,0.38461538461538464,9,0.28,0.03,5,0.5555555555555556,4,-3.0,-0.75,0,0.0,6,5,1,17,10,7,-9.27,-0.55,0.35294117647058826,0.29411764705882354,0.058823529411764705,0.5882352941176471,0.4117647058823529,18,0.4186046511627907,-9.81,-0.23,43,9,0.45,4.02,0.2,20,401309648,2021,13
324,Coastal Carolina Chanticleers,36,0.5142857142857142,14,0.4666666666666667,22,0.55,4,0.6666666666666666,3,0.3333333333333333,31,0.5344827586206896,58,0.46551724137931033,0.5344827586206896,8.49,0.15,17,0.29310344827586204,27,-2.81,-0.1,12,0.4444444444444444,31,11.3,0.36,19,0.6129032258064516,23,0.43478260869565216,0.5652173913043478,5.55,0.24,12,0.5217391304347826,10,-0.75,-0.08,4,0.4,13,6.3,0.48,8,0.6153846153846154,5,2,3,12,3,9,-1.55,-0.13,0.4166666666666667,0.16666666666666666,0.25,0.25,0.75,29,0.5272727272727272,2.57,0.05,55,7,0.4666666666666667,4.37,0.29,15,401309648,2021,13
2005,Air Force Falcons,49,0.7101449275362319,,,49,0.7101449275362319,13,0.6842105263157895,5,0.5,42,0.7368421052631579,57,0.0,1.0,24.47,0.43,17,0.2982456140350877,,,,,,57,24.47,0.43,42,0.7368421052631579,8,0.0,1.0,7.0,0.87,5,0.625,,,,,,8,7.0,0.87,5,0.625,7,0,7,12,0,12,3.87,0.32,0.5833333333333334,0.0,0.5833333333333334,0.0,1.0,43,0.7678571428571429,31.49,0.56,56,6,0.46153846153846156,-3.14,-0.24,13,401310752,2021,13
2439,UNLV Rebels,15,0.3409090909090909,6,0.25,9,0.45,2,0.3333333333333333,3,0.375,12,0.34285714285714286,35,0.4857142857142857,0.5142857142857142,1.73,0.05,8,0.22857142857142856,17,-4.88,-0.29,3,0.17647058823529413,18,6.62,0.37,9,0.5,5,0.2,0.8,-1.15,-0.23,2,0.4,1,-0.8,-0.8,0,0.0,4,-0.36,-0.09,2,0.5,3,3,0,9,7,2,-2.83,-0.31,0.3333333333333333,0.3333333333333333,0.0,0.7777777777777778,0.2222222222222222,11,0.4074074074074074,7.93,0.29,27,4,0.23529411764705882,-9.03,-0.53,17,401310752,2021,13
2628,TCU Horned Frogs,24,0.36923076923076925,9,0.2903225806451613,15,0.4411764705882353,3,0.3,6,0.42857142857142855,18,0.375,48,0.4375,0.5625,-7.74,-0.16,11,0.22916666666666666,21,-7.88,-0.38,5,0.23809523809523808,27,0.14,0.01,13,0.48148148148148145,17,0.5294117647058824,0.47058823529411764,4.95,0.29,9,0.5294117647058824,9,2.04,0.23,3,0.3333333333333333,8,2.92,0.36,6,0.75,6,4,2,17,10,7,3.97,0.23,0.35294117647058826,0.23529411764705882,0.11764705882352941,0.5882352941176471,0.4117647058823529,14,0.358974358974359,-16.16,-0.41,39,10,0.38461538461538464,12.4,0.48,26,401287949,2021,13
66,Iowa State Cyclones,25,0.49019607843137253,14,0.45161290322580644,11,0.55,2,0.25,5,0.5555555555555556,20,0.47619047619047616,42,0.5476190476190477,0.4523809523809524,24.08,0.57,12,0.2857142857142857,23,9.16,0.4,10,0.43478260869565216,19,14.91,0.78,10,0.5263157894736842,6,0.5,0.5,2.34,0.39,2,0.3333333333333333,3,-1.95,-0.65,0,0.0,3,4.3,1.43,2,0.6666666666666666,5,4,1,9,8,1,3.45,0.38,0.5555555555555556,0.4444444444444444,0.1111111111111111,0.8888888888888888,0.1111111111111111,18,0.5454545454545454,23.08,0.7,33,7,0.3888888888888889,4.45,0.25,18,401287949,2021,13
265,Washington State Cougars,46,0.6301369863013698,21,0.65625,25,0.6097560975609756,8,0.5333333333333333,7,0.5384615384615384,39,0.65,60,0.43333333333333335,0.5666666666666667,12.06,0.2,17,0.2833333333333333,26,6.22,0.24,18,0.6923076923076923,34,5.85,0.17,21,0.6176470588235294,10,0.7,0.3,6.05,0.6,10,1.0,7,4.78,0.68,7,1.0,3,1.27,0.42,3,1.0,7,3,4,13,6,7,6.83,0.53,0.5384615384615384,0.23076923076923078,0.3076923076923077,0.46153846153846156,0.5384615384615384,37,0.7115384615384616,12.63,0.24,52,9,0.42857142857142855,6.26,0.3,21,401309905,2021,13
264,Washington Huskies,18,0.4,13,0.40625,5,0.38461538461538464,4,0.6666666666666666,5,0.45454545454545453,12,0.36363636363636365,33,0.6666666666666666,0.3333333333333333,-20.63,-0.63,4,0.12121212121212122,22,-18.1,-0.82,8,0.36363636363636365,11,-2.53,-0.23,4,0.36363636363636365,8,0.25,0.75,2.78,0.35,4,0.5,2,1.52,0.76,1,0.5,6,1.26,0.21,3,0.5,6,5,1,12,10,2,3.74,0.31,0.5,0.4166666666666667,0.08333333333333333,0.8333333333333334,0.16666666666666666,13,0.43333333333333335,-14.41,-0.48,30,5,0.3333333333333333,-2.49,-0.17,15,401309905,2021,13
61,Georgia Bulldogs,31,0.62,13,0.6190476190476191,18,0.6206896551724138,5,0.8333333333333334,2,0.4,29,0.6444444444444445,45,0.4,0.6,23.42,0.52,15,0.3333333333333333,18,18.5,1.03,13,0.7222222222222222,27,4.92,0.18,16,0.5925925925925926,13,0.5384615384615384,0.46153846153846156,-1.2,-0.09,5,0.38461538461538464,7,-1.29,-0.18,2,0.2857142857142857,6,0.09,0.02,3,0.5,2,0,2,5,3,2,1.17,0.23,0.4,0.0,0.4,0.6,0.4,25,0.5952380952380952,15.08,0.36,42,6,0.75,9.5,1.19,8,401282148,2021,13
59,Georgia Tech Yellow Jackets,17,0.3333333333333333,3,0.15789473684210525,14,0.4375,,,6,0.42857142857142855,11,0.3142857142857143,35,0.3142857142857143,0.6857142857142857,-13.64,-0.39,4,0.11428571428571428,11,-8.56,-0.78,2,0.18181818181818182,24,-5.08,-0.21,9,0.375,4,0.5,0.5,-1.95,-0.49,0,0.0,2,-1.38,-0.69,0,0.0,2,-0.57,-0.28,0,0.0,6,1,5,16,8,8,-1.85,-0.12,0.375,0.0625,0.3125,0.5,0.5,11,0.4074074074074074,1.86,0.07,27,6,0.25,-17.35,-0.72,24,401282148,2021,13
130,Michigan Wolverines,42,0.711864406779661,13,0.65,29,0.7435897435897436,9,0.8181818181818182,5,0.625,36,0.72,50,0.34,0.66,22.65,0.45,13,0.26,17,4.52,0.27,12,0.7058823529411765,33,18.13,0.55,24,0.7272727272727273,5,0.0,1.0,7.16,1.43,5,1.0,,,,,,5,7.16,1.43,5,1.0,6,1,5,9,3,6,3.76,0.42,0.6666666666666666,0.1111111111111111,0.5555555555555556,0.3333333333333333,0.6666666666666666,37,0.7254901960784313,24.29,0.48,51,5,0.625,2.12,0.27,8,401282781,2021,13
194,Ohio State Buckeyes,38,0.4810126582278481,29,0.5471698113207547,9,0.34615384615384615,5,0.3333333333333333,8,0.47058823529411764,27,0.46551724137931033,58,0.6206896551724138,0.3793103448275862,8.64,0.15,13,0.22413793103448276,36,12.96,0.36,20,0.5555555555555556,22,-4.32,-0.2,7,0.3181818181818182,15,0.6,0.4,2.14,0.14,7,0.4666666666666667,9,4.19,0.47,5,0.5555555555555556,6,-2.05,-0.34,2,0.3333333333333333,11,9,2,21,17,4,13.44,0.64,0.5238095238095238,0.42857142857142855,0.09523809523809523,0.8095238095238095,0.19047619047619047,24,0.5,9.21,0.19,48,14,0.45161290322580644,12.87,0.42,31,401282781,2021,13
333,Alabama Crimson Tide,39,0.41935483870967744,24,0.4067796610169492,12,0.4,7,0.4375,9,0.4090909090909091,28,0.4307692307692308,65,0.5846153846153846,0.38461538461538464,-7.37,-0.11,9,0.13846153846153847,38,-6.23,-0.16,15,0.39473684210526316,25,-3.3,-0.13,11,0.44,11,0.36363636363636365,0.6363636363636364,-5.89,-0.54,3,0.2727272727272727,4,-1.98,-0.49,1,0.25,7,-3.91,-0.56,2,0.2857142857142857,10,9,1,27,21,5,-3.44,-0.13,0.37037037037037035,0.3333333333333333,0.037037037037037035,0.7777777777777778,0.18518518518518517,22,0.41509433962264153,-8.69,-0.16,53,16,0.41025641025641024,-2.12,-0.05,39,401282146,2021,13
2,Auburn Tigers,22,0.3384615384615385,11,0.34375,11,0.3333333333333333,4,0.5,6,0.3333333333333333,16,0.3404255319148936,47,0.3829787234042553,0.6170212765957447,-15.09,-0.32,3,0.06382978723404255,18,-6.47,-0.36,6,0.3333333333333333,29,-8.61,-0.3,10,0.3448275862068966,6,0.5,0.5,-4.37,-0.73,2,0.3333333333333333,3,-4.43,-1.48,0,0.0,3,0.06,0.02,2,0.6666666666666666,6,5,1,18,14,4,-3.93,-0.22,0.3333333333333333,0.2777777777777778,0.05555555555555555,0.7777777777777778,0.2222222222222222,12,0.34285714285714286,-15.34,-0.44,35,10,0.3333333333333333,-3.67,-0.12,30,401282146,2021,13
87,Notre Dame Fighting Irish,38,0.5428571428571428,23,0.6052631578947368,15,0.46875,8,0.6666666666666666,5,0.4166666666666667,33,0.5689655172413793,58,0.5172413793103449,0.4827586206896552,20.13,0.35,17,0.29310344827586204,30,16.45,0.55,20,0.6666666666666666,28,3.68,0.13,13,0.4642857142857143,10,0.3,0.7,-3.37,-0.34,5,0.5,3,-3.98,-1.33,2,0.6666666666666666,7,0.61,0.09,3,0.42857142857142855,5,3,2,12,8,4,-6.35,-0.53,0.4166666666666667,0.25,0.16666666666666666,0.6666666666666666,0.3333333333333333,31,0.5740740740740741,14.23,0.26,54,7,0.4375,-0.45,-0.03,16,401282711,2021,13
24,Stanford Cardinal,17,0.3617021276595745,9,0.3333333333333333,8,0.4,2,1.0,3,0.2727272727272727,14,0.3888888888888889,36,0.5,0.5,-5.03,-0.14,6,0.16666666666666666,18,-3.72,-0.21,7,0.3888888888888889,18,-1.31,-0.07,7,0.3888888888888889,9,0.4444444444444444,0.5555555555555556,2.52,0.28,5,0.5555555555555556,4,1.3,0.33,2,0.5,5,1.22,0.24,3,0.6,3,2,1,11,9,2,-3.02,-0.27,0.2727272727272727,0.18181818181818182,0.09090909090909091,0.8181818181818182,0.18181818181818182,13,0.43333333333333335,-1.59,-0.05,30,4,0.23529411764705882,-6.46,-0.38,17,401282711,2021,13
201,Oklahoma Sooners,28,0.3373493975903614,17,0.37777777777777777,11,0.2894736842105263,2,0.25,5,0.2777777777777778,22,0.3548387096774194,62,0.5483870967741935,0.45161290322580644,1.43,0.02,13,0.20967741935483872,34,3.11,0.09,13,0.38235294117647056,28,-1.68,-0.06,9,0.32142857142857145,14,0.42857142857142855,0.5714285714285714,-1.97,-0.14,4,0.2857142857142857,6,-1.21,-0.2,1,0.16666666666666666,8,-0.76,-0.1,3,0.375,6,4,2,21,11,10,-6.96,-0.33,0.2857142857142857,0.19047619047619047,0.09523809523809523,0.5238095238095238,0.47619047619047616,19,0.37254901960784315,-0.04,-0.0,51,9,0.28125,-5.48,-0.17,32,401287951,2021,13
197,Oklahoma State Cowboys,30,0.45454545454545453,16,0.5161290322580645,14,0.4,6,0.6,3,0.2727272727272727,27,0.4909090909090909,55,0.4727272727272727,0.5272727272727272,13.59,0.25,15,0.2727272727272727,26,9.12,0.35,15,0.5769230769230769,29,4.47,0.15,12,0.41379310344827586,6,0.5,0.5,-7.38,-1.23,1,0.16666666666666666,3,-5.03,-1.68,1,0.3333333333333333,3,-2.36,-0.79,0,0.0,3,1,2,11,5,6,-12.51,-1.14,0.2727272727272727,0.09090909090909091,0.18181818181818182,0.45454545454545453,0.5454545454545454,23,0.45098039215686275,1.21,0.02,51,7,0.4666666666666667,-0.14,-0.01,15,401287951,2021,13
2641,Texas Tech Red Raiders,27,0.5294117647058824,14,0.56,13,0.5,2,1.0,4,0.5714285714285714,22,0.5116279069767442,43,0.46511627906976744,0.5348837209302325,9.27,0.22,9,0.20930232558139536,20,10.05,0.5,11,0.55,23,-0.78,-0.03,11,0.4782608695652174,11,0.36363636363636365,0.6363636363636364,4.7,0.43,6,0.5454545454545454,4,1.54,0.39,1,0.25,7,3.16,0.45,5,0.7142857142857143,5,3,2,8,5,3,2.92,0.37,0.625,0.375,0.25,0.625,0.375,19,0.5,5.5,0.14,38,8,0.6153846153846154,6.7,0.52,13,401287948,2021,13
239,Baylor Bears,33,0.39759036144578314,16,0.45714285714285713,17,0.3541666666666667,7,0.3333333333333333,10,0.5263157894736842,20,0.3333333333333333,60,0.4,0.6,-1.79,-0.03,12,0.2,24,4.87,0.2,10,0.4166666666666667,36,-6.67,-0.19,10,0.2777777777777778,3,0.0,1.0,-0.58,-0.19,1,0.3333333333333333,,,,,,3,-0.58,-0.19,1,0.3333333333333333,13,6,7,23,11,12,14.01,0.61,0.5652173913043478,0.2608695652173913,0.30434782608695654,0.4782608695652174,0.5217391304347826,22,0.4,6.23,0.11,55,11,0.39285714285714285,5.99,0.21,28,401287948,2021,13
2483,Oregon Ducks,39,0.5652173913043478,16,0.5714285714285714,23,0.5609756097560976,4,0.8,10,0.7692307692307693,28,0.509090909090909,55,0.38181818181818183,0.6181818181818182,12.84,0.23,14,0.2545454545454545,21,9.79,0.47,11,0.5238095238095238,34,3.05,0.09,17,0.5,10,0.4,0.6,6.54,0.65,7,0.7,4,1.87,0.47,2,0.5,6,4.67,0.78,5,0.8333333333333334,11,5,6,14,7,7,21.78,1.56,0.7857142857142857,0.35714285714285715,0.42857142857142855,0.5,0.5,26,0.5416666666666666,17.18,0.36,48,13,0.6190476190476191,17.44,0.83,21,401309908,2021,13
204,Oregon State Beavers,31,0.5166666666666667,21,0.5384615384615384,10,0.47619047619047616,7,0.5,4,0.4,25,0.5208333333333334,48,0.5833333333333334,0.4166666666666667,16.84,0.35,16,0.3333333333333333,28,14.2,0.51,15,0.5357142857142857,20,2.64,0.13,10,0.5,13,0.5384615384615384,0.46153846153846156,7.08,0.54,10,0.7692307692307693,7,4.6,0.66,5,0.7142857142857143,6,2.48,0.41,5,0.8333333333333334,6,6,0,12,11,1,6.46,0.54,0.5,0.5,0.0,0.9166666666666666,0.08333333333333333,25,0.5813953488372093,21.99,0.51,43,6,0.35294117647058826,1.31,0.08,17,401309908,2021,13
127,Michigan State Spartans,30,0.4,15,0.5,15,0.3333333333333333,7,0.3684210526315789,10,0.5555555555555556,17,0.32075471698113206,53,0.2641509433962264,0.7358490566037735,-7.42,-0.14,9,0.16981132075471697,14,-3.29,-0.23,4,0.2857142857142857,39,-4.14,-0.11,13,0.3333333333333333,6,0.3333333333333333,0.6666666666666666,-5.17,-0.86,1,0.16666666666666666,2,-6.46,-3.23,0,0.0,4,1.29,0.32,1,0.25,13,11,2,22,16,6,20.86,0.95,0.5909090909090909,0.5,0.09090909090909091,0.7272727272727273,0.2727272727272727,16,0.36363636363636365,-1.16,-0.03,44,14,0.45161290322580644,14.6,0.47,31,401282785,2021,13
213,Penn State Nittany Lions,29,0.48333333333333334,21,0.5526315789473685,8,0.36363636363636365,2,0.2857142857142857,7,0.5384615384615384,20,0.45454545454545453,44,0.6363636363636364,0.36363636363636365,8.53,0.19,10,0.22727272727272727,28,12.41,0.44,15,0.5357142857142857,16,-3.88,-0.24,5,0.3125,10,0.6,0.4,-3.34,-0.33,4,0.4,6,-1.67,-0.28,3,0.5,4,-1.67,-0.42,1,0.25,9,6,3,16,10,6,1.55,0.1,0.5625,0.375,0.1875,0.625,0.375,18,0.43902439024390244,0.84,0.02,41,11,0.5789473684210527,9.25,0.49,19,401282785,2021,13
252,BYU Cougars,36,0.5070422535211268,17,0.5151515151515151,19,0.5,5,0.625,8,0.6153846153846154,25,0.45454545454545453,55,0.45454545454545453,0.5454545454545454,5.65,0.1,12,0.21818181818181817,25,4.51,0.18,12,0.48,30,1.13,0.04,13,0.43333333333333335,13,0.46153846153846156,0.5384615384615384,2.56,0.2,8,0.6153846153846154,6,2.54,0.42,5,0.8333333333333334,7,0.02,0.0,3,0.42857142857142855,11,5,6,16,8,8,10.62,0.66,0.6875,0.3125,0.375,0.5,0.5,30,0.5769230769230769,23.18,0.45,52,6,0.3157894736842105,-6.91,-0.36,19,401309910,2021,13
30,USC Trojans,40,0.5,18,0.5,22,0.5,8,0.32,8,0.5,30,0.4918032786885246,61,0.4426229508196721,0.5573770491803278,12.39,0.2,18,0.29508196721311475,27,10.26,0.38,15,0.5555555555555556,34,2.13,0.06,15,0.4411764705882353,8,0.75,0.25,4.5,0.56,6,0.75,6,5.27,0.88,6,1.0,2,-0.78,-0.39,0,0.0,10,3,7,19,9,10,5.0,0.26,0.5263157894736842,0.15789473684210525,0.3684210526315789,0.47368421052631576,0.5263157894736842,32,0.5423728813559322,17.51,0.3,59,8,0.38095238095238093,-0.12,-0.01,21,401309910,2021,13
135,Minnesota Golden Gophers,18,0.36,8,0.4444444444444444,10,0.3125,3,0.3333333333333333,5,0.45454545454545453,13,0.3333333333333333,39,0.3333333333333333,0.6666666666666666,-5.24,-0.13,7,0.1794871794871795,13,-1.53,-0.12,6,0.46153846153846156,26,-3.71,-0.14,7,0.2692307692307692,9,0.5555555555555556,0.4444444444444444,0.82,0.09,5,0.5555555555555556,5,-0.39,-0.08,2,0.4,4,1.21,0.3,3,0.75,5,2,3,11,5,6,1.76,0.16,0.45454545454545453,0.18181818181818182,0.2727272727272727,0.45454545454545453,0.5454545454545454,11,0.34375,-6.36,-0.2,32,7,0.3888888888888889,2.88,0.16,18,401282794,2021,13
275,Wisconsin Badgers,20,0.3389830508474576,12,0.32432432432432434,8,0.36363636363636365,1,0.16666666666666666,4,0.2857142857142857,14,0.3333333333333333,42,0.5952380952380952,0.40476190476190477,-5.0,-0.12,7,0.16666666666666666,25,0.03,0.0,10,0.4,17,-5.03,-0.3,4,0.23529411764705882,12,0.5,0.5,-4.23,-0.35,3,0.25,6,-1.57,-0.26,2,0.3333333333333333,6,-2.65,-0.44,1,0.16666666666666666,6,2,4,17,12,5,-3.71,-0.22,0.35294117647058826,0.11764705882352941,0.23529411764705882,0.7058823529411765,0.29411764705882354,12,0.32432432432432434,-4.6,-0.12,37,8,0.36363636363636365,-4.11,-0.19,22,401282794,2021,13
245,Texas A&M Aggies,24,0.38095238095238093,17,0.4358974358974359,7,0.2916666666666667,3,0.375,4,0.2857142857142857,19,0.3958333333333333,48,0.5416666666666666,0.4583333333333333,3.75,0.08,11,0.22916666666666666,26,9.42,0.36,12,0.46153846153846156,22,-5.66,-0.26,7,0.3181818181818182,11,0.6363636363636364,0.36363636363636365,-2.56,-0.23,3,0.2727272727272727,7,-1.03,-0.15,2,0.2857142857142857,4,-1.53,-0.38,1,0.25,5,5,0,15,13,2,-1.1,-0.07,0.3333333333333333,0.3333333333333333,0.0,0.8666666666666667,0.13333333333333333,15,0.38461538461538464,-2.96,-0.08,39,9,0.375,5.61,0.23,24,401282150,2021,13
99,LSU Tigers,27,0.36486486486486486,14,0.3181818181818182,13,0.43333333333333335,,,5,0.29411764705882354,20,0.36363636363636365,55,0.5272727272727272,0.4727272727272727,-1.61,-0.03,14,0.2545454545454545,29,-0.96,-0.03,9,0.3103448275862069,26,-0.65,-0.02,11,0.4230769230769231,9,0.6666666666666666,0.3333333333333333,2.6,0.29,3,0.3333333333333333,6,4.31,0.72,3,0.5,3,-1.7,-0.57,0,0.0,7,5,2,19,15,4,2.63,0.14,0.3684210526315789,0.2631578947368421,0.10526315789473684,0.7894736842105263,0.21052631578947367,18,0.4,4.41,0.1,45,9,0.3103448275862069,-3.39,-0.12,29,401282150,2021,13
103,Boston College Eagles,12,0.2926829268292683,1,0.06666666666666667,11,0.4230769230769231,2,0.3333333333333333,2,0.2,10,0.3225806451612903,31,0.25806451612903225,0.7419354838709677,0.39,0.01,7,0.22580645161290322,8,-7.09,-0.89,0,0.0,23,7.48,0.33,10,0.43478260869565216,4,0.5,0.5,-0.87,-0.22,2,0.5,2,-1.56,-0.78,0,0.0,2,0.68,0.34,2,1.0,2,1,1,10,7,3,-7.31,-0.73,0.2,0.1,0.1,0.7,0.3,8,0.3333333333333333,-0.66,-0.03,24,4,0.23529411764705882,-6.26,-0.37,17,401282700,2021,13
154,Wake Forest Demon Deacons,42,0.5060240963855421,19,0.5428571428571428,23,0.4791666666666667,11,0.4782608695652174,12,0.5714285714285714,27,0.4576271186440678,59,0.3898305084745763,0.6101694915254238,1.97,0.03,8,0.13559322033898305,23,4.81,0.21,13,0.5652173913043478,36,-2.84,-0.08,14,0.3888888888888889,13,0.5384615384615384,0.46153846153846156,3.75,0.29,7,0.5384615384615384,7,4.28,0.61,4,0.5714285714285714,6,-0.53,-0.09,3,0.5,15,6,9,24,12,12,5.37,0.22,0.625,0.25,0.375,0.5,0.5,30,0.5084745762711864,6.28,0.11,59,12,0.5,1.05,0.04,24,401282700,2021,13
2636,UTSA Roadrunners,23,0.3898305084745763,9,0.3103448275862069,14,0.4666666666666667,1,0.1,2,0.16666666666666666,20,0.4444444444444444,45,0.4666666666666667,0.5333333333333333,8.18,0.18,10,0.2222222222222222,21,-0.81,-0.04,8,0.38095238095238093,24,8.98,0.37,12,0.5,13,0.38461538461538464,0.6153846153846154,-8.28,-0.64,4,0.3076923076923077,5,-1.5,-0.3,2,0.4,8,-6.78,-0.85,2,0.25,3,1,2,14,8,6,-8.88,-0.63,0.21428571428571427,0.07142857142857142,0.14285714285714285,0.5714285714285714,0.42857142857142855,18,0.47368421052631576,4.67,0.12,38,5,0.23809523809523808,-5.37,-0.26,21,401282273,2021,13
249,North Texas Mean Green,36,0.47368421052631576,7,0.4117647058823529,29,0.4915254237288136,9,0.5,7,0.5384615384615384,28,0.45161290322580644,62,0.14516129032258066,0.8548387096774194,4.49,0.07,13,0.20967741935483872,9,-1.19,-0.13,3,0.3333333333333333,53,5.67,0.11,25,0.4716981132075472,14,0.07142857142857142,0.9285714285714286,5.42,0.39,9,0.6428571428571429,1,0.22,0.22,1,1.0,13,5.2,0.4,8,0.6153846153846154,8,4,4,14,8,6,5.86,0.42,0.5714285714285714,0.2857142857142857,0.2857142857142857,0.5714285714285714,0.42857142857142855,30,0.5172413793103449,7.85,0.14,58,6,0.3333333333333333,2.49,0.14,18,401282273,2021,13
2579,South Carolina Gamecocks,19,0.3064516129032258,12,0.27906976744186046,7,0.3684210526315789,1,0.5,5,0.3125,12,0.2926829268292683,41,0.6341463414634146,0.36585365853658536,-5.83,-0.14,5,0.12195121951219512,26,-3.25,-0.13,8,0.3076923076923077,15,-2.58,-0.17,4,0.26666666666666666,7,1.0,0.0,-2.96,-0.42,2,0.2857142857142857,7,-2.96,-0.42,2,0.2857142857142857,,,,,,7,4,3,21,17,4,-12.15,-0.58,0.3333333333333333,0.19047619047619047,0.14285714285714285,0.8095238095238095,0.19047619047619047,13,0.3939393939393939,0.12,0.0,33,6,0.20689655172413793,-18.1,-0.62,29,401282152,2021,13
228,Clemson Tigers,26,0.4262295081967213,6,0.3333333333333333,20,0.46511627906976744,1,0.14285714285714285,3,0.25,22,0.46808510638297873,47,0.2553191489361702,0.7446808510638298,1.58,0.03,13,0.2765957446808511,12,-1.59,-0.13,6,0.5,35,3.17,0.09,16,0.45714285714285713,14,0.2857142857142857,0.7142857142857143,-1.06,-0.08,8,0.5714285714285714,4,-2.91,-0.73,1,0.25,10,1.85,0.18,7,0.7,4,0,4,14,6,8,-0.93,-0.07,0.2857142857142857,0.0,0.2857142857142857,0.42857142857142855,0.5714285714285714,22,0.4888888888888889,5.38,0.12,45,4,0.25,-4.74,-0.3,16,401282152,2021,13
41,UConn Huskies,22,0.3283582089552239,12,0.2857142857142857,10,0.4,1,0.25,7,0.4375,14,0.2857142857142857,49,0.5918367346938775,0.40816326530612246,-14.76,-0.3,8,0.16326530612244897,29,-9.75,-0.34,7,0.2413793103448276,20,-5.01,-0.25,7,0.35,9,0.7777777777777778,0.2222222222222222,-0.91,-0.1,5,0.5555555555555556,7,0.25,0.04,4,0.5714285714285714,2,-1.15,-0.58,1,0.5,8,5,3,18,13,5,7.9,0.44,0.4444444444444444,0.2777777777777778,0.16666666666666666,0.7222222222222222,0.2777777777777778,12,0.34285714285714286,-5.87,-0.17,35,10,0.3125,-1.0,-0.03,32,401301052,2021,13
248,Houston Cougars,32,0.5,19,0.59375,13,0.40625,7,0.5833333333333334,7,0.5833333333333334,25,0.5,50,0.56,0.44,2.85,0.06,11,0.22,28,1.23,0.04,16,0.5714285714285714,22,1.62,0.07,9,0.4090909090909091,10,0.6,0.4,5.23,0.52,7,0.7,6,4.1,0.68,4,0.6666666666666666,4,1.13,0.28,3,0.75,7,3,4,14,4,10,-0.82,-0.06,0.5,0.21428571428571427,0.2857142857142857,0.2857142857142857,0.7142857142857143,23,0.46,-9.03,-0.18,50,9,0.6428571428571429,11.06,0.79,14,401301052,2021,13
52,Florida State Seminoles,25,0.38461538461538464,14,0.3783783783783784,11,0.39285714285714285,4,0.4,5,0.4166666666666667,20,0.37735849056603776,53,0.5283018867924528,0.4716981132075472,0.51,0.01,13,0.24528301886792453,28,-0.69,-0.02,11,0.39285714285714285,25,1.2,0.05,9,0.36,13,0.6153846153846154,0.38461538461538464,-2.85,-0.22,5,0.38461538461538464,8,-2.29,-0.29,3,0.375,5,-0.56,-0.11,2,0.4,5,3,2,12,9,3,-2.25,-0.19,0.4166666666666667,0.25,0.16666666666666666,0.75,0.25,18,0.4186046511627907,-3.9,-0.09,43,7,0.3181818181818182,2.16,0.1,22,401282147,2021,13
57,Florida Gators,35,0.4666666666666667,18,0.5806451612903226,17,0.38636363636363635,5,0.4166666666666667,11,0.5789473684210527,23,0.41818181818181815,55,0.34545454545454546,0.6545454545454545,-21.42,-0.39,10,0.18181818181818182,19,-12.73,-0.67,9,0.47368421052631576,36,-8.68,-0.24,14,0.3888888888888889,11,0.6363636363636364,0.36363636363636365,-4.52,-0.41,5,0.45454545454545453,7,-2.41,-0.34,4,0.5714285714285714,4,-2.11,-0.53,1,0.25,12,9,3,20,12,8,19.19,0.96,0.6,0.45,0.15,0.6,0.4,28,0.5384615384615384,-4.89,-0.09,52,7,0.30434782608695654,2.66,0.12,23,401282147,2021,13
120,Maryland Terrapins,36,0.48,17,0.5483870967741935,19,0.4418604651162791,4,0.36363636363636365,9,0.6,26,0.4482758620689655,58,0.3448275862068966,0.6551724137931034,12.09,0.21,13,0.22413793103448276,20,7.32,0.37,10,0.5,38,4.77,0.13,16,0.42105263157894735,14,0.5,0.5,4.86,0.35,6,0.42857142857142855,7,5.61,0.8,5,0.7142857142857143,7,-0.75,-0.11,1,0.14285714285714285,10,7,3,16,11,5,17.29,1.08,0.625,0.4375,0.1875,0.6875,0.3125,24,0.5106382978723404,13.42,0.29,47,12,0.4444444444444444,15.96,0.59,27,401282766,2021,13
164,Rutgers Scarlet Knights,28,0.4444444444444444,9,0.3103448275862069,19,0.5588235294117647,7,0.4375,3,0.2727272727272727,25,0.5208333333333334,48,0.375,0.625,13.59,0.28,13,0.2708333333333333,18,7.02,0.39,9,0.5,30,6.57,0.22,16,0.5333333333333333,8,0.25,0.75,5.89,0.74,7,0.875,2,1.57,0.78,2,1.0,6,4.32,0.72,5,0.8333333333333334,3,0,3,15,11,4,-22.73,-1.52,0.2,0.0,0.2,0.7333333333333333,0.26666666666666666,24,0.5106382978723404,0.15,0.0,47,4,0.25,-9.29,-0.58,16,401282766,2021,13
349,Army Black Knights,31,0.4696969696969697,3,0.6,28,0.45901639344262296,8,0.7272727272727273,7,0.5,22,0.44,50,0.08,0.92,8.14,0.16,9,0.18,4,7.15,1.79,3,0.75,46,0.99,0.02,19,0.41304347826086957,19,0.05263157894736842,0.9473684210526315,1.38,0.07,9,0.47368421052631576,1,1.46,1.46,1,1.0,18,-0.08,-0.0,8,0.4444444444444444,9,0,9,16,1,15,0.91,0.06,0.5625,0.0,0.5625,0.0625,0.9375,25,0.46296296296296297,4.41,0.08,54,6,0.5,4.63,0.39,12,401286299,2021,13
2335,Liberty Flames,26,0.35135135135135137,17,0.3148148148148148,9,0.45,3,0.42857142857142855,5,0.3333333333333333,19,0.36538461538461536,52,0.6730769230769231,0.3269230769230769,3.02,0.06,12,0.23076923076923078,35,3.57,0.1,12,0.34285714285714286,17,-0.54,-0.03,7,0.4117647058823529,3,1.0,0.0,-1.85,-0.62,0,0.0,3,-1.85,-0.62,0,0.0,,,,,,7,5,2,22,19,3,-7.31,-0.33,0.3181818181818182,0.22727272727272727,0.09090909090909091,0.8636363636363636,0.13636363636363635,14,0.358974358974359,2.24,0.06,39,12,0.34285714285714286,-6.53,-0.19,35,401286299,2021,13
218,Temple Owls,20,0.40816326530612246,8,0.3076923076923077,12,0.5217391304347826,4,0.8,3,0.3333333333333333,16,0.41025641025641024,39,0.48717948717948717,0.5128205128205128,0.58,0.01,7,0.1794871794871795,19,-1.82,-0.1,6,0.3157894736842105,20,2.4,0.12,10,0.5,8,0.375,0.625,-3.25,-0.41,3,0.375,3,-1.02,-0.34,1,0.3333333333333333,5,-2.23,-0.45,2,0.4,4,2,2,10,7,3,-3.05,-0.3,0.4,0.2,0.2,0.7,0.3,10,0.3333333333333333,-8.74,-0.29,30,10,0.5263157894736842,6.28,0.33,19,401301054,2021,13
2426,Navy Midshipmen,35,0.5147058823529411,4,0.3333333333333333,31,0.5535714285714286,10,0.5555555555555556,7,0.5,26,0.5,52,0.1346153846153846,0.8653846153846154,6.87,0.13,7,0.1346153846153846,7,1.42,0.2,3,0.42857142857142855,45,5.44,0.12,23,0.5111111111111111,16,0.3125,0.6875,-3.78,-0.24,6,0.375,5,-2.83,-0.57,0,0.0,11,-0.95,-0.09,6,0.5454545454545454,9,1,8,16,5,11,6.01,0.38,0.5625,0.0625,0.5,0.3125,0.6875,32,0.5818181818181818,16.25,0.3,55,3,0.23076923076923078,-3.37,-0.26,13,401301054,2021,13
193,Miami (OH) RedHawks,39,0.47560975609756095,23,0.46,15,0.4838709677419355,7,0.35,7,0.4666666666666667,32,0.47761194029850745,67,0.5970149253731343,0.3880597014925373,16.95,0.25,17,0.2537313432835821,40,10.73,0.27,19,0.475,26,5.31,0.2,12,0.46153846153846156,12,0.6666666666666666,0.3333333333333333,-6.76,-0.56,2,0.16666666666666666,8,-5.55,-0.69,1,0.125,4,-1.21,-0.3,1,0.25,7,4,3,15,10,5,-3.14,-0.21,0.4666666666666667,0.26666666666666666,0.2,0.6666666666666666,0.3333333333333333,28,0.4827586206896552,16.57,0.29,58,11,0.4583333333333333,-2.76,-0.11,24,401308842,2021,13
2309,Kent State Golden Flashes,43,0.5443037974683544,22,0.5945945945945946,21,0.5,4,0.25,5,0.4166666666666667,38,0.5757575757575758,66,0.45454545454545453,0.5454545454545454,20.64,0.31,20,0.30303030303030304,30,11.5,0.38,19,0.6333333333333333,36,9.15,0.25,19,0.5277777777777778,11,0.2727272727272727,0.7272727272727273,8.57,0.78,7,0.6363636363636364,3,0.53,0.18,2,0.6666666666666666,8,8.04,1.0,5,0.625,5,3,2,13,7,6,-2.28,-0.18,0.38461538461538464,0.23076923076923078,0.15384615384615385,0.5384615384615384,0.46153846153846156,35,0.6140350877192983,21.07,0.37,57,8,0.36363636363636365,-2.7,-0.12,22,401308842,2021,13
2649,Toledo Rockets,46,0.6052631578947368,16,0.45714285714285713,30,0.7317073170731707,4,1.0,10,0.6666666666666666,35,0.5932203389830508,59,0.3898305084745763,0.6101694915254238,7.27,0.12,17,0.288135593220339,23,-2.13,-0.09,9,0.391304347826087,36,9.4,0.26,26,0.7222222222222222,9,0.4444444444444444,0.5555555555555556,3.39,0.38,6,0.6666666666666666,4,2.94,0.74,2,0.5,5,0.44,0.09,4,0.8,11,7,4,17,12,5,19.22,1.13,0.6470588235294118,0.4117647058823529,0.23529411764705882,0.7058823529411765,0.29411764705882354,34,0.6415094339622641,13.02,0.25,53,12,0.5217391304347826,13.47,0.59,23,401309597,2021,13
2006,Akron Zips,25,0.373134328358209,12,0.34285714285714286,13,0.40625,4,0.6666666666666666,9,0.5,16,0.3404255319148936,47,0.44680851063829785,0.5531914893617021,-4.87,-0.1,5,0.10638297872340426,21,-9.66,-0.46,7,0.3333333333333333,26,4.79,0.18,9,0.34615384615384615,10,0.7,0.3,3.3,0.33,5,0.5,7,3.36,0.48,4,0.5714285714285714,3,-0.06,-0.02,1,0.3333333333333333,9,5,4,20,14,6,3.34,0.17,0.45,0.25,0.2,0.7,0.3,17,0.3541666666666667,-10.95,-0.23,48,8,0.42105263157894735,9.42,0.5,19,401309597,2021,13
2390,Miami Hurricanes,44,0.5057471264367817,27,0.5294117647058824,17,0.4722222222222222,8,0.42105263157894735,8,0.47058823529411764,33,0.4925373134328358,67,0.5373134328358209,0.4626865671641791,14.69,0.22,16,0.23880597014925373,36,13.64,0.38,18,0.5,31,1.06,0.03,15,0.4838709677419355,24,0.7083333333333334,0.2916666666666667,3.95,0.16,11,0.4583333333333333,17,4.74,0.28,9,0.5294117647058824,7,-0.79,-0.11,2,0.2857142857142857,11,9,2,20,15,5,9.9,0.49,0.55,0.45,0.1,0.75,0.25,35,0.5384615384615384,16.51,0.25,65,9,0.4090909090909091,8.08,0.37,22,401282701,2021,13
150,Duke Blue Devils,21,0.30434782608695654,14,0.3684210526315789,7,0.22580645161290322,1,0.3333333333333333,9,0.47368421052631576,11,0.2391304347826087,46,0.5217391304347826,0.4782608695652174,-22.66,-0.49,4,0.08695652173913043,24,-14.9,-0.62,7,0.2916666666666667,22,-7.76,-0.35,4,0.18181818181818182,3,0.6666666666666666,0.3333333333333333,-1.97,-0.66,0,0.0,2,-1.86,-0.93,0,0.0,1,-0.11,-0.11,0,0.0,10,7,3,23,14,9,1.65,0.07,0.43478260869565216,0.30434782608695654,0.13043478260869565,0.6086956521739131,0.391304347826087,11,0.2972972972972973,-19.85,-0.54,37,10,0.3125,-1.16,-0.04,32,401282701,2021,13
242,Rice Owls,30,0.44776119402985076,14,0.5,16,0.41025641025641024,2,0.5,6,0.42857142857142855,24,0.48,50,0.36,0.64,17.55,0.35,10,0.2,18,14.12,0.78,12,0.6666666666666666,32,3.43,0.11,12,0.375,7,0.42857142857142855,0.5714285714285714,-5.28,-0.75,0,0.0,3,-3.01,-1.0,0,0.0,4,-2.28,-0.57,0,0.0,6,2,4,17,10,7,-1.64,-0.1,0.35294117647058826,0.11764705882352941,0.23529411764705882,0.5882352941176471,0.4117647058823529,22,0.5,8.09,0.18,44,8,0.34782608695652173,7.83,0.34,23,401282271,2021,13
2348,Louisiana Tech Bulldogs,29,0.3918918918918919,15,0.375,14,0.4117647058823529,5,0.4166666666666667,5,0.3333333333333333,22,0.39285714285714285,56,0.5,0.5,1.67,0.03,13,0.23214285714285715,28,3.53,0.13,11,0.39285714285714285,28,-1.86,-0.07,11,0.39285714285714285,4,0.75,0.25,0.21,0.05,2,0.5,3,0.21,0.07,1,0.3333333333333333,1,0.0,0.0,1,1.0,7,4,3,18,12,6,0.08,0.0,0.3888888888888889,0.2222222222222222,0.16666666666666666,0.6666666666666666,0.3333333333333333,21,0.42857142857142855,5.82,0.12,49,8,0.32,-4.08,-0.16,25,401282271,2021,13
2429,Charlotte 49ers,43,0.5058823529411764,23,0.4791666666666667,20,0.5555555555555556,8,0.5714285714285714,8,0.47058823529411764,33,0.515625,64,0.5625,0.4375,4.84,0.08,15,0.234375,36,-0.54,-0.02,19,0.5277777777777778,28,5.38,0.19,14,0.5,6,0.6666666666666666,0.3333333333333333,4.09,0.68,3,0.5,4,0.13,0.03,2,0.5,2,3.96,1.98,1,0.5,10,4,6,21,12,8,-2.99,-0.14,0.47619047619047616,0.19047619047619047,0.2857142857142857,0.5714285714285714,0.38095238095238093,33,0.559322033898305,16.04,0.27,59,10,0.38461538461538464,-14.19,-0.55,26,401282268,2021,13
295,Old Dominion Monarchs,25,0.45454545454545453,11,0.4074074074074074,14,0.5,5,0.5555555555555556,4,0.5,21,0.44680851063829785,47,0.48936170212765956,0.5106382978723404,13.0,0.28,10,0.2127659574468085,23,10.22,0.44,10,0.43478260869565216,24,2.78,0.12,11,0.4583333333333333,14,0.5,0.5,-8.64,-0.62,3,0.21428571428571427,7,-11.07,-1.58,0,0.0,7,2.42,0.35,3,0.42857142857142855,4,1,3,8,4,4,-1.18,-0.15,0.5,0.125,0.375,0.5,0.5,17,0.4857142857142857,7.13,0.2,35,8,0.4,4.7,0.23,20,401282268,2021,13
2032,Arkansas State Red Wolves,36,0.48,19,0.4634146341463415,17,0.5,3,0.2727272727272727,5,0.3125,29,0.5087719298245614,57,0.45614035087719296,0.543859649122807,14.25,0.25,17,0.2982456140350877,26,8.44,0.32,14,0.5384615384615384,31,5.81,0.19,15,0.4838709677419355,13,0.3076923076923077,0.6923076923076923,5.72,0.44,8,0.6153846153846154,4,1.94,0.49,3,0.75,9,3.78,0.42,5,0.5555555555555556,7,5,2,18,15,3,-0.88,-0.05,0.3888888888888889,0.2777777777777778,0.1111111111111111,0.8333333333333334,0.16666666666666666,24,0.48,5.05,0.1,50,12,0.48,8.33,0.33,25,401309647,2021,13
326,Texas State Bobcats,22,0.4074074074074074,10,0.37037037037037035,12,0.4444444444444444,4,0.6666666666666666,5,0.35714285714285715,16,0.41025641025641024,39,0.46153846153846156,0.5384615384615384,-4.72,-0.12,6,0.15384615384615385,18,-3.25,-0.18,7,0.3888888888888889,21,-1.46,-0.07,9,0.42857142857142855,3,0.3333333333333333,0.6666666666666666,-2.11,-0.7,0,0.0,1,-1.35,-1.35,0,0.0,2,-0.77,-0.38,0,0.0,6,3,3,15,9,6,1.47,0.1,0.4,0.2,0.2,0.6,0.4,12,0.4,-3.85,-0.13,30,10,0.4166666666666667,0.6,0.03,24,401309647,2021,13
2247,Georgia State Panthers,27,0.40298507462686567,9,0.375,18,0.4186046511627907,3,0.375,2,0.18181818181818182,23,0.4339622641509434,53,0.33962264150943394,0.660377358490566,5.06,0.1,13,0.24528301886792453,18,5.0,0.28,8,0.4444444444444444,35,0.06,0.0,15,0.42857142857142855,10,0.4,0.6,-0.67,-0.07,5,0.5,4,-2.48,-0.62,1,0.25,6,1.81,0.3,4,0.6666666666666666,4,1,3,14,6,8,-2.74,-0.2,0.2857142857142857,0.07142857142857142,0.21428571428571427,0.42857142857142855,0.5714285714285714,20,0.45454545454545453,7.05,0.16,44,7,0.30434782608695654,-4.73,-0.21,23,401309649,2021,13
2653,Troy Trojans,25,0.352112676056338,12,0.3157894736842105,13,0.40625,4,0.4444444444444444,7,0.4375,16,0.3137254901960784,51,0.49019607843137253,0.49019607843137253,-20.81,-0.41,6,0.11764705882352941,25,-7.74,-0.31,7,0.28,25,-1.91,-0.08,9,0.36,10,0.8,0.2,1.44,0.14,4,0.4,8,3.4,0.43,4,0.5,2,-1.96,-0.98,0,0.0,9,5,4,20,13,7,2.96,0.15,0.45,0.25,0.2,0.65,0.35,20,0.40816326530612246,-11.53,-0.24,49,5,0.22727272727272727,-6.32,-0.29,22,401309649,2021,13
290,Georgia Southern Eagles,26,0.37681159420289856,9,0.3333333333333333,17,0.40476190476190477,0,0.0,5,0.29411764705882354,19,0.3958333333333333,48,0.3541666666666667,0.6458333333333334,-5.51,-0.11,7,0.14583333333333334,17,-0.89,-0.05,8,0.47058823529411764,31,-4.62,-0.15,11,0.3548387096774194,6,0.5,0.5,-1.46,-0.24,2,0.3333333333333333,3,1.0,0.33,2,0.6666666666666666,3,-2.45,-0.82,0,0.0,7,1,6,21,10,11,-13.35,-0.64,0.3333333333333333,0.047619047619047616,0.2857142857142857,0.47619047619047616,0.5238095238095238,20,0.425531914893617,-8.4,-0.18,47,6,0.2727272727272727,-10.47,-0.48,22,401309646,2021,13
2026,Appalachian State Mountaineers,17,0.32075471698113206,10,0.4,7,0.25,,,5,0.35714285714285715,10,0.2777777777777778,36,0.5,0.5,-3.47,-0.1,5,0.1388888888888889,18,1.85,0.1,7,0.3888888888888889,18,-5.32,-0.3,3,0.16666666666666666,13,0.46153846153846156,0.5384615384615384,-3.08,-0.24,4,0.3076923076923077,6,-1.22,-0.2,3,0.5,7,-1.87,-0.27,1,0.14285714285714285,7,3,4,17,7,10,3.64,0.21,0.4117647058823529,0.17647058823529413,0.23529411764705882,0.4117647058823529,0.5882352941176471,10,0.3125,-0.42,-0.01,32,7,0.3333333333333333,0.59,0.03,21,401309646,2021,13
2572,Southern Miss Golden Eagles,28,0.5384615384615384,6,0.6,22,0.5238095238095238,4,0.5714285714285714,4,0.4444444444444444,23,0.5476190476190477,42,0.21428571428571427,0.7857142857142857,14.23,0.34,10,0.23809523809523808,9,6.44,0.72,6,0.6666666666666666,33,7.79,0.24,17,0.5151515151515151,8,0.125,0.875,2.87,0.36,4,0.5,1,0.61,0.61,1,1.0,7,2.27,0.32,3,0.42857142857142855,5,0,5,10,1,9,2.88,0.29,0.5,0.0,0.5,0.1,0.9,23,0.575,17.41,0.44,40,5,0.4166666666666667,-0.3,-0.02,12,401282269,2021,13
2229,Florida International Panthers,26,0.4406779661016949,7,0.25,19,0.6129032258064516,2,0.5,5,0.38461538461538464,21,0.4666666666666667,45,0.4666666666666667,0.5333333333333333,5.48,0.12,8,0.17777777777777778,21,-2.59,-0.12,6,0.2857142857142857,24,8.07,0.34,15,0.625,3,0.3333333333333333,0.6666666666666666,-1.55,-0.52,0,0.0,1,-0.44,-0.44,0,0.0,2,-1.11,-0.55,0,0.0,5,1,4,14,7,7,-4.75,-0.34,0.35714285714285715,0.07142857142857142,0.2857142857142857,0.5,0.5,20,0.4878048780487805,4.76,0.12,41,6,0.3333333333333333,-4.04,-0.22,18,401282269,2021,13
166,New Mexico State Aggies,39,0.5492957746478874,23,0.6388888888888888,16,0.45714285714285713,7,0.7777777777777778,7,0.5384615384615384,30,0.5357142857142857,56,0.5,0.5,24.15,0.43,14,0.25,28,15.71,0.56,16,0.5714285714285714,28,8.44,0.3,14,0.5,15,0.6,0.4,10.11,0.67,9,0.6,9,4.52,0.5,6,0.6666666666666666,6,5.59,0.93,3,0.5,9,7,2,15,8,7,12.91,0.86,0.6,0.4666666666666667,0.13333333333333333,0.5333333333333333,0.4666666666666667,31,0.5740740740740741,23.27,0.43,54,8,0.47058823529411764,13.79,0.81,17,401286306,2021,13
113,Massachusetts Minutemen,24,0.42105263157894735,6,0.2608695652173913,18,0.5294117647058824,1,0.2,4,0.3076923076923077,17,0.425,40,0.425,0.575,5.57,0.14,6,0.15,17,-4.23,-0.25,5,0.29411764705882354,23,9.8,0.43,12,0.5217391304347826,7,0.14285714285714285,0.8571428571428571,11.59,1.66,3,0.42857142857142855,1,8.99,8.99,1,1.0,6,2.59,0.43,2,0.3333333333333333,7,1,6,17,6,11,17.76,1.04,0.4117647058823529,0.058823529411764705,0.35294117647058826,0.35294117647058826,0.6470588235294118,12,0.3870967741935484,-6.64,-0.21,31,12,0.46153846153846156,29.97,1.15,26,401286306,2021,13
62,Hawai'i Rainbow Warriors,39,0.52,21,0.5526315789473685,18,0.4864864864864865,3,0.2727272727272727,8,0.6153846153846154,31,0.5081967213114754,61,0.5081967213114754,0.4918032786885246,13.79,0.23,16,0.26229508196721313,31,11.05,0.36,17,0.5483870967741935,30,2.74,0.09,14,0.4666666666666667,7,0.5714285714285714,0.42857142857142855,6.25,0.89,4,0.5714285714285714,4,6.62,1.65,3,0.75,3,-0.37,-0.12,1,0.3333333333333333,8,4,4,14,7,7,3.73,0.27,0.5714285714285714,0.2857142857142857,0.2857142857142857,0.5,0.5,29,0.5471698113207547,13.67,0.26,53,10,0.45454545454545453,3.85,0.18,22,401310756,2021,13
2751,Wyoming Cowboys,24,0.38095238095238093,11,0.3793103448275862,13,0.38235294117647056,2,0.4,4,0.3076923076923077,20,0.4166666666666667,48,0.3541666666666667,0.6458333333333334,-0.18,-0.0,9,0.1875,17,5.51,0.32,8,0.47058823529411764,31,-5.68,-0.18,12,0.3870967741935484,10,0.4,0.6,0.75,0.07,5,0.5,4,-1.38,-0.35,1,0.25,6,2.13,0.36,4,0.6666666666666666,4,3,1,15,12,3,-6.87,-0.46,0.26666666666666666,0.2,0.06666666666666667,0.8,0.2,18,0.42857142857142855,-3.76,-0.09,42,6,0.2857142857142857,-3.28,-0.16,21,401310756,2021,13
276,Marshall Thundering Herd,31,0.36904761904761907,16,0.35555555555555557,15,0.38461538461538464,7,0.5,4,0.2857142857142857,25,0.390625,64,0.484375,0.515625,-12.98,-0.2,14,0.21875,31,-13.46,-0.43,13,0.41935483870967744,33,0.47,0.01,12,0.36363636363636365,13,0.6153846153846154,0.38461538461538464,-4.45,-0.34,3,0.23076923076923078,8,-4.67,-0.58,1,0.125,5,0.22,0.04,2,0.4,6,3,3,20,14,6,-12.43,-0.62,0.3,0.15,0.15,0.7,0.3,27,0.4576271186440678,-7.41,-0.13,59,4,0.16,-18.0,-0.72,25,401282272,2021,13
98,Western Kentucky Hilltoppers,39,0.4642857142857143,22,0.43137254901960786,17,0.5151515151515151,4,0.4,8,0.42105263157894735,29,0.47540983606557374,61,0.6065573770491803,0.39344262295081966,3.05,0.05,14,0.22950819672131148,37,2.12,0.06,17,0.4594594594594595,24,0.93,0.04,12,0.5,15,0.8666666666666667,0.13333333333333333,9.86,0.66,9,0.6,13,9.25,0.71,8,0.6153846153846154,2,0.61,0.31,1,0.5,10,5,5,23,14,9,-0.94,-0.04,0.43478260869565216,0.21739130434782608,0.21739130434782608,0.6086956521739131,0.391304347826087,31,0.5344827586206896,9.71,0.17,58,8,0.3076923076923077,-7.6,-0.29,26,401282272,2021,13
77,Northwestern Wildcats,25,0.3424657534246575,9,0.3103448275862069,16,0.36363636363636365,6,0.6,7,0.3684210526315789,15,0.3,50,0.38,0.62,-6.19,-0.12,7,0.14,19,-1.47,-0.08,7,0.3684210526315789,31,-4.72,-0.15,8,0.25806451612903225,6,0.6666666666666666,0.3333333333333333,-2.46,-0.41,1,0.16666666666666666,4,-1.18,-0.29,1,0.25,2,-1.29,-0.64,0,0.0,10,2,8,23,10,13,-2.17,-0.09,0.43478260869565216,0.08695652173913043,0.34782608695652173,0.43478260869565216,0.5652173913043478,18,0.34615384615384615,-3.84,-0.07,52,7,0.3333333333333333,-4.51,-0.21,21,401282722,2021,13
356,Illinois Fighting Illini,27,0.43548387096774194,11,0.44,16,0.43243243243243246,7,0.5833333333333334,5,0.38461538461538464,21,0.4375,48,0.375,0.625,15.46,0.32,11,0.22916666666666666,18,9.93,0.55,9,0.5,30,5.53,0.18,12,0.4,17,0.4117647058823529,0.5882352941176471,1.29,0.08,6,0.35294117647058826,7,1.71,0.24,3,0.42857142857142855,10,-0.42,-0.04,3,0.3,6,2,4,14,7,7,-1.32,-0.09,0.42857142857142855,0.14285714285714285,0.2857142857142857,0.5,0.5,20,0.46511627906976744,15.18,0.35,43,7,0.3684210526315789,-1.04,-0.05,19,401282722,2021,13
84,Indiana Hoosiers,25,0.4098360655737705,10,0.30303030303030304,15,0.5357142857142857,1,0.5,7,0.4666666666666667,18,0.391304347826087,46,0.5,0.5,-7.6,-0.17,5,0.10869565217391304,23,-4.27,-0.19,8,0.34782608695652173,23,-3.33,-0.14,10,0.43478260869565216,18,0.5555555555555556,0.4444444444444444,-3.49,-0.19,6,0.3333333333333333,10,-1.57,-0.16,3,0.3,8,-1.91,-0.24,3,0.375,7,2,5,15,10,5,-1.18,-0.08,0.4666666666666667,0.13333333333333333,0.3333333333333333,0.6666666666666666,0.3333333333333333,16,0.42105263157894735,-6.43,-0.17,38,9,0.391304347826087,-2.35,-0.1,23,401282753,2021,13
2509,Purdue Boilermakers,37,0.5967741935483871,21,0.6,16,0.5925925925925926,6,0.5,2,0.2222222222222222,34,0.6538461538461539,52,0.5769230769230769,0.4230769230769231,20.7,0.4,16,0.3076923076923077,30,13.32,0.44,20,0.6666666666666666,22,7.38,0.34,14,0.6363636363636364,4,1.0,0.0,3.68,0.92,4,1.0,4,3.68,0.92,4,1.0,,,,,,3,1,2,10,5,5,-5.59,-0.56,0.3,0.1,0.2,0.5,0.5,31,0.6078431372549019,10.68,0.21,51,6,0.5454545454545454,4.43,0.4,11,401282753,2021,13
238,Vanderbilt Commodores,27,0.36,12,0.35294117647058826,15,0.36585365853658536,4,0.5714285714285714,6,0.35294117647058826,16,0.3137254901960784,51,0.39215686274509803,0.6078431372549019,-8.38,-0.16,6,0.11764705882352941,20,-2.69,-0.13,7,0.35,31,-5.69,-0.18,9,0.2903225806451613,15,0.4,0.6,14.23,0.95,9,0.6,6,14.82,2.47,5,0.8333333333333334,9,-0.59,-0.07,4,0.4444444444444444,11,5,6,24,14,10,8.3,0.35,0.4583333333333333,0.20833333333333334,0.25,0.5833333333333334,0.4166666666666667,18,0.35294117647058826,-4.39,-0.09,51,9,0.375,4.31,0.18,24,401282153,2021,13
2633,Tennessee Volunteers,33,0.55,9,0.5,24,0.5714285714285714,6,0.375,2,0.25,29,0.5918367346938775,49,0.30612244897959184,0.6938775510204082,17.97,0.37,19,0.3877551020408163,15,4.21,0.28,8,0.5333333333333333,34,13.76,0.4,21,0.6176470588235294,8,0.375,0.625,4.83,0.6,5,0.625,3,2.36,0.79,2,0.6666666666666666,5,2.47,0.49,3,0.6,4,1,3,11,3,8,-1.65,-0.15,0.36363636363636365,0.09090909090909091,0.2727272727272727,0.2727272727272727,0.7272727272727273,27,0.574468085106383,14.99,0.32,47,6,0.46153846153846156,1.33,0.1,13,401282153,2021,13
258,Virginia Cavaliers,37,0.5362318840579711,25,0.5,12,0.631578947368421,7,0.4666666666666667,5,0.5,32,0.5614035087719298,57,0.6842105263157895,0.3157894736842105,5.45,0.1,20,0.3508771929824561,39,1.61,0.04,21,0.5384615384615384,18,3.84,0.21,11,0.6111111111111112,7,0.5714285714285714,0.42857142857142855,2.86,0.41,3,0.42857142857142855,4,2.23,0.56,2,0.5,3,0.62,0.21,1,0.3333333333333333,5,4,1,12,11,1,4.05,0.34,0.4166666666666667,0.3333333333333333,0.08333333333333333,0.9166666666666666,0.08333333333333333,30,0.6122448979591837,6.69,0.14,49,7,0.35,2.81,0.14,20,401282703,2021,13
259,Virginia Tech Hokies,27,0.42857142857142855,6,0.3,21,0.4883720930232558,4,0.3076923076923077,5,0.4166666666666667,22,0.44,50,0.26,0.74,15.19,0.3,11,0.22,13,4.02,0.31,4,0.3076923076923077,37,11.17,0.3,18,0.4864864864864865,18,0.5555555555555556,0.4444444444444444,2.98,0.17,7,0.3888888888888889,10,-5.26,-0.53,1,0.1,8,8.24,1.03,6,0.75,5,2,3,13,7,6,-4.62,-0.36,0.38461538461538464,0.15384615384615385,0.23076923076923078,0.5384615384615384,0.46153846153846156,18,0.391304347826087,-3.25,-0.07,46,9,0.5294117647058824,13.83,0.81,17,401282703,2021,13
202,Tulsa Golden Hurricane,30,0.43478260869565216,16,0.48484848484848486,14,0.3888888888888889,7,0.4666666666666667,6,0.4,24,0.4444444444444444,54,0.4444444444444444,0.5555555555555556,4.95,0.09,10,0.18518518518518517,24,3.51,0.15,12,0.5,30,1.44,0.05,12,0.4,18,0.5,0.5,19.35,1.07,14,0.7777777777777778,9,13.37,1.49,7,0.7777777777777778,9,5.98,0.66,7,0.7777777777777778,6,4,2,15,9,6,-2.81,-0.19,0.4,0.26666666666666666,0.13333333333333333,0.6,0.4,21,0.44680851063829785,-0.32,-0.01,47,9,0.4090909090909091,2.45,0.11,22,401301055,2021,13
2567,SMU Mustangs,37,0.4457831325301205,21,0.42857142857142855,16,0.47058823529411764,7,0.5833333333333334,6,0.35294117647058826,27,0.4426229508196721,61,0.5737704918032787,0.4262295081967213,-3.74,-0.06,14,0.22950819672131148,35,-4.27,-0.12,16,0.45714285714285713,26,0.53,0.02,11,0.4230769230769231,4,0.5,0.5,-1.26,-0.32,0,0.0,2,-0.62,-0.31,0,0.0,2,-0.64,-0.32,0,0.0,10,5,5,22,14,8,6.85,0.31,0.45454545454545453,0.22727272727272727,0.22727272727272727,0.6363636363636364,0.36363636363636365,28,0.49122807017543857,-2.52,-0.04,57,9,0.34615384615384615,5.63,0.22,26,401301055,2021,13
2433,UL Monroe Warhawks,31,0.4305555555555556,11,0.3142857142857143,20,0.5405405405405406,1,0.25,4,0.2857142857142857,25,0.4716981132075472,53,0.37735849056603776,0.6226415094339622,-1.02,-0.02,10,0.18867924528301888,20,-5.09,-0.25,6,0.3,33,4.08,0.12,19,0.5757575757575758,6,0.0,1.0,1.28,0.21,3,0.5,,,,,,6,1.28,0.21,3,0.5,6,5,1,19,15,4,-3.21,-0.17,0.3157894736842105,0.2631578947368421,0.05263157894736842,0.7894736842105263,0.21052631578947367,21,0.4772727272727273,-2.27,-0.05,44,10,0.35714285714285715,-1.96,-0.07,28,401309650,2021,13
309,Louisiana Ragin' Cajuns,27,0.45,12,0.48,15,0.42857142857142855,4,0.5714285714285714,3,0.2727272727272727,23,0.5227272727272727,44,0.38636363636363635,0.6136363636363636,9.0,0.2,12,0.2727272727272727,17,4.73,0.28,9,0.5294117647058824,27,4.26,0.16,14,0.5185185185185185,13,0.5384615384615384,0.46153846153846156,-1.42,-0.11,8,0.6153846153846154,7,-2.7,-0.39,3,0.42857142857142855,6,1.28,0.21,5,0.8333333333333334,4,3,1,16,8,8,-11.6,-0.72,0.25,0.1875,0.0625,0.5,0.5,23,0.5111111111111111,2.94,0.07,45,4,0.26666666666666666,-5.54,-0.37,15,401309650,2021,13
12,Arizona Wildcats,32,0.43243243243243246,19,0.4418604651162791,12,0.4,6,0.4,6,0.35294117647058826,22,0.4230769230769231,52,0.5384615384615384,0.46153846153846156,-6.46,-0.12,11,0.21153846153846154,28,-3.29,-0.12,14,0.5,24,-3.18,-0.13,8,0.3333333333333333,12,0.75,0.25,0.45,0.04,5,0.4166666666666667,9,-0.38,-0.04,4,0.4444444444444444,3,0.83,0.28,1,0.3333333333333333,10,5,4,22,15,6,3.47,0.16,0.45454545454545453,0.22727272727272727,0.18181818181818182,0.6818181818181818,0.2727272727272727,21,0.44680851063829785,-11.59,-0.25,47,11,0.4074074074074074,8.6,0.32,27,401309909,2021,13
9,Arizona State Sun Devils,28,0.56,6,0.42857142857142855,22,0.6111111111111112,3,1.0,3,0.375,25,0.5952380952380952,42,0.2619047619047619,0.7380952380952381,14.06,0.33,11,0.2619047619047619,11,5.78,0.53,6,0.5454545454545454,31,8.27,0.27,19,0.6129032258064516,10,0.4,0.6,2.93,0.29,4,0.4,4,-0.98,-0.24,1,0.25,6,3.91,0.65,3,0.5,3,0,3,8,3,5,-3.73,-0.47,0.375,0.0,0.375,0.375,0.625,25,0.6578947368421053,13.78,0.36,38,3,0.25,-3.46,-0.29,12,401309909,2021,13
2393,Middle Tennessee Blue Raiders,18,0.2727272727272727,8,0.19047619047619047,10,0.4166666666666667,4,0.36363636363636365,4,0.25,13,0.2708333333333333,48,0.6041666666666666,0.3958333333333333,-16.29,-0.34,12,0.25,29,-14.49,-0.5,5,0.1724137931034483,19,-1.8,-0.09,8,0.42105263157894735,27,0.7037037037037037,0.2962962962962963,-24.92,-0.92,4,0.14814814814814814,19,-19.88,-1.05,2,0.10526315789473684,8,-5.04,-0.63,2,0.25,5,3,2,18,13,5,-10.73,-0.6,0.2777777777777778,0.16666666666666666,0.1111111111111111,0.7222222222222222,0.2777777777777778,11,0.25,-17.97,-0.41,44,7,0.3181818181818182,-9.06,-0.41,22,401282270,2021,13
2226,Florida Atlantic Owls,19,0.24358974358974358,9,0.17647058823529413,10,0.38461538461538464,0,0.0,4,0.2222222222222222,15,0.2631578947368421,57,0.5789473684210527,0.40350877192982454,-26.5,-0.46,10,0.17543859649122806,33,-11.17,-0.34,6,0.18181818181818182,23,-4.6,-0.2,9,0.391304347826087,9,0.7777777777777778,0.2222222222222222,0.87,0.1,3,0.3333333333333333,7,1.25,0.18,2,0.2857142857142857,2,-0.37,-0.19,1,0.5,4,3,1,21,18,3,2.31,0.11,0.19047619047619047,0.14285714285714285,0.047619047619047616,0.8571428571428571,0.14285714285714285,14,0.2857142857142857,-23.08,-0.47,49,5,0.1724137931034483,-1.11,-0.04,29,401282270,2021,13
2305,Kansas Jayhawks,21,0.3620689655172414,14,0.42424242424242425,7,0.28,2,0.13333333333333333,5,0.4166666666666667,15,0.35714285714285715,42,0.5714285714285714,0.42857142857142855,-2.49,-0.06,8,0.19047619047619047,24,-2.59,-0.11,10,0.4166666666666667,18,0.1,0.01,5,0.2777777777777778,7,0.42857142857142855,0.5714285714285714,-5.52,-0.79,1,0.14285714285714285,3,-4.01,-1.34,0,0.0,4,-1.51,-0.38,1,0.25,6,4,2,16,9,7,-4.16,-0.26,0.375,0.25,0.125,0.5625,0.4375,15,0.39473684210526316,-4.62,-0.12,38,6,0.3,-2.04,-0.1,20,401287950,2021,13
277,West Virginia Mountaineers,42,0.5833333333333334,13,0.5416666666666666,29,0.6041666666666666,7,0.5833333333333334,6,0.42857142857142855,33,0.6,55,0.32727272727272727,0.6727272727272727,2.69,0.05,13,0.23636363636363636,18,-4.05,-0.23,11,0.6111111111111112,37,6.75,0.18,22,0.5945945945945946,17,0.47058823529411764,0.5294117647058824,-8.68,-0.51,9,0.5294117647058824,8,-9.14,-1.14,4,0.5,9,0.46,0.05,5,0.5555555555555556,9,2,7,17,6,11,12.91,0.76,0.5294117647058824,0.11764705882352941,0.4117647058823529,0.35294117647058826,0.6470588235294118,35,0.6481481481481481,12.34,0.23,54,7,0.3888888888888889,3.26,0.18,18,401287950,2021,13
97,Louisville Cardinals,31,0.5254237288135594,14,0.4827586206896552,17,0.5666666666666667,7,0.7,4,0.4444444444444444,27,0.5625,48,0.4166666666666667,0.5833333333333334,11.01,0.23,16,0.3333333333333333,20,8.59,0.43,12,0.6,28,2.42,0.09,15,0.5357142857142857,11,0.6363636363636364,0.36363636363636365,-1.28,-0.12,4,0.36363636363636365,7,-2.07,-0.3,2,0.2857142857142857,4,0.79,0.2,2,0.5,4,2,2,11,9,2,-1.9,-0.17,0.36363636363636365,0.18181818181818182,0.18181818181818182,0.8181818181818182,0.18181818181818182,26,0.5777777777777777,11.77,0.26,45,5,0.35714285714285715,-2.66,-0.19,14,401282149,2021,13
96,Kentucky Wildcats,42,0.6268656716417911,12,0.631578947368421,30,0.625,10,0.625,6,0.6,35,0.625,56,0.30357142857142855,0.6964285714285714,20.7,0.37,20,0.35714285714285715,17,7.55,0.44,11,0.6470588235294118,39,13.15,0.34,24,0.6153846153846154,13,0.38461538461538464,0.6153846153846154,5.68,0.44,8,0.6153846153846154,5,0.93,0.19,3,0.6,8,4.75,0.59,5,0.625,7,1,6,11,2,9,11.64,1.06,0.6363636363636364,0.09090909090909091,0.5454545454545454,0.18181818181818182,0.8181818181818182,30,0.5882352941176471,18.32,0.36,51,12,0.75,14.02,0.88,16,401282149,2021,13
221,Pittsburgh Panthers,33,0.4583333333333333,19,0.48717948717948717,14,0.42424242424242425,6,0.5,8,0.5,24,0.4444444444444444,54,0.5185185185185185,0.48148148148148145,-1.38,-0.03,8,0.14814814814814814,28,0.47,0.02,14,0.5,26,-1.85,-0.07,10,0.38461538461538464,17,0.5882352941176471,0.4117647058823529,-1.46,-0.09,6,0.35294117647058826,10,-1.79,-0.18,3,0.3,7,0.34,0.05,3,0.42857142857142855,9,5,4,18,11,7,4.65,0.26,0.5,0.2777777777777778,0.2222222222222222,0.6111111111111112,0.3888888888888889,28,0.5,5.54,0.1,56,5,0.3125,-2.27,-0.14,16,401282702,2021,13
183,Syracuse Orange,23,0.42592592592592593,13,0.4482758620689655,10,0.4,2,0.4,5,0.4166666666666667,17,0.425,40,0.45,0.55,-3.6,-0.09,7,0.175,18,4.2,0.23,9,0.5,22,-7.8,-0.35,8,0.36363636363636365,4,0.5,0.5,-1.12,-0.28,1,0.25,2,-0.86,-0.43,0,0.0,2,-0.25,-0.13,1,0.5,6,4,2,14,11,3,-1.54,-0.11,0.42857142857142855,0.2857142857142857,0.14285714285714285,0.7857142857142857,0.21428571428571427,17,0.53125,-0.42,-0.01,32,6,0.2727272727272727,-4.73,-0.21,22,401282702,2021,13
2655,Tulane Green Wave,36,0.4675324675324675,13,0.35135135135135137,23,0.575,6,0.46153846153846156,11,0.6875,22,0.38596491228070173,57,0.49122807017543857,0.5087719298245614,-8.69,-0.15,10,0.17543859649122806,28,-17.41,-0.62,7,0.25,29,8.72,0.3,15,0.5172413793103449,3,0.6666666666666666,0.3333333333333333,-3.07,-1.02,0,0.0,2,-2.33,-1.17,0,0.0,1,-0.74,-0.74,0,0.0,14,6,8,20,9,11,20.61,1.03,0.7,0.3,0.4,0.45,0.55,25,0.5102040816326531,10.17,0.21,49,11,0.39285714285714285,1.75,0.06,28,401301053,2021,13
235,Memphis Tigers,32,0.4507042253521127,23,0.5227272727272727,9,0.3333333333333333,3,0.3,7,0.4375,23,0.45098039215686275,51,0.6274509803921569,0.37254901960784315,1.73,0.03,12,0.23529411764705882,32,9.35,0.29,18,0.5625,19,-7.62,-0.4,5,0.2631578947368421,17,0.7058823529411765,0.29411764705882354,0.74,0.04,8,0.47058823529411764,12,0.39,0.03,6,0.5,5,0.36,0.07,2,0.4,9,5,4,20,12,8,5.53,0.28,0.45,0.25,0.2,0.6,0.4,20,0.43478260869565216,-0.6,-0.01,46,12,0.48,7.86,0.31,25,401301053,2021,13
36,Colorado State Rams,32,0.3950617283950617,13,0.3611111111111111,19,0.4222222222222222,0,0.0,7,0.3684210526315789,23,0.4107142857142857,56,0.35714285714285715,0.6428571428571429,-5.53,-0.1,12,0.21428571428571427,20,-1.79,-0.09,8,0.4,36,-3.73,-0.1,15,0.4166666666666667,18,0.6111111111111112,0.3888888888888889,11.51,0.64,7,0.3888888888888889,11,2.65,0.24,4,0.36363636363636365,7,8.86,1.27,3,0.42857142857142855,9,5,4,25,16,9,0.17,0.01,0.36,0.2,0.16,0.64,0.36,28,0.4745762711864407,6.94,0.12,59,4,0.18181818181818182,-12.29,-0.56,22,401310754,2021,13
2440,Nevada Wolf Pack,29,0.46774193548387094,12,0.4,17,0.53125,6,0.5,5,0.4166666666666667,24,0.48,50,0.44,0.56,14.82,0.3,13,0.26,22,7.14,0.32,10,0.45454545454545453,28,7.68,0.27,14,0.5,10,0.7,0.3,-1.74,-0.17,3,0.3,7,-1.61,-0.23,2,0.2857142857142857,3,-0.13,-0.04,1,0.3333333333333333,5,2,3,12,8,4,-0.89,-0.07,0.4166666666666667,0.16666666666666666,0.25,0.6666666666666666,0.3333333333333333,24,0.5454545454545454,20.47,0.47,44,5,0.2777777777777778,-6.54,-0.36,18,401310754,2021,13
25,California Golden Bears,22,0.3548387096774194,10,0.2857142857142857,12,0.4444444444444444,4,0.3333333333333333,5,0.38461538461538464,15,0.3409090909090909,44,0.45454545454545453,0.5454545454545454,-13.03,-0.3,7,0.1590909090909091,20,-14.41,-0.72,5,0.25,24,1.38,0.06,10,0.4166666666666667,11,0.6363636363636364,0.36363636363636365,-5.6,-0.51,2,0.18181818181818182,7,-7.51,-1.07,1,0.14285714285714285,4,1.91,0.48,1,0.25,7,5,2,18,15,3,-6.39,-0.35,0.3888888888888889,0.2777777777777778,0.1111111111111111,0.8333333333333334,0.16666666666666666,13,0.34210526315789475,-23.01,-0.61,38,9,0.375,3.59,0.15,24,401309907,2021,13
26,UCLA Bruins,40,0.5555555555555556,15,0.5357142857142857,25,0.5681818181818182,7,0.7777777777777778,9,0.6923076923076923,31,0.5254237288135594,59,0.3728813559322034,0.6271186440677966,12.15,0.21,15,0.2542372881355932,22,7.23,0.33,13,0.5909090909090909,37,4.92,0.13,18,0.4864864864864865,12,0.4166666666666667,0.5833333333333334,4.64,0.39,8,0.6666666666666666,5,1.87,0.37,3,0.6,7,2.77,0.4,5,0.7142857142857143,9,2,7,13,6,7,7.24,0.56,0.6923076923076923,0.15384615384615385,0.5384615384615384,0.46153846153846156,0.5384615384615384,31,0.5849056603773585,8.95,0.17,53,9,0.47368421052631576,10.44,0.55,19,401309907,2021,13
2483,Oregon Ducks,23,0.4339622641509434,9,0.32142857142857145,14,0.56,2,0.6666666666666666,4,0.3333333333333333,19,0.475,40,0.475,0.525,0.47,0.01,8,0.2,19,-0.38,-0.02,8,0.42105263157894735,21,0.84,0.04,11,0.5238095238095238,9,0.4444444444444444,0.5555555555555556,-1.0,-0.11,3,0.3333333333333333,4,-2.28,-0.57,1,0.25,5,1.29,0.26,2,0.4,4,1,3,13,9,4,-9.66,-0.74,0.3076923076923077,0.07692307692307693,0.23076923076923078,0.6923076923076923,0.3076923076923077,18,0.5454545454545454,2.0,0.06,33,5,0.25,-11.2,-0.56,20,401331159,2021,14
254,Utah Utes,35,0.546875,13,0.52,22,0.5641025641025641,6,0.6,6,0.46153846153846156,26,0.5416666666666666,48,0.3958333333333333,0.6041666666666666,6.51,0.14,8,0.16666666666666666,19,2.96,0.16,11,0.5789473684210527,29,3.54,0.12,15,0.5172413793103449,13,0.6153846153846154,0.38461538461538464,7.42,0.57,9,0.6923076923076923,8,6.06,0.76,5,0.625,5,1.36,0.27,4,0.8,9,2,7,16,6,10,5.09,0.32,0.5625,0.125,0.4375,0.375,0.625,27,0.54,6.75,0.14,50,8,0.5714285714285714,4.85,0.35,14,401331159,2021,14
98,Western Kentucky Hilltoppers,35,0.4605263157894737,29,0.4603174603174603,6,0.46153846153846156,5,0.3333333333333333,6,0.46153846153846156,26,0.43333333333333335,60,0.8166666666666667,0.18333333333333332,13.03,0.22,14,0.23333333333333334,49,17.32,0.35,22,0.4489795918367347,11,-4.28,-0.39,4,0.36363636363636365,8,0.75,0.25,-2.59,-0.32,3,0.375,6,-1.96,-0.33,3,0.5,2,-0.63,-0.31,0,0.0,9,7,2,16,14,2,17.04,1.07,0.5625,0.4375,0.125,0.875,0.125,20,0.43478260869565216,5.07,0.11,46,15,0.5,25.01,0.83,30,401282156,2021,14
2636,UTSA Roadrunners,39,0.46987951807228917,19,0.6129032258064516,20,0.38461538461538464,6,0.6666666666666666,8,0.5333333333333333,29,0.4461538461538462,65,0.3384615384615385,0.6615384615384615,15.46,0.24,12,0.18461538461538463,22,5.31,0.24,12,0.5454545454545454,43,10.15,0.24,17,0.3953488372093023,8,0.125,0.875,-1.21,-0.15,3,0.375,1,2.12,2.12,1,1.0,7,-3.33,-0.48,2,0.2857142857142857,10,7,3,18,9,9,11.45,0.64,0.5555555555555556,0.3888888888888889,0.16666666666666666,0.5,0.5,30,0.5084745762711864,19.54,0.33,59,9,0.375,7.37,0.31,24,401282156,2021,14
333,Alabama Crimson Tide,34,0.4927536231884058,23,0.5227272727272727,11,0.44,2,0.4,7,0.5,27,0.4909090909090909,55,0.6,0.4,15.8,0.29,13,0.23636363636363636,33,13.69,0.41,18,0.5454545454545454,22,2.11,0.1,9,0.4090909090909091,16,0.6875,0.3125,10.01,0.63,9,0.5625,11,5.49,0.5,5,0.45454545454545453,5,4.52,0.9,4,0.8,7,5,2,14,11,3,6.86,0.49,0.5,0.35714285714285715,0.14285714285714285,0.7857142857142857,0.21428571428571427,22,0.4782608695652174,14.72,0.32,46,12,0.5217391304347826,7.94,0.35,23,401282154,2021,14
61,Georgia Bulldogs,39,0.5,25,0.49019607843137253,14,0.5185185185185185,3,0.25,4,0.3333333333333333,33,0.532258064516129,62,0.6129032258064516,0.3870967741935484,9.65,0.16,19,0.3064516129032258,38,9.45,0.25,22,0.5789473684210527,24,0.2,0.01,11,0.4583333333333333,7,0.42857142857142855,0.5714285714285714,5.41,0.77,3,0.42857142857142855,3,6.59,2.2,2,0.6666666666666666,4,-1.18,-0.3,1,0.25,6,3,3,16,13,3,-6.01,-0.38,0.375,0.1875,0.1875,0.8125,0.1875,30,0.5357142857142857,8.71,0.16,56,9,0.4090909090909091,-5.07,-0.23,22,401282154,2021,14
2294,Iowa Hawkeyes,21,0.29577464788732394,13,0.3333333333333333,8,0.25,1,0.1,7,0.3684210526315789,14,0.27450980392156865,51,0.47058823529411764,0.5294117647058824,-8.57,-0.17,8,0.1568627450980392,24,-1.64,-0.07,7,0.2916666666666667,27,-6.94,-0.26,7,0.25925925925925924,9,0.7777777777777778,0.2222222222222222,-2.92,-0.32,2,0.2222222222222222,7,-2.74,-0.39,1,0.14285714285714285,2,-0.19,-0.09,1,0.5,7,6,1,20,15,5,-4.39,-0.22,0.35,0.3,0.05,0.75,0.25,12,0.27906976744186046,-14.84,-0.35,43,9,0.32142857142857145,1.87,0.07,28,401331447,2021,14
130,Michigan Wolverines,34,0.5483870967741935,15,0.5172413793103449,19,0.5757575757575758,6,0.8571428571428571,4,0.4,30,0.5882352941176471,51,0.4117647058823529,0.5882352941176471,17.54,0.34,13,0.2549019607843137,21,8.8,0.42,13,0.6190476190476191,30,8.73,0.29,17,0.5666666666666667,17,0.7058823529411765,0.29411764705882354,1.62,0.1,9,0.5294117647058824,12,-0.54,-0.04,6,0.5,5,2.16,0.43,3,0.6,4,2,2,11,8,3,-0.53,-0.05,0.36363636363636365,0.18181818181818182,0.18181818181818182,0.7272727272727273,0.2727272727272727,27,0.6136363636363636,14.48,0.33,44,7,0.3888888888888889,2.52,0.14,18,401331447,2021,14
248,Houston Cougars,29,0.4027777777777778,16,0.47058823529411764,13,0.34210526315789475,4,0.5,6,0.4,21,0.3888888888888889,54,0.42592592592592593,0.5740740740740741,-10.75,-0.2,14,0.25925925925925924,23,-4.9,-0.21,11,0.4782608695652174,31,-5.86,-0.19,10,0.3225806451612903,6,0.3333333333333333,0.6666666666666666,-7.35,-1.22,1,0.16666666666666666,2,-6.1,-3.05,0,0.0,4,-1.25,-0.31,1,0.25,8,5,3,18,11,7,7.14,0.4,0.4444444444444444,0.2777777777777778,0.16666666666666666,0.6111111111111112,0.3888888888888889,22,0.4782608695652174,0.17,0.0,46,7,0.2692307692307692,-3.78,-0.15,26,401331162,2021,14
2132,Cincinnati Bearcats,18,0.4,9,0.5,9,0.3333333333333333,1,0.25,0,0.0,18,0.5,36,0.4166666666666667,0.5833333333333334,19.78,0.55,9,0.25,15,13.54,0.9,9,0.6,21,6.23,0.3,9,0.42857142857142855,11,0.36363636363636365,0.6363636363636364,4.47,0.41,5,0.45454545454545453,4,7.06,1.77,3,0.75,7,-2.6,-0.37,2,0.2857142857142857,0,0,0,9,3,6,-10.54,-1.17,0.0,0.0,0.0,0.3333333333333333,0.6666666666666666,15,0.5357142857142857,14.44,0.52,28,3,0.17647058823529413,-5.2,-0.31,17,401331162,2021,14
197,Oklahoma State Cowboys,31,0.3563218390804598,22,0.4489795918367347,9,0.23684210526315788,3,0.15789473684210525,12,0.6,19,0.2878787878787879,66,0.5454545454545454,0.45454545454545453,-30.91,-0.47,10,0.15151515151515152,36,-20.59,-0.57,14,0.3888888888888889,30,-10.31,-0.34,5,0.16666666666666666,11,0.6363636363636364,0.36363636363636365,-4.62,-0.42,4,0.36363636363636365,7,-5.47,-0.78,2,0.2857142857142857,4,0.85,0.21,2,0.5,12,8,4,21,13,8,7.67,0.37,0.5714285714285714,0.38095238095238093,0.19047619047619047,0.6190476190476191,0.38095238095238093,20,0.3389830508474576,-21.4,-0.36,59,11,0.39285714285714285,-1.84,-0.07,28,401287953,2021,14
239,Baylor Bears,29,0.47540983606557374,16,0.47058823529411764,13,0.48148148148148145,7,0.6363636363636364,7,0.5,22,0.4782608695652174,46,0.5217391304347826,0.4782608695652174,-5.08,-0.11,9,0.1956521739130435,24,0.13,0.01,12,0.5,22,-5.21,-0.24,10,0.45454545454545453,15,0.6,0.4,2.42,0.16,9,0.6,9,1.29,0.14,5,0.5555555555555556,6,1.12,0.19,4,0.6666666666666666,7,4,3,15,10,5,-2.8,-0.19,0.4666666666666667,0.26666666666666666,0.2,0.6666666666666666,0.3333333333333333,26,0.5652173913043478,0.17,0.0,46,3,0.2,-8.05,-0.54,15,401287953,2021,14
154,Wake Forest Demon Deacons,31,0.36470588235294116,20,0.39215686274509803,11,0.3235294117647059,4,0.8,7,0.3684210526315789,24,0.36923076923076925,65,0.5692307692307692,0.4307692307692308,-6.27,-0.1,12,0.18461538461538463,37,-5.53,-0.15,15,0.40540540540540543,28,-0.75,-0.03,9,0.32142857142857145,18,0.6666666666666666,0.3333333333333333,-6.93,-0.39,5,0.2777777777777778,12,-4.57,-0.38,4,0.3333333333333333,6,-2.36,-0.39,1,0.16666666666666666,7,5,2,20,14,6,-14.13,-0.71,0.35,0.25,0.1,0.7,0.3,21,0.375,-11.63,-0.21,56,10,0.3448275862068966,-8.78,-0.3,29,401331163,2021,14
221,Pittsburgh Panthers,35,0.5,20,0.5405405405405406,15,0.45454545454545453,4,0.4444444444444444,5,0.38461538461538464,30,0.5357142857142857,56,0.5178571428571429,0.48214285714285715,8.52,0.15,16,0.2857142857142857,29,11.51,0.4,17,0.5862068965517241,27,-2.99,-0.11,13,0.48148148148148145,7,0.42857142857142855,0.5714285714285714,2.2,0.31,5,0.7142857142857143,3,4.5,1.5,3,1.0,4,-2.3,-0.57,2,0.5,5,3,2,14,8,6,-3.82,-0.27,0.35714285714285715,0.21428571428571427,0.14285714285714285,0.5714285714285714,0.42857142857142855,30,0.5660377358490566,4.79,0.09,53,5,0.29411764705882354,-0.09,-0.01,17,401331163,2021,14
309,Louisiana Ragin' Cajuns,25,0.3472222222222222,13,0.3611111111111111,12,0.3333333333333333,0,0.0,6,0.4,18,0.3333333333333333,54,0.48148148148148145,0.5185185185185185,-0.39,-0.01,11,0.2037037037037037,26,-1.64,-0.06,8,0.3076923076923077,28,1.25,0.04,10,0.35714285714285715,7,0.7142857142857143,0.2857142857142857,-0.05,-0.01,3,0.42857142857142855,5,1.4,0.28,3,0.6,2,-1.45,-0.72,0,0.0,7,5,2,18,10,8,4.29,0.24,0.3888888888888889,0.2777777777777778,0.1111111111111111,0.5555555555555556,0.4444444444444444,10,0.2564102564102564,-10.31,-0.26,39,15,0.45454545454545453,14.21,0.43,33,401331161,2021,14
2026,Appalachian State Mountaineers,24,0.375,9,0.2727272727272727,15,0.4838709677419355,0,0.0,4,0.26666666666666666,18,0.3829787234042553,47,0.46808510638297873,0.5319148936170213,-2.59,-0.06,10,0.2127659574468085,22,-9.54,-0.43,5,0.22727272727272727,25,6.95,0.28,13,0.52,14,0.5,0.5,10.38,0.74,7,0.5,7,7.51,1.07,5,0.7142857142857143,7,2.87,0.41,2,0.2857142857142857,6,4,2,17,11,6,3.97,0.23,0.35294117647058826,0.23529411764705882,0.11764705882352941,0.6470588235294118,0.35294117647058826,17,0.4594594594594595,-1.33,-0.04,37,7,0.25925925925925924,2.71,0.1,27,401331161,2021,14
2459,Northern Illinois Huskies,38,0.5,7,0.4666666666666667,31,0.5081967213114754,10,0.5263157894736842,8,0.5714285714285714,27,0.4576271186440678,59,0.1864406779661017,0.8135593220338984,1.8,0.03,14,0.23728813559322035,11,-3.55,-0.32,3,0.2727272727272727,48,5.35,0.11,24,0.5,11,0.2727272727272727,0.7272727272727273,-0.17,-0.02,6,0.5454545454545454,3,-3.11,-1.04,0,0.0,8,2.95,0.37,6,0.75,11,4,7,17,4,13,14.86,0.87,0.6470588235294118,0.23529411764705882,0.4117647058823529,0.23529411764705882,0.7647058823529411,29,0.5178571428571429,10.85,0.19,56,9,0.45,5.81,0.29,20,401331160,2021,14
2309,Kent State Golden Flashes,34,0.5483870967741935,14,0.4666666666666667,20,0.625,5,0.5555555555555556,5,0.5555555555555556,28,0.56,50,0.46,0.54,7.16,0.14,18,0.36,23,1.85,0.08,12,0.5217391304347826,27,5.31,0.2,16,0.5925925925925926,10,0.4,0.6,3.78,0.38,7,0.7,4,2.46,0.61,2,0.5,6,1.32,0.22,5,0.8333333333333334,6,2,4,12,7,5,4.73,0.39,0.5,0.16666666666666666,0.3333333333333333,0.5833333333333334,0.4166666666666667,22,0.5238095238095238,4.24,0.1,42,12,0.6,7.64,0.38,20,401331160,2021,14
328,Utah State Aggies,33,0.4647887323943662,23,0.5111111111111111,10,0.38461538461538464,8,0.4444444444444444,9,0.5625,22,0.41509433962264153,53,0.6037735849056604,0.39622641509433965,-0.49,-0.01,8,0.1509433962264151,32,1.7,0.05,15,0.46875,21,-2.19,-0.1,7,0.3333333333333333,13,0.7692307692307693,0.23076923076923078,7.04,0.54,10,0.7692307692307693,10,8.23,0.82,9,0.9,3,-1.19,-0.4,1,0.3333333333333333,11,8,3,18,13,5,10.69,0.59,0.6111111111111112,0.4444444444444444,0.16666666666666666,0.7222222222222222,0.2777777777777778,25,0.5102040816326531,13.73,0.28,49,8,0.36363636363636365,-3.53,-0.16,22,401310676,2021,14
21,San Diego State Aztecs,24,0.34782608695652173,13,0.38235294117647056,10,0.29411764705882354,2,0.13333333333333333,1,0.07142857142857142,21,0.42,50,0.44,0.56,-1.54,-0.03,13,0.26,22,5.33,0.24,13,0.5909090909090909,28,-6.86,-0.25,8,0.2857142857142857,10,0.5,0.4,-1.06,-0.11,3,0.3,5,-3.1,-0.62,1,0.2,4,0.39,0.1,1,0.25,3,0,2,19,12,6,-15.73,-0.83,0.15789473684210525,0.0,0.10526315789473684,0.631578947368421,0.3157894736842105,16,0.38095238095238093,-4.29,-0.1,42,8,0.2962962962962963,-12.97,-0.48,27,401310676,2021,14
30,USC Trojans,45,0.371900826446281,24,0.375,21,0.375,2,0.15384615384615385,16,0.5517241379310345,29,0.31868131868131866,91,0.5164835164835165,0.4835164835164835,-9.52,-0.1,17,0.18681318681318682,47,-5.49,-0.12,15,0.3191489361702128,44,-4.03,-0.09,14,0.3181818181818182,36,0.5277777777777778,0.4444444444444444,-13.46,-0.37,8,0.2222222222222222,19,-2.71,-0.14,4,0.21052631578947367,16,-1.74,-0.11,4,0.25,16,9,7,30,17,12,-2.22,-0.07,0.5333333333333333,0.3,0.23333333333333334,0.5666666666666667,0.4,26,0.3333333333333333,-17.5,-0.22,78,19,0.4418604651162791,5.76,0.13,43,401387250,2021,14
25,California Golden Bears,32,0.4155844155844156,16,0.42105263157894735,16,0.41025641025641024,8,0.5,3,0.21428571428571427,28,0.45161290322580644,62,0.45161290322580644,0.5483870967741935,-1.35,-0.02,13,0.20967741935483872,28,1.29,0.05,13,0.4642857142857143,34,-2.64,-0.08,15,0.4411764705882353,9,0.4444444444444444,0.5555555555555556,-4.22,-0.47,0,0.0,4,-1.73,-0.43,0,0.0,5,-2.49,-0.5,0,0.0,4,3,1,15,10,5,-1.55,-0.1,0.26666666666666666,0.2,0.06666666666666667,0.6666666666666666,0.3333333333333333,29,0.5272727272727272,7.34,0.13,55,3,0.13636363636363635,-10.24,-0.47,22,401387250,2021,14
349,Army Black Knights,14,0.2857142857142857,6,0.35294117647058826,8,0.25,0,0.0,4,0.3333333333333333,10,0.2777777777777778,36,0.3333333333333333,0.6666666666666666,1.21,0.03,5,0.1388888888888889,12,5.36,0.45,5,0.4166666666666667,24,-4.16,-0.17,5,0.20833333333333334,5,0.2,0.8,0.21,0.04,1,0.2,1,2.36,2.36,1,1.0,4,-2.15,-0.54,0,0.0,4,1,3,13,5,8,-5.04,-0.39,0.3076923076923077,0.07692307692307693,0.23076923076923078,0.38461538461538464,0.6153846153846154,8,0.3076923076923077,-5.36,-0.21,26,6,0.2608695652173913,1.53,0.07,23,401301056,2021,15
2426,Navy Midshipmen,21,0.38181818181818183,3,0.42857142857142855,18,0.375,2,0.5,6,0.42857142857142855,13,0.3333333333333333,39,0.10256410256410256,0.8974358974358975,-4.25,-0.11,6,0.15384615384615385,4,1.38,0.34,2,0.5,35,-5.63,-0.16,11,0.3142857142857143,7,0.14285714285714285,0.8571428571428571,2.23,0.32,3,0.42857142857142855,1,2.98,2.98,1,1.0,6,-0.75,-0.12,2,0.3333333333333333,8,1,7,16,3,13,12.01,0.75,0.5,0.0625,0.4375,0.1875,0.8125,15,0.40540540540540543,4.43,0.12,37,6,0.3333333333333333,3.34,0.19,18,401301056,2021,15
2393,Middle Tennessee Blue Raiders,37,0.43529411764705883,20,0.46511627906976744,17,0.40476190476190477,5,0.5,7,0.4375,29,0.43283582089552236,67,0.4626865671641791,0.5373134328358209,-0.69,-0.01,15,0.22388059701492538,31,5.37,0.17,17,0.5483870967741935,36,-6.06,-0.17,12,0.3333333333333333,16,0.6875,0.3125,-2.72,-0.17,10,0.625,11,-3.19,-0.29,8,0.7272727272727273,5,0.48,0.1,2,0.4,8,3,5,18,12,6,0.49,0.03,0.4444444444444444,0.16666666666666666,0.2777777777777778,0.6666666666666666,0.3333333333333333,23,0.40350877192982454,-18.82,-0.33,57,14,0.5,18.62,0.67,28,401331164,2021,1
2649,Toledo Rockets,27,0.38028169014084506,11,0.275,16,0.5161290322580645,1,0.16666666666666666,5,0.3333333333333333,21,0.38181818181818183,55,0.5272727272727272,0.4727272727272727,1.81,0.03,13,0.23636363636363636,29,-3.96,-0.14,8,0.27586206896551724,26,5.78,0.22,13,0.5,8,0.5,0.5,-6.25,-0.78,0,0.0,4,-4.1,-1.03,0,0.0,4,-2.15,-0.54,0,0.0,6,3,3,16,11,5,0.09,0.01,0.375,0.1875,0.1875,0.6875,0.3125,19,0.475,16.26,0.41,40,8,0.25806451612903225,-14.36,-0.46,31,401331164,2021,1
324,Coastal Carolina Chanticleers,33,0.6,20,0.6451612903225806,13,0.5416666666666666,1,0.2,6,0.6,26,0.5909090909090909,44,0.5681818181818182,0.4318181818181818,24.04,0.55,11,0.25,25,14.76,0.59,15,0.6,19,9.27,0.49,11,0.5789473684210527,14,0.6428571428571429,0.35714285714285715,10.28,0.73,11,0.7857142857142857,9,6.02,0.67,7,0.7777777777777778,5,4.27,0.85,4,0.8,7,5,2,11,6,5,10.79,0.98,0.6363636363636364,0.45454545454545453,0.18181818181818182,0.5454545454545454,0.45454545454545453,23,0.6388888888888888,24.78,0.69,36,10,0.5263157894736842,10.05,0.53,19,401331165,2021,1
2459,Northern Illinois Huskies,46,0.5287356321839081,18,0.5294117647058824,28,0.5283018867924528,12,0.6666666666666666,6,0.42857142857142855,37,0.5362318840579711,69,0.37681159420289856,0.6231884057971014,19.47,0.28,19,0.2753623188405797,26,3.61,0.14,13,0.5,43,15.86,0.37,24,0.5581395348837209,9,0.2222222222222222,0.7777777777777778,6.6,0.73,6,0.6666666666666666,2,4.0,2.0,2,1.0,7,2.6,0.37,4,0.5714285714285714,9,5,4,18,8,10,7.36,0.41,0.5,0.2777777777777778,0.2222222222222222,0.4444444444444444,0.5555555555555556,34,0.53125,16.08,0.25,64,12,0.5217391304347826,10.75,0.47,23,401331165,2021,1
5,UAB Blazers,35,0.546875,13,0.5,22,0.5789473684210527,4,0.36363636363636365,9,0.6428571428571429,24,0.5,48,0.3125,0.6875,2.73,0.06,9,0.1875,15,-2.87,-0.19,6,0.4,33,5.6,0.17,18,0.5454545454545454,6,0.3333333333333333,0.6666666666666666,5.68,0.95,5,0.8333333333333334,2,3.88,1.94,2,1.0,4,1.8,0.45,3,0.75,11,7,4,16,11,5,15.57,0.97,0.6875,0.4375,0.25,0.6875,0.3125,27,0.6,16.91,0.38,45,8,0.42105263157894735,1.38,0.07,19,401331168,2021,1
252,BYU Cougars,29,0.5,11,0.4583333333333333,18,0.5294117647058824,6,0.6,6,0.5,21,0.5121951219512195,41,0.4146341463414634,0.5853658536585366,11.63,0.28,8,0.1951219512195122,17,1.78,0.1,7,0.4117647058823529,24,9.85,0.41,14,0.5833333333333334,14,0.5714285714285714,0.42857142857142855,7.69,0.55,6,0.42857142857142855,8,1.6,0.2,3,0.375,6,6.09,1.02,3,0.5,8,4,4,17,7,10,2.67,0.16,0.47058823529411764,0.23529411764705882,0.23529411764705882,0.4117647058823529,0.5882352941176471,21,0.5121951219512195,11.77,0.29,41,8,0.47058823529411764,2.54,0.15,17,401331168,2021,1
276,Marshall Thundering Herd,22,0.39285714285714285,9,0.32142857142857145,13,0.4642857142857143,2,0.5,5,0.38461538461538464,17,0.3953488372093023,43,0.5348837209302325,0.46511627906976744,-2.92,-0.07,9,0.20930232558139536,23,-11.59,-0.5,8,0.34782608695652173,20,8.68,0.43,9,0.45,7,0.7142857142857143,0.2857142857142857,-5.01,-0.72,3,0.42857142857142855,5,-4.79,-0.96,2,0.4,2,-0.22,-0.11,1,0.5,5,1,4,13,5,8,-3.05,-0.23,0.38461538461538464,0.07692307692307693,0.3076923076923077,0.38461538461538464,0.6153846153846154,16,0.42105263157894735,-8.76,-0.23,38,6,0.3333333333333333,2.8,0.16,18,401331171,2021,1
309,Louisiana Ragin' Cajuns,37,0.45121951219512196,15,0.4411764705882353,22,0.4583333333333333,10,0.45454545454545453,9,0.5294117647058824,28,0.4375,64,0.375,0.625,6.94,0.11,15,0.234375,24,7.02,0.29,11,0.4583333333333333,40,-0.08,-0.0,17,0.425,14,0.42857142857142855,0.5714285714285714,1.17,0.08,4,0.2857142857142857,6,4.12,0.69,3,0.5,8,-2.95,-0.37,1,0.125,9,4,5,18,10,8,2.55,0.14,0.5,0.2222222222222222,0.2777777777777778,0.5555555555555556,0.4444444444444444,25,0.44642857142857145,2.14,0.04,56,12,0.46153846153846156,7.34,0.28,26,401331171,2021,1
2026,Appalachian State Mountaineers,37,0.47435897435897434,18,0.46153846153846156,19,0.48717948717948717,3,0.2,6,0.4,29,0.5,58,0.41379310344827586,0.5862068965517241,18.26,0.31,15,0.25862068965517243,24,13.15,0.55,13,0.5416666666666666,34,5.11,0.15,16,0.47058823529411764,11,0.45454545454545453,0.5454545454545454,-5.22,-0.47,5,0.45454545454545453,5,-0.15,-0.03,2,0.4,6,-5.07,-0.84,3,0.5,8,5,3,20,15,5,-2.48,-0.12,0.4,0.25,0.15,0.75,0.25,32,0.5925925925925926,31.73,0.59,54,5,0.20833333333333334,-15.95,-0.66,24,401331166,2021,1
98,Western Kentucky Hilltoppers,37,0.5068493150684932,23,0.4791666666666667,14,0.56,7,0.3333333333333333,8,0.6153846153846154,29,0.48333333333333334,60,0.65,0.35,19.36,0.32,16,0.26666666666666666,39,14.14,0.36,18,0.46153846153846156,21,5.22,0.25,11,0.5238095238095238,9,0.5555555555555556,0.4444444444444444,12.05,1.34,6,0.6666666666666666,5,5.34,1.07,3,0.6,4,6.7,1.68,3,0.75,8,5,3,13,9,4,7.86,0.6,0.6153846153846154,0.38461538461538464,0.23076923076923078,0.6923076923076923,0.3076923076923077,31,0.5254237288135594,20.08,0.34,59,6,0.42857142857142855,7.14,0.51,14,401331166,2021,1
278,Fresno State Bulldogs,38,0.5066666666666667,20,0.47619047619047616,18,0.5454545454545454,3,0.5,5,0.4166666666666667,33,0.5238095238095238,63,0.5079365079365079,0.49206349206349204,12.93,0.21,19,0.30158730158730157,32,5.84,0.18,16,0.5,31,7.1,0.23,17,0.5483870967741935,11,0.6363636363636364,0.36363636363636365,6.38,0.58,8,0.7272727272727273,7,4.63,0.66,5,0.7142857142857143,4,1.75,0.44,3,0.75,5,4,1,12,10,2,3.5,0.29,0.4166666666666667,0.3333333333333333,0.08333333333333333,0.8333333333333334,0.16666666666666666,28,0.5283018867924528,12.54,0.24,53,10,0.45454545454545453,3.89,0.18,22,401331167,2021,1
2638,UTEP Miners,25,0.45454545454545453,12,0.41379310344827586,13,0.5,4,0.4,1,0.1,21,0.5,42,0.4523809523809524,0.5476190476190477,2.32,0.06,11,0.2619047619047619,19,6.42,0.34,9,0.47368421052631576,23,-4.1,-0.18,12,0.5217391304347826,10,0.5,0.5,-0.6,-0.06,4,0.4,5,-0.35,-0.07,2,0.4,5,-0.25,-0.05,2,0.4,4,3,1,13,10,3,5.66,0.44,0.3076923076923077,0.23076923076923078,0.07692307692307693,0.7692307692307693,0.23076923076923078,18,0.46153846153846156,0.48,0.01,39,7,0.4375,7.5,0.47,16,401331167,2021,1
2199,Eastern Michigan Eagles,37,0.4457831325301205,19,0.3958333333333333,18,0.5142857142857142,6,0.5454545454545454,6,0.35294117647058826,30,0.4838709677419355,62,0.5806451612903226,0.41935483870967744,-5.36,-0.09,14,0.22580645161290322,36,-9.32,-0.26,15,0.4166666666666667,26,3.95,0.15,15,0.5769230769230769,9,0.5555555555555556,0.4444444444444444,-3.5,-0.39,2,0.2222222222222222,5,-4.41,-0.88,0,0.0,4,0.91,0.23,2,0.5,7,4,3,21,12,9,-4.06,-0.19,0.3333333333333333,0.19047619047619047,0.14285714285714285,0.5714285714285714,0.42857142857142855,31,0.5081967213114754,-10.45,-0.17,61,6,0.2727272727272727,1.03,0.05,22,401331169,2021,1
2335,Liberty Flames,32,0.5245901639344263,12,0.42857142857142855,20,0.6060606060606061,6,0.6666666666666666,4,0.4,27,0.5510204081632653,49,0.3877551020408163,0.6122448979591837,12.99,0.27,11,0.22448979591836735,19,4.28,0.23,8,0.42105263157894735,30,8.71,0.29,19,0.6333333333333333,13,0.38461538461538464,0.6153846153846154,5.11,0.39,8,0.6153846153846154,5,1.72,0.34,2,0.4,8,3.39,0.42,6,0.75,5,4,1,12,9,3,1.85,0.15,0.4166666666666667,0.3333333333333333,0.08333333333333333,0.75,0.25,25,0.5555555555555556,15.16,0.34,45,7,0.4375,-0.32,-0.02,16,401331169,2021,1
328,Utah State Aggies,31,0.41333333333333333,17,0.4857142857142857,14,0.35,6,0.35294117647058826,5,0.4166666666666667,26,0.4126984126984127,63,0.42857142857142855,0.5714285714285714,1.02,0.02,17,0.2698412698412698,27,9.01,0.33,14,0.5185185185185185,36,-7.98,-0.22,12,0.3333333333333333,17,0.5882352941176471,0.4117647058823529,1.49,0.09,7,0.4117647058823529,10,0.35,0.04,4,0.4,7,1.14,0.16,3,0.42857142857142855,5,3,2,12,8,4,-0.95,-0.08,0.4166666666666667,0.25,0.16666666666666666,0.6666666666666666,0.3333333333333333,24,0.4444444444444444,2.76,0.05,54,7,0.3333333333333333,-2.68,-0.13,21,401331170,2021,1
204,Oregon State Beavers,32,0.48484848484848486,14,0.4117647058823529,18,0.5625,1,0.25,4,0.3333333333333333,28,0.5384615384615384,52,0.46153846153846156,0.5384615384615384,4.64,0.09,18,0.34615384615384615,24,-0.88,-0.04,12,0.5,28,5.52,0.2,16,0.5714285714285714,5,0.4,0.6,-1.01,-0.2,2,0.4,2,-1.89,-0.95,0,0.0,3,0.88,0.29,2,0.6666666666666666,4,2,2,14,10,4,-5.47,-0.39,0.2857142857142857,0.14285714285714285,0.14285714285714285,0.7142857142857143,0.2857142857142857,28,0.5957446808510638,7.88,0.17,47,4,0.21052631578947367,-8.71,-0.46,19,401331170,2021,1
202,Tulsa Golden Hurricane,51,0.5257731958762887,20,0.5714285714285714,31,0.5,8,0.47058823529411764,9,0.5,40,0.5333333333333333,75,0.32,0.68,12.77,0.17,22,0.29333333333333333,24,7.88,0.33,14,0.5833333333333334,51,4.88,0.1,26,0.5098039215686274,20,0.4,0.6,4.45,0.22,12,0.6,8,2.41,0.3,5,0.625,12,2.03,0.17,7,0.5833333333333334,11,6,5,22,11,11,4.97,0.23,0.5,0.2727272727272727,0.22727272727272727,0.5,0.5,40,0.5194805194805194,9.05,0.12,77,11,0.55,8.69,0.43,20,401331172,2021,1
295,Old Dominion Monarchs,16,0.34782608695652173,7,0.2413793103448276,9,0.5294117647058824,2,0.4,4,0.4,12,0.3333333333333333,36,0.5555555555555556,0.4444444444444444,-8.54,-0.24,6,0.16666666666666666,20,-10.41,-0.52,4,0.2,16,1.87,0.12,8,0.5,1,1.0,0.0,-1.37,-1.37,0,0.0,1,-1.37,-1.37,0,0.0,,,,,,4,3,1,10,9,1,2.23,0.22,0.4,0.3,0.1,0.9,0.1,12,0.42857142857142855,-4.31,-0.15,28,4,0.2222222222222222,-2.0,-0.11,18,401331172,2021,1
21,San Diego State Aztecs,43,0.5733333333333334,24,0.6486486486486487,19,0.5,9,0.75,5,0.5,37,0.5873015873015873,63,0.47619047619047616,0.5238095238095238,25.49,0.4,19,0.30158730158730157,30,25.23,0.84,23,0.7666666666666667,33,0.27,0.01,14,0.42424242424242425,20,0.65,0.35,8.57,0.43,15,0.75,13,6.83,0.53,10,0.7692307692307693,7,1.74,0.25,5,0.7142857142857143,6,1,5,12,7,5,0.34,0.03,0.5,0.08333333333333333,0.4166666666666667,0.5833333333333334,0.4166666666666667,31,0.5535714285714286,11.02,0.2,56,12,0.631578947368421,14.81,0.78,19,401331214,2021,1
2636,UTSA Roadrunners,29,0.46774193548387094,19,0.475,10,0.45454545454545453,4,0.4444444444444444,3,0.3333333333333333,25,0.5,50,0.6,0.4,16.65,0.33,13,0.26,30,12.65,0.42,16,0.5333333333333333,20,4.0,0.2,9,0.45,5,0.8,0.2,1.15,0.23,2,0.4,4,1.26,0.32,2,0.5,1,-0.12,-0.12,0,0.0,4,3,1,12,10,2,-10.25,-0.85,0.3333333333333333,0.25,0.08333333333333333,0.8333333333333334,0.16666666666666666,20,0.46511627906976744,6.07,0.14,43,9,0.47368421052631576,0.32,0.02,19,401331214,2021,1
2751,Wyoming Cowboys,39,0.6290322580645161,8,0.5714285714285714,31,0.6458333333333334,5,0.7142857142857143,7,0.5833333333333334,31,0.6326530612244898,49,0.14285714285714285,0.8571428571428571,23.95,0.49,9,0.1836734693877551,7,6.06,0.87,5,0.7142857142857143,42,17.89,0.43,26,0.6190476190476191,16,0.375,0.625,10.22,0.64,11,0.6875,6,8.5,1.42,4,0.6666666666666666,10,1.72,0.17,7,0.7,8,3,5,13,7,6,9.06,0.7,0.6153846153846154,0.23076923076923078,0.38461538461538464,0.5384615384615384,0.46153846153846156,33,0.673469387755102,35.83,0.73,49,6,0.46153846153846156,-2.82,-0.22,13,401331213,2021,1
2309,Kent State Golden Flashes,37,0.47435897435897434,15,0.46875,22,0.4782608695652174,6,0.4,9,0.5625,28,0.4745762711864407,59,0.4576271186440678,0.5423728813559322,25.29,0.43,14,0.23728813559322035,27,16.11,0.6,13,0.48148148148148145,32,9.18,0.29,15,0.46875,6,0.5,0.5,6.29,1.05,4,0.6666666666666666,3,2.62,0.87,2,0.6666666666666666,3,3.66,1.22,2,0.6666666666666666,9,2,7,19,5,14,3.1,0.16,0.47368421052631576,0.10526315789473684,0.3684210526315789,0.2631578947368421,0.7368421052631579,23,0.42592592592592593,13.53,0.25,54,14,0.5833333333333334,14.86,0.62,24,401331213,2021,1
349,Army Black Knights,30,0.46875,6,0.6666666666666666,24,0.43636363636363634,4,0.4,7,0.5,18,0.4,45,0.15555555555555556,0.8444444444444444,6.64,0.15,9,0.2,7,5.51,0.79,4,0.5714285714285714,38,1.13,0.03,14,0.3684210526315789,8,0.25,0.75,2.14,0.27,4,0.5,2,1.1,0.55,1,0.5,6,1.04,0.17,3,0.5,12,2,10,19,2,17,10.0,0.53,0.631578947368421,0.10526315789473684,0.5263157894736842,0.10526315789473684,0.8947368421052632,22,0.46808510638297873,16.21,0.34,47,8,0.47058823529411764,0.44,0.03,17,401331215,2021,1
142,Missouri Tigers,43,0.6056338028169014,25,0.6756756756756757,18,0.5294117647058824,3,0.3,8,0.7272727272727273,35,0.5932203389830508,59,0.5084745762711864,0.4915254237288136,8.16,0.14,20,0.3389830508474576,30,9.14,0.3,21,0.7,29,-0.99,-0.03,14,0.4827586206896552,10,0.5,0.5,3.95,0.39,7,0.7,5,2.96,0.59,4,0.8,5,0.99,0.2,3,0.6,8,4,4,12,7,5,2.3,0.19,0.6666666666666666,0.3333333333333333,0.3333333333333333,0.5833333333333334,0.4166666666666667,36,0.6101694915254238,5.77,0.1,59,7,0.5833333333333334,4.69,0.39,12,401331215,2021,1
193,Miami (OH) RedHawks,35,0.4430379746835443,15,0.4166666666666667,20,0.46511627906976744,8,0.4444444444444444,9,0.5625,26,0.4126984126984127,63,0.4444444444444444,0.5555555555555556,6.1,0.1,14,0.2222222222222222,28,1.66,0.06,11,0.39285714285714285,35,4.44,0.13,15,0.42857142857142855,15,0.6,0.4,7.4,0.49,7,0.4666666666666667,9,5.8,0.64,4,0.4444444444444444,6,1.6,0.27,3,0.5,9,4,5,16,8,8,10.2,0.64,0.5625,0.25,0.3125,0.5,0.5,23,0.46,3.46,0.07,50,12,0.41379310344827586,12.84,0.44,29,401391158,2021,1
249,North Texas Mean Green,24,0.375,13,0.38235294117647056,11,0.36666666666666664,8,0.4,5,0.38461538461538464,18,0.3673469387755102,49,0.46938775510204084,0.5306122448979592,0.02,0.0,13,0.2653061224489796,23,1.88,0.08,10,0.43478260869565216,26,-1.86,-0.07,8,0.3076923076923077,11,0.45454545454545453,0.5454545454545454,-1.23,-0.11,4,0.36363636363636365,5,-0.72,-0.14,3,0.6,6,-0.51,-0.08,1,0.16666666666666666,6,3,3,15,11,4,-5.93,-0.4,0.4,0.2,0.2,0.7333333333333333,0.26666666666666666,18,0.4,-7.12,-0.16,45,6,0.3157894736842105,1.21,0.06,19,401391158,2021,1
2116,UCF Knights,29,0.3972602739726027,10,0.37037037037037035,19,0.41304347826086957,8,0.4,5,0.3125,22,0.4,55,0.3090909090909091,0.6909090909090909,10.74,0.2,11,0.2,17,4.03,0.24,7,0.4117647058823529,38,6.71,0.18,15,0.39473684210526316,8,0.375,0.625,-3.16,-0.39,1,0.125,3,-2.0,-0.67,0,0.0,5,-1.16,-0.23,1,0.2,7,3,4,18,10,8,-2.76,-0.15,0.3888888888888889,0.16666666666666666,0.2222222222222222,0.5555555555555556,0.4444444444444444,21,0.42,4.91,0.1,50,8,0.34782608695652173,3.07,0.13,23,401331216,2021,1
57,Florida Gators,26,0.3880597014925373,11,0.28205128205128205,15,0.5357142857142857,3,0.375,2,0.15384615384615385,24,0.46153846153846156,52,0.5384615384615384,0.46153846153846156,9.46,0.18,15,0.28846153846153844,28,-0.45,-0.02,10,0.35714285714285715,24,9.9,0.41,14,0.5833333333333334,13,0.6153846153846154,0.38461538461538464,-0.21,-0.02,5,0.38461538461538464,8,-2.77,-0.35,2,0.25,5,2.56,0.51,3,0.6,2,1,1,15,11,4,-13.51,-0.9,0.13333333333333333,0.06666666666666667,0.06666666666666667,0.7333333333333333,0.26666666666666666,19,0.475,6.38,0.16,40,7,0.25925925925925924,-10.43,-0.39,27,401331216,2021,1
2050,Ball State Cardinals,31,0.38271604938271603,19,0.38,12,0.3870967741935484,2,0.3333333333333333,8,0.4444444444444444,22,0.36666666666666664,60,0.5666666666666667,0.43333333333333335,-10.81,-0.18,10,0.16666666666666666,34,-7.56,-0.22,12,0.35294117647058826,26,-3.24,-0.12,10,0.38461538461538464,10,0.6,0.4,0.78,0.08,5,0.5,6,1.58,0.26,3,0.5,4,-0.8,-0.2,2,0.5,9,7,2,21,16,5,-3.42,-0.16,0.42857142857142855,0.3333333333333333,0.09523809523809523,0.7619047619047619,0.23809523809523808,21,0.42857142857142855,-2.34,-0.05,49,10,0.3125,-11.89,-0.37,32,401331218,2021,1
2247,Georgia State Panthers,33,0.532258064516129,12,0.5714285714285714,21,0.5121951219512195,4,0.36363636363636365,6,0.5454545454545454,27,0.5294117647058824,51,0.3333333333333333,0.6666666666666666,12.45,0.24,13,0.2549019607843137,17,7.14,0.42,10,0.5882352941176471,34,5.31,0.16,17,0.5,9,0.2222222222222222,0.7777777777777778,5.08,0.56,7,0.7777777777777778,2,1.87,0.93,2,1.0,7,3.21,0.46,5,0.7142857142857143,6,2,4,11,4,7,5.19,0.47,0.5454545454545454,0.18181818181818182,0.36363636363636365,0.36363636363636365,0.6363636363636364,25,0.5,9.1,0.18,50,8,0.6666666666666666,8.54,0.71,12,401331218,2021,1
2440,Nevada Wolf Pack,19,0.35185185185185186,8,0.27586206896551724,11,0.44,3,0.42857142857142855,3,0.2727272727272727,15,0.35714285714285715,42,0.40476190476190477,0.5952380952380952,0.37,0.01,7,0.16666666666666666,17,-5.89,-0.35,4,0.23529411764705882,25,6.26,0.25,11,0.44,6,0.6666666666666666,0.3333333333333333,0.29,0.05,3,0.5,4,-0.49,-0.12,1,0.25,2,0.78,0.39,2,1.0,4,4,0,12,12,0,0.93,0.08,0.3333333333333333,0.3333333333333333,0.0,1.0,0.0,11,0.34375,-2.18,-0.07,32,8,0.36363636363636365,3.48,0.16,22,401331219,2021,1
2711,Western Michigan Broncos,39,0.6,7,0.4666666666666667,32,0.64,11,0.6111111111111112,6,0.6,32,0.5925925925925926,54,0.24074074074074073,0.7592592592592593,18.94,0.35,16,0.2962962962962963,13,-1.0,-0.08,5,0.38461538461538464,41,19.95,0.49,27,0.6585365853658537,15,0.2,0.8,11.48,0.77,9,0.6,3,-0.14,-0.05,2,0.6666666666666666,12,11.61,0.97,7,0.5833333333333334,7,2,5,11,2,9,11.17,1.02,0.6363636363636364,0.18181818181818182,0.45454545454545453,0.18181818181818182,0.8181818181818182,32,0.6037735849056604,16.43,0.31,53,7,0.5833333333333334,13.68,1.14,12,401331219,2021,1
248,Houston Cougars,26,0.4,17,0.40476190476190477,9,0.391304347826087,1,0.3333333333333333,6,0.46153846153846156,19,0.38,50,0.6,0.4,-5.35,-0.11,12,0.24,30,-5.38,-0.18,11,0.36666666666666664,20,0.03,0.0,8,0.4,8,0.375,0.625,-0.15,-0.02,3,0.375,3,1.0,0.33,2,0.6666666666666666,5,-1.15,-0.23,1,0.2,7,6,1,15,12,3,6.93,0.46,0.4666666666666667,0.4,0.06666666666666667,0.8,0.2,18,0.4,-1.35,-0.03,45,8,0.4,2.93,0.15,20,401331221,2021,1
2,Auburn Tigers,27,0.4090909090909091,14,0.3684210526315789,13,0.4642857142857143,1,0.1,4,0.26666666666666666,22,0.4583333333333333,48,0.5208333333333334,0.4791666666666667,1.9,0.04,10,0.20833333333333334,25,1.27,0.05,10,0.4,23,0.64,0.03,12,0.5217391304347826,14,0.7142857142857143,0.2857142857142857,1.56,0.11,6,0.42857142857142855,10,0.4,0.04,4,0.4,4,1.17,0.29,2,0.5,5,4,1,18,13,5,-8.18,-0.45,0.2777777777777778,0.2222222222222222,0.05555555555555555,0.7222222222222222,0.2777777777777778,21,0.4666666666666667,-5.75,-0.13,45,6,0.2857142857142857,-0.52,-0.02,21,401331221,2021,1
2005,Air Force Falcons,32,0.5079365079365079,9,0.75,23,0.45098039215686275,6,0.5,8,0.6153846153846154,23,0.46938775510204084,49,0.12244897959183673,0.8775510204081632,10.46,0.21,12,0.24489795918367346,6,10.17,1.7,5,0.8333333333333334,43,0.29,0.01,18,0.4186046511627907,15,0.4,0.6,4.6,0.31,9,0.6,6,3.71,0.62,4,0.6666666666666666,9,0.89,0.1,5,0.5555555555555556,9,4,5,14,6,8,12.01,0.86,0.6428571428571429,0.2857142857142857,0.35714285714285715,0.42857142857142855,0.5714285714285714,23,0.5111111111111111,11.26,0.25,45,9,0.5,11.21,0.62,18,401331222,2021,1
97,Louisville Cardinals,30,0.5084745762711864,12,0.5,18,0.5142857142857142,4,0.3333333333333333,6,0.46153846153846156,22,0.5116279069767442,43,0.3953488372093023,0.6046511627906976,8.31,0.19,10,0.23255813953488372,17,5.85,0.34,9,0.5294117647058824,26,2.47,0.09,13,0.5,8,0.75,0.25,1.73,0.22,4,0.5,6,1.39,0.23,3,0.5,2,0.34,0.17,1,0.5,8,3,5,16,7,9,9.2,0.58,0.5,0.1875,0.3125,0.4375,0.5625,20,0.5,3.25,0.08,40,10,0.5263157894736842,14.26,0.75,19,401331222,2021,1
344,Mississippi State Bulldogs,33,0.4520547945205479,25,0.43859649122807015,8,0.5,1,0.2,7,0.4117647058823529,25,0.46296296296296297,54,0.7777777777777778,0.2222222222222222,-1.79,-0.03,12,0.2222222222222222,42,-2.8,-0.07,19,0.4523809523809524,12,1.01,0.08,6,0.5,11,1.0,0.0,-2.0,-0.18,5,0.45454545454545453,11,-2.0,-0.18,5,0.45454545454545453,,,,,,8,6,2,19,15,4,-3.13,-0.16,0.42105263157894735,0.3157894736842105,0.10526315789473684,0.7894736842105263,0.21052631578947367,21,0.45652173913043476,-2.65,-0.06,46,12,0.4444444444444444,-2.27,-0.08,27,401331223,2021,1
2641,Texas Tech Red Raiders,36,0.5,12,0.41379310344827586,24,0.5581395348837209,9,0.6,6,0.46153846153846156,30,0.5172413793103449,58,0.3275862068965517,0.6724137931034483,15.73,0.27,17,0.29310344827586204,19,8.33,0.44,9,0.47368421052631576,39,7.4,0.19,21,0.5384615384615384,13,0.5384615384615384,0.46153846153846156,-2.96,-0.23,4,0.3076923076923077,7,-4.83,-0.69,0,0.0,6,1.87,0.31,4,0.6666666666666666,6,3,3,14,10,4,1.03,0.07,0.42857142857142855,0.21428571428571427,0.21428571428571427,0.7142857142857143,0.2857142857142857,25,0.5102040816326531,8.99,0.18,49,11,0.4782608695652174,7.77,0.34,23,401331223,2021,1
277,West Virginia Mountaineers,24,0.41379310344827586,12,0.3333333333333333,12,0.5454545454545454,1,0.25,4,0.3076923076923077,20,0.45454545454545453,44,0.6136363636363636,0.38636363636363635,-5.38,-0.12,11,0.25,27,-5.93,-0.22,11,0.4074074074074074,17,0.55,0.03,9,0.5294117647058824,15,0.7333333333333333,0.26666666666666666,-2.02,-0.13,7,0.4666666666666667,11,-3.05,-0.28,4,0.36363636363636365,4,1.03,0.26,3,0.75,4,1,3,14,9,5,-8.31,-0.59,0.2857142857142857,0.07142857142857142,0.21428571428571427,0.6428571428571429,0.35714285714285715,21,0.5526315789473685,1.89,0.05,38,3,0.15,-15.58,-0.78,20,401331224,2021,1
135,Minnesota Golden Gophers,28,0.4444444444444444,8,0.5333333333333333,20,0.4166666666666667,7,0.4666666666666667,6,0.46153846153846156,22,0.4489795918367347,49,0.20408163265306123,0.7959183673469388,6.86,0.14,12,0.24489795918367346,10,-0.13,-0.01,5,0.5,39,6.99,0.18,17,0.4358974358974359,7,0.2857142857142857,0.7142857142857143,3.54,0.51,4,0.5714285714285714,2,-2.64,-1.32,0,0.0,5,6.18,1.24,4,0.8,6,3,3,14,5,9,-6.8,-0.49,0.42857142857142855,0.21428571428571427,0.21428571428571427,0.35714285714285715,0.6428571428571429,21,0.4666666666666667,0.43,0.01,45,7,0.3888888888888889,-0.37,-0.02,18,401331224,2021,1
2483,Oregon Ducks,31,0.4246575342465753,18,0.4186046511627907,13,0.43333333333333335,1,0.25,7,0.5384615384615384,22,0.38596491228070173,57,0.5614035087719298,0.43859649122807015,11.92,0.21,14,0.24561403508771928,32,2.83,0.09,13,0.40625,25,9.09,0.36,9,0.36,20,0.5,0.5,9.76,0.49,13,0.65,10,4.45,0.44,8,0.8,10,5.31,0.53,5,0.5,9,5,4,16,11,5,13.71,0.86,0.5625,0.3125,0.25,0.6875,0.3125,21,0.42857142857142855,8.04,0.16,49,10,0.4166666666666667,17.59,0.73,24,401331228,2021,1
201,Oklahoma Sooners,39,0.5735294117647058,16,0.5925925925925926,23,0.5609756097560976,6,0.5,7,0.5833333333333334,30,0.5555555555555556,54,0.3333333333333333,0.6666666666666666,17.55,0.33,16,0.2962962962962963,18,7.6,0.42,9,0.5,36,9.96,0.28,21,0.5833333333333334,9,0.3333333333333333,0.6666666666666666,12.02,1.34,7,0.7777777777777778,3,4.96,1.65,2,0.6666666666666666,6,7.06,1.18,5,0.8333333333333334,9,7,2,14,9,5,12.38,0.88,0.6428571428571429,0.5,0.14285714285714285,0.6428571428571429,0.35714285714285715,32,0.6530612244897959,27.72,0.57,49,7,0.3684210526315789,2.21,0.12,19,401331228,2021,1
228,Clemson Tigers,31,0.44285714285714284,19,0.5757575757575758,12,0.32432432432432434,6,0.5,10,0.5555555555555556,20,0.39215686274509803,51,0.43137254901960786,0.5686274509803921,-4.66,-0.09,8,0.1568627450980392,22,-0.06,-0.0,13,0.5909090909090909,29,-4.6,-0.16,7,0.2413793103448276,16,0.6875,0.3125,3.7,0.23,9,0.5625,11,3.54,0.32,7,0.6363636363636364,5,0.16,0.03,2,0.4,11,6,5,19,11,8,1.99,0.1,0.5789473684210527,0.3157894736842105,0.2631578947368421,0.5789473684210527,0.42105263157894735,23,0.4423076923076923,0.69,0.01,52,8,0.4444444444444444,-3.36,-0.19,18,401331227,2021,1
66,Iowa State Cyclones,24,0.4,17,0.425,7,0.35,2,0.3333333333333333,6,0.4,18,0.4090909090909091,44,0.6818181818181818,0.3181818181818182,-4.08,-0.09,7,0.1590909090909091,30,-2.04,-0.07,14,0.4666666666666667,14,-2.04,-0.15,4,0.2857142857142857,11,0.7272727272727273,0.2727272727272727,-1.93,-0.18,2,0.18181818181818182,8,-1.31,-0.16,2,0.25,3,-0.62,-0.21,0,0.0,6,3,3,16,10,6,-4.96,-0.31,0.375,0.1875,0.1875,0.625,0.375,18,0.46153846153846156,-2.55,-0.07,39,6,0.2857142857142857,-6.5,-0.31,21,401331227,2021,1
120,Maryland Terrapins,35,0.660377358490566,14,0.56,21,0.75,5,0.5555555555555556,3,0.42857142857142855,31,0.6888888888888889,45,0.4,0.6,22.14,0.49,16,0.35555555555555557,18,8.64,0.48,11,0.6111111111111112,27,13.5,0.5,20,0.7407407407407407,14,0.5714285714285714,0.42857142857142855,5.02,0.36,9,0.6428571428571429,8,4.87,0.61,6,0.75,6,0.16,0.03,3,0.5,4,3,1,8,7,1,5.23,0.65,0.5,0.375,0.125,0.875,0.125,33,0.75,29.16,0.66,44,2,0.2222222222222222,-1.79,-0.2,9,401331226,2021,1
259,Virginia Tech Hokies,23,0.34328358208955223,8,0.38095238095238093,15,0.32608695652173914,1,0.2,6,0.3333333333333333,14,0.3111111111111111,45,0.2222222222222222,0.7777777777777778,-6.1,-0.14,3,0.06666666666666667,10,4.86,0.49,3,0.3,35,-10.96,-0.31,11,0.3142857142857143,8,0.375,0.625,7.1,0.89,4,0.5,3,6.61,2.2,3,1.0,5,0.49,0.1,1,0.2,9,5,4,22,11,11,0.35,0.02,0.4090909090909091,0.22727272727272727,0.18181818181818182,0.5,0.5,16,0.32653061224489793,-7.76,-0.16,49,7,0.3888888888888889,2.01,0.11,18,401331226,2021,1
221,Pittsburgh Panthers,26,0.4727272727272727,11,0.39285714285714285,15,0.5555555555555556,3,0.6,2,0.16666666666666666,22,0.5365853658536586,41,0.4634146341463415,0.5365853658536586,-7.03,-0.17,10,0.24390243902439024,19,-7.55,-0.4,10,0.5263157894736842,22,0.53,0.02,12,0.5454545454545454,6,0.5,0.5,6.69,1.12,5,0.8333333333333334,3,5.56,1.85,3,1.0,3,1.13,0.38,2,0.6666666666666666,4,1,3,14,9,5,-2.69,-0.19,0.2857142857142857,0.07142857142857142,0.21428571428571427,0.6428571428571429,0.35714285714285715,21,0.5833333333333334,-0.92,-0.03,36,5,0.2631578947368421,-8.8,-0.46,19,401331231,2021,1
127,Michigan State Spartans,36,0.4235294117647059,24,0.4528301886792453,12,0.375,4,0.4,12,0.5714285714285714,21,0.35,60,0.5666666666666667,0.43333333333333335,-11.14,-0.19,11,0.18333333333333332,34,-1.02,-0.03,14,0.4117647058823529,26,-10.12,-0.39,7,0.2692307692307692,17,0.47058823529411764,0.5294117647058824,0.14,0.01,8,0.47058823529411764,8,-6.36,-0.79,2,0.25,9,6.5,0.72,6,0.6666666666666666,15,10,5,25,19,6,21.29,0.85,0.6,0.4,0.2,0.76,0.24,20,0.4166666666666667,-0.42,-0.01,48,16,0.43243243243243246,10.57,0.29,37,401331231,2021,1
153,North Carolina Tar Heels,20,0.4,10,0.4,10,0.4,0,0.0,3,0.3,16,0.41025641025641024,39,0.5128205128205128,0.48717948717948717,13.89,0.36,10,0.2564102564102564,20,8.75,0.44,9,0.45,19,5.14,0.27,7,0.3684210526315789,7,0.5714285714285714,0.42857142857142855,2.19,0.31,4,0.5714285714285714,4,3.12,0.78,3,0.75,3,-0.93,-0.31,1,0.3333333333333333,4,1,3,11,5,6,-5.98,-0.54,0.36363636363636365,0.09090909090909091,0.2727272727272727,0.45454545454545453,0.5454545454545454,12,0.375,2.68,0.08,32,8,0.4444444444444444,5.24,0.29,18,401331229,2021,1
2579,South Carolina Gamecocks,35,0.5303030303030303,10,0.5882352941176471,25,0.5102040816326531,3,0.23076923076923078,6,0.5454545454545454,29,0.5272727272727272,55,0.21818181818181817,0.7818181818181819,24.17,0.44,17,0.3090909090909091,12,14.62,1.22,8,0.6666666666666666,43,9.55,0.22,21,0.4883720930232558,11,0.36363636363636365,0.6363636363636364,8.79,0.8,8,0.7272727272727273,4,4.38,1.09,4,1.0,7,4.41,0.63,4,0.5714285714285714,6,2,4,11,5,6,2.8,0.25,0.5454545454545454,0.18181818181818182,0.36363636363636365,0.45454545454545453,0.5454545454545454,28,0.5957446808510638,18.12,0.39,47,7,0.3684210526315789,8.85,0.47,19,401331229,2021,1
2633,Tennessee Volunteers,52,0.5,19,0.4418604651162791,33,0.5409836065573771,11,0.5,8,0.4,41,0.5256410256410257,78,0.3717948717948718,0.6282051282051282,22.12,0.28,15,0.19230769230769232,29,16.66,0.57,16,0.5517241379310345,49,5.46,0.11,25,0.5102040816326531,12,0.4166666666666667,0.5833333333333334,0.31,0.03,7,0.5833333333333334,5,-1.78,-0.36,3,0.6,7,2.09,0.3,4,0.5714285714285714,11,3,8,26,14,12,-4.99,-0.19,0.4230769230769231,0.11538461538461539,0.3076923076923077,0.5384615384615384,0.46153846153846156,45,0.5555555555555556,25.56,0.32,81,7,0.30434782608695654,-8.42,-0.37,23,401331230,2021,1
2509,Purdue Boilermakers,37,0.4567901234567901,22,0.44,15,0.4838709677419355,5,0.3125,7,0.4375,30,0.46875,64,0.5625,0.4375,8.5,0.13,13,0.203125,36,10.88,0.3,17,0.4722222222222222,28,-2.38,-0.08,13,0.4642857142857143,13,0.46153846153846156,0.5384615384615384,7.82,0.6,8,0.6153846153846154,6,8.46,1.41,5,0.8333333333333334,7,-0.64,-0.09,3,0.42857142857142855,7,5,2,17,14,3,2.13,0.13,0.4117647058823529,0.29411764705882354,0.11764705882352941,0.8235294117647058,0.17647058823529413,28,0.42424242424242425,-4.51,-0.07,66,9,0.6,15.14,1.01,15,401331230,2021,1
275,Wisconsin Badgers,28,0.49122807017543857,9,0.5294117647058824,19,0.475,3,0.42857142857142855,6,0.6,22,0.4782608695652174,46,0.21739130434782608,0.782608695652174,-2.08,-0.05,10,0.21739130434782608,10,-2.3,-0.23,5,0.5,36,0.21,0.01,17,0.4722222222222222,13,0.38461538461538464,0.6153846153846154,-3.42,-0.26,5,0.38461538461538464,5,-0.96,-0.19,2,0.4,8,-2.46,-0.31,3,0.375,6,4,2,11,7,4,1.97,0.18,0.5454545454545454,0.36363636363636365,0.18181818181818182,0.6363636363636364,0.36363636363636365,21,0.4883720930232558,-3.45,-0.08,43,7,0.5,3.34,0.24,14,401331232,2021,1
9,Arizona State Sun Devils,20,0.37037037037037035,8,0.2962962962962963,12,0.4444444444444444,2,0.5,7,0.5833333333333334,13,0.30952380952380953,42,0.5,0.5,-11.65,-0.28,6,0.14285714285714285,21,-7.43,-0.35,6,0.2857142857142857,21,-4.22,-0.2,7,0.3333333333333333,1,0.0,1.0,-0.04,-0.04,0,0.0,,,,,,1,-0.04,-0.04,0,0.0,7,2,5,12,6,6,9.92,0.83,0.5833333333333334,0.16666666666666666,0.4166666666666667,0.5,0.5,12,0.3870967741935484,-5.03,-0.16,31,8,0.34782608695652173,3.3,0.14,23,401331232,2021,1
2132,Cincinnati Bearcats,25,0.43103448275862066,13,0.34210526315789475,12,0.6,0,0.0,2,0.16666666666666666,22,0.5116279069767442,43,0.5813953488372093,0.4186046511627907,4.43,0.1,11,0.2558139534883721,25,0.4,0.02,11,0.44,18,4.02,0.22,11,0.6111111111111112,15,0.6666666666666666,0.3333333333333333,2.99,0.2,9,0.6,10,0.43,0.04,6,0.6,5,2.55,0.51,3,0.6,3,2,1,15,13,2,-16.02,-1.07,0.2,0.13333333333333333,0.06666666666666667,0.8666666666666667,0.13333333333333333,22,0.5365853658536586,-1.02,-0.02,41,3,0.17647058823529413,-10.58,-0.62,17,401331235,2021,1
333,Alabama Crimson Tide,41,0.5466666666666666,12,0.4,29,0.6444444444444445,5,0.625,6,0.46153846153846156,34,0.5573770491803278,61,0.3442622950819672,0.6557377049180327,12.07,0.2,18,0.29508196721311475,21,4.55,0.22,8,0.38095238095238093,40,7.52,0.19,26,0.65,8,0.625,0.375,6.84,0.85,5,0.625,5,5.8,1.16,3,0.6,3,1.04,0.35,2,0.6666666666666666,7,4,3,14,9,5,2.6,0.19,0.5,0.2857142857142857,0.21428571428571427,0.6428571428571429,0.35714285714285715,34,0.6071428571428571,13.5,0.24,56,7,0.3684210526315789,1.17,0.06,19,401331235,2021,1
130,Michigan Wolverines,22,0.3492063492063492,12,0.3,10,0.43478260869565216,2,0.2857142857142857,8,0.5333333333333333,14,0.3111111111111111,45,0.6222222222222222,0.37777777777777777,-9.54,-0.21,6,0.13333333333333333,28,-9.88,-0.35,7,0.25,17,0.34,0.02,7,0.4117647058823529,13,0.6153846153846154,0.38461538461538464,1.04,0.08,4,0.3076923076923077,8,1.85,0.23,3,0.375,5,-0.81,-0.16,1,0.2,8,5,3,18,12,6,0.47,0.03,0.4444444444444444,0.2777777777777778,0.16666666666666666,0.6666666666666666,0.3333333333333333,10,0.2702702702702703,-20.49,-0.55,37,12,0.46153846153846156,11.42,0.44,26,401331234,2021,1
61,Georgia Bulldogs,33,0.5,17,0.5483870967741935,16,0.45714285714285713,6,0.5,10,0.625,22,0.4489795918367347,49,0.46938775510204084,0.5306122448979592,8.95,0.18,9,0.1836734693877551,23,9.21,0.4,13,0.5652173913043478,26,-0.26,-0.01,9,0.34615384615384615,7,0.5714285714285714,0.42857142857142855,6.28,0.9,5,0.7142857142857143,4,5.03,1.26,2,0.5,3,1.25,0.42,3,1.0,11,4,7,17,8,9,13.05,0.77,0.6470588235294118,0.23529411764705882,0.4117647058823529,0.47058823529411764,0.5294117647058824,29,0.58,21.68,0.43,50,4,0.25,0.32,0.02,16,401331234,2021,1
164,Rutgers Scarlet Knights,23,0.3709677419354839,10,0.2777777777777778,13,0.5,2,0.25,6,0.46153846153846156,16,0.35555555555555557,45,0.4888888888888889,0.5111111111111111,-2.74,-0.06,9,0.2,22,-5.43,-0.25,5,0.22727272727272727,23,2.69,0.12,11,0.4782608695652174,12,0.5833333333333334,0.4166666666666667,-7.74,-0.64,4,0.3333333333333333,7,-6.24,-0.89,2,0.2857142857142857,5,-1.5,-0.3,2,0.4,7,5,2,17,14,3,-6.36,-0.37,0.4117647058823529,0.29411764705882354,0.11764705882352941,0.8235294117647058,0.17647058823529413,14,0.3783783783783784,-6.05,-0.16,37,9,0.36,-3.04,-0.12,25,401331233,2021,1
154,Wake Forest Demon Deacons,33,0.4342105263157895,21,0.5,12,0.35294117647058826,3,0.25,9,0.6,23,0.38333333333333336,60,0.5333333333333333,0.4666666666666667,-0.38,-0.01,16,0.26666666666666666,32,5.4,0.17,15,0.46875,28,-5.77,-0.21,8,0.2857142857142857,12,0.75,0.25,-0.33,-0.03,5,0.4166666666666667,9,-1.11,-0.12,3,0.3333333333333333,3,0.79,0.26,2,0.6666666666666666,10,6,4,16,10,6,19.19,1.2,0.625,0.375,0.25,0.625,0.375,20,0.40816326530612246,6.08,0.12,49,13,0.48148148148148145,12.73,0.47,27,401331233,2021,1
2117,Central Michigan Chippewas,21,0.29577464788732394,12,0.36363636363636365,9,0.23684210526315788,4,0.36363636363636365,4,0.25,17,0.3090909090909091,55,0.41818181818181815,0.5818181818181818,-14.13,-0.26,11,0.2,23,-7.64,-0.33,8,0.34782608695652173,32,-6.49,-0.2,9,0.28125,13,0.46153846153846156,0.5384615384615384,0.25,0.02,4,0.3076923076923077,6,5.31,0.88,3,0.5,7,-5.06,-0.72,1,0.14285714285714285,4,4,0,16,10,6,-4.89,-0.31,0.25,0.25,0.0,0.625,0.375,13,0.29545454545454547,-15.44,-0.35,44,8,0.2962962962962963,-3.58,-0.13,27,401331654,2021,1
265,Washington State Cougars,16,0.24242424242424243,12,0.26666666666666666,4,0.19047619047619047,4,0.3076923076923077,1,0.0625,14,0.3111111111111111,45,0.7111111111111111,0.28888888888888886,-3.04,-0.07,6,0.13333333333333333,32,-3.96,-0.12,10,0.3125,13,0.92,0.07,4,0.3076923076923077,9,0.7777777777777778,0.2222222222222222,-5.98,-0.66,2,0.2222222222222222,7,-5.68,-0.81,1,0.14285714285714285,2,-0.31,-0.15,1,0.5,2,2,0,21,13,8,-19.0,-0.9,0.09523809523809523,0.09523809523809523,0.0,0.6190476190476191,0.38095238095238093,9,0.24324324324324326,-12.03,-0.33,37,7,0.2413793103448276,-10.01,-0.35,29,401331654,2021,1
197,Oklahoma State Cowboys,44,0.4631578947368421,27,0.5192307692307693,17,0.3953488372093023,6,0.35294117647058826,4,0.2857142857142857,39,0.4875,80,0.5,0.5,15.42,0.19,28,0.35,40,20.95,0.52,23,0.575,40,-5.52,-0.14,16,0.4,15,0.7333333333333333,0.26666666666666666,13.57,0.9,9,0.6,11,13.83,1.26,8,0.7272727272727273,4,-0.26,-0.07,1,0.25,5,4,1,15,12,3,-2.95,-0.2,0.3333333333333333,0.26666666666666666,0.06666666666666667,0.8,0.2,36,0.5454545454545454,18.73,0.28,66,8,0.27586206896551724,-6.25,-0.22,29,401331238,2021,1
87,Notre Dame Fighting Irish,37,0.4157303370786517,33,0.4714285714285714,4,0.21052631578947367,2,0.5,11,0.55,26,0.38235294117647056,68,0.7647058823529411,0.23529411764705882,-8.78,-0.13,13,0.19117647058823528,52,1.31,0.03,22,0.4230769230769231,16,-10.09,-0.63,4,0.25,8,0.625,0.375,4.98,0.62,4,0.5,5,6.01,1.2,4,0.8,3,-1.02,-0.34,0,0.0,11,11,0,21,18,3,12.2,0.58,0.5238095238095238,0.5238095238095238,0.0,0.8571428571428571,0.14285714285714285,24,0.42857142857142855,-0.47,-0.01,56,13,0.3939393939393939,3.89,0.12,33,401331238,2021,1
194,Ohio State Buckeyes,42,0.6268656716417911,31,0.6595744680851063,11,0.55,4,0.4444444444444444,4,0.4444444444444444,36,0.6428571428571429,56,0.6785714285714286,0.32142857142857145,24.16,0.43,16,0.2857142857142857,38,23.51,0.62,26,0.6842105263157895,18,0.65,0.04,10,0.5555555555555556,11,0.8181818181818182,0.18181818181818182,3.89,0.35,8,0.7272727272727273,9,1.89,0.21,6,0.6666666666666666,2,2.0,1.0,2,1.0,6,5,1,11,9,2,12.89,1.17,0.5454545454545454,0.45454545454545453,0.09090909090909091,0.8181818181818182,0.18181818181818182,37,0.6727272727272727,35.06,0.64,55,5,0.4166666666666667,1.98,0.17,12,401331239,2021,1
254,Utah Utes,36,0.5294117647058824,17,0.68,19,0.4418604651162791,4,0.4444444444444444,7,0.5384615384615384,28,0.5384615384615384,52,0.38461538461538464,0.6153846153846154,9.39,0.18,12,0.23076923076923078,20,11.06,0.55,15,0.75,32,-1.67,-0.05,13,0.40625,13,0.38461538461538464,0.6153846153846154,-5.99,-0.46,5,0.38461538461538464,5,-0.23,-0.05,3,0.6,8,-5.76,-0.72,2,0.25,8,2,6,16,5,11,1.68,0.1,0.5,0.125,0.375,0.3125,0.6875,27,0.5294117647058824,12.92,0.25,51,9,0.5294117647058824,-1.85,-0.11,17,401331239,2021,1
145,Ole Miss Rebels,26,0.29545454545454547,10,0.22727272727272727,16,0.36363636363636365,0,0.0,6,0.2727272727272727,15,0.2542372881355932,59,0.5084745762711864,0.4915254237288136,-21.94,-0.37,8,0.13559322033898305,30,-14.25,-0.48,7,0.23333333333333334,29,-7.69,-0.27,8,0.27586206896551724,10,0.7,0.3,-5.03,-0.5,2,0.2,7,-5.2,-0.74,1,0.14285714285714285,3,0.17,0.06,1,0.3333333333333333,11,3,8,29,14,15,-1.02,-0.04,0.3793103448275862,0.10344827586206896,0.27586206896551724,0.4827586206896552,0.5172413793103449,18,0.375,2.03,0.04,48,8,0.2,-24.99,-0.62,40,401331240,2021,1
239,Baylor Bears,22,0.38596491228070173,5,0.29411764705882354,17,0.425,3,0.6,6,0.4,16,0.4,40,0.3,0.7,-2.12,-0.05,3,0.075,12,-5.87,-0.49,4,0.3333333333333333,28,3.75,0.13,12,0.42857142857142855,13,0.46153846153846156,0.5384615384615384,-8.86,-0.68,1,0.07692307692307693,6,-5.34,-0.89,0,0.0,7,-3.52,-0.5,1,0.14285714285714285,6,1,5,17,5,12,-8.66,-0.51,0.35294117647058826,0.058823529411764705,0.29411764705882354,0.29411764705882354,0.7058823529411765,15,0.40540540540540543,-5.07,-0.14,37,7,0.35,-5.71,-0.29,20,401331240,2021,1
96,Kentucky Wildcats,36,0.4931506849315068,16,0.47058823529411764,20,0.5128205128205128,7,0.6363636363636364,6,0.42857142857142855,30,0.5263157894736842,57,0.45614035087719296,0.543859649122807,5.24,0.09,15,0.2631578947368421,26,1.22,0.05,13,0.5,31,4.02,0.13,17,0.5483870967741935,13,0.3076923076923077,0.6923076923076923,-4.14,-0.32,5,0.38461538461538464,4,-2.34,-0.58,1,0.25,9,-1.81,-0.2,4,0.4444444444444444,6,3,3,16,8,8,-5.89,-0.37,0.375,0.1875,0.1875,0.5,0.5,31,0.5636363636363636,2.61,0.05,55,5,0.2777777777777778,-3.26,-0.18,18,401331237,2021,1
2294,Iowa Hawkeyes,32,0.5333333333333333,16,0.5333333333333333,16,0.5333333333333333,2,0.25,4,0.36363636363636365,28,0.5833333333333334,48,0.4791666666666667,0.5208333333333334,6.33,0.13,13,0.2708333333333333,23,1.82,0.08,13,0.5652173913043478,25,4.5,0.18,15,0.6,8,0.75,0.25,-2.82,-0.35,5,0.625,6,-2.54,-0.42,4,0.6666666666666666,2,-0.28,-0.14,1,0.5,4,3,1,12,7,5,-5.33,-0.44,0.3333333333333333,0.25,0.08333333333333333,0.5833333333333334,0.4166666666666667,26,0.5652173913043478,1.12,0.02,46,6,0.42857142857142855,-0.13,-0.01,14,401331237,2021,1
8,Arkansas Razorbacks,35,0.44871794871794873,8,0.32,27,0.5094339622641509,6,0.42857142857142855,4,0.2857142857142857,28,0.45901639344262296,61,0.2786885245901639,0.7213114754098361,-1.31,-0.02,17,0.2786885245901639,17,-13.72,-0.81,6,0.35294117647058826,44,12.41,0.28,22,0.5,14,0.35714285714285715,0.6428571428571429,3.45,0.25,9,0.6428571428571429,5,-2.71,-0.54,2,0.4,9,6.15,0.68,7,0.7777777777777778,7,2,5,17,8,9,6.48,0.38,0.4117647058823529,0.11764705882352941,0.29411764705882354,0.47058823529411764,0.5294117647058824,28,0.509090909090909,6.12,0.11,55,7,0.30434782608695654,-0.95,-0.04,23,401331236,2021,1
213,Penn State Nittany Lions,22,0.3492063492063492,9,0.24324324324324326,13,0.5,2,0.2222222222222222,6,0.4,15,0.32608695652173914,46,0.5434782608695652,0.45652173913043476,-12.88,-0.28,9,0.1956521739130435,25,-12.58,-0.5,6,0.24,21,-0.3,-0.01,9,0.42857142857142855,10,0.5,0.5,-3.35,-0.34,2,0.2,5,-2.11,-0.42,1,0.2,5,-1.24,-0.25,1,0.2,7,3,4,17,12,5,3.5,0.21,0.4117647058823529,0.17647058823529413,0.23529411764705882,0.7058823529411765,0.29411764705882354,17,0.425,-1.11,-0.03,40,5,0.21739130434782608,-8.26,-0.36,23,401331236,2021,1
99,LSU Tigers,18,0.375,4,0.36363636363636365,14,0.3783783783783784,2,0.3333333333333333,4,0.4,12,0.34285714285714286,35,0.17142857142857143,0.8285714285714286,-0.97,-0.03,7,0.2,6,0.22,0.04,2,0.3333333333333333,29,-1.19,-0.04,10,0.3448275862068966,12,0.16666666666666666,0.8333333333333334,5.03,0.42,4,0.3333333333333333,2,4.6,2.3,1,0.5,10,0.43,0.04,3,0.3,6,2,4,13,5,8,9.3,0.72,0.46153846153846156,0.15384615384615385,0.3076923076923077,0.38461538461538464,0.6153846153846154,12,0.3870967741935484,2.38,0.08,31,6,0.35294117647058826,5.94,0.35,17,401331241,2021,1
2306,Kansas State Wildcats,34,0.5483870967741935,17,0.5666666666666667,17,0.53125,9,0.5625,9,0.75,23,0.4791666666666667,48,0.3958333333333333,0.6041666666666666,2.64,0.05,9,0.1875,19,0.43,0.02,8,0.42105263157894735,29,2.21,0.08,15,0.5172413793103449,4,0.5,0.5,2.16,0.54,4,1.0,2,1.07,0.53,2,1.0,2,1.09,0.55,2,1.0,11,9,2,14,11,3,20.09,1.44,0.7857142857142857,0.6428571428571429,0.14285714285714285,0.7857142857142857,0.21428571428571427,24,0.5853658536585366,13.06,0.32,41,10,0.47619047619047616,9.67,0.46,21,401331241,2021,1
333,Alabama Crimson Tide,32,0.3764705882352941,26,0.4262295081967213,6,0.25,1,0.09090909090909091,10,0.5,22,0.34375,64,0.65625,0.34375,0.11,0.0,12,0.1875,42,2.97,0.07,18,0.42857142857142855,22,-2.85,-0.13,4,0.18181818181818182,8,0.625,0.375,-4.48,-0.56,1,0.125,5,-3.5,-0.7,1,0.2,3,-0.98,-0.33,0,0.0,10,8,2,21,19,2,-10.66,-0.51,0.47619047619047616,0.38095238095238093,0.09523809523809523,0.9047619047619048,0.09523809523809523,22,0.3728813559322034,3.0,0.05,59,10,0.38461538461538464,-13.55,-0.52,26,401331242,2021,1
61,Georgia Bulldogs,25,0.44642857142857145,13,0.41935483870967744,12,0.48,4,0.4444444444444444,3,0.25,22,0.5,44,0.4772727272727273,0.5227272727272727,7.98,0.18,12,0.2727272727272727,21,0.61,0.03,10,0.47619047619047616,23,7.37,0.32,12,0.5217391304347826,13,0.6153846153846154,0.38461538461538464,-6.17,-0.47,3,0.23076923076923078,8,-8.08,-1.01,1,0.125,5,1.91,0.38,2,0.4,3,3,0,12,10,2,-6.48,-0.54,0.25,0.25,0.0,0.8333333333333334,0.16666666666666666,18,0.5142857142857142,9.55,0.27,35,7,0.3333333333333333,-8.04,-0.38,21,401331242,2021,1
3193,American,25,0.4807692307692308,17,0.6296296296296297,8,0.32,3,0.42857142857142855,4,0.5,20,0.47619047619047616,42,0.47619047619047616,0.5238095238095238,6.75,0.16,11,0.2619047619047619,20,14.53,0.73,14,0.7,22,-7.78,-0.35,6,0.2727272727272727,2,0.5,0.5,0.31,0.16,1,0.5,1,0.52,0.52,1,1.0,1,-0.2,-0.2,0,0.0,5,3,2,10,7,3,0.19,0.02,0.5,0.3,0.2,0.7,0.3,20,0.5128205128205128,6.84,0.18,39,5,0.38461538461538464,0.1,0.01,13,401386136,2021,1
3194,National,22,0.44,15,0.46875,7,0.3888888888888889,5,0.45454545454545453,4,0.4,16,0.42105263157894735,38,0.5526315789473685,0.4473684210526316,0.73,0.02,7,0.18421052631578946,21,0.67,0.03,10,0.47619047619047616,17,0.06,0.0,6,0.35294117647058826,11,0.7272727272727273,0.2727272727272727,-2.26,-0.21,3,0.2727272727272727,8,-2.71,-0.34,2,0.25,3,0.44,0.15,1,0.3333333333333333,6,5,1,12,11,1,9.18,0.77,0.5,0.4166666666666667,0.08333333333333333,0.9166666666666666,0.08333333333333333,16,0.47058823529411764,7.68,0.23,34,6,0.375,2.24,0.14,16,401386136,2021,1
3146,East All-Stars,20,0.45454545454545453,12,0.4444444444444444,8,0.47058823529411764,2,0.5,4,0.4,15,0.45454545454545453,33,0.6666666666666666,0.3333333333333333,8.42,0.26,7,0.21212121212121213,22,11.74,0.53,11,0.5,11,-3.32,-0.3,4,0.36363636363636365,11,0.6363636363636364,0.36363636363636365,-0.55,-0.05,5,0.45454545454545453,7,-1.69,-0.24,2,0.2857142857142857,4,1.13,0.28,3,0.75,5,1,4,11,5,6,-2.38,-0.22,0.45454545454545453,0.09090909090909091,0.36363636363636365,0.45454545454545453,0.5454545454545454,13,0.4642857142857143,2.42,0.09,28,7,0.4375,3.63,0.23,16,401386135,2021,1
3147,West All-Stars,29,0.4603174603174603,15,0.4838709677419355,14,0.4375,8,0.4444444444444444,9,0.6428571428571429,20,0.4166666666666667,48,0.3958333333333333,0.6041666666666666,1.12,0.02,10,0.20833333333333334,19,3.0,0.16,8,0.42105263157894735,29,-1.88,-0.06,12,0.41379310344827586,9,0.3333333333333333,0.6666666666666666,2.72,0.3,7,0.7777777777777778,3,0.44,0.15,2,0.6666666666666666,6,2.28,0.38,5,0.8333333333333334,9,7,2,15,12,3,3.56,0.24,0.6,0.4666666666666667,0.13333333333333333,0.8,0.2,21,0.4666666666666667,-0.22,-0.0,45,8,0.4444444444444444,4.9,0.27,18,401386135,2021,1
3194,National,26,0.5098039215686274,13,0.5416666666666666,13,0.48148148148148145,6,0.75,6,0.6,19,0.475,40,0.45,0.55,5.55,0.14,8,0.2,18,4.81,0.27,10,0.5555555555555556,22,0.75,0.03,9,0.4090909090909091,8,0.375,0.625,3.65,0.46,6,0.75,3,2.06,0.69,3,1.0,5,1.59,0.32,3,0.6,7,3,4,11,6,5,6.47,0.59,0.6363636363636364,0.2727272727272727,0.36363636363636365,0.5454545454545454,0.45454545454545453,18,0.5142857142857142,8.92,0.25,35,8,0.5,3.1,0.19,16,401386134,2021,1
3193,American,23,0.3709677419354839,9,0.2647058823529412,14,0.5,1,0.125,2,0.16666666666666666,19,0.3958333333333333,48,0.4791666666666667,0.5208333333333334,-0.61,-0.01,11,0.22916666666666666,23,-2.97,-0.13,8,0.34782608695652173,25,2.36,0.09,11,0.44,12,0.75,0.25,0.64,0.05,6,0.5,9,-0.34,-0.04,4,0.4444444444444444,3,0.97,0.32,2,0.6666666666666666,4,1,3,14,11,3,-4.76,-0.34,0.2857142857142857,0.07142857142857142,0.21428571428571427,0.7857142857142857,0.21428571428571427,18,0.42857142857142855,1.82,0.04,42,5,0.25,-7.19,-0.36,20,401386134,2021,1
