pos_team_id,pos_team,EPA_success,EPA_success_rate,EPA_success_pass,EPA_success_pass_rate,EPA_success_rush,EPA_success_rush_rate,EPA_success_rz,EPA_success_rate_rz,EPA_success_third,EPA_success_rate_third,EPA_success_early_down,EPA_success_early_down_rate,early_downs,early_down_pass_rate,early_down_rush_rate,EPA_early_down,EPA_early_down_per_play,early_down_first_down,early_down_first_down_rate,early_down_pass,EPA_early_down_pass,EPA_early_down_pass_per_play,EPA_success_early_down_pass,EPA_success_early_down_pass_rate,early_down_rush,EPA_early_down_rush,EPA_early_down_rush_per_play,EPA_success_early_down_rush,EPA_success_early_down_rush_rate,middle_8,middle_8_pass_rate,middle_8_rush_rate,EPA_middle_8,EPA_middle_8_per_play,EPA_middle_8_success,EPA_middle_8_success_rate,middle_8_pass,EPA_middle_8_pass,EPA_middle_8_pass_per_play,EPA_middle_8_success_pass,EPA_middle_8_success_pass_rate,middle_8_rush,EPA_middle_8_rush,EPA_middle_8_rush_per_play,EPA_middle_8_success_rush,EPA_middle_8_success_rush_rate,EPA_success_late_down,EPA_success_late_down_pass,EPA_success_late_down_rush,late_downs,late_down_pass,late_down_rush,EPA_late_down,EPA_late_down_per_play,EPA_success_late_down_rate,EPA_success_late_down_pass_rate,EPA_success_late_down_rush_rate,late_down_pass_rate,late_down_rush_rate,EPA_success_standard_down,EPA_success_standard_down_rate,EPA_standard_down,EPA_standard_down_per_play,standard_downs,EPA_success_passing_down,EPA_success_passing_down_rate,EPA_passing_down,EPA_passing_down_per_play,passing_downs,game_id,season,week
30,USC Trojans,54,0.72,28,0.7368421052631579,26,0.7027027027027027,15,0.6818181818181818,10,0.7692307692307693,43,0.7166666666666667,60,0.5666666666666667,0.43333333333333335,20.85,0.35,18,0.3,34,14.16,0.42,26,0.7647058823529411,26,6.69,0.26,17,0.6538461538461539,12,0.6666666666666666,0.3333333333333333,10.76,0.9,11,0.9166666666666666,8,8.84,1.1,8,1.0,4,1.92,0.48,3,0.75,11,2,9,15,4,11,5.07,0.34,0.7333333333333333,0.13333333333333333,0.6,0.26666666666666666,0.7333333333333333,45,0.7258064516129032,24.82,0.4,62,9,0.6923076923076923,1.11,0.09,13,401864494,2026,1
23,San José State Spartans,29,0.5178571428571429,17,0.5151515151515151,12,0.5217391304347826,5,0.4166666666666667,6,0.5454545454545454,23,0.5227272727272727,44,0.5681818181818182,0.4318181818181818,10.97,0.25,12,0.2727272727272727,25,8.31,0.33,13,0.52,19,2.66,0.14,10,0.5263157894736842,9,0.6666666666666666,0.3333333333333333,-2.26,-0.25,3,0.3333333333333333,6,-2.02,-0.34,1,0.16666666666666666,3,-0.24,-0.08,2,0.6666666666666666,6,4,2,12,8,4,0.77,0.06,0.5,0.3333333333333333,0.16666666666666666,0.6666666666666666,0.3333333333333333,21,0.5675675675675675,7.05,0.19,37,8,0.42105263157894735,4.69,0.25,19,401864494,2026,1
153,North Carolina Tar Heels,26,0.45614035087719296,14,0.45161290322580644,12,0.48,4,0.36363636363636365,4,0.36363636363636365,21,0.4666666666666667,45,0.4888888888888889,0.4888888888888889,1.02,0.02,13,0.28888888888888886,22,4.98,0.23,11,0.5,22,0.71,0.03,10,0.45454545454545453,6,0.6666666666666666,0.3333333333333333,-0.4,-0.07,4,0.6666666666666666,4,-1.52,-0.38,2,0.5,2,1.13,0.56,2,1.0,5,3,2,12,9,3,-1.8,-0.15,0.4166666666666667,0.25,0.16666666666666666,0.75,0.25,18,0.45,-4.63,-0.12,40,8,0.47058823529411764,3.85,0.23,17,401856766,2026,1
2628,TCU Horned Frogs,26,0.36619718309859156,13,0.37142857142857144,13,0.38235294117647056,4,0.2857142857142857,7,0.4117647058823529,18,0.3673469387755102,49,0.4489795918367347,0.5306122448979592,-2.72,-0.06,9,0.1836734693877551,22,0.72,0.03,9,0.4090909090909091,26,-2.24,-0.09,9,0.34615384615384615,14,0.42857142857142855,0.5,-6.23,-0.44,4,0.2857142857142857,6,-3.29,-0.55,2,0.3333333333333333,7,-2.3,-0.33,2,0.2857142857142857,8,4,4,22,13,8,-9.73,-0.44,0.36363636363636365,0.18181818181818182,0.18181818181818182,0.5909090909090909,0.36363636363636365,19,0.4318181818181818,-2.02,-0.05,44,7,0.25925925925925924,-10.43,-0.39,27,401856766,2026,1
152,NC State Wolfpack,18,0.35294117647058826,10,0.3448275862068966,8,0.38095238095238093,1,0.25,4,0.3076923076923077,14,0.3783783783783784,37,0.5675675675675675,0.40540540540540543,-13.89,-0.38,4,0.10810810810810811,21,-7.99,-0.38,8,0.38095238095238093,15,-1.65,-0.11,6,0.4,7,0.42857142857142855,0.42857142857142855,-7.0,-1.0,1,0.14285714285714285,3,-1.76,-0.59,1,0.3333333333333333,3,-0.98,-0.33,0,0.0,4,2,2,14,8,6,-3.38,-0.24,0.2857142857142857,0.14285714285714285,0.14285714285714285,0.5714285714285714,0.42857142857142855,13,0.40625,-9.79,-0.31,32,5,0.2631578947368421,-7.49,-0.39,19,401858202,2026,1
258,Virginia Cavaliers,34,0.5,6,0.5,28,0.5,6,0.6666666666666666,3,0.21428571428571427,27,0.54,50,0.16,0.84,11.54,0.23,11,0.22,8,7.25,0.91,5,0.625,42,4.29,0.1,22,0.5238095238095238,13,0.23076923076923078,0.7692307692307693,2.56,0.2,8,0.6153846153846154,3,4.58,1.53,3,1.0,10,-2.02,-0.2,5,0.5,7,1,6,18,4,14,-1.57,-0.09,0.3888888888888889,0.05555555555555555,0.3333333333333333,0.2222222222222222,0.7777777777777778,30,0.5454545454545454,14.26,0.26,55,4,0.3076923076923077,-4.3,-0.33,13,401858202,2026,1
55,Jacksonville State Gamecocks,21,0.39622641509433965,9,0.34615384615384615,11,0.4583333333333333,1,0.3333333333333333,3,0.3,17,0.4146341463414634,41,0.4878048780487805,0.43902439024390244,-16.41,-0.4,7,0.17073170731707318,20,-8.89,-0.44,8,0.4,18,-1.25,-0.07,8,0.4444444444444444,13,0.38461538461538464,0.6153846153846154,-11.26,-0.87,4,0.3076923076923077,5,-6.45,-1.29,1,0.2,8,-4.81,-0.6,3,0.375,4,1,3,12,6,6,-7.07,-0.59,0.3333333333333333,0.08333333333333333,0.25,0.5,0.5,17,0.4857142857142857,-3.87,-0.11,35,4,0.2222222222222222,-19.61,-1.09,18,401864577,2026,1
2449,North Dakota State Bison,33,0.4925373134328358,12,0.48,21,0.5121951219512195,1,0.3333333333333333,7,0.5,24,0.48,50,0.34,0.66,7.57,0.15,9,0.18,17,8.48,0.5,9,0.5294117647058824,33,-0.92,-0.03,15,0.45454545454545453,12,0.8333333333333334,0.16666666666666666,3.79,0.32,7,0.5833333333333334,10,3.18,0.32,6,0.6,2,0.62,0.31,1,0.5,9,3,6,16,8,8,2.89,0.18,0.5625,0.1875,0.375,0.5,0.5,24,0.5106382978723404,3.25,0.07,47,9,0.47368421052631576,7.21,0.38,19,401864577,2026,1
2199,Eastern Michigan Eagles,30,0.5172413793103449,20,0.5405405405405406,10,0.47619047619047616,4,0.6666666666666666,5,0.4166666666666667,25,0.5434782608695652,46,0.6304347826086957,0.3695652173913043,9.92,0.22,11,0.2391304347826087,29,10.68,0.37,18,0.6206896551724138,17,-0.76,-0.04,7,0.4117647058823529,14,0.7142857142857143,0.2857142857142857,-2.23,-0.16,10,0.7142857142857143,10,-3.19,-0.32,7,0.7,4,0.96,0.24,3,0.75,5,2,3,12,8,4,-7.22,-0.6,0.4166666666666667,0.16666666666666666,0.25,0.6666666666666666,0.3333333333333333,26,0.5909090909090909,5.78,0.13,44,4,0.2857142857142857,-3.08,-0.22,14,401866408,2026,1
16,Sacramento State Hornets,15,0.3125,11,0.3055555555555556,4,0.3333333333333333,1,0.5,2,0.16666666666666666,13,0.37142857142857144,35,0.7428571428571429,0.2571428571428571,-5.36,-0.15,6,0.17142857142857143,26,-1.2,-0.05,11,0.4230769230769231,9,-4.15,-0.46,2,0.2222222222222222,8,0.875,0.125,-1.65,-0.21,3,0.375,7,-2.44,-0.35,2,0.2857142857142857,1,0.79,0.79,1,1.0,2,0,2,13,10,3,-11.33,-0.87,0.15384615384615385,0.0,0.15384615384615385,0.7692307692307693,0.23076923076923078,11,0.4230769230769231,-0.13,-0.0,26,4,0.18181818181818182,-16.56,-0.75,22,401866408,2026,1
24,Stanford Cardinal,20,0.425531914893617,7,0.3181818181818182,13,0.52,6,0.5454545454545454,6,0.5454545454545454,13,0.38235294117647056,34,0.47058823529411764,0.5294117647058824,3.49,0.1,5,0.14705882352941177,16,3.12,0.19,5,0.3125,18,0.37,0.02,8,0.4444444444444444,15,0.6,0.4,1.97,0.13,7,0.4666666666666667,9,0.95,0.11,4,0.4444444444444444,6,1.02,0.17,3,0.5,7,2,5,13,6,7,5.83,0.45,0.5384615384615384,0.15384615384615385,0.38461538461538464,0.46153846153846156,0.5384615384615384,15,0.4411764705882353,5.39,0.16,34,5,0.38461538461538464,3.93,0.3,13,401858201,2026,1
62,Hawai'i Rainbow Warriors,12,0.3157894736842105,8,0.27586206896551724,3,0.375,2,0.6666666666666666,5,0.45454545454545453,6,0.23076923076923078,26,0.7307692307692307,0.2692307692307692,-10.04,-0.39,1,0.038461538461538464,19,-6.97,-0.37,4,0.21052631578947367,7,-3.07,-0.44,2,0.2857142857142857,10,0.8,0.1,-3.21,-0.32,1,0.1,8,-4.59,-0.57,0,0.0,1,-0.72,-0.72,0,0.0,6,4,1,12,10,1,4.1,0.34,0.5,0.3333333333333333,0.08333333333333333,0.8333333333333334,0.08333333333333333,3,0.2,-6.02,-0.4,15,9,0.391304347826087,0.08,0.0,23,401858201,2026,1
166,New Mexico State Aggies,15,0.3488372093023256,9,0.32142857142857145,6,0.4,0,0.0,8,0.7272727272727273,7,0.21875,32,0.59375,0.40625,-12.57,-0.39,4,0.125,19,-10.23,-0.54,3,0.15789473684210525,13,-2.34,-0.18,4,0.3076923076923077,6,0.5,0.5,-0.55,-0.09,3,0.5,3,-0.51,-0.17,1,0.3333333333333333,3,-0.04,-0.01,2,0.6666666666666666,8,6,2,11,9,2,17.87,1.62,0.7272727272727273,0.5454545454545454,0.18181818181818182,0.8181818181818182,0.18181818181818182,6,0.25,-6.89,-0.29,24,9,0.47368421052631576,12.19,0.64,19,401864570,2026,1
52,Florida State Seminoles,23,0.46938775510204084,9,0.4090909090909091,14,0.5185185185185185,7,0.4117647058823529,6,0.6,16,0.42105263157894735,38,0.39473684210526316,0.6052631578947368,-0.87,-0.02,10,0.2631578947368421,15,-2.53,-0.17,5,0.3333333333333333,23,1.65,0.07,11,0.4782608695652174,13,0.5384615384615384,0.46153846153846156,2.93,0.23,7,0.5384615384615384,7,0.54,0.08,2,0.2857142857142857,6,2.39,0.4,5,0.8333333333333334,7,4,3,11,7,4,12.63,1.15,0.6363636363636364,0.36363636363636365,0.2727272727272727,0.6363636363636364,0.36363636363636365,18,0.5142857142857142,10.44,0.3,35,5,0.35714285714285715,1.32,0.09,14,401864570,2026,1
235,Memphis Tigers,26,0.4406779661016949,11,0.4074074074074074,15,0.46875,2,0.25,3,0.2727272727272727,23,0.4791666666666667,48,0.4166666666666667,0.5833333333333334,11.81,0.25,13,0.2708333333333333,20,7.43,0.37,10,0.5,28,4.38,0.16,13,0.4642857142857143,6,0.6666666666666666,0.3333333333333333,2.48,0.41,4,0.6666666666666666,4,2.99,0.75,3,0.75,2,-0.5,-0.25,1,0.5,3,1,2,11,7,4,-3.37,-0.31,0.2727272727272727,0.09090909090909091,0.18181818181818182,0.6363636363636364,0.36363636363636365,22,0.5365853658536586,10.6,0.26,41,4,0.2222222222222222,-2.15,-0.12,18,401862693,2026,1
2439,UNLV Rebels,29,0.3717948717948718,17,0.38636363636363635,12,0.35294117647058826,4,0.4,6,0.4,21,0.3620689655172414,58,0.4827586206896552,0.5172413793103449,6.86,0.12,14,0.2413793103448276,28,3.22,0.12,11,0.39285714285714285,30,3.63,0.12,10,0.3333333333333333,17,0.47058823529411764,0.5294117647058824,10.94,0.64,8,0.47058823529411764,8,3.65,0.46,4,0.5,9,7.29,0.81,4,0.4444444444444444,8,6,2,20,16,4,-4.28,-0.21,0.4,0.3,0.1,0.8,0.2,20,0.45454545454545453,11.36,0.26,44,9,0.2647058823529412,-8.78,-0.26,34,401862693,2026,1
70,Idaho Vandals,21,0.3442622950819672,7,0.22580645161290322,14,0.4827586206896552,3,1.0,4,0.3076923076923077,16,0.34782608695652173,46,0.43478260869565216,0.5434782608695652,-2.46,-0.05,7,0.15217391304347827,20,-0.06,-0.0,5,0.25,25,-0.09,-0.0,11,0.44,8,0.625,0.375,-4.7,-0.59,0,0.0,5,-2.59,-0.52,0,0.0,3,-2.11,-0.7,0,0.0,5,2,3,15,11,4,-4.48,-0.3,0.3333333333333333,0.13333333333333333,0.2,0.7333333333333333,0.26666666666666666,14,0.4,-4.58,-0.13,35,7,0.2692307692307692,-2.36,-0.09,26,401856768,2026,1
254,Utah Utes,44,0.5945945945945946,17,0.6538461538461539,27,0.5625,11,0.5238095238095238,8,0.6666666666666666,35,0.5833333333333334,60,0.31666666666666665,0.6833333333333333,22.78,0.38,19,0.31666666666666665,19,10.54,0.55,12,0.631578947368421,41,12.24,0.3,23,0.5609756097560976,16,0.5,0.5,8.75,0.55,11,0.6875,8,4.76,0.59,5,0.625,8,3.99,0.5,6,0.75,9,5,4,14,7,7,13.83,0.99,0.6428571428571429,0.35714285714285715,0.2857142857142857,0.5,0.5,34,0.5666666666666667,20.46,0.34,60,10,0.7142857142857143,16.15,1.15,14,401856768,2026,1
2029,Arkansas-Pine Bluff Golden Lions,18,0.33962264150943394,9,0.36,9,0.3333333333333333,1,0.5,3,0.23076923076923078,15,0.38461538461538464,39,0.38461538461538464,0.6153846153846154,7.25,0.19,7,0.1794871794871795,15,3.34,0.22,7,0.4666666666666667,24,3.91,0.16,8,0.3333333333333333,14,0.6428571428571429,0.35714285714285715,0.89,0.06,6,0.42857142857142855,9,-0.17,-0.02,4,0.4444444444444444,5,1.06,0.21,2,0.4,3,2,1,14,10,3,-9.34,-0.67,0.21428571428571427,0.14285714285714285,0.07142857142857142,0.7142857142857143,0.21428571428571427,11,0.3548387096774194,1.88,0.06,31,7,0.3181818181818182,-3.96,-0.18,22,401856663,2026,1
142,Missouri Tigers,44,0.5714285714285714,20,0.5882352941176471,24,0.5581395348837209,7,0.5,6,0.6,36,0.5538461538461539,65,0.4,0.6,13.86,0.21,20,0.3076923076923077,26,8.14,0.31,15,0.5769230769230769,39,5.73,0.15,21,0.5384615384615384,8,0.5,0.5,4.93,0.62,8,1.0,4,2.99,0.75,4,1.0,4,1.94,0.48,4,1.0,8,5,3,12,8,4,13.66,1.14,0.6666666666666666,0.4166666666666667,0.25,0.6666666666666666,0.3333333333333333,35,0.5932203389830508,18.5,0.31,59,9,0.5,9.02,0.5,18,401856663,2026,1
113,Massachusetts Minutemen,30,0.4838709677419355,11,0.4782608695652174,19,0.5,4,0.4,4,0.36363636363636365,25,0.5,50,0.34,0.64,13.91,0.28,13,0.26,17,12.58,0.74,10,0.5882352941176471,32,2.69,0.08,15,0.46875,13,0.5384615384615384,0.38461538461538464,2.47,0.19,6,0.46153846153846156,7,1.21,0.17,3,0.42857142857142855,5,2.63,0.53,3,0.6,5,1,4,12,6,6,3.36,0.28,0.4166666666666667,0.08333333333333333,0.3333333333333333,0.5,0.5,23,0.5111111111111111,15.06,0.33,45,7,0.4117647058823529,2.2,0.13,17,401858423,2026,1
164,Rutgers Scarlet Knights,25,0.4032258064516129,18,0.4186046511627907,7,0.3684210526315789,4,0.4444444444444444,3,0.2727272727272727,18,0.391304347826087,46,0.717391304347826,0.2826086956521739,-14.5,-0.32,10,0.21739130434782608,33,-10.11,-0.31,14,0.42424242424242425,13,-4.39,-0.34,4,0.3076923076923077,4,1.0,0.0,0.55,0.14,2,0.5,4,0.55,0.14,2,0.5,,,,,,7,4,3,16,10,6,7.25,0.45,0.4375,0.25,0.1875,0.625,0.375,17,0.3953488372093023,-14.84,-0.35,43,8,0.42105263157894735,7.6,0.4,19,401858423,2026,1
2065,Bethune-Cookman Wildcats,19,0.31666666666666665,8,0.34782608695652173,11,0.3055555555555556,3,1.0,4,0.25,15,0.3409090909090909,44,0.3181818181818182,0.6590909090909091,-12.61,-0.29,6,0.13636363636363635,14,-5.53,-0.39,6,0.42857142857142855,29,-6.7,-0.23,9,0.3103448275862069,9,0.5555555555555556,0.4444444444444444,-3.08,-0.34,2,0.2222222222222222,5,-1.58,-0.32,2,0.4,4,-1.5,-0.37,0,0.0,4,2,2,16,9,7,-0.51,-0.03,0.25,0.125,0.125,0.5625,0.4375,12,0.3870967741935484,-11.07,-0.36,31,7,0.2413793103448276,-2.04,-0.07,29,401856767,2026,1
2116,UCF Knights,34,0.5666666666666667,14,0.6086956521739131,20,0.5405405405405406,7,0.5833333333333334,5,0.625,29,0.5576923076923077,52,0.38461538461538464,0.6153846153846154,21.76,0.42,16,0.3076923076923077,20,5.6,0.28,13,0.65,32,16.16,0.5,16,0.5,14,0.5,0.5,4.48,0.32,7,0.5,7,0.33,0.05,3,0.42857142857142855,7,4.15,0.59,4,0.5714285714285714,5,1,4,8,3,5,4.43,0.55,0.625,0.125,0.5,0.375,0.625,27,0.5869565217391305,15.22,0.33,46,7,0.5,10.97,0.78,14,401856767,2026,1
2006,Akron Zips,37,0.5522388059701493,18,0.5142857142857142,19,0.6129032258064516,5,0.625,6,0.46153846153846156,31,0.5849056603773585,53,0.5283018867924528,0.4528301886792453,7.25,0.14,10,0.18867924528301888,28,2.06,0.07,16,0.5714285714285714,24,9.35,0.39,15,0.625,12,0.5,0.5,0.09,0.01,7,0.5833333333333334,6,1.77,0.29,5,0.8333333333333334,6,-1.67,-0.28,2,0.3333333333333333,6,2,4,14,7,7,-4.13,-0.3,0.42857142857142855,0.14285714285714285,0.2857142857142857,0.5,0.5,28,0.5490196078431373,-3.91,-0.08,51,9,0.5625,7.03,0.44,16,401858204,2026,1
154,Wake Forest Demon Deacons,33,0.5,17,0.4857142857142857,16,0.5333333333333333,4,0.26666666666666666,10,0.6666666666666666,21,0.42857142857142855,49,0.5102040816326531,0.4897959183673469,12.28,0.25,7,0.14285714285714285,25,10.72,0.43,10,0.4,24,1.57,0.07,11,0.4583333333333333,12,0.5833333333333334,0.4166666666666667,3.82,0.32,6,0.5,7,2.08,0.3,4,0.5714285714285714,5,1.74,0.35,2,0.4,12,7,5,17,10,6,11.39,0.67,0.7058823529411765,0.4117647058823529,0.29411764705882354,0.5882352941176471,0.35294117647058826,21,0.525,15.15,0.38,40,12,0.46153846153846156,8.52,0.33,26,401858204,2026,1
2771,Merrimack Warriors,19,0.27941176470588236,15,0.3191489361702128,4,0.21052631578947367,1,0.25,4,0.25,14,0.2857142857142857,49,0.5918367346938775,0.3673469387755102,-9.91,-0.2,7,0.14285714285714285,29,-1.3,-0.04,10,0.3448275862068966,18,-1.94,-0.11,4,0.2222222222222222,4,0.5,0.25,-6.01,-1.5,0,0.0,2,-1.58,-0.79,0,0.0,1,-0.45,-0.45,0,0.0,5,5,0,19,18,1,-9.5,-0.5,0.2631578947368421,0.2631578947368421,0.0,0.9473684210526315,0.05263157894736842,12,0.32432432432432434,-5.79,-0.16,37,7,0.22580645161290322,-13.62,-0.44,31,401864424,2026,1
48,Delaware Blue Hens,35,0.5,21,0.4883720930232558,14,0.5384615384615384,7,0.5384615384615384,6,0.46153846153846156,28,0.5,56,0.6071428571428571,0.39285714285714285,7.3,0.13,14,0.25,34,3.69,0.11,17,0.5,22,3.61,0.16,11,0.5,18,0.7222222222222222,0.2777777777777778,12.07,0.67,11,0.6111111111111112,13,8.92,0.69,8,0.6153846153846154,5,3.15,0.63,3,0.6,7,4,3,14,9,4,7.05,0.5,0.5,0.2857142857142857,0.21428571428571427,0.6428571428571429,0.2857142857142857,27,0.574468085106383,10.23,0.22,47,8,0.34782608695652173,4.12,0.18,23,401864424,2026,1
2698,West Georgia Wolves,11,0.21568627450980393,6,0.21428571428571427,5,0.22727272727272727,,,1,0.08333333333333333,10,0.2631578947368421,38,0.47368421052631576,0.5,-9.66,-0.25,6,0.15789473684210525,18,-2.16,-0.12,6,0.3333333333333333,19,-5.95,-0.31,4,0.21052631578947367,8,0.5,0.375,-3.68,-0.46,2,0.25,4,-1.48,-0.37,1,0.25,3,-0.65,-0.22,1,0.3333333333333333,1,0,1,13,10,3,-11.88,-0.91,0.07692307692307693,0.0,0.07692307692307693,0.7692307692307693,0.23076923076923078,7,0.25,-9.48,-0.34,28,4,0.17391304347826086,-12.06,-0.52,23,401864425,2026,1
338,Kennesaw State Owls,44,0.5365853658536586,17,0.4857142857142857,27,0.6136363636363636,7,0.7777777777777778,8,0.5714285714285714,35,0.5384615384615384,65,0.46153846153846156,0.5076923076923077,7.7,0.12,16,0.24615384615384617,30,-3.0,-0.1,15,0.5,33,16.29,0.49,20,0.6060606060606061,13,0.15384615384615385,0.8461538461538461,8.92,0.69,8,0.6153846153846154,2,-0.13,-0.07,1,0.5,11,9.05,0.82,7,0.6363636363636364,9,2,7,16,5,11,1.29,0.08,0.5625,0.125,0.4375,0.3125,0.6875,37,0.6166666666666667,14.47,0.24,60,7,0.3333333333333333,-5.48,-0.26,21,401864425,2026,1
2084,Buffalo Bulls,31,0.4025974025974026,18,0.375,13,0.4482758620689655,6,0.5454545454545454,10,0.47619047619047616,21,0.375,56,0.5357142857142857,0.4642857142857143,-4.38,-0.08,6,0.10714285714285714,30,-1.45,-0.05,10,0.3333333333333333,26,-2.93,-0.11,11,0.4230769230769231,7,0.5714285714285714,0.42857142857142855,-2.22,-0.32,1,0.14285714285714285,4,-1.56,-0.39,1,0.25,3,-0.67,-0.22,0,0.0,10,8,2,21,18,3,1.24,0.06,0.47619047619047616,0.38095238095238093,0.09523809523809523,0.8571428571428571,0.14285714285714285,24,0.46153846153846156,0.85,0.02,52,7,0.28,-3.99,-0.16,25,401866409,2026,1
399,UAlbany Great Danes,24,0.3287671232876712,12,0.2727272727272727,11,0.39285714285714285,4,0.5,5,0.2631578947368421,17,0.3333333333333333,51,0.49019607843137253,0.5098039215686274,-3.84,-0.08,6,0.11764705882352941,25,1.48,0.06,7,0.28,26,-5.32,-0.2,10,0.38461538461538464,22,0.5454545454545454,0.4090909090909091,-1.77,-0.08,8,0.36363636363636365,12,1.46,0.12,3,0.25,9,-3.27,-0.36,4,0.4444444444444444,6,5,1,21,19,2,-9.34,-0.44,0.2857142857142857,0.23809523809523808,0.047619047619047616,0.9047619047619048,0.09523809523809523,15,0.39473684210526316,-2.65,-0.07,38,8,0.23529411764705882,-10.54,-0.31,34,401866409,2026,1
38,Colorado Buffaloes,30,0.4,8,0.2857142857142857,22,0.5,5,0.45454545454545453,7,0.4117647058823529,21,0.38181818181818183,55,0.36363636363636365,0.6,-6.94,-0.13,9,0.16363636363636364,20,-3.65,-0.18,5,0.25,33,-1.27,-0.04,16,0.48484848484848486,9,0.4444444444444444,0.4444444444444444,-2.98,-0.33,1,0.1111111111111111,4,-0.76,-0.19,0,0.0,4,-0.26,-0.06,1,0.25,9,3,6,20,8,11,1.89,0.09,0.45,0.15,0.3,0.4,0.55,21,0.44680851063829785,-0.25,-0.01,47,9,0.32142857142857145,-4.8,-0.17,28,401856776,2026,1
59,Georgia Tech Yellow Jackets,22,0.4074074074074074,13,0.48148148148148145,9,0.36,1,0.1111111111111111,5,0.38461538461538464,17,0.4146341463414634,41,0.4146341463414634,0.5365853658536586,-3.18,-0.08,9,0.21951219512195122,17,7.72,0.45,9,0.5294117647058824,22,-5.43,-0.25,8,0.36363636363636365,12,0.5833333333333334,0.3333333333333333,-4.4,-0.37,3,0.25,7,-2.23,-0.32,2,0.2857142857142857,4,-1.51,-0.38,1,0.25,5,4,1,13,10,3,-3.95,-0.3,0.38461538461538464,0.3076923076923077,0.07692307692307693,0.7692307692307693,0.23076923076923078,13,0.40625,-4.85,-0.15,32,9,0.4090909090909091,-2.27,-0.1,22,401856776,2026,1
135,Minnesota Golden Gophers,42,0.5915492957746479,21,0.6363636363636364,21,0.5526315789473685,8,0.4,10,0.6666666666666666,31,0.5636363636363636,55,0.45454545454545453,0.5454545454545454,3.16,0.06,13,0.23636363636363636,25,3.65,0.15,17,0.68,30,-0.48,-0.02,14,0.4666666666666667,15,0.6,0.4,9.76,0.65,13,0.8666666666666667,9,7.27,0.81,8,0.8888888888888888,6,2.49,0.42,5,0.8333333333333334,11,4,7,16,8,8,18.78,1.17,0.6875,0.25,0.4375,0.5,0.5,35,0.6140350877192983,11.18,0.2,57,7,0.5,10.76,0.77,14,401858422,2026,1
2197,Eastern Illinois Panthers,8,0.19047619047619047,4,0.25,3,0.12,1,0.3333333333333333,3,0.23076923076923078,5,0.1724137931034483,29,0.27586206896551724,0.6896551724137931,-10.3,-0.36,1,0.034482758620689655,8,-4.21,-0.53,1,0.125,20,-7.77,-0.39,3,0.15,9,0.4444444444444444,0.5555555555555556,-6.32,-0.7,0,0.0,4,-3.13,-0.78,0,0.0,5,-3.19,-0.64,0,0.0,3,3,0,13,8,5,0.03,0.0,0.23076923076923078,0.23076923076923078,0.0,0.6153846153846154,0.38461538461538464,3,0.16666666666666666,-5.34,-0.3,18,5,0.20833333333333334,-4.93,-0.21,24,401858422,2026,1
5,UAB Blazers,36,0.46153846153846156,15,0.46875,21,0.45652173913043476,4,0.36363636363636365,11,0.5789473684210527,22,0.4,55,0.4,0.6,1.73,0.03,10,0.18181818181818182,22,3.23,0.15,9,0.4090909090909091,33,-1.5,-0.05,13,0.3939393939393939,10,0.5,0.5,6.09,0.61,6,0.6,5,2.2,0.44,2,0.4,5,3.89,0.78,4,0.8,14,6,8,23,10,13,11.57,0.5,0.6086956521739131,0.2608695652173913,0.34782608695652173,0.43478260869565216,0.5652173913043478,24,0.4528301886792453,7.22,0.14,53,12,0.48,6.08,0.24,25,401858424,2026,1
356,Illinois Fighting Illini,24,0.5714285714285714,13,0.7647058823529411,11,0.44,3,0.6,3,0.5,20,0.5882352941176471,34,0.47058823529411764,0.5294117647058824,19.8,0.58,7,0.20588235294117646,16,14.47,0.9,12,0.75,18,5.32,0.3,8,0.4444444444444444,15,0.4666666666666667,0.5333333333333333,7.37,0.49,9,0.6,7,9.55,1.36,6,0.8571428571428571,8,-2.18,-0.27,3,0.375,4,1,3,8,1,7,0.78,0.1,0.5,0.125,0.375,0.125,0.875,18,0.5454545454545454,11.88,0.36,33,6,0.6666666666666666,8.69,0.97,9,401858424,2026,1
24,Stanford Cardinal,23,0.35384615384615387,18,0.4186046511627907,5,0.22727272727272727,0,0.0,5,0.3333333333333333,18,0.3673469387755102,49,0.6326530612244898,0.3673469387755102,-4.03,-0.08,10,0.20408163265306123,31,0.52,0.02,15,0.4838709677419355,18,-4.55,-0.25,3,0.16666666666666666,12,0.75,0.25,2.95,0.25,6,0.5,9,2.59,0.29,5,0.5555555555555556,3,0.36,0.12,1,0.3333333333333333,5,3,2,16,12,4,-5.08,-0.32,0.3125,0.1875,0.125,0.75,0.25,16,0.4,-1.75,-0.04,40,7,0.28,-7.35,-0.29,25,401858206,2026,1
2390,Miami Hurricanes,37,0.5606060606060606,23,0.6571428571428571,14,0.45161290322580644,7,0.7,8,0.7272727272727273,29,0.5272727272727272,55,0.45454545454545453,0.5454545454545454,13.53,0.25,16,0.2909090909090909,25,13.56,0.54,16,0.64,30,-0.03,-0.0,13,0.43333333333333335,12,0.5833333333333334,0.4166666666666667,6.55,0.55,6,0.5,7,7.77,1.11,5,0.7142857142857143,5,-1.22,-0.24,1,0.2,8,7,1,11,10,1,11.42,1.04,0.7272727272727273,0.6363636363636364,0.09090909090909091,0.9090909090909091,0.09090909090909091,29,0.5918367346938775,19.03,0.39,49,8,0.47058823529411764,5.92,0.35,17,401858206,2026,1
2638,UTEP Miners,19,0.3392857142857143,9,0.4090909090909091,10,0.3125,1,0.16666666666666666,2,0.15384615384615385,16,0.4,40,0.3,0.675,-7.88,-0.2,6,0.15,12,-0.38,-0.03,7,0.5833333333333334,27,-2.48,-0.09,9,0.3333333333333333,14,0.42857142857142855,0.5,-1.28,-0.09,6,0.42857142857142855,6,0.53,0.09,3,0.5,7,0.16,0.02,3,0.42857142857142855,3,2,1,16,10,5,-12.03,-0.75,0.1875,0.125,0.0625,0.625,0.3125,17,0.425,-3.85,-0.1,40,2,0.125,-16.06,-1.0,16,401856664,2026,1
201,Oklahoma Sooners,29,0.4915254237288136,12,0.5714285714285714,17,0.4594594594594595,6,0.4,6,0.5454545454545454,23,0.4791666666666667,48,0.3125,0.6666666666666666,8.34,0.17,12,0.25,15,8.89,0.59,9,0.6,32,3.82,0.12,14,0.4375,6,0.5,0.5,1.38,0.23,2,0.3333333333333333,3,0.91,0.3,1,0.3333333333333333,3,0.47,0.16,1,0.3333333333333333,6,3,3,11,6,5,3.92,0.36,0.5454545454545454,0.2727272727272727,0.2727272727272727,0.5454545454545454,0.45454545454545453,23,0.5,9.04,0.2,46,6,0.46153846153846156,3.22,0.25,13,401856664,2026,1
30,USC Trojans,37,0.5522388059701493,24,0.7741935483870968,13,0.3611111111111111,8,0.5714285714285714,5,0.625,31,0.543859649122807,57,0.40350877192982454,0.5964912280701754,17.25,0.3,21,0.3684210526315789,23,19.48,0.85,18,0.782608695652174,34,-2.23,-0.07,13,0.38235294117647056,9,0.3333333333333333,0.6666666666666666,7.11,0.79,6,0.6666666666666666,3,6.07,2.02,3,1.0,6,1.04,0.17,3,0.5,6,6,0,10,8,2,1.8,0.18,0.6,0.6,0.0,0.8,0.2,27,0.5192307692307693,-2.11,-0.04,52,10,0.6666666666666666,21.16,1.41,15,401858436,2026,1
278,Fresno State Bulldogs,16,0.36363636363636365,7,0.3888888888888889,6,0.2608695652173913,1,0.25,3,0.3,12,0.375,32,0.28125,0.6875,-3.18,-0.1,5,0.15625,9,1.82,0.2,5,0.5555555555555556,22,-5.34,-0.24,6,0.2727272727272727,6,0.3333333333333333,0.6666666666666666,-3.43,-0.57,1,0.16666666666666666,2,-2.42,-1.21,0,0.0,4,-1.01,-0.25,1,0.25,3,2,0,11,9,1,-6.68,-0.61,0.2727272727272727,0.18181818181818182,0.0,0.8181818181818182,0.09090909090909091,9,0.3103448275862069,-9.54,-0.33,29,6,0.42857142857142855,-0.32,-0.02,14,401858436,2026,1
2199,Eastern Michigan Eagles,21,0.3088235294117647,13,0.3023255813953488,8,0.32,1,0.3333333333333333,5,0.3125,15,0.3125,48,0.5625,0.4375,-6.83,-0.14,8,0.16666666666666666,27,1.72,0.06,11,0.4074074074074074,21,-8.56,-0.41,4,0.19047619047619047,14,0.5714285714285714,0.42857142857142855,1.81,0.13,3,0.21428571428571427,8,-3.26,-0.41,1,0.125,6,5.07,0.84,2,0.3333333333333333,6,2,4,20,16,4,-8.69,-0.43,0.3,0.1,0.2,0.8,0.2,16,0.36363636363636365,-2.12,-0.05,44,5,0.20833333333333334,-13.4,-0.56,24,401864495,2026,1
23,San José State Spartans,30,0.40540540540540543,19,0.4523809523809524,11,0.34375,1,0.3333333333333333,7,0.4375,22,0.39285714285714285,56,0.5535714285714286,0.44642857142857145,-2.54,-0.05,10,0.17857142857142858,31,-0.01,-0.0,13,0.41935483870967744,25,-2.53,-0.1,9,0.36,12,0.6666666666666666,0.3333333333333333,8.7,0.72,7,0.5833333333333334,8,7.67,0.96,5,0.625,4,1.03,0.26,2,0.5,8,6,2,18,11,7,2.09,0.12,0.4444444444444444,0.3333333333333333,0.1111111111111111,0.6111111111111112,0.3888888888888889,17,0.40476190476190477,1.32,0.03,42,13,0.40625,-1.77,-0.06,32,401864495,2026,1
2509,Purdue Boilermakers,42,0.5675675675675675,22,0.6111111111111112,20,0.5263157894736842,6,0.42857142857142855,7,0.6363636363636364,35,0.5645161290322581,62,0.43548387096774194,0.5645161290322581,15.95,0.26,19,0.3064516129032258,27,14.96,0.55,18,0.6666666666666666,35,0.99,0.03,17,0.4857142857142857,15,0.6666666666666666,0.3333333333333333,5.96,0.4,10,0.6666666666666666,10,3.62,0.36,6,0.6,5,2.34,0.47,4,0.8,7,4,3,12,9,3,4.78,0.4,0.5833333333333334,0.3333333333333333,0.25,0.75,0.25,35,0.625,16.26,0.29,56,7,0.3888888888888889,4.48,0.25,18,401858435,2026,1
282,Indiana State Sycamores,13,0.2826086956521739,7,0.28,6,0.3157894736842105,1,0.25,4,0.3333333333333333,9,0.2647058823529412,34,0.4411764705882353,0.5,-3.31,-0.1,5,0.14705882352941177,15,2.07,0.14,4,0.26666666666666666,17,-3.54,-0.21,5,0.29411764705882354,6,0.6666666666666666,0.16666666666666666,-4.93,-0.82,0,0.0,4,-3.18,-0.79,0,0.0,1,-0.57,-0.57,0,0.0,4,3,1,12,10,2,4.79,0.4,0.3333333333333333,0.25,0.08333333333333333,0.8333333333333334,0.16666666666666666,5,0.22727272727272727,-12.21,-0.55,22,8,0.3333333333333333,13.69,0.57,24,401858435,2026,1
2448,North Carolina A&T Aggies,16,0.3076923076923077,7,0.25,9,0.375,0,0.0,5,0.35714285714285715,11,0.2894736842105263,38,0.47368421052631576,0.5263157894736842,-4.73,-0.12,5,0.13157894736842105,18,-0.77,-0.04,4,0.2222222222222222,20,-3.96,-0.2,7,0.35,5,0.8,0.2,-3.71,-0.74,0,0.0,4,-3.25,-0.81,0,0.0,1,-0.46,-0.46,0,0.0,5,3,2,14,10,4,-2.22,-0.16,0.35714285714285715,0.21428571428571427,0.14285714285714285,0.7142857142857143,0.2857142857142857,9,0.32142857142857145,1.72,0.06,28,7,0.2916666666666667,-8.67,-0.36,24,401866623,2026,1
2247,Georgia State Panthers,45,0.6428571428571429,21,0.6363636363636364,24,0.6486486486486487,10,0.5882352941176471,7,0.6363636363636364,37,0.6379310344827587,58,0.43103448275862066,0.5689655172413793,24.49,0.42,12,0.20689655172413793,25,14.94,0.6,17,0.68,33,9.55,0.29,20,0.6060606060606061,16,0.5625,0.4375,12.15,0.76,9,0.5625,9,6.89,0.77,6,0.6666666666666666,7,5.26,0.75,3,0.42857142857142855,8,4,4,12,8,4,8.86,0.74,0.6666666666666666,0.3333333333333333,0.3333333333333333,0.6666666666666666,0.3333333333333333,36,0.6545454545454545,23.72,0.43,55,9,0.6,9.63,0.64,15,401866623,2026,1
2305,Kansas Jayhawks,44,0.5789473684210527,16,0.64,28,0.5490196078431373,13,0.6190476190476191,8,0.6153846153846154,34,0.5666666666666667,60,0.25,0.75,26.82,0.45,18,0.3,15,15.36,1.02,9,0.6,45,11.46,0.25,25,0.5555555555555556,16,0.25,0.75,11.77,0.74,11,0.6875,4,8.93,2.23,4,1.0,12,2.84,0.24,7,0.5833333333333334,10,7,3,16,10,6,12.09,0.76,0.625,0.4375,0.1875,0.625,0.375,35,0.5932203389830508,26.38,0.45,59,9,0.5294117647058824,12.53,0.74,17,401856769,2026,1
2341,Long Island University Sharks,15,0.2830188679245283,8,0.34782608695652173,7,0.25,0,0.0,3,0.23076923076923078,11,0.28205128205128205,39,0.358974358974359,0.6153846153846154,-11.35,-0.29,7,0.1794871794871795,14,-1.69,-0.12,5,0.35714285714285715,24,-8.77,-0.37,6,0.25,6,0.3333333333333333,0.5,-1.34,-0.22,2,0.3333333333333333,2,-1.02,-0.51,0,0.0,3,0.57,0.19,2,0.6666666666666666,4,3,1,14,9,4,-4.41,-0.31,0.2857142857142857,0.21428571428571427,0.07142857142857142,0.6428571428571429,0.2857142857142857,9,0.3333333333333333,-2.5,-0.09,27,6,0.23076923076923078,-13.26,-0.51,26,401856769,2026,1
127,Michigan State Spartans,39,0.47560975609756095,23,0.6216216216216216,16,0.35555555555555557,5,0.35714285714285715,6,0.3333333333333333,31,0.5081967213114754,61,0.39344262295081966,0.6065573770491803,3.03,0.05,15,0.2459016393442623,24,5.52,0.23,17,0.7083333333333334,37,-2.49,-0.07,14,0.3783783783783784,19,0.631578947368421,0.3684210526315789,2.53,0.13,12,0.631578947368421,12,1.65,0.14,9,0.75,7,0.89,0.13,3,0.42857142857142855,8,6,2,21,13,8,-0.1,-0.0,0.38095238095238093,0.2857142857142857,0.09523809523809523,0.6190476190476191,0.38095238095238093,29,0.47540983606557374,2.38,0.04,61,10,0.47619047619047616,0.56,0.03,21,401858429,2026,1
2649,Toledo Rockets,14,0.34146341463414637,9,0.391304347826087,5,0.2777777777777778,2,1.0,1,0.125,13,0.40625,32,0.5,0.5,11.09,0.35,4,0.125,16,11.71,0.73,8,0.5,16,-0.62,-0.04,5,0.3125,,,,,,,,,,,,,,,,,,1,1,0,9,7,2,-9.62,-1.07,0.1111111111111111,0.1111111111111111,0.0,0.7777777777777778,0.2222222222222222,8,0.3333333333333333,-8.75,-0.36,24,6,0.35294117647058826,10.22,0.6,17,401858429,2026,1
194,Ohio State Buckeyes,41,0.5774647887323944,27,0.6923076923076923,14,0.4375,5,0.45454545454545453,5,0.45454545454545453,34,0.5862068965517241,58,0.5172413793103449,0.4827586206896552,21.97,0.38,20,0.3448275862068966,30,23.46,0.78,23,0.7666666666666667,28,-1.5,-0.05,11,0.39285714285714285,12,0.8333333333333334,0.16666666666666666,8.42,0.7,9,0.75,10,10.03,1.0,9,0.9,2,-1.61,-0.81,0,0.0,7,4,3,13,9,4,8.66,0.67,0.5384615384615384,0.3076923076923077,0.23076923076923078,0.6923076923076923,0.3076923076923077,34,0.6415094339622641,28.71,0.54,53,7,0.3888888888888889,1.92,0.11,18,401858432,2026,1
2050,Ball State Cardinals,13,0.22033898305084745,8,0.21052631578947367,5,0.23809523809523808,,,3,0.21428571428571427,10,0.22727272727272727,44,0.6136363636363636,0.38636363636363635,-13.33,-0.3,8,0.18181818181818182,27,-6.01,-0.22,6,0.2222222222222222,17,-7.32,-0.43,4,0.23529411764705882,16,0.6875,0.3125,-4.52,-0.28,4,0.25,11,-2.87,-0.26,2,0.18181818181818182,5,-1.65,-0.33,2,0.4,3,2,1,15,11,4,-10.82,-0.72,0.2,0.13333333333333333,0.06666666666666667,0.7333333333333333,0.26666666666666666,8,0.25,-7.21,-0.23,32,5,0.18518518518518517,-16.94,-0.63,27,401858432,2026,1
2483,Oregon Ducks,2,0.3333333333333333,2,0.4,0,0.0,,,0,0.0,2,0.5,4,0.75,0.25,-0.77,-0.19,1,0.25,3,-0.24,-0.08,2,0.6666666666666666,1,-0.52,-0.52,0,0.0,,,,,,,,,,,,,,,,,,0,0,0,2,2,0,-1.6,-0.8,0.0,0.0,0.0,1.0,0.0,2,0.6666666666666666,0.27,0.09,3,0,0.0,-2.64,-0.88,3,401858433,2026,1
68,Boise State Broncos,7,0.5,3,0.5,4,0.5,1,0.5,2,0.6666666666666666,5,0.45454545454545453,11,0.36363636363636365,0.6363636363636364,1.5,0.14,1,0.09090909090909091,4,1.72,0.43,2,0.5,7,-0.22,-0.03,3,0.42857142857142855,,,,,,,,,,,,,,,,,,2,1,1,3,2,1,2.59,0.86,0.6666666666666666,0.3333333333333333,0.3333333333333333,0.6666666666666666,0.3333333333333333,4,0.36363636363636365,-0.96,-0.09,11,3,1.0,5.06,1.69,3,401858433,2026,1
2634,Tennessee State Tigers,2,0.13333333333333333,2,0.2222222222222222,0,0.0,,,0,0.0,2,0.2,10,0.4,0.6,-5.45,-0.54,0,0.0,4,0.54,0.13,2,0.5,6,-5.98,-1.0,0,0.0,,,,,,,,,,,,,,,,,,0,0,0,5,5,0,-6.16,-1.23,0.0,0.0,0.0,1.0,0.0,2,0.2857142857142857,-4.31,-0.62,7,0,0.0,-7.31,-0.91,8,401856658,2026,1
61,Georgia Bulldogs,21,0.875,14,0.875,7,0.875,6,1.0,1,1.0,20,0.8695652173913043,23,0.6521739130434783,0.34782608695652173,19.93,0.87,10,0.43478260869565216,15,12.12,0.81,13,0.8666666666666667,8,7.82,0.98,7,0.875,,,,,,,,,,,,,,,,,,1,1,0,1,1,0,0.89,0.89,1.0,1.0,0.0,1.0,0.0,19,0.8636363636363636,16.59,0.75,22,2,1.0,4.23,2.12,2,401856658,2026,1
251,Texas Longhorns,6,0.5454545454545454,5,0.7142857142857143,1,0.25,3,0.6,1,0.5,4,0.5,8,0.5,0.5,3.34,0.42,3,0.375,4,1.61,0.4,3,0.75,4,1.73,0.43,1,0.25,,,,,,,,,,,,,,,,,,2,2,0,3,3,0,5.15,1.72,0.6666666666666666,0.6666666666666666,0.0,1.0,0.0,5,0.625,7.54,0.94,8,1,0.3333333333333333,0.95,0.32,3,401856667,2026,1
326,Texas State Bobcats,4,0.2857142857142857,4,0.5,0,0.0,,,1,0.3333333333333333,3,0.3,10,0.5,0.5,-2.99,-0.3,1,0.1,5,0.39,0.08,3,0.6,5,-3.37,-0.67,0,0.0,,,,,,,,,,,,,,,,,,1,1,0,4,3,1,-5.01,-1.25,0.25,0.25,0.0,0.75,0.25,3,0.2727272727272727,-5.09,-0.46,11,1,0.3333333333333333,-2.91,-0.97,3,401856667,2026,1
84,Indiana Hoosiers,25,0.5555555555555556,12,0.8,13,0.43333333333333335,11,0.6111111111111112,5,0.625,18,0.5142857142857142,35,0.2857142857142857,0.7142857142857143,13.28,0.38,6,0.17142857142857143,10,12.15,1.21,8,0.8,25,1.13,0.05,10,0.4,5,0.4,0.6,-0.46,-0.09,2,0.4,2,-1.29,-0.64,0,0.0,3,0.83,0.28,2,0.6666666666666666,7,4,3,10,5,5,12.05,1.21,0.7,0.4,0.3,0.5,0.5,17,0.5483870967741935,11.83,0.38,31,8,0.5714285714285714,13.5,0.96,14,401858425,2026,1
249,North Texas Mean Green,29,0.43283582089552236,15,0.5,14,0.3783783783783784,2,0.4,6,0.4,22,0.4489795918367347,49,0.3469387755102041,0.6530612244897959,5.27,0.11,10,0.20408163265306123,17,3.93,0.23,9,0.5294117647058824,32,1.34,0.04,13,0.40625,18,0.5555555555555556,0.4444444444444444,10.61,0.59,13,0.7222222222222222,10,8.17,0.82,8,0.8,8,2.44,0.31,5,0.625,7,6,1,18,13,5,1.85,0.1,0.3888888888888889,0.3333333333333333,0.05555555555555555,0.7222222222222222,0.2777777777777778,21,0.4666666666666667,3.15,0.07,45,8,0.36363636363636365,3.97,0.18,22,401858425,2026,1
245,Texas A&M Aggies,16,0.5333333333333333,7,0.4375,9,0.6923076923076923,2,0.6666666666666666,2,0.5,14,0.56,25,0.52,0.48,5.73,0.23,8,0.32,13,1.61,0.12,6,0.46153846153846156,12,4.12,0.34,8,0.6666666666666666,,,,,,,,,,,,,,,,,,2,1,1,5,3,1,-2.18,-0.44,0.4,0.2,0.2,0.6,0.2,11,0.55,3.19,0.16,20,5,0.5,0.36,0.04,10,401856668,2026,1
2623,Missouri State Bears,3,0.16666666666666666,1,0.1111111111111111,2,0.2222222222222222,,,1,0.2,2,0.16666666666666666,12,0.4166666666666667,0.5833333333333334,-4.36,-0.36,1,0.08333333333333333,5,-3.78,-0.76,0,0.0,7,-0.58,-0.08,2,0.2857142857142857,,,,,,,,,,,,,,,,,,1,1,0,6,4,2,-6.25,-1.04,0.16666666666666666,0.16666666666666666,0.0,0.6666666666666666,0.3333333333333333,3,0.23076923076923078,-5.3,-0.41,13,0,0.0,-5.31,-1.06,5,401856668,2026,1
228,Clemson Tigers,14,0.2916666666666667,7,0.2692307692307692,7,0.3181818181818182,2,1.0,1,0.07692307692307693,13,0.37142857142857144,35,0.5142857142857142,0.4857142857142857,-8.7,-0.25,5,0.14285714285714285,18,-5.68,-0.32,6,0.3333333333333333,17,-3.02,-0.18,7,0.4117647058823529,9,0.7777777777777778,0.2222222222222222,-3.62,-0.4,2,0.2222222222222222,7,-2.73,-0.39,2,0.2857142857142857,2,-0.89,-0.45,0,0.0,1,1,0,13,8,5,-13.69,-1.05,0.07692307692307693,0.07692307692307693,0.0,0.6153846153846154,0.38461538461538464,11,0.39285714285714285,-5.51,-0.2,28,3,0.15,-16.88,-0.84,20,401856660,2026,1
99,LSU Tigers,48,0.5052631578947369,18,0.5,30,0.5084745762711864,5,0.5555555555555556,10,0.625,37,0.47435897435897434,78,0.3717948717948718,0.6282051282051282,15.43,0.2,19,0.24358974358974358,29,4.59,0.16,13,0.4482758620689655,49,10.84,0.22,24,0.4897959183673469,11,0.36363636363636365,0.6363636363636364,6.25,0.57,7,0.6363636363636364,4,2.31,0.58,2,0.5,7,3.95,0.56,5,0.7142857142857143,11,5,6,17,7,10,7.16,0.42,0.6470588235294118,0.29411764705882354,0.35294117647058826,0.4117647058823529,0.5882352941176471,32,0.47058823529411764,6.56,0.1,68,16,0.5925925925925926,16.03,0.59,27,401856660,2026,1
2641,Texas Tech Red Raiders,21,0.6,13,0.7222222222222222,8,0.47058823529411764,2,0.4,3,1.0,18,0.5625,32,0.5,0.5,13.41,0.42,13,0.40625,16,8.65,0.54,11,0.6875,16,4.76,0.3,7,0.4375,3,1.0,0.0,2.65,0.88,2,0.6666666666666666,3,2.65,0.88,2,0.6666666666666666,,,,,,3,2,1,3,2,1,3.98,1.33,1.0,0.6666666666666666,0.3333333333333333,0.6666666666666666,0.3333333333333333,18,0.5806451612903226,11.91,0.38,31,3,0.75,5.48,1.37,4,401856770,2026,1
2000,Abilene Christian Wildcats,7,0.3684210526315789,6,0.5,1,0.14285714285714285,,,2,0.3333333333333333,5,0.38461538461538464,13,0.6153846153846154,0.38461538461538464,-3.05,-0.23,1,0.07692307692307693,8,-1.09,-0.14,5,0.625,5,-1.96,-0.39,0,0.0,1,1.0,0.0,-0.95,-0.95,0,0.0,1,-0.95,-0.95,0,0.0,,,,,,2,1,1,6,4,2,-2.7,-0.45,0.3333333333333333,0.16666666666666666,0.16666666666666666,0.6666666666666666,0.3333333333333333,3,0.2727272727272727,-4.45,-0.4,11,4,0.5,-1.3,-0.16,8,401856770,2026,1
333,Alabama Crimson Tide,43,0.5443037974683544,14,0.4375,29,0.6170212765957447,11,0.5789473684210527,9,0.6,33,0.5238095238095238,63,0.38095238095238093,0.6190476190476191,-1.75,-0.03,15,0.23809523809523808,24,-0.67,-0.03,10,0.4166666666666667,39,-1.08,-0.03,23,0.5897435897435898,13,0.6153846153846154,0.38461538461538464,-2.8,-0.22,5,0.38461538461538464,8,0.49,0.06,3,0.375,5,-3.28,-0.66,2,0.4,10,4,6,16,8,8,13.42,0.84,0.625,0.25,0.375,0.5,0.5,30,0.5357142857142857,4.98,0.09,56,13,0.5652173913043478,6.69,0.29,23,401856634,2026,1
151,East Carolina Pirates,14,0.34146341463414637,8,0.36363636363636365,6,0.3157894736842105,1,0.25,0,0.0,14,0.4375,32,0.5,0.5,-3.63,-0.11,5,0.15625,16,1.77,0.11,8,0.5,16,-5.4,-0.34,6,0.375,9,0.4444444444444444,0.5555555555555556,-3.17,-0.35,4,0.4444444444444444,4,-3.78,-0.94,1,0.25,5,0.6,0.12,3,0.6,0,0,0,9,6,3,-9.88,-1.1,0.0,0.0,0.0,0.6666666666666666,0.3333333333333333,9,0.36,-4.95,-0.2,25,5,0.3125,-8.56,-0.54,16,401856634,2026,1
252,BYU Cougars,5,0.625,1,0.5,4,0.6666666666666666,1,0.3333333333333333,1,1.0,4,0.5714285714285714,7,0.2857142857142857,0.7142857142857143,0.17,0.02,2,0.2857142857142857,2,-0.64,-0.32,1,0.5,5,0.81,0.16,3,0.6,,,,,,,,,,,,,,,,,,1,0,1,1,0,1,3.08,3.08,1.0,0.0,1.0,0.0,1.0,4,0.6666666666666666,1.06,0.18,6,1,0.5,2.19,1.09,2,401856775,2026,1
3101,Utah Tech Trailblazers,1,0.25,1,0.3333333333333333,0,0.0,,,0,0.0,1,0.3333333333333333,3,0.6666666666666666,0.3333333333333333,-4.63,-1.54,0,0.0,2,-3.45,-1.73,1,0.5,1,-1.18,-1.18,0,0.0,,,,,,,,,,,,,,,,,,0,0,0,1,1,0,-1.76,-1.76,0.0,0.0,0.0,1.0,0.0,0,0.0,-7.56,-2.52,3,1,1.0,1.16,1.16,1,401856775,2026,1
2711,Western Michigan Broncos,4,0.3076923076923077,3,0.5,1,0.14285714285714285,,,1,0.3333333333333333,3,0.3,10,0.4,0.6,-1.55,-0.16,3,0.3,4,-0.26,-0.07,2,0.5,6,-1.29,-0.21,1,0.16666666666666666,,,,,,,,,,,,,,,,,,1,1,0,3,2,1,-2.32,-0.77,0.3333333333333333,0.3333333333333333,0.0,0.6666666666666666,0.3333333333333333,2,0.25,-3.22,-0.4,8,2,0.4,-0.66,-0.13,5,401858428,2026,1
130,Michigan Wolverines,11,0.7333333333333333,5,0.7142857142857143,6,0.75,4,0.6666666666666666,1,0.5,9,0.75,12,0.5,0.5,5.9,0.49,4,0.3333333333333333,6,3.77,0.63,5,0.8333333333333334,6,2.13,0.36,4,0.6666666666666666,,,,,,,,,,,,,,,,,,2,0,2,3,1,2,1.73,0.58,0.6666666666666666,0.0,0.6666666666666666,0.3333333333333333,0.6666666666666666,11,0.7857142857142857,9.14,0.65,14,0,0.0,-1.51,-1.51,1,401858428,2026,1
213,Penn State Nittany Lions,6,0.5454545454545454,4,0.8,2,0.3333333333333333,,,1,0.5,5,0.5555555555555556,9,0.4444444444444444,0.5555555555555556,2.11,0.23,3,0.3333333333333333,4,3.23,0.81,3,0.75,5,-1.12,-0.22,2,0.4,,,,,,,,,,,,,,,,,,1,1,0,2,1,1,3.02,1.51,0.5,0.5,0.0,0.5,0.5,6,0.5454545454545454,5.13,0.47,11,,,,,,401858434,2026,1
276,Marshall Thundering Herd,1,0.16666666666666666,0,0.0,1,0.5,,,0,0.0,1,0.25,4,0.5,0.5,-1.28,-0.32,0,0.0,2,-1.3,-0.65,0,0.0,2,0.01,0.01,1,0.5,,,,,,,,,,,,,,,,,,0,0,0,2,2,0,-2.44,-1.22,0.0,0.0,0.0,1.0,0.0,1,0.2,-3.44,-0.69,5,0,0.0,-0.28,-0.28,1,401858434,2026,1
2633,Tennessee Volunteers,5,0.4166666666666667,4,0.5,1,0.25,1,0.5,1,0.5,4,0.4444444444444444,9,0.6666666666666666,0.3333333333333333,3.28,0.36,2,0.2222222222222222,6,3.52,0.59,3,0.5,3,-0.24,-0.08,1,0.3333333333333333,,,,,,,,,,,,,,,,,,1,1,0,3,2,1,-2.39,-0.8,0.3333333333333333,0.3333333333333333,0.0,0.6666666666666666,0.3333333333333333,3,0.375,-0.89,-0.11,8,2,0.5,1.77,0.44,4,401856666,2026,1
231,Furman Paladins,4,0.26666666666666666,1,0.1111111111111111,3,0.5,,,2,0.5,2,0.2,10,0.8,0.2,-7.02,-0.7,1,0.1,8,-7.93,-0.99,1,0.125,2,0.91,0.45,1,0.5,,,,,,,,,,,,,,,,,,2,0,2,5,1,4,-2.49,-0.5,0.4,0.0,0.4,0.2,0.8,3,0.3333333333333333,-3.65,-0.41,9,1,0.16666666666666666,-5.86,-0.98,6,401856666,2026,1
2294,Iowa Hawkeyes,38,0.48717948717948717,21,0.525,17,0.4473684210526316,7,0.4117647058823529,7,0.5,31,0.5081967213114754,61,0.45901639344262296,0.5409836065573771,12.83,0.21,16,0.26229508196721313,28,7.4,0.26,17,0.6071428571428571,33,5.42,0.16,14,0.42424242424242425,19,0.7368421052631579,0.2631578947368421,-0.89,-0.05,9,0.47368421052631576,14,-1.74,-0.12,6,0.42857142857142855,5,0.85,0.17,3,0.6,7,4,3,17,12,5,-4.33,-0.25,0.4117647058823529,0.23529411764705882,0.17647058823529413,0.7058823529411765,0.29411764705882354,28,0.5384615384615384,8.31,0.16,52,10,0.38461538461538464,0.19,0.01,26,401858426,2026,1
2459,Northern Illinois Huskies,13,0.24074074074074073,8,0.26666666666666666,5,0.21739130434782608,,,3,0.2,10,0.2564102564102564,39,0.48717948717948717,0.5128205128205128,-12.75,-0.33,3,0.07692307692307693,19,-4.89,-0.26,6,0.3157894736842105,20,-7.85,-0.39,4,0.2,7,0.42857142857142855,0.5714285714285714,-3.92,-0.56,1,0.14285714285714285,3,-2.84,-0.95,0,0.0,4,-1.08,-0.27,1,0.25,3,2,1,15,11,3,-11.22,-0.75,0.2,0.13333333333333333,0.06666666666666667,0.7333333333333333,0.2,7,0.23333333333333334,-15.49,-0.52,30,6,0.25,-8.48,-0.35,24,401858426,2026,1
248,Houston Cougars,34,0.4927536231884058,17,0.53125,17,0.4722222222222222,6,0.46153846153846156,8,0.6666666666666666,25,0.44642857142857145,56,0.5,0.48214285714285715,7.6,0.14,13,0.23214285714285715,28,6.5,0.23,14,0.5,27,5.28,0.2,11,0.4074074074074074,14,0.42857142857142855,0.5714285714285714,1.77,0.13,6,0.42857142857142855,6,4.24,0.71,4,0.6666666666666666,8,-2.47,-0.31,2,0.25,9,3,6,13,4,9,9.57,0.74,0.6923076923076923,0.23076923076923078,0.46153846153846156,0.3076923076923077,0.6923076923076923,23,0.46,2.4,0.05,50,11,0.5789473684210527,14.76,0.78,19,401856778,2026,1
204,Oregon State Beavers,30,0.43478260869565216,24,0.5,6,0.2857142857142857,5,0.7142857142857143,4,0.2857142857142857,25,0.49019607843137253,51,0.6470588235294118,0.35294117647058826,12.15,0.24,14,0.27450980392156865,33,14.73,0.45,20,0.6060606060606061,18,-2.58,-0.14,5,0.2777777777777778,10,0.8,0.2,-3.41,-0.34,3,0.3,8,-2.48,-0.31,3,0.375,2,-0.93,-0.46,0,0.0,5,4,1,18,15,3,-5.62,-0.31,0.2777777777777778,0.2222222222222222,0.05555555555555555,0.8333333333333334,0.16666666666666666,21,0.4772727272727273,8.37,0.19,44,9,0.36,-1.84,-0.07,25,401856778,2026,1
324,Coastal Carolina Chanticleers,27,0.421875,18,0.42857142857142855,9,0.4090909090909091,2,0.3333333333333333,2,0.2,24,0.46153846153846156,52,0.6346153846153846,0.36538461538461536,14.33,0.28,12,0.23076923076923078,33,12.53,0.38,16,0.48484848484848486,19,1.8,0.09,8,0.42105263157894735,10,0.6,0.4,-1.32,-0.13,3,0.3,6,-0.28,-0.05,2,0.3333333333333333,4,-1.04,-0.26,1,0.25,3,2,1,12,9,3,-7.05,-0.59,0.25,0.16666666666666666,0.08333333333333333,0.75,0.25,17,0.4146341463414634,-6.05,-0.15,41,10,0.43478260869565216,13.33,0.58,23,401856780,2026,1
277,West Virginia Mountaineers,29,0.3972602739726027,7,0.4666666666666667,22,0.39285714285714285,5,0.45454545454545453,9,0.5,19,0.35185185185185186,54,0.1111111111111111,0.8703703703703703,4.08,0.08,6,0.1111111111111111,6,0.5,0.08,2,0.3333333333333333,47,6.74,0.14,17,0.3617021276595745,10,0.2,0.8,3.82,0.38,6,0.6,2,1.65,0.82,1,0.5,8,2.17,0.27,5,0.625,10,5,5,19,9,9,3.78,0.2,0.5263157894736842,0.2631578947368421,0.2631578947368421,0.47368421052631576,0.47368421052631576,23,0.4423076923076923,8.97,0.17,52,6,0.2857142857142857,-1.12,-0.05,21,401856780,2026,1
160,New Hampshire Wildcats,21,0.3442622950819672,10,0.3225806451612903,10,0.37037037037037035,,,6,0.4,14,0.3181818181818182,44,0.4318181818181818,0.5227272727272727,-21.73,-0.49,4,0.09090909090909091,19,-7.91,-0.42,6,0.3157894736842105,23,-4.18,-0.18,8,0.34782608695652173,15,0.6666666666666666,0.26666666666666666,3.68,0.25,6,0.4,10,-1.4,-0.14,3,0.3,4,-0.3,-0.08,2,0.5,7,4,2,17,12,4,-0.58,-0.03,0.4117647058823529,0.23529411764705882,0.11764705882352941,0.7058823529411765,0.23529411764705882,11,0.3333333333333333,-14.1,-0.43,33,10,0.35714285714285715,-8.22,-0.29,28,401858208,2026,1
183,Syracuse Orange,43,0.5657894736842105,20,0.5405405405405406,23,0.5897435897435898,13,0.52,8,0.6666666666666666,35,0.5555555555555556,63,0.47619047619047616,0.5238095238095238,22.0,0.35,18,0.2857142857142857,30,13.07,0.44,17,0.5666666666666667,33,8.93,0.27,18,0.5454545454545454,9,0.4444444444444444,0.5555555555555556,4.03,0.45,5,0.5555555555555556,4,-1.2,-0.3,1,0.25,5,5.22,1.04,4,0.8,8,3,5,13,7,6,5.46,0.42,0.6153846153846154,0.23076923076923078,0.38461538461538464,0.5384615384615384,0.46153846153846156,33,0.5789473684210527,16.78,0.29,57,10,0.5263157894736842,10.67,0.56,19,401858208,2026,1
195,Ohio Bobcats,27,0.4153846153846154,11,0.3235294117647059,16,0.5161290322580645,3,0.6,7,0.4666666666666667,19,0.3877551020408163,49,0.4897959183673469,0.5102040816326531,0.6,0.01,9,0.1836734693877551,24,-1.53,-0.06,7,0.2916666666666667,25,2.13,0.09,12,0.48,11,0.36363636363636365,0.6363636363636364,0.37,0.03,6,0.5454545454545454,4,-1.94,-0.49,1,0.25,7,2.31,0.33,5,0.7142857142857143,8,4,4,16,10,6,-1.64,-0.1,0.5,0.25,0.25,0.625,0.375,20,0.4878048780487805,11.04,0.27,41,7,0.2916666666666667,-12.08,-0.5,24,401858430,2026,1
158,Nebraska Cornhuskers,39,0.527027027027027,16,0.47058823529411764,23,0.5897435897435898,9,0.6,10,0.6666666666666666,28,0.49122807017543857,57,0.42105263157894735,0.5614035087719298,12.14,0.21,15,0.2631578947368421,24,7.09,0.3,11,0.4583333333333333,32,6.89,0.22,17,0.53125,13,0.6153846153846154,0.38461538461538464,-5.66,-0.44,5,0.38461538461538464,8,-5.4,-0.67,2,0.25,5,-0.26,-0.05,3,0.6,11,5,6,17,10,7,15.5,0.91,0.6470588235294118,0.29411764705882354,0.35294117647058826,0.5882352941176471,0.4117647058823529,27,0.4909090909090909,16.87,0.31,55,12,0.631578947368421,10.77,0.57,19,401858430,2026,1
41,UConn Huskies,38,0.5277777777777778,19,0.59375,19,0.48717948717948717,4,0.4444444444444444,7,0.5833333333333334,29,0.5087719298245614,57,0.3508771929824561,0.631578947368421,21.29,0.37,16,0.2807017543859649,20,12.31,0.62,12,0.6,36,9.87,0.27,17,0.4722222222222222,11,0.45454545454545453,0.5454545454545454,3.24,0.29,5,0.45454545454545453,5,-0.41,-0.08,3,0.6,6,3.65,0.61,2,0.3333333333333333,9,7,2,15,12,3,10.73,0.72,0.6,0.4666666666666667,0.13333333333333333,0.8,0.2,29,0.5471698113207547,18.88,0.36,53,9,0.47368421052631576,13.14,0.69,19,401861962,2026,1
322,Lafayette Leopards,20,0.28169014084507044,11,0.2558139534883721,9,0.32142857142857145,1,0.3333333333333333,6,0.35294117647058826,14,0.2641509433962264,53,0.5471698113207547,0.4528301886792453,-12.54,-0.24,7,0.1320754716981132,29,-5.94,-0.2,8,0.27586206896551724,24,-6.6,-0.27,6,0.25,13,0.7692307692307693,0.23076923076923078,-4.0,-0.31,3,0.23076923076923078,10,-4.0,-0.4,2,0.2,3,-0.0,-0.0,1,0.3333333333333333,6,3,3,18,14,4,-5.16,-0.29,0.3333333333333333,0.16666666666666666,0.16666666666666666,0.7777777777777778,0.2222222222222222,15,0.38461538461538464,-2.87,-0.07,39,5,0.15625,-14.83,-0.46,32,401861962,2026,1
2803,Bryant Bulldogs,21,0.39622641509433965,9,0.36,12,0.42857142857142855,0,0.0,3,0.21428571428571427,18,0.47368421052631576,38,0.3684210526315789,0.631578947368421,-5.37,-0.14,5,0.13157894736842105,14,-1.49,-0.11,7,0.5,24,-3.88,-0.16,11,0.4583333333333333,10,0.5,0.5,-3.82,-0.38,2,0.2,5,-0.38,-0.08,1,0.2,5,-3.44,-0.69,1,0.2,3,2,1,15,11,4,-9.62,-0.64,0.2,0.13333333333333333,0.06666666666666667,0.7333333333333333,0.26666666666666666,15,0.45454545454545453,-7.36,-0.22,33,6,0.3,-7.63,-0.38,20,401862701,2026,1
349,Army Black Knights,48,0.6956521739130435,6,0.46153846153846156,42,0.75,9,0.8181818181818182,6,0.6666666666666666,41,0.6949152542372882,59,0.2033898305084746,0.7966101694915254,23.28,0.39,20,0.3389830508474576,12,0.17,0.01,6,0.5,47,23.11,0.49,35,0.7446808510638298,14,0.21428571428571427,0.7857142857142857,6.18,0.44,11,0.7857142857142857,3,-0.41,-0.14,2,0.6666666666666666,11,6.59,0.6,9,0.8181818181818182,7,0,7,10,1,9,14.21,1.42,0.7,0.0,0.7,0.1,0.9,41,0.7321428571428571,31.63,0.56,56,7,0.5384615384615384,5.87,0.45,13,401862701,2026,1
189,Bowling Green Falcons,30,0.45454545454545453,20,0.6666666666666666,10,0.29411764705882354,3,0.42857142857142855,7,0.5384615384615384,22,0.43137254901960786,51,0.39215686274509803,0.5686274509803921,-2.55,-0.05,12,0.23529411764705882,20,10.28,0.51,13,0.65,29,-5.06,-0.17,9,0.3103448275862069,9,0.4444444444444444,0.5555555555555556,6.67,0.74,5,0.5555555555555556,4,4.58,1.14,3,0.75,5,2.09,0.42,2,0.4,8,7,1,15,10,5,-1.14,-0.08,0.5333333333333333,0.4666666666666667,0.06666666666666667,0.6666666666666666,0.3333333333333333,24,0.5106382978723404,-3.89,-0.08,47,6,0.3157894736842105,0.2,0.01,19,401866410,2026,1
2627,Tarleton State Texans,25,0.43859649122807015,11,0.44,14,0.45161290322580644,5,0.4166666666666667,2,0.2,21,0.5,42,0.42857142857142855,0.5714285714285714,14.9,0.35,11,0.2619047619047619,18,9.04,0.5,9,0.5,24,5.87,0.24,12,0.5,10,0.4,0.6,1.51,0.15,4,0.4,4,2.74,0.68,2,0.5,6,-1.23,-0.21,2,0.3333333333333333,4,2,2,15,7,7,-12.7,-0.85,0.26666666666666666,0.13333333333333333,0.13333333333333333,0.4666666666666667,0.4666666666666667,20,0.5,10.08,0.25,40,5,0.29411764705882354,-7.88,-0.46,17,401866410,2026,1
2335,Liberty Flames,28,0.42424242424242425,15,0.5172413793103449,12,0.34285714285714286,1,0.14285714285714285,7,0.4375,20,0.425531914893617,47,0.3829787234042553,0.574468085106383,3.62,0.08,7,0.14893617021276595,18,9.11,0.51,11,0.6111111111111112,27,-3.88,-0.14,8,0.2962962962962963,9,0.6666666666666666,0.3333333333333333,-0.74,-0.08,3,0.3333333333333333,6,0.44,0.07,3,0.5,3,-1.17,-0.39,0,0.0,8,4,4,19,11,8,-3.71,-0.2,0.42105263157894735,0.21052631578947367,0.21052631578947367,0.5789473684210527,0.42105263157894735,16,0.37209302325581395,-2.83,-0.07,43,12,0.5217391304347826,2.74,0.12,23,401869960,2026,1
256,James Madison Dukes,19,0.3877551020408163,7,0.3888888888888889,12,0.3870967741935484,5,0.45454545454545453,4,0.4,15,0.38461538461538464,39,0.3076923076923077,0.6923076923076923,6.39,0.16,8,0.20512820512820512,12,2.68,0.22,5,0.4166666666666667,27,3.71,0.14,10,0.37037037037037035,8,0.75,0.25,0.34,0.04,3,0.375,6,1.7,0.28,3,0.5,2,-1.36,-0.68,0,0.0,4,2,2,10,6,4,0.95,0.1,0.4,0.2,0.2,0.6,0.4,14,0.3888888888888889,4.09,0.11,36,5,0.38461538461538464,3.25,0.25,13,401869960,2026,1
221,Pittsburgh Panthers,44,0.5866666666666667,33,0.7333333333333333,11,0.3793103448275862,4,0.5714285714285714,8,0.7272727272727273,36,0.5714285714285714,63,0.6190476190476191,0.36507936507936506,23.42,0.37,18,0.2857142857142857,39,25.67,0.66,28,0.717948717948718,23,-1.38,-0.06,8,0.34782608695652173,18,0.8333333333333334,0.16666666666666666,5.58,0.31,10,0.5555555555555556,15,4.74,0.32,9,0.6,3,0.84,0.28,1,0.3333333333333333,8,5,3,12,6,6,13.48,1.12,0.6666666666666666,0.4166666666666667,0.25,0.5,0.5,30,0.5454545454545454,13.28,0.24,55,14,0.7,23.63,1.18,20,401858207,2026,1
193,Miami (OH) RedHawks,13,0.2549019607843137,12,0.32432432432432434,1,0.07142857142857142,1,1.0,2,0.15384615384615385,10,0.2702702702702703,37,0.6486486486486487,0.35135135135135137,0.79,0.02,6,0.16216216216216217,24,6.54,0.27,9,0.375,13,-5.75,-0.44,1,0.07692307692307693,9,0.6666666666666666,0.3333333333333333,-3.29,-0.37,1,0.1111111111111111,6,-2.14,-0.36,1,0.16666666666666666,3,-1.16,-0.39,0,0.0,3,3,0,14,13,1,-2.16,-0.15,0.21428571428571427,0.21428571428571427,0.0,0.9285714285714286,0.07142857142857142,7,0.25925925925925924,2.98,0.11,27,6,0.25,-4.34,-0.18,24,401858207,2026,1
2309,Kent State Golden Flashes,14,0.2916666666666667,6,0.25,8,0.3333333333333333,,,5,0.35714285714285715,9,0.2647058823529412,34,0.47058823529411764,0.5294117647058824,-10.16,-0.3,4,0.11764705882352941,16,-9.03,-0.56,3,0.1875,18,-1.13,-0.06,6,0.3333333333333333,12,0.5,0.5,-1.21,-0.1,4,0.3333333333333333,6,-2.66,-0.44,1,0.16666666666666666,6,1.45,0.24,3,0.5,5,3,2,14,8,6,-0.9,-0.06,0.35714285714285715,0.21428571428571427,0.14285714285714285,0.5714285714285714,0.42857142857142855,10,0.38461538461538464,-2.99,-0.12,26,4,0.18181818181818182,-8.07,-0.37,22,401856665,2026,1
2579,South Carolina Gamecocks,52,0.7323943661971831,25,0.7352941176470589,27,0.75,13,0.9285714285714286,8,0.8888888888888888,44,0.7096774193548387,62,0.43548387096774194,0.5483870967741935,30.35,0.49,22,0.3548387096774194,27,11.44,0.42,19,0.7037037037037037,34,19.19,0.56,25,0.7352941176470589,13,0.8461538461538461,0.07692307692307693,10.56,0.81,8,0.6153846153846154,11,11.14,1.01,8,0.7272727272727273,1,-0.3,-0.3,0,0.0,8,6,2,9,7,2,14.59,1.62,0.8888888888888888,0.6666666666666666,0.2222222222222222,0.7777777777777778,0.2222222222222222,43,0.7288135593220338,31.4,0.53,59,9,0.75,13.53,1.13,12,401856665,2026,1
96,Kentucky Wildcats,33,0.6226415094339622,14,0.5384615384615384,19,0.7037037037037037,8,0.6153846153846154,3,0.42857142857142855,29,0.6444444444444445,45,0.4666666666666667,0.5333333333333333,21.84,0.49,14,0.3111111111111111,21,12.95,0.62,11,0.5238095238095238,24,8.89,0.37,18,0.75,7,0.14285714285714285,0.8571428571428571,4.0,0.57,5,0.7142857142857143,1,3.5,3.5,1,1.0,6,0.5,0.08,4,0.6666666666666666,4,3,1,8,5,3,4.82,0.6,0.5,0.375,0.125,0.625,0.375,28,0.6222222222222222,17.94,0.4,45,5,0.625,8.71,1.09,8,401856659,2026,1
2754,Youngstown State Penguins,29,0.4603174603174603,17,0.4594594594594595,12,0.48,5,0.7142857142857143,8,0.5714285714285714,21,0.44680851063829785,47,0.6170212765957447,0.3829787234042553,9.31,0.2,11,0.23404255319148937,29,11.65,0.4,14,0.4827586206896552,18,-2.34,-0.13,7,0.3888888888888889,16,0.75,0.25,6.13,0.38,8,0.5,12,7.02,0.58,7,0.5833333333333334,4,-0.89,-0.22,1,0.25,8,3,5,16,8,7,-4.04,-0.25,0.5,0.1875,0.3125,0.5,0.4375,19,0.48717948717948717,7.78,0.2,39,10,0.4166666666666667,-2.51,-0.1,24,401856659,2026,1
2546,Southeast Missouri State Redhawks,12,0.2553191489361702,6,0.2608695652173913,6,0.2608695652173913,1,0.5,4,0.3333333333333333,7,0.21212121212121213,33,0.3939393939393939,0.5757575757575758,-17.11,-0.52,2,0.06060606060606061,13,-10.77,-0.83,3,0.23076923076923078,19,-3.77,-0.2,4,0.21052631578947367,12,0.4166666666666667,0.5833333333333334,-4.15,-0.35,3,0.25,5,-3.16,-0.63,1,0.2,7,-0.99,-0.14,2,0.2857142857142857,5,3,2,14,10,4,0.27,0.02,0.35714285714285715,0.21428571428571427,0.14285714285714285,0.7142857142857143,0.2857142857142857,8,0.3076923076923077,-7.98,-0.31,26,4,0.19047619047619047,-8.86,-0.42,21,401856779,2026,1
66,Iowa State Cyclones,14,0.3783783783783784,5,0.38461538461538464,9,0.375,5,0.5555555555555556,3,0.375,11,0.3793103448275862,29,0.3103448275862069,0.6896551724137931,3.92,0.14,3,0.10344827586206896,9,6.78,0.75,5,0.5555555555555556,20,-2.86,-0.14,6,0.3,4,0.25,0.75,0.8,0.2,1,0.25,1,1.96,1.96,1,1.0,3,-1.16,-0.39,0,0.0,3,0,3,8,4,4,-3.24,-0.41,0.375,0.0,0.375,0.5,0.5,10,0.4166666666666667,3.3,0.14,24,4,0.3076923076923077,-2.62,-0.2,13,401856779,2026,1
2184,Duquesne Dukes,13,0.3023255813953488,7,0.30434782608695654,6,0.3,,,3,0.2727272727272727,10,0.3125,32,0.46875,0.53125,-8.92,-0.28,3,0.09375,15,-5.01,-0.33,5,0.3333333333333333,17,-3.91,-0.23,5,0.29411764705882354,14,0.5,0.5,-2.37,-0.17,6,0.42857142857142855,7,-3.32,-0.47,3,0.42857142857142855,7,0.95,0.14,3,0.42857142857142855,3,2,1,11,8,3,-6.82,-0.62,0.2727272727272727,0.18181818181818182,0.09090909090909091,0.7272727272727273,0.2727272727272727,11,0.3793103448275862,-10.09,-0.35,29,2,0.14285714285714285,-5.66,-0.4,14,401864496,2026,1
2005,Air Force Falcons,45,0.5769230769230769,1,0.14285714285714285,44,0.6197183098591549,9,0.5625,9,0.6,34,0.5573770491803278,61,0.06557377049180328,0.9344262295081968,8.03,0.13,19,0.3114754098360656,4,-0.98,-0.25,1,0.25,57,9.01,0.16,33,0.5789473684210527,3,0.3333333333333333,0.6666666666666666,-1.27,-0.42,1,0.3333333333333333,1,-0.69,-0.69,0,0.0,2,-0.58,-0.29,1,0.5,11,0,11,17,3,14,10.82,0.64,0.6470588235294118,0.0,0.6470588235294118,0.17647058823529413,0.8235294117647058,38,0.59375,17.61,0.28,64,7,0.5,1.23,0.09,14,401864496,2026,1
218,Temple Owls,16,0.5333333333333333,7,0.5833333333333334,9,0.5,4,0.5714285714285714,0,0.0,16,0.6153846153846154,26,0.34615384615384615,0.6538461538461539,15.21,0.59,9,0.34615384615384615,9,8.89,0.99,7,0.7777777777777778,17,6.32,0.37,9,0.5294117647058824,10,0.3,0.7,5.54,0.55,7,0.7,3,2.3,0.77,2,0.6666666666666666,7,3.25,0.46,5,0.7142857142857143,0,0,0,4,3,1,-4.23,-1.06,0.0,0.0,0.0,0.75,0.25,12,0.5714285714285714,6.37,0.3,21,4,0.4444444444444444,4.61,0.51,9,401862698,2026,1
227,Rhode Island Rams,16,0.42105263157894735,8,0.42105263157894735,8,0.42105263157894735,2,0.5,4,0.5,11,0.3793103448275862,29,0.4827586206896552,0.5172413793103449,-3.75,-0.13,5,0.1724137931034483,14,1.36,0.1,6,0.42857142857142855,15,-5.11,-0.34,5,0.3333333333333333,7,0.42857142857142855,0.5714285714285714,0.34,0.05,2,0.2857142857142857,3,-2.33,-0.78,0,0.0,4,2.68,0.67,2,0.5,5,2,3,9,5,4,9.2,1.02,0.5555555555555556,0.2222222222222222,0.3333333333333333,0.5555555555555556,0.4444444444444444,9,0.42857142857142855,-4.82,-0.23,21,7,0.4117647058823529,10.26,0.6,17,401862698,2026,1
2,Auburn Tigers,3,0.3,3,0.5,0,0.0,,,0,0.0,3,0.3333333333333333,9,0.5555555555555556,0.4444444444444444,1.38,0.15,2,0.2222222222222222,5,2.89,0.58,3,0.6,4,-1.5,-0.38,0,0.0,,,,,,,,,,,,,,,,,,0,0,0,1,1,0,-1.73,-1.73,0.0,0.0,0.0,1.0,0.0,1,0.14285714285714285,-1.31,-0.19,7,2,0.6666666666666666,0.96,0.32,3,401856636,2026,1
239,Baylor Bears,5,0.5,4,0.6666666666666666,1,0.3333333333333333,,,2,0.6666666666666666,3,0.42857142857142855,7,0.5714285714285714,0.42857142857142855,-2.82,-0.4,1,0.14285714285714285,4,-0.83,-0.21,2,0.5,3,-1.99,-0.66,1,0.3333333333333333,,,,,,,,,,,,,,,,,,2,2,0,3,2,0,3.94,1.31,0.6666666666666666,0.6666666666666666,0.0,0.6666666666666666,0.0,2,0.3333333333333333,-5.08,-0.85,6,3,0.75,6.2,1.55,4,401856636,2026,1
103,Boston College Eagles,1,0.25,,,1,0.25,,,0,0.0,1,0.3333333333333333,3,0.0,1.0,0.31,0.1,1,0.3333333333333333,,,,,,3,0.31,0.1,1,0.3333333333333333,,,,,,,,,,,,,,,,,,0,0,0,1,0,1,-2.06,-2.06,0.0,0.0,0.0,0.0,1.0,1,0.5,0.73,0.37,2,0,0.0,-2.49,-1.24,2,401856777,2026,1
2132,Cincinnati Bearcats,2,0.2857142857142857,0,0.0,2,0.3333333333333333,,,0,0.0,2,0.3333333333333333,6,0.0,1.0,1.21,0.2,2,0.3333333333333333,,,,,,6,1.21,0.2,2,0.3333333333333333,,,,,,,,,,,,,,,,,,0,0,0,1,1,0,-1.68,-1.68,0.0,0.0,0.0,1.0,0.0,0,0.0,-1.61,-0.54,3,2,0.5,1.14,0.29,4,401856777,2026,1
119,Towson Tigers,2,0.25,1,0.25,1,0.25,,,0,0.0,2,0.3333333333333333,6,0.3333333333333333,0.6666666666666666,-2.02,-0.34,1,0.16666666666666666,2,-0.32,-0.16,1,0.5,4,-1.71,-0.43,1,0.25,,,,,,,,,,,,,,,,,,0,0,0,2,2,0,-2.91,-1.45,0.0,0.0,0.0,1.0,0.0,2,0.5,-0.31,-0.08,4,0,0.0,-4.62,-1.16,4,401862696,2026,1
2426,Navy Midshipmen,9,0.6428571428571429,1,0.5,8,0.6666666666666666,,,2,1.0,7,0.5833333333333334,12,0.16666666666666666,0.8333333333333334,2.81,0.23,3,0.25,2,-0.28,-0.14,1,0.5,10,3.09,0.31,6,0.6,,,,,,,,,,,,,,,,,,2,0,2,2,0,2,5.58,2.79,1.0,0.0,1.0,0.0,1.0,7,0.7,4.87,0.49,10,2,0.5,3.52,0.88,4,401862696,2026,1
292,UT Rio Grande Valley Vaqueros,6,0.46153846153846156,4,0.4444444444444444,2,0.5,0,0.0,2,0.5,4,0.4444444444444444,9,0.7777777777777778,0.2222222222222222,-1.2,-0.13,1,0.1111111111111111,7,0.18,0.03,4,0.5714285714285714,2,-1.38,-0.69,0,0.0,,,,,,,,,,,,,,,,,,2,0,2,4,2,2,-0.77,-0.19,0.5,0.0,0.5,0.5,0.5,6,0.5454545454545454,-0.09,-0.01,11,0,0.0,-1.88,-0.94,2,401862700,2026,1
2636,UTSA Roadrunners,6,0.75,3,0.6,3,1.0,,,2,1.0,4,0.6666666666666666,6,0.8333333333333334,0.16666666666666666,3.55,0.59,0,0.0,5,3.45,0.69,3,0.6,1,0.1,0.1,1,1.0,,,,,,,,,,,,,,,,,,2,0,2,2,0,2,1.83,0.92,1.0,0.0,1.0,0.0,1.0,6,0.75,5.38,0.67,8,,,,,,401862700,2026,1
2449,North Dakota State Bison,12,0.5714285714285714,4,0.5714285714285714,8,0.5714285714285714,4,0.5,3,0.5,7,0.5384615384615384,13,0.38461538461538464,0.6153846153846154,1.22,0.09,3,0.23076923076923078,5,2.23,0.45,3,0.6,8,-1.0,-0.13,4,0.5,,,,,,,,,,,,,,,,,,5,1,4,8,2,6,5.55,0.69,0.625,0.125,0.5,0.25,0.75,10,0.625,5.79,0.36,16,2,0.4,0.98,0.2,5,401864499,2026,1
2230,Fordham Rams,1,0.16666666666666666,1,0.25,0,0.0,,,1,0.5,0,0.0,4,0.5,0.5,-1.83,-0.46,0,0.0,2,-0.94,-0.47,0,0.0,2,-0.89,-0.45,0,0.0,,,,,,,,,,,,,,,,,,1,1,0,2,2,0,-0.22,-0.11,0.5,0.5,0.0,1.0,0.0,0,0.0,-1.24,-0.62,2,1,0.25,-0.81,-0.2,4,401864499,2026,1
2026,App State Mountaineers,8,0.5333333333333333,2,0.5,6,0.5454545454545454,2,0.4,0,0.0,7,0.5384615384615384,13,0.3076923076923077,0.6923076923076923,4.51,0.35,5,0.38461538461538464,4,-0.03,-0.01,2,0.5,9,4.53,0.5,5,0.5555555555555556,,,,,,,,,,,,,,,,,,1,0,1,2,0,2,1.39,0.69,0.5,0.0,0.5,0.0,1.0,6,0.5454545454545454,2.19,0.2,11,2,0.5,3.71,0.93,4,401866627,2026,1
311,Maine Black Bears,0,0.0,0,0.0,0,0.0,,,0,0.0,0,0.0,4,0.5,0.5,-2.92,-0.73,0,0.0,2,-1.18,-0.59,0,0.0,2,-1.73,-0.87,0,0.0,,,,,,,,,,,,,,,,,,0,0,0,2,2,0,-2.09,-1.05,0.0,0.0,0.0,1.0,0.0,0,0.0,-2.09,-0.7,3,0,0.0,-2.92,-0.97,3,401866627,2026,1
202,Tulsa Golden Hurricane,0,0.0,,,0,0.0,,,0,0.0,0,0.0,2,0.0,1.0,-1.4,-0.7,0,0.0,,,,,,2,-1.4,-0.7,0,0.0,,,,,,,,,,,,,,,,,,0,0,0,1,0,1,-0.09,-0.09,0.0,0.0,0.0,0.0,1.0,0,0.0,-0.6,-0.6,1,0,0.0,-0.89,-0.44,2,401856772,2026,1
197,Oklahoma State Cowboys,4,0.8,2,0.6666666666666666,2,1.0,,,1,1.0,3,0.75,4,0.75,0.25,1.17,0.29,1,0.25,3,0.89,0.3,2,0.6666666666666666,1,0.28,0.28,1,1.0,,,,,,,,,,,,,,,,,,1,0,1,1,0,1,1.05,1.05,1.0,0.0,1.0,0.0,1.0,3,0.75,1.36,0.34,4,1,1.0,0.86,0.86,1,401856772,2026,1
2453,North Alabama Lions,11,0.2558139534883721,6,0.24,5,0.2777777777777778,4,0.6666666666666666,2,0.2,9,0.2727272727272727,33,0.5757575757575758,0.42424242424242425,-4.11,-0.12,3,0.09090909090909091,19,-0.67,-0.04,5,0.2631578947368421,14,-3.44,-0.25,4,0.2857142857142857,10,0.7,0.3,-3.29,-0.33,3,0.3,7,-3.09,-0.44,2,0.2857142857142857,3,-0.2,-0.07,1,0.3333333333333333,2,1,1,10,6,4,-8.99,-0.9,0.2,0.1,0.1,0.6,0.4,9,0.36,-4.03,-0.16,25,2,0.1111111111111111,-9.07,-0.5,18,401856635,2026,1
8,Arkansas Razorbacks,43,0.524390243902439,24,0.631578947368421,19,0.4418604651162791,7,0.3888888888888889,11,0.6470588235294118,31,0.49206349206349204,63,0.4603174603174603,0.5238095238095238,-11.64,-0.18,14,0.2222222222222222,29,2.57,0.09,19,0.6551724137931034,33,-9.28,-0.28,12,0.36363636363636365,12,0.5833333333333334,0.4166666666666667,-2.72,-0.23,6,0.5,7,-4.74,-0.68,3,0.42857142857142855,5,2.02,0.4,3,0.6,12,5,7,19,9,10,6.71,0.35,0.631578947368421,0.2631578947368421,0.3684210526315789,0.47368421052631576,0.5263157894736842,31,0.5254237288135594,-9.69,-0.16,59,12,0.5217391304347826,4.75,0.21,23,401856635,2026,1
2572,Southern Miss Golden Eagles,48,0.5714285714285714,11,0.4074074074074074,36,0.6428571428571429,13,0.65,4,0.3333333333333333,42,0.6,70,0.3,0.7,23.34,0.33,20,0.2857142857142857,21,10.4,0.5,10,0.47619047619047616,49,12.95,0.26,32,0.6530612244897959,19,0.21052631578947367,0.7894736842105263,8.47,0.45,11,0.5789473684210527,4,1.5,0.38,2,0.5,15,6.97,0.46,9,0.6,6,1,4,14,6,7,-3.64,-0.26,0.42857142857142855,0.07142857142857142,0.2857142857142857,0.42857142857142855,0.5,38,0.5428571428571428,11.26,0.16,70,10,0.7142857142857143,8.44,0.6,14,401868356,2026,1
2016,Alcorn State Braves,14,0.2413793103448276,7,0.2916666666666667,7,0.21212121212121213,0,0.0,6,0.42857142857142855,8,0.18181818181818182,44,0.2727272727272727,0.7045454545454546,-16.4,-0.37,6,0.13636363636363635,12,-5.46,-0.46,2,0.16666666666666666,31,-8.25,-0.27,6,0.1935483870967742,,,,,,,,,,,,,,,,,,6,5,1,14,12,2,-0.82,-0.06,0.42857142857142855,0.35714285714285715,0.07142857142857142,0.8571428571428571,0.14285714285714285,4,0.11428571428571428,-18.35,-0.52,35,10,0.43478260869565216,1.13,0.05,23,401868356,2026,1
2751,Wyoming Cowboys,21,0.5384615384615384,9,0.5,12,0.6,2,0.4,0,0.0,21,0.6363636363636364,33,0.36363636363636365,0.6060606060606061,12.11,0.37,12,0.36363636363636365,12,6.29,0.52,9,0.75,20,6.27,0.31,12,0.6,12,0.16666666666666666,0.75,2.96,0.25,7,0.5833333333333334,2,-1.59,-0.8,0,0.0,9,5.01,0.56,7,0.7777777777777778,0,0,0,6,6,0,-10.56,-1.76,0.0,0.0,0.0,1.0,0.0,18,0.5806451612903226,0.97,0.03,31,3,0.375,0.58,0.07,8,401860878,2026,1
36,Colorado State Rams,19,0.5277777777777778,14,0.5833333333333334,5,0.4166666666666667,5,0.8333333333333334,4,0.4444444444444444,14,0.5384615384615384,26,0.5769230769230769,0.4230769230769231,5.24,0.2,3,0.11538461538461539,15,5.09,0.34,10,0.6666666666666666,11,0.15,0.01,4,0.36363636363636365,13,0.6923076923076923,0.3076923076923077,5.83,0.45,8,0.6153846153846154,9,2.06,0.23,5,0.5555555555555556,4,3.77,0.94,3,0.75,5,4,1,10,9,1,-1.37,-0.14,0.5,0.4,0.1,0.9,0.1,12,0.48,0.36,0.01,25,7,0.6363636363636364,3.51,0.32,11,401860878,2026,1
295,Old Dominion Monarchs,18,0.45,7,0.4666666666666667,11,0.44,3,0.25,4,0.5714285714285714,14,0.4375,32,0.3125,0.6875,-2.21,-0.07,8,0.25,10,-4.46,-0.45,4,0.4,22,2.25,0.1,10,0.45454545454545453,7,0.2857142857142857,0.7142857142857143,-8.11,-1.16,2,0.2857142857142857,2,-6.29,-3.14,0,0.0,5,-1.82,-0.36,2,0.4,4,3,1,8,5,3,4.35,0.54,0.5,0.375,0.125,0.625,0.375,11,0.3793103448275862,-12.65,-0.44,29,7,0.6363636363636364,14.78,1.34,11,401867973,2026,1
2450,Norfolk State Spartans,11,0.2619047619047619,5,0.35714285714285715,6,0.2222222222222222,2,0.5,3,0.2727272727272727,8,0.26666666666666666,30,0.3,0.7,-2.98,-0.1,4,0.13333333333333333,9,1.57,0.17,4,0.4444444444444444,21,-4.55,-0.22,4,0.19047619047619047,14,0.35714285714285715,0.6428571428571429,-0.4,-0.03,5,0.35714285714285715,5,-0.09,-0.02,2,0.4,9,-0.32,-0.04,3,0.3333333333333333,3,1,2,12,5,6,-6.21,-0.52,0.25,0.08333333333333333,0.16666666666666666,0.4166666666666667,0.5,7,0.25925925925925924,-8.68,-0.32,27,4,0.26666666666666666,-0.52,-0.03,15,401867973,2026,1
238,Vanderbilt Commodores,20,0.6060606060606061,9,0.75,10,0.5,3,0.75,2,0.4,17,0.6296296296296297,27,0.4074074074074074,0.5555555555555556,11.56,0.43,10,0.37037037037037035,11,10.09,0.92,9,0.8181818181818182,15,1.44,0.1,7,0.4666666666666667,1,1.0,0.0,0.81,0.81,1,1.0,1,0.81,0.81,1,1.0,,,,,,3,0,3,6,1,5,2.05,0.34,0.5,0.0,0.5,0.16666666666666666,0.8333333333333334,17,0.6296296296296297,9.66,0.36,27,3,0.5,3.96,0.66,6,401856669,2026,1
2046,Austin Peay Governors,12,0.5454545454545454,8,0.5714285714285714,4,0.5714285714285714,0,0.0,1,0.25,10,0.625,16,0.6875,0.3125,5.52,0.35,4,0.25,11,3.14,0.29,7,0.6363636363636364,5,2.39,0.48,3,0.6,6,0.5,0.5,0.31,0.05,3,0.5,3,0.71,0.24,2,0.6666666666666666,3,-0.39,-0.13,1,0.3333333333333333,2,1,1,5,3,2,0.33,0.07,0.4,0.2,0.2,0.6,0.4,9,0.6428571428571429,5.53,0.39,14,3,0.42857142857142855,0.33,0.05,7,401856669,2026,1
2306,Kansas State Wildcats,19,0.5588235294117647,8,0.5714285714285714,11,0.5789473684210527,2,0.5,4,0.8,15,0.5172413793103449,29,0.3793103448275862,0.5862068965517241,5.75,0.2,8,0.27586206896551724,11,5.7,0.52,6,0.5454545454545454,17,3.95,0.23,9,0.5294117647058824,,,,,,,,,,,,,,,,,,4,2,2,5,3,2,4.04,0.81,0.8,0.4,0.4,0.6,0.4,14,0.56,7.27,0.29,25,5,0.5555555555555556,2.52,0.28,9,401856771,2026,1
2447,Nicholls Colonels,5,0.2,3,0.21428571428571427,1,0.1,0,0.0,0,0.0,4,0.23529411764705882,17,0.5294117647058824,0.4117647058823529,-7.22,-0.42,2,0.11764705882352941,9,-5.27,-0.59,2,0.2222222222222222,7,-3.71,-0.53,1,0.14285714285714285,,,,,,,,,,,,,,,,,,1,1,0,8,5,3,-3.67,-0.46,0.125,0.125,0.0,0.625,0.375,3,0.23076923076923078,-5.41,-0.42,13,2,0.16666666666666666,-5.48,-0.46,12,401856771,2026,1
304,Idaho State Bengals,17,0.4857142857142857,10,0.45454545454545453,7,0.5384615384615384,2,0.16666666666666666,4,0.5714285714285714,12,0.4444444444444444,27,0.6296296296296297,0.37037037037037035,-3.71,-0.14,6,0.2222222222222222,17,-4.17,-0.25,7,0.4117647058823529,10,0.46,0.05,5,0.5,,,,,,,,,,,,,,,,,,5,3,2,8,5,3,6.02,0.75,0.625,0.375,0.25,0.625,0.375,13,0.5,0.45,0.02,26,4,0.4444444444444444,1.86,0.21,9,401860880,2026,1
328,Utah State Aggies,7,0.3684210526315789,7,0.5,0,0.0,1,0.5,1,0.5,6,0.35294117647058826,17,0.7058823529411765,0.29411764705882354,-2.16,-0.13,5,0.29411764705882354,12,0.96,0.08,6,0.5,5,-3.13,-0.63,0,0.0,,,,,,,,,,,,,,,,,,1,1,0,2,2,0,0.47,0.23,0.5,0.5,0.0,1.0,0.0,3,0.2727272727272727,-1.08,-0.1,11,4,0.5,-0.62,-0.08,8,401860880,2026,1
235,Memphis Tigers,16,0.6153846153846154,4,0.5714285714285714,12,0.631578947368421,7,0.875,3,0.75,13,0.5909090909090909,22,0.2727272727272727,0.7272727272727273,1.24,0.06,5,0.22727272727272727,6,2.31,0.39,3,0.5,16,-1.08,-0.07,10,0.625,3,0.6666666666666666,0.3333333333333333,3.08,1.03,2,0.6666666666666666,2,3.57,1.79,2,1.0,1,-0.49,-0.49,0,0.0,3,1,2,4,1,3,5.54,1.39,0.75,0.25,0.5,0.25,0.75,14,0.6363636363636364,5.55,0.25,22,2,0.5,1.23,0.31,4,401862695,2026,1
2032,Arkansas State Red Wolves,15,0.5555555555555556,7,0.5833333333333334,8,0.5333333333333333,2,0.6666666666666666,2,0.4,13,0.5909090909090909,22,0.36363636363636365,0.6363636363636364,4.39,0.2,7,0.3181818181818182,8,8.33,1.04,6,0.75,14,-3.95,-0.28,7,0.5,1,1.0,0.0,6.05,6.05,1,1.0,1,6.05,6.05,1,1.0,,,,,,2,1,1,5,4,1,-1.39,-0.28,0.4,0.2,0.2,0.8,0.2,10,0.5555555555555556,4.64,0.26,18,5,0.5555555555555556,-1.64,-0.18,9,401862695,2026,1
242,Rice Owls,21,0.6363636363636364,1,0.25,19,0.6785714285714286,4,0.5714285714285714,6,0.75,14,0.6086956521739131,23,0.08695652173913043,0.8695652173913043,1.49,0.06,5,0.21739130434782608,2,-1.04,-0.52,0,0.0,20,1.44,0.07,13,0.65,,,,,,,,,,,,,,,,,,7,1,6,10,2,8,7.05,0.7,0.7,0.1,0.6,0.2,0.8,17,0.7083333333333334,8.95,0.37,24,4,0.4444444444444444,-0.41,-0.05,9,401862697,2026,1
2277,Houston Christian Huskies,4,0.25,1,0.1,3,0.5,,,1,0.25,3,0.2727272727272727,11,0.6363636363636364,0.36363636363636365,-2.94,-0.27,2,0.18181818181818182,7,-3.66,-0.52,1,0.14285714285714285,4,0.72,0.18,2,0.5,,,,,,,,,,,,,,,,,,1,0,1,5,3,2,-3.93,-0.79,0.2,0.0,0.2,0.6,0.4,3,0.3333333333333333,-2.83,-0.31,9,1,0.14285714285714285,-4.04,-0.58,7,401862697,2026,1
2229,Florida International Panthers,12,0.36363636363636365,9,0.45,3,0.23076923076923078,,,3,0.5,9,0.36,25,0.6,0.4,-0.32,-0.01,6,0.24,15,2.9,0.19,7,0.4666666666666667,10,-3.21,-0.32,2,0.2,9,0.6666666666666666,0.3333333333333333,2.01,0.22,4,0.4444444444444444,6,2.48,0.41,3,0.5,3,-0.47,-0.16,1,0.3333333333333333,3,2,1,8,5,3,-5.24,-0.66,0.375,0.25,0.125,0.625,0.375,8,0.38095238095238093,-2.71,-0.13,21,4,0.3333333333333333,-2.85,-0.24,12,401862699,2026,1
58,South Florida Bulls,13,0.48148148148148145,5,0.5,8,0.47058823529411764,,,2,0.3333333333333333,11,0.5238095238095238,21,0.23809523809523808,0.7619047619047619,-1.91,-0.09,5,0.23809523809523808,5,1.25,0.25,3,0.6,16,-3.16,-0.2,8,0.5,,,,,,,,,,,,,,,,,,2,2,0,6,5,1,-2.38,-0.4,0.3333333333333333,0.3333333333333333,0.0,0.8333333333333334,0.16666666666666666,11,0.5789473684210527,-2.72,-0.14,19,2,0.25,-1.57,-0.2,8,401862699,2026,1
2198,Eastern Kentucky Colonels,7,0.3333333333333333,3,0.375,4,0.3333333333333333,,,2,0.4,5,0.3125,16,0.25,0.6875,-10.87,-0.68,3,0.1875,4,-8.24,-2.06,1,0.25,11,-0.52,-0.05,4,0.36363636363636365,,,,,,,,,,,,,,,,,,2,2,0,5,4,1,0.72,0.14,0.4,0.4,0.0,0.8,0.2,5,0.38461538461538464,-10.19,-0.78,13,2,0.25,0.04,0.0,8,401868140,2026,1
55,Jacksonville State Gamecocks,13,0.5652173913043478,8,0.5714285714285714,5,0.5555555555555556,1,1.0,2,0.5,10,0.5555555555555556,18,0.5555555555555556,0.4444444444444444,13.43,0.75,4,0.2222222222222222,10,7.17,0.72,6,0.6,8,6.26,0.78,4,0.5,,,,,,,,,,,,,,,,,,3,2,1,5,4,1,2.05,0.41,0.6,0.4,0.2,0.8,0.2,11,0.6875,17.54,1.1,16,2,0.2857142857142857,-2.06,-0.29,7,401868140,2026,1
2127,Charleston Southern Buccaneers,3,0.1875,0,0.0,3,0.3,,,1,0.2,2,0.18181818181818182,11,0.2727272727272727,0.7272727272727273,-4.94,-0.45,0,0.0,3,-2.28,-0.76,0,0.0,8,-2.65,-0.33,2,0.25,,,,,,,,,,,,,,,,,,1,0,1,5,3,2,-3.36,-0.67,0.2,0.0,0.2,0.6,0.4,3,0.375,-0.81,-0.1,8,0,0.0,-7.48,-0.94,8,401868170,2026,1
290,Georgia Southern Eagles,20,0.5263157894736842,12,0.5,8,0.5714285714285714,5,0.5,3,0.5,16,0.5333333333333333,30,0.7,0.3,8.92,0.3,9,0.3,21,6.12,0.29,10,0.47619047619047616,9,2.8,0.31,6,0.6666666666666666,,,,,,,,,,,,,,,,,,4,2,2,8,3,5,1.58,0.2,0.5,0.25,0.25,0.375,0.625,17,0.5862068965517241,9.54,0.33,29,3,0.3333333333333333,0.96,0.11,9,401868170,2026,1
2545,SE Louisiana Lions,8,0.38095238095238093,5,0.35714285714285715,3,0.42857142857142855,1,0.5,1,0.25,7,0.4117647058823529,17,0.6470588235294118,0.35294117647058826,-2.13,-0.13,3,0.17647058823529413,11,0.05,0.0,5,0.45454545454545453,6,-2.19,-0.36,2,0.3333333333333333,2,0.0,1.0,-0.25,-0.12,1,0.5,,,,,,2,-0.25,-0.12,1,0.5,1,0,1,4,3,1,-4.1,-1.03,0.25,0.0,0.25,0.75,0.25,4,0.3333333333333333,-4.9,-0.41,12,4,0.4444444444444444,-1.33,-0.15,9,401868316,2026,1
6,South Alabama Jaguars,15,0.39473684210526316,6,0.35294117647058826,9,0.45,3,0.5,3,0.42857142857142855,12,0.41379310344827586,29,0.3448275862068966,0.6206896551724138,-1.45,-0.05,7,0.2413793103448276,10,-1.44,-0.14,3,0.3,18,1.17,0.07,9,0.5,,,,,,,,,,,,,,,,,,3,3,0,9,7,2,-2.38,-0.26,0.3333333333333333,0.3333333333333333,0.0,0.7777777777777778,0.2222222222222222,10,0.38461538461538464,-5.17,-0.2,26,5,0.4166666666666667,1.34,0.11,12,401868316,2026,1
2653,Troy Trojans,13,0.40625,5,0.35714285714285715,8,0.4444444444444444,1,0.5,3,0.5,10,0.38461538461538464,26,0.4230769230769231,0.5769230769230769,6.29,0.24,5,0.19230769230769232,11,5.47,0.5,4,0.36363636363636365,15,0.83,0.06,6,0.4,1,0.0,1.0,1.68,1.68,1,1.0,,,,,,1,1.68,1.68,1,1.0,3,1,2,6,3,3,1.95,0.33,0.5,0.16666666666666666,0.3333333333333333,0.5,0.5,6,0.35294117647058826,-3.22,-0.19,17,7,0.4666666666666667,11.47,0.76,15,401870763,2026,1
2534,Sam Houston Bearkats,15,0.5555555555555556,10,0.5263157894736842,5,0.625,3,0.6,2,0.4,13,0.5909090909090909,22,0.7272727272727273,0.2727272727272727,8.14,0.37,6,0.2727272727272727,16,6.96,0.44,9,0.5625,6,1.17,0.2,4,0.6666666666666666,,,,,,,,,,,,,,,,,,2,1,1,5,3,2,-1.65,-0.33,0.4,0.2,0.2,0.6,0.4,13,0.65,6.85,0.34,20,2,0.2857142857142857,-0.37,-0.05,7,401870763,2026,1
2433,UL Monroe Warhawks,9,0.45,4,0.4,5,0.5,,,2,0.4,7,0.5,14,0.42857142857142855,0.5714285714285714,-1.56,-0.11,2,0.14285714285714285,6,-3.72,-0.62,2,0.3333333333333333,8,2.16,0.27,5,0.625,,,,,,,,,,,,,,,,,,2,2,0,6,4,2,-0.75,-0.13,0.3333333333333333,0.3333333333333333,0.0,0.6666666666666666,0.3333333333333333,7,0.4375,-4.72,-0.3,16,2,0.5,2.41,0.6,4,401856662,2026,1
344,Mississippi State Bulldogs,12,0.6,8,0.6666666666666666,4,0.5,2,0.6666666666666666,3,1.0,9,0.5294117647058824,17,0.5882352941176471,0.4117647058823529,5.44,0.32,5,0.29411764705882354,10,5.26,0.53,6,0.6,7,0.18,0.03,3,0.42857142857142855,,,,,,,,,,,,,,,,,,3,2,1,3,2,1,8.11,2.7,1.0,0.6666666666666666,0.3333333333333333,0.6666666666666666,0.3333333333333333,9,0.6428571428571429,8.4,0.6,14,3,0.5,5.15,0.86,6,401856662,2026,1
2678,VMI Keydets,1,0.09090909090909091,0,0.0,1,0.125,,,0,0.0,1,0.125,8,0.125,0.875,-5.99,-0.75,0,0.0,1,-1.29,-1.29,0,0.0,7,-4.7,-0.67,1,0.14285714285714285,,,,,,,,,,,,,,,,,,0,0,0,3,2,1,-3.24,-1.08,0.0,0.0,0.0,0.6666666666666666,0.3333333333333333,1,0.16666666666666666,-3.85,-0.64,6,0,0.0,-5.38,-1.08,5,401858211,2026,1
259,Virginia Tech Hokies,17,0.8095238095238095,8,0.8,9,0.8181818181818182,3,1.0,1,0.5,15,0.8333333333333334,18,0.5555555555555556,0.4444444444444444,13.17,0.73,6,0.3333333333333333,10,2.53,0.25,8,0.8,8,10.64,1.33,7,0.875,,,,,,,,,,,,,,,,,,2,0,2,3,0,3,1.63,0.54,0.6666666666666666,0.0,0.6666666666666666,0.0,1.0,16,0.8,14.61,0.73,20,1,1.0,0.19,0.19,1,401858211,2026,1
2348,Louisiana Tech Bulldogs,12,0.6666666666666666,7,0.7,5,0.625,1,0.5,1,0.5,10,0.6666666666666666,15,0.5333333333333333,0.4666666666666667,16.66,1.11,3,0.2,8,13.88,1.73,6,0.75,7,2.78,0.4,4,0.5714285714285714,,,,,,,,,,,,,,,,,,2,1,1,3,2,1,1.83,0.61,0.6666666666666666,0.3333333333333333,0.3333333333333333,0.6666666666666666,0.3333333333333333,7,0.5833333333333334,10.69,0.89,12,5,0.8333333333333334,7.8,1.3,6,401869129,2026,1
2466,Northwestern State Demons,4,0.23529411764705882,3,0.42857142857142855,1,0.1,0,0.0,2,0.4,2,0.16666666666666666,12,0.3333333333333333,0.6666666666666666,-10.64,-0.89,1,0.08333333333333333,4,-5.78,-1.45,1,0.25,8,-4.86,-0.61,1,0.125,,,,,,,,,,,,,,,,,,2,2,0,5,3,2,2.28,0.46,0.4,0.4,0.0,0.6,0.4,1,0.1111111111111111,-9.01,-1.0,9,3,0.375,0.64,0.08,8,401869129,2026,1
2226,Florida Atlantic Owls,4,0.2857142857142857,4,0.3333333333333333,0,0.0,,,2,0.5,2,0.2,10,0.9,0.1,-3.35,-0.34,1,0.1,9,-2.71,-0.3,2,0.2222222222222222,1,-0.65,-0.65,0,0.0,,,,,,,,,,,,,,,,,,2,2,0,4,3,1,1.28,0.32,0.5,0.5,0.0,0.75,0.25,3,0.375,-0.28,-0.03,8,1,0.16666666666666666,-1.79,-0.3,6,401856637,2026,1
57,Florida Gators,6,0.8571428571428571,3,1.0,3,0.75,,,,,6,0.8571428571428571,7,0.42857142857142855,0.5714285714285714,7.07,1.01,3,0.42857142857142855,3,7.22,2.41,3,1.0,4,-0.15,-0.04,3,0.75,,,,,,,,,,,,,,,,,,,,,,,,,,,,,,,5,0.8333333333333334,4.78,0.8,6,1,1.0,2.29,2.29,1,401856637,2026,1
93,Murray State Racers,0,0.0,0,0.0,0,0.0,,,0,0.0,0,0.0,4,0.0,1.0,-2.71,-0.68,0,0.0,,,,,,4,-2.71,-0.68,0,0.0,,,,,,,,,,,,,,,,,,0,0,0,2,1,1,-2.28,-1.14,0.0,0.0,0.0,0.5,0.5,0,0.0,-1.03,-0.52,2,0,0.0,-3.95,-0.99,4,401867866,2026,1
2393,Middle Tennessee Blue Raiders,8,0.6153846153846154,4,0.5,4,0.8,1,1.0,1,0.5,7,0.6363636363636364,11,0.5454545454545454,0.45454545454545453,5.05,0.46,4,0.36363636363636365,6,0.5,0.08,3,0.5,5,4.55,0.91,4,0.8,,,,,,,,,,,,,,,,,,1,1,0,2,2,0,1.33,0.67,0.5,0.5,0.0,1.0,0.0,5,0.625,3.26,0.41,8,3,0.6,3.12,0.62,5,401867866,2026,1
120,Maryland Terrapins,1,0.25,0,0.0,1,0.5,,,0,0.0,1,0.3333333333333333,3,0.3333333333333333,0.6666666666666666,6.2,2.07,0,0.0,1,-0.68,-0.68,0,0.0,2,6.88,3.44,1,0.5,,,,,,,,,,,,,,,,,,0,0,0,1,1,0,-1.6,-1.6,0.0,0.0,0.0,1.0,0.0,1,0.5,6.41,3.2,2,0,0.0,-1.81,-0.9,2,401858427,2026,1
2261,Hampton Pirates,2,0.25,2,0.5,0,0.0,,,1,0.5,1,0.16666666666666666,6,0.3333333333333333,0.6666666666666666,-0.78,-0.13,1,0.16666666666666666,2,2.23,1.11,1,0.5,4,-3.0,-0.75,0,0.0,,,,,,,,,,,,,,,,,,1,1,0,2,2,0,0.17,0.09,0.5,0.5,0.0,1.0,0.0,0,0.0,-2.59,-0.86,3,2,0.4,1.99,0.4,5,401858427,2026,1
77,Northwestern Wildcats,4,1.0,3,1.0,1,1.0,1,1.0,,,4,1.0,4,0.75,0.25,7.16,1.79,2,0.5,3,6.54,2.18,3,1.0,1,0.62,0.62,1,1.0,,,,,,,,,,,,,,,,,,,,,,,,,,,,,,,4,1.0,7.16,1.79,4,,,,,,401858431,2026,1
2571,South Dakota State Jackrabbits,3,0.3333333333333333,2,0.3333333333333333,1,0.3333333333333333,,,1,0.3333333333333333,2,0.3333333333333333,6,0.6666666666666666,0.3333333333333333,-1.33,-0.22,0,0.0,4,-1.69,-0.42,1,0.25,2,0.36,0.18,1,0.5,,,,,,,,,,,,,,,,,,1,1,0,3,2,1,-1.5,-0.5,0.3333333333333333,0.3333333333333333,0.0,0.6666666666666666,0.3333333333333333,3,0.375,-0.82,-0.1,8,0,0.0,-2.0,-2.0,1,401858431,2026,1
309,Louisiana Ragin' Cajuns,5,0.5,1,0.3333333333333333,4,0.5714285714285714,2,0.6666666666666666,1,1.0,4,0.4444444444444444,9,0.3333333333333333,0.6666666666666666,5.28,0.59,3,0.3333333333333333,3,1.19,0.4,1,0.3333333333333333,6,4.09,0.68,3,0.5,,,,,,,,,,,,,,,,,,1,0,1,1,0,1,1.41,1.41,1.0,0.0,1.0,0.0,1.0,1,0.2,-1.52,-0.3,5,4,0.8,8.21,1.64,5,401869142,2026,1
2320,Lamar Cardinals,3,0.6,2,0.6666666666666666,1,0.5,,,0,0.0,3,0.75,4,0.75,0.25,1.28,0.32,2,0.5,3,0.76,0.25,2,0.6666666666666666,1,0.52,0.52,1,1.0,,,,,,,,,,,,,,,,,,0,0,0,1,0,1,-2.12,-2.12,0.0,0.0,0.0,0.0,1.0,3,0.6,-0.84,-0.17,5,,,,,,401869142,2026,1
166,New Mexico State Aggies,33,0.532258064516129,13,0.5416666666666666,20,0.5263157894736842,4,0.5714285714285714,7,0.5384615384615384,25,0.5319148936170213,47,0.3829787234042553,0.6170212765957447,25.03,0.53,10,0.2127659574468085,18,16.29,0.91,11,0.6111111111111112,29,8.74,0.3,14,0.4827586206896552,14,0.5,0.5,-2.33,-0.17,7,0.5,7,-0.8,-0.11,3,0.42857142857142855,7,-1.53,-0.22,4,0.5714285714285714,8,2,6,15,6,9,1.25,0.08,0.5333333333333333,0.13333333333333333,0.4,0.4,0.6,27,0.5510204081632653,17.89,0.37,49,6,0.46153846153846156,8.39,0.65,13,401870790,2026,1
2385,Mercyhurst Lakers,19,0.3275862068965517,12,0.36363636363636365,7,0.2916666666666667,4,0.5714285714285714,5,0.38461538461538464,14,0.3181818181818182,44,0.5,0.4772727272727273,-11.3,-0.26,8,0.18181818181818182,22,-8.19,-0.37,7,0.3181818181818182,21,-3.09,-0.15,7,0.3333333333333333,9,0.4444444444444444,0.5555555555555556,-6.35,-0.71,1,0.1111111111111111,4,-4.52,-1.13,0,0.0,5,-1.83,-0.37,1,0.2,5,5,0,14,11,3,-2.82,-0.2,0.35714285714285715,0.35714285714285715,0.0,0.7857142857142857,0.21428571428571427,12,0.35294117647058826,-8.8,-0.26,34,7,0.2916666666666667,-5.31,-0.22,24,401870790,2026,1
12,Arizona Wildcats,46,0.6388888888888888,24,0.6153846153846154,22,0.7096774193548387,6,0.6666666666666666,9,0.75,35,0.603448275862069,58,0.5344827586206896,0.4482758620689655,-11.79,-0.2,16,0.27586206896551724,31,-11.19,-0.36,18,0.5806451612903226,26,6.27,0.24,17,0.6538461538461539,9,0.5555555555555556,0.4444444444444444,-0.1,-0.01,5,0.5555555555555556,5,-2.68,-0.54,2,0.4,4,2.58,0.64,3,0.75,11,6,5,14,8,5,11.54,0.82,0.7857142857142857,0.42857142857142855,0.35714285714285715,0.5714285714285714,0.35714285714285715,37,0.6607142857142857,3.42,0.06,56,9,0.5625,-3.67,-0.23,16,401856773,2026,1
2464,Northern Arizona Lumberjacks,10,0.19230769230769232,9,0.25,1,0.06666666666666667,0,0.0,4,0.2857142857142857,6,0.17142857142857143,35,0.6,0.37142857142857144,-17.13,-0.49,4,0.11428571428571428,21,-8.36,-0.4,5,0.23809523809523808,13,-8.05,-0.62,1,0.07692307692307693,13,0.8461538461538461,0.15384615384615385,-1.06,-0.08,3,0.23076923076923078,11,-0.77,-0.07,3,0.2727272727272727,2,-0.29,-0.15,0,0.0,4,4,0,17,15,2,-5.71,-0.34,0.23529411764705882,0.23529411764705882,0.0,0.8823529411764706,0.11764705882352941,3,0.12,-21.85,-0.87,25,7,0.25925925925925924,-0.99,-0.04,27,401856773,2026,1
2502,Portland State Vikings,38,0.475,23,0.4423076923076923,15,0.5555555555555556,8,0.5,8,0.42105263157894735,27,0.48214285714285715,56,0.5892857142857143,0.39285714285714285,-1.13,-0.02,9,0.16071428571428573,33,1.02,0.03,15,0.45454545454545453,22,0.5,0.02,12,0.5454545454545454,13,0.7692307692307693,0.23076923076923078,4.21,0.32,8,0.6153846153846154,10,3.14,0.31,5,0.5,3,1.08,0.36,3,1.0,11,8,3,24,19,5,-0.99,-0.04,0.4583333333333333,0.3333333333333333,0.125,0.7916666666666666,0.20833333333333334,27,0.47368421052631576,-4.77,-0.08,57,11,0.4782608695652174,2.66,0.12,23,401860879,2026,1
21,San Diego State Aztecs,31,0.5,12,0.5454545454545454,19,0.48717948717948717,9,0.45,6,0.5,24,0.5,48,0.3958333333333333,0.6041666666666666,13.05,0.27,10,0.20833333333333334,19,1.42,0.07,10,0.5263157894736842,29,11.63,0.4,14,0.4827586206896552,7,0.42857142857142855,0.5714285714285714,4.5,0.64,4,0.5714285714285714,3,-0.83,-0.28,1,0.3333333333333333,4,5.33,1.33,3,0.75,7,2,5,14,3,10,0.15,0.01,0.5,0.14285714285714285,0.35714285714285715,0.21428571428571427,0.7142857142857143,21,0.4375,-5.69,-0.12,48,10,0.7142857142857143,18.89,1.35,14,401860879,2026,1
9,Arizona State Sun Devils,42,0.5915492957746479,22,0.5789473684210527,20,0.6060606060606061,8,0.5333333333333333,5,0.5,33,0.5892857142857143,56,0.5178571428571429,0.48214285714285715,21.86,0.39,15,0.26785714285714285,29,12.62,0.44,18,0.6206896551724138,27,9.24,0.34,15,0.5555555555555556,12,0.5833333333333334,0.4166666666666667,6.43,0.54,5,0.4166666666666667,7,5.64,0.81,3,0.42857142857142855,5,0.79,0.16,2,0.4,9,4,5,15,9,6,16.28,1.09,0.6,0.26666666666666666,0.3333333333333333,0.6,0.4,30,0.6,26.76,0.54,50,12,0.5714285714285714,11.37,0.54,21,401856774,2026,1
2415,Morgan State Bears,19,0.3877551020408163,8,0.3076923076923077,11,0.4782608695652174,1,1.0,4,0.3333333333333333,15,0.4166666666666667,36,0.4722222222222222,0.5277777777777778,1.67,0.05,7,0.19444444444444445,17,-1.99,-0.12,7,0.4117647058823529,19,3.67,0.19,8,0.42105263157894735,6,0.3333333333333333,0.6666666666666666,-1.57,-0.26,2,0.3333333333333333,2,-0.89,-0.45,1,0.5,4,-0.68,-0.17,1,0.25,4,1,3,13,9,4,-11.16,-0.86,0.3076923076923077,0.07692307692307693,0.23076923076923078,0.6923076923076923,0.3076923076923077,15,0.45454545454545453,-0.11,-0.0,33,4,0.25,-9.38,-0.59,16,401856774,2026,1
62,Hawai'i Rainbow Warriors,26,0.33766233766233766,12,0.25,14,0.5,1,0.08333333333333333,9,0.42857142857142855,16,0.2962962962962963,54,0.5555555555555556,0.42592592592592593,-14.08,-0.26,7,0.12962962962962962,30,-14.66,-0.49,5,0.16666666666666666,23,1.16,0.05,11,0.4782608695652174,12,0.6666666666666666,0.3333333333333333,2.28,0.19,4,0.3333333333333333,8,2.24,0.28,2,0.25,4,0.03,0.01,2,0.5,10,7,3,23,18,5,4.25,0.18,0.43478260869565216,0.30434782608695654,0.13043478260869565,0.782608695652174,0.21739130434782608,17,0.3695652173913043,-10.64,-0.23,46,9,0.2903225806451613,0.81,0.03,31,401864497,2026,1
2439,UNLV Rebels,26,0.43333333333333335,7,0.3684210526315789,19,0.4634146341463415,4,0.8,7,0.4666666666666667,19,0.4418604651162791,43,0.2558139534883721,0.7441860465116279,3.67,0.09,9,0.20930232558139536,11,4.68,0.43,6,0.5454545454545454,32,-1.01,-0.03,13,0.40625,12,0.16666666666666666,0.8333333333333334,-1.3,-0.11,6,0.5,2,1.05,0.52,1,0.5,10,-2.35,-0.23,5,0.5,7,1,6,17,8,9,-5.46,-0.32,0.4117647058823529,0.058823529411764705,0.35294117647058826,0.47058823529411764,0.5294117647058824,21,0.45652173913043476,-0.33,-0.01,46,5,0.35714285714285715,-1.45,-0.1,14,401864497,2026,1
167,New Mexico Lobos,36,0.5217391304347826,14,0.5185185185185185,21,0.5121951219512195,11,0.7333333333333333,7,0.5384615384615384,28,0.509090909090909,55,0.41818181818181815,0.5636363636363636,1.53,0.03,14,0.2545454545454545,23,-1.81,-0.08,13,0.5652173913043478,31,1.88,0.06,14,0.45161290322580644,9,0.2222222222222222,0.7777777777777778,1.95,0.22,6,0.6666666666666666,2,-1.6,-0.8,0,0.0,7,3.55,0.51,6,0.8571428571428571,8,1,7,14,4,10,6.63,0.47,0.5714285714285714,0.07142857142857142,0.5,0.2857142857142857,0.7142857142857143,29,0.5471698113207547,8.38,0.16,53,7,0.4375,-0.22,-0.01,16,401864498,2026,1
2117,Central Michigan Chippewas,16,0.3333333333333333,2,0.10526315789473684,14,0.4827586206896552,,,2,0.18181818181818182,12,0.35294117647058826,34,0.2647058823529412,0.7352941176470589,-7.15,-0.21,5,0.14705882352941177,9,-6.43,-0.71,0,0.0,25,-0.72,-0.03,12,0.48,11,0.45454545454545453,0.5454545454545454,-0.97,-0.09,5,0.45454545454545453,5,-3.08,-0.62,0,0.0,6,2.11,0.35,5,0.8333333333333334,4,2,2,14,10,4,-3.45,-0.25,0.2857142857142857,0.14285714285714285,0.14285714285714285,0.7142857142857143,0.2857142857142857,12,0.4,-2.35,-0.08,30,4,0.2222222222222222,-8.24,-0.46,18,401864498,2026,1
2400,Mississippi Valley State Delta Devils,10,0.19607843137254902,3,0.13043478260869565,7,0.25,,,2,0.125,8,0.23529411764705882,34,0.35294117647058826,0.6470588235294118,-10.73,-0.32,3,0.08823529411764706,12,-5.6,-0.47,2,0.16666666666666666,22,-5.13,-0.23,6,0.2727272727272727,10,0.2,0.8,-1.56,-0.16,4,0.4,2,0.47,0.24,1,0.5,8,-2.03,-0.25,3,0.375,2,1,1,17,11,6,-10.05,-0.59,0.11764705882352941,0.058823529411764705,0.058823529411764705,0.6470588235294118,0.35294117647058826,5,0.20833333333333334,-8.5,-0.35,24,5,0.18518518518518517,-12.28,-0.45,27,401866411,2026,1
16,Sacramento State Hornets,36,0.5217391304347826,14,0.4827586206896552,22,0.5641025641025641,7,0.5,7,0.5,28,0.5185185185185185,54,0.4074074074074074,0.5740740740740741,11.75,0.22,10,0.18518518518518517,22,5.82,0.26,11,0.5,31,8.97,0.29,17,0.5483870967741935,12,0.75,0.25,3.58,0.3,4,0.3333333333333333,9,3.05,0.34,3,0.3333333333333333,3,0.53,0.18,1,0.3333333333333333,8,3,5,15,7,8,2.58,0.17,0.5333333333333333,0.2,0.3333333333333333,0.4666666666666667,0.5333333333333333,31,0.5636363636363636,20.04,0.36,55,5,0.35714285714285715,-5.7,-0.41,14,401866411,2026,1
25,California Golden Bears,31,0.36046511627906974,16,0.3333333333333333,15,0.39473684210526316,3,0.5,10,0.5,21,0.3333333333333333,63,0.47619047619047616,0.5238095238095238,-13.05,-0.21,8,0.12698412698412698,30,-7.28,-0.24,9,0.3,33,-5.77,-0.17,12,0.36363636363636365,11,0.7272727272727273,0.2727272727272727,5.7,0.52,6,0.5454545454545454,8,7.64,0.96,6,0.75,3,-1.94,-0.65,0,0.0,10,7,3,23,18,5,2.25,0.1,0.43478260869565216,0.30434782608695654,0.13043478260869565,0.782608695652174,0.21739130434782608,22,0.4,-8.9,-0.16,55,9,0.2903225806451613,-1.9,-0.06,31,401858210,2026,1
26,UCLA Bruins,31,0.5961538461538461,11,0.4583333333333333,19,0.7037037037037037,5,0.8333333333333334,7,0.5833333333333334,24,0.6,40,0.4,0.6,14.36,0.36,7,0.175,16,-1.83,-0.11,8,0.5,24,16.19,0.67,16,0.6666666666666666,10,0.5,0.5,-0.76,-0.08,6,0.6,5,-3.26,-0.65,3,0.6,5,2.5,0.5,3,0.6,7,3,3,12,8,3,4.82,0.4,0.5833333333333334,0.25,0.25,0.6666666666666666,0.25,27,0.6585365853658537,22.34,0.54,41,4,0.36363636363636365,-3.16,-0.29,11,401858210,2026,1
98,Western Kentucky Hilltoppers,38,0.4578313253012048,20,0.46511627906976744,18,0.46153846153846156,4,0.6666666666666666,8,0.47058823529411764,29,0.453125,64,0.5,0.484375,0.35,0.01,14,0.21875,32,-3.88,-0.12,13,0.40625,31,5.53,0.18,16,0.5161290322580645,12,0.6666666666666666,0.3333333333333333,-0.86,-0.07,5,0.4166666666666667,8,3.25,0.41,5,0.625,4,-4.11,-1.03,0,0.0,9,7,2,19,11,8,0.46,0.02,0.47368421052631576,0.3684210526315789,0.10526315789473684,0.5789473684210527,0.42105263157894735,26,0.49056603773584906,-0.17,-0.0,53,12,0.4,0.97,0.03,30,401864432,2026,1
2440,Nevada Wolf Pack,30,0.5357142857142857,6,0.375,24,0.6,8,0.5714285714285714,6,0.6,22,0.5,44,0.2727272727272727,0.7272727272727273,13.46,0.31,9,0.20454545454545456,12,0.26,0.02,4,0.3333333333333333,32,13.2,0.41,18,0.5625,9,0.4444444444444444,0.5555555555555556,10.42,1.16,6,0.6666666666666666,4,7.47,1.87,3,0.75,5,2.95,0.59,3,0.6,8,2,6,12,4,8,7.76,0.65,0.6666666666666666,0.16666666666666666,0.5,0.3333333333333333,0.6666666666666666,24,0.5454545454545454,15.78,0.36,44,6,0.5,5.43,0.45,12,401864432,2026,1
87,Notre Dame Fighting Irish,30,0.4918032786885246,17,0.5666666666666667,13,0.43333333333333335,4,0.36363636363636365,3,0.3333333333333333,26,0.5098039215686274,51,0.47058823529411764,0.5098039215686274,13.11,0.26,15,0.29411764705882354,24,11.01,0.46,16,0.6666666666666666,26,2.89,0.11,10,0.38461538461538464,11,0.5454545454545454,0.36363636363636365,2.48,0.23,6,0.5454545454545454,6,2.51,0.42,4,0.6666666666666666,4,0.75,0.19,2,0.5,4,1,3,10,6,4,0.75,0.08,0.4,0.1,0.3,0.6,0.4,27,0.5869565217391305,19.35,0.42,46,3,0.2,-5.48,-0.37,15,401858438,2026,1
275,Wisconsin Badgers,27,0.4426229508196721,16,0.5,11,0.3793103448275862,0,0.0,5,0.38461538461538464,21,0.44680851063829785,47,0.48936170212765956,0.5106382978723404,-7.51,-0.16,8,0.1702127659574468,23,-1.21,-0.05,13,0.5652173913043478,24,-6.3,-0.26,8,0.3333333333333333,7,0.7142857142857143,0.2857142857142857,-2.26,-0.32,3,0.42857142857142855,5,-2.15,-0.43,2,0.4,2,-0.11,-0.05,1,0.5,6,3,3,14,9,5,1.5,0.11,0.42857142857142855,0.21428571428571427,0.21428571428571427,0.6428571428571429,0.35714285714285715,18,0.46153846153846156,0.05,0.0,39,9,0.4090909090909091,-6.06,-0.28,22,401858438,2026,1
97,Louisville Cardinals,30,0.4411764705882353,13,0.40625,17,0.4857142857142857,1,0.2,7,0.4375,23,0.45098039215686275,51,0.45098039215686275,0.5490196078431373,11.78,0.23,11,0.21568627450980393,23,6.81,0.3,10,0.43478260869565216,28,4.97,0.18,13,0.4642857142857143,15,0.3333333333333333,0.6666666666666666,1.95,0.13,7,0.4666666666666667,5,0.5,0.1,3,0.6,10,1.45,0.15,4,0.4,7,3,4,17,9,7,1.52,0.09,0.4117647058823529,0.17647058823529413,0.23529411764705882,0.5294117647058824,0.4117647058823529,24,0.5217391304347826,15.2,0.33,46,6,0.2727272727272727,-1.9,-0.09,22,401856661,2026,1
145,Ole Miss Rebels,36,0.46153846153846156,16,0.43243243243243246,20,0.5128205128205128,5,0.7142857142857143,6,0.375,29,0.48333333333333334,60,0.45,0.5333333333333333,16.16,0.27,12,0.2,27,18.65,0.69,14,0.5185185185185185,32,1.86,0.06,15,0.46875,3,1.0,0.0,-2.17,-0.72,1,0.3333333333333333,3,-2.17,-0.72,1,0.3333333333333333,,,,,,7,2,5,18,10,7,-7.27,-0.4,0.3888888888888889,0.1111111111111111,0.2777777777777778,0.5555555555555556,0.3888888888888889,29,0.5087719298245614,10.16,0.18,57,7,0.3333333333333333,-1.27,-0.06,21,401856661,2026,1
265,Washington State Cougars,19,0.3392857142857143,10,0.35714285714285715,9,0.3333333333333333,1,0.25,0,0.0,18,0.4090909090909091,44,0.5227272727272727,0.45454545454545453,-7.0,-0.16,11,0.25,23,-2.72,-0.12,10,0.43478260869565216,20,-0.72,-0.04,8,0.4,6,0.0,1.0,-3.51,-0.58,1,0.16666666666666666,,,,,,6,-3.51,-0.58,1,0.16666666666666666,1,0,1,12,5,7,-11.7,-0.98,0.08333333333333333,0.0,0.08333333333333333,0.4166666666666667,0.5833333333333334,16,0.4,-4.32,-0.11,40,3,0.1875,-14.39,-0.9,16,401858437,2026,1
264,Washington Huskies,31,0.5,17,0.5,14,0.5185185185185185,7,0.5,5,0.4166666666666667,26,0.5416666666666666,48,0.5416666666666666,0.4375,13.36,0.28,13,0.2708333333333333,26,4.37,0.17,16,0.6153846153846154,21,10.69,0.51,10,0.47619047619047616,13,0.5384615384615384,0.46153846153846156,-2.54,-0.2,9,0.6923076923076923,7,-0.41,-0.06,5,0.7142857142857143,6,-2.13,-0.36,4,0.6666666666666666,5,1,4,14,8,6,-7.05,-0.5,0.35714285714285715,0.07142857142857142,0.2857142857142857,0.5714285714285714,0.42857142857142855,26,0.5531914893617021,9.33,0.2,47,5,0.3333333333333333,-3.02,-0.2,15,401858437,2026,1
52,Florida State Seminoles,28,0.417910447761194,10,0.38461538461538464,18,0.43902439024390244,4,0.5714285714285714,3,0.21428571428571427,22,0.4489795918367347,49,0.30612244897959184,0.6938775510204082,5.71,0.12,10,0.20408163265306123,15,2.18,0.15,6,0.4,34,3.53,0.1,16,0.47058823529411764,9,0.5555555555555556,0.4444444444444444,-2.04,-0.23,4,0.4444444444444444,5,-1.68,-0.34,2,0.4,4,-0.37,-0.09,2,0.5,6,4,2,18,11,7,-5.1,-0.28,0.3333333333333333,0.2222222222222222,0.1111111111111111,0.6111111111111112,0.3888888888888889,21,0.44680851063829785,0.67,0.01,47,7,0.35,-0.06,-0.0,20,401858212,2026,1
2567,SMU Mustangs,38,0.5671641791044776,22,0.6111111111111112,16,0.5161290322580645,4,0.3333333333333333,8,0.5714285714285714,30,0.5660377358490566,53,0.49056603773584906,0.5094339622641509,2.98,0.06,15,0.2830188679245283,26,9.64,0.37,16,0.6153846153846154,27,-6.66,-0.25,14,0.5185185185185185,12,0.5833333333333334,0.4166666666666667,5.17,0.43,6,0.5,7,4.13,0.59,4,0.5714285714285714,5,1.03,0.21,2,0.4,8,6,2,14,10,4,16.06,1.15,0.5714285714285714,0.42857142857142855,0.14285714285714285,0.7142857142857143,0.2857142857142857,29,0.6170212765957447,7.79,0.17,47,9,0.45,11.25,0.56,20,401858212,2026,1
2390,Miami Hurricanes,51,0.7083333333333334,22,0.8148148148148148,29,0.6590909090909091,7,0.5833333333333334,1,0.3333333333333333,50,0.7352941176470589,68,0.38235294117647056,0.6176470588235294,46.06,0.68,29,0.4264705882352941,26,23.77,0.91,21,0.8076923076923077,42,22.3,0.53,29,0.6904761904761905,14,0.5,0.5,9.89,0.71,9,0.6428571428571429,7,6.43,0.92,6,0.8571428571428571,7,3.46,0.49,3,0.42857142857142855,1,1,0,4,1,2,-9.47,-2.37,0.25,0.25,0.0,0.25,0.5,50,0.7575757575757576,45.94,0.7,66,1,0.16666666666666666,-9.35,-1.56,6,401858213,2026,2
50,Florida A&M Rattlers,12,0.2553191489361702,7,0.25,5,0.2777777777777778,,,2,0.14285714285714285,10,0.30303030303030304,33,0.5757575757575758,0.3939393939393939,-7.46,-0.23,3,0.09090909090909091,19,-4.47,-0.24,6,0.3157894736842105,13,-1.77,-0.14,4,0.3076923076923077,8,0.875,0.125,-3.49,-0.44,2,0.25,7,-2.94,-0.42,2,0.2857142857142857,1,-0.55,-0.55,0,0.0,2,1,1,14,9,5,-7.07,-0.51,0.14285714285714285,0.07142857142857142,0.07142857142857142,0.6428571428571429,0.35714285714285715,11,0.36666666666666664,-6.11,-0.2,30,1,0.058823529411764705,-8.43,-0.5,17,401858213,2026,2
2305,Kansas Jayhawks,18,0.2727272727272727,9,0.2571428571428571,9,0.32142857142857145,2,1.0,3,0.21428571428571427,12,0.2553191489361702,47,0.48936170212765956,0.44680851063829785,-13.72,-0.29,7,0.14893617021276595,23,-2.86,-0.12,7,0.30434782608695654,21,-3.74,-0.18,5,0.23809523809523808,9,0.3333333333333333,0.5555555555555556,-3.65,-0.41,3,0.3333333333333333,3,-2.65,-0.88,1,0.3333333333333333,5,3.59,0.72,2,0.4,6,2,4,19,12,7,-5.85,-0.31,0.3157894736842105,0.10526315789473684,0.21052631578947367,0.631578947368421,0.3684210526315789,11,0.2972972972972973,-9.69,-0.26,37,7,0.2413793103448276,-9.87,-0.34,29,401856678,2026,2
142,Missouri Tigers,29,0.4084507042253521,17,0.5666666666666667,12,0.3157894736842105,4,0.2222222222222222,8,0.47058823529411764,20,0.37735849056603776,53,0.33962264150943394,0.6226415094339622,5.46,0.1,8,0.1509433962264151,18,7.05,0.39,10,0.5555555555555556,33,0.57,0.02,10,0.30303030303030304,16,0.5625,0.4375,6.3,0.39,7,0.4375,9,8.98,1.0,6,0.6666666666666666,7,-2.68,-0.38,1,0.14285714285714285,9,7,2,18,12,5,7.53,0.42,0.5,0.3888888888888889,0.1111111111111111,0.6666666666666666,0.2777777777777778,16,0.36363636363636365,1.72,0.04,44,13,0.48148148148148145,11.26,0.42,27,401856678,2026,2
97,Louisville Cardinals,44,0.676923076923077,20,0.7142857142857143,23,0.6388888888888888,12,0.75,5,0.625,39,0.6842105263157895,57,0.43859649122807015,0.543859649122807,29.0,0.51,18,0.3157894736842105,25,20.14,0.81,18,0.72,31,8.73,0.28,20,0.6451612903225806,13,0.46153846153846156,0.5384615384615384,4.57,0.35,8,0.6153846153846154,6,3.41,0.57,4,0.6666666666666666,7,1.17,0.17,4,0.5714285714285714,5,2,3,8,3,5,3.52,0.44,0.625,0.25,0.375,0.375,0.625,35,0.6862745098039216,22.94,0.45,51,9,0.6428571428571429,9.59,0.68,14,401858215,2026,2
222,Villanova Wildcats,18,0.3,13,0.38235294117647056,5,0.19230769230769232,0,0.0,5,0.3333333333333333,13,0.28888888888888886,45,0.5555555555555556,0.4444444444444444,-8.88,-0.2,6,0.13333333333333333,25,-4.43,-0.18,9,0.36,20,-4.45,-0.22,4,0.2,8,0.25,0.75,-2.33,-0.29,2,0.25,2,-2.08,-1.04,0,0.0,6,-0.24,-0.04,2,0.3333333333333333,5,4,1,15,9,6,-5.61,-0.37,0.3333333333333333,0.26666666666666666,0.06666666666666667,0.6,0.4,10,0.29411764705882354,-10.21,-0.3,34,8,0.3076923076923077,-4.29,-0.16,26,401858215,2026,2
2450,Norfolk State Spartans,21,0.3230769230769231,14,0.3888888888888889,7,0.2413793103448276,0,0.0,5,0.29411764705882354,16,0.34782608695652173,46,0.5,0.5,-10.32,-0.22,6,0.13043478260869565,23,0.24,0.01,12,0.5217391304347826,23,-10.56,-0.46,4,0.17391304347826086,3,0.6666666666666666,0.3333333333333333,0.56,0.19,2,0.6666666666666666,2,-0.18,-0.09,1,0.5,1,0.74,0.74,1,1.0,5,2,3,19,13,6,-22.4,-1.18,0.2631578947368421,0.10526315789473684,0.15789473684210525,0.6842105263157895,0.3157894736842105,15,0.36585365853658536,-21.24,-0.52,41,6,0.25,-11.47,-0.48,24,401858220,2026,2
258,Virginia Cavaliers,37,0.6166666666666667,15,0.6,22,0.6285714285714286,9,0.5294117647058824,4,0.5,32,0.6274509803921569,51,0.35294117647058826,0.6470588235294118,12.97,0.25,16,0.3137254901960784,18,4.68,0.26,12,0.6666666666666666,33,8.29,0.25,20,0.6060606060606061,15,0.26666666666666666,0.7333333333333333,9.02,0.6,12,0.8,4,-0.03,-0.01,2,0.5,11,9.04,0.82,10,0.9090909090909091,5,3,2,9,7,2,5.56,0.62,0.5555555555555556,0.3333333333333333,0.2222222222222222,0.7777777777777778,0.2222222222222222,32,0.6808510638297872,16.35,0.35,47,5,0.38461538461538464,2.18,0.17,13,401858220,2026,2
152,NC State Wolfpack,44,0.6470588235294118,17,0.6538461538461539,27,0.6428571428571429,11,0.7857142857142857,8,0.8,36,0.6206896551724138,58,0.3793103448275862,0.6206896551724138,27.4,0.47,15,0.25862068965517243,22,10.5,0.48,14,0.6363636363636364,36,16.9,0.47,22,0.6111111111111112,16,0.5625,0.4375,6.89,0.43,10,0.625,9,3.74,0.42,5,0.5555555555555556,7,3.16,0.45,5,0.7142857142857143,8,3,5,10,4,6,11.61,1.16,0.8,0.3,0.5,0.4,0.6,37,0.6727272727272727,29.94,0.54,55,7,0.5384615384615384,9.06,0.7,13,401858222,2026,2
257,Richmond Spiders,10,0.20408163265306123,5,0.1724137931034483,5,0.2631578947368421,,,1,0.07692307692307693,9,0.2571428571428571,35,0.5142857142857142,0.45714285714285713,-13.07,-0.37,4,0.11428571428571428,18,-5.63,-0.31,4,0.2222222222222222,16,-2.27,-0.14,5,0.3125,4,0.25,0.75,-1.84,-0.46,0,0.0,1,-0.21,-0.21,0,0.0,3,-1.63,-0.54,0,0.0,1,1,0,14,11,3,-13.97,-1.0,0.07142857142857142,0.07142857142857142,0.0,0.7857142857142857,0.21428571428571427,6,0.21428571428571427,-14.85,-0.53,28,4,0.19047619047619047,-12.19,-0.58,21,401858222,2026,2
103,Boston College Eagles,25,0.423728813559322,15,0.5,10,0.35714285714285715,2,0.3333333333333333,4,0.36363636363636365,20,0.425531914893617,47,0.425531914893617,0.5531914893617021,-3.46,-0.07,10,0.2127659574468085,20,-2.3,-0.12,11,0.55,26,4.22,0.16,9,0.34615384615384615,13,0.5384615384615384,0.46153846153846156,-0.67,-0.05,7,0.5384615384615384,7,-0.76,-0.11,5,0.7142857142857143,6,0.08,0.01,2,0.3333333333333333,5,4,1,12,10,2,3.29,0.27,0.4166666666666667,0.3333333333333333,0.08333333333333333,0.8333333333333334,0.16666666666666666,17,0.4358974358974359,-1.89,-0.05,39,8,0.4,1.71,0.09,20,401858214,2026,2
164,Rutgers Scarlet Knights,29,0.4264705882352941,15,0.5,14,0.3684210526315789,5,0.35714285714285715,5,0.4166666666666667,22,0.43137254901960786,51,0.4117647058823529,0.5882352941176471,4.72,0.09,13,0.2549019607843137,21,1.26,0.06,10,0.47619047619047616,30,3.46,0.12,12,0.4,10,0.4,0.6,5.87,0.59,4,0.4,4,6.99,1.75,3,0.75,6,-1.12,-0.19,1,0.16666666666666666,7,5,2,17,9,8,-12.12,-0.71,0.4117647058823529,0.29411764705882354,0.11764705882352941,0.5294117647058824,0.47058823529411764,19,0.3877551020408163,-11.74,-0.24,49,10,0.5263157894736842,4.34,0.23,19,401858214,2026,2
