pos_team_id,pos_team,drive_total_available_yards,drive_total_gained_yards,avg_field_position,plays_per_drive,yards_per_drive,drives,drive_total_gained_yards_rate,game_id,season,week
356,Illinois Fighting Illini,4848.0,2777,72.36,7.880597014925373,41.44776119402985,11,57.28135313531353,401282714,2021,1
158,Nebraska Cornhuskers,5712.0,3239,80.45,9.352112676056338,45.61971830985915,12,56.70518207282913,401282714,2021,1
41,UConn Huskies,4379.0,682,71.79,4.868852459016393,11.180327868852459,14,15.574332039278374,401286187,2021,1
278,Fresno State Bulldogs,5126.0,3241,66.57,8.168831168831169,42.09090909090909,14,63.22668747561451,401286187,2021,1
26,UCLA Bruins,3984.0,2356,61.29,6.0,36.246153846153845,13,59.136546184738954,401309833,2021,1
62,Hawai'i Rainbow Warriors,5639.0,2543,76.2,7.121621621621622,34.36486486486486,14,45.09664834190459,401309833,2021,1
2638,UTEP Miners,4597.0,2894,71.83,7.0,45.21875,12,62.9541005003263,401282049,2021,1
166,New Mexico State Aggies,1931.0,2571,27.2,7.985915492957746,36.2112676056338,11,133.14344899016055,401282049,2021,1
5,UAB Blazers,4720.0,3062,77.38,6.655737704918033,50.19672131147541,11,64.87288135593221,401282050,2021,1
55,Jacksonville State Gamecocks,3561.0,712,71.22,4.8,14.24,12,19.99438360011233,401282050,2021,1
194,Ohio State Buckeyes,3820.0,2652,79.58,7.229166666666667,55.25,10,69.42408376963351,401282789,2021,1
135,Minnesota Golden Gophers,5274.0,2995,70.32,7.8133333333333335,39.93333333333333,11,56.78801668562761,401282789,2021,1
254,Utah Utes,4039.0,2787,67.32,6.1,46.45,13,69.00222827432533,401309834,2021,1
2692,Weber State Wildcats,4570.0,2579,72.54,9.412698412698413,40.93650793650794,11,56.433260393873084,401309834,2021,1
253,Southern Utah Thunderbirds,4064.0,1714,73.89,6.090909090909091,31.163636363636364,11,42.175196850393704,401309835,2021,1
9,Arizona State Sun Devils,3456.0,2534,60.63,6.912280701754386,44.45614035087719,11,73.32175925925925,401309835,2021,1
68,Boise State Broncos,4629.0,2265,71.22,6.969230769230769,34.84615384615385,13,48.930654569021385,401300995,2021,1
2116,UCF Knights,6486.0,4111,76.31,6.882352941176471,48.36470588235294,14,63.38267036694419,401300995,2021,1
2710,Western Illinois Leathernecks,5530.0,3169,82.54,7.208955223880597,47.298507462686565,13,57.30560578661844,401309540,2021,1
2050,Ball State Cardinals,4569.0,2613,70.29,6.523076923076923,40.2,13,57.189757058437294,401309540,2021,1
2084,Buffalo Bulls,6392.0,5895,62.06,11.019417475728156,57.23300970873787,13,92.22465581977472,401309542,2021,1
2681,Wagner Seahawks,9288.0,546,80.07,5.879310344827586,4.706896551724138,12,5.8785529715762275,401309542,2021,1
152,NC State Wolfpack,4429.0,3398,67.11,7.03030303030303,51.484848484848484,13,76.72160758636261,401282607,2021,1
58,South Florida Bulls,5120.0,2211,80.0,7.75,34.546875,12,43.18359375,401282607,2021,1
151,East Carolina Pirates,1388.0,2771,21.35,7.415384615384616,42.63076923076923,11,199.63976945244957,401300993,2021,1
2026,Appalachian State Mountaineers,1427.0,3305,22.65,7.285714285714286,52.46031746031746,12,231.60476524176593,401300993,2021,1
2633,Tennessee Volunteers,5738.0,3763,65.95,8.218390804597702,43.252873563218394,13,65.58034158243291,401281952,2021,1
189,Bowling Green Falcons,4737.0,1599,78.95,6.733333333333333,26.65,13,33.7555414819506,401281952,2021,1
2630,UT Martin Skyhawks,5931.0,3500,77.03,8.077922077922079,45.45454545454545,12,59.01197099983139,401282180,2021,1
98,Western Kentucky Hilltoppers,4096.0,3397,68.27,7.316666666666666,56.61666666666667,12,82.9345703125,401282180,2021,1
153,North Carolina Tar Heels,4844.0,2448,78.13,6.82258064516129,39.483870967741936,11,50.53674649050372,401309937,2021,1
259,Virginia Tech Hokies,4341.0,2748,70.02,8.03225806451613,44.32258064516129,11,63.303386316516935,401309937,2021,1
150,Duke Blue Devils,4865.0,3037,71.54,6.176470588235294,44.661764705882355,13,62.42548818088387,401282052,2021,1
2429,Charlotte 49ers,5498.0,3385,78.54,6.985714285714286,48.357142857142854,12,61.56784285194616,401282052,2021,1
233,South Dakota Coyotes,4467.0,1809,72.05,6.564516129032258,29.177419354838708,13,40.496977837474816,401287888,2021,1
2305,Kansas Jayhawks,4115.0,1949,62.35,7.181818181818182,29.53030303030303,13,47.363304981774,401287888,2021,1
127,Michigan State Spartans,4607.0,3167,73.13,7.396825396825397,50.26984126984127,12,68.74321684393314,401282782,2021,1
77,Northwestern Wildcats,5673.0,3588,70.04,9.518518518518519,44.2962962962963,12,63.24695928080381,401282782,2021,1
38,Colorado Buffaloes,4235.0,2979,68.31,8.241935483870968,48.04838709677419,11,70.34238488783943,401309836,2021,1
2458,Northern Colorado Bears,4186.0,2322,74.75,7.732142857142857,41.464285714285715,10,55.47061634018156,401309836,2021,1
2390,Miami Hurricanes,4377.0,2484,69.48,7.746031746031746,39.42857142857143,13,56.751199451679234,401281942,2021,1
333,Alabama Crimson Tide,5564.0,3855,72.26,8.025974025974026,50.064935064935064,12,69.28468727534148,401281942,2021,1
201,Oklahoma Sooners,5210.0,3630,70.41,7.918918918918919,49.054054054054056,13,69.67370441458733,401287894,2021,1
2655,Tulane Green Wave,5001.0,3020,64.95,7.883116883116883,39.22077922077922,13,60.3879224155169,401287894,2021,1
228,Clemson Tigers,4547.0,1727,75.78,6.683333333333334,28.783333333333335,11,37.981086430613594,401281946,2021,1
61,Georgia Bulldogs,4335.0,2167,72.25,8.066666666666666,36.11666666666667,10,49.98846597462514,401281946,2021,1
2309,Kent State Golden Flashes,4957.0,2816,67.9,6.808219178082192,38.57534246575342,14,56.80855356062134,401282053,2021,1
245,Texas A&M Aggies,5486.0,4069,74.14,8.27027027027027,54.986486486486484,11,74.17061611374407,401282053,2021,1
2460,Northern Iowa Panthers,4689.0,1855,78.15,7.116666666666666,30.916666666666668,10,39.56067391767968,401287887,2021,1
66,Iowa State Cyclones,4034.0,2451,68.37,8.220338983050848,41.54237288135593,10,60.758552305404066,401287887,2021,1
278,Fresno State Bulldogs,5799.0,3587,79.44,8.58904109589041,49.136986301369866,13,61.855492326263146,401309838,2021,1
2483,Oregon Ducks,4717.0,2521,64.62,6.47945205479452,34.534246575342465,14,53.44498622005512,401309838,2021,1
213,Penn State Nittany Lions,3676.0,1751,73.52,5.14,35.02,12,47.63329706202394,401282815,2021,1
275,Wisconsin Badgers,6510.0,4224,72.33,10.677777777777777,46.93333333333333,13,64.88479262672811,401282815,2021,1
2226,Florida Atlantic Owls,5373.0,2659,80.19,7.507462686567164,39.6865671641791,11,49.488181648985666,401281945,2021,1
57,Florida Gators,5732.0,4632,69.9,9.012195121951219,56.48780487804878,12,80.80949057920446,401281945,2021,1
2294,Iowa Hawkeyes,3980.0,1908,64.19,6.758064516129032,30.774193548387096,12,47.93969849246231,401282723,2021,1
84,Indiana Hoosiers,4815.0,1538,75.23,6.484375,24.03125,14,31.94184839044652,401282723,2021,1
264,Washington Huskies,5385.0,2208,73.77,6.36986301369863,30.246575342465754,13,41.00278551532033,401309839,2021,1
149,Montana Grizzlies,3707.0,1619,66.2,6.375,28.910714285714285,13,43.67413002427839,401309839,2021,1
251,Texas Longhorns,4779.0,3886,70.28,9.367647058823529,57.14705882352941,9,81.31408244402594,401287892,2021,1
309,Louisiana Ragin' Cajuns,4813.0,3175,72.92,8.606060606060606,48.10606060606061,10,65.967172241845,401287892,2021,1
2433,UL Monroe Warhawks,2017.0,1186,32.02,7.0,18.825396825396826,13,58.80019831432821,401281947,2021,1
96,Kentucky Wildcats,1589.0,3784,23.72,7.477611940298507,56.47761194029851,13,238.1371932032725,401281947,2021,1
103,Boston College Eagles,4817.0,4188,76.46,8.555555555555555,66.47619047619048,10,86.94208013286278,401282609,2021,1
2142,Colgate Raiders,4241.0,1351,78.54,6.037037037037037,25.01851851851852,11,31.855694411695353,401282609,2021,1
2711,Western Michigan Broncos,5337.0,2853,77.35,8.014492753623188,41.34782608695652,11,53.45699831365936,401282772,2021,1
130,Michigan Wolverines,4278.0,3236,71.3,7.466666666666667,53.93333333333333,11,75.64282374941561,401282772,2021,1
218,Temple Owls,4767.0,1665,76.89,5.306451612903226,26.85483870967742,15,34.927627438640656,401282822,2021,1
164,Rutgers Scarlet Knights,4482.0,2680,56.03,7.4125,33.5,15,59.794734493529674,401282822,2021,1
107,Holy Cross Crusaders,3402.0,1848,69.43,6.387755102040816,37.714285714285715,12,54.32098765432099,401286188,2021,1
41,UConn Huskies,3171.0,1383,70.47,7.555555555555555,30.733333333333334,12,43.614001892147584,401286188,2021,1
24,Stanford Cardinal,1256.0,1719,24.15,6.884615384615385,33.05769230769231,9,136.86305732484075,401287889,2021,1
2306,Kansas State Wildcats,1094.0,1631,24.31,5.666666666666667,36.24444444444445,10,149.0859232175503,401287889,2021,1
2247,Georgia State Panthers,2223.0,875,76.66,6.620689655172414,30.17241379310345,6,39.36122357174989,401309601,2021,1
349,Army Black Knights,2906.0,2227,54.83,9.018867924528301,42.0188679245283,10,76.63454920853407,401309601,2021,1
2230,Fordham Rams,3250.0,375,65.0,6.18,7.5,12,11.538461538461538,401327913,2021,1
158,Nebraska Cornhuskers,3010.0,4477,35.0,10.162790697674419,52.05813953488372,11,148.7375415282392,401327913,2021,1
276,Marshall Thundering Herd,3951.0,2831,62.71,6.396825396825397,44.93650793650794,13,71.65274614021767,401282174,2021,1
2426,Navy Midshipmen,6903.0,3920,75.03,8.706521739130435,42.608695652173914,14,56.786904244531364,401282174,2021,1
277,West Virginia Mountaineers,4169.0,2376,68.34,7.131147540983607,38.950819672131146,13,56.992084432717675,401282764,2021,1
120,Maryland Terrapins,5417.0,3256,69.45,7.589743589743589,41.743589743589745,14,60.10707033413328,401282764,2021,1
193,Miami (OH) RedHawks,2253.0,2397,31.29,7.763888888888889,33.291666666666664,11,106.39147802929428,401300996,2021,1
2132,Cincinnati Bearcats,1232.0,3736,21.61,6.473684210526316,65.54385964912281,11,303.24675324675326,401300996,2021,1
344,Mississippi State Bulldogs,1755.0,1864,27.42,4.75,29.125,16,106.21082621082621,401281949,2021,1
2348,Louisiana Tech Bulldogs,1792.0,1832,29.87,5.733333333333333,30.533333333333335,15,102.23214285714286,401281949,2021,1
142,Missouri Tigers,4914.0,2955,72.26,6.1911764705882355,43.455882352941174,13,60.134310134310134,401281950,2021,1
2117,Central Michigan Chippewas,6899.0,3954,82.13,8.392857142857142,47.07142857142857,13,57.31265400782722,401281950,2021,1
2751,Wyoming Cowboys,4290.0,2600,65.0,7.2727272727272725,39.39393939393939,12,60.60606060606061,401310697,2021,1
147,Montana State Bobcats,770.0,1618,15.4,5.82,32.36,12,210.12987012987014,401310697,2021,1
2097,Campbell Fighting Camels,4735.0,1457,77.62,5.950819672131147,23.885245901639344,12,30.770855332629356,401286294,2021,1
2335,Liberty Flames,4744.0,3500,68.75,7.405797101449275,50.72463768115942,11,73.77740303541316,401286294,2021,1
2,Auburn Tigers,1872.0,3556,30.19,6.306451612903226,57.354838709677416,11,189.95726495726495,401281944,2021,1
2006,Akron Zips,1847.0,1771,25.65,7.569444444444445,24.59722222222222,11,95.88521927449919,401281944,2021,1
2197,Eastern Illinois Panthers,1211.0,556,28.83,4.857142857142857,13.238095238095237,11,45.91246903385632,401281951,2021,1
2579,South Carolina Gamecocks,1823.0,3348,24.97,8.73972602739726,45.863013698630134,10,183.65331870543062,401281951,2021,1
204,Oregon State Beavers,5293.0,2155,77.84,5.9411764705882355,31.691176470588236,13,40.714150765161534,401282819,2021,1
2509,Purdue Boilermakers,5197.0,2652,66.63,7.17948717948718,34.0,13,51.029440061573986,401282819,2021,1
2641,Texas Tech Red Raiders,3533.0,2074,70.66,6.06,41.48,12,58.70365128785735,401287886,2021,1
248,Houston Cougars,5405.0,2896,74.04,8.753424657534246,39.67123287671233,14,53.580018501387606,401287886,2021,1
2623,Missouri State Bears,5547.0,2589,67.65,7.7439024390243905,31.573170731707318,15,46.673877771768524,401287890,2021,1
197,Oklahoma State Cowboys,4784.0,2293,71.4,5.880597014925373,34.223880597014926,15,47.930602006688964,401287890,2021,1
326,Texas State Bobcats,4818.0,2876,73.0,8.621212121212121,43.57575757575758,12,59.692818596928184,401287893,2021,1
239,Baylor Bears,4771.0,2955,70.16,9.544117647058824,43.455882352941174,11,61.936700901278556,401287893,2021,1
235,Memphis Tigers,5688.0,4964,69.37,8.951219512195122,60.53658536585366,11,87.27144866385373,401300997,2021,1
2447,Nicholls Colonels,4600.0,2586,75.41,7.459016393442623,42.39344262295082,10,56.21739130434783,401300997,2021,1
2000,Abilene Christian Wildcats,4643.0,2468,77.38,7.75,41.13333333333333,13,53.155287529614476,401300998,2021,1
2567,SMU Mustangs,4544.0,3482,65.86,7.130434782608695,50.46376811594203,13,76.62852112676056,401300998,2021,1
2450,Norfolk State Spartans,1314.0,756,73.0,7.166666666666667,42.0,8,57.534246575342465,401309543,2021,1
2649,Toledo Rockets,764.0,544,69.45,7.090909090909091,49.45454545454545,8,71.20418848167539,401309543,2021,1
2032,Arkansas State Red Wolves,5526.0,3795,72.71,7.078947368421052,49.93421052631579,14,68.67535287730728,401309598,2021,1
2110,Central Arkansas Bears,4814.0,1921,77.65,5.129032258064516,30.983870967741936,15,39.90444536767761,401309598,2021,1
2653,Troy Trojans,4764.0,4473,70.06,9.941176470588236,65.77941176470588,10,93.89168765743074,401309602,2021,1
2582,Southern Jaguars,3852.0,1273,78.61,6.0,25.979591836734695,11,33.047767393561784,401309602,2021,1
2466,Northwestern State Demons,4297.0,2031,71.62,7.3,33.85,12,47.26553409355364,401282175,2021,1
249,North Texas Mean Green,5259.0,4461,73.04,8.652777777777779,61.958333333333336,12,84.82601254991444,401282175,2021,1
356,Illinois Fighting Illini,5218.0,2989,69.57,8.12,39.85333333333333,13,57.282483710233805,401282179,2021,1
2636,UTSA Roadrunners,6274.0,4444,76.51,8.134146341463415,54.19512195121951,13,70.8320051004144,401282179,2021,1
258,Virginia Cavaliers,4310.0,3139,69.52,6.435483870967742,50.62903225806452,12,72.83062645011601,401282613,2021,1
2729,William & Mary Tribe,3935.0,1274,74.25,6.3584905660377355,24.037735849056602,12,32.37611181702668,401282613,2021,1
26,UCLA Bruins,4475.0,2503,71.03,5.968253968253968,39.73015873015873,13,55.93296089385475,401281948,2021,1
99,LSU Tigers,5083.0,2826,71.59,7.183098591549296,39.80281690140845,12,55.597088333661226,401281948,2021,1
2638,UTEP Miners,1314.0,1169,73.0,9.222222222222221,64.94444444444444,8,88.96499238964992,401282178,2021,1
2065,Bethune-Cookman Wildcats,1180.0,493,73.75,4.5,30.8125,9,41.779661016949156,401282178,2021,1
2440,Nevada Wolf Pack,4311.0,2349,67.36,6.375,36.703125,12,54.488517745302715,401309837,2021,1
25,California Golden Bears,4898.0,3111,75.35,8.876923076923077,47.86153846153846,11,63.51572070232748,401309837,2021,1
12,Arizona Wildcats,6556.0,3733,78.05,9.238095238095237,44.44047619047619,11,56.940207443563146,401309841,2021,1
252,BYU Cougars,4794.0,2708,79.9,6.983333333333333,45.13333333333333,11,56.48727576136838,401309841,2021,1
265,Washington State Cougars,3899.0,2375,70.89,7.672727272727273,43.18181818181818,10,60.91305462939215,401309840,2021,1
328,Utah State Aggies,5264.0,3767,75.2,9.657142857142857,53.81428571428572,11,71.56155015197568,401309840,2021,1
87,Notre Dame Fighting Irish,2043.0,2403,29.19,5.485714285714286,34.32857142857143,15,117.62114537444934,401282614,2021,1
52,Florida State Seminoles,1874.0,3232,25.32,8.054054054054054,43.67567567567568,15,172.46531483457844,401282614,2021,1
145,Ole Miss Rebels,1546.0,4343,21.47,8.277777777777779,60.31944444444444,11,280.91849935316947,401282055,2021,1
97,Louisville Cardinals,1898.0,3991,24.65,10.74025974025974,51.83116883116883,10,210.27397260273972,401282055,2021,1
324,Coastal Carolina Chanticleers,1506.0,3809,24.69,8.40983606557377,62.442622950819676,10,252.92164674634793,401287896,2021,2
2305,Kansas Jayhawks,1963.0,2931,28.87,7.867647058823529,43.10294117647059,11,149.31227712684665,401287896,2021,2
150,Duke Blue Devils,4757.0,3545,67.96,7.442857142857143,50.642857142857146,11,74.52175741013244,401282616,2021,2
2448,North Carolina A&T Aggies,4990.0,3370,76.77,11.830769230769231,51.84615384615385,9,67.53507014028057,401282616,2021,2
68,Boise State Broncos,3533.0,2572,63.09,6.821428571428571,45.92857142857143,13,72.79932069063119,401282191,2021,2
2638,UTEP Miners,4818.0,2669,76.48,7.2063492063492065,42.36507936507937,14,55.3964300539643,401282191,2021,2
155,North Dakota Fighting Hawks,4958.0,2985,71.86,6.144927536231884,43.26086956521739,13,60.20572811617588,401310701,2021,2
328,Utah State Aggies,5370.0,4126,72.57,8.256756756756756,55.75675675675676,14,76.8342644320298,401310701,2021,2
333,Alabama Crimson Tide,4075.0,2455,62.69,6.661538461538462,37.76923076923077,12,60.24539877300614,401282056,2021,2
2382,Mercer Bears,4176.0,1686,77.33,5.407407407407407,31.22222222222222,13,40.37356321839081,401282056,2021,2
5,UAB Blazers,3959.0,959,76.13,5.346153846153846,18.442307692307693,14,24.22328870927002,401282060,2021,2
61,Georgia Bulldogs,3843.0,2413,64.05,6.583333333333333,40.21666666666667,13,62.78948737965131,401282060,2021,2
2483,Oregon Ducks,5747.0,3536,78.73,6.808219178082192,48.43835616438356,12,61.52775361057943,401282809,2021,2
194,Ohio State Buckeyes,6591.0,4585,77.54,7.823529411764706,53.94117647058823,13,69.5645577302382,401282809,2021,2
2717,Western Carolina Catamounts,4644.0,1198,73.71,5.571428571428571,19.015873015873016,14,25.796726959517656,401287898,2021,2
201,Oklahoma Sooners,4691.0,4192,62.55,7.026666666666666,55.89333333333333,13,89.36260925175868,401287898,2021,2
93,Murray State Racers,4935.0,2428,75.92,8.953846153846154,37.353846153846156,12,49.19959473150963,401301002,2021,2
2132,Cincinnati Bearcats,3451.0,2226,59.5,6.051724137931035,38.37931034482759,14,64.50304259634889,401301002,2021,2
87,Notre Dame Fighting Irish,5730.0,2902,77.43,7.054054054054054,39.21621621621622,14,50.645724258289704,401282705,2021,2
2649,Toledo Rockets,4194.0,2117,66.57,5.920634920634921,33.6031746031746,13,50.47687172150692,401282705,2021,2
66,Iowa State Cyclones,1626.0,2479,23.23,6.328571428571428,35.41428571428571,15,152.46002460024602,401282754,2021,2
2294,Iowa Hawkeyes,3364.0,1385,57.02,5.779661016949152,23.47457627118644,13,41.171224732461354,401282754,2021,2
30,USC Trojans,5913.0,4456,78.84,10.586666666666666,59.413333333333334,11,75.35937764248267,401309843,2021,2
24,Stanford Cardinal,3469.0,2457,68.02,6.862745098039215,48.1764705882353,9,70.82732776016142,401309843,2021,2
8,Arkansas Razorbacks,4264.0,3126,64.61,7.287878787878788,47.36363636363637,13,73.31144465290807,401282057,2021,2
251,Texas Longhorns,4421.0,2376,70.17,7.682539682539683,37.714285714285715,12,53.74349694639222,401282057,2021,2
275,Wisconsin Badgers,4943.0,3756,66.8,8.91891891891892,50.75675675675676,11,75.98624317216266,401282825,2021,2
2199,Eastern Michigan Eagles,2953.0,642,77.71,4.842105263157895,16.894736842105264,10,21.740602776837115,401282825,2021,2
145,Ole Miss Rebels,5311.0,3997,68.09,7.269230769230769,51.243589743589745,13,75.25889662963661,401282063,2021,2
2046,Austin Peay Governors,6332.0,3212,81.18,8.038461538461538,41.17948717948718,14,50.726468730259,401282063,2021,2
254,Utah Utes,3753.0,2022,75.06,5.68,40.44,10,53.87689848121503,401309848,2021,2
252,BYU Cougars,5300.0,3914,71.62,9.337837837837839,52.891891891891895,11,73.84905660377359,401309848,2021,2
2026,Appalachian State Mountaineers,5886.0,2601,80.63,7.3561643835616435,35.63013698630137,12,44.18960244648318,401282620,2021,2
2390,Miami Hurricanes,5376.0,3121,70.74,7.447368421052632,41.06578947368421,13,58.054315476190474,401282620,2021,2
9,Arizona State Sun Devils,4539.0,3688,61.34,8.08108108108108,49.83783783783784,10,81.2513769552765,401309847,2021,2
2439,UNLV Rebels,4015.0,1843,78.73,8.235294117647058,36.13725490196079,11,45.90286425902864,401309847,2021,2
2247,Georgia State Panthers,5582.0,2615,74.43,8.106666666666667,34.86666666666667,14,46.84700824077392,401282621,2021,2
153,North Carolina Tar Heels,4631.0,3859,65.23,6.394366197183099,54.352112676056336,14,83.32973439861802,401282621,2021,2
258,Virginia Cavaliers,5117.0,3900,71.07,6.930555555555555,54.166666666666664,14,76.21653312487786,401282624,2021,2
356,Illinois Fighting Illini,5415.0,2468,76.27,6.746478873239437,34.76056338028169,13,45.577100646352726,401282624,2021,2
349,Army Black Knights,4620.0,4246,64.17,10.777777777777779,58.97222222222222,9,91.9047619047619,401282193,2021,2
98,Western Kentucky Hilltoppers,4358.0,3331,73.86,7.338983050847458,56.45762711864407,9,76.43414410279945,401282193,2021,2
2309,Kent State Golden Flashes,5885.0,5166,72.65,8.530864197530864,63.77777777777778,11,87.78249787595583,401309545,2021,2
2678,VMI Keydets,5293.0,2785,76.71,7.739130434782608,40.36231884057971,12,52.616663517853766,401309545,2021,2
2,Auburn Tigers,1705.0,2979,29.4,8.39655172413793,51.36206896551724,11,174.72140762463343,401282058,2021,2
2011,Alabama State Hornets,1513.0,1119,26.09,4.982758620689655,19.29310344827586,14,73.95902181097158,401282058,2021,2
151,East Carolina Pirates,1670.0,1604,26.51,6.190476190476191,25.46031746031746,15,96.04790419161677,401282065,2021,2
2579,South Carolina Gamecocks,1534.0,1649,24.74,5.403225806451613,26.596774193548388,14,107.496740547588,401282065,2021,2
2633,Tennessee Volunteers,4471.0,2337,67.74,6.409090909090909,35.40909090909091,15,52.27018564079624,401282066,2021,2
221,Pittsburgh Panthers,5286.0,3758,66.91,7.493670886075949,47.56962025316456,15,71.09345440786984,401282066,2021,2
59,Georgia Tech Yellow Jackets,3504.0,2483,61.47,6.333333333333333,43.56140350877193,12,70.86187214611873,401282618,2021,2
338,Kennesaw State Owls,4581.0,1825,73.89,5.709677419354839,29.43548387096774,13,39.83846321763807,401282618,2021,2
154,Wake Forest Demon Deacons,3618.0,2683,61.32,7.3559322033898304,45.47457627118644,11,74.15699281370924,401282625,2021,2
2450,Norfolk State Spartans,5249.0,2957,76.07,8.420289855072463,42.85507246376812,11,56.33453991236426,401282625,2021,2
2754,Youngstown State Penguins,6103.0,3183,80.3,8.986842105263158,41.88157894736842,12,52.154678027199736,401282783,2021,2
127,Michigan State Spartans,4570.0,3698,71.41,8.5625,57.78125,11,80.91903719912473,401282783,2021,2
193,Miami (OH) RedHawks,4481.0,2661,73.46,6.934426229508197,43.622950819672134,11,59.38406605668378,401282790,2021,2
135,Minnesota Golden Gophers,3763.0,2042,63.78,6.4576271186440675,34.610169491525426,11,54.26521392505979,401282790,2021,2
77,Northwestern Wildcats,4174.0,2070,67.32,6.306451612903226,33.38709677419355,12,49.592716818399616,401282804,2021,2
282,Indiana State Sycamores,4199.0,1544,74.98,6.892857142857143,27.571428571428573,11,36.7706596808764,401282804,2021,2
202,Tulsa Golden Hurricane,5027.0,2551,76.17,6.7272727272727275,38.65151515151515,12,50.745971752536306,401287899,2021,2
197,Oklahoma State Cowboys,4970.0,2651,73.09,7.264705882352941,38.98529411764706,12,53.34004024144869,401287899,2021,2
58,South Florida Bulls,1564.0,2572,22.03,7.52112676056338,36.225352112676056,14,164.45012787723786,401282059,2021,2
57,Florida Gators,1939.0,3210,28.1,5.666666666666667,46.52173913043478,15,165.54925219185148,401282059,2021,2
2751,Wyoming Cowboys,4324.0,3151,64.54,7.656716417910448,47.02985074626866,12,72.87234042553192,401309547,2021,2
2459,Northern Illinois Huskies,5141.0,3351,69.47,7.54054054054054,45.28378378378378,13,65.18187123127797,401309547,2021,2
183,Syracuse Orange,1523.0,1511,25.81,6.322033898305085,25.610169491525422,13,99.21208141825345,401282622,2021,2
164,Rutgers Scarlet Knights,1703.0,1823,23.99,7.23943661971831,25.676056338028168,14,107.04638872577804,401282622,2021,2
2184,Duquesne Dukes,5913.0,4672,75.81,11.192307692307692,59.8974358974359,9,79.01234567901234,401309753,2021,2
195,Ohio Bobcats,3099.0,1922,67.37,7.826086956521739,41.78260869565217,9,62.02000645369474,401309753,2021,2
41,UConn Huskies,4271.0,1413,72.39,6.796610169491525,23.949152542372882,12,33.083586981971436,401282820,2021,2
2509,Purdue Boilermakers,5576.0,4302,73.37,8.276315789473685,56.60526315789474,11,77.15208034433286,401282820,2021,2
2117,Central Michigan Chippewas,4862.0,3855,60.02,8.197530864197532,47.592592592592595,13,79.28835870012341,401309548,2021,2
2523,Robert Morris Colonials,2903.0,454,76.39,4.684210526315789,11.947368421052632,11,15.638994143988977,401309548,2021,2
38,Colorado Buffaloes,1599.0,2313,25.79,7.435483870967742,37.306451612903224,12,144.65290806754223,401282067,2021,2
245,Texas A&M Aggies,1526.0,2546,22.78,8.059701492537313,38.0,13,166.84141546526868,401282067,2021,2
290,Georgia Southern Eagles,3012.0,4751,31.71,9.589473684210526,50.01052631578948,15,157.73572377158035,401282183,2021,2
2226,Florida Atlantic Owls,3823.0,4406,35.07,9.01834862385321,40.42201834862385,15,115.24980381899032,401282183,2021,2
113,Massachusetts Minutemen,4215.0,2775,71.44,7.406779661016949,47.03389830508475,11,65.83629893238434,401282623,2021,2
103,Boston College Eagles,4940.0,3831,78.41,9.380952380952381,60.80952380952381,9,77.5506072874494,401282623,2021,2
2084,Buffalo Bulls,6318.0,2619,77.05,8.231707317073171,31.9390243902439,14,41.452991452991455,401282797,2021,2
158,Nebraska Cornhuskers,4321.0,2658,72.02,7.016666666666667,44.3,12,61.51353853274705,401282797,2021,2
213,Penn State Nittany Lions,2021.0,3642,28.46,8.985915492957746,51.29577464788732,11,180.2078179119248,401282816,2021,2
2050,Ball State Cardinals,1779.0,2974,25.78,8.405797101449275,43.10144927536232,13,167.1725688589095,401282816,2021,2
2628,TCU Horned Frogs,6036.0,3529,78.39,8.03896103896104,45.83116883116883,13,58.465871438038434,401287900,2021,2
25,California Golden Bears,4186.0,2508,78.98,5.867924528301887,47.320754716981135,12,59.91399904443383,401287900,2021,2
2006,Akron Zips,6481.0,4261,77.15,8.845238095238095,50.726190476190474,12,65.74602684770869,401300999,2021,2
218,Temple Owls,4178.0,3041,67.39,8.112903225806452,49.04838709677419,10,72.7860220201053,401300999,2021,2
2426,Navy Midshipmen,3134.0,671,71.23,5.2272727272727275,15.25,11,21.41033822590938,401301004,2021,2
2005,Air Force Falcons,4114.0,1729,60.5,6.779411764705882,25.426470588235293,12,42.02722411278561,401301004,2021,2
189,Bowling Green Falcons,4027.0,1502,71.91,6.357142857142857,26.821428571428573,13,37.298236900918795,401309546,2021,2
6,South Alabama Jaguars,6575.0,3212,77.35,9.035294117647059,37.78823529411765,14,48.851711026615966,401309546,2021,2
2569,South Carolina State Bulldogs,1777.0,1534,29.13,5.80327868852459,25.147540983606557,14,86.32526730444569,401282615,2021,2
228,Clemson Tigers,2062.0,3598,27.49,7.053333333333334,47.973333333333336,14,174.49078564500485,401282615,2021,2
2341,Long Island University Sharks,1132.0,1018,22.64,5.52,20.36,13,89.92932862190813,401287902,2021,2
277,West Virginia Mountaineers,3100.0,4803,34.07,9.186813186813186,52.78021978021978,12,154.93548387096774,401287902,2021,2
2711,Western Michigan Broncos,4748.0,3433,68.81,8.173913043478262,49.7536231884058,12,72.30412805391744,401309544,2021,2
2287,Illinois State Redbirds,3167.0,373,71.98,5.090909090909091,8.477272727272727,12,11.777707609725292,401309544,2021,2
2429,Charlotte 49ers,5183.0,4099,70.04,9.256756756756756,55.391891891891895,12,79.08547173451669,401282181,2021,2
2241,Gardner-Webb Runnin' Bulldogs,4042.0,1938,66.26,8.721311475409836,31.770491803278688,12,47.9465611083622,401282181,2021,2
2320,Lamar Cardinals,1133.0,578,24.11,5.468085106382978,12.297872340425531,11,51.01500441306266,401282192,2021,2
2636,UTSA Roadrunners,2224.0,3019,37.07,7.95,50.31666666666667,10,135.74640287769785,401282192,2021,2
2502,Portland State Vikings,5402.0,3256,70.16,7.259740259740259,42.285714285714285,13,60.273972602739725,401309845,2021,2
265,Washington State Cougars,3996.0,2743,64.45,5.709677419354839,44.24193548387097,13,68.64364364364364,401309845,2021,2
242,Rice Owls,1380.0,1997,25.56,7.2592592592592595,36.98148148148148,11,144.71014492753622,401282189,2021,2
248,Houston Cougars,1760.0,3663,26.27,9.313432835820896,54.67164179104478,11,208.125,401282189,2021,2
2065,Bethune-Cookman Wildcats,5166.0,2665,82.0,8.34920634920635,42.301587301587304,11,51.58730158730159,401301001,2021,2
2116,UCF Knights,5855.0,5463,68.08,8.790697674418604,63.52325581395349,11,93.30486763450043,401301001,2021,2
344,Mississippi State Bulldogs,4616.0,2458,69.94,7.348484848484849,37.24242424242424,13,53.24956672443674,401282064,2021,2
152,NC State Wolfpack,5287.0,2272,68.66,6.8311688311688314,29.506493506493506,15,42.97333081142425,401282064,2021,2
2229,Florida International Panthers,4897.0,2649,70.97,6.043478260869565,38.391304347826086,14,54.094343475597306,401282182,2021,2
326,Texas State Bobcats,5607.0,2532,78.97,7.394366197183099,35.66197183098591,13,45.157838416265385,401282182,2021,2
2545,SE Louisiana Lions,1732.0,8130,13.75,9.904761904761905,64.52380952380952,12,469.3995381062356,401282184,2021,2
2348,Louisiana Tech Bulldogs,2074.0,5922,22.06,8.861702127659575,63.0,10,285.5351976856316,401282184,2021,2
2567,SMU Mustangs,4265.0,2120,69.92,4.540983606557377,34.75409836065574,17,49.706916764361075,401282187,2021,2
249,North Texas Mean Green,6842.0,3589,72.79,7.287234042553192,38.180851063829785,17,52.45542239111371,401282187,2021,2
2261,Hampton Pirates,1238.0,1503,22.11,6.714285714285714,26.839285714285715,10,121.40549273021001,401282188,2021,2
295,Old Dominion Monarchs,5780.0,4880,70.49,8.609756097560975,59.51219512195122,11,84.42906574394463,401282188,2021,2
2755,Grambling Tigers,1452.0,666,25.47,5.368421052631579,11.68421052631579,13,45.86776859504132,401282190,2021,2
2572,Southern Miss Golden Eagles,2416.0,2694,33.56,6.972222222222222,37.416666666666664,13,111.50662251655629,401282190,2021,2
2198,Eastern Kentucky Colonels,4174.0,1373,74.54,5.571428571428571,24.517857142857142,12,32.8941063727839,401282619,2021,2
97,Louisville Cardinals,4588.0,2220,72.83,7.174603174603175,35.23809523809524,11,48.38709677419355,401282619,2021,2
2653,Troy Trojans,1092.0,2170,22.75,8.041666666666666,45.208333333333336,8,198.71794871794873,401286295,2021,2
2335,Liberty Flames,1236.0,3003,22.07,9.357142857142858,53.625,8,242.96116504854368,401286295,2021,2
2640,Texas Southern Tigers,4515.0,2334,75.25,7.483333333333333,38.9,10,51.69435215946844,401287895,2021,2
239,Baylor Bears,5454.0,5230,76.82,8.295774647887324,73.66197183098592,10,95.89292262559589,401287895,2021,2
79,Southern Illinois Salukis,4792.0,2613,71.52,8.791044776119403,39.0,12,54.52838063439065,401287897,2021,2
2306,Kansas State Wildcats,4590.0,3155,66.52,8.101449275362318,45.72463768115942,12,68.73638344226579,401287897,2021,2
235,Memphis Tigers,5140.0,3908,75.59,8.058823529411764,57.470588235294116,14,76.03112840466926,401301003,2021,2
2032,Arkansas State Red Wolves,7210.0,4860,73.57,7.928571428571429,49.59183673469388,17,67.40638002773925,401301003,2021,2
309,Louisiana Ragin' Cajuns,4823.0,2761,76.56,8.333333333333334,43.82539682539682,10,57.246527057847814,401309603,2021,2
2447,Nicholls Colonels,5537.0,3559,73.83,8.093333333333334,47.45333333333333,12,64.27668412497742,401309603,2021,2
167,New Mexico Lobos,5714.0,4074,74.21,8.467532467532468,52.90909090909091,13,71.2985649282464,401310700,2021,2
166,New Mexico State Aggies,4811.0,1957,72.89,5.696969696969697,29.651515151515152,16,40.677613801704425,401310700,2021,2
96,Kentucky Wildcats,1273.0,4296,18.72,8.176470588235293,63.1764705882353,12,337.4705420267086,401282061,2021,2
142,Missouri Tigers,2023.0,3856,26.97,8.56,51.413333333333334,11,190.60800790904597,401282061,2021,2
84,Indiana Hoosiers,1595.0,3095,23.46,9.617647058823529,45.51470588235294,12,194.04388714733543,401282724,2021,2
70,Idaho Vandals,1647.0,1929,27.0,6.278688524590164,31.62295081967213,13,117.12204007285975,401282724,2021,2
47,Howard Bison,3773.0,830,77.0,4.448979591836735,16.93877551020408,13,21.998409753511794,401286207,2021,2
120,Maryland Terrapins,5039.0,4272,62.99,8.2,53.4,13,84.77872593768605,401286207,2021,2
2377,McNeese Cowboys,1553.0,972,25.46,5.016393442622951,15.934426229508198,15,62.58853831294269,401282062,2021,2
99,LSU Tigers,4649.0,1969,64.57,6.138888888888889,27.34722222222222,15,42.35319423531942,401282062,2021,2
52,Florida State Seminoles,5339.0,2701,77.38,8.159420289855072,39.14492753623188,12,50.589998126990075,401282617,2021,2
55,Jacksonville State Gamecocks,5750.0,3532,76.67,8.546666666666667,47.093333333333334,13,61.426086956521736,401282617,2021,2
264,Washington Huskies,5455.0,2855,79.06,8.971014492753623,41.3768115942029,11,52.337305224564616,401282773,2021,2
130,Michigan Wolverines,4832.0,3490,69.03,9.071428571428571,49.857142857142854,11,72.22682119205298,401282773,2021,2
36,Colorado State Rams,5845.0,2965,64.23,5.835164835164835,32.582417582417584,17,50.727117194183066,401282068,2021,2
238,Vanderbilt Commodores,5606.0,2634,68.37,6.548780487804878,32.1219512195122,16,46.98537281484124,401282068,2021,2
21,San Diego State Aztecs,4856.0,2368,71.41,5.338235294117647,34.8235294117647,15,48.76441515650741,401309846,2021,2
12,Arizona Wildcats,4113.0,1423,77.6,4.622641509433962,26.849056603773583,15,34.597617310965234,401309846,2021,2
13,Cal Poly Mustangs,1508.0,1583,20.94,5.402777777777778,21.98611111111111,16,104.973474801061,401310702,2021,2
278,Fresno State Bulldogs,1424.0,3268,21.25,5.746268656716418,48.776119402985074,14,229.4943820224719,401310702,2021,2
304,Idaho State Bengals,5223.0,2577,76.81,7.9411764705882355,37.89705882352941,11,49.33946008041355,401310703,2021,2
2440,Nevada Wolf Pack,4729.0,4060,75.06,8.126984126984127,64.44444444444444,10,85.85324592937197,401310703,2021,2
62,Hawai'i Rainbow Warriors,5433.0,3855,71.49,8.81578947368421,50.723684210526315,11,70.95527332965213,401309844,2021,2
204,Oregon State Beavers,5199.0,4411,76.46,9.5,64.86764705882354,10,84.84323908443932,401309844,2021,2
195,Ohio Bobcats,1532.0,1821,27.85,5.9818181818181815,33.10909090909091,12,118.86422976501305,401309606,2021,3
309,Louisiana Ragin' Cajuns,2224.0,5040,26.48,8.178571428571429,60.0,12,226.61870503597123,401309606,2021,3
97,Louisville Cardinals,5816.0,3621,76.53,6.921052631578948,47.64473684210526,13,62.259284731774414,401282626,2021,3
2116,UCF Knights,4426.0,2656,69.16,5.84375,41.5,15,60.00903750564844,401282626,2021,3
356,Illinois Fighting Illini,5325.0,2558,79.48,7.044776119402985,38.17910447761194,12,48.03755868544601,401282715,2021,3
120,Maryland Terrapins,5343.0,3022,78.57,7.235294117647059,44.44117647058823,12,56.55998502713831,401282715,2021,3
2579,South Carolina Gamecocks,4592.0,2010,72.89,6.73015873015873,31.904761904761905,12,43.771777003484324,401282072,2021,3
61,Georgia Bulldogs,4795.0,3164,73.77,6.461538461538462,48.676923076923075,13,65.98540145985402,401282072,2021,3
201,Oklahoma Sooners,5376.0,3666,77.91,9.376811594202898,53.130434782608695,9,68.19196428571429,401282798,2021,3
158,Nebraska Cornhuskers,4919.0,2845,76.86,9.15625,44.453125,9,57.836958731449485,401282798,2021,3
2483,Oregon Ducks,4633.0,3186,67.14,7.521739130434782,46.17391304347826,12,68.76753723289445,401309850,2021,3
2619,Stony Brook Seawolves,4735.0,2122,76.37,6.774193548387097,34.225806451612904,12,44.81520591341077,401309850,2021,3
167,New Mexico Lobos,4594.0,723,77.86,5.5423728813559325,12.254237288135593,13,15.737919024814977,401282079,2021,3
245,Texas A&M Aggies,4398.0,2505,65.64,6.686567164179104,37.38805970149254,13,56.957708049113236,401282079,2021,3
202,Tulsa Golden Hurricane,6326.0,3521,77.15,8.682926829268293,42.9390243902439,13,55.659184318684794,401282810,2021,3
194,Ohio State Buckeyes,4333.0,2717,67.7,7.015625,42.453125,11,62.70482344795754,401282810,2021,3
213,Penn State Nittany Lions,5155.0,3271,78.11,7.848484848484849,49.56060606060606,11,63.4529582929195,401282070,2021,3
2,Auburn Tigers,5622.0,3809,72.08,9.371794871794872,48.833333333333336,11,67.75168979011028,401282070,2021,3
278,Fresno State Bulldogs,6186.0,4321,67.98,8.065934065934066,47.48351648351648,14,69.85127707727126,401309855,2021,3
26,UCLA Bruins,3609.0,1957,69.4,5.0576923076923075,37.63461538461539,14,54.225547243003604,401309855,2021,3
277,West Virginia Mountaineers,4481.0,2344,77.26,7.327586206896552,40.41379310344828,12,52.30975228743584,401282636,2021,3
259,Virginia Tech Hokies,4163.0,2711,58.63,7.47887323943662,38.183098591549296,12,65.12130674993995,401282636,2021,3
2084,Buffalo Bulls,5463.0,3960,80.34,10.205882352941176,58.23529411764706,9,72.48764415156508,401309552,2021,3
324,Coastal Carolina Chanticleers,4034.0,2678,66.13,7.19672131147541,43.90163934426229,10,66.38572136836886,401309552,2021,3
145,Ole Miss Rebels,6841.0,5681,72.78,8.436170212765957,60.43617021276596,15,83.04341470545242,401282075,2021,3
2655,Tulane Green Wave,3897.0,1659,69.59,4.839285714285714,29.625,13,42.57120862201693,401282075,2021,3
9,Arizona State Sun Devils,4642.0,2628,74.87,6.903225806451613,42.38709677419355,11,56.613528651443346,401309854,2021,3
252,BYU Cougars,5028.0,3091,75.04,7.029850746268656,46.134328358208954,12,61.47573587907717,401309854,2021,3
8,Arkansas Razorbacks,5962.0,4486,81.67,8.479452054794521,61.45205479452055,13,75.24320697752432,401282069,2021,3
290,Georgia Southern Eagles,4623.0,1709,73.38,6.666666666666667,27.126984126984127,13,36.96733722690893,401282069,2021,3
127,Michigan State Spartans,5169.0,3620,71.79,7.402777777777778,50.27777777777778,12,70.03288837299284,401282629,2021,3
2390,Miami Hurricanes,6575.0,3575,78.27,8.214285714285714,42.55952380952381,13,54.372623574144484,401282629,2021,3
2459,Northern Illinois Huskies,4151.0,1533,78.32,6.0,28.92452830188679,12,36.930860033726816,401282774,2021,3
130,Michigan Wolverines,4093.0,3550,62.97,7.6461538461538465,54.61538461538461,11,86.73344734913266,401282774,2021,3
96,Kentucky Wildcats,4580.0,2428,75.08,6.426229508196721,39.80327868852459,11,53.01310043668122,401282073,2021,3
236,Chattanooga Mocs,4384.0,2558,73.07,7.65,42.63333333333333,12,58.3485401459854,401282073,2021,3
2546,Southeast Missouri State Redhawks,3910.0,2347,78.2,6.48,46.94,11,60.02557544757033,401282077,2021,3
142,Missouri Tigers,5157.0,4618,73.67,9.071428571428571,65.97142857142858,11,89.54818693038588,401282077,2021,3
2635,Tennessee Tech Golden Eagles,4458.0,1087,70.76,5.746031746031746,17.253968253968253,15,24.383131449080306,401282078,2021,3
2633,Tennessee Volunteers,4874.0,3173,62.49,7.384615384615385,40.67948717948718,14,65.1005334427575,401282078,2021,3
221,Pittsburgh Panthers,1489.0,2563,25.67,5.448275862068965,44.189655172413794,14,172.12894560107455,401282632,2021,3
2711,Western Michigan Broncos,2463.0,3592,30.04,7.463414634146342,43.80487804878049,15,145.8384084449858,401282632,2021,3
399,Albany Great Danes,1320.0,1425,24.91,5.69811320754717,26.88679245283019,14,107.95454545454545,401282633,2021,3
183,Syracuse Orange,2052.0,3374,31.09,6.757575757575758,51.121212121212125,14,164.42495126705654,401282633,2021,3
218,Temple Owls,4331.0,1941,74.67,7.913793103448276,33.46551724137931,11,44.81643962133457,401282634,2021,3
103,Boston College Eagles,2997.0,1664,65.15,5.956521739130435,36.17391304347826,10,55.52218885552219,401282634,2021,3
2132,Cincinnati Bearcats,1434.0,2577,20.49,6.628571428571429,36.81428571428572,14,179.7071129707113,401282725,2021,3
84,Indiana Hoosiers,2275.0,3203,29.55,7.701298701298701,41.5974025974026,14,140.7912087912088,401282725,2021,3
349,Army Black Knights,4484.0,3965,64.06,10.471428571428572,56.642857142857146,10,88.42551293487958,401286189,2021,3
41,UConn Huskies,3590.0,1725,79.78,6.866666666666666,38.333333333333336,9,48.050139275766014,401286189,2021,3
135,Minnesota Golden Gophers,2056.0,3006,30.24,6.779411764705882,44.205882352941174,13,146.20622568093384,401282791,2021,3
38,Colorado Buffaloes,1192.0,334,27.09,5.136363636363637,7.590909090909091,11,28.02013422818792,401282791,2021,3
2440,Nevada Wolf Pack,1600.0,2220,24.62,7.107692307692307,34.15384615384615,10,138.75,401287905,2021,3
2306,Kansas State Wildcats,1957.0,2843,32.08,8.032786885245901,46.60655737704918,10,145.2733776188043,401287905,2021,3
2509,Purdue Boilermakers,2056.0,2592,26.03,7.265822784810126,32.81012658227848,14,126.07003891050584,401282706,2021,3
87,Notre Dame Fighting Irish,1912.0,1957,29.88,6.4375,30.578125,14,102.35355648535565,401282706,2021,3
57,Florida Gators,1376.0,4419,19.38,9.112676056338028,62.23943661971831,10,321.1482558139535,401282071,2021,3
333,Alabama Crimson Tide,1757.0,3261,27.89,8.952380952380953,51.76190476190476,10,185.60045532157085,401282071,2021,3
2348,Louisiana Tech Bulldogs,5203.0,3552,76.51,7.220588235294118,52.23529411764706,12,68.26830674610801,401282199,2021,3
2567,SMU Mustangs,6067.0,4145,70.55,8.174418604651162,48.19767441860465,13,68.32042195483764,401282199,2021,3
2309,Kent State Golden Flashes,1533.0,2185,23.95,7.28125,34.140625,13,142.53098499673843,401282755,2021,3
2294,Iowa Hawkeyes,1766.0,4014,23.55,9.96,53.52,12,227.2933182332956,401282755,2021,3
164,Rutgers Scarlet Knights,4927.0,3493,74.65,8.166666666666666,52.92424242424242,10,70.89506799269333,401282823,2021,3
48,Delaware Blue Hens,4790.0,1816,79.83,7.616666666666666,30.266666666666666,11,37.91231732776618,401282823,2021,3
113,Massachusetts Minutemen,5621.0,3925,77.0,7.986301369863014,53.76712328767123,11,69.82743284113147,401286300,2021,3
2199,Eastern Michigan Eagles,4480.0,3612,68.92,7.061538461538461,55.56923076923077,11,80.625,401286300,2021,3
2305,Kansas Jayhawks,3654.0,1261,73.08,5.74,25.22,12,34.51012588943623,401287904,2021,3
239,Baylor Bears,4828.0,3554,71.0,7.176470588235294,52.26470588235294,12,73.6122618061309,401287904,2021,3
2803,Bryant Bulldogs,4114.0,2053,73.46,8.214285714285714,36.660714285714285,9,49.90277102576568,401309550,2021,3
2006,Akron Zips,3900.0,3148,65.0,6.766666666666667,52.46666666666667,10,80.71794871794872,401309550,2021,3
2026,Appalachian State Mountaineers,4496.0,3039,68.12,6.515151515151516,46.04545454545455,13,67.59341637010677,401309604,2021,3
2210,Elon Phoenix,4715.0,1711,74.84,5.619047619047619,27.158730158730158,13,36.28844114528102,401309604,2021,3
204,Oregon State Beavers,4081.0,3342,64.78,7.317460317460317,53.04761904761905,10,81.89169321244793,401309851,2021,3
70,Idaho Vandals,3935.0,1698,65.58,8.166666666666666,28.3,9,43.15120711562897,401309851,2021,3
265,Washington State Cougars,4584.0,2686,71.62,7.71875,41.96875,13,58.595113438045374,401309852,2021,3
30,USC Trojans,5164.0,3555,71.72,7.652777777777778,49.375,12,68.84198295894656,401309852,2021,3
52,Florida State Seminoles,3617.0,1989,72.34,6.2,39.78,12,54.99032347249101,401282635,2021,3
154,Wake Forest Demon Deacons,6074.0,4395,69.82,8.724137931034482,50.51724137931034,13,72.35758972670398,401282635,2021,3
228,Clemson Tigers,1896.0,2915,28.73,9.696969696969697,44.166666666666664,9,153.74472573839662,401282627,2021,3
59,Georgia Tech Yellow Jackets,1663.0,3070,23.42,9.661971830985916,43.23943661971831,11,184.60613349368612,401282627,2021,3
344,Mississippi State Bulldogs,5938.0,3720,71.54,8.951807228915662,44.81927710843374,13,62.64735601212529,401282076,2021,3
235,Memphis Tigers,3947.0,1989,74.47,6.716981132075472,37.528301886792455,11,50.39270331897644,401282076,2021,3
150,Duke Blue Devils,6907.0,3727,72.71,8.115789473684211,39.23157894736842,16,53.95975097726944,401282628,2021,3
77,Northwestern Wildcats,4725.0,2487,68.48,6.478260869565218,36.04347826086956,14,52.63492063492063,401282628,2021,3
2751,Wyoming Cowboys,4308.0,2655,70.62,6.704918032786885,43.52459016393443,11,61.629526462395546,401309549,2021,3
2050,Ball State Cardinals,5656.0,2651,75.41,8.133333333333333,35.346666666666664,13,46.87057991513437,401309549,2021,3
2649,Toledo Rockets,1566.0,1673,22.37,5.7,23.9,15,106.83269476372925,401309553,2021,3
36,Colorado State Rams,2012.0,2567,26.83,8.253333333333334,34.22666666666667,13,127.5844930417495,401309553,2021,3
25,California Golden Bears,5108.0,3510,78.58,7.3076923076923075,54.0,12,68.71574001566171,401309849,2021,3
16,Sacramento State Hornets,5321.0,3878,69.1,7.6103896103896105,50.36363636363637,12,72.88103739898516,401309849,2021,3
2032,Arkansas State Red Wolves,1584.0,1714,22.63,6.514285714285714,24.485714285714284,15,108.20707070707071,401309605,2021,3
264,Washington Huskies,1696.0,4395,21.2,7.35,54.9375,14,259.1391509433962,401309605,2021,3
189,Bowling Green Falcons,5227.0,3229,73.62,10.0,45.478873239436616,10,61.7753969772336,401309551,2021,3
93,Murray State Racers,4753.0,2454,74.27,8.453125,38.34375,11,51.630549126867244,401309551,2021,3
2636,UTSA Roadrunners,6131.0,3958,69.67,9.022727272727273,44.97727272727273,15,64.55716848801174,401282194,2021,3
2393,Middle Tennessee Blue Raiders,3834.0,916,68.46,3.982142857142857,16.357142857142858,15,23.89149713093375,401282194,2021,3
2226,Florida Atlantic Owls,6445.0,4556,70.05,8.173913043478262,49.52173913043478,14,70.69045771916214,401282198,2021,3
2230,Fordham Rams,4124.0,1065,71.1,4.103448275862069,18.362068965517242,17,25.824442289039766,401282198,2021,3
276,Marshall Thundering Herd,5290.0,3408,71.49,5.797297297297297,46.054054054054056,15,64.4234404536862,401282200,2021,3
151,East Carolina Pirates,6192.0,4007,72.85,7.588235294117647,47.141176470588235,16,64.7125322997416,401282200,2021,3
2335,Liberty Flames,4804.0,3665,68.63,8.042857142857143,52.357142857142854,12,76.29059117402164,401282201,2021,3
295,Old Dominion Monarchs,4213.0,1846,69.07,6.934426229508197,30.262295081967213,13,43.81675765487776,401282201,2021,3
2247,Georgia State Panthers,1211.0,2790,19.85,8.278688524590164,45.73770491803279,12,230.38810900082575,401282196,2021,3
2429,Charlotte 49ers,1677.0,2162,26.2,7.421875,33.78125,11,128.9206917113894,401282196,2021,3
2641,Texas Tech Red Raiders,2010.0,4094,28.31,7.76056338028169,57.66197183098591,12,203.681592039801,401282197,2021,3
2229,Florida International Panthers,1630.0,1916,28.6,6.017543859649122,33.6140350877193,13,117.54601226993866,401282197,2021,3
2653,Troy Trojans,4739.0,2352,68.68,6.217391304347826,34.08695652173913,15,49.630723781388475,401282203,2021,3
2572,Southern Miss Golden Eagles,5030.0,1271,76.21,5.863636363636363,19.257575757575758,15,25.268389662027833,401282203,2021,3
248,Houston Cougars,4810.0,3042,66.81,7.611111111111111,42.25,13,63.24324324324324,401301005,2021,3
2755,Grambling Tigers,3363.0,358,74.73,3.3777777777777778,7.955555555555556,14,10.645257210823669,401301005,2021,3
58,South Florida Bulls,2026.0,2675,28.54,6.084507042253521,37.67605633802817,14,132.0335636722606,401301006,2021,3
50,Florida A&M Rattlers,1499.0,3000,19.72,7.105263157894737,39.473684210526315,15,200.133422281521,401301006,2021,3
2916,Incarnate Word Cardinals,4424.0,3378,63.2,6.628571428571429,48.25714285714286,12,76.35623869801086,401309609,2021,3
326,Texas State Bobcats,5842.0,4227,70.39,9.80722891566265,50.9277108433735,12,72.35535775419378,401309609,2021,3
254,Utah Utes,5889.0,2898,70.11,7.880952380952381,34.5,15,49.21039225674987,401309856,2021,3
21,San Diego State Aztecs,4481.0,1455,74.68,5.15,24.25,16,32.470430707431376,401309856,2021,3
2117,Central Michigan Chippewas,4851.0,2073,71.34,7.735294117647059,30.485294117647058,12,42.733457019171304,401282074,2021,3
99,LSU Tigers,4550.0,3254,74.59,6.80327868852459,53.34426229508197,13,71.51648351648352,401282074,2021,3
5,UAB Blazers,4573.0,3008,73.76,7.838709677419355,48.516129032258064,13,65.77738902252351,401282195,2021,3
249,North Texas Mean Green,5613.0,2348,72.9,7.792207792207792,30.493506493506494,13,41.83146267593087,401282195,2021,3
231,Furman Paladins,3857.0,1103,72.77,4.90566037735849,20.81132075471698,13,28.59735545760954,401282630,2021,3
152,NC State Wolfpack,4587.0,3058,67.46,5.75,44.970588235294116,13,66.66666666666667,401282630,2021,3
2005,Air Force Falcons,5263.0,4235,70.17,7.866666666666666,56.46666666666667,13,80.46741402242067,401310704,2021,3
328,Utah State Aggies,2057.0,4980,23.11,8.168539325842696,55.95505617977528,13,242.10014584346135,401310704,2021,3
153,North Carolina Tar Heels,1774.0,4225,26.48,7.1940298507462686,63.059701492537314,12,238.16234498308907,401282631,2021,3
258,Virginia Cavaliers,2177.0,4430,28.27,8.155844155844155,57.532467532467535,11,203.49104271933854,401282631,2021,3
238,Vanderbilt Commodores,6721.0,4284,80.98,9.855421686746988,51.6144578313253,12,63.74051480434459,401282080,2021,3
24,Stanford Cardinal,3838.0,2703,69.78,6.381818181818182,49.14545454545455,11,70.42730588848359,401282080,2021,3
6,South Alabama Jaguars,4843.0,2987,73.38,7.636363636363637,45.25757575757576,12,61.67664670658683,401309608,2021,3
2016,Alcorn State Braves,4005.0,1968,62.58,6.15625,30.75,13,49.13857677902622,401309608,2021,3
2569,South Carolina State Bulldogs,5431.0,3641,75.43,7.513888888888889,50.56944444444444,12,67.0410605781624,401319455,2021,3
166,New Mexico State Aggies,4243.0,3116,67.35,6.936507936507937,49.46031746031746,12,73.43860476078247,401319455,2021,3
68,Boise State Broncos,4741.0,2426,69.72,7.779411764705882,35.6764705882353,12,51.17063910567391,401287903,2021,3
197,Oklahoma State Cowboys,4614.0,2098,69.91,7.742424242424242,31.78787878787879,13,45.470307758994366,401287903,2021,3
2464,Northern Arizona Lumberjacks,4176.0,1404,70.78,4.983050847457627,23.796610169491526,15,33.62068965517241,401309853,2021,3
12,Arizona Wildcats,4720.0,2083,69.41,5.514705882352941,30.63235294117647,16,44.13135593220339,401309853,2021,3
62,Hawai'i Rainbow Warriors,2049.0,2448,26.96,6.342105263157895,32.21052631578947,17,119.47291361639824,401310705,2021,3
23,San José State Spartans,1942.0,1736,25.22,5.779220779220779,22.545454545454547,16,89.3923789907312,401310705,2021,3
2026,Appalachian State Mountaineers,6789.0,4980,74.6,8.87912087912088,54.72527472527472,12,73.35395492708794,401282208,2021,4
276,Marshall Thundering Herd,4466.0,2779,73.21,7.754098360655738,45.557377049180324,10,62.225705329153605,401282208,2021,4
2439,UNLV Rebels,4887.0,2987,76.36,6.796875,46.671875,14,61.12134233681195,401310707,2021,4
278,Fresno State Bulldogs,4528.0,2913,69.66,6.030769230769231,44.815384615384616,14,64.33303886925795,401310707,2021,4
2393,Middle Tennessee Blue Raiders,1504.0,3393,24.26,7.064516129032258,54.725806451612904,12,225.59840425531914,401282204,2021,4
2429,Charlotte 49ers,1658.0,4453,23.35,7.732394366197183,62.71830985915493,11,268.57659831121833,401282204,2021,4
154,Wake Forest Demon Deacons,5487.0,4551,74.15,9.5,61.5,10,82.941498086386,401282638,2021,4
258,Virginia Cavaliers,6955.0,4930,80.87,10.011627906976743,57.325581395348834,11,70.8842559309849,401282638,2021,4
2335,Liberty Flames,1620.0,2626,26.56,6.737704918032787,43.049180327868854,12,162.09876543209876,401282637,2021,4
183,Syracuse Orange,1392.0,2635,21.09,6.96969696969697,39.92424242424242,12,189.29597701149424,401282637,2021,4
2572,Southern Miss Golden Eagles,4163.0,1811,74.34,6.392857142857143,32.339285714285715,12,43.502282008167185,401282081,2021,4
333,Alabama Crimson Tide,4669.0,3900,80.5,7.517241379310345,67.24137931034483,10,83.52966373955879,401282081,2021,4
238,Vanderbilt Commodores,3376.0,505,73.39,4.521739130434782,10.978260869565217,14,14.958530805687204,401282088,2021,4
61,Georgia Bulldogs,4432.0,3430,59.89,6.324324324324325,46.351351351351354,15,77.39169675090253,401282088,2021,4
12,Arizona Wildcats,6971.0,5042,78.33,10.696629213483146,56.651685393258425,12,72.32821689857983,401309859,2021,4
2483,Oregon Ducks,3703.0,2262,67.33,5.9818181818181815,41.127272727272725,11,61.085606265190385,401309859,2021,4
2294,Iowa Hawkeyes,3658.0,1336,67.74,4.555555555555555,24.74074074074074,14,36.522689994532534,401282756,2021,4
36,Colorado State Rams,5473.0,1304,70.17,6.102564102564102,16.71794871794872,15,23.82605517997442,401282756,2021,4
222,Villanova Wildcats,4669.0,2146,77.82,6.35,35.766666666666666,13,45.962732919254655,401282817,2021,4
213,Penn State Nittany Lions,4325.0,2638,66.54,6.615384615384615,40.58461538461538,13,60.994219653179194,401282817,2021,4
8,Arkansas Razorbacks,4909.0,2435,73.27,6.985074626865671,36.343283582089555,12,49.60277042167448,401282082,2021,4
245,Texas A&M Aggies,4350.0,1274,73.73,6.084745762711864,21.593220338983052,12,29.28735632183908,401282082,2021,4
228,Clemson Tigers,3445.0,1214,71.77,4.125,25.291666666666668,13,35.23947750362845,401282643,2021,4
152,NC State Wolfpack,7015.0,3406,73.07,8.447916666666666,35.479166666666664,14,48.55310049893086,401282643,2021,4
194,Ohio State Buckeyes,4510.0,3394,73.93,6.688524590163935,55.63934426229508,12,75.2549889135255,401282811,2021,4
2006,Akron Zips,5648.0,2229,76.32,7.108108108108108,30.12162162162162,14,39.46529745042493,401282811,2021,4
57,Florida Gators,4941.0,3915,72.66,8.014705882352942,57.5735294117647,10,79.23497267759562,401282084,2021,4
2633,Tennessee Volunteers,5878.0,2989,86.44,7.882352941176471,43.955882352941174,11,50.850629465804694,401282084,2021,4
87,Notre Dame Fighting Irish,4762.0,2238,70.03,9.029411764705882,32.911764705882355,13,46.99706005879882,401282707,2021,4
275,Wisconsin Badgers,4829.0,1689,69.99,5.115942028985507,24.47826086956522,17,34.97618554566163,401282707,2021,4
66,Iowa State Cyclones,5522.0,3955,76.69,8.305555555555555,54.93055555555556,11,71.62260050706266,401287907,2021,4
239,Baylor Bears,3628.0,2165,69.77,6.4423076923076925,41.63461538461539,11,59.674751929437704,401287907,2021,4
252,BYU Cougars,3196.0,2654,63.92,6.84,53.08,8,83.04130162703379,401301009,2021,4
58,South Florida Bulls,5762.0,4668,80.03,12.708333333333334,64.83333333333333,8,81.01353696633113,401301009,2021,4
324,Coastal Carolina Chanticleers,5073.0,4772,73.52,9.826086956521738,69.15942028985508,9,94.06662724226297,401286301,2021,4
113,Massachusetts Minutemen,4068.0,1705,75.33,8.148148148148149,31.574074074074073,9,41.912487708947886,401286301,2021,4
127,Michigan State Spartans,2955.0,1185,65.67,5.0,26.333333333333332,13,40.101522842639596,401282784,2021,4
158,Nebraska Cornhuskers,6308.0,3668,76.93,8.378048780487806,44.73170731707317,14,58.14838300570704,401282784,2021,4
59,Georgia Tech Yellow Jackets,4000.0,2720,66.67,7.166666666666667,45.333333333333336,12,68.0,401282641,2021,4
153,North Carolina Tar Heels,5490.0,2293,74.19,6.72972972972973,30.986486486486488,13,41.766848816029146,401282641,2021,4
2306,Kansas State Wildcats,4083.0,1860,74.24,6.581818181818182,33.81818181818182,13,45.5547391623806,401287909,2021,4
197,Oklahoma State Cowboys,5707.0,3660,77.12,7.608108108108108,49.45945945945946,13,64.13176800420536,401287909,2021,4
344,Mississippi State Bulldogs,6638.0,4926,75.43,9.954545454545455,55.97727272727273,11,74.20909912624285,401282085,2021,4
99,LSU Tigers,3540.0,1851,68.08,6.346153846153846,35.59615384615385,11,52.28813559322034,401282085,2021,4
103,Boston College Eagles,5326.0,4291,68.28,11.333333333333334,55.01282051282051,10,80.56702966579046,401282086,2021,4
142,Missouri Tigers,1946.0,3558,29.94,9.2,54.738461538461536,10,182.8365878725591,401282086,2021,4
2117,Central Michigan Chippewas,6619.0,4111,75.22,7.0,46.71590909090909,16,62.10907992143829,401282206,2021,4
2229,Florida International Panthers,5191.0,2774,76.34,5.794117647058823,40.794117647058826,15,53.438643806588324,401282206,2021,4
160,New Hampshire Wildcats,3965.0,847,76.25,4.384615384615385,16.28846153846154,15,21.36191677175284,401282644,2021,4
221,Pittsburgh Panthers,5551.0,4876,68.53,7.654320987654321,60.19753086419753,13,87.84002882363538,401282644,2021,4
259,Virginia Tech Hokies,4534.0,2170,76.85,6.576271186440678,36.779661016949156,11,47.8606087340097,401282645,2021,4
257,Richmond Spiders,4265.0,1485,76.16,6.839285714285714,26.517857142857142,12,34.81828839390387,401282645,2021,4
189,Bowling Green Falcons,1575.0,2083,24.23,6.8307692307692305,32.04615384615385,12,132.25396825396825,401282792,2021,4
135,Minnesota Golden Gophers,1815.0,1555,26.69,7.102941176470588,22.86764705882353,13,85.67493112947659,401282792,2021,4
195,Ohio Bobcats,5005.0,1943,80.73,6.612903225806452,31.338709677419356,13,38.82117882117882,401282805,2021,4
77,Northwestern Wildcats,4497.0,3192,65.17,7.768115942028985,46.26086956521739,12,70.98065376917945,401282805,2021,4
2628,TCU Horned Frogs,3987.0,2493,71.2,6.625,44.517857142857146,11,62.52821670428894,401287910,2021,4
2567,SMU Mustangs,5825.0,4259,72.81,8.025,53.2375,12,73.11587982832619,401287910,2021,4
2641,Texas Tech Red Raiders,1699.0,3371,24.99,9.058823529411764,49.5735294117647,13,198.41082989994115,401287911,2021,4
251,Texas Longhorns,1821.0,4886,24.28,8.226666666666667,65.14666666666666,11,268.3141131246568,401287911,2021,4
2681,Wagner Seahawks,4043.0,1233,73.51,5.618181818181818,22.418181818181818,13,30.49715557754143,401301010,2021,4
218,Temple Owls,4548.0,3245,74.56,7.229508196721311,53.19672131147541,12,71.3500439753738,401301010,2021,4
193,Miami (OH) RedHawks,3676.0,2006,78.21,8.02127659574468,42.680851063829785,10,54.57018498367791,401308834,2021,4
349,Army Black Knights,4756.0,2829,69.94,9.470588235294118,41.60294117647059,11,59.48275862068966,401308834,2021,4
328,Utah State Aggies,1238.0,3147,17.19,7.583333333333333,43.708333333333336,13,254.20032310177706,401310706,2021,4
68,Boise State Broncos,1641.0,2718,21.59,7.131578947368421,35.76315789473684,13,165.63071297989032,401310706,2021,4
23,San José State Spartans,1554.0,786,29.32,4.9245283018867925,14.830188679245284,12,50.57915057915058,401309554,2021,4
2711,Western Michigan Broncos,1786.0,2506,26.66,7.044776119402985,37.40298507462686,12,140.31354983202687,401309554,2021,4
2050,Ball State Cardinals,4894.0,2581,69.91,8.014285714285714,36.871428571428574,12,52.73804658765836,401309555,2021,4
2649,Toledo Rockets,4891.0,2881,77.63,7.4603174603174605,45.73015873015873,11,58.9041095890411,401309555,2021,4
2199,Eastern Michigan Eagles,4848.0,3860,62.15,7.1923076923076925,49.48717948717949,12,79.62046204620462,401309557,2021,4
326,Texas State Bobcats,4524.0,1794,74.16,5.524590163934426,29.40983606557377,13,39.6551724137931,401309557,2021,4
2459,Northern Illinois Huskies,5433.0,3819,78.74,6.739130434782608,55.34782608695652,13,70.2926559911651,401309556,2021,4
311,Maine Black Bears,3987.0,2049,71.2,5.732142857142857,36.589285714285715,13,51.39202407825432,401309556,2021,4
254,Utah Utes,3723.0,2622,70.25,7.245283018867925,49.471698113207545,10,70.42707493956486,401309861,2021,4
265,Washington State Cougars,5309.0,2448,75.84,8.128571428571428,34.97142857142857,11,46.11037860237333,401309861,2021,4
2509,Purdue Boilermakers,1363.0,2763,21.98,8.370967741935484,44.564516129032256,10,202.71460014673514,401282716,2021,4
356,Illinois Fighting Illini,1919.0,2461,27.81,8.27536231884058,35.666666666666664,11,128.2438770192809,401282716,2021,4
120,Maryland Terrapins,4609.0,3303,67.78,6.897058823529412,48.5735294117647,13,71.66413538728574,401282765,2021,4
2309,Kent State Golden Flashes,5638.0,3260,72.28,7.371794871794871,41.794871794871796,13,57.821922667612625,401282765,2021,4
41,UConn Huskies,4706.0,3093,71.3,9.757575757575758,46.86363636363637,12,65.72460688482788,401286190,2021,4
2751,Wyoming Cowboys,4855.0,3061,71.4,8.720588235294118,45.01470588235294,11,63.04840370751802,401286190,2021,4
119,Towson Tigers,4222.0,1603,74.07,5.368421052631579,28.12280701754386,13,37.96778777830412,401310709,2021,4
21,San Diego State Aztecs,5199.0,3762,72.21,9.01388888888889,52.25,12,72.3600692440854,401310709,2021,4
2636,UTSA Roadrunners,6668.0,3988,74.09,8.333333333333334,44.31111111111111,14,59.808038392321535,401282213,2021,4
235,Memphis Tigers,4126.0,2161,73.68,5.339285714285714,38.589285714285715,12,52.37518177411537,401282213,2021,4
97,Louisville Cardinals,5322.0,3270,66.53,8.4125,40.875,13,61.44306651634724,401282640,2021,4
52,Florida State Seminoles,5940.0,2777,79.2,6.506666666666667,37.026666666666664,14,46.75084175084175,401282640,2021,4
130,Michigan Wolverines,1649.0,2149,31.11,8.60377358490566,40.54716981132076,11,130.32140691328078,401282775,2021,4
164,Rutgers Scarlet Knights,1774.0,3536,24.3,9.246575342465754,48.43835616438356,11,199.32356257046223,401282775,2021,4
2,Auburn Tigers,1762.0,3721,22.59,8.448717948717949,47.705128205128204,12,211.18047673098752,401282083,2021,4
2247,Georgia State Panthers,1630.0,2884,22.96,7.549295774647887,40.61971830985915,15,176.93251533742333,401282083,2021,4
150,Duke Blue Devils,5718.0,4125,71.47,7.6875,51.5625,14,72.14060860440713,401282639,2021,4
2305,Kansas Jayhawks,4765.0,3221,67.11,6.774647887323944,45.36619718309859,15,67.59706190975865,401282639,2021,4
295,Old Dominion Monarchs,5284.0,3192,64.44,7.134146341463414,38.926829268292686,15,60.40878122634368,401282209,2021,4
2084,Buffalo Bulls,0.0,2520,0.0,6.548387096774194,40.645161290322584,12,,401282209,2021,4
151,East Carolina Pirates,1949.0,1826,33.6,5.793103448275862,31.482758620689655,14,93.68907131862494,401301007,2021,4
2127,Charleston Southern Buccaneers,2185.0,5022,22.07,8.828282828282829,50.72727272727273,15,229.83981693363845,401301007,2021,4
290,Georgia Southern Eagles,1828.0,3487,22.85,8.5625,43.5875,13,190.75492341356673,401309610,2021,4
309,Louisiana Ragin' Cajuns,1716.0,2279,26.81,5.75,35.609375,13,132.8088578088578,401309610,2021,4
2640,Texas Southern Tigers,5046.0,3187,72.09,6.571428571428571,45.52857142857143,14,63.15893777249306,401282210,2021,4
242,Rice Owls,5133.0,3883,70.32,7.082191780821918,53.19178082191781,13,75.64776933567114,401282210,2021,4
2579,South Carolina Gamecocks,3592.0,1466,70.43,5.980392156862745,28.745098039215687,10,40.81291759465479,401282087,2021,4
96,Kentucky Wildcats,4895.0,3106,75.31,8.6,47.784615384615385,11,63.45250255362615,401282087,2021,4
249,North Texas Mean Green,6265.0,3538,72.85,9.209302325581396,41.13953488372093,12,56.472466081404626,401282205,2021,4
2348,Louisiana Tech Bulldogs,4143.0,2239,64.73,6.703125,34.984375,11,54.0429640357229,401282205,2021,4
248,Houston Cougars,1573.0,3026,25.37,7.82258064516129,48.806451612903224,9,192.37126509853783,401301008,2021,4
2426,Navy Midshipmen,1223.0,2730,20.73,9.711864406779661,46.271186440677965,10,223.221586263287,401301008,2021,4
201,Oklahoma Sooners,1480.0,3200,23.49,10.047619047619047,50.79365079365079,9,216.21621621621622,401287908,2021,4
277,West Virginia Mountaineers,1850.0,2672,29.37,9.761904761904763,42.41269841269841,9,144.43243243243242,401287908,2021,4
2005,Air Force Falcons,5931.0,4458,77.03,9.61038961038961,57.896103896103895,11,75.16439049064239,401282207,2021,4
2226,Florida Atlantic Owls,3762.0,1153,70.98,5.943396226415095,21.754716981132077,11,30.648591174906965,401282207,2021,4
5,UAB Blazers,5430.0,3880,72.4,9.0,51.733333333333334,11,71.4548802946593,401282211,2021,4
2655,Tulane Green Wave,6118.0,4221,78.44,8.307692307692308,54.11538461538461,12,68.99313501144165,401282211,2021,4
84,Indiana Hoosiers,7068.0,5333,77.67,10.571428571428571,58.604395604395606,10,75.45274476513865,401282214,2021,4
98,Western Kentucky Hilltoppers,4931.0,3778,77.05,9.0625,59.03125,9,76.61731900223079,401282214,2021,4
2433,UL Monroe Warhawks,4106.0,2183,70.79,6.155172413793103,37.63793103448276,12,53.1660983925962,401309611,2021,4
2653,Troy Trojans,5230.0,2365,73.66,6.323943661971831,33.309859154929576,14,45.219885277246654,401309611,2021,4
62,Hawai'i Rainbow Warriors,3745.0,2259,64.57,5.741379310344827,38.94827586206897,13,60.32042723631508,401310708,2021,4
166,New Mexico State Aggies,6398.0,3373,73.54,8.816091954022989,38.770114942528735,13,52.71959987496093,401310708,2021,4
167,New Mexico Lobos,5294.0,2149,71.54,6.95945945945946,29.04054054054054,14,40.59312429165092,401282212,2021,4
2638,UTEP Miners,4464.0,2032,74.4,6.0,33.86666666666667,13,45.51971326164875,401282212,2021,4
25,California Golden Bears,5165.0,3433,70.75,8.698630136986301,47.02739726027397,11,66.46660212971926,401309857,2021,4
264,Washington Huskies,3698.0,2225,64.88,7.4035087719298245,39.03508771929825,11,60.16765819361817,401309857,2021,4
30,USC Trojans,5633.0,3468,80.47,7.128571428571429,49.542857142857144,12,61.56577312266998,401309860,2021,4
204,Oregon State Beavers,4686.0,3763,68.91,6.926470588235294,55.338235294117645,12,80.3030303030303,401309860,2021,4
9,Arizona State Sun Devils,1516.0,2773,26.14,5.862068965517241,47.810344827586206,11,182.9155672823219,401309862,2021,4
38,Colorado Buffaloes,1114.0,2387,18.88,7.559322033898305,40.45762711864407,10,214.2728904847397,401309862,2021,4
258,Virginia Cavaliers,6065.0,3519,77.76,7.32051282051282,45.11538461538461,13,58.021434460016486,401282646,2021,5
2390,Miami Hurricanes,5430.0,3042,78.7,7.434782608695652,44.08695652173913,14,56.02209944751381,401282646,2021,5
2294,Iowa Hawkeyes,4641.0,3126,58.01,6.95,39.075,14,67.35617323852618,401282759,2021,5
120,Maryland Terrapins,4096.0,1596,75.85,5.037037037037037,29.555555555555557,14,38.96484375,401282759,2021,5
248,Houston Cougars,1797.0,2331,28.98,6.064516129032258,37.596774193548384,13,129.71619365609348,401301012,2021,5
202,Tulsa Golden Hurricane,1510.0,1856,22.54,6.223880597014926,27.70149253731343,14,122.91390728476821,401301012,2021,5
252,BYU Cougars,4294.0,3040,68.16,7.603174603174603,48.25396825396825,11,70.79646017699115,401309912,2021,5
328,Utah State Aggies,1678.0,4071,20.22,10.686746987951807,49.04819277108434,11,242.61025029797378,401309912,2021,5
145,Ole Miss Rebels,4391.0,2814,69.7,9.063492063492063,44.666666666666664,10,64.08562969710772,401282089,2021,5
333,Alabama Crimson Tide,5273.0,4143,69.38,8.789473684210526,54.51315789473684,10,78.57007396169163,401282089,2021,5
8,Arkansas Razorbacks,3360.0,1132,74.67,6.311111111111111,25.155555555555555,10,33.69047619047619,401282090,2021,5
61,Georgia Bulldogs,4801.0,3438,71.66,8.791044776119403,51.3134328358209,9,71.61008123307644,401282090,2021,5
84,Indiana Hoosiers,4449.0,1480,75.41,5.101694915254237,25.084745762711865,14,33.265902449988765,401282729,2021,5
213,Penn State Nittany Lions,5749.0,3729,76.65,8.133333333333333,49.72,13,64.86345451382849,401282729,2021,5
2306,Kansas State Wildcats,5169.0,4197,77.15,12.014925373134329,62.64179104477612,7,81.19558908879861,401287913,2021,5
201,Oklahoma Sooners,3768.0,3234,63.86,8.423728813559322,54.813559322033896,9,85.828025477707,401287913,2021,5
87,Notre Dame Fighting Irish,5413.0,2616,73.15,7.5675675675675675,35.351351351351354,12,48.32809902087567,401282708,2021,5
2132,Cincinnati Bearcats,3917.0,2024,66.39,5.576271186440678,34.30508474576271,13,51.67219811079908,401282708,2021,5
57,Florida Gators,5274.0,2909,74.28,8.056338028169014,40.971830985915496,12,55.15737580583997,401282091,2021,5
96,Kentucky Wildcats,3364.0,1299,71.57,5.0,27.638297872340427,11,38.61474435196195,401282091,2021,5
164,Rutgers Scarlet Knights,5445.0,2592,76.69,8.183098591549296,36.50704225352113,13,47.603305785123965,401282813,2021,5
194,Ohio State Buckeyes,4774.0,3296,74.59,6.640625,51.5,12,69.04063678257226,401282813,2021,5
130,Michigan Wolverines,4774.0,2425,64.51,6.635135135135135,32.770270270270274,15,50.79597821533305,401282776,2021,5
275,Wisconsin Badgers,4169.0,1631,75.8,7.072727272727272,29.654545454545456,13,39.12209162868793,401282776,2021,5
245,Texas A&M Aggies,3887.0,2207,74.75,6.923076923076923,42.44230769230769,10,56.77900694623103,401282095,2021,5
344,Mississippi State Bulldogs,5318.0,3497,69.97,8.907894736842104,46.01315789473684,11,65.75780368559609,401282095,2021,5
2433,UL Monroe Warhawks,3898.0,1427,72.19,6.666666666666667,26.425925925925927,11,36.60851718830169,401309614,2021,5
324,Coastal Carolina Chanticleers,4856.0,4115,73.58,8.242424242424242,62.34848484848485,11,84.74052718286656,401309614,2021,5
127,Michigan State Spartans,5048.0,4112,71.1,8.32394366197183,57.91549295774648,11,81.45800316957211,401282223,2021,5
98,Western Kentucky Hilltoppers,6608.0,4820,74.25,9.685393258426966,54.157303370786515,13,72.94188861985472,401282223,2021,5
62,Hawai'i Rainbow Warriors,4834.0,2569,69.06,6.542857142857143,36.7,13,53.14439387670666,401310712,2021,5
278,Fresno State Bulldogs,5520.0,3754,67.32,7.658536585365853,45.78048780487805,13,68.0072463768116,401310712,2021,5
197,Oklahoma State Cowboys,6031.0,3658,73.55,8.012195121951219,44.609756097560975,14,60.65329132813795,401287914,2021,5
239,Baylor Bears,4190.0,1594,74.82,5.142857142857143,28.464285714285715,13,38.042959427207634,401287914,2021,5
2348,Louisiana Tech Bulldogs,6055.0,3875,77.63,7.948717948717949,49.67948717948718,13,63.99669694467382,401282220,2021,5
152,NC State Wolfpack,4822.0,3088,71.97,6.477611940298507,46.08955223880597,13,64.03981750311074,401282220,2021,5
97,Louisville Cardinals,5206.0,3522,75.45,7.811594202898551,51.04347826086956,12,67.65270841336918,401282651,2021,5
154,Wake Forest Demon Deacons,5864.0,4506,72.4,8.481481481481481,55.629629629629626,13,76.84174624829468,401282651,2021,5
103,Boston College Eagles,5488.0,2894,74.16,8.256756756756756,39.108108108108105,13,52.7332361516035,401282647,2021,5
228,Clemson Tigers,5138.0,2822,77.85,6.515151515151516,42.75757575757576,13,54.924094978590894,401282647,2021,5
2633,Tennessee Volunteers,5170.0,5000,68.03,9.289473684210526,65.78947368421052,11,96.71179883945841,401282093,2021,5
142,Missouri Tigers,5819.0,3377,79.71,9.082191780821917,46.26027397260274,11,58.034026465028354,401282093,2021,5
2429,Charlotte 49ers,3467.0,2103,75.37,8.5,45.71739130434783,8,60.657629074127485,401282219,2021,5
356,Illinois Fighting Illini,4614.0,3622,69.91,11.424242424242424,54.878787878787875,9,78.50021673168617,401282219,2021,5
59,Georgia Tech Yellow Jackets,4555.0,2745,74.67,6.295081967213115,45.0,13,60.26344676180022,401282649,2021,5
221,Pittsburgh Panthers,5680.0,4090,73.77,8.194805194805195,53.116883116883116,13,72.00704225352112,401282649,2021,5
153,North Carolina Tar Heels,1924.0,2870,27.49,6.0285714285714285,41.0,13,149.16839916839916,401282650,2021,5
150,Duke Blue Devils,1221.0,1807,19.38,5.714285714285714,28.682539682539684,14,147.993447993448,401282650,2021,5
135,Minnesota Golden Gophers,3484.0,1508,72.58,6.083333333333333,31.416666666666668,10,43.28358208955224,401282793,2021,5
2509,Purdue Boilermakers,6171.0,3803,83.39,8.91891891891892,51.391891891891895,10,61.62696483552099,401282793,2021,5
113,Massachusetts Minutemen,1422.0,716,27.88,4.254901960784314,14.03921568627451,14,50.351617440225034,401286302,2021,5
2649,Toledo Rockets,1511.0,3236,20.7,7.232876712328767,44.32876712328767,15,214.162806088683,401286302,2021,5
2628,TCU Horned Frogs,5202.0,3323,76.5,8.794117647058824,48.86764705882353,11,63.87927720107651,401287915,2021,5
251,Texas Longhorns,4855.0,3479,65.61,7.797297297297297,47.013513513513516,12,71.65808444902163,401287915,2021,5
218,Temple Owls,5967.0,4380,72.77,10.073170731707316,53.41463414634146,11,73.40372046254399,401301015,2021,5
235,Memphis Tigers,6040.0,4426,77.44,9.948717948717949,56.743589743589745,11,73.27814569536424,401301015,2021,5
2084,Buffalo Bulls,5100.0,2036,100.0,7.921568627450981,39.92156862745098,9,39.92156862745098,401309561,2021,5
2711,Western Michigan Broncos,1910.0,4817,23.88,12.125,60.2125,9,252.19895287958116,401309561,2021,5
2247,Georgia State Panthers,5877.0,3253,77.33,7.5131578947368425,42.80263157894737,14,55.35136974646929,401309612,2021,5
2026,Appalachian State Mountaineers,4936.0,3100,68.56,7.138888888888889,43.05555555555556,14,62.80388978930308,401309612,2021,5
38,Colorado Buffaloes,3888.0,1212,72.0,4.833333333333333,22.444444444444443,12,31.17283950617284,401309867,2021,5
30,USC Trojans,4583.0,2666,72.75,6.873015873015873,42.317460317460316,13,58.17150338206415,401309867,2021,5
2459,Northern Illinois Huskies,5095.0,3462,67.93,9.133333333333333,46.16,11,67.94896957801767,401309558,2021,5
2199,Eastern Michigan Eagles,4734.0,2818,73.97,7.109375,44.03125,11,59.52682720743557,401309558,2021,5
2579,South Carolina Gamecocks,1569.0,2980,25.72,9.754098360655737,48.85245901639344,8,189.92989165073294,401282094,2021,5
2653,Troy Trojans,1363.0,2260,21.3,6.4375,35.3125,12,165.81071166544388,401282094,2021,5
2229,Florida International Panthers,5046.0,2294,76.45,6.121212121212121,34.75757575757576,14,45.46175188267935,401282215,2021,5
2226,Florida Atlantic Owls,5664.0,4717,75.52,7.506666666666667,62.89333333333333,13,83.28036723163842,401282215,2021,5
183,Syracuse Orange,3855.0,2036,62.18,5.080645161290323,32.83870967741935,14,52.81452658884565,401282648,2021,5
52,Florida State Seminoles,4697.0,2765,68.07,7.884057971014493,40.072463768115945,13,58.867362146050674,401282648,2021,5
277,West Virginia Mountaineers,4971.0,3147,80.18,8.580645161290322,50.75806451612903,9,63.307181653590824,401287916,2021,5
2641,Texas Tech Red Raiders,4477.0,2907,68.88,8.6,44.723076923076924,9,64.93187402278312,401287916,2021,5
2116,UCF Knights,3916.0,2482,69.93,7.357142857142857,44.32142857142857,11,63.38100102145046,401301013,2021,5
2426,Navy Midshipmen,5349.0,4100,69.47,10.909090909090908,53.246753246753244,9,76.64984109179287,401301013,2021,5
151,East Carolina Pirates,4829.0,3995,62.71,8.0,51.883116883116884,12,82.72934354938911,401301014,2021,5
2655,Tulane Green Wave,5427.0,3163,78.65,6.826086956521739,45.84057971014493,12,58.28266077022296,401301014,2021,5
195,Ohio Bobcats,1634.0,3431,22.38,8.178082191780822,47.0,11,209.97552019583844,401309560,2021,5
2006,Akron Zips,1643.0,2176,26.93,7.819672131147541,35.67213114754098,11,132.44065733414484,401309560,2021,5
2309,Kent State Golden Flashes,5738.0,4011,67.51,9.670588235294117,47.188235294117646,12,69.90240501917044,401309562,2021,5
189,Bowling Green Falcons,4812.0,2312,67.77,7.71830985915493,32.563380281690144,11,48.046550290939315,401309562,2021,5
24,Stanford Cardinal,1741.0,2960,24.52,7.732394366197183,41.690140845070424,13,170.01723147616312,401309864,2021,5
2483,Oregon Ducks,2313.0,3136,29.28,8.405063291139241,39.69620253164557,12,135.58149589277994,401309864,2021,5
2440,Nevada Wolf Pack,4175.0,2941,61.4,7.764705882352941,43.25,12,70.44311377245509,401310711,2021,5
68,Boise State Broncos,6136.0,3937,75.75,10.061728395061728,48.60493827160494,12,64.16232073011734,401310711,2021,5
2567,SMU Mustangs,5616.0,4441,72.0,9.064102564102564,56.93589743589744,11,79.07763532763532,401301016,2021,5
58,South Florida Bulls,4287.0,2626,73.91,7.431034482758621,45.275862068965516,12,61.25495684627945,401301016,2021,5
2032,Arkansas State Red Wolves,2078.0,3499,24.45,5.811764705882353,41.16470588235294,17,168.38306063522617,401309613,2021,5
290,Georgia Southern Eagles,1663.0,2926,26.82,5.645161290322581,47.193548387096776,16,175.94708358388453,401309613,2021,5
349,Army Black Knights,5567.0,3417,74.23,9.306666666666667,45.56,12,61.3795581102928,401309559,2021,5
2050,Ball State Cardinals,3807.0,1256,70.5,5.703703703703703,23.25925925925926,12,32.99185710533228,401309559,2021,5
25,California Golden Bears,4564.0,1906,72.44,6.2063492063492065,30.253968253968253,12,41.76161262050832,401309863,2021,5
265,Washington State Cougars,4998.0,2757,68.47,7.726027397260274,37.76712328767123,13,55.16206482593037,401309863,2021,5
2439,UNLV Rebels,5250.0,3261,78.36,9.761194029850746,48.67164179104478,11,62.114285714285714,401282222,2021,5
2636,UTSA Roadrunners,4609.0,3212,65.84,8.985714285714286,45.885714285714286,10,69.68973747016706,401282222,2021,5
2572,Southern Miss Golden Eagles,5037.0,2683,75.18,7.313432835820896,40.04477611940298,12,53.26583283700615,401282218,2021,5
242,Rice Owls,4257.0,2112,77.4,6.890909090909091,38.4,11,49.6124031007752,401282218,2021,5
167,New Mexico Lobos,3176.0,1458,77.46,6.439024390243903,35.5609756097561,9,45.90680100755667,401310710,2021,5
2005,Air Force Falcons,4714.0,4034,66.39,10.19718309859155,56.816901408450704,10,85.5748833262622,401310710,2021,5
2393,Middle Tennessee Blue Raiders,4319.0,2017,65.44,5.409090909090909,30.560606060606062,16,46.70062514470942,401282216,2021,5
276,Marshall Thundering Herd,6463.0,4150,79.79,8.246913580246913,51.23456790123457,16,64.21166640878849,401282216,2021,5
2335,Liberty Flames,4914.0,3661,74.45,6.7727272727272725,55.46969696969697,11,74.5014245014245,401282221,2021,5
5,UAB Blazers,5477.0,2535,79.38,7.507246376811594,36.73913043478261,12,46.284462296877855,401282221,2021,5
2305,Kansas Jayhawks,4523.0,2128,69.58,6.7384615384615385,32.738461538461536,12,47.04841919080256,401287912,2021,5
66,Iowa State Cyclones,4052.0,3098,67.53,6.266666666666667,51.63333333333333,12,76.45607107601185,401287912,2021,5
238,Vanderbilt Commodores,5657.0,3693,77.49,8.41095890410959,50.58904109589041,12,65.28195156443344,401282096,2021,5
41,UConn Huskies,5513.0,3866,71.6,7.571428571428571,50.20779220779221,13,70.12515871576274,401282096,2021,5
158,Nebraska Cornhuskers,5525.0,4714,74.66,9.135135135135135,63.7027027027027,11,85.32126696832579,401282800,2021,5
77,Northwestern Wildcats,4906.0,1994,75.48,6.7384615384615385,30.676923076923078,11,40.644109253974726,401282800,2021,5
99,LSU Tigers,4852.0,2826,69.31,8.442857142857143,40.371428571428574,10,58.244023083264636,401282092,2021,5
2,Auburn Tigers,1433.0,4232,18.86,9.092105263157896,55.68421052631579,11,295.324494068388,401282092,2021,5
2638,UTEP Miners,4767.0,3819,72.23,10.303030303030303,57.86363636363637,11,80.11327879169289,401282217,2021,5
295,Old Dominion Monarchs,5487.0,2689,77.28,10.056338028169014,37.87323943661972,10,49.006743211226535,401282217,2021,5
204,Oregon State Beavers,3769.0,1993,59.83,7.301587301587301,31.634920634920636,12,52.87874767842929,401309865,2021,5
264,Washington Huskies,4462.0,2331,73.15,7.049180327868853,38.21311475409836,12,52.24114746750336,401309865,2021,5
26,UCLA Bruins,6146.0,3792,74.95,9.109756097560975,46.24390243902439,12,61.698665798893586,401309866,2021,5
9,Arizona State Sun Devils,991.0,2702,20.22,6.061224489795919,55.142857142857146,11,272.65388496468216,401309866,2021,5
23,San José State Spartans,1202.0,2738,24.53,7.122448979591836,55.87755102040816,10,227.78702163061564,401310713,2021,5
166,New Mexico State Aggies,1483.0,3637,22.13,8.626865671641792,54.28358208955224,10,245.24612272420768,401310713,2021,5
2032,Arkansas State Red Wolves,4508.0,1926,77.72,5.724137931034483,33.206896551724135,13,42.724046140195206,401309616,2021,6
324,Coastal Carolina Chanticleers,4331.0,3130,68.75,6.317460317460317,49.682539682539684,13,72.26968367582545,401309616,2021,6
2655,Tulane Green Wave,5251.0,1936,76.1,6.6231884057971016,28.057971014492754,14,36.869167777566176,401301017,2021,6
248,Houston Cougars,4724.0,3088,65.61,6.972222222222222,42.888888888888886,13,65.36833192209991,401301017,2021,6
2429,Charlotte 49ers,1924.0,3147,27.1,7.169014084507042,44.32394366197183,10,163.56548856548858,401282224,2021,6
2229,Florida International Panthers,1691.0,3510,24.51,8.202898550724637,50.869565217391305,11,207.56948551153164,401282224,2021,6
2132,Cincinnati Bearcats,1861.0,3117,29.08,7.4375,48.703125,14,167.4905964535196,401301018,2021,6
218,Temple Owls,1571.0,1507,25.34,6.258064516129032,24.306451612903224,11,95.9261616804583,401301018,2021,6
9,Arizona State Sun Devils,1631.0,3168,24.34,7.223880597014926,47.28358208955224,11,194.2366646229307,401309868,2021,6
24,Stanford Cardinal,1651.0,2573,25.4,6.6,39.58461538461538,11,155.84494245911569,401309868,2021,6
333,Alabama Crimson Tide,5733.0,4137,69.91,8.268292682926829,50.451219512195124,12,72.16117216117216,401282103,2021,6
245,Texas A&M Aggies,4181.0,2368,72.09,5.603448275862069,40.827586206896555,13,56.63716814159292,401282103,2021,6
61,Georgia Bulldogs,4611.0,3164,67.81,7.926470588235294,46.529411764705884,11,68.61852092821513,401282097,2021,6
2,Auburn Tigers,5373.0,3087,74.62,8.944444444444445,42.875,12,57.45393634840871,401282097,2021,6
2294,Iowa Hawkeyes,5165.0,2222,68.87,6.666666666666667,29.626666666666665,15,43.020329138431755,401282758,2021,6
213,Penn State Nittany Lions,5978.0,2452,76.64,7.397435897435898,31.435897435897434,16,41.01706256273001,401282758,2021,6
251,Texas Longhorns,4316.0,2394,70.75,5.245901639344262,39.24590163934426,15,55.46802594995366,401287918,2021,6
201,Oklahoma Sooners,5772.0,3983,71.26,6.617283950617284,49.17283950617284,16,69.00554400554401,401287918,2021,6
194,Ohio State Buckeyes,4873.0,4576,69.61,9.614285714285714,65.37142857142857,10,93.90519187358916,401282769,2021,6
120,Maryland Terrapins,5538.0,2719,73.84,7.76,36.25333333333333,12,49.097146984470925,401282769,2021,6
130,Michigan Wolverines,6172.0,4313,77.15,8.2375,53.9125,13,69.8801036941024,401282778,2021,6
158,Nebraska Cornhuskers,4606.0,2629,76.77,5.7,43.81666666666667,13,57.077724706904036,401282778,2021,6
252,BYU Cougars,4859.0,3233,75.92,8.640625,50.515625,9,66.53632434657337,401309913,2021,6
68,Boise State Broncos,4843.0,2938,67.26,8.958333333333334,40.80555555555556,11,60.66487714226719,401309913,2021,6
145,Ole Miss Rebels,5170.0,4044,73.86,9.071428571428571,57.77142857142857,12,78.22050290135397,401282100,2021,6
8,Arkansas Razorbacks,7194.0,5417,77.35,8.602150537634408,58.24731182795699,13,75.29886016124549,401282100,2021,6
87,Notre Dame Fighting Irish,5183.0,2682,75.12,6.188405797101449,38.869565217391305,13,51.74609299633417,401282656,2021,6
259,Virginia Tech Hokies,4965.0,2836,69.93,7.774647887323944,39.943661971830984,13,57.11983887210474,401282656,2021,6
96,Kentucky Wildcats,4230.0,2920,69.34,6.475409836065574,47.868852459016395,11,69.03073286052009,401282099,2021,6
99,LSU Tigers,4107.0,2461,77.49,7.962264150943396,46.43396226415094,10,59.92208424640857,401282099,2021,6
183,Syracuse Orange,6434.0,4309,75.69,7.517647058823529,50.694117647058825,14,66.9723344731116,401282655,2021,6
154,Wake Forest Demon Deacons,4344.0,2560,63.88,7.0,37.64705882352941,14,58.93186003683241,401282655,2021,6
57,Florida Gators,4339.0,2479,69.98,5.709677419354839,39.983870967741936,14,57.132979949297074,401282098,2021,6
238,Vanderbilt Commodores,5579.0,2685,70.62,8.151898734177216,33.9873417721519,13,48.126904463165445,401282098,2021,6
2567,SMU Mustangs,4562.0,2885,66.12,7.202898550724638,41.81159420289855,12,63.239807102148184,401301021,2021,6
2426,Navy Midshipmen,4208.0,1609,70.13,6.933333333333334,26.816666666666666,11,38.23669201520912,401301021,2021,6
2579,South Carolina Gamecocks,5627.0,3434,75.03,8.146666666666667,45.78666666666667,12,61.027190332326285,401282102,2021,6
2633,Tennessee Volunteers,4878.0,3212,67.75,7.416666666666667,44.611111111111114,13,65.84665846658467,401282102,2021,6
127,Michigan State Spartans,1125.0,2577,17.86,7.126984126984127,40.904761904761905,12,229.06666666666666,401282788,2021,6
164,Rutgers Scarlet Knights,1986.0,3148,25.79,8.402597402597403,40.883116883116884,13,158.50956696878146,401282788,2021,6
239,Baylor Bears,4540.0,2805,72.06,5.825396825396825,44.523809523809526,13,61.784140969163,401287917,2021,6
277,West Virginia Mountaineers,5974.0,3422,79.65,7.866666666666666,45.626666666666665,13,57.28155339805825,401287917,2021,6
2459,Northern Illinois Huskies,2190.0,3416,28.08,9.320512820512821,43.794871794871796,11,155.98173515981736,401309564,2021,6
2649,Toledo Rockets,1520.0,1611,29.23,5.115384615384615,30.98076923076923,12,105.98684210526316,401309564,2021,6
59,Georgia Tech Yellow Jackets,4904.0,2664,76.62,5.34375,41.625,15,54.32300163132137,401282652,2021,6
150,Duke Blue Devils,6477.0,4775,71.18,8.923076923076923,52.472527472527474,14,73.72240234676548,401282652,2021,6
276,Marshall Thundering Herd,2640.0,5493,21.29,8.540322580645162,44.29838709677419,16,208.0681818181818,401282226,2021,6
295,Old Dominion Monarchs,7843.0,4088,71.3,7.954545454545454,37.163636363636364,16,52.12291215096264,401282226,2021,6
97,Louisville Cardinals,4141.0,2403,69.02,5.85,40.05,14,58.02946148273364,401282653,2021,6
258,Virginia Cavaliers,6101.0,4205,74.4,8.121951219512194,51.28048780487805,13,68.92312735617112,401282653,2021,6
2226,Florida Atlantic Owls,5799.0,3486,78.36,9.054054054054054,47.108108108108105,13,60.11381272633213,401282225,2021,6
5,UAB Blazers,3807.0,2067,65.64,7.137931034482759,35.63793103448276,12,54.29472025216706,401282225,2021,6
2393,Middle Tennessee Blue Raiders,4546.0,1828,73.32,5.935483870967742,29.483870967741936,12,40.211174659040914,401282229,2021,6
2335,Liberty Flames,5178.0,3174,72.93,6.830985915492958,44.70422535211268,14,61.29779837775203,401282229,2021,6
153,North Carolina Tar Heels,4823.0,3461,70.93,8.75,50.89705882352941,9,71.76031515654157,401282654,2021,6
52,Florida State Seminoles,3836.0,2829,72.38,7.490566037735849,53.37735849056604,9,73.74869655891554,401282654,2021,6
275,Wisconsin Badgers,5873.0,4566,75.29,11.115384615384615,58.53846153846154,10,77.74561552869062,401282718,2021,6
356,Illinois Fighting Illini,3831.0,1325,81.51,6.914893617021277,28.19148936170213,9,34.58626990341947,401282718,2021,6
113,Massachusetts Minutemen,5477.0,3153,69.33,7.151898734177215,39.91139240506329,14,57.56801168522914,401286191,2021,6
41,UConn Huskies,3841.0,1717,69.84,6.1454545454545455,31.21818181818182,12,44.701900546732624,401286191,2021,6
193,Miami (OH) RedHawks,5412.0,2856,79.59,7.838235294117647,42.0,12,52.77161862527716,401308836,2021,6
2199,Eastern Michigan Eagles,4613.0,2049,72.08,6.71875,32.015625,12,44.41794927379146,401308836,2021,6
2050,Ball State Cardinals,3099.0,1833,57.39,5.777777777777778,33.94444444444444,12,59.14811229428848,401309563,2021,6
2711,Western Michigan Broncos,6115.0,3435,73.67,8.843373493975903,41.3855421686747,13,56.17334423548651,401309563,2021,6
195,Ohio Bobcats,4381.0,2818,68.45,7.640625,44.03125,11,64.32321387811002,401309567,2021,6
2117,Central Michigan Chippewas,5075.0,3411,73.55,7.550724637681159,49.43478260869565,11,67.21182266009852,401309567,2021,6
36,Colorado State Rams,4874.0,3372,67.69,8.194444444444445,46.833333333333336,12,69.18342224045958,401310715,2021,6
23,San José State Spartans,3787.0,1391,77.29,6.224489795918367,28.387755102040817,10,36.73092157380512,401310715,2021,6
204,Oregon State Beavers,5559.0,4153,79.41,9.442857142857143,59.32857142857143,9,74.70768123763267,401309869,2021,6
265,Washington State Cougars,4839.0,4029,70.13,9.028985507246377,58.391304347826086,9,83.26100433973961,401309869,2021,6
151,East Carolina Pirates,5032.0,3063,72.93,8.53623188405797,44.391304347826086,12,60.870429252782195,401301019,2021,6
2116,UCF Knights,4855.0,2592,74.69,7.6923076923076925,39.87692307692308,12,53.388259526261585,401301019,2021,6
2638,UTEP Miners,3751.0,1894,76.55,6.020408163265306,38.6530612244898,11,50.493201812849904,401282227,2021,6
2572,Southern Miss Golden Eagles,4497.0,2137,72.53,6.161290322580645,34.46774193548387,12,47.520569268401154,401282227,2021,6
2636,UTSA Roadrunners,5223.0,4205,70.58,8.14864864864865,56.82432432432432,12,80.50928585104346,401282228,2021,6
98,Western Kentucky Hilltoppers,6363.0,4913,71.49,8.314606741573034,55.20224719101124,13,77.21200691497721,401282228,2021,6
2641,Texas Tech Red Raiders,5792.0,4308,74.26,9.256410256410257,55.23076923076923,12,74.37845303867404,401287919,2021,6
2628,TCU Horned Frogs,4274.0,3103,74.98,7.912280701754386,54.43859649122807,11,72.60177819372953,401287919,2021,6
2084,Buffalo Bulls,0.0,5099,0.0,9.46938775510204,52.03061224489796,13,,401309565,2021,6
2309,Kent State Golden Flashes,2110.0,4306,27.05,7.3076923076923075,55.205128205128204,13,204.07582938388626,401309565,2021,6
2653,Troy Trojans,4505.0,2318,71.51,6.174603174603175,36.79365079365079,14,51.45394006659267,401309617,2021,6
290,Georgia Southern Eagles,4353.0,1755,68.02,5.609375,27.421875,15,40.317022742935904,401309617,2021,6
2751,Wyoming Cowboys,1340.0,1694,24.81,6.925925925925926,31.37037037037037,11,126.41791044776119,401310714,2021,6
2005,Air Force Falcons,4984.0,3467,69.22,10.041666666666666,48.15277777777778,11,69.56260032102729,401310714,2021,6
2247,Georgia State Panthers,6114.0,4985,70.28,8.241379310344827,57.298850574712645,13,81.53418384036637,401309618,2021,6
2433,UL Monroe Warhawks,5123.0,2905,75.34,7.4411764705882355,42.720588235294116,12,56.70505563146594,401309618,2021,6
30,USC Trojans,5856.0,3561,75.08,7.935897435897436,45.65384615384615,12,60.8094262295082,401309871,2021,6
254,Utah Utes,4099.0,2803,70.67,5.724137931034483,48.327586206896555,12,68.38253232495731,401309871,2021,6
235,Memphis Tigers,8185.0,5925,82.68,9.414141414141413,59.84848484848485,15,72.3885155772755,401301020,2021,6
202,Tulsa Golden Hurricane,4636.0,2690,69.19,6.253731343283582,40.149253731343286,14,58.024158757549614,401301020,2021,6
167,New Mexico Lobos,1454.0,1475,24.23,6.25,24.583333333333332,12,101.44429160935351,401310716,2021,6
21,San Diego State Aztecs,1847.0,2582,28.42,6.446153846153846,39.723076923076924,14,139.79426096372495,401310716,2021,6
26,UCLA Bruins,4348.0,3492,65.88,8.803030303030303,52.90909090909091,10,80.31278748850046,401309870,2021,6
12,Arizona Wildcats,6236.0,3736,77.95,10.375,46.7,11,59.910198845413724,401309870,2021,6
166,New Mexico State Aggies,6756.0,3248,75.91,6.752808988764045,36.49438202247191,18,48.07578448786264,401310717,2021,6
2440,Nevada Wolf Pack,4453.0,2723,66.46,5.134328358208955,40.64179104477612,18,61.149786660678195,401310717,2021,6
2026,Appalachian State Mountaineers,1867.0,2128,33.95,7.909090909090909,38.69090909090909,10,113.9796464916979,401309620,2021,7
309,Louisiana Ragin' Cajuns,1432.0,3874,20.75,8.53623188405797,56.14492753623188,11,270.53072625698326,401309620,2021,7
2426,Navy Midshipmen,5135.0,3336,73.36,13.242857142857142,47.65714285714286,10,64.96592015579357,401301022,2021,7
235,Memphis Tigers,3057.0,2268,66.46,7.304347826086956,49.30434782608695,9,74.19038272816486,401301022,2021,7
290,Georgia Southern Eagles,5224.0,2354,75.71,8.304347826086957,34.11594202898551,12,45.06125574272588,401309621,2021,7
6,South Alabama Jaguars,4833.0,3330,74.35,7.015384615384615,51.23076923076923,12,68.90130353817504,401309621,2021,7
25,California Golden Bears,6040.0,4142,76.46,10.708860759493671,52.43037974683544,10,68.57615894039735,401309872,2021,7
2483,Oregon Ducks,4624.0,2951,74.58,7.290322580645161,47.596774193548384,10,63.819204152249135,401309872,2021,7
23,San José State Spartans,5429.0,2468,76.46,7.309859154929577,34.76056338028169,13,45.4595689813962,401310723,2021,7
21,San Diego State Aztecs,4433.0,1603,76.43,6.637931034482759,27.637931034482758,12,36.16061357996842,401310723,2021,7
249,North Texas Mean Green,5387.0,2598,69.96,7.103896103896104,33.74025974025974,14,48.22721366252088,401282231,2021,7
276,Marshall Thundering Herd,4555.0,3128,67.99,7.253731343283582,46.6865671641791,14,68.67178924259056,401282231,2021,7
228,Clemson Tigers,5569.0,2701,77.35,7.944444444444445,37.513888888888886,11,48.500628479080625,401282657,2021,7
183,Syracuse Orange,5388.0,2800,80.42,8.537313432835822,41.791044776119406,12,51.96733481811433,401282657,2021,7
2294,Iowa Hawkeyes,4250.0,2588,69.67,8.819672131147541,42.42622950819672,11,60.89411764705882,401282760,2021,7
2509,Purdue Boilermakers,5847.0,4351,76.93,9.25,57.25,10,74.41422951941166,401282760,2021,7
2132,Cincinnati Bearcats,3919.0,2543,60.29,5.953846153846154,39.12307692307692,15,64.88900229650422,401301023,2021,7
2116,UCF Knights,4831.0,2139,75.48,5.875,33.421875,14,44.276547298695924,401301023,2021,7
2628,TCU Horned Frogs,5103.0,3341,76.16,7.522388059701493,49.865671641791046,14,65.47129139721733,401287923,2021,7
201,Oklahoma Sooners,4113.0,3196,70.91,5.758620689655173,55.10344827586207,12,77.70483831752978,401287923,2021,7
344,Mississippi State Bulldogs,5704.0,2747,77.08,8.405405405405405,37.12162162162162,11,48.15918653576438,401282107,2021,7
333,Alabama Crimson Tide,5149.0,3947,75.72,8.602941176470589,58.044117647058826,11,76.65566129345504,401282107,2021,7
84,Indiana Hoosiers,6785.0,3492,77.1,8.204545454545455,39.68181818181818,14,51.46647015475313,401282731,2021,7
127,Michigan State Spartans,4208.0,1634,70.13,6.6,27.233333333333334,13,38.830798479087456,401282731,2021,7
251,Texas Longhorns,4334.0,2062,72.23,5.566666666666666,34.36666666666667,15,47.577295800646056,401287924,2021,7
197,Oklahoma State Cowboys,5382.0,3218,65.63,7.634146341463414,39.24390243902439,14,59.79189892233371,401287924,2021,7
145,Ole Miss Rebels,7546.0,4663,76.22,9.393939393939394,47.101010101010104,13,61.79432812085874,401282110,2021,7
2633,Tennessee Volunteers,5776.0,3282,74.05,7.205128205128205,42.07692307692308,13,56.8213296398892,401282110,2021,7
8,Arkansas Razorbacks,6659.0,4533,74.82,9.168539325842696,50.93258426966292,12,68.07328427691846,401282104,2021,7
2,Auburn Tigers,4400.0,2930,74.58,7.372881355932203,49.66101694915254,12,66.5909090909091,401282104,2021,7
254,Utah Utes,5066.0,4043,73.42,8.53623188405797,58.594202898550726,10,79.80655349388077,401309876,2021,7
9,Arizona State Sun Devils,4805.0,2520,75.08,8.25,39.375,10,52.44536940686785,401309876,2021,7
252,BYU Cougars,4146.0,2566,75.38,6.836363636363636,46.654545454545456,10,61.89097925711529,401287920,2021,7
239,Baylor Bears,5380.0,4441,72.7,8.175675675675675,60.013513513513516,12,82.54646840148699,401287920,2021,7
99,LSU Tigers,4940.0,3243,73.73,7.552238805970149,48.40298507462686,13,65.64777327935222,401282106,2021,7
57,Florida Gators,5335.0,3609,71.13,6.84,48.12,14,67.64761012183692,401282106,2021,7
245,Texas A&M Aggies,4703.0,3388,71.26,7.121212121212121,51.333333333333336,12,72.0391239634276,401282108,2021,7
142,Missouri Tigers,5774.0,2653,79.1,7.767123287671233,36.342465753424655,12,45.94735019050918,401282108,2021,7
152,NC State Wolfpack,4054.0,2268,73.71,7.945454545454545,41.236363636363635,11,55.94474592994573,401282658,2021,7
103,Boston College Eagles,5285.0,2630,78.88,7.985074626865671,39.25373134328358,11,49.76348155156102,401282658,2021,7
158,Nebraska Cornhuskers,4480.0,2705,70.0,7.203125,42.265625,12,60.379464285714285,401282796,2021,7
135,Minnesota Golden Gophers,4766.0,3054,72.21,7.424242424242424,46.27272727272727,13,64.07889215274864,401282796,2021,7
77,Northwestern Wildcats,5797.0,3213,74.32,7.089743589743589,41.19230769230769,14,55.42521994134897,401282807,2021,7
164,Rutgers Scarlet Knights,4830.0,1437,74.31,5.7846153846153845,22.107692307692307,13,29.751552795031056,401282807,2021,7
41,UConn Huskies,4802.0,1634,70.62,4.794117647058823,24.029411764705884,17,34.02748854643898,401286192,2021,7
43,Yale Bulldogs,5325.0,2236,69.16,6.298701298701299,29.038961038961038,17,41.990610328638496,401286192,2021,7
202,Tulsa Golden Hurricane,2143.0,4437,24.35,8.965909090909092,50.42045454545455,14,207.04619692020532,401301024,2021,7
58,South Florida Bulls,1293.0,2088,22.68,6.666666666666667,36.63157894736842,11,161.48491879350348,401301024,2021,7
2084,Buffalo Bulls,5047.0,3653,77.65,9.123076923076923,56.2,10,72.37963146423618,401309571,2021,7
195,Ohio Bobcats,3710.0,1890,71.35,7.1923076923076925,36.34615384615385,10,50.943396226415096,401309571,2021,7
150,Duke Blue Devils,5819.0,2714,72.74,8.0125,33.925,13,46.640316205533594,401282660,2021,7
258,Virginia Cavaliers,5575.0,4146,70.57,7.481012658227848,52.48101265822785,13,74.3677130044843,401282660,2021,7
2050,Ball State Cardinals,5037.0,4123,67.16,9.146666666666667,54.973333333333336,10,81.85427834028191,401309568,2021,7
2199,Eastern Michigan Eagles,5666.0,4236,75.55,10.28,56.48,10,74.76173667490293,401309568,2021,7
2006,Akron Zips,4937.0,2142,78.37,7.317460317460317,34.0,11,43.38667206805752,401308837,2021,7
193,Miami (OH) RedHawks,4485.0,3084,69.0,7.138461538461539,47.44615384615385,11,68.76254180602007,401308837,2021,7
326,Texas State Bobcats,5261.0,2483,73.07,7.111111111111111,34.486111111111114,12,47.19635050370652,401309622,2021,7
2653,Troy Trojans,4864.0,3037,71.53,8.647058823529411,44.661764705882355,11,62.438322368421055,401309622,2021,7
61,Georgia Bulldogs,1172.0,2319,25.48,5.630434782608695,50.41304347826087,9,197.8668941979522,401282105,2021,7
96,Kentucky Wildcats,1845.0,3153,26.74,12.101449275362318,45.69565217391305,10,170.89430894308944,401282105,2021,7
295,Old Dominion Monarchs,5986.0,3239,76.74,7.397435897435898,41.52564102564103,13,54.10958904109589,401282232,2021,7
98,Western Kentucky Hilltoppers,4927.0,3798,63.17,7.9743589743589745,48.69230769230769,14,77.08544753399634,401282232,2021,7
2572,Southern Miss Golden Eagles,3763.0,850,76.8,5.836734693877551,17.346938775510203,12,22.588360350783947,401282234,2021,7
5,UAB Blazers,4114.0,2597,68.57,7.816666666666666,43.28333333333333,10,63.12591152163345,401282234,2021,7
153,North Carolina Tar Heels,4683.0,3109,65.96,6.943661971830986,43.7887323943662,15,66.38906683749732,401282659,2021,7
2390,Miami Hurricanes,5929.0,4115,76.01,8.012820512820513,52.756410256410255,13,69.4046213526733,401282659,2021,7
259,Virginia Tech Hokies,4592.0,1555,76.53,5.166666666666667,25.916666666666668,14,33.863240418118465,401282661,2021,7
221,Pittsburgh Panthers,5991.0,3947,73.96,9.296296296296296,48.72839506172839,13,65.88215656818561,401282661,2021,7
2117,Central Michigan Chippewas,4881.0,2420,72.85,7.0,36.11940298507463,14,49.580004097521,401309569,2021,7
2649,Toledo Rockets,4616.0,2660,65.94,6.942857142857143,38.0,14,57.62564991334489,401309569,2021,7
189,Bowling Green Falcons,4571.0,2378,67.22,6.705882352941177,34.970588235294116,12,52.02362721505141,401309570,2021,7
2459,Northern Illinois Huskies,4472.0,2919,68.8,8.553846153846154,44.90769230769231,11,65.27280858676208,401309570,2021,7
2309,Kent State Golden Flashes,4539.0,2597,66.75,6.029411764705882,38.19117647058823,14,57.21524564882132,401309572,2021,7
2711,Western Michigan Broncos,4791.0,3951,65.63,6.767123287671233,54.12328767123287,14,82.46712586098936,401309572,2021,7
12,Arizona Wildcats,5227.0,2281,74.67,6.828571428571428,32.58571428571429,12,43.638798546011095,401309875,2021,7
38,Colorado Buffaloes,4332.0,2594,77.36,6.803571428571429,46.32142857142857,10,59.879963065558634,401309875,2021,7
278,Fresno State Bulldogs,4303.0,1822,65.2,7.075757575757576,27.606060606060606,12,42.34255170811062,401310721,2021,7
2751,Wyoming Cowboys,4860.0,2035,78.39,6.645161290322581,32.82258064516129,12,41.8724279835391,401310721,2021,7
2579,South Carolina Gamecocks,4615.0,2655,71.0,6.753846153846154,40.84615384615385,14,57.52979414951246,401282109,2021,7
238,Vanderbilt Commodores,4274.0,2080,72.44,5.610169491525424,35.25423728813559,14,48.66635470285447,401282109,2021,7
2641,Texas Tech Red Raiders,4468.0,3729,66.69,8.567164179104477,55.656716417910445,10,83.46016114592659,401287921,2021,7
2305,Kansas Jayhawks,4360.0,2013,71.48,7.590163934426229,33.0,10,46.169724770642205,401287921,2021,7
242,Rice Owls,4105.0,530,78.94,4.615384615384615,10.192307692307692,14,12.911084043848964,401282233,2021,7
2636,UTSA Roadrunners,4241.0,2818,68.4,7.048387096774194,45.45161290322581,11,66.44659278472058,401282233,2021,7
2433,UL Monroe Warhawks,5347.0,3189,75.31,7.816901408450704,44.91549295774648,13,59.640920142135776,401286296,2021,7
2335,Liberty Flames,5337.0,3313,70.22,8.710526315789474,43.5921052631579,13,62.076072700018734,401286296,2021,7
36,Colorado State Rams,5181.0,3355,66.42,7.628205128205129,43.01282051282051,14,64.75583864118896,401310719,2021,7
167,New Mexico Lobos,4197.0,701,74.95,4.767857142857143,12.517857142857142,13,16.702406480819633,401310719,2021,7
328,Utah State Aggies,5089.0,3229,66.96,8.460526315789474,42.48684210526316,12,63.45057968166634,401310720,2021,7
2439,UNLV Rebels,3870.0,1549,71.67,5.555555555555555,28.685185185185187,13,40.025839793281655,401310720,2021,7
66,Iowa State Cyclones,4621.0,3564,77.02,11.0,59.4,9,77.12616316814542,401287922,2021,7
2306,Kansas State Wildcats,3929.0,2978,70.16,8.035714285714286,53.17857142857143,9,75.79536777806058,401287922,2021,7
24,Stanford Cardinal,4741.0,2987,70.76,7.149253731343284,44.582089552238806,12,63.00358574140477,401309873,2021,7
265,Washington State Cougars,4091.0,2454,73.05,5.964285714285714,43.82142857142857,12,59.985333659252014,401309873,2021,7
349,Army Black Knights,4121.0,1868,73.59,7.089285714285714,33.357142857142854,10,45.32880368842514,401282826,2021,7
275,Wisconsin Badgers,4663.0,2884,80.4,8.310344827586206,49.724137931034484,10,61.848595324898135,401282826,2021,7
26,UCLA Bruins,5265.0,3248,78.58,8.417910447761194,48.47761194029851,9,61.69040835707502,401309874,2021,7
264,Washington Huskies,4758.0,2704,78.0,8.524590163934427,44.32786885245902,8,56.830601092896174,401309874,2021,7
2638,UTEP Miners,5214.0,2886,75.57,7.739130434782608,41.82608695652174,12,55.35097813578826,401282230,2021,7
2348,Louisiana Tech Bulldogs,1520.0,1754,27.64,5.890909090909091,31.89090909090909,13,115.39473684210526,401282230,2021,7
2005,Air Force Falcons,5060.0,3785,76.67,10.06060606060606,57.34848484848485,9,74.80237154150197,401310718,2021,7
68,Boise State Broncos,3640.0,2423,72.8,8.24,48.46,9,66.56593406593407,401310718,2021,7
62,Hawai'i Rainbow Warriors,5096.0,2118,74.94,7.485294117647059,31.147058823529413,14,41.562009419152275,401310722,2021,7
2440,Nevada Wolf Pack,6395.0,3963,69.51,7.826086956521739,43.07608695652174,16,61.97028928850665,401310722,2021,7
324,Coastal Carolina Chanticleers,3904.0,2102,75.08,6.653846153846154,40.42307692307692,10,53.842213114754095,401309623,2021,8
2026,Appalachian State Mountaineers,5175.0,3423,75.0,6.7101449275362315,49.608695652173914,11,66.14492753623189,401309623,2021,8
2567,SMU Mustangs,5472.0,4752,66.73,8.707317073170731,57.951219512195124,12,86.84210526315789,401301025,2021,8
2655,Tulane Green Wave,4512.0,2460,70.5,5.46875,38.4375,14,54.52127659574468,401301025,2021,8
2226,Florida Atlantic Owls,3175.0,2321,64.8,6.877551020408164,47.36734693877551,10,73.10236220472441,401282235,2021,8
2429,Charlotte 49ers,5491.0,3361,75.22,9.191780821917808,46.04109589041096,11,61.20925150245857,401282235,2021,8
2032,Arkansas State Red Wolves,965.0,3214,14.62,7.909090909090909,48.696969696969695,11,333.05699481865287,401309624,2021,8
309,Louisiana Ragin' Cajuns,1585.0,4118,22.32,10.80281690140845,58.0,11,259.8107255520505,401309624,2021,8
23,San José State Spartans,5523.0,4404,74.64,9.472972972972974,59.513513513513516,9,79.7392721347094,401310729,2021,8
2439,UNLV Rebels,5520.0,3376,74.59,10.175675675675675,45.62162162162162,11,61.15942028985507,401310729,2021,8
2393,Middle Tennessee Blue Raiders,5095.0,3971,60.65,9.071428571428571,47.273809523809526,12,77.93915603532875,401282239,2021,8
41,UConn Huskies,4936.0,2570,78.35,7.063492063492063,40.79365079365079,12,52.06645056726094,401282239,2021,8
235,Memphis Tigers,5936.0,3215,75.14,8.645569620253164,40.69620253164557,13,54.161051212938006,401301026,2021,8
2116,UCF Knights,4037.0,1782,66.18,5.508196721311475,29.21311475409836,14,44.141689373297005,401301026,2021,8
36,Colorado State Rams,5064.0,3196,75.58,7.597014925373134,47.701492537313435,12,63.11216429699842,401310725,2021,8
328,Utah State Aggies,5659.0,2712,72.55,7.166666666666667,34.76923076923077,13,47.923661424279906,401310725,2021,8
264,Washington Huskies,4652.0,2151,77.53,6.033333333333333,35.85,11,46.23817712811694,401309877,2021,8
12,Arizona Wildcats,4504.0,2251,73.84,7.819672131147541,36.90163934426229,12,49.97779751332149,401309877,2021,8
2426,Navy Midshipmen,6333.0,4085,75.39,10.976190476190476,48.63095238095238,11,64.50339491552187,401301027,2021,8
2132,Cincinnati Bearcats,2982.0,1898,59.64,8.56,37.96,9,63.648558014755196,401301027,2021,8
2305,Kansas Jayhawks,5031.0,3748,77.4,9.63076923076923,57.66153846153846,9,74.49811170741404,401287926,2021,8
201,Oklahoma Sooners,3704.0,2910,68.59,9.185185185185185,53.888888888888886,8,78.56371490280777,401287926,2021,8
2633,Tennessee Volunteers,3913.0,1551,72.46,4.814814814814815,28.72222222222222,14,39.637107078967546,401282111,2021,8
333,Alabama Crimson Tide,6415.0,4885,70.49,8.263736263736265,53.68131868131868,14,76.14964925954793,401282111,2021,8
77,Northwestern Wildcats,4073.0,1365,75.43,6.2592592592592595,25.27777777777778,13,33.51338080039283,401282779,2021,8
130,Michigan Wolverines,5751.0,4155,66.87,9.686046511627907,48.31395348837209,12,72.24830464267085,401282779,2021,8
66,Iowa State Cyclones,4864.0,3156,76.0,8.125,49.3125,11,64.88486842105263,401287925,2021,8
197,Oklahoma State Cowboys,3874.0,1921,69.18,5.678571428571429,34.30357142857143,12,49.58699019101704,401287925,2021,8
26,UCLA Bruins,6142.0,4196,66.04,10.612903225806452,45.11827956989247,12,68.3165092803647,401309879,2021,8
2483,Oregon Ducks,4239.0,2810,69.49,7.721311475409836,46.0655737704918,11,66.2892191554612,401309879,2021,8
87,Notre Dame Fighting Irish,4995.0,4209,71.36,9.728571428571428,60.128571428571426,9,84.26426426426427,401282709,2021,8
30,USC Trojans,5481.0,3741,78.3,8.928571428571429,53.44285714285714,9,68.25396825396825,401282709,2021,8
349,Army Black Knights,5880.0,4979,71.71,9.170731707317072,60.71951219512195,11,84.67687074829932,401282662,2021,8
154,Wake Forest Demon Deacons,3726.0,3485,73.06,6.2745098039215685,68.33333333333333,11,93.53193773483629,401282662,2021,8
245,Texas A&M Aggies,5637.0,4040,72.27,8.371794871794872,51.794871794871796,12,71.6693276565549,401282114,2021,8
2579,South Carolina Gamecocks,3907.0,1458,68.54,5.140350877192983,25.57894736842105,13,37.3176350140773,401282114,2021,8
2390,Miami Hurricanes,5298.0,3097,77.91,6.764705882352941,45.544117647058826,13,58.45602114005285,401282665,2021,8
152,NC State Wolfpack,4575.0,2658,71.48,6.1875,41.53125,13,58.09836065573771,401282665,2021,8
21,San Diego State Aztecs,3065.0,1522,58.94,6.980769230769231,29.26923076923077,10,49.65742251223491,401310724,2021,8
2005,Air Force Falcons,4902.0,2619,77.81,8.619047619047619,41.57142857142857,10,53.42717258261934,401310724,2021,8
221,Pittsburgh Panthers,6597.0,4347,80.45,10.292682926829269,53.01219512195122,10,65.89358799454297,401282666,2021,8
228,Clemson Tigers,4600.0,2382,74.19,6.935483870967742,38.41935483870968,11,51.78260869565217,401282666,2021,8
2636,UTSA Roadrunners,4650.0,3133,73.81,9.714285714285714,49.73015873015873,12,67.3763440860215,401282237,2021,8
2348,Louisiana Tech Bulldogs,5577.0,3191,75.36,8.283783783783784,43.12162162162162,12,57.21714183252645,401282237,2021,8
2509,Purdue Boilermakers,4814.0,1512,77.65,6.354838709677419,24.387096774193548,13,31.408392189447444,401282821,2021,8
275,Wisconsin Badgers,3863.0,2421,66.6,6.706896551724138,41.741379310344826,14,62.671498835102255,401282821,2021,8
2029,Arkansas-Pine Bluff Golden Lions,4184.0,1637,72.14,5.810344827586207,28.224137931034484,14,39.12523900573614,401282112,2021,8
8,Arkansas Razorbacks,4844.0,3046,78.13,6.709677419354839,49.12903225806452,13,62.88191577208918,401282112,2021,8
113,Massachusetts Minutemen,4211.0,1869,70.18,6.766666666666667,31.15,12,44.38375682735692,401282663,2021,8
52,Florida State Seminoles,4823.0,3887,81.75,6.440677966101695,65.88135593220339,11,80.59299191374663,401282663,2021,8
356,Illinois Fighting Illini,2906.0,6474,18.28,9.0062893081761,40.716981132075475,16,222.78045423262216,401282717,2021,8
213,Penn State Nittany Lions,2684.0,1958,24.18,5.612612612612613,17.63963963963964,14,72.95081967213115,401282717,2021,8
2641,Texas Tech Red Raiders,3667.0,2121,67.91,7.611111111111111,39.27777777777778,10,57.840196345786744,401287928,2021,8
2306,Kansas State Wildcats,3997.0,2934,70.12,8.56140350877193,51.473684210526315,9,73.40505379034276,401287928,2021,8
2459,Northern Illinois Huskies,5611.0,4213,72.87,9.974025974025974,54.714285714285715,11,75.08465514168597,401309577,2021,8
2117,Central Michigan Chippewas,4972.0,3305,70.03,7.845070422535211,46.54929577464789,11,66.4722445695897,401309577,2021,8
183,Syracuse Orange,5623.0,4394,73.03,8.064935064935066,57.064935064935064,13,78.14333985417038,401282668,2021,8
259,Virginia Tech Hokies,4324.0,2942,68.63,6.825396825396825,46.698412698412696,12,68.03885291396855,401282668,2021,8
2309,Kent State Golden Flashes,5370.0,3744,71.6,7.986666666666666,49.92,11,69.72067039106145,401309576,2021,8
195,Ohio Bobcats,5124.0,4101,66.55,8.766233766233766,53.25974025974026,12,80.03512880562062,401309576,2021,8
326,Texas State Bobcats,5911.0,3555,72.98,9.419753086419753,43.888888888888886,11,60.14210793435967,401309625,2021,8
2247,Georgia State Panthers,5775.0,3717,81.34,8.32394366197183,52.352112676056336,11,64.36363636363636,401309625,2021,8
145,Ole Miss Rebels,2193.0,3584,29.64,7.945945945945946,48.432432432432435,11,163.42909256725946,401282113,2021,8
99,LSU Tigers,5278.0,3405,78.78,9.373134328358208,50.82089552238806,10,64.51307313376279,401282113,2021,8
242,Rice Owls,4709.0,3514,68.25,9.347826086956522,50.927536231884055,11,74.6230622212784,401282238,2021,8
5,UAB Blazers,3680.0,1983,68.15,6.537037037037037,36.72222222222222,12,53.88586956521739,401282238,2021,8
120,Maryland Terrapins,3899.0,2218,77.98,7.18,44.36,9,56.88638112336496,401282767,2021,8
135,Minnesota Golden Gophers,4851.0,3825,71.34,9.088235294117647,56.25,10,78.84972170686457,401282767,2021,8
193,Miami (OH) RedHawks,4802.0,3201,75.03,8.125,50.015625,11,66.6597251145356,401308838,2021,8
2050,Ball State Cardinals,4433.0,2631,71.5,8.129032258064516,42.435483870967744,10,59.350327092262575,401308838,2021,8
2649,Toledo Rockets,4533.0,2346,68.68,7.151515151515151,35.54545454545455,12,51.753805426869626,401309573,2021,8
2711,Western Michigan Broncos,5234.0,2766,76.97,7.279411764705882,40.6764705882353,12,52.84677111196026,401309573,2021,8
2006,Akron Zips,4886.0,1969,72.93,8.238805970149254,29.388059701492537,12,40.298812934916086,401309575,2021,8
2084,Buffalo Bulls,4728.0,3328,65.67,7.555555555555555,46.22222222222222,12,70.3891708967851,401309575,2021,8
38,Colorado Buffaloes,3174.0,643,70.53,5.488888888888889,14.28888888888889,11,20.2583490863264,401309878,2021,8
25,California Golden Bears,5199.0,3100,74.27,8.371428571428572,44.285714285714285,11,59.62685131756107,401309878,2021,8
252,BYU Cougars,4927.0,3438,73.54,8.791044776119403,51.3134328358209,9,69.77877004262228,401309881,2021,8
265,Washington State Cougars,4433.0,2818,75.14,8.152542372881356,47.76271186440678,8,63.56868937514099,401309881,2021,8
2751,Wyoming Cowboys,5027.0,2048,79.79,8.34920634920635,32.507936507936506,10,40.740003978516015,401310726,2021,8
167,New Mexico Lobos,3363.0,1737,63.45,6.415094339622642,32.77358490566038,10,51.65031222123105,401310726,2021,8
344,Mississippi State Bulldogs,5948.0,4566,69.98,9.364705882352942,53.71764705882353,11,76.76529926025555,401282115,2021,8
238,Vanderbilt Commodores,2907.0,644,70.9,4.341463414634147,15.707317073170731,12,22.15342277261782,401282115,2021,8
2335,Liberty Flames,1274.0,2561,21.23,6.383333333333334,42.68333333333333,12,201.0204081632653,401282240,2021,8
249,North Texas Mean Green,2534.0,4824,27.25,10.494623655913978,51.87096774193548,12,190.370955011839,401282240,2021,8
103,Boston College Eagles,4796.0,2166,71.58,6.8059701492537314,32.32835820895522,13,45.162635529608,401282664,2021,8
97,Louisville Cardinals,4252.0,2717,67.49,6.158730158730159,43.12698412698413,14,63.89934148635936,401282664,2021,8
248,Houston Cougars,1769.0,1648,27.22,6.246153846153846,25.353846153846153,16,93.159977388355,401301028,2021,8
151,East Carolina Pirates,2012.0,2020,27.94,5.444444444444445,28.055555555555557,16,100.3976143141153,401301028,2021,8
218,Temple Owls,756.0,1016,22.24,5.764705882352941,29.88235294117647,8,134.39153439153438,401301029,2021,8
58,South Florida Bulls,2224.0,4333,26.16,11.011764705882353,50.976470588235294,9,194.8291366906475,401301029,2021,8
2433,UL Monroe Warhawks,5099.0,3773,71.82,7.394366197183099,53.140845070422536,12,73.99490096097274,401309626,2021,8
6,South Alabama Jaguars,5011.0,3251,71.59,7.385714285714286,46.44285714285714,12,64.87727000598683,401309626,2021,8
278,Fresno State Bulldogs,1515.0,3209,22.28,6.720588235294118,47.19117647058823,13,211.8151815181518,401310727,2021,8
2440,Nevada Wolf Pack,2242.0,3899,27.34,7.475609756097561,47.548780487804876,14,173.907225691347,401310727,2021,8
59,Georgia Tech Yellow Jackets,5608.0,4029,71.9,7.756410256410256,51.65384615384615,13,71.84379457917261,401282667,2021,8
258,Virginia Cavaliers,5533.0,4739,77.93,7.830985915492958,66.74647887323944,11,85.64973793602024,401282667,2021,8
194,Ohio State Buckeyes,1839.0,4067,27.04,8.382352941176471,59.80882352941177,10,221.15280043501903,401282730,2021,8
84,Indiana Hoosiers,1270.0,1585,23.96,7.754716981132075,29.90566037735849,10,124.80314960629921,401282730,2021,8
277,West Virginia Mountaineers,5185.0,3826,74.07,8.628571428571428,54.65714285714286,11,73.78977820636452,401287927,2021,8
2628,TCU Horned Frogs,4614.0,2784,76.9,7.5,46.4,10,60.33810143042913,401287927,2021,8
254,Utah Utes,5026.0,4077,68.85,9.712328767123287,55.84931506849315,10,81.11818543573418,401309880,2021,8
204,Oregon State Beavers,4447.0,3224,79.41,7.553571428571429,57.57142857142857,10,72.49831346975489,401309880,2021,8
62,Hawai'i Rainbow Warriors,4778.0,3428,74.66,8.28125,53.5625,11,71.74550020929259,401310728,2021,8
166,New Mexico State Aggies,6095.0,4123,69.26,8.125,46.85227272727273,13,67.6456111566858,401310728,2021,8
324,Coastal Carolina Chanticleers,5145.0,3391,79.15,7.338461538461538,52.16923076923077,13,65.9086491739553,401309627,2021,9
2653,Troy Trojans,4515.0,2565,67.39,6.850746268656716,38.28358208955224,13,56.81063122923588,401309627,2021,9
58,South Florida Bulls,4621.0,2819,75.75,7.377049180327869,46.21311475409836,12,61.00411166414196,401301033,2021,9
151,East Carolina Pirates,6435.0,5116,74.83,10.965116279069768,59.48837209302326,10,79.5027195027195,401301033,2021,9
2426,Navy Midshipmen,4624.0,2808,72.25,8.25,43.875,11,60.726643598615915,401301030,2021,9
202,Tulsa Golden Hurricane,3756.0,1993,70.87,6.773584905660377,37.60377358490566,10,53.06176783812567,401301030,2021,9
2440,Nevada Wolf Pack,4362.0,3273,64.15,9.691176470588236,48.13235294117647,10,75.0343878954608,401310734,2021,9
2439,UNLV Rebels,4563.0,2407,71.3,6.546875,37.609375,12,52.75038351961429,401310734,2021,9
57,Florida Gators,5490.0,2853,74.19,7.9324324324324325,38.554054054054056,13,51.967213114754095,401282117,2021,9
61,Georgia Bulldogs,3548.0,1935,68.23,7.0576923076923075,37.21153846153846,11,54.53776775648252,401282117,2021,9
2655,Tulane Green Wave,4479.0,1654,77.22,6.637931034482759,28.517241379310345,11,36.92788568876981,401301032,2021,9
2132,Cincinnati Bearcats,4700.0,3385,74.6,9.619047619047619,53.73015873015873,10,72.02127659574468,401301032,2021,9
201,Oklahoma Sooners,4131.0,3165,76.5,7.12962962962963,58.611111111111114,10,76.6158315177923,401287931,2021,9
2641,Texas Tech Red Raiders,4939.0,3136,74.83,7.7272727272727275,47.515151515151516,10,63.49463454140514,401287931,2021,9
194,Ohio State Buckeyes,4544.0,3082,67.82,7.164179104477612,46.0,12,67.82570422535211,401282814,2021,9
213,Penn State Nittany Lions,6446.0,4125,79.58,8.728395061728396,50.925925925925924,13,63.99317406143345,401282814,2021,9
130,Michigan Wolverines,5813.0,3774,72.66,8.225,47.175,13,64.92344744538104,401282777,2021,9
127,Michigan State Spartans,4627.0,2725,74.63,5.951612903225806,43.95161290322581,12,58.89345148044089,401282777,2021,9
38,Colorado Buffaloes,4198.0,3057,68.82,9.754098360655737,50.114754098360656,9,72.8203906622201,401309884,2021,9
2483,Oregon Ducks,5170.0,4731,72.82,8.943661971830986,66.63380281690141,9,91.50870406189556,401309884,2021,9
275,Wisconsin Badgers,4300.0,2046,63.24,6.632352941176471,30.08823529411765,14,47.58139534883721,401282763,2021,9
2294,Iowa Hawkeyes,3906.0,1050,71.02,4.963636363636364,19.09090909090909,13,26.881720430107528,401282763,2021,9
153,North Carolina Tar Heels,5547.0,4275,75.99,8.26027397260274,58.56164383561644,11,77.06868577609518,401282673,2021,9
87,Notre Dame Fighting Irish,4637.0,3830,69.21,9.26865671641791,57.16417910447761,10,82.5965063618719,401282673,2021,9
344,Mississippi State Bulldogs,5581.0,3813,75.42,9.027027027027026,51.527027027027025,11,68.32108941049991,401282118,2021,9
96,Kentucky Wildcats,3486.0,1899,72.62,8.229166666666666,39.5625,9,54.47504302925989,401282118,2021,9
154,Wake Forest Demon Deacons,6442.0,5150,78.56,7.7682926829268295,62.80487804878049,13,79.94411673393355,401282676,2021,9
150,Duke Blue Devils,4849.0,2208,78.21,7.048387096774194,35.61290322580645,13,45.53516188904929,401282676,2021,9
197,Oklahoma State Cowboys,5229.0,4107,66.19,7.329113924050633,51.9873417721519,13,78.54274239816408,401287932,2021,9
2305,Kansas Jayhawks,3833.0,903,75.16,5.450980392156863,17.705882352941178,13,23.55857031046178,401287932,2021,9
239,Baylor Bears,5271.0,3659,74.24,8.394366197183098,51.53521126760563,12,69.41756782394232,401287929,2021,9
251,Texas Longhorns,4526.0,2664,67.55,7.582089552238806,39.76119402985075,12,58.85992045956694,401287929,2021,9
221,Pittsburgh Panthers,5673.0,4124,72.73,7.435897435897436,52.87179487179487,13,72.69522298607438,401282674,2021,9
2390,Miami Hurricanes,5234.0,3116,80.52,6.384615384615385,47.93846153846154,14,59.53381734810852,401282674,2021,9
66,Iowa State Cyclones,4347.0,2342,71.26,6.540983606557377,38.39344262295082,12,53.876236484932136,401287933,2021,9
277,West Virginia Mountaineers,5603.0,3921,74.71,7.866666666666666,52.28,12,69.98036766018204,401287933,2021,9
258,Virginia Cavaliers,4843.0,3474,75.67,6.71875,54.28125,14,71.73239727441668,401282669,2021,9
252,BYU Cougars,5629.0,4608,68.65,7.304878048780488,56.19512195121951,15,81.86178717356546,401282669,2021,9
259,Virginia Tech Hokies,6072.0,3871,74.96,8.802469135802468,47.79012345679013,12,63.75164690382082,401282671,2021,9
59,Georgia Tech Yellow Jackets,4231.0,2366,76.93,6.054545454545455,43.018181818181816,11,55.92058614984637,401282671,2021,9
356,Illinois Fighting Illini,3795.0,1331,77.45,5.122448979591836,27.163265306122447,12,35.072463768115945,401282719,2021,9
164,Rutgers Scarlet Knights,5729.0,3551,73.45,8.64102564102564,45.52564102564103,12,61.982894047826846,401282719,2021,9
84,Indiana Hoosiers,4929.0,2747,73.57,6.358208955223881,41.0,14,55.73138567660783,401282726,2021,9
120,Maryland Terrapins,5790.0,3738,68.12,7.223529411764706,43.976470588235294,15,64.55958549222798,401282726,2021,9
2335,Liberty Flames,1406.0,3640,22.32,5.888888888888889,57.77777777777778,14,258.8904694167852,401286297,2021,9
113,Massachusetts Minutemen,1873.0,2411,26.01,6.944444444444445,33.486111111111114,15,128.72397223705286,401286297,2021,9
2116,UCF Knights,4393.0,2990,65.57,6.567164179104478,44.62686567164179,12,68.06282722513089,401301031,2021,9
218,Temple Owls,5045.0,2415,74.19,7.661764705882353,35.51470588235294,12,47.869177403369676,401301031,2021,9
189,Bowling Green Falcons,4600.0,2706,68.66,5.507462686567164,40.38805970149254,14,58.82608695652174,401309578,2021,9
2084,Buffalo Bulls,9760.0,6766,76.85,9.188976377952756,53.275590551181104,15,69.32377049180327,401309578,2021,9
309,Louisiana Ragin' Cajuns,4927.0,4003,70.39,8.757142857142858,57.18571428571428,11,81.24619443880658,401309631,2021,9
326,Texas State Bobcats,3535.0,1218,72.14,5.73469387755102,24.857142857142858,11,34.45544554455446,401309631,2021,9
242,Rice Owls,5823.0,4439,75.62,11.831168831168831,57.64935064935065,9,76.23218272368194,401282246,2021,9
249,North Texas Mean Green,4312.0,2886,74.34,9.224137931034482,49.758620689655174,9,66.92949907235622,401282246,2021,9
142,Missouri Tigers,4781.0,2717,69.29,7.0,39.3768115942029,13,56.829115247856095,401282119,2021,9
238,Vanderbilt Commodores,4888.0,2868,76.38,7.171875,44.8125,12,58.67430441898527,401282119,2021,9
9,Arizona State Sun Devils,4880.0,2778,68.73,6.957746478873239,39.12676056338028,13,56.92622950819672,401309885,2021,9
265,Washington State Cougars,4185.0,2650,62.46,7.313432835820896,39.55223880597015,14,63.32138590203106,401309885,2021,9
62,Hawai'i Rainbow Warriors,4760.0,2701,71.04,7.0,40.3134328358209,13,56.7436974789916,401310731,2021,9
328,Utah State Aggies,5775.0,4617,70.43,8.195121951219512,56.30487804878049,13,79.94805194805195,401310731,2021,9
276,Marshall Thundering Herd,5386.0,3856,69.95,9.857142857142858,50.077922077922075,12,71.59301893798738,401282242,2021,9
2229,Florida International Panthers,5388.0,2282,80.42,8.611940298507463,34.059701492537314,12,42.353377876763176,401282242,2021,9
295,Old Dominion Monarchs,5125.0,2660,71.18,10.069444444444445,36.94444444444444,11,51.90243902439025,401282244,2021,9
2348,Louisiana Tech Bulldogs,4215.0,1969,64.85,6.107692307692307,30.29230769230769,12,46.7141162514828,401282244,2021,9
2393,Middle Tennessee Blue Raiders,3394.0,1808,62.85,5.814814814814815,33.48148148148148,12,53.27047731290513,401282245,2021,9
2572,Southern Miss Golden Eagles,5773.0,1721,73.08,6.886075949367089,21.78481012658228,16,29.81119002251862,401282245,2021,9
52,Florida State Seminoles,4297.0,1337,76.73,5.607142857142857,23.875,14,31.11473120781941,401282670,2021,9
228,Clemson Tigers,5342.0,2922,73.18,7.287671232876712,40.02739726027397,14,54.698614751029574,401282670,2021,9
103,Boston College Eagles,4790.0,2242,66.53,8.083333333333334,31.13888888888889,12,46.805845511482254,401282675,2021,9
183,Syracuse Orange,4783.0,2344,82.47,7.086206896551724,40.41379310344828,12,49.006899435500735,401282675,2021,9
77,Northwestern Wildcats,4066.0,2278,76.72,8.169811320754716,42.9811320754717,10,56.02557796360059,401282795,2021,9
135,Minnesota Golden Gophers,4506.0,3931,67.25,9.955223880597014,58.67164179104478,8,87.23923657345762,401282795,2021,9
158,Nebraska Cornhuskers,4442.0,2699,77.93,6.333333333333333,47.35087719298246,13,60.76091850517785,401282801,2021,9
2509,Purdue Boilermakers,5703.0,3782,69.55,10.24390243902439,46.1219512195122,11,66.31597404874627,401282801,2021,9
2306,Kansas State Wildcats,1178.0,2718,20.67,8.403508771929825,47.68421052631579,10,230.7300509337861,401287930,2021,9
2628,TCU Horned Frogs,4599.0,2307,65.7,8.657142857142857,32.957142857142856,11,50.16307893020222,401287930,2021,9
2026,Appalachian State Mountaineers,4748.0,3196,65.04,6.191780821917808,43.78082191780822,14,67.31255265374895,401309628,2021,9
2433,UL Monroe Warhawks,5103.0,3430,70.88,9.125,47.638888888888886,14,67.2153635116598,401309628,2021,9
98,Western Kentucky Hilltoppers,4272.0,2905,63.76,6.447761194029851,43.35820895522388,12,68.00093632958801,401282241,2021,9
2429,Charlotte 49ers,5175.0,2467,75.0,8.130434782608695,35.7536231884058,11,47.671497584541065,401282241,2021,9
23,San José State Spartans,3880.0,2456,73.21,6.132075471698113,46.339622641509436,11,63.29896907216495,401310732,2021,9
2751,Wyoming Cowboys,5694.0,2981,82.52,8.289855072463768,43.20289855072464,12,52.35335440814893,401310732,2021,9
2032,Arkansas State Red Wolves,4484.0,2138,71.17,8.142857142857142,33.93650793650794,11,47.68064228367529,401309629,2021,9
6,South Alabama Jaguars,5488.0,3700,74.16,8.675675675675675,50.0,13,67.4198250728863,401309629,2021,9
2226,Florida Atlantic Owls,2557.0,1063,60.88,5.523809523809524,25.30952380952381,10,41.57215486898709,401282243,2021,9
2638,UTEP Miners,3565.0,1561,79.22,7.022222222222222,34.68888888888889,10,43.786816269284714,401282243,2021,9
145,Ole Miss Rebels,1928.0,4475,23.8,9.530864197530864,55.24691358024691,12,232.1058091286307,401282116,2021,9
2,Auburn Tigers,1751.0,4327,23.04,8.552631578947368,56.93421052631579,11,247.11593375214164,401282116,2021,9
2567,SMU Mustangs,4463.0,2534,73.16,6.950819672131147,41.540983606557376,11,56.77795205019046,401301034,2021,9
248,Houston Cougars,2033.0,4312,26.75,9.302631578947368,56.73684210526316,11,212.10034431874078,401301034,2021,9
204,Oregon State Beavers,4188.0,2711,74.79,7.339285714285714,48.410714285714285,11,64.73256924546322,401309882,2021,9
25,California Golden Bears,5186.0,4012,71.04,7.931506849315069,54.95890410958904,12,77.36212880833013,401309882,2021,9
12,Arizona Wildcats,5233.0,3362,74.76,8.128571428571428,48.02857142857143,11,64.2461303267724,401309886,2021,9
30,USC Trojans,6163.0,4693,76.09,9.333333333333334,57.93827160493827,12,76.14797987992861,401309886,2021,9
36,Colorado State Rams,5066.0,2998,72.37,7.457142857142857,42.82857142857143,12,59.178839320963284,401310730,2021,9
68,Boise State Broncos,6678.0,4429,83.47,9.45,55.3625,11,66.32225217130878,401310730,2021,9
97,Louisville Cardinals,5522.0,2781,81.21,7.661764705882353,40.89705882352941,12,50.36218761318363,401282672,2021,9
152,NC State Wolfpack,4184.0,2754,69.73,6.366666666666666,45.9,12,65.82217973231357,401282672,2021,9
26,UCLA Bruins,5983.0,4249,75.73,10.582278481012658,53.78481012658228,11,71.01788400467993,401309887,2021,9
254,Utah Utes,4640.0,3741,67.25,7.869565217391305,54.21739130434783,10,80.625,401309887,2021,9
264,Washington Huskies,1793.0,3076,26.76,8.298507462686567,45.91044776119403,11,171.55605131065255,401309883,2021,9
24,Stanford Cardinal,1671.0,2654,28.32,9.576271186440678,44.983050847457626,10,158.82704967085579,401309883,2021,9
278,Fresno State Bulldogs,1486.0,4054,19.55,8.68421052631579,53.3421052631579,13,272.8129205921938,401310733,2021,9
21,San Diego State Aztecs,1679.0,3024,24.69,6.882352941176471,44.470588235294116,12,180.10720667063728,401310733,2021,9
2006,Akron Zips,4951.0,3116,77.36,8.796875,48.6875,11,62.936780448394266,401309579,2021,10
2050,Ball State Cardinals,4495.0,2905,69.15,9.446153846153846,44.69230769230769,11,64.62736373748609,401309579,2021,10
195,Ohio Bobcats,4269.0,2573,67.76,5.936507936507937,40.84126984126984,14,60.2717263996252,401308839,2021,10
193,Miami (OH) RedHawks,6184.0,4023,75.41,7.073170731707317,49.0609756097561,15,65.05498059508409,401308839,2021,10
2199,Eastern Michigan Eagles,4938.0,3104,63.31,5.794871794871795,39.794871794871796,16,62.85945727014986,401309580,2021,10
2649,Toledo Rockets,6157.0,4041,78.94,6.705128205128205,51.80769230769231,15,65.63261328569108,401309580,2021,10
2711,Western Michigan Broncos,6095.0,3921,76.19,8.2125,49.0125,14,64.33141919606234,401309581,2021,10
2117,Central Michigan Chippewas,3115.0,2215,61.08,6.431372549019608,43.431372549019606,10,71.107544141252,401309581,2021,10
2459,Northern Illinois Huskies,7053.0,5188,74.24,9.189473684210526,54.61052631578947,14,73.55735148163902,401309582,2021,10
2309,Kent State Golden Flashes,5160.0,3894,70.68,6.424657534246576,53.342465753424655,14,75.46511627906976,401309582,2021,10
309,Louisiana Ragin' Cajuns,5150.0,3562,73.57,8.457142857142857,50.885714285714286,10,69.16504854368932,401309632,2021,10
2247,Georgia State Panthers,5384.0,3142,79.18,10.102941176470589,46.205882352941174,10,58.35809806835067,401309632,2021,10
103,Boston College Eagles,5143.0,3138,79.12,9.261538461538462,48.276923076923076,10,61.014971806338714,401282677,2021,10
259,Virginia Tech Hokies,3870.0,1396,77.4,6.36,27.92,9,36.07235142118863,401282677,2021,10
24,Stanford Cardinal,1377.0,1273,25.04,6.072727272727272,23.145454545454545,11,92.44734931009441,401309888,2021,10
254,Utah Utes,1997.0,4194,29.37,9.029411764705882,61.6764705882353,10,210.0150225338007,401309888,2021,10
61,Georgia Bulldogs,4305.0,3693,68.33,7.968253968253968,58.61904761904762,10,85.78397212543554,401282122,2021,10
142,Missouri Tigers,4933.0,2638,73.63,9.626865671641792,39.37313432835821,10,53.476586255828096,401282122,2021,10
99,LSU Tigers,5387.0,3193,73.79,8.342465753424657,43.73972602739726,13,59.272322257286056,401282120,2021,10
333,Alabama Crimson Tide,4355.0,2075,69.13,7.0476190476190474,32.93650793650794,12,47.64638346727899,401282120,2021,10
127,Michigan State Spartans,4585.0,3046,72.78,6.968253968253968,48.34920634920635,12,66.4340239912759,401282787,2021,10
2509,Purdue Boilermakers,6160.0,4741,72.47,8.341176470588236,55.77647058823529,12,76.96428571428571,401282787,2021,10
2483,Oregon Ducks,5716.0,2892,75.21,7.894736842105263,38.05263157894737,13,50.59482155353394,401309890,2021,10
264,Washington Huskies,3304.0,1258,66.08,5.56,25.16,12,38.07506053268765,401309890,2021,10
158,Nebraska Cornhuskers,4885.0,1867,75.15,5.7846153846153845,28.723076923076924,14,38.21903787103378,401282799,2021,10
194,Ohio State Buckeyes,5723.0,2700,68.95,7.36144578313253,32.53012048192771,15,47.1780534684606,401282799,2021,10
130,Michigan Wolverines,4382.0,2831,70.68,8.46774193548387,45.66129032258065,10,64.60520310360566,401282727,2021,10
84,Indiana Hoosiers,4317.0,1558,70.77,6.754098360655738,25.540983606557376,13,36.089877229557565,401282727,2021,10
153,North Carolina Tar Heels,5305.0,4182,70.73,7.533333333333333,55.76,15,78.83129123468426,401282682,2021,10
154,Wake Forest Demon Deacons,6300.0,4398,70.0,7.377777777777778,48.86666666666667,15,69.80952380952381,401282682,2021,10
87,Notre Dame Fighting Irish,4240.0,3102,69.51,7.459016393442623,50.85245901639344,10,73.16037735849056,401282710,2021,10
2426,Navy Midshipmen,4323.0,1826,74.53,8.431034482758621,31.482758620689655,11,42.23918575063613,401282710,2021,10
197,Oklahoma State Cowboys,4142.0,1902,65.75,6.111111111111111,30.19047619047619,13,45.919845485272816,401287937,2021,10
277,West Virginia Mountaineers,4431.0,1320,77.74,6.087719298245614,23.157894736842106,12,29.79011509817197,401287937,2021,10
2628,TCU Horned Frogs,5684.0,4361,74.79,9.013157894736842,57.38157894736842,12,76.72413793103448,401287936,2021,10
239,Baylor Bears,4276.0,2943,76.36,7.5,52.55357142857143,11,68.82600561272217,401287936,2021,10
2,Auburn Tigers,5307.0,1998,75.81,8.114285714285714,28.542857142857144,12,37.648388920293954,401282126,2021,10
245,Texas A&M Aggies,4850.0,2879,76.98,8.11111111111111,45.698412698412696,12,59.36082474226804,401282126,2021,10
252,BYU Cougars,4967.0,3726,65.36,6.802631578947368,49.026315789473685,15,75.01509965774109,401309914,2021,10
304,Idaho State Bengals,4259.0,1409,76.05,4.964285714285714,25.160714285714285,16,33.08288330594036,401309914,2021,10
145,Ole Miss Rebels,3837.0,2094,69.76,6.054545454545455,38.07272727272727,11,54.573885848319,401282124,2021,10
2335,Liberty Flames,6205.0,3834,76.6,8.123456790123457,47.333333333333336,11,61.78887993553586,401282124,2021,10
2633,Tennessee Volunteers,3093.0,1981,65.81,6.191489361702128,42.148936170212764,11,64.04784998383447,401282123,2021,10
96,Kentucky Wildcats,7263.0,5484,73.36,9.969696969696969,55.39393939393939,11,75.5059892606361,401282123,2021,10
152,NC State Wolfpack,4769.0,2012,71.18,6.253731343283582,30.029850746268657,14,42.18913818410568,401282679,2021,10
52,Florida State Seminoles,5707.0,2157,80.38,6.126760563380282,30.380281690140844,14,37.79568950411775,401282679,2021,10
164,Rutgers Scarlet Knights,4191.0,1705,76.2,6.9818181818181815,31.0,12,40.68241469816273,401282824,2021,10
275,Wisconsin Badgers,4775.0,3781,68.21,7.485714285714286,54.01428571428571,12,79.18324607329843,401282824,2021,10
2294,Iowa Hawkeyes,4875.0,2673,72.76,6.343283582089552,39.8955223880597,13,54.83076923076923,401282757,2021,10
77,Northwestern Wildcats,5628.0,2702,80.4,7.514285714285714,38.6,13,48.00995024875622,401282757,2021,10
68,Boise State Broncos,5352.0,3610,68.62,7.397435897435898,46.282051282051285,14,67.45142002989536,401310735,2021,10
278,Fresno State Bulldogs,4936.0,1910,75.94,5.4,29.384615384615383,14,38.69529983792545,401310735,2021,10
62,Hawai'i Rainbow Warriors,4927.0,2259,75.8,8.2,34.753846153846155,11,45.84940125837223,401310739,2021,10
21,San Diego State Aztecs,4031.0,2434,69.5,9.448275862068966,41.96551724137931,10,60.38203919622922,401310739,2021,10
221,Pittsburgh Panthers,5840.0,4461,67.13,7.402298850574713,51.275862068965516,16,76.38698630136986,401282678,2021,10
150,Duke Blue Devils,6110.0,3473,70.23,8.551724137931034,39.91954022988506,14,56.84124386252046,401282678,2021,10
349,Army Black Knights,3738.0,1985,67.96,6.8,36.09090909090909,12,53.103263777421084,401310253,2021,10
2005,Air Force Falcons,5230.0,3218,76.91,9.0,47.3235294117647,11,61.52963671128107,401310253,2021,10
2348,Louisiana Tech Bulldogs,4973.0,3292,68.12,7.8493150684931505,45.0958904109589,13,66.19746631811783,401282250,2021,10
5,UAB Blazers,3846.0,2704,69.93,6.236363636363636,49.163636363636364,13,70.3068122724909,401282250,2021,10
356,Illinois Fighting Illini,1460.0,2117,26.07,7.75,37.80357142857143,9,145.0,401282720,2021,10
135,Minnesota Golden Gophers,1231.0,2859,19.23,8.84375,44.671875,10,232.2502030869212,401282720,2021,10
2306,Kansas State Wildcats,3990.0,3095,72.55,8.545454545454545,56.27272727272727,10,77.56892230576442,401287935,2021,10
2305,Kansas Jayhawks,4037.0,2249,70.82,7.719298245614035,39.45614035087719,9,55.70968540995789,401287935,2021,10
2567,SMU Mustangs,3808.0,2075,66.81,6.385964912280702,36.40350877192982,12,54.490546218487395,401301039,2021,10
235,Memphis Tigers,6464.0,4478,73.45,9.090909090909092,50.88636363636363,12,69.2759900990099,401301039,2021,10
2390,Miami Hurricanes,5406.0,3826,72.08,7.586666666666667,51.013333333333335,15,70.7732149463559,401282681,2021,10
59,Georgia Tech Yellow Jackets,5184.0,2178,74.06,5.8428571428571425,31.114285714285714,14,42.013888888888886,401282681,2021,10
2026,Appalachian State Mountaineers,5464.0,4349,75.89,10.041666666666666,60.40277777777778,9,79.59370424597364,401309633,2021,10
2032,Arkansas State Red Wolves,3950.0,1578,70.54,6.071428571428571,28.178571428571427,11,39.949367088607595,401309633,2021,10
249,North Texas Mean Green,6995.0,4949,78.6,10.460674157303371,55.60674157303371,11,70.75053609721229,401282252,2021,10
2572,Southern Miss Golden Eagles,3611.0,1353,69.44,5.230769230769231,26.01923076923077,12,37.468845195236774,401282252,2021,10
151,East Carolina Pirates,4254.0,2978,64.45,6.757575757575758,45.121212121212125,13,70.00470145745182,401301035,2021,10
218,Temple Owls,4567.0,1374,72.49,6.73015873015873,21.80952380952381,13,30.085395226625792,401301035,2021,10
326,Texas State Bobcats,4512.0,2805,70.5,7.09375,43.828125,12,62.16755319148936,401309635,2021,10
2433,UL Monroe Warhawks,7384.0,3976,76.12,9.391752577319588,40.98969072164948,12,53.84615384615385,401309635,2021,10
25,California Golden Bears,3987.0,761,79.74,4.64,15.22,13,19.08703285678455,401309889,2021,10
12,Arizona Wildcats,5767.0,2848,73.0,7.544303797468355,36.050632911392405,13,49.38442864574302,401309889,2021,10
242,Rice Owls,5296.0,3829,71.57,9.054054054054054,51.74324324324324,11,72.29984894259819,401282247,2021,10
2429,Charlotte 49ers,3743.0,2303,71.98,6.365384615384615,44.28846153846154,12,61.52818594710126,401282247,2021,10
98,Western Kentucky Hilltoppers,1877.0,2368,25.71,6.0,32.43835616438356,16,126.15876398508257,401282251,2021,10
2393,Middle Tennessee Blue Raiders,2265.0,2721,27.96,7.148148148148148,33.592592592592595,16,120.13245033112582,401282251,2021,10
213,Penn State Nittany Lions,1482.0,3894,18.52,9.1125,48.675,13,262.753036437247,401282768,2021,10
120,Maryland Terrapins,2300.0,3419,27.71,7.228915662650603,41.19277108433735,13,148.65217391304347,401282768,2021,10
227,Rhode Island Rams,3980.0,2330,71.07,6.928571428571429,41.607142857142854,10,58.54271356783919,401286303,2021,10
113,Massachusetts Minutemen,4666.0,2944,72.91,7.421875,46.0,11,63.09472781825975,401286303,2021,10
202,Tulsa Golden Hurricane,2216.0,4098,26.38,8.630952380952381,48.785714285714285,12,184.92779783393502,401301037,2021,10
2132,Cincinnati Bearcats,1339.0,2693,24.35,7.4,48.96363636363636,11,201.12023898431664,401301037,2021,10
2653,Troy Trojans,3546.0,2120,70.92,6.78,42.4,10,59.78567399887197,401309636,2021,10
6,South Alabama Jaguars,5966.0,3800,74.57,10.9375,47.5,11,63.69426751592356,401309636,2021,10
36,Colorado State Rams,4968.0,2896,69.97,7.295774647887324,40.7887323943662,12,58.293075684380035,401310736,2021,10
2751,Wyoming Cowboys,5035.0,3185,69.93,7.569444444444445,44.236111111111114,12,63.25719960278054,401310736,2021,10
8,Arkansas Razorbacks,1893.0,3439,27.43,8.681159420289855,49.84057971014493,9,181.66930797675647,401282121,2021,10
344,Mississippi State Bulldogs,1915.0,4316,26.23,9.315068493150685,59.12328767123287,10,225.37859007832898,401282121,2021,10
328,Utah State Aggies,5117.0,3795,76.37,7.686567164179104,56.64179104477612,10,74.16454954074653,401310738,2021,10
166,New Mexico State Aggies,5876.0,3789,74.38,10.20253164556962,47.962025316455694,10,64.48264125255275,401310738,2021,10
2116,UCF Knights,3991.0,1792,71.27,5.964285714285714,32.0,11,44.90102731145076,401301036,2021,10
2655,Tulane Green Wave,4156.0,2061,69.27,7.066666666666666,34.35,12,49.590952839268525,401301036,2021,10
2226,Florida Atlantic Owls,5556.0,2565,74.08,7.426666666666667,34.2,14,46.166306695464364,401282249,2021,10
276,Marshall Thundering Herd,4907.0,2868,74.35,8.545454545454545,43.45454545454545,12,58.44711636437742,401282249,2021,10
324,Coastal Carolina Chanticleers,4093.0,1865,69.37,6.559322033898305,31.610169491525422,13,45.56559980454434,401309634,2021,10
290,Georgia Southern Eagles,4640.0,1703,78.64,6.559322033898305,28.864406779661017,12,36.702586206896555,401309634,2021,10
295,Old Dominion Monarchs,5995.0,4688,72.23,8.63855421686747,56.48192771084337,13,78.19849874895746,401282248,2021,10
2229,Florida International Panthers,4727.0,2371,75.03,5.619047619047619,37.63492063492063,14,50.15866299978845,401282248,2021,10
38,Colorado Buffaloes,4183.0,2538,66.4,6.857142857142857,40.285714285714285,12,60.674157303370784,401309891,2021,10
204,Oregon State Beavers,5452.0,3470,73.68,8.324324324324325,46.891891891891895,14,63.646368305209094,401309891,2021,10
167,New Mexico Lobos,5029.0,2080,78.58,6.078125,32.5,14,41.36011135414596,401310737,2021,10
2439,UNLV Rebels,3541.0,1361,59.02,5.833333333333333,22.683333333333334,13,38.43547020615645,401310737,2021,10
57,Florida Gators,4373.0,1910,78.09,5.160714285714286,34.107142857142854,13,43.677109535787785,401282125,2021,10
2579,South Carolina Gamecocks,4537.0,3285,68.74,7.5606060606060606,49.77272727272727,11,72.40467269120565,401282125,2021,10
228,Clemson Tigers,1817.0,2548,27.95,6.769230769230769,39.2,12,140.231150247661,401282680,2021,10
97,Louisville Cardinals,1413.0,2619,21.09,7.044776119402985,39.08955223880597,14,185.35031847133757,401282680,2021,10
66,Iowa State Cyclones,5305.0,2754,74.72,6.887323943661972,38.7887323943662,14,51.91328934967012,401287934,2021,10
251,Texas Longhorns,4517.0,1667,74.05,6.344262295081967,27.327868852459016,15,36.90502545937569,401287934,2021,10
248,Houston Cougars,2046.0,2708,31.97,5.03125,42.3125,15,132.35581622678396,401301038,2021,10
58,South Florida Bulls,2056.0,3175,28.56,7.319444444444445,44.09722222222222,13,154.4260700389105,401301038,2021,10
23,San José State Spartans,5261.0,2814,69.22,6.131578947368421,37.026315789473685,16,53.487930051321044,401310740,2021,10
2440,Nevada Wolf Pack,6239.0,2824,75.17,7.710843373493976,34.024096385542165,14,45.26366404872576,401310740,2021,10
2636,UTSA Roadrunners,5623.0,4969,77.03,9.876712328767123,68.06849315068493,9,88.36919793704428,401282253,2021,10
2638,UTEP Miners,4643.0,3483,76.11,8.688524590163935,57.09836065573771,9,75.01615334912772,401282253,2021,10
30,USC Trojans,5030.0,2327,69.86,7.236111111111111,32.31944444444444,12,46.262425447316105,401309892,2021,10
9,Arizona State Sun Devils,4873.0,3350,78.6,7.161290322580645,54.03225806451613,13,68.74615226759697,401309892,2021,10
193,Miami (OH) RedHawks,4224.0,3155,66.0,6.703125,49.296875,12,74.69223484848484,401308840,2021,11
2084,Buffalo Bulls,5050.0,3166,72.14,8.114285714285714,45.22857142857143,12,62.693069306930695,401308840,2021,11
2711,Western Michigan Broncos,4957.0,4219,78.68,8.507936507936508,66.96825396825396,10,85.11196288077466,401309584,2021,11
2006,Akron Zips,4862.0,3448,68.48,9.774647887323944,48.563380281690144,9,70.9173179761415,401309584,2021,11
195,Ohio Bobcats,4748.0,3735,77.84,9.098360655737705,61.22950819672131,9,78.66470092670598,401309583,2021,11
2199,Eastern Michigan Eagles,6137.0,4443,74.84,10.292682926829269,54.18292682926829,9,72.39693661398077,401309583,2021,11
189,Bowling Green Falcons,4750.0,2196,73.08,7.615384615384615,33.784615384615385,13,46.23157894736842,401309585,2021,11
2649,Toledo Rockets,4668.0,3268,70.73,6.9393939393939394,49.515151515151516,13,70.00856898029134,401309585,2021,11
2459,Northern Illinois Huskies,5915.0,3697,74.87,8.164556962025317,46.79746835443038,13,62.502113271344044,401309587,2021,11
2050,Ball State Cardinals,3952.0,2079,68.14,5.4655172413793105,35.8448275862069,13,52.60627530364373,401309587,2021,11
2309,Kent State Golden Flashes,5401.0,3838,72.01,8.813333333333333,51.17333333333333,12,71.06091464543603,401309586,2021,11
2117,Central Michigan Chippewas,5041.0,4041,63.81,8.227848101265822,51.151898734177216,12,80.1626661376711,401309586,2021,11
153,North Carolina Tar Heels,5079.0,2710,71.54,7.154929577464789,38.16901408450704,14,53.35696003150226,401282683,2021,11
221,Pittsburgh Panthers,4995.0,2946,65.72,7.342105263157895,38.76315789473684,14,58.97897897897898,401282683,2021,11
2132,Cincinnati Bearcats,2259.0,3689,29.72,8.06578947368421,48.53947368421053,12,163.30234617087206,401301040,2021,11
58,South Florida Bulls,1184.0,3488,17.41,10.235294117647058,51.294117647058826,11,294.5945945945946,401301040,2021,11
68,Boise State Broncos,5282.0,3076,76.55,8.73913043478261,44.57971014492754,10,58.23551684967815,401310742,2021,11
2751,Wyoming Cowboys,3408.0,1322,74.09,5.413043478260869,28.73913043478261,10,38.791079812206576,401310742,2021,11
61,Georgia Bulldogs,5087.0,3780,72.67,7.714285714285714,54.0,12,74.30705720463928,401282133,2021,11
2633,Tennessee Volunteers,6220.0,3733,74.05,8.285714285714286,44.44047619047619,13,60.01607717041801,401282133,2021,11
333,Alabama Crimson Tide,5478.0,3983,70.23,7.8076923076923075,51.06410256410256,13,72.70901788974078,401282127,2021,11
166,New Mexico State Aggies,4457.0,1081,76.84,5.913793103448276,18.637931034482758,13,24.253982499439086,401282127,2021,11
2483,Oregon Ducks,4669.0,3604,68.66,8.264705882352942,53.0,12,77.18997644035126,401309895,2021,11
265,Washington State Cougars,4373.0,2412,71.69,6.573770491803279,39.540983606557376,12,55.15664303681683,401309895,2021,11
2509,Purdue Boilermakers,5513.0,4220,77.65,8.845070422535212,59.436619718309856,10,76.54634500272084,401282812,2021,11
194,Ohio State Buckeyes,4668.0,4320,69.67,8.149253731343284,64.4776119402985,11,92.54498714652956,401282812,2021,11
213,Penn State Nittany Lions,6078.0,3309,70.67,10.395348837209303,38.47674418604651,11,54.44225074037512,401282780,2021,11
130,Michigan Wolverines,5257.0,3212,77.31,7.970588235294118,47.23529411764706,12,61.099486399086935,401282780,2021,11
201,Oklahoma Sooners,4054.0,2055,71.12,6.56140350877193,36.05263157894737,13,50.690675875678345,401287938,2021,11
239,Baylor Bears,4594.0,3697,62.08,8.324324324324325,49.95945945945946,15,80.4745319982586,401287938,2021,11
258,Virginia Cavaliers,4571.0,2132,71.42,7.734375,33.3125,10,46.641872675563334,401282688,2021,11
87,Notre Dame Fighting Irish,4254.0,3132,70.9,7.366666666666666,52.2,10,73.62482369534555,401282688,2021,11
145,Ole Miss Rebels,7144.0,4902,76.82,8.849462365591398,52.70967741935484,14,68.61702127659575,401282131,2021,11
245,Texas A&M Aggies,5523.0,2586,77.79,6.366197183098592,36.42253521126761,15,46.822379141770774,401282131,2021,11
152,NC State Wolfpack,5441.0,2936,70.66,6.259740259740259,38.12987012987013,16,53.960668994670094,401282690,2021,11
154,Wake Forest Demon Deacons,6303.0,4111,70.03,7.7444444444444445,45.67777777777778,18,65.22290972552753,401282690,2021,11
344,Mississippi State Bulldogs,5129.0,4026,68.39,7.973333333333334,53.68,12,78.49483330083837,401282128,2021,11
2,Auburn Tigers,5172.0,3677,73.89,7.542857142857143,52.52857142857143,11,71.09435421500386,401282128,2021,11
275,Wisconsin Badgers,4892.0,3109,70.9,6.217391304347826,45.05797101449275,13,63.55273916598528,401282806,2021,11
77,Northwestern Wildcats,4499.0,2318,76.25,9.203389830508474,39.28813559322034,11,51.52256056901534,401282806,2021,11
135,Minnesota Golden Gophers,5781.0,3266,70.5,8.585365853658537,39.829268292682926,12,56.49541601798997,401282762,2021,11
2294,Iowa Hawkeyes,3374.0,1561,68.86,6.183673469387755,31.857142857142858,11,46.2655601659751,401282762,2021,11
21,San Diego State Aztecs,5227.0,3212,73.62,8.28169014084507,45.23943661971831,11,61.45016261718003,401310746,2021,11
2440,Nevada Wolf Pack,4867.0,2407,77.25,6.523809523809524,38.20634920634921,11,49.4555167454284,401310746,2021,11
2636,UTSA Roadrunners,3385.0,2084,60.45,5.392857142857143,37.214285714285715,13,61.56573116691285,401282260,2021,11
2572,Southern Miss Golden Eagles,3816.0,1226,70.67,6.444444444444445,22.703703703703702,12,32.127882599580715,401282260,2021,11
254,Utah Utes,5061.0,3786,75.54,8.761194029850746,56.507462686567166,10,74.80735032602253,401309896,2021,11
12,Arizona Wildcats,4558.0,3298,74.72,9.0,54.0655737704918,9,72.35629662132514,401309896,2021,11
8,Arkansas Razorbacks,4226.0,1591,68.16,6.096774193548387,25.661290322580644,14,37.64789398958826,401282130,2021,11
99,LSU Tigers,5185.0,2113,69.13,7.253333333333333,28.173333333333332,14,40.752169720347155,401282130,2021,11
2535,Samford Bulldogs,6257.0,4372,72.76,7.465116279069767,50.83720930232558,14,69.87374140962122,401282129,2021,11
57,Florida Gators,4822.0,4167,69.88,6.159420289855072,60.391304347826086,13,86.41642472003318,401282129,2021,11
41,UConn Huskies,1403.0,398,24.61,4.140350877192983,6.982456140350878,16,28.367783321454027,401282684,2021,11
228,Clemson Tigers,3361.0,3834,33.95,8.171717171717171,38.72727272727273,17,114.07319250223148,401282684,2021,11
183,Syracuse Orange,1340.0,1498,23.51,6.894736842105263,26.280701754385966,11,111.7910447761194,401282687,2021,11
97,Louisville Cardinals,1824.0,2587,34.42,6.90566037735849,48.81132075471698,10,141.8311403508772,401282687,2021,11
164,Rutgers Scarlet Knights,4404.0,2052,63.83,6.2898550724637685,29.73913043478261,16,46.59400544959128,401282728,2021,11
84,Indiana Hoosiers,5553.0,2378,74.04,7.213333333333333,31.706666666666667,15,42.82369890149469,401282728,2021,11
311,Maine Black Bears,1938.0,2796,31.77,7.163934426229508,45.83606557377049,11,144.27244582043343,401286304,2021,11
113,Massachusetts Minutemen,1545.0,2060,23.41,6.818181818181818,31.21212121212121,12,133.33333333333334,401286304,2021,11
277,West Virginia Mountaineers,5314.0,3104,75.91,8.571428571428571,44.34285714285714,11,58.41174256680467,401287939,2021,11
2306,Kansas State Wildcats,3204.0,2064,54.31,6.898305084745763,34.983050847457626,11,64.41947565543072,401287939,2021,11
2567,SMU Mustangs,6077.0,4887,66.05,7.891304347826087,53.119565217391305,14,80.4179693927925,401301041,2021,11
2116,UCF Knights,4362.0,1960,72.7,5.116666666666666,32.666666666666664,14,44.93351673544246,401301041,2021,11
151,East Carolina Pirates,7263.0,5647,73.36,12.98989898989899,57.04040404040404,10,77.75024094726697,401301042,2021,11
235,Memphis Tigers,3780.0,2199,74.12,7.921568627450981,43.11764705882353,10,58.17460317460318,401301042,2021,11
248,Houston Cougars,2546.0,3621,31.83,8.2875,45.2625,13,142.22309505106048,401301043,2021,11
218,Temple Owls,1155.0,1171,24.06,4.979166666666667,24.395833333333332,13,101.38528138528139,401301043,2021,11
349,Army Black Knights,4514.0,4295,69.45,9.615384615384615,66.07692307692308,10,95.14842711564023,401310254,2021,11
2083,Bucknell Bison,3595.0,942,69.13,5.019230769230769,18.115384615384617,12,26.20305980528512,401310254,2021,11
98,Western Kentucky Hilltoppers,8763.0,6039,73.64,7.184873949579832,50.747899159663866,15,68.91475522081478,401282259,2021,11
242,Rice Owls,10556.0,6217,78.19,7.385185185185185,46.05185185185185,15,58.89541492989769,401282259,2021,11
2247,Georgia State Panthers,1601.0,3266,24.26,7.424242424242424,49.484848484848484,13,203.99750156152405,401309639,2021,11
324,Coastal Carolina Chanticleers,2248.0,3263,31.22,8.36111111111111,45.31944444444444,12,145.15124555160142,401309639,2021,11
2026,Appalachian State Mountaineers,4590.0,2678,72.86,7.174603174603175,42.507936507936506,13,58.3442265795207,401309637,2021,11
6,South Alabama Jaguars,4878.0,2190,69.69,6.357142857142857,31.285714285714285,15,44.895448954489545,401309637,2021,11
290,Georgia Southern Eagles,4703.0,2809,70.19,6.746268656716418,41.92537313432836,15,59.72783329789496,401309640,2021,11
326,Texas State Bobcats,5718.0,2756,71.47,8.225,34.45,13,48.19867086393844,401309640,2021,11
2348,Louisiana Tech Bulldogs,4972.0,4004,74.21,9.343283582089553,59.76119402985075,10,80.53097345132744,401282254,2021,11
2429,Charlotte 49ers,4608.0,3792,69.82,7.863636363636363,57.45454545454545,10,82.29166666666667,401282254,2021,11
295,Old Dominion Monarchs,4942.0,3013,68.64,6.888888888888889,41.84722222222222,14,60.96721974908944,401282256,2021,11
2226,Florida Atlantic Owls,3808.0,1531,71.85,5.09433962264151,28.88679245283019,13,40.20483193277311,401282256,2021,11
5,UAB Blazers,6139.0,3660,82.96,8.635135135135135,49.45945945945946,12,59.618830428408536,401282257,2021,11
276,Marshall Thundering Herd,4670.0,2148,72.97,6.5,33.5625,11,45.99571734475375,401282257,2021,11
52,Florida State Seminoles,5507.0,3685,74.42,7.797297297297297,49.7972972972973,13,66.91483566370074,401282685,2021,11
2390,Miami Hurricanes,5134.0,2777,73.34,6.8,39.67142857142857,13,54.090377873003504,401282685,2021,11
59,Georgia Tech Yellow Jackets,4650.0,3084,69.4,8.611940298507463,46.02985074626866,10,66.3225806451613,401282686,2021,11
103,Boston College Eagles,4194.0,3454,76.25,7.290909090909091,62.8,10,82.35574630424416,401282686,2021,11
259,Virginia Tech Hokies,4117.0,2923,74.85,6.181818181818182,53.14545454545455,12,70.99829973281516,401282689,2021,11
150,Duke Blue Devils,5621.0,2864,73.96,7.118421052631579,37.68421052631579,13,50.95178793808931,401282689,2021,11
2641,Texas Tech Red Raiders,4770.0,3514,72.27,7.651515151515151,53.24242424242424,12,73.66876310272536,401287942,2021,11
66,Iowa State Cyclones,4879.0,3612,72.82,8.253731343283581,53.91044776119403,11,74.03156384505021,401287942,2021,11
2653,Troy Trojans,5856.0,3689,76.05,9.662337662337663,47.90909090909091,12,62.99521857923497,401309641,2021,11
309,Louisiana Ragin' Cajuns,4239.0,2610,67.29,6.5396825396825395,41.42857142857143,12,61.57112526539278,401309641,2021,11
2579,South Carolina Gamecocks,1763.0,2468,27.98,7.333333333333333,39.17460317460318,12,139.9886557005105,401282132,2021,11
142,Missouri Tigers,1744.0,3349,25.28,7.768115942028985,48.53623188405797,12,192.02981651376146,401282132,2021,11
249,North Texas Mean Green,6180.0,3916,77.25,9.3375,48.95,14,63.36569579288026,401282258,2021,11
2638,UTEP Miners,4859.0,2095,79.66,5.885245901639344,34.34426229508197,13,43.11586746244083,401282258,2021,11
120,Maryland Terrapins,1561.0,2649,21.38,7.123287671232877,36.28767123287671,12,169.69891095451632,401282771,2021,11
127,Michigan State Spartans,2187.0,3681,29.55,7.756756756756757,49.74324324324324,13,168.3127572016461,401282771,2021,11
2655,Tulane Green Wave,4170.0,1570,70.68,4.983050847457627,26.610169491525422,15,37.64988009592326,401301044,2021,11
202,Tulsa Golden Hurricane,5720.0,3188,77.3,7.702702702702703,43.08108108108108,14,55.73426573426573,401301044,2021,11
2032,Arkansas State Red Wolves,6573.0,3749,81.15,6.716049382716049,46.28395061728395,16,57.03636087022669,401309638,2021,11
2433,UL Monroe Warhawks,5060.0,1907,67.47,5.773333333333333,25.426666666666666,16,37.687747035573125,401309638,2021,11
24,Stanford Cardinal,3434.0,1988,71.54,8.0625,41.416666666666664,9,57.89167152009318,401309894,2021,11
204,Oregon State Beavers,5499.0,4460,73.32,10.48,59.46666666666667,9,81.10565557374068,401309894,2021,11
96,Kentucky Wildcats,4032.0,2753,72.0,8.392857142857142,49.160714285714285,9,68.27876984126983,401282134,2021,11
238,Vanderbilt Commodores,4639.0,2415,78.63,8.23728813559322,40.932203389830505,9,52.05863332614788,401282134,2021,11
264,Washington Huskies,4263.0,1941,67.67,5.761904761904762,30.80952380952381,14,45.53131597466573,401309897,2021,11
9,Arizona State Sun Devils,4999.0,3504,69.43,10.125,48.666666666666664,11,70.09401880376075,401309897,2021,11
2005,Air Force Falcons,5568.0,4125,74.24,10.0,55.0,11,74.08405172413794,401310741,2021,11
36,Colorado State Rams,1540.0,2510,27.02,8.070175438596491,44.03508771929825,10,162.98701298701297,401310741,2021,11
167,New Mexico Lobos,918.0,1438,19.96,5.826086956521739,31.26086956521739,11,156.64488017429193,401310743,2021,11
278,Fresno State Bulldogs,2018.0,3014,28.83,8.057142857142857,43.05714285714286,10,149.35579781962338,401310743,2021,11
251,Texas Longhorns,1832.0,4038,23.79,7.298701298701299,52.44155844155844,15,220.41484716157206,401287941,2021,11
2305,Kansas Jayhawks,1887.0,3547,26.58,7.915492957746479,49.95774647887324,13,187.9703232644409,401287941,2021,11
26,UCLA Bruins,4410.0,3177,67.85,6.6,48.87692307692308,12,72.04081632653062,401309898,2021,11
38,Colorado Buffaloes,5266.0,2886,71.16,7.418918918918919,39.0,13,54.80440562096468,401309898,2021,11
328,Utah State Aggies,4988.0,2693,61.58,6.271604938271605,33.24691358024691,16,53.98957497995188,401310744,2021,11
23,San José State Spartans,4172.0,1032,77.26,5.518518518518518,19.11111111111111,14,24.73633748801534,401310744,2021,11
195,Ohio Bobcats,6708.0,4619,73.71,9.780219780219781,50.75824175824176,11,68.85807990459153,401309589,2021,12
2649,Toledo Rockets,3127.0,1612,65.15,4.833333333333333,33.583333333333336,11,51.55100735529261,401309589,2021,12
2711,Western Michigan Broncos,5008.0,3067,77.05,7.030769230769231,47.184615384615384,11,61.24201277955272,401309588,2021,12
2199,Eastern Michigan Eagles,4648.0,3111,70.42,8.075757575757576,47.13636363636363,11,66.93201376936317,401309588,2021,12
189,Bowling Green Falcons,4952.0,1427,76.18,5.7384615384615385,21.953846153846154,15,28.81663974151858,401308841,2021,12
193,Miami (OH) RedHawks,3544.0,1296,62.18,5.175438596491228,22.736842105263158,15,36.56884875846501,401308841,2021,12
2459,Northern Illinois Huskies,5293.0,3752,73.51,10.652777777777779,52.111111111111114,12,70.88607594936708,401309590,2021,12
2084,Buffalo Bulls,5146.0,3163,69.54,8.554054054054054,42.74324324324324,11,61.46521570151574,401309590,2021,12
2117,Central Michigan Chippewas,6135.0,4140,71.34,8.279069767441861,48.13953488372093,12,67.48166259168704,401309591,2021,12
2050,Ball State Cardinals,5688.0,2926,72.0,8.253164556962025,37.037974683544306,12,51.44163150492265,401309591,2021,12
150,Duke Blue Devils,5862.0,4187,73.28,9.0125,52.3375,11,71.42613442511089,401282691,2021,12
97,Louisville Cardinals,4491.0,4166,73.62,6.770491803278689,68.29508196721312,11,92.76330438655089,401282691,2021,12
21,San Diego State Aztecs,3660.0,1919,64.21,5.982456140350878,33.666666666666664,11,52.431693989071036,401310751,2021,12
2439,UNLV Rebels,4710.0,2569,79.83,6.440677966101695,43.54237288135593,12,54.54352441613588,401310751,2021,12
235,Memphis Tigers,5516.0,2872,73.55,7.32,38.29333333333334,12,52.066715010877445,401301045,2021,12
248,Houston Cougars,4898.0,2714,69.97,7.942857142857143,38.77142857142857,12,55.410371580236834,401301045,2021,12
265,Washington State Cougars,4276.0,2306,68.97,4.725806451612903,37.193548387096776,14,53.9289055191768,401309899,2021,12
12,Arizona Wildcats,6491.0,3299,79.16,7.426829268292683,40.23170731707317,13,50.824218148205205,401309899,2021,12
2005,Air Force Falcons,5526.0,3895,69.95,10.025316455696203,49.30379746835443,13,70.48498009410062,401310747,2021,12
2440,Nevada Wolf Pack,1502.0,2570,23.47,7.640625,40.15625,12,171.1051930758988,401310747,2021,12
2127,Charleston Southern Buccaneers,4939.0,928,73.72,5.3283582089552235,13.850746268656716,16,18.789228588783153,401282136,2021,12
61,Georgia Bulldogs,4129.0,2834,58.99,5.571428571428571,40.48571428571429,16,68.63647372245096,401282136,2021,12
333,Alabama Crimson Tide,5557.0,4478,75.09,7.851351351351352,60.513513513513516,12,80.58304840741407,401282135,2021,12
8,Arkansas Razorbacks,5802.0,4068,79.48,8.397260273972602,55.726027397260275,12,70.11375387797311,401282135,2021,12
254,Utah Utes,4861.0,3664,72.55,9.567164179104477,54.6865671641791,8,75.3754371528492,401309901,2021,12
2483,Oregon Ducks,4180.0,2662,72.07,8.862068965517242,45.89655172413793,8,63.68421052631579,401309901,2021,12
194,Ohio State Buckeyes,6471.0,5545,76.13,9.4,65.23529411764706,12,85.69000154535621,401282786,2021,12
127,Michigan State Spartans,4419.0,1563,74.9,6.491525423728813,26.491525423728813,12,35.36999321113374,401282786,2021,12
130,Michigan Wolverines,4733.0,3309,63.11,8.08,44.12,12,69.91337418128037,401282770,2021,12
120,Maryland Terrapins,5785.0,2801,76.12,8.013157894736842,36.85526315789474,14,48.418323249783924,401282770,2021,12
87,Notre Dame Fighting Irish,4384.0,3170,74.31,6.203389830508475,53.728813559322035,11,72.30839416058394,401282697,2021,12
59,Georgia Tech Yellow Jackets,4329.0,1244,68.71,5.650793650793651,19.746031746031747,13,28.736428736428735,401282697,2021,12
2641,Texas Tech Red Raiders,4485.0,1062,78.68,5.385964912280702,18.63157894736842,13,23.678929765886288,401287946,2021,12
197,Oklahoma State Cowboys,6221.0,3846,72.34,8.127906976744185,44.72093023255814,13,61.82285806140492,401287946,2021,12
239,Baylor Bears,5924.0,3934,72.24,9.71951219512195,47.97560975609756,11,66.4078325455773,401287943,2021,12
2306,Kansas State Wildcats,3443.0,1624,68.86,6.86,32.48,9,47.168167295962824,401287943,2021,12
145,Ole Miss Rebels,4544.0,3146,69.91,6.492307692307692,48.4,12,69.23415492957747,401282139,2021,12
238,Vanderbilt Commodores,7216.0,4505,78.43,10.33695652173913,48.96739130434783,12,62.43070953436807,401282139,2021,12
66,Iowa State Cyclones,7100.0,4402,74.74,9.74736842105263,46.33684210526316,13,62.0,401287944,2021,12
201,Oklahoma Sooners,4341.0,2007,74.84,6.603448275862069,34.60344827586207,12,46.23358673116793,401287944,2021,12
252,BYU Cougars,4950.0,3657,76.15,7.907692307692308,56.261538461538464,11,73.87878787878788,401309645,2021,12
290,Georgia Southern Eagles,3720.0,1948,74.4,7.0,38.96,10,52.365591397849464,401309645,2021,12
158,Nebraska Cornhuskers,5018.0,3495,71.69,7.6571428571428575,49.92857142857143,11,69.649262654444,401282803,2021,12
275,Wisconsin Badgers,3305.0,2243,68.85,6.458333333333333,46.729166666666664,9,67.86686838124055,401282803,2021,12
245,Texas A&M Aggies,3916.0,3428,62.16,7.920634920634921,54.41269841269841,10,87.53830439223698,401282144,2021,12
2504,Prairie View A&M Panthers,4083.0,1386,75.61,7.074074074074074,25.666666666666668,10,33.94562821454813,401282144,2021,12
356,Illinois Fighting Illini,4438.0,1870,72.75,5.721311475409836,30.65573770491803,15,42.13609734114466,401282721,2021,12
2294,Iowa Hawkeyes,4463.0,1936,67.62,7.424242424242424,29.333333333333332,12,43.37889312121891,401282721,2021,12
221,Pittsburgh Panthers,5749.0,4423,72.77,8.367088607594937,55.9873417721519,14,76.93511915115673,401282698,2021,12
258,Virginia Cavaliers,5691.0,3687,75.88,6.773333333333333,49.16,14,64.78650500790722,401282698,2021,12
152,NC State Wolfpack,3839.0,2464,72.43,6.509433962264151,46.490566037735846,10,64.18338108882521,401282695,2021,12
183,Syracuse Orange,3945.0,1450,74.43,6.169811320754717,27.358490566037737,12,36.755386565272495,401282695,2021,12
5,UAB Blazers,4566.0,2514,74.85,6.573770491803279,41.21311475409836,11,55.059132720105126,401282267,2021,12
2636,UTSA Roadrunners,4998.0,3200,71.4,8.442857142857143,45.714285714285715,11,64.02561024409763,401282267,2021,12
344,Mississippi State Bulldogs,4106.0,3374,67.31,6.147540983606557,55.31147540983606,12,82.17243058938139,401282140,2021,12
2634,Tennessee State Tigers,4155.0,1535,69.25,6.066666666666666,25.583333333333332,13,36.94344163658243,401282140,2021,12
96,Kentucky Wildcats,5062.0,4058,72.31,5.757142857142857,57.97142857142857,15,80.1659423152904,401282137,2021,12
166,New Mexico State Aggies,4766.0,1713,78.13,5.524590163934426,28.081967213114755,15,35.942089802769615,401282137,2021,12
2226,Florida Atlantic Owls,4707.0,2331,68.22,7.811594202898551,33.78260869565217,11,49.521988527724666,401282263,2021,12
98,Western Kentucky Hilltoppers,5776.0,4308,74.05,6.8076923076923075,55.23076923076923,14,74.58448753462604,401282263,2021,12
103,Boston College Eagles,5575.0,3895,76.37,10.287671232876713,53.35616438356164,10,69.86547085201794,401282692,2021,12
52,Florida State Seminoles,4752.0,2553,74.25,6.609375,39.890625,11,53.724747474747474,401282692,2021,12
154,Wake Forest Demon Deacons,1756.0,3899,23.41,8.64,51.986666666666665,13,222.03872437357631,401282693,2021,12
228,Clemson Tigers,2031.0,3728,27.82,7.328767123287672,51.06849315068493,12,183.55489906450023,401282693,2021,12
153,North Carolina Tar Heels,5348.0,4747,78.65,9.941176470588236,69.80882352941177,8,88.7621540762902,401282696,2021,12
2747,Wofford Terriers,4275.0,2687,77.73,8.418181818181818,48.85454545454545,8,62.853801169590646,401282696,2021,12
77,Northwestern Wildcats,4930.0,2705,71.45,9.173913043478262,39.20289855072464,9,54.86815415821501,401282808,2021,12
2509,Purdue Boilermakers,4063.0,3120,66.61,8.147540983606557,51.14754098360656,10,76.79054885552547,401282808,2021,12
164,Rutgers Scarlet Knights,4735.0,1316,81.64,5.827586206896552,22.689655172413794,14,27.793030623020062,401282818,2021,12
213,Penn State Nittany Lions,5062.0,3017,70.31,7.444444444444445,41.90277777777778,13,59.60094824180166,401282818,2021,12
113,Massachusetts Minutemen,3645.0,2148,70.1,7.0576923076923075,41.30769230769231,10,58.93004115226338,401286305,2021,12
349,Army Black Knights,4612.0,3156,64.96,9.19718309859155,44.45070422535211,10,68.43018213356461,401286305,2021,12
277,West Virginia Mountaineers,6389.0,4446,75.16,9.48235294117647,52.305882352941175,11,69.58835498513069,401287947,2021,12
251,Texas Longhorns,4121.0,2146,73.59,6.0,38.32142857142857,12,52.074739140985194,401287947,2021,12
58,South Florida Bulls,5631.0,2616,74.09,8.105263157894736,34.421052631578945,13,46.457112413425676,401301048,2021,12
2655,Tulane Green Wave,4196.0,2947,72.34,6.448275862068965,50.810344827586206,12,70.23355576739752,401301048,2021,12
326,Texas State Bobcats,4590.0,2282,77.8,7.135593220338983,38.67796610169491,11,49.71677559912854,401309644,2021,12
324,Coastal Carolina Chanticleers,5416.0,4238,71.26,9.407894736842104,55.76315789473684,11,78.2496307237814,401309644,2021,12
264,Washington Huskies,5947.0,3549,71.65,8.879518072289157,42.75903614457831,12,59.6771481419203,401309903,2021,12
38,Colorado Buffaloes,3290.0,1712,71.52,7.543478260869565,37.21739130434783,10,52.036474164133736,401309903,2021,12
276,Marshall Thundering Herd,5170.0,4414,72.82,8.366197183098592,62.16901408450704,10,85.37717601547389,401282261,2021,12
2429,Charlotte 49ers,5205.0,3932,72.29,10.833333333333334,54.611111111111114,9,75.54274735830931,401282261,2021,12
84,Indiana Hoosiers,4288.0,2198,82.46,7.884615384615385,42.26923076923077,10,51.259328358208954,401282732,2021,12
135,Minnesota Golden Gophers,4220.0,3334,62.99,9.044776119402986,49.76119402985075,11,79.00473933649289,401282732,2021,12
151,East Carolina Pirates,5005.0,4460,74.7,9.17910447761194,66.56716417910448,9,89.1108891108891,401301047,2021,12
2426,Navy Midshipmen,3756.0,2671,78.25,8.208333333333334,55.645833333333336,8,71.11288604898829,401301047,2021,12
2653,Troy Trojans,2886.0,793,74.0,4.076923076923077,20.333333333333332,11,27.47747747747748,401309642,2021,12
2026,Appalachian State Mountaineers,4329.0,3210,56.96,8.039473684210526,42.23684210526316,12,74.15107415107416,401309642,2021,12
2132,Cincinnati Bearcats,1867.0,3550,26.67,7.371428571428571,50.714285714285715,12,190.14461703267273,401301046,2021,12
2567,SMU Mustangs,3901.0,1598,68.44,6.56140350877193,28.035087719298247,12,40.963855421686745,401301046,2021,12
57,Florida Gators,1900.0,2339,26.76,6.52112676056338,32.943661971830984,14,123.10526315789474,401282141,2021,12
142,Missouri Tigers,1328.0,1922,22.9,5.948275862068965,33.13793103448276,13,144.7289156626506,401282141,2021,12
2638,UTEP Miners,4437.0,3081,71.56,7.32258064516129,49.693548387096776,12,69.43881000676133,401282266,2021,12
242,Rice Owls,1888.0,3127,26.97,8.271428571428572,44.67142857142857,12,165.625,401282266,2021,12
41,UConn Huskies,5441.0,2679,70.66,7.454545454545454,34.79220779220779,14,49.237272560191144,401286293,2021,12
2116,UCF Knights,4603.0,3127,68.7,5.985074626865671,46.67164179104478,15,67.93395611557679,401286293,2021,12
2335,Liberty Flames,4869.0,1699,69.56,7.328571428571428,24.271428571428572,13,34.894228794413635,401286298,2021,12
309,Louisiana Ragin' Cajuns,3867.0,2354,59.49,6.676923076923077,36.215384615384615,14,60.874062580812,401286298,2021,12
2628,TCU Horned Frogs,4846.0,3792,75.72,8.734375,59.25,10,78.25010317787866,401287945,2021,12
2305,Kansas Jayhawks,4408.0,2903,73.47,7.033333333333333,48.38333333333333,11,65.85753176043558,401287945,2021,12
218,Temple Owls,5098.0,2307,73.88,7.681159420289855,33.43478260869565,13,45.25304040800314,401301049,2021,12
202,Tulsa Golden Hurricane,5142.0,3666,72.42,7.957746478873239,51.63380281690141,13,71.29521586931155,401301049,2021,12
30,USC Trojans,6106.0,3794,71.84,8.376470588235295,44.63529411764706,14,62.135604323616114,401309904,2021,12
26,UCLA Bruins,4700.0,3822,73.44,6.46875,59.71875,13,81.31914893617021,401309904,2021,12
2,Auburn Tigers,4943.0,2905,76.05,8.169230769230769,44.69230769230769,10,58.76997774630791,401282142,2021,12
2579,South Carolina Gamecocks,3780.0,2025,67.5,5.785714285714286,36.160714285714285,11,53.57142857142857,401282142,2021,12
2229,Florida International Panthers,4428.0,1053,72.59,7.311475409836065,17.262295081967213,13,23.78048780487805,401282262,2021,12
249,North Texas Mean Green,4741.0,3145,75.25,7.111111111111111,49.92063492063492,13,66.33621598818814,401282262,2021,12
25,California Golden Bears,1202.0,3883,19.39,7.661290322580645,62.62903225806452,11,323.04492512479203,401309900,2021,12
24,Stanford Cardinal,1893.0,3280,26.66,8.28169014084507,46.19718309859155,12,173.26994189117804,401309900,2021,12
2633,Tennessee Volunteers,5123.0,4165,71.15,7.583333333333333,57.84722222222222,11,81.30001951981261,401282143,2021,12
6,South Alabama Jaguars,5180.0,2650,75.07,7.869565217391305,38.405797101449274,14,51.15830115830116,401282143,2021,12
2390,Miami Hurricanes,3964.0,2435,68.34,7.241379310344827,41.98275862068966,11,61.42785065590313,401282694,2021,12
259,Virginia Tech Hokies,4992.0,2997,72.35,7.405797101449275,43.43478260869565,12,60.03605769230769,401282694,2021,12
2751,Wyoming Cowboys,4385.0,3073,70.73,6.532258064516129,49.564516129032256,12,70.07981755986317,401310750,2021,12
328,Utah State Aggies,5178.0,2703,70.93,6.8493150684931505,37.02739726027397,13,52.20162224797219,401310750,2021,12
2433,UL Monroe Warhawks,4577.0,2738,70.42,7.815384615384615,42.12307692307692,12,59.82084334717064,401282138,2021,12
99,LSU Tigers,5266.0,3142,73.14,8.972222222222221,43.638888888888886,11,59.665780478541585,401282138,2021,12
68,Boise State Broncos,4885.0,3104,70.8,8.376811594202898,44.98550724637681,10,63.54145342886387,401310748,2021,12
167,New Mexico Lobos,3500.0,543,74.47,4.425531914893617,11.553191489361701,12,15.514285714285714,401310748,2021,12
9,Arizona State Sun Devils,4514.0,2244,79.19,8.192982456140351,39.36842105263158,10,49.71200708905627,401309902,2021,12
204,Oregon State Beavers,4413.0,3021,71.18,8.870967741935484,48.725806451612904,10,68.45683208701564,401309902,2021,12
62,Hawai'i Rainbow Warriors,5463.0,3199,70.04,6.371794871794871,41.01282051282051,17,58.557569101226434,401310749,2021,12
36,Colorado State Rams,5823.0,3658,69.32,6.476190476190476,43.54761904761905,17,62.819852309805945,401310749,2021,12
2084,Buffalo Bulls,6399.0,3284,83.1,9.363636363636363,42.64935064935065,12,51.32051883106735,401309593,2021,13
2050,Ball State Cardinals,4146.0,1890,63.78,7.6923076923076925,29.076923076923077,11,45.58610709117222,401309593,2021,13
2711,Western Michigan Broncos,5914.0,4752,77.82,8.289473684210526,62.526315789473685,11,80.3517078119716,401309594,2021,13
2459,Northern Illinois Huskies,2311.0,817,62.46,4.0,22.08108108108108,11,35.35266118563393,401309594,2021,13
344,Mississippi State Bulldogs,5380.0,3674,67.25,9.1375,45.925,11,68.2899628252788,401282151,2021,13
145,Ole Miss Rebels,5266.0,3899,67.51,9.935897435897436,49.98717948717949,11,74.0410178503608,401282151,2021,13
23,San José State Spartans,5038.0,2319,74.09,7.132352941176471,34.10294117647059,12,46.03017070265979,401310757,2021,13
278,Fresno State Bulldogs,5056.0,3499,75.46,7.940298507462686,52.223880597014926,12,69.20490506329114,401310757,2021,13
2132,Cincinnati Bearcats,4199.0,2656,65.61,5.984375,41.5,12,63.253155513217436,401301051,2021,13
151,East Carolina Pirates,5524.0,2184,71.74,7.298701298701299,28.363636363636363,14,39.53656770456191,401301051,2021,13
158,Nebraska Cornhuskers,5169.0,3453,79.52,9.123076923076923,53.12307692307692,11,66.80208937899013,401282761,2021,13
2294,Iowa Hawkeyes,4425.0,3124,70.24,7.984126984126984,49.58730158730159,10,70.59887005649718,401282761,2021,13
254,Utah Utes,4472.0,3127,67.76,7.878787878787879,47.378787878787875,10,69.92397137745975,401309906,2021,13
38,Colorado Buffaloes,3858.0,1049,72.79,6.773584905660377,19.79245283018868,10,27.190254017625712,401309906,2021,13
152,NC State Wolfpack,4352.0,2162,72.53,6.166666666666667,36.03333333333333,12,49.67830882352941,401282699,2021,13
153,North Carolina Tar Heels,4636.0,2820,70.24,6.257575757575758,42.72727272727273,12,60.82830025884383,401282699,2021,13
68,Boise State Broncos,5494.0,2391,73.25,6.826666666666667,31.88,14,43.520203858755,401310753,2021,13
21,San Diego State Aztecs,5040.0,2734,69.04,6.931506849315069,37.45205479452055,14,54.24603174603175,401310753,2021,13
251,Texas Longhorns,5101.0,3456,75.01,8.75,50.8235294117647,11,67.75142128994315,401287952,2021,13
2306,Kansas State Wildcats,3273.0,1383,68.19,5.4375,28.8125,11,42.25481209899175,401287952,2021,13
2199,Eastern Michigan Eagles,4380.0,1610,73.0,5.966666666666667,26.833333333333332,12,36.757990867579906,401309595,2021,13
2117,Central Michigan Chippewas,4966.0,3101,66.21,9.413333333333334,41.346666666666664,12,62.44462343938784,401309595,2021,13
195,Ohio Bobcats,1266.0,1671,24.35,6.0,32.13461538461539,12,131.99052132701422,401309596,2021,13
189,Bowling Green Falcons,2245.0,3474,28.06,9.325,43.425,11,154.74387527839644,401309596,2021,13
328,Utah State Aggies,3886.0,2274,70.65,5.345454545454546,41.345454545454544,13,58.51775604734946,401310755,2021,13
167,New Mexico Lobos,4643.0,1703,70.35,7.257575757575758,25.803030303030305,12,36.67887141934094,401310755,2021,13
5,UAB Blazers,3889.0,2102,64.82,5.916666666666667,35.03333333333333,15,54.04988428902031,401282274,2021,13
2638,UTEP Miners,4351.0,2308,69.06,6.444444444444445,36.63492063492063,12,53.045276947828086,401282274,2021,13
142,Missouri Tigers,2117.0,2412,28.23,8.04,32.16,13,113.9348134152102,401282145,2021,13
8,Arkansas Razorbacks,1431.0,2340,27.52,5.9423076923076925,45.0,13,163.52201257861634,401282145,2021,13
2116,UCF Knights,3594.0,2088,66.56,6.888888888888889,38.666666666666664,10,58.09682804674458,401301050,2021,13
58,South Florida Bulls,5421.0,3225,74.26,9.36986301369863,44.178082191780824,11,59.49086884338683,401301050,2021,13
6,South Alabama Jaguars,4468.0,2722,70.92,7.26984126984127,43.20634920634921,12,60.92211280214861,401309648,2021,13
324,Coastal Carolina Chanticleers,5664.0,4033,80.91,10.114285714285714,57.614285714285714,11,71.20409604519774,401309648,2021,13
2439,UNLV Rebels,3363.0,1382,76.43,7.659090909090909,31.40909090909091,9,41.09426107641986,401310752,2021,13
2005,Air Force Falcons,4515.0,3760,65.43,9.101449275362318,54.492753623188406,10,83.27796234772978,401310752,2021,13
2628,TCU Horned Frogs,4773.0,2514,73.43,7.092307692307692,38.676923076923075,11,52.67127592708988,401287949,2021,13
66,Iowa State Cyclones,3391.0,2673,66.49,6.392156862745098,52.411764705882355,11,78.82630492480094,401287949,2021,13
264,Washington Huskies,3222.0,1472,71.6,6.555555555555555,32.71111111111111,10,45.68590937306021,401309905,2021,13
265,Washington State Cougars,4710.0,3346,64.52,8.04109589041096,45.83561643835616,10,71.04033970276008,401309905,2021,13
61,Georgia Bulldogs,3559.0,2791,71.18,6.22,55.82,10,78.42090474852486,401282148,2021,13
59,Georgia Tech Yellow Jackets,3822.0,1190,74.94,7.2745098039215685,23.333333333333332,9,31.135531135531135,401282148,2021,13
194,Ohio State Buckeyes,6106.0,4387,77.29,10.79746835443038,55.53164556962025,10,71.84736324926303,401282781,2021,13
130,Michigan Wolverines,4384.0,3658,74.31,8.254237288135593,62.0,10,83.43978102189782,401282781,2021,13
333,Alabama Crimson Tide,7039.0,3049,75.69,6.849462365591398,32.784946236559136,19,43.315811905100155,401282146,2021,13
2,Auburn Tigers,4603.0,1214,70.82,5.769230769230769,18.676923076923078,15,26.37410384531827,401282146,2021,13
87,Notre Dame Fighting Irish,5330.0,3445,76.14,6.8428571428571425,49.214285714285715,13,64.63414634146342,401282711,2021,13
24,Stanford Cardinal,3364.0,1056,71.57,4.23404255319149,22.46808510638298,13,31.391200951248514,401282711,2021,13
201,Oklahoma Sooners,6272.0,3350,75.57,7.63855421686747,40.36144578313253,14,53.411989795918366,401287951,2021,13
197,Oklahoma State Cowboys,4306.0,2477,65.24,6.136363636363637,37.53030303030303,15,57.52438457965629,401287951,2021,13
2641,Texas Tech Red Raiders,3982.0,2291,78.08,6.9411764705882355,44.92156862745098,11,57.53390256152687,401287948,2021,13
239,Baylor Bears,6011.0,4325,72.42,11.72289156626506,52.10843373493976,10,71.95142239228082,401287948,2021,13
2483,Oregon Ducks,5381.0,4665,77.99,10.173913043478262,67.6086956521739,8,86.69392306262776,401309908,2021,13
204,Oregon State Beavers,4225.0,2923,70.42,7.7,48.71666666666667,9,69.18343195266272,401309908,2021,13
213,Penn State Nittany Lions,4246.0,3074,70.77,8.783333333333333,51.233333333333334,9,72.3975506358926,401282785,2021,13
127,Michigan State Spartans,5657.0,4154,75.43,9.666666666666666,55.38666666666666,11,73.43114725119321,401282785,2021,13
252,BYU Cougars,5637.0,4176,79.39,8.43661971830986,58.816901408450704,10,74.08195848855775,401309910,2021,13
30,USC Trojans,5832.0,4447,72.9,9.675,55.5875,11,76.2517146776406,401309910,2021,13
135,Minnesota Golden Gophers,3541.0,2296,70.82,8.1,45.92,10,64.84044055351596,401282794,2021,13
275,Wisconsin Badgers,4822.0,2685,81.73,9.271186440677965,45.50847457627118,9,55.682289506428866,401282794,2021,13
245,Texas A&M Aggies,4560.0,2167,72.38,5.841269841269841,34.3968253968254,14,47.521929824561404,401282150,2021,13
99,LSU Tigers,5824.0,2707,78.7,7.297297297297297,36.58108108108108,13,46.480082417582416,401282150,2021,13
103,Boston College Eagles,3074.0,967,74.98,4.390243902439025,23.585365853658537,13,31.457384515289526,401282700,2021,13
154,Wake Forest Demon Deacons,4570.0,3206,55.06,8.843373493975903,38.626506024096386,13,70.15317286652079,401282700,2021,13
249,North Texas Mean Green,5064.0,3674,66.63,7.526315789473684,48.3421052631579,13,72.55134281200633,401282273,2021,13
2636,UTSA Roadrunners,4489.0,2343,76.08,7.915254237288136,39.71186440677966,12,52.19425261750947,401282273,2021,13
2579,South Carolina Gamecocks,4596.0,1528,74.13,6.258064516129032,24.64516129032258,13,33.246301131418626,401282152,2021,13
228,Clemson Tigers,4137.0,2300,67.82,6.311475409836065,37.704918032786885,12,55.59584239787286,401282152,2021,13
41,UConn Huskies,4656.0,1934,69.49,7.0,28.865671641791046,13,41.53780068728523,401301052,2021,13
248,Houston Cougars,3740.0,2725,58.44,6.28125,42.578125,13,72.86096256684492,401301052,2021,13
57,Florida Gators,4964.0,3107,66.19,8.52,41.42666666666667,13,62.590652699435935,401282147,2021,13
52,Florida State Seminoles,5231.0,3158,80.48,8.123076923076923,48.58461538461538,12,60.37086599120627,401282147,2021,13
120,Maryland Terrapins,1821.0,4269,24.28,7.333333333333333,56.92,12,234.4316309719934,401282766,2021,13
164,Rutgers Scarlet Knights,1834.0,2589,29.11,6.73015873015873,41.095238095238095,12,141.1668484187568,401282766,2021,13
349,Army Black Knights,4259.0,2665,64.53,8.666666666666666,40.378787878787875,11,62.573374031462784,401286299,2021,13
2335,Liberty Flames,5992.0,3433,80.97,8.594594594594595,46.391891891891895,10,57.29305740987984,401286299,2021,13
2426,Navy Midshipmen,4004.0,3263,58.88,9.529411764705882,47.98529411764706,11,81.49350649350649,401301054,2021,13
218,Temple Owls,3889.0,1420,79.37,6.653061224489796,28.979591836734695,11,36.51324247878632,401301054,2021,13
2309,Kent State Golden Flashes,5838.0,4433,73.9,8.139240506329115,56.11392405063291,13,75.93353888317917,401308842,2021,13
193,Miami (OH) RedHawks,5856.0,4711,71.41,9.621951219512194,57.451219512195124,14,80.4474043715847,401308842,2021,13
2006,Akron Zips,5155.0,2285,76.94,6.1940298507462686,34.1044776119403,13,44.325897187196894,401309597,2021,13
2649,Toledo Rockets,5676.0,4374,74.68,8.302631578947368,57.55263157894737,12,77.06131078224101,401309597,2021,13
150,Duke Blue Devils,4876.0,2244,70.67,9.18840579710145,32.52173913043478,10,46.02132895816243,401282701,2021,13
2390,Miami Hurricanes,6299.0,4628,72.4,8.850574712643677,53.195402298850574,12,73.47197967931417,401282701,2021,13
2348,Louisiana Tech Bulldogs,5150.0,3215,69.59,7.297297297297297,43.445945945945944,14,62.42718446601942,401282271,2021,13
242,Rice Owls,4730.0,2327,70.6,6.044776119402985,34.73134328358209,15,49.19661733615222,401282271,2021,13
2429,Charlotte 49ers,2397.0,3358,28.2,8.0,39.50588235294118,13,140.09178139340844,401282268,2021,13
295,Old Dominion Monarchs,3744.0,2645,68.07,5.6,48.09090909090909,12,70.64636752136752,401282268,2021,13
326,Texas State Bobcats,1510.0,1947,27.96,5.722222222222222,36.05555555555556,12,128.94039735099338,401309647,2021,13
2032,Arkansas State Red Wolves,1797.0,3931,23.96,8.52,52.413333333333334,12,218.75347801892042,401309647,2021,13
2653,Troy Trojans,5031.0,2877,70.86,7.690140845070423,40.521126760563384,12,57.18545020870602,401309649,2021,13
2247,Georgia State Panthers,4273.0,2915,63.78,8.134328358208956,43.507462686567166,11,68.21904984788205,401309649,2021,13
290,Georgia Southern Eagles,5241.0,1534,75.96,7.0144927536231885,22.231884057971016,13,29.269223430643006,401309646,2021,13
2026,Appalachian State Mountaineers,3639.0,1711,68.66,6.056603773584905,32.283018867924525,11,47.018411651552626,401309646,2021,13
2572,Southern Miss Golden Eagles,3952.0,3044,76.0,7.519230769230769,58.53846153846154,12,77.02429149797571,401282269,2021,13
2229,Florida International Panthers,4316.0,2262,73.15,6.338983050847458,38.33898305084746,13,52.40963855421687,401282269,2021,13
166,New Mexico State Aggies,5777.0,4449,81.37,7.619718309859155,62.66197183098591,11,77.01229011597715,401286306,2021,13
113,Massachusetts Minutemen,4375.0,2906,76.75,8.491228070175438,50.98245614035088,10,66.42285714285714,401286306,2021,13
62,Hawai'i Rainbow Warriors,5392.0,4255,71.89,7.573333333333333,56.733333333333334,11,78.91320474777449,401310756,2021,13
2751,Wyoming Cowboys,4954.0,2493,78.63,7.7936507936507935,39.57142857142857,11,50.322971336293904,401310756,2021,13
98,Western Kentucky Hilltoppers,5502.0,3288,65.5,8.392857142857142,39.142857142857146,13,59.76008724100327,401282272,2021,13
276,Marshall Thundering Herd,6347.0,3205,75.56,7.595238095238095,38.154761904761905,16,50.49629746336852,401282272,2021,13
356,Illinois Fighting Illini,3682.0,2544,59.39,6.67741935483871,41.03225806451613,14,69.09288430200978,401282722,2021,13
77,Northwestern Wildcats,5779.0,2742,79.16,8.616438356164384,37.56164383561644,13,47.44765530368576,401282722,2021,13
2509,Purdue Boilermakers,4067.0,3363,65.6,8.193548387096774,54.24193548387097,10,82.68994344725841,401282753,2021,13
84,Indiana Hoosiers,4775.0,1913,78.28,7.360655737704918,31.360655737704917,11,40.06282722513089,401282753,2021,13
238,Vanderbilt Commodores,5912.0,3405,78.83,10.68,45.4,11,57.59472259810555,401282153,2021,13
2633,Tennessee Volunteers,3547.0,2774,59.12,7.833333333333333,46.233333333333334,10,78.20693543839865,401282153,2021,13
258,Virginia Cavaliers,5490.0,3898,79.57,7.971014492753623,56.492753623188406,10,71.00182149362477,401282703,2021,13
259,Virginia Tech Hokies,4699.0,3314,74.59,8.11111111111111,52.6031746031746,11,70.52564375399021,401282703,2021,13
2567,SMU Mustangs,5991.0,3315,72.18,8.783132530120483,39.93975903614458,14,55.33299949924887,401301055,2021,13
202,Tulsa Golden Hurricane,4803.0,2834,69.61,6.942028985507246,41.072463768115945,14,59.00478867374557,401301055,2021,13
309,Louisiana Ragin' Cajuns,3778.0,2260,62.97,6.783333333333333,37.666666666666664,12,59.820010587612494,401309650,2021,13
2433,UL Monroe Warhawks,5424.0,2910,75.33,8.38888888888889,40.416666666666664,12,53.650442477876105,401309650,2021,13
12,Arizona Wildcats,5681.0,3444,76.77,8.391891891891891,46.54054054054054,11,60.62312973068122,401309909,2021,13
9,Arizona State Sun Devils,3725.0,2094,74.5,6.92,41.88,10,56.214765100671144,401309909,2021,13
2226,Florida Atlantic Owls,5927.0,3004,75.99,7.397435897435898,38.51282051282051,14,50.68331364940104,401282270,2021,13
2393,Middle Tennessee Blue Raiders,4933.0,2211,74.74,8.075757575757576,33.5,13,44.82059598621529,401282270,2021,13
2305,Kansas Jayhawks,3479.0,2156,59.98,6.603448275862069,37.172413793103445,11,61.971830985915496,401287950,2021,13
277,West Virginia Mountaineers,5163.0,3797,71.71,8.777777777777779,52.736111111111114,12,73.54251404222352,401287950,2021,13
97,Louisville Cardinals,1626.0,2694,27.56,6.898305084745763,45.66101694915254,10,165.68265682656826,401282149,2021,13
96,Kentucky Wildcats,2201.0,3849,32.85,8.402985074626866,57.44776119402985,10,174.8750567923671,401282149,2021,13
183,Syracuse Orange,1229.0,2047,22.76,6.962962962962963,37.907407407407405,12,166.55817737998373,401282702,2021,13
221,Pittsburgh Panthers,2248.0,2831,31.22,7.458333333333333,39.31944444444444,12,125.93416370106762,401282702,2021,13
235,Memphis Tigers,4675.0,3355,65.85,9.140845070422536,47.25352112676056,11,71.76470588235294,401301053,2021,13
2655,Tulane Green Wave,5634.0,4063,73.17,8.87012987012987,52.76623376623377,10,72.11572594959176,401301053,2021,13
36,Colorado State Rams,5988.0,2459,73.93,6.728395061728395,30.358024691358025,14,41.065464261857045,401310754,2021,13
2440,Nevada Wolf Pack,4141.0,2420,66.79,5.080645161290323,39.03225806451613,15,58.43999034049747,401310754,2021,13
26,UCLA Bruins,4898.0,3434,68.03,8.777777777777779,47.69444444444444,11,70.11024908125765,401309907,2021,13
25,California Golden Bears,4114.0,2429,66.35,9.14516129032258,39.17741935483871,11,59.04229460379193,401309907,2021,13
2483,Oregon Ducks,4074.0,1951,76.87,7.2075471698113205,36.81132075471698,10,47.889052528227786,401331159,2021,14
254,Utah Utes,3973.0,3005,62.08,8.765625,46.953125,10,75.63553989428644,401331159,2021,14
2636,UTSA Roadrunners,6115.0,4306,73.67,9.493975903614459,51.87951807228916,12,70.4170073589534,401282156,2021,14
98,Western Kentucky Hilltoppers,5434.0,4090,71.5,8.197368421052632,53.81578947368421,12,75.26683842473317,401282156,2021,14
61,Georgia Bulldogs,6022.0,3723,77.21,8.076923076923077,47.73076923076923,13,61.82331451345068,401282154,2021,14
333,Alabama Crimson Tide,5685.0,3843,82.39,7.898550724637682,55.69565217391305,11,67.59894459102902,401282154,2021,14
130,Michigan Wolverines,4625.0,2696,74.6,6.096774193548387,43.483870967741936,13,58.29189189189189,401331447,2021,14
2294,Iowa Hawkeyes,5239.0,2468,73.79,7.619718309859155,34.76056338028169,13,47.10822676083222,401331447,2021,14
2132,Cincinnati Bearcats,2953.0,1608,65.62,4.511111111111111,35.733333333333334,12,54.453098543853706,401331162,2021,14
248,Houston Cougars,5401.0,3199,75.01,8.555555555555555,44.43055555555556,12,59.229772264395486,401331162,2021,14
197,Oklahoma State Cowboys,6144.0,3954,70.62,9.885057471264368,45.44827586206897,13,64.35546875,401287953,2021,14
239,Baylor Bears,3934.0,1802,64.49,6.721311475409836,29.540983606557376,13,45.80579562785969,401287953,2021,14
221,Pittsburgh Panthers,4257.0,2101,60.81,5.285714285714286,30.014285714285716,16,49.354005167958654,401331163,2021,14
154,Wake Forest Demon Deacons,6481.0,2737,76.25,6.929411764705883,32.2,16,42.23113717018978,401331163,2021,14
309,Louisiana Ragin' Cajuns,5503.0,3190,76.43,7.5,44.30555555555556,12,57.968380883154644,401331161,2021,14
2026,Appalachian State Mountaineers,4864.0,2564,76.0,8.125,40.0625,12,52.713815789473685,401331161,2021,14
2459,Northern Illinois Huskies,5212.0,4036,68.58,11.013157894736842,53.10526315789474,8,77.43668457405987,401331160,2021,14
2309,Kent State Golden Flashes,4937.0,3359,79.63,8.0,54.17741935483871,10,68.0372695969212,401331160,2021,14
328,Utah State Aggies,2229.0,2656,31.39,6.056338028169014,37.40845070422535,14,119.15657245401525,401310676,2021,14
21,San Diego State Aztecs,1992.0,2658,28.87,7.043478260869565,38.52173913043478,13,133.43373493975903,401310676,2021,14
25,California Golden Bears,4499.0,3108,58.43,7.753246753246753,40.36363636363637,15,69.08201822627251,401387250,2021,14
30,USC Trojans,6685.0,5023,55.25,8.49586776859504,41.51239669421488,14,75.13836948391922,401387250,2021,14
2426,Navy Midshipmen,4209.0,2596,76.53,9.4,47.2,9,61.67735804229033,401301056,2021,15
349,Army Black Knights,3440.0,1648,70.2,6.959183673469388,33.63265306122449,9,47.906976744186046,401301056,2021,15
2393,Middle Tennessee Blue Raiders,6179.0,3826,72.69,8.282352941176471,45.01176470588236,15,61.91940443437449,401331164,2021,1
2649,Toledo Rockets,5339.0,2913,75.2,7.690140845070423,41.028169014084504,14,54.560779172129614,401331164,2021,1
2459,Northern Illinois Huskies,2428.0,5115,27.91,9.885057471264368,58.793103448275865,10,210.667215815486,401331165,2021,1
324,Coastal Carolina Chanticleers,1577.0,3221,28.67,7.472727272727273,58.56363636363636,10,204.24857324032973,401331165,2021,1
252,BYU Cougars,3934.0,2640,67.83,7.413793103448276,45.51724137931034,9,67.10726995424504,401331168,2021,1
5,UAB Blazers,4632.0,3544,72.38,9.46875,55.375,9,76.51122625215889,401331168,2021,1
276,Marshall Thundering Herd,4008.0,1496,71.57,6.035714285714286,26.714285714285715,13,37.3253493013972,401331171,2021,1
309,Louisiana Ragin' Cajuns,5765.0,4150,70.3,8.195121951219512,50.609756097560975,14,71.98612315698179,401331171,2021,1
98,Western Kentucky Hilltoppers,5345.0,4113,73.22,7.315068493150685,56.342465753424655,14,76.95042095416277,401331166,2021,1
2026,Appalachian State Mountaineers,5447.0,3869,69.83,7.064102564102564,49.6025641025641,15,71.02992472920874,401331166,2021,1
2638,UTEP Miners,4096.0,2488,74.47,6.127272727272727,45.236363636363635,11,60.7421875,401331167,2021,1
278,Fresno State Bulldogs,5588.0,3793,74.51,8.253333333333334,50.57333333333333,12,67.87759484609879,401331167,2021,1
2199,Eastern Michigan Eagles,6200.0,3670,74.7,8.879518072289157,44.21686746987952,14,59.193548387096776,401331169,2021,1
2335,Liberty Flames,4504.0,3115,73.84,6.60655737704918,51.0655737704918,13,69.1607460035524,401331169,2021,1
328,Utah State Aggies,5501.0,3586,73.35,8.386666666666667,47.81333333333333,12,65.18814760952554,401331170,2021,1
204,Oregon State Beavers,5254.0,2891,79.61,7.7272727272727275,43.803030303030305,12,55.024743052912065,401331170,2021,1
202,Tulsa Golden Hurricane,7359.0,5224,75.87,10.68041237113402,53.855670103092784,11,70.98790596548444,401331172,2021,1
295,Old Dominion Monarchs,3187.0,1431,69.28,6.978260869565218,31.108695652173914,9,44.901160966426104,401331172,2021,1
21,San Diego State Aztecs,5200.0,3748,69.33,7.986666666666666,49.973333333333336,11,72.07692307692308,401331214,2021,1
2636,UTSA Roadrunners,4666.0,2989,75.26,6.887096774193548,48.20967741935484,10,64.05915130732961,401331214,2021,1
2309,Kent State Golden Flashes,2016.0,4174,25.85,8.679487179487179,53.51282051282051,12,207.04365079365078,401331213,2021,1
2751,Wyoming Cowboys,1824.0,3063,29.42,6.32258064516129,49.403225806451616,13,167.92763157894737,401331213,2021,1
349,Army Black Knights,4427.0,3443,69.17,11.453125,53.796875,8,77.77275807544612,401331215,2021,1
142,Missouri Tigers,5722.0,4181,80.59,10.267605633802816,58.88732394366197,8,73.06885704299197,401331215,2021,1
249,North Texas Mean Green,1534.0,3261,23.97,8.71875,50.953125,10,212.58148631029988,401391158,2021,1
193,Miami (OH) RedHawks,1640.0,3944,20.76,8.772151898734178,49.924050632911396,11,240.4878048780488,401391158,2021,1
2116,UCF Knights,4927.0,3098,67.49,7.863013698630137,42.43835616438356,14,62.878019078546785,401331216,2021,1
57,Florida Gators,4941.0,2536,73.75,6.641791044776119,37.850746268656714,13,51.325642582473186,401331216,2021,1
2247,Georgia State Panthers,4293.0,3215,69.24,7.032258064516129,51.854838709677416,11,74.8893547635686,401331218,2021,1
2050,Ball State Cardinals,5966.0,3205,73.65,9.012345679012345,39.5679012345679,12,53.72108615487764,401331218,2021,1
2440,Nevada Wolf Pack,3863.0,2201,71.54,6.444444444444445,40.75925925925926,11,56.97644317887652,401331219,2021,1
2711,Western Michigan Broncos,4452.0,3652,68.49,7.153846153846154,56.184615384615384,11,82.03054806828392,401331219,2021,1
248,Houston Cougars,5047.0,2933,77.65,7.123076923076923,45.12307692307692,12,58.11373092926491,401331221,2021,1
2,Auburn Tigers,4935.0,2881,74.77,7.651515151515151,43.65151515151515,11,58.37892603850051,401331221,2021,1
2005,Air Force Falcons,5037.0,3645,79.95,9.952380952380953,57.857142857142854,9,72.36450268016677,401331222,2021,1
97,Louisville Cardinals,4233.0,3337,71.75,9.016949152542374,56.559322033898304,8,78.83297897472242,401331222,2021,1
2641,Texas Tech Red Raiders,5479.0,3965,76.1,8.666666666666666,55.06944444444444,11,72.3672202956744,401331223,2021,1
344,Mississippi State Bulldogs,5701.0,2887,78.1,8.26027397260274,39.54794520547945,11,50.64023855463954,401331223,2021,1
277,West Virginia Mountaineers,1099.0,1833,18.95,7.241379310344827,31.603448275862068,11,166.7879890809827,401331224,2021,1
135,Minnesota Golden Gophers,2206.0,2511,35.02,8.26984126984127,39.857142857142854,10,113.82592928377153,401331224,2021,1
2483,Oregon Ducks,5562.0,3950,76.19,8.438356164383562,54.10958904109589,11,71.01761956130888,401331228,2021,1
201,Oklahoma Sooners,4606.0,3677,67.74,7.75,54.0735294117647,11,79.83065566652193,401331228,2021,1
228,Clemson Tigers,5368.0,3713,76.69,11.271428571428572,53.042857142857144,10,69.16915052160954,401331227,2021,1
66,Iowa State Cyclones,4512.0,2002,75.2,6.833333333333333,33.36666666666667,11,44.37056737588652,401331227,2021,1
259,Virginia Tech Hokies,4946.0,2540,73.82,9.432835820895523,37.91044776119403,11,51.35463000404367,401331226,2021,1
120,Maryland Terrapins,3881.0,3070,73.23,7.547169811320755,57.924528301886795,9,79.1033238855965,401331226,2021,1
127,Michigan State Spartans,5958.0,3722,70.09,8.941176470588236,43.78823529411765,12,62.47062772742531,401331231,2021,1
221,Pittsburgh Panthers,4527.0,2007,82.31,6.6,36.49090909090909,11,44.33399602385686,401331231,2021,1
2579,South Carolina Gamecocks,5010.0,3674,75.91,8.56060606060606,55.666666666666664,10,73.33333333333333,401331229,2021,1
153,North Carolina Tar Heels,3806.0,1879,76.12,5.76,37.58,10,49.36941671045717,401331229,2021,1
2509,Purdue Boilermakers,2018.0,3588,24.91,6.432098765432099,44.2962962962963,18,177.7998017839445,401331230,2021,1
2633,Tennessee Volunteers,2532.0,4356,24.35,7.8076923076923075,41.88461538461539,19,172.03791469194312,401331230,2021,1
9,Arizona State Sun Devils,1432.0,1681,26.52,8.61111111111111,31.12962962962963,8,117.38826815642459,401331232,2021,1
275,Wisconsin Badgers,971.0,3024,17.04,10.210526315789474,53.05263157894737,9,311.4315139031926,401331232,2021,1
333,Alabama Crimson Tide,5858.0,4398,78.11,9.253333333333334,58.64,10,75.07681802663025,401331235,2021,1
2132,Cincinnati Bearcats,4158.0,1946,71.69,7.931034482758621,33.55172413793103,10,46.8013468013468,401331235,2021,1
130,Michigan Wolverines,4609.0,2734,73.16,9.126984126984127,43.3968253968254,10,59.318724235192015,401331234,2021,1
61,Georgia Bulldogs,4541.0,3152,68.8,7.424242424242424,47.75757575757576,11,69.41202378330765,401331234,2021,1
164,Rutgers Scarlet Knights,4234.0,2615,68.29,8.161290322580646,42.17741935483871,9,61.761927255550304,401331233,2021,1
154,Wake Forest Demon Deacons,5828.0,4787,76.68,9.394736842105264,62.98684210526316,10,82.13795470144132,401331233,2021,1
2117,Central Michigan Chippewas,4374.0,2041,61.61,5.492957746478873,28.746478873239436,18,46.66209419295839,401331654,2021,1
265,Washington State Cougars,4837.0,1568,73.29,4.636363636363637,23.757575757575758,16,32.41678726483357,401331654,2021,1
197,Oklahoma State Cowboys,6862.0,4669,72.23,7.347368421052631,49.14736842105263,17,68.04138735062664,401331238,2021,1
87,Notre Dame Fighting Irish,6866.0,4118,77.15,6.831460674157303,46.26966292134831,17,59.976696766676376,401331238,2021,1
254,Utah Utes,4744.0,3310,69.76,6.867647058823529,48.6764705882353,11,69.77234401349072,401331239,2021,1
194,Ohio State Buckeyes,5086.0,4212,75.91,7.08955223880597,62.865671641791046,13,82.81557215886748,401331239,2021,1
239,Baylor Bears,1380.0,1679,24.21,5.666666666666667,29.45614035087719,12,121.66666666666667,401331240,2021,1
145,Ole Miss Rebels,2071.0,2950,23.53,8.829545454545455,33.52272727272727,13,142.44326412361178,401331240,2021,1
96,Kentucky Wildcats,5567.0,3683,76.26,9.095890410958905,50.45205479452055,10,66.15771510687983,401331237,2021,1
2294,Iowa Hawkeyes,4493.0,2766,74.88,6.516666666666667,46.1,11,61.562430447362566,401331237,2021,1
213,Penn State Nittany Lions,4916.0,2424,78.03,7.7936507936507935,38.476190476190474,12,49.308380797396254,401331236,2021,1
8,Arkansas Razorbacks,5384.0,3243,69.03,7.67948717948718,41.57692307692308,12,60.234026745913816,401331236,2021,1
99,LSU Tigers,3696.0,2367,77.0,7.916666666666667,49.3125,9,64.04220779220779,401331241,2021,1
2306,Kansas State Wildcats,4083.0,3557,65.85,10.112903225806452,57.37096774193548,9,87.11731569924075,401331241,2021,1
61,Georgia Bulldogs,4183.0,2392,74.7,6.107142857142857,42.714285714285715,12,57.183839349748986,401331242,2021,1
333,Alabama Crimson Tide,6815.0,3667,80.18,9.48235294117647,43.141176470588235,13,53.80777696258254,401331242,2021,1
3194,National,3651.0,2619,73.02,10.92,52.38,8,71.73377156943303,401386136,2021,1
3193,American,3882.0,3075,74.65,8.038461538461538,59.13461538461539,9,79.21174652241113,401386136,2021,1
3146,East All-Stars,3560.0,2065,80.91,6.363636363636363,46.93181818181818,9,58.00561797752809,401386135,2021,1
3147,West All-Stars,4074.0,2748,64.67,7.714285714285714,43.61904761904762,10,67.45213549337261,401386135,2021,1
3194,National,3279.0,2284,64.29,7.313725490196078,44.78431372549019,11,69.65538273863983,401386134,2021,1
3193,American,4590.0,2280,74.03,8.096774193548388,36.774193548387096,11,49.673202614379086,401386134,2021,1
