pos_team_id,pos_team,EPA_success,EPA_success_rate,EPA_success_pass,EPA_success_pass_rate,EPA_success_rush,EPA_success_rush_rate,EPA_success_rz,EPA_success_rate_rz,EPA_success_third,EPA_success_rate_third,EPA_success_early_down,EPA_success_early_down_rate,early_downs,early_down_pass_rate,early_down_rush_rate,EPA_early_down,EPA_early_down_per_play,early_down_first_down,early_down_first_down_rate,early_down_pass,EPA_early_down_pass,EPA_early_down_pass_per_play,EPA_success_early_down_pass,EPA_success_early_down_pass_rate,early_down_rush,EPA_early_down_rush,EPA_early_down_rush_per_play,EPA_success_early_down_rush,EPA_success_early_down_rush_rate,middle_8,middle_8_pass_rate,middle_8_rush_rate,EPA_middle_8,EPA_middle_8_per_play,EPA_middle_8_success,EPA_middle_8_success_rate,middle_8_pass,EPA_middle_8_pass,EPA_middle_8_pass_per_play,EPA_middle_8_success_pass,EPA_middle_8_success_pass_rate,middle_8_rush,EPA_middle_8_rush,EPA_middle_8_rush_per_play,EPA_middle_8_success_rush,EPA_middle_8_success_rush_rate,EPA_success_late_down,EPA_success_late_down_pass,EPA_success_late_down_rush,late_downs,late_down_pass,late_down_rush,EPA_late_down,EPA_late_down_per_play,EPA_success_late_down_rate,EPA_success_late_down_pass_rate,EPA_success_late_down_rush_rate,late_down_pass_rate,late_down_rush_rate,EPA_success_standard_down,EPA_success_standard_down_rate,EPA_standard_down,EPA_standard_down_per_play,standard_downs,EPA_success_passing_down,EPA_success_passing_down_rate,EPA_passing_down,EPA_passing_down_per_play,passing_downs,game_id,season,week
52,Florida State Seminoles,27,0.42857142857142855,14,0.45161290322580644,13,0.40625,5,0.45454545454545453,6,0.42857142857142855,21,0.42857142857142855,49,0.4489795918367347,0.5510204081632653,15.69,0.32,10,0.20408163265306123,22,11.19,0.51,11,0.5,27,4.49,0.17,10,0.37037037037037035,11,0.45454545454545453,0.5454545454545454,-0.14,-0.01,5,0.45454545454545453,5,-1.06,-0.21,2,0.4,6,0.93,0.15,3,0.5,6,3,3,14,9,5,0.38,0.03,0.42857142857142855,0.21428571428571427,0.21428571428571427,0.6428571428571429,0.35714285714285715,22,0.4888888888888889,14.65,0.33,45,5,0.2777777777777778,1.43,0.08,18,401411109,2022,3
97,Louisville Cardinals,40,0.5128205128205128,14,0.3888888888888889,26,0.6190476190476191,8,0.5714285714285714,5,0.35714285714285715,34,0.5483870967741935,62,0.41935483870967744,0.5806451612903226,12.68,0.2,16,0.25806451612903225,26,3.92,0.15,11,0.4230769230769231,36,8.75,0.24,23,0.6388888888888888,8,0.5,0.5,-1.95,-0.24,5,0.625,4,0.32,0.08,2,0.5,4,-2.27,-0.57,3,0.75,6,3,3,16,10,6,-5.37,-0.34,0.375,0.1875,0.1875,0.625,0.375,34,0.576271186440678,9.18,0.16,59,6,0.3157894736842105,-1.87,-0.1,19,401411109,2022,3
2005,Air Force Falcons,23,0.42592592592592593,6,0.42857142857142855,17,0.425,1,0.5,6,0.42857142857142855,16,0.41025641025641024,39,0.1794871794871795,0.8205128205128205,0.79,0.02,7,0.1794871794871795,7,4.12,0.59,3,0.42857142857142855,32,-3.33,-0.1,13,0.40625,10,0.0,1.0,1.29,0.13,6,0.6,,,,,,10,1.29,0.13,6,0.6,7,3,4,15,7,8,4.48,0.3,0.4666666666666667,0.2,0.26666666666666666,0.4666666666666667,0.5333333333333333,17,0.4473684210526316,3.8,0.1,38,6,0.375,1.48,0.09,16,401415217,2022,3
2751,Wyoming Cowboys,30,0.5084745762711864,13,0.5652173913043478,17,0.4722222222222222,2,0.4,6,0.5,24,0.5106382978723404,47,0.3829787234042553,0.6170212765957447,0.05,0.0,11,0.23404255319148937,18,-1.87,-0.1,9,0.5,29,1.92,0.07,15,0.5172413793103449,6,0.16666666666666666,0.8333333333333334,-1.93,-0.32,1,0.16666666666666666,1,-0.45,-0.45,0,0.0,5,-1.48,-0.3,1,0.2,6,4,2,12,5,7,4.63,0.39,0.5,0.3333333333333333,0.16666666666666666,0.4166666666666667,0.5833333333333334,21,0.5384615384615384,-1.07,-0.03,39,9,0.45,5.75,0.29,20,401415217,2022,3
2433,UL Monroe Warhawks,21,0.3333333333333333,8,0.2857142857142857,13,0.37142857142857144,1,1.0,5,0.29411764705882354,16,0.34782608695652173,46,0.391304347826087,0.6086956521739131,-13.8,-0.3,5,0.10869565217391304,18,-9.63,-0.53,6,0.3333333333333333,28,-4.18,-0.15,10,0.35714285714285715,11,0.45454545454545453,0.5454545454545454,-1.64,-0.15,4,0.36363636363636365,5,-0.01,-0.0,2,0.4,6,-1.63,-0.27,2,0.3333333333333333,5,2,3,17,10,7,-5.17,-0.3,0.29411764705882354,0.11764705882352941,0.17647058823529413,0.5882352941176471,0.4117647058823529,17,0.4358974358974359,-4.05,-0.1,39,4,0.16666666666666666,-14.93,-0.62,24,401403880,2022,3
333,Alabama Crimson Tide,35,0.6140350877192983,12,0.5714285714285714,23,0.6388888888888888,7,0.5833333333333334,3,0.42857142857142855,32,0.6530612244897959,49,0.3469387755102041,0.6530612244897959,20.12,0.41,19,0.3877551020408163,17,8.91,0.52,11,0.6470588235294118,32,11.21,0.35,21,0.65625,9,0.7777777777777778,0.2222222222222222,4.38,0.49,7,0.7777777777777778,7,4.31,0.62,6,0.8571428571428571,2,0.07,0.03,1,0.5,3,1,2,8,4,4,-2.7,-0.34,0.375,0.125,0.25,0.5,0.5,28,0.6222222222222222,8.13,0.18,45,7,0.5833333333333334,9.29,0.77,12,401403880,2022,3
2649,Toledo Rockets,22,0.39285714285714285,9,0.34615384615384615,13,0.43333333333333335,,,4,0.3076923076923077,17,0.4146341463414634,41,0.36585365853658536,0.6341463414634146,0.85,0.02,7,0.17073170731707318,15,2.28,0.15,7,0.4666666666666667,26,-1.43,-0.06,10,0.38461538461538464,9,0.3333333333333333,0.6666666666666666,-0.1,-0.01,6,0.6666666666666666,3,-3.55,-1.18,1,0.3333333333333333,6,3.45,0.57,5,0.8333333333333334,5,2,3,15,11,4,7.99,0.53,0.3333333333333333,0.13333333333333333,0.2,0.7333333333333333,0.26666666666666666,13,0.38235294117647056,-11.14,-0.33,34,9,0.4090909090909091,19.97,0.91,22,401405088,2022,3
194,Ohio State Buckeyes,51,0.6538461538461539,26,0.7647058823529411,25,0.5681818181818182,13,0.5909090909090909,11,0.8461538461538461,39,0.609375,64,0.453125,0.546875,27.61,0.43,21,0.328125,29,24.75,0.85,21,0.7241379310344828,35,2.86,0.08,18,0.5142857142857142,5,0.2,0.8,5.08,1.02,4,0.8,1,3.04,3.04,1,1.0,4,2.04,0.51,3,0.75,12,5,7,14,5,9,22.87,1.63,0.8571428571428571,0.35714285714285715,0.5,0.35714285714285715,0.6428571428571429,42,0.6461538461538462,27.42,0.42,65,9,0.6923076923076923,23.06,1.77,13,401405088,2022,3
130,Michigan Wolverines,40,0.5882352941176471,17,0.6071428571428571,23,0.575,10,0.625,9,0.6923076923076923,31,0.5636363636363636,55,0.43636363636363634,0.5636363636363636,17.29,0.31,16,0.2909090909090909,24,10.76,0.45,15,0.625,31,6.53,0.21,16,0.5161290322580645,6,0.8333333333333334,0.16666666666666666,6.39,1.06,5,0.8333333333333334,5,5.55,1.11,4,0.8,1,0.84,0.84,1,1.0,9,2,7,13,4,9,8.0,0.62,0.6923076923076923,0.15384615384615385,0.5384615384615384,0.3076923076923077,0.6923076923076923,33,0.6111111111111112,18.44,0.34,54,7,0.5,6.85,0.49,14,401404149,2022,3
41,UConn Huskies,12,0.22641509433962265,4,0.2,8,0.24242424242424243,,,2,0.14285714285714285,10,0.2702702702702703,37,0.2702702702702703,0.7297297297297297,-12.91,-0.35,3,0.08108108108108109,10,-1.44,-0.14,4,0.4,27,-11.48,-0.43,6,0.2222222222222222,15,0.3333333333333333,0.6666666666666666,1.65,0.11,7,0.4666666666666667,5,-1.34,-0.27,1,0.2,10,2.99,0.3,6,0.6,2,0,2,16,10,6,-11.51,-0.72,0.125,0.0,0.125,0.625,0.375,8,0.27586206896551724,-12.46,-0.43,29,4,0.16666666666666666,-11.96,-0.5,24,401404149,2022,3
2348,Louisiana Tech Bulldogs,18,0.28125,13,0.29545454545454547,5,0.25,4,0.3076923076923077,5,0.3333333333333333,13,0.2708333333333333,48,0.7291666666666666,0.2708333333333333,-3.51,-0.07,7,0.14583333333333334,35,-0.1,-0.0,10,0.2857142857142857,13,-3.4,-0.26,3,0.23076923076923078,11,0.7272727272727273,0.2727272727272727,-5.48,-0.5,3,0.2727272727272727,8,-3.7,-0.46,3,0.375,3,-1.79,-0.6,0,0.0,5,3,2,16,9,7,-5.49,-0.34,0.3125,0.1875,0.125,0.5625,0.4375,13,0.325,2.36,0.06,40,5,0.20833333333333334,-11.36,-0.47,24,401426556,2022,3
228,Clemson Tigers,40,0.5405405405405406,13,0.3611111111111111,27,0.7105263157894737,8,0.5714285714285714,7,0.4666666666666667,32,0.5517241379310345,58,0.4482758620689655,0.5517241379310345,16.45,0.28,14,0.2413793103448276,26,3.85,0.15,10,0.38461538461538464,32,12.59,0.39,22,0.6875,11,0.6363636363636364,0.36363636363636365,2.1,0.19,6,0.5454545454545454,7,-1.57,-0.22,3,0.42857142857142855,4,3.67,0.92,3,0.75,8,3,5,16,10,6,4.15,0.26,0.5,0.1875,0.3125,0.625,0.375,31,0.6078431372549019,17.63,0.35,51,9,0.391304347826087,2.96,0.13,23,401426556,2022,3
201,Oklahoma Sooners,39,0.4588235294117647,18,0.5454545454545454,21,0.40384615384615385,6,0.75,11,0.6470588235294118,27,0.4090909090909091,66,0.3484848484848485,0.6515151515151515,9.2,0.14,15,0.22727272727272727,23,9.87,0.43,11,0.4782608695652174,43,-0.67,-0.02,16,0.37209302325581395,20,0.4,0.6,7.94,0.4,11,0.55,8,3.98,0.5,4,0.5,12,3.96,0.33,7,0.5833333333333334,12,7,5,19,10,9,13.57,0.71,0.631578947368421,0.3684210526315789,0.2631578947368421,0.5263157894736842,0.47368421052631576,26,0.4406779661016949,6.0,0.1,59,13,0.5,16.77,0.64,26,401404070,2022,3
158,Nebraska Cornhuskers,32,0.43243243243243246,13,0.38235294117647056,19,0.475,2,0.6666666666666666,8,0.5,24,0.42857142857142855,56,0.44642857142857145,0.5535714285714286,-0.48,-0.01,12,0.21428571428571427,25,-2.84,-0.11,10,0.4,31,2.35,0.08,14,0.45161290322580644,9,0.5555555555555556,0.4444444444444444,-3.41,-0.38,3,0.3333333333333333,5,-2.57,-0.51,2,0.4,4,-0.84,-0.21,1,0.25,8,3,5,18,9,9,-8.28,-0.46,0.4444444444444444,0.16666666666666666,0.2777777777777778,0.5,0.5,25,0.46296296296296297,-5.78,-0.11,54,7,0.35,-2.99,-0.15,20,401404070,2022,3
30,USC Trojans,48,0.5714285714285714,22,0.4888888888888889,26,0.6666666666666666,7,0.5384615384615384,9,0.6428571428571429,36,0.5373134328358209,67,0.4925373134328358,0.5074626865671642,12.01,0.18,19,0.2835820895522388,33,3.48,0.11,15,0.45454545454545453,34,8.52,0.25,21,0.6176470588235294,8,0.5,0.5,-0.93,-0.12,4,0.5,4,-0.29,-0.07,2,0.5,4,-0.64,-0.16,2,0.5,12,7,5,17,12,5,16.61,0.98,0.7058823529411765,0.4117647058823529,0.29411764705882354,0.7058823529411765,0.29411764705882354,38,0.6129032258064516,22.98,0.37,62,10,0.45454545454545453,5.64,0.26,22,401403992,2022,3
278,Fresno State Bulldogs,30,0.4838709677419355,18,0.5142857142857142,12,0.4444444444444444,2,0.15384615384615385,4,0.4,25,0.5102040816326531,49,0.4897959183673469,0.5102040816326531,19.33,0.39,15,0.30612244897959184,24,9.78,0.41,13,0.5416666666666666,25,9.55,0.38,12,0.48,15,0.7333333333333333,0.26666666666666666,-1.41,-0.09,7,0.4666666666666667,11,-1.75,-0.16,5,0.45454545454545453,4,0.34,0.09,2,0.5,5,5,0,13,11,2,-8.99,-0.69,0.38461538461538464,0.38461538461538464,0.0,0.8461538461538461,0.15384615384615385,25,0.5555555555555556,12.41,0.28,45,5,0.29411764705882354,-2.07,-0.12,17,401403992,2022,3
197,Oklahoma State Cowboys,29,0.4461538461538462,18,0.45,11,0.44,2,0.4,6,0.5454545454545454,23,0.4339622641509434,53,0.6037735849056604,0.39622641509433965,6.52,0.12,14,0.2641509433962264,32,6.62,0.21,13,0.40625,21,-0.1,-0.0,10,0.47619047619047616,8,0.5,0.5,5.84,0.73,4,0.5,4,4.94,1.24,2,0.5,4,0.9,0.22,2,0.5,6,5,1,12,8,4,10.29,0.86,0.5,0.4166666666666667,0.08333333333333333,0.6666666666666666,0.3333333333333333,19,0.4634146341463415,1.65,0.04,41,10,0.4166666666666667,15.16,0.63,24,401404075,2022,3
2029,Arkansas-Pine Bluff Golden Lions,25,0.3472222222222222,13,0.28888888888888886,12,0.4444444444444444,4,0.5,6,0.3157894736842105,19,0.36538461538461536,52,0.5769230769230769,0.4230769230769231,-6.07,-0.12,8,0.15384615384615385,30,-4.33,-0.14,11,0.36666666666666664,22,-1.73,-0.08,8,0.36363636363636365,8,0.625,0.375,-2.3,-0.29,2,0.25,5,-4.35,-0.87,0,0.0,3,2.05,0.68,2,0.6666666666666666,6,2,4,20,15,5,-10.27,-0.51,0.3,0.1,0.2,0.75,0.25,17,0.3953488372093023,-6.67,-0.16,43,8,0.27586206896551724,-9.67,-0.33,29,401404075,2022,3
2754,Youngstown State Penguins,11,0.25,5,0.20833333333333334,6,0.3,0,0.0,1,0.1111111111111111,10,0.30303030303030304,33,0.5454545454545454,0.45454545454545453,-8.89,-0.27,6,0.18181818181818182,18,-5.12,-0.28,5,0.2777777777777778,15,-3.77,-0.25,5,0.3333333333333333,10,0.7,0.3,-7.65,-0.77,1,0.1,7,-4.8,-0.69,1,0.14285714285714285,3,-2.85,-0.95,0,0.0,1,0,1,11,6,5,-14.28,-1.3,0.09090909090909091,0.0,0.09090909090909091,0.5454545454545454,0.45454545454545453,8,0.3333333333333333,-6.16,-0.26,24,3,0.15,-17.01,-0.85,20,401403884,2022,3
96,Kentucky Wildcats,37,0.5138888888888888,23,0.5609756097560976,14,0.45161290322580644,7,0.3888888888888889,5,0.4166666666666667,32,0.5333333333333333,60,0.5166666666666667,0.48333333333333334,3.54,0.06,17,0.2833333333333333,31,10.08,0.33,19,0.6129032258064516,29,-6.54,-0.23,13,0.4482758620689655,19,0.6842105263157895,0.3157894736842105,3.4,0.18,12,0.631578947368421,13,6.85,0.53,9,0.6923076923076923,6,-3.45,-0.58,3,0.5,5,4,1,12,10,2,-4.42,-0.37,0.4166666666666667,0.3333333333333333,0.08333333333333333,0.8333333333333334,0.16666666666666666,28,0.5,-8.04,-0.14,56,9,0.5625,7.16,0.45,16,401403884,2022,3
2623,Missouri State Bears,30,0.38961038961038963,19,0.36538461538461536,11,0.44,4,0.36363636363636365,8,0.4444444444444444,21,0.3620689655172414,58,0.6551724137931034,0.3448275862068966,-5.97,-0.1,13,0.22413793103448276,38,-4.11,-0.11,14,0.3684210526315789,20,-1.85,-0.09,7,0.35,13,0.6923076923076923,0.3076923076923077,-1.8,-0.14,4,0.3076923076923077,9,-2.11,-0.23,2,0.2222222222222222,4,0.3,0.08,2,0.5,9,5,4,19,14,5,9.64,0.51,0.47368421052631576,0.2631578947368421,0.21052631578947367,0.7368421052631579,0.2631578947368421,20,0.4444444444444444,5.01,0.11,45,10,0.3125,-1.33,-0.04,32,401403881,2022,3
8,Arkansas Razorbacks,32,0.48484848484848486,15,0.4838709677419355,17,0.4857142857142857,4,0.3333333333333333,4,0.36363636363636365,27,0.5094339622641509,53,0.4339622641509434,0.5660377358490566,15.02,0.28,14,0.2641509433962264,23,20.87,0.91,12,0.5217391304347826,30,-5.85,-0.19,15,0.5,9,0.5555555555555556,0.4444444444444444,2.13,0.24,6,0.6666666666666666,5,4.32,0.86,4,0.8,4,-2.19,-0.55,2,0.5,5,3,2,13,8,5,-6.21,-0.48,0.38461538461538464,0.23076923076923078,0.15384615384615385,0.6153846153846154,0.38461538461538464,27,0.5510204081632653,5.35,0.11,49,5,0.29411764705882354,3.47,0.2,17,401403881,2022,3
127,Michigan State Spartans,30,0.42857142857142855,22,0.5,8,0.32,6,0.6666666666666666,7,0.4375,19,0.3958333333333333,48,0.6458333333333334,0.3333333333333333,-0.2,-0.0,9,0.1875,31,3.57,0.12,15,0.4838709677419355,16,-3.31,-0.21,4,0.25,14,0.5714285714285714,0.42857142857142855,11.55,0.82,8,0.5714285714285714,8,12.19,1.52,5,0.625,6,-0.64,-0.11,3,0.5,11,7,4,22,13,9,12.53,0.57,0.5,0.3181818181818182,0.18181818181818182,0.5909090909090909,0.4090909090909091,20,0.46511627906976744,4.55,0.11,43,10,0.37037037037037035,7.78,0.29,27,401403994,2022,3
264,Washington Huskies,32,0.42105263157894735,22,0.5365853658536586,10,0.2857142857142857,8,0.3333333333333333,7,0.4666666666666667,23,0.4107142857142857,56,0.5178571428571429,0.48214285714285715,14.45,0.26,13,0.23214285714285715,29,18.05,0.62,15,0.5172413793103449,27,-3.6,-0.13,8,0.2962962962962963,12,0.8333333333333334,0.16666666666666666,12.55,1.05,7,0.5833333333333334,10,13.05,1.3,6,0.6,2,-0.49,-0.25,1,0.5,9,7,2,20,12,8,-1.17,-0.06,0.45,0.35,0.1,0.6,0.4,21,0.42,2.74,0.05,50,11,0.4230769230769231,10.55,0.41,26,401403994,2022,3
2483,Oregon Ducks,36,0.5454545454545454,11,0.5238095238095238,25,0.5555555555555556,6,0.35294117647058826,5,0.4166666666666667,28,0.5490196078431373,51,0.29411764705882354,0.7058823529411765,11.87,0.23,17,0.3333333333333333,15,11.34,0.76,10,0.6666666666666666,36,0.53,0.01,18,0.5,18,0.4444444444444444,0.5555555555555556,12.42,0.69,12,0.6666666666666666,8,6.52,0.81,5,0.625,10,5.9,0.59,7,0.7,8,1,7,15,6,9,3.71,0.25,0.5333333333333333,0.06666666666666667,0.4666666666666667,0.4,0.6,30,0.625,16.63,0.35,48,6,0.3333333333333333,-1.04,-0.06,18,401403989,2022,3
252,BYU Cougars,30,0.46153846153846156,22,0.5238095238095238,8,0.34782608695652173,3,0.5,8,0.5333333333333333,22,0.4782608695652174,46,0.6304347826086957,0.3695652173913043,7.84,0.17,8,0.17391304347826086,29,12.58,0.43,17,0.5862068965517241,17,-4.75,-0.28,5,0.29411764705882354,4,0.25,0.75,-0.84,-0.21,1,0.25,1,-0.23,-0.23,0,0.0,3,-0.61,-0.2,1,0.3333333333333333,8,5,3,19,13,6,-1.67,-0.09,0.42105263157894735,0.2631578947368421,0.15789473684210525,0.6842105263157895,0.3157894736842105,22,0.5365853658536586,12.45,0.3,41,8,0.3333333333333333,-6.29,-0.26,24,401403989,2022,3
2390,Miami Hurricanes,31,0.4025974025974026,14,0.34146341463414637,17,0.4722222222222222,0,0.0,5,0.35714285714285715,26,0.41935483870967744,62,0.5161290322580645,0.4838709677419355,3.43,0.06,19,0.3064516129032258,32,0.85,0.03,11,0.34375,30,2.58,0.09,15,0.5,5,0.4,0.6,-1.77,-0.35,1,0.2,2,0.37,0.18,1,0.5,3,-2.14,-0.71,0,0.0,5,3,2,15,9,6,0.82,0.05,0.3333333333333333,0.2,0.13333333333333333,0.6,0.4,21,0.4666666666666667,1.56,0.03,45,10,0.3125,2.68,0.08,32,401403890,2022,3
245,Texas A&M Aggies,20,0.38461538461538464,7,0.30434782608695654,13,0.4482758620689655,1,0.25,4,0.3333333333333333,16,0.4,40,0.35,0.65,2.57,0.06,9,0.225,14,0.62,0.04,4,0.2857142857142857,26,1.96,0.08,12,0.46153846153846156,11,0.5454545454545454,0.45454545454545453,2.18,0.2,5,0.45454545454545453,6,1.86,0.31,2,0.3333333333333333,5,0.32,0.06,3,0.6,4,3,1,12,9,3,-4.49,-0.37,0.3333333333333333,0.25,0.08333333333333333,0.75,0.25,15,0.4411764705882353,0.25,0.01,34,5,0.2777777777777778,-2.17,-0.12,18,401403890,2022,3
254,Utah Utes,35,0.5147058823529411,16,0.5,19,0.5277777777777778,4,0.6666666666666666,9,0.6,26,0.5,52,0.40384615384615385,0.5961538461538461,5.17,0.1,11,0.21153846153846154,21,2.41,0.11,11,0.5238095238095238,31,2.76,0.09,15,0.4838709677419355,12,0.3333333333333333,0.6666666666666666,10.71,0.89,9,0.75,4,8.63,2.16,4,1.0,8,2.08,0.26,5,0.625,9,5,4,16,11,5,8.02,0.5,0.5625,0.3125,0.25,0.6875,0.3125,26,0.5531914893617021,8.4,0.18,47,9,0.42857142857142855,4.78,0.23,21,401403993,2022,3
21,San Diego State Aztecs,15,0.2727272727272727,6,0.2608695652173913,9,0.28125,2,0.4,4,0.26666666666666666,10,0.2631578947368421,38,0.3684210526315789,0.631578947368421,-8.21,-0.22,3,0.07894736842105263,14,-2.39,-0.17,4,0.2857142857142857,24,-5.83,-0.24,6,0.25,6,0.5,0.5,-2.63,-0.44,2,0.3333333333333333,3,-5.2,-1.73,0,0.0,3,2.57,0.86,2,0.6666666666666666,5,2,3,17,9,8,-6.03,-0.35,0.29411764705882354,0.11764705882352941,0.17647058823529413,0.5294117647058824,0.47058823529411764,8,0.2857142857142857,-9.08,-0.32,28,7,0.25925925925925924,-5.16,-0.19,27,401403993,2022,3
2633,Tennessee Volunteers,43,0.6142857142857143,18,0.6923076923076923,25,0.5681818181818182,9,0.6428571428571429,7,0.5384615384615384,32,0.6037735849056604,53,0.41509433962264153,0.5849056603773585,25.97,0.49,13,0.24528301886792453,22,19.34,0.88,16,0.7272727272727273,31,6.63,0.21,16,0.5161290322580645,9,0.3333333333333333,0.6666666666666666,8.92,0.99,6,0.6666666666666666,3,8.17,2.72,3,1.0,6,0.75,0.12,3,0.5,11,2,9,17,4,13,14.5,0.85,0.6470588235294118,0.11764705882352941,0.5294117647058824,0.23529411764705882,0.7647058823529411,37,0.6166666666666667,37.24,0.62,60,6,0.6,3.23,0.32,10,401403889,2022,3
2006,Akron Zips,31,0.4492753623188406,24,0.48,7,0.3684210526315789,0,0.0,2,0.15384615384615385,29,0.5178571428571429,56,0.6964285714285714,0.30357142857142855,-0.95,-0.02,17,0.30357142857142855,39,8.15,0.21,23,0.5897435897435898,17,-9.1,-0.54,6,0.35294117647058826,13,0.7692307692307693,0.23076923076923078,-7.88,-0.61,6,0.46153846153846156,10,-1.5,-0.15,5,0.5,3,-6.38,-2.13,1,0.3333333333333333,2,1,1,13,11,2,-14.51,-1.12,0.15384615384615385,0.07692307692307693,0.07692307692307693,0.8461538461538461,0.15384615384615385,24,0.4897959183673469,-5.27,-0.11,49,7,0.35,-10.19,-0.51,20,401403889,2022,3
152,NC State Wolfpack,22,0.36666666666666664,9,0.36,13,0.37142857142857144,3,0.42857142857142855,8,0.5,13,0.3023255813953488,43,0.32558139534883723,0.6744186046511628,-8.89,-0.21,4,0.09302325581395349,14,-5.8,-0.41,3,0.21428571428571427,29,-3.09,-0.11,10,0.3448275862068966,8,0.375,0.625,-5.18,-0.65,1,0.125,3,-3.44,-1.15,0,0.0,5,-1.74,-0.35,1,0.2,9,6,3,17,11,6,0.27,0.02,0.5294117647058824,0.35294117647058826,0.17647058823529413,0.6470588235294118,0.35294117647058826,13,0.3333333333333333,-3.52,-0.09,39,9,0.42857142857142855,-5.11,-0.24,21,401404072,2022,3
2641,Texas Tech Red Raiders,28,0.4,20,0.425531914893617,8,0.34782608695652173,2,0.6666666666666666,3,0.25,24,0.4528301886792453,53,0.6792452830188679,0.32075471698113206,1.27,0.02,15,0.2830188679245283,36,2.14,0.06,17,0.4722222222222222,17,-0.87,-0.05,7,0.4117647058823529,10,0.5,0.5,5.62,0.56,5,0.5,5,5.66,1.13,3,0.6,5,-0.03,-0.01,2,0.4,4,3,1,17,11,6,-14.82,-0.87,0.23529411764705882,0.17647058823529413,0.058823529411764705,0.6470588235294118,0.35294117647058826,17,0.4358974358974359,-8.31,-0.21,39,11,0.3548387096774194,-5.24,-0.17,31,401404072,2022,3
326,Texas State Bobcats,26,0.37142857142857144,12,0.3333333333333333,14,0.4117647058823529,4,0.5,6,0.42857142857142855,19,0.36538461538461536,52,0.5,0.5,-8.11,-0.16,9,0.17307692307692307,26,-2.68,-0.1,9,0.34615384615384615,26,-5.43,-0.21,10,0.38461538461538464,13,0.5384615384615384,0.46153846153846156,3.18,0.24,9,0.6923076923076923,7,1.77,0.25,5,0.7142857142857143,6,1.41,0.24,4,0.6666666666666666,7,3,4,18,10,8,-8.64,-0.48,0.3888888888888889,0.16666666666666666,0.2222222222222222,0.5555555555555556,0.4444444444444444,21,0.4375,-3.9,-0.08,48,5,0.22727272727272727,-12.85,-0.58,22,401404071,2022,3
239,Baylor Bears,31,0.484375,14,0.5,17,0.4722222222222222,2,0.6666666666666666,5,0.45454545454545453,23,0.46938775510204084,49,0.4489795918367347,0.5510204081632653,0.88,0.02,11,0.22448979591836735,22,0.75,0.03,11,0.5,27,0.13,0.0,12,0.4444444444444444,15,0.5333333333333333,0.4666666666666667,4.99,0.33,7,0.4666666666666667,8,-0.59,-0.07,3,0.375,7,5.58,0.8,4,0.5714285714285714,8,3,5,15,6,9,12.32,0.82,0.5333333333333333,0.2,0.3333333333333333,0.4,0.6,23,0.5111111111111111,13.38,0.3,45,8,0.42105263157894735,-0.18,-0.01,19,401404071,2022,3
57,Florida Gators,23,0.48936170212765956,5,0.2777777777777778,18,0.6206896551724138,3,0.375,3,0.42857142857142855,20,0.5,40,0.375,0.625,7.91,0.2,8,0.2,15,-3.01,-0.2,5,0.3333333333333333,25,10.92,0.44,15,0.6,7,0.42857142857142855,0.5714285714285714,-6.66,-0.95,1,0.14285714285714285,3,-7.13,-2.38,0,0.0,4,0.47,0.12,1,0.25,3,0,3,7,3,4,-3.61,-0.52,0.42857142857142855,0.0,0.42857142857142855,0.42857142857142855,0.5714285714285714,16,0.5161290322580645,5.04,0.16,31,7,0.4375,-0.73,-0.05,16,401403883,2022,3
58,South Florida Bulls,36,0.48,9,0.3103448275862069,27,0.5869565217391305,6,0.46153846153846156,8,0.5333333333333333,26,0.4482758620689655,58,0.39655172413793105,0.603448275862069,-7.26,-0.13,12,0.20689655172413793,23,-14.8,-0.64,7,0.30434782608695654,35,7.53,0.22,19,0.5428571428571428,16,0.5625,0.4375,-4.5,-0.28,6,0.375,9,-9.75,-1.08,1,0.1111111111111111,7,5.25,0.75,5,0.7142857142857143,10,2,8,17,6,11,13.78,0.81,0.5882352941176471,0.11764705882352941,0.47058823529411764,0.35294117647058826,0.6470588235294118,26,0.49056603773584906,-5.07,-0.1,53,10,0.45454545454545453,11.58,0.53,22,401403883,2022,3
145,Ole Miss Rebels,41,0.5125,12,0.6,29,0.48333333333333334,12,0.6666666666666666,8,0.5333333333333333,30,0.4838709677419355,62,0.25806451612903225,0.7419354838709677,8.72,0.14,16,0.25806451612903225,16,4.6,0.29,9,0.5625,46,4.12,0.09,21,0.45652173913043476,12,0.4166666666666667,0.5833333333333334,0.64,0.05,5,0.4166666666666667,5,2.73,0.55,4,0.8,7,-2.1,-0.3,1,0.14285714285714285,11,3,8,18,4,14,11.61,0.64,0.6111111111111112,0.16666666666666666,0.4444444444444444,0.2222222222222222,0.7777777777777778,30,0.5769230769230769,17.81,0.34,52,11,0.39285714285714285,2.52,0.09,28,401403886,2022,3
59,Georgia Tech Yellow Jackets,20,0.29411764705882354,12,0.2926829268292683,8,0.2962962962962963,2,0.25,7,0.3888888888888889,13,0.2826086956521739,46,0.5,0.5,-14.26,-0.31,6,0.13043478260869565,23,-9.58,-0.42,6,0.2608695652173913,23,-4.68,-0.2,7,0.30434782608695654,9,0.6666666666666666,0.3333333333333333,-3.42,-0.38,3,0.3333333333333333,6,-3.37,-0.56,1,0.16666666666666666,3,-0.05,-0.02,2,0.6666666666666666,7,6,1,22,18,4,-10.24,-0.47,0.3181818181818182,0.2727272727272727,0.045454545454545456,0.8181818181818182,0.18181818181818182,9,0.23684210526315788,-24.63,-0.65,38,11,0.36666666666666664,0.14,0.0,30,401403886,2022,3
213,Penn State Nittany Lions,31,0.5081967213114754,13,0.5652173913043478,18,0.47368421052631576,7,0.6363636363636364,6,0.5454545454545454,25,0.5208333333333334,48,0.3333333333333333,0.6666666666666666,20.14,0.42,11,0.22916666666666666,16,11.19,0.7,10,0.625,32,8.95,0.28,15,0.46875,12,0.3333333333333333,0.6666666666666666,8.48,0.71,8,0.6666666666666666,4,0.42,0.1,1,0.25,8,8.07,1.01,7,0.875,6,3,3,13,7,6,-3.59,-0.28,0.46153846153846156,0.23076923076923078,0.23076923076923078,0.5384615384615384,0.46153846153846156,19,0.48717948717948717,7.62,0.2,39,12,0.5454545454545454,8.94,0.41,22,401403882,2022,3
2,Auburn Tigers,29,0.3815789473684211,16,0.35555555555555557,13,0.41935483870967744,2,0.15384615384615385,5,0.3125,23,0.40350877192982454,57,0.5263157894736842,0.47368421052631576,-5.56,-0.1,15,0.2631578947368421,30,-4.55,-0.15,11,0.36666666666666664,27,-1.01,-0.04,12,0.4444444444444444,12,0.75,0.25,-5.49,-0.46,4,0.3333333333333333,9,-3.8,-0.42,3,0.3333333333333333,3,-1.68,-0.56,1,0.3333333333333333,6,5,1,19,15,4,-11.7,-0.62,0.3157894736842105,0.2631578947368421,0.05263157894736842,0.7894736842105263,0.21052631578947367,19,0.3877551020408163,-16.84,-0.34,49,10,0.37037037037037035,-0.43,-0.02,27,401403882,2022,3
221,Pittsburgh Panthers,35,0.546875,8,0.6153846153846154,27,0.5294117647058824,8,0.6153846153846154,5,0.5,30,0.5555555555555556,54,0.16666666666666666,0.8333333333333334,11.93,0.22,17,0.3148148148148148,9,10.45,1.16,7,0.7777777777777778,45,1.47,0.03,23,0.5111111111111111,8,0.625,0.375,-2.61,-0.33,1,0.125,5,-1.58,-0.32,1,0.2,3,-1.02,-0.34,0,0.0,5,1,4,10,4,6,1.64,0.16,0.5,0.1,0.4,0.4,0.6,28,0.5714285714285714,10.96,0.22,49,7,0.4666666666666667,2.61,0.17,15,401411115,2022,3
2711,Western Michigan Broncos,12,0.25,6,0.2857142857142857,6,0.2222222222222222,0,0.0,2,0.18181818181818182,9,0.25,36,0.3888888888888889,0.6111111111111112,-12.51,-0.35,5,0.1388888888888889,14,-5.82,-0.42,4,0.2857142857142857,22,-6.69,-0.3,5,0.22727272727272727,19,0.2631578947368421,0.7368421052631579,-1.49,-0.08,5,0.2631578947368421,5,1.16,0.23,2,0.4,14,-2.65,-0.19,3,0.21428571428571427,3,2,1,12,7,5,-5.91,-0.49,0.25,0.16666666666666666,0.08333333333333333,0.5833333333333334,0.4166666666666667,7,0.28,-10.01,-0.4,25,5,0.21739130434782608,-8.42,-0.37,23,401411115,2022,3
2747,Wofford Terriers,14,0.3111111111111111,7,0.3181818181818182,7,0.30434782608695654,3,0.6,3,0.3,11,0.3142857142857143,35,0.4,0.6,-2.6,-0.07,8,0.22857142857142856,14,-1.27,-0.09,5,0.35714285714285715,21,-1.33,-0.06,6,0.2857142857142857,5,0.4,0.6,-1.48,-0.3,0,0.0,2,-0.45,-0.22,0,0.0,3,-1.04,-0.35,0,0.0,3,2,1,10,8,2,-0.68,-0.07,0.3,0.2,0.1,0.8,0.2,10,0.3333333333333333,-2.12,-0.07,30,4,0.26666666666666666,-1.17,-0.08,15,401411114,2022,3
259,Virginia Tech Hokies,38,0.4691358024691358,24,0.5853658536585366,14,0.35,6,0.6666666666666666,8,0.5714285714285714,30,0.45454545454545453,66,0.48484848484848486,0.5151515151515151,8.59,0.13,21,0.3181818181818182,32,12.6,0.39,20,0.625,34,-4.01,-0.12,10,0.29411764705882354,18,0.5,0.5,4.47,0.25,9,0.5,9,5.82,0.65,7,0.7777777777777778,9,-1.35,-0.15,2,0.2222222222222222,8,4,4,15,9,6,0.19,0.01,0.5333333333333333,0.26666666666666666,0.26666666666666666,0.6,0.4,31,0.5166666666666667,7.45,0.12,60,7,0.3333333333333333,1.33,0.06,21,401411114,2022,3
2579,South Carolina Gamecocks,24,0.34782608695652173,14,0.358974358974359,10,0.3333333333333333,1,0.14285714285714285,5,0.35714285714285715,17,0.3333333333333333,51,0.5686274509803921,0.43137254901960786,-14.98,-0.29,10,0.19607843137254902,29,-11.04,-0.38,11,0.3793103448275862,22,-3.94,-0.18,6,0.2727272727272727,11,0.8181818181818182,0.18181818181818182,-0.11,-0.01,6,0.5454545454545454,9,0.26,0.03,5,0.5555555555555556,2,-0.37,-0.19,1,0.5,7,3,4,18,10,8,-5.17,-0.29,0.3888888888888889,0.16666666666666666,0.2222222222222222,0.5555555555555556,0.4444444444444444,14,0.34146341463414637,-8.07,-0.2,41,10,0.35714285714285715,-12.07,-0.43,28,401403888,2022,3
61,Georgia Bulldogs,43,0.6825396825396826,20,0.6666666666666666,23,0.696969696969697,10,0.6666666666666666,5,0.5555555555555556,38,0.7037037037037037,54,0.4444444444444444,0.5555555555555556,23.57,0.44,21,0.3888888888888889,24,15.22,0.63,18,0.75,30,8.36,0.28,20,0.6666666666666666,11,0.6363636363636364,0.36363636363636365,5.94,0.54,7,0.6363636363636364,7,4.96,0.71,5,0.7142857142857143,4,0.97,0.24,2,0.5,5,2,3,9,6,3,1.46,0.16,0.5555555555555556,0.2222222222222222,0.3333333333333333,0.6666666666666666,0.3333333333333333,39,0.7090909090909091,20.9,0.38,55,4,0.5,4.13,0.52,8,401403888,2022,3
349,Army Black Knights,30,0.5454545454545454,0,0.0,30,0.5660377358490566,6,0.6,5,0.5,22,0.5238095238095238,42,0.023809523809523808,0.9761904761904762,19.87,0.47,10,0.23809523809523808,1,-0.66,-0.66,0,0.0,41,20.53,0.5,22,0.5365853658536586,8,0.0,1.0,4.85,0.61,4,0.5,,,,,,8,4.85,0.61,4,0.5,8,0,8,13,1,12,8.73,0.67,0.6153846153846154,0.0,0.6153846153846154,0.07692307692307693,0.9230769230769231,26,0.6190476190476191,25.6,0.61,42,4,0.3076923076923077,2.99,0.23,13,401404136,2022,3
222,Villanova Wildcats,25,0.43859649122807015,7,0.28,18,0.5625,4,1.0,2,0.2222222222222222,21,0.4666666666666667,45,0.37777777777777777,0.6222222222222222,-3.63,-0.08,9,0.2,17,-9.08,-0.53,6,0.35294117647058826,28,5.45,0.19,15,0.5357142857142857,11,0.45454545454545453,0.5454545454545454,2.14,0.19,6,0.5454545454545454,5,0.74,0.15,2,0.4,6,1.4,0.23,4,0.6666666666666666,4,1,3,12,8,4,-0.93,-0.08,0.3333333333333333,0.08333333333333333,0.25,0.6666666666666666,0.3333333333333333,19,0.5,-0.33,-0.01,38,6,0.3157894736842105,-4.23,-0.22,19,401404136,2022,3
77,Northwestern Wildcats,41,0.44086021505376344,16,0.35555555555555557,25,0.5208333333333334,8,0.42105263157894735,6,0.35294117647058826,31,0.43661971830985913,71,0.43661971830985913,0.5633802816901409,-8.52,-0.12,16,0.22535211267605634,31,-6.36,-0.21,9,0.2903225806451613,40,-2.16,-0.05,22,0.55,13,0.6153846153846154,0.38461538461538464,-17.66,-1.36,3,0.23076923076923078,8,-19.21,-2.4,0,0.0,5,1.55,0.31,3,0.6,10,7,3,22,14,8,0.4,0.02,0.45454545454545453,0.3181818181818182,0.13636363636363635,0.6363636363636364,0.36363636363636365,35,0.4794520547945205,-5.77,-0.08,73,6,0.3,-2.35,-0.12,20,401405083,2022,3
79,Southern Illinois Salukis,32,0.4,17,0.4146341463414634,14,0.3684210526315789,5,0.7142857142857143,7,0.3888888888888889,22,0.3728813559322034,59,0.4745762711864407,0.5084745762711864,-6.97,-0.12,9,0.15254237288135594,28,1.42,0.05,12,0.42857142857142855,30,-10.25,-0.34,9,0.3,20,0.6,0.4,-1.95,-0.1,7,0.35,12,-3.03,-0.25,4,0.3333333333333333,8,1.08,0.14,3,0.375,10,5,5,21,13,8,7.93,0.38,0.47619047619047616,0.23809523809523808,0.23809523809523808,0.6190476190476191,0.38095238095238093,27,0.5192307692307693,15.94,0.31,52,5,0.17857142857142858,-14.98,-0.53,28,401405083,2022,3
2341,Long Island University Sharks,18,0.28125,10,0.35714285714285715,8,0.2222222222222222,0,0.0,8,0.5,10,0.21739130434782608,46,0.30434782608695654,0.6956521739130435,-7.74,-0.17,8,0.17391304347826086,14,1.63,0.12,4,0.2857142857142857,32,-9.37,-0.29,6,0.1875,19,0.42105263157894735,0.5789473684210527,-8.4,-0.44,2,0.10526315789473684,8,-6.68,-0.84,1,0.125,11,-1.72,-0.16,1,0.09090909090909091,8,6,2,18,14,4,2.17,0.12,0.4444444444444444,0.3333333333333333,0.1111111111111111,0.7777777777777778,0.2222222222222222,9,0.25,-0.68,-0.02,36,9,0.32142857142857145,-4.88,-0.17,28,401416603,2022,3
2309,Kent State Golden Flashes,39,0.6,11,0.7333333333333333,28,0.56,10,0.7142857142857143,5,0.7142857142857143,34,0.5862068965517241,58,0.2413793103448276,0.7586206896551724,22.22,0.38,21,0.3620689655172414,14,11.08,0.79,10,0.7142857142857143,44,11.15,0.25,24,0.5454545454545454,12,0.16666666666666666,0.8333333333333334,-1.41,-0.12,5,0.4166666666666667,2,1.28,0.64,1,0.5,10,-2.69,-0.27,4,0.4,5,1,4,7,1,6,6.74,0.96,0.7142857142857143,0.14285714285714285,0.5714285714285714,0.14285714285714285,0.8571428571428571,31,0.5636363636363636,16.07,0.29,55,8,0.8,12.9,1.29,10,401416603,2022,3
98,Western Kentucky Hilltoppers,36,0.46153846153846156,24,0.5333333333333333,12,0.36363636363636365,4,0.2857142857142857,5,0.38461538461538464,31,0.484375,64,0.578125,0.421875,13.3,0.21,16,0.25,37,7.83,0.21,21,0.5675675675675675,27,5.47,0.2,10,0.37037037037037035,9,0.6666666666666666,0.3333333333333333,5.91,0.66,5,0.5555555555555556,6,5.86,0.98,4,0.6666666666666666,3,0.05,0.02,1,0.3333333333333333,5,3,2,14,8,6,-6.25,-0.45,0.35714285714285715,0.21428571428571427,0.14285714285714285,0.5714285714285714,0.42857142857142855,24,0.42857142857142855,-5.89,-0.11,56,12,0.5454545454545454,12.94,0.59,22,401426563,2022,3
84,Indiana Hoosiers,39,0.4588235294117647,26,0.4727272727272727,13,0.43333333333333335,6,0.35294117647058826,8,0.5,29,0.4393939393939394,66,0.6060606060606061,0.3939393939393939,1.31,0.02,17,0.25757575757575757,40,8.15,0.2,20,0.5,26,-6.85,-0.26,9,0.34615384615384615,17,0.8235294117647058,0.17647058823529413,3.19,0.19,6,0.35294117647058826,14,0.2,0.01,5,0.35714285714285715,3,2.99,1.0,1,0.3333333333333333,10,6,4,19,15,4,9.59,0.5,0.5263157894736842,0.3157894736842105,0.21052631578947367,0.7894736842105263,0.21052631578947367,29,0.5087719298245614,7.67,0.13,57,10,0.35714285714285715,3.23,0.12,28,401426563,2022,3
119,Towson Tigers,17,0.2982456140350877,7,0.25925925925925924,10,0.3333333333333333,1,0.3333333333333333,7,0.4375,7,0.1891891891891892,37,0.4864864864864865,0.5135135135135135,-15.2,-0.41,5,0.13513513513513514,18,-5.44,-0.3,4,0.2222222222222222,19,-9.76,-0.51,3,0.15789473684210525,14,0.8571428571428571,0.14285714285714285,-5.39,-0.38,4,0.2857142857142857,12,-4.34,-0.36,4,0.3333333333333333,2,-1.05,-0.52,0,0.0,10,3,7,20,9,11,-0.44,-0.02,0.5,0.15,0.35,0.45,0.55,11,0.36666666666666664,2.68,0.09,30,6,0.2222222222222222,-18.32,-0.68,27,401404073,2022,3
277,West Virginia Mountaineers,47,0.5529411764705883,21,0.5121951219512195,26,0.5909090909090909,11,0.44,9,0.5625,33,0.515625,64,0.515625,0.484375,19.51,0.3,15,0.234375,33,9.96,0.3,16,0.48484848484848486,31,9.54,0.31,17,0.5483870967741935,17,0.35294117647058826,0.6470588235294118,7.02,0.41,9,0.5294117647058824,6,0.07,0.01,2,0.3333333333333333,11,6.95,0.63,7,0.6363636363636364,14,5,9,21,8,13,18.67,0.89,0.6666666666666666,0.23809523809523808,0.42857142857142855,0.38095238095238093,0.6190476190476191,39,0.5735294117647058,30.25,0.44,68,8,0.47058823529411764,7.92,0.47,17,401404073,2022,3
2084,Buffalo Bulls,36,0.391304347826087,22,0.41509433962264153,14,0.3684210526315789,6,0.3157894736842105,8,0.4,25,0.373134328358209,67,0.5373134328358209,0.4626865671641791,-24.66,-0.37,14,0.208955223880597,36,-14.45,-0.4,14,0.3888888888888889,31,-10.2,-0.33,11,0.3548387096774194,15,0.4666666666666667,0.5333333333333333,4.8,0.32,7,0.4666666666666667,7,6.93,0.99,5,0.7142857142857143,8,-2.13,-0.27,2,0.25,11,8,3,25,17,7,2.21,0.09,0.44,0.32,0.12,0.68,0.28,23,0.41818181818181815,-19.06,-0.35,55,13,0.35135135135135137,-3.38,-0.09,37,401416601,2022,3
324,Coastal Carolina Chanticleers,28,0.56,16,0.6956521739130435,12,0.4444444444444444,5,1.0,4,0.6666666666666666,22,0.5238095238095238,42,0.38095238095238093,0.6190476190476191,-6.22,-0.15,14,0.3333333333333333,16,5.89,0.37,11,0.6875,26,-12.12,-0.47,11,0.4230769230769231,8,0.625,0.375,-0.0,-0.0,5,0.625,5,-0.51,-0.1,3,0.6,3,0.51,0.17,2,0.6666666666666666,6,5,1,8,7,1,18.93,2.37,0.75,0.625,0.125,0.875,0.125,24,0.6666666666666666,12.62,0.35,36,4,0.2857142857142857,0.1,0.01,14,401416601,2022,3
2117,Central Michigan Chippewas,39,0.5064935064935064,15,0.45454545454545453,24,0.5454545454545454,6,0.6666666666666666,6,0.46153846153846156,31,0.5,62,0.3225806451612903,0.6774193548387096,11.84,0.19,17,0.27419354838709675,20,0.5,0.03,8,0.4,42,11.34,0.27,23,0.5476190476190477,13,0.46153846153846156,0.5384615384615384,-3.01,-0.23,7,0.5384615384615384,6,-3.63,-0.61,2,0.3333333333333333,7,0.62,0.09,5,0.7142857142857143,8,7,1,15,13,2,10.97,0.73,0.5333333333333333,0.4666666666666667,0.06666666666666667,0.8666666666666667,0.13333333333333333,27,0.54,13.09,0.26,50,12,0.4444444444444444,9.72,0.36,27,401416602,2022,3
2083,Bucknell Bison,24,0.375,15,0.40540540540540543,9,0.3333333333333333,0,0.0,3,0.2,21,0.42857142857142855,49,0.5102040816326531,0.4897959183673469,-10.0,-0.2,9,0.1836734693877551,25,1.8,0.07,13,0.52,24,-11.81,-0.49,8,0.3333333333333333,12,0.9166666666666666,0.08333333333333333,-5.01,-0.42,4,0.3333333333333333,11,-4.02,-0.37,4,0.36363636363636365,1,-0.99,-0.99,0,0.0,3,2,1,15,12,3,-14.08,-0.94,0.2,0.13333333333333333,0.06666666666666667,0.8,0.2,18,0.43902439024390244,-10.31,-0.25,41,6,0.2608695652173913,-13.77,-0.6,23,401416602,2022,3
6,South Alabama Jaguars,35,0.5072463768115942,21,0.5833333333333334,14,0.42424242424242425,9,0.75,9,0.6923076923076923,26,0.4727272727272727,55,0.509090909090909,0.4909090909090909,-5.88,-0.11,11,0.2,28,-1.02,-0.04,15,0.5357142857142857,27,-4.86,-0.18,11,0.4074074074074074,14,0.42857142857142855,0.5714285714285714,2.88,0.21,7,0.5,6,3.45,0.58,4,0.6666666666666666,8,-0.57,-0.07,3,0.375,9,6,3,14,8,6,8.21,0.59,0.6428571428571429,0.42857142857142855,0.21428571428571427,0.5714285714285714,0.42857142857142855,23,0.5111111111111111,-7.97,-0.18,45,12,0.5,10.3,0.43,24,401403991,2022,3
26,UCLA Bruins,34,0.4657534246575342,17,0.53125,17,0.4146341463414634,11,0.4074074074074074,9,0.6,24,0.42105263157894735,57,0.42105263157894735,0.5789473684210527,-12.84,-0.23,11,0.19298245614035087,24,6.58,0.27,11,0.4583333333333333,33,-19.42,-0.59,13,0.3939393939393939,14,0.5,0.5,7.19,0.51,10,0.7142857142857143,7,8.96,1.28,5,0.7142857142857143,7,-1.77,-0.25,5,0.7142857142857143,10,6,4,16,8,8,11.75,0.73,0.625,0.375,0.25,0.5,0.5,27,0.5510204081632653,-4.53,-0.09,49,7,0.2916666666666667,3.44,0.14,24,401403991,2022,3
66,Iowa State Cyclones,42,0.46153846153846156,29,0.5087719298245614,13,0.38235294117647056,8,0.3333333333333333,8,0.4444444444444444,32,0.4507042253521127,71,0.5633802816901409,0.43661971830985913,2.09,0.03,19,0.2676056338028169,40,3.49,0.09,19,0.475,31,-1.4,-0.05,13,0.41935483870967744,15,0.8,0.2,6.02,0.4,9,0.6,12,6.93,0.58,8,0.6666666666666666,3,-0.91,-0.3,1,0.3333333333333333,10,10,0,20,17,3,7.04,0.35,0.5,0.5,0.0,0.85,0.15,29,0.48333333333333334,4.84,0.08,60,13,0.41935483870967744,4.28,0.14,31,401404069,2022,3
195,Ohio Bobcats,30,0.43478260869565216,21,0.44680851063829785,9,0.4090909090909091,2,0.4,4,0.25,26,0.5,52,0.7115384615384616,0.28846153846153844,5.1,0.1,8,0.15384615384615385,37,6.68,0.18,18,0.4864864864864865,15,-1.58,-0.11,8,0.5333333333333333,6,0.5,0.5,-2.31,-0.39,2,0.3333333333333333,3,-0.9,-0.3,1,0.3333333333333333,3,-1.41,-0.47,1,0.3333333333333333,4,3,1,17,10,7,-16.27,-0.96,0.23529411764705882,0.17647058823529413,0.058823529411764705,0.5882352941176471,0.4117647058823529,17,0.38636363636363635,-20.78,-0.47,44,13,0.52,9.61,0.38,25,401404069,2022,3
218,Temple Owls,28,0.37333333333333335,15,0.38461538461538464,13,0.3611111111111111,3,0.6,7,0.4117647058823529,17,0.3333333333333333,51,0.47058823529411764,0.5294117647058824,-5.41,-0.11,7,0.13725490196078433,24,-0.38,-0.02,8,0.3333333333333333,27,-5.03,-0.19,9,0.3333333333333333,7,0.2857142857142857,0.7142857142857143,-5.6,-0.8,2,0.2857142857142857,2,-0.66,-0.33,0,0.0,5,-4.94,-0.99,2,0.4,11,7,4,24,15,9,-7.62,-0.32,0.4583333333333333,0.2916666666666667,0.16666666666666666,0.625,0.375,19,0.36538461538461536,-2.21,-0.04,52,9,0.391304347826087,-10.82,-0.47,23,401405089,2022,3
164,Rutgers Scarlet Knights,22,0.3793103448275862,5,0.2777777777777778,17,0.425,4,0.36363636363636365,5,0.38461538461538464,16,0.36363636363636365,44,0.20454545454545456,0.7954545454545454,-9.33,-0.21,6,0.13636363636363635,9,-4.32,-0.48,2,0.2222222222222222,35,-5.0,-0.14,14,0.4,19,0.42105263157894735,0.5789473684210527,-6.08,-0.32,4,0.21052631578947367,8,-3.83,-0.48,1,0.125,11,-2.25,-0.2,3,0.2727272727272727,6,3,3,14,9,5,3.45,0.25,0.42857142857142855,0.21428571428571427,0.21428571428571427,0.6428571428571429,0.35714285714285715,19,0.5,3.76,0.1,38,3,0.15,-9.64,-0.48,20,401405089,2022,3
295,Old Dominion Monarchs,27,0.39705882352941174,18,0.46153846153846156,9,0.3103448275862069,1,0.5,5,0.3333333333333333,21,0.4117647058823529,51,0.5098039215686274,0.49019607843137253,-1.66,-0.03,12,0.23529411764705882,26,2.58,0.1,12,0.46153846153846156,25,-4.24,-0.17,9,0.36,12,0.6666666666666666,0.3333333333333333,4.89,0.41,7,0.5833333333333334,8,7.82,0.98,6,0.75,4,-2.93,-0.73,1,0.25,6,6,0,17,13,4,-3.31,-0.19,0.35294117647058826,0.35294117647058826,0.0,0.7647058823529411,0.23529411764705882,17,0.40476190476190477,-6.13,-0.15,42,10,0.38461538461538464,1.16,0.04,26,401411113,2022,3
258,Virginia Cavaliers,39,0.48148148148148145,17,0.4473684210526316,22,0.5116279069767442,6,0.2857142857142857,8,0.5,30,0.46875,64,0.46875,0.53125,-3.9,-0.06,16,0.25,30,-4.42,-0.15,14,0.4666666666666667,34,0.53,0.02,16,0.47058823529411764,11,0.6363636363636364,0.36363636363636365,1.76,0.16,4,0.36363636363636365,7,6.05,0.86,4,0.5714285714285714,4,-4.28,-1.07,0,0.0,9,3,6,17,8,9,3.71,0.22,0.5294117647058824,0.17647058823529413,0.35294117647058826,0.47058823529411764,0.5294117647058824,29,0.5,-4.93,-0.09,58,10,0.43478260869565216,4.75,0.21,23,401411113,2022,3
93,Murray State Racers,11,0.21153846153846154,4,0.18181818181818182,7,0.23333333333333334,0,0.0,3,0.23076923076923078,8,0.2222222222222222,36,0.2777777777777778,0.7222222222222222,-18.93,-0.53,3,0.08333333333333333,10,-4.57,-0.46,3,0.3,26,-14.35,-0.55,5,0.19230769230769232,3,0.0,1.0,0.58,0.19,2,0.6666666666666666,,,,,,3,0.58,0.19,2,0.6666666666666666,3,1,2,16,12,4,-16.75,-1.05,0.1875,0.0625,0.125,0.75,0.25,6,0.1935483870967742,-25.43,-0.82,31,5,0.23809523809523808,-10.24,-0.49,21,401416600,2022,3
2050,Ball State Cardinals,37,0.42045454545454547,15,0.3409090909090909,22,0.5,10,0.5555555555555556,9,0.5294117647058824,28,0.4117647058823529,68,0.4852941176470588,0.5147058823529411,3.99,0.06,15,0.22058823529411764,33,3.14,0.1,12,0.36363636363636365,35,0.85,0.02,16,0.45714285714285713,16,0.625,0.375,2.81,0.18,7,0.4375,10,0.96,0.1,4,0.4,6,1.85,0.31,3,0.5,9,3,6,20,11,9,-3.36,-0.17,0.45,0.15,0.3,0.55,0.45,26,0.43333333333333335,4.04,0.07,60,11,0.39285714285714285,-3.4,-0.12,28,401416600,2022,3
25,California Golden Bears,21,0.31343283582089554,11,0.2558139534883721,10,0.4166666666666667,2,0.2222222222222222,5,0.3333333333333333,15,0.30612244897959184,49,0.5918367346938775,0.40816326530612246,-5.07,-0.1,10,0.20408163265306123,29,-5.9,-0.2,8,0.27586206896551724,20,0.83,0.04,7,0.35,3,0.6666666666666666,0.3333333333333333,-3.45,-1.15,0,0.0,2,-2.87,-1.43,0,0.0,1,-0.58,-0.58,0,0.0,6,3,3,18,14,4,-2.32,-0.13,0.3333333333333333,0.16666666666666666,0.16666666666666666,0.7777777777777778,0.2222222222222222,12,0.3333333333333333,-3.57,-0.1,36,9,0.2903225806451613,-3.82,-0.12,31,401403987,2022,3
87,Notre Dame Fighting Irish,30,0.44776119402985076,12,0.48,18,0.42857142857142855,4,0.8,4,0.3076923076923077,26,0.48148148148148145,54,0.3148148148148148,0.6851851851851852,1.69,0.03,11,0.2037037037037037,17,8.27,0.49,10,0.5882352941176471,37,-6.58,-0.18,16,0.43243243243243246,9,0.2222222222222222,0.7777777777777778,0.33,0.04,6,0.6666666666666666,2,-0.02,-0.01,1,0.5,7,0.35,0.05,5,0.7142857142857143,4,2,2,13,8,5,-8.74,-0.67,0.3076923076923077,0.15384615384615385,0.15384615384615385,0.6153846153846154,0.38461538461538464,25,0.5319148936170213,0.43,0.01,47,5,0.25,-7.48,-0.37,20,401403987,2022,3
2655,Tulane Green Wave,21,0.328125,8,0.2962962962962963,13,0.35135135135135137,3,0.5,1,0.08333333333333333,19,0.37254901960784315,51,0.4117647058823529,0.5882352941176471,-1.52,-0.03,14,0.27450980392156865,21,-1.89,-0.09,8,0.38095238095238093,30,0.38,0.01,11,0.36666666666666664,11,0.6363636363636364,0.36363636363636365,-2.53,-0.23,4,0.36363636363636365,7,-4.84,-0.69,2,0.2857142857142857,4,2.31,0.58,2,0.5,2,0,2,13,6,7,-10.65,-0.82,0.15384615384615385,0.0,0.15384615384615385,0.46153846153846156,0.5384615384615384,17,0.3953488372093023,-2.19,-0.05,43,4,0.19047619047619047,-9.98,-0.48,21,401404074,2022,3
2306,Kansas State Wildcats,32,0.4383561643835616,13,0.41935483870967744,19,0.4523809523809524,3,0.75,3,0.2,27,0.5094339622641509,53,0.4339622641509434,0.5660377358490566,3.31,0.06,11,0.20754716981132076,23,4.73,0.21,12,0.5217391304347826,30,-1.42,-0.05,15,0.5,12,0.5,0.5,0.65,0.05,7,0.5833333333333334,6,2.46,0.41,4,0.6666666666666666,6,-1.81,-0.3,3,0.5,5,1,4,20,8,12,-14.08,-0.7,0.25,0.05,0.2,0.4,0.6,25,0.49019607843137253,-3.72,-0.07,51,7,0.3181818181818182,-7.06,-0.32,22,401404074,2022,3
249,North Texas Mean Green,34,0.4927536231884058,15,0.4838709677419355,18,0.4864864864864865,5,0.29411764705882354,5,0.45454545454545453,26,0.49056603773584906,53,0.41509433962264153,0.5849056603773585,8.39,0.16,15,0.2830188679245283,22,5.55,0.25,10,0.45454545454545453,31,2.84,0.09,16,0.5161290322580645,18,0.7222222222222222,0.2777777777777778,12.65,0.7,9,0.5,13,14.34,1.1,7,0.5384615384615384,5,-1.68,-0.34,2,0.4,8,5,2,16,9,6,0.24,0.01,0.5,0.3125,0.125,0.5625,0.375,24,0.46153846153846156,-1.19,-0.02,52,10,0.5882352941176471,9.82,0.58,17,401426558,2022,3
2439,UNLV Rebels,42,0.56,14,0.5185185185185185,28,0.5833333333333334,8,0.6153846153846154,9,0.6,31,0.5344827586206896,58,0.3448275862068966,0.6551724137931034,14.94,0.26,14,0.2413793103448276,20,2.35,0.12,9,0.45,38,12.59,0.33,22,0.5789473684210527,16,0.375,0.625,6.99,0.44,8,0.5,6,0.93,0.15,3,0.5,10,6.07,0.61,5,0.5,11,5,6,17,7,10,19.51,1.15,0.6470588235294118,0.29411764705882354,0.35294117647058826,0.4117647058823529,0.5882352941176471,34,0.5964912280701754,19.53,0.34,57,8,0.4444444444444444,14.92,0.83,18,401426558,2022,3
238,Vanderbilt Commodores,39,0.582089552238806,16,0.5714285714285714,23,0.5897435897435898,9,0.8181818181818182,8,0.5714285714285714,29,0.5686274509803921,51,0.39215686274509803,0.6078431372549019,11.54,0.23,10,0.19607843137254902,20,10.87,0.54,12,0.6,31,0.67,0.02,17,0.5483870967741935,9,0.6666666666666666,0.3333333333333333,-2.15,-0.24,4,0.4444444444444444,6,-3.84,-0.64,2,0.3333333333333333,3,1.69,0.56,2,0.6666666666666666,10,4,6,16,8,8,10.31,0.64,0.625,0.25,0.375,0.5,0.5,30,0.625,21.36,0.45,48,9,0.47368421052631576,0.49,0.03,19,401403891,2022,3
2459,Northern Illinois Huskies,27,0.47368421052631576,14,0.5185185185185185,13,0.43333333333333335,4,0.6666666666666666,5,0.4166666666666667,20,0.47619047619047616,42,0.42857142857142855,0.5714285714285714,3.92,0.09,7,0.16666666666666666,18,0.35,0.02,10,0.5555555555555556,24,3.57,0.15,10,0.4166666666666667,11,0.45454545454545453,0.5454545454545454,10.89,0.99,6,0.5454545454545454,5,6.5,1.3,3,0.6,6,4.39,0.73,3,0.5,7,4,3,15,9,6,5.81,0.39,0.4666666666666667,0.26666666666666666,0.2,0.6,0.4,17,0.425,6.99,0.17,40,10,0.5882352941176471,2.73,0.16,17,401403891,2022,3
38,Colorado Buffaloes,24,0.39344262295081966,8,0.2962962962962963,16,0.47058823529411764,1,1.0,3,0.23076923076923078,17,0.3953488372093023,43,0.3953488372093023,0.6046511627906976,5.46,0.13,10,0.23255813953488372,17,2.19,0.13,5,0.29411764705882354,26,3.27,0.13,12,0.46153846153846156,14,0.2857142857142857,0.7142857142857143,-0.47,-0.03,6,0.42857142857142855,4,0.14,0.04,2,0.5,10,-0.62,-0.06,4,0.4,7,3,4,18,10,8,-0.69,-0.04,0.3888888888888889,0.16666666666666666,0.2222222222222222,0.5555555555555556,0.4444444444444444,17,0.5151515151515151,11.45,0.35,33,7,0.25,-6.68,-0.24,28,401403988,2022,3
135,Minnesota Golden Gophers,44,0.5789473684210527,11,0.5,33,0.6111111111111112,8,0.6153846153846154,12,0.8571428571428571,32,0.5245901639344263,61,0.29508196721311475,0.7049180327868853,15.07,0.25,13,0.21311475409836064,18,5.96,0.33,9,0.5,43,9.11,0.21,23,0.5348837209302325,9,0.8888888888888888,0.1111111111111111,10.27,1.14,5,0.5555555555555556,8,9.09,1.14,4,0.5,1,1.18,1.18,1,1.0,12,2,10,15,4,11,12.83,0.86,0.8,0.13333333333333333,0.6666666666666666,0.26666666666666666,0.7333333333333333,36,0.5714285714285714,17.4,0.28,63,8,0.6153846153846154,10.5,0.81,13,401403988,2022,3
166,New Mexico State Aggies,26,0.37681159420289856,9,0.28125,17,0.4594594594594595,1,0.2,4,0.25,22,0.41509433962264153,53,0.41509433962264153,0.5849056603773585,-11.3,-0.21,9,0.16981132075471697,22,-11.36,-0.52,6,0.2727272727272727,31,0.05,0.0,16,0.5161290322580645,19,0.5263157894736842,0.47368421052631576,3.5,0.18,9,0.47368421052631576,10,0.53,0.05,4,0.4,9,2.97,0.33,5,0.5555555555555556,4,3,1,16,10,6,-7.37,-0.46,0.25,0.1875,0.0625,0.625,0.375,22,0.5,-5.69,-0.13,44,4,0.16,-12.99,-0.52,25,401405085,2022,3
275,Wisconsin Badgers,35,0.5645161290322581,12,0.5714285714285714,23,0.5609756097560976,11,0.6470588235294118,2,0.3333333333333333,33,0.5892857142857143,56,0.2857142857142857,0.7142857142857143,23.14,0.41,17,0.30357142857142855,16,13.25,0.83,11,0.6875,40,9.9,0.25,22,0.55,5,0.4,0.6,-4.01,-0.8,1,0.2,2,-2.89,-1.45,1,0.5,3,-1.12,-0.37,0,0.0,2,1,1,6,5,1,-1.43,-0.24,0.3333333333333333,0.16666666666666666,0.16666666666666666,0.8333333333333334,0.16666666666666666,28,0.5384615384615384,13.82,0.27,52,7,0.7,7.89,0.79,10,401405085,2022,3
2619,Stony Brook Seawolves,24,0.34285714285714286,13,0.34210526315789475,11,0.34375,2,0.25,3,0.2,20,0.38461538461538464,52,0.5,0.5,-2.15,-0.04,12,0.23076923076923078,26,1.64,0.06,11,0.4230769230769231,26,-3.79,-0.15,9,0.34615384615384615,12,0.4166666666666667,0.5833333333333334,-0.22,-0.02,4,0.3333333333333333,5,2.82,0.56,3,0.6,7,-3.04,-0.43,1,0.14285714285714285,4,2,2,18,12,6,-18.92,-1.05,0.2222222222222222,0.1111111111111111,0.1111111111111111,0.6666666666666666,0.3333333333333333,11,0.28205128205128205,-9.14,-0.23,39,13,0.41935483870967744,-11.94,-0.39,31,401414780,2022,3
113,Massachusetts Minutemen,27,0.43548387096774194,9,0.45,18,0.42857142857142855,2,0.4,5,0.35714285714285715,20,0.43478260869565216,46,0.2826086956521739,0.717391304347826,-4.49,-0.1,8,0.17391304347826086,13,-0.09,-0.01,7,0.5384615384615384,33,-4.4,-0.13,13,0.3939393939393939,8,0.625,0.375,-1.28,-0.16,4,0.5,5,1.16,0.23,3,0.6,3,-2.43,-0.81,1,0.3333333333333333,7,2,5,16,7,9,0.35,0.02,0.4375,0.125,0.3125,0.4375,0.5625,20,0.4444444444444444,-2.46,-0.05,45,7,0.4117647058823529,-1.68,-0.1,17,401414780,2022,3
2026,Appalachian State Mountaineers,45,0.4787234042553192,26,0.52,19,0.4318181818181818,8,0.4,12,0.5217391304347826,30,0.44776119402985076,67,0.4925373134328358,0.5074626865671642,3.88,0.06,14,0.208955223880597,33,3.54,0.11,16,0.48484848484848486,34,0.34,0.01,14,0.4117647058823529,15,0.4666666666666667,0.5333333333333333,11.43,0.76,9,0.6,7,5.35,0.76,3,0.42857142857142855,8,6.08,0.76,6,0.75,15,10,5,27,17,10,25.85,0.96,0.5555555555555556,0.37037037037037035,0.18518518518518517,0.6296296296296297,0.37037037037037035,32,0.5161290322580645,10.6,0.17,62,13,0.40625,19.12,0.6,32,401426333,2022,3
2653,Troy Trojans,36,0.4044943820224719,28,0.5,8,0.24242424242424243,9,0.4090909090909091,8,0.5714285714285714,27,0.36486486486486486,74,0.6081081081081081,0.3918918918918919,0.59,0.01,20,0.2702702702702703,45,3.86,0.09,22,0.4888888888888889,29,-3.27,-0.11,5,0.1724137931034483,15,0.6666666666666666,0.3333333333333333,5.14,0.34,6,0.4,10,1.86,0.19,4,0.4,5,3.28,0.66,2,0.4,9,6,3,15,11,4,16.81,1.12,0.6,0.4,0.2,0.7333333333333333,0.26666666666666666,23,0.36507936507936506,3.58,0.06,63,13,0.5,13.82,0.53,26,401426333,2022,3
5,UAB Blazers,27,0.4576271186440678,8,0.4444444444444444,19,0.4634146341463415,6,0.375,6,0.6,20,0.425531914893617,47,0.2553191489361702,0.7446808510638298,10.18,0.22,11,0.23404255319148937,12,2.08,0.17,5,0.4166666666666667,35,8.1,0.23,15,0.42857142857142855,10,0.3,0.7,0.49,0.05,5,0.5,3,-0.56,-0.19,1,0.3333333333333333,7,1.05,0.15,4,0.5714285714285714,7,3,4,12,6,6,-0.0,-0.0,0.5833333333333334,0.25,0.3333333333333333,0.5,0.5,23,0.5111111111111111,17.62,0.39,45,4,0.2857142857142857,-7.44,-0.53,14,401426560,2022,3
290,Georgia Southern Eagles,40,0.43478260869565216,20,0.35714285714285715,20,0.5555555555555556,4,0.4444444444444444,13,0.5652173913043478,26,0.3939393939393939,66,0.5757575757575758,0.42424242424242425,-12.48,-0.19,10,0.15151515151515152,38,-11.55,-0.3,13,0.34210526315789475,28,-0.92,-0.03,13,0.4642857142857143,16,0.6875,0.3125,-1.29,-0.08,6,0.375,11,-0.13,-0.01,4,0.36363636363636365,5,-1.16,-0.23,2,0.4,14,7,7,26,18,8,8.99,0.35,0.5384615384615384,0.2692307692307692,0.2692307692307692,0.6923076923076923,0.3076923076923077,32,0.5079365079365079,20.73,0.33,63,8,0.27586206896551724,-24.21,-0.83,29,401426560,2022,3
248,Houston Cougars,34,0.4857142857142857,16,0.45714285714285713,18,0.5142857142857142,5,0.38461538461538464,6,0.42857142857142855,28,0.509090909090909,55,0.45454545454545453,0.5454545454545454,13.82,0.25,14,0.2545454545454545,25,11.97,0.48,14,0.56,30,1.85,0.06,14,0.4666666666666667,16,0.5,0.5,3.35,0.21,9,0.5625,8,2.88,0.36,4,0.5,8,0.47,0.06,5,0.625,6,2,4,15,10,5,-2.32,-0.15,0.4,0.13333333333333333,0.26666666666666666,0.6666666666666666,0.3333333333333333,29,0.5471698113207547,11.25,0.21,53,5,0.29411764705882354,0.25,0.01,17,401404068,2022,3
2305,Kansas Jayhawks,33,0.4925373134328358,12,0.46153846153846156,21,0.5121951219512195,6,0.3333333333333333,7,0.5384615384615384,25,0.4716981132075472,53,0.3584905660377358,0.6415094339622641,9.36,0.18,12,0.22641509433962265,19,7.69,0.4,10,0.5263157894736842,34,1.67,0.05,15,0.4411764705882353,7,0.8571428571428571,0.14285714285714285,5.55,0.79,4,0.5714285714285714,6,6.15,1.03,4,0.6666666666666666,1,-0.61,-0.61,0,0.0,8,2,6,14,7,7,10.81,0.77,0.5714285714285714,0.14285714285714285,0.42857142857142855,0.5,0.5,26,0.5416666666666666,17.67,0.37,48,7,0.3684210526315789,2.51,0.13,19,401404068,2022,3
2630,UT Martin Skyhawks,14,0.30434782608695654,8,0.2857142857142857,6,0.3333333333333333,,,1,0.09090909090909091,12,0.35294117647058826,34,0.5,0.5,-7.26,-0.21,6,0.17647058823529413,17,-2.49,-0.15,6,0.35294117647058826,17,-4.77,-0.28,6,0.35294117647058826,3,0.3333333333333333,0.6666666666666666,-1.18,-0.39,1,0.3333333333333333,1,-0.69,-0.69,0,0.0,2,-0.49,-0.24,1,0.5,2,2,0,12,11,1,-1.17,-0.1,0.16666666666666666,0.16666666666666666,0.0,0.9166666666666666,0.08333333333333333,9,0.36,-4.46,-0.18,25,5,0.23809523809523808,-3.97,-0.19,21,401415218,2022,3
68,Boise State Broncos,35,0.49295774647887325,14,0.5,21,0.4883720930232558,6,0.46153846153846156,9,0.5625,25,0.46296296296296297,54,0.2962962962962963,0.7037037037037037,-5.83,-0.11,8,0.14814814814814814,16,4.43,0.28,8,0.5,38,-10.26,-0.27,17,0.4473684210526316,12,0.5833333333333334,0.4166666666666667,2.87,0.24,7,0.5833333333333334,7,3.79,0.54,4,0.5714285714285714,5,-0.93,-0.19,3,0.6,10,6,4,17,12,5,5.82,0.34,0.5882352941176471,0.35294117647058826,0.23529411764705882,0.7058823529411765,0.29411764705882354,28,0.5490196078431373,4.88,0.1,51,7,0.35,-4.89,-0.24,20,401415218,2022,3
36,Colorado State Rams,23,0.3484848484848485,14,0.3333333333333333,9,0.375,2,0.4,4,0.3076923076923077,18,0.375,48,0.5416666666666666,0.4583333333333333,-0.05,-0.0,10,0.20833333333333334,26,4.55,0.18,10,0.38461538461538464,22,-4.61,-0.21,8,0.36363636363636365,15,0.6666666666666666,0.3333333333333333,1.54,0.1,7,0.4666666666666667,10,1.57,0.16,5,0.5,5,-0.03,-0.01,2,0.4,5,4,1,18,16,2,-10.18,-0.57,0.2777777777777778,0.2222222222222222,0.05555555555555555,0.8888888888888888,0.1111111111111111,15,0.42857142857142855,-3.26,-0.09,35,8,0.25806451612903225,-6.97,-0.22,31,401403995,2022,3
265,Washington State Cougars,27,0.43548387096774194,18,0.47368421052631576,9,0.375,7,0.5,6,0.5454545454545454,21,0.42,50,0.62,0.38,10.87,0.22,13,0.26,31,6.39,0.21,15,0.4838709677419355,19,4.49,0.24,6,0.3157894736842105,10,0.7,0.3,-4.22,-0.42,4,0.4,7,0.09,0.01,4,0.5714285714285714,3,-4.31,-1.44,0,0.0,6,3,3,12,7,5,-6.42,-0.53,0.5,0.25,0.25,0.5833333333333334,0.4166666666666667,17,0.4146341463414634,5.75,0.14,41,10,0.47619047619047616,-1.29,-0.06,21,401403995,2022,3
154,Wake Forest Demon Deacons,28,0.3373493975903614,23,0.41818181818181815,5,0.17857142857142858,5,0.2777777777777778,8,0.4,19,0.3114754098360656,61,0.5901639344262295,0.4098360655737705,-7.29,-0.12,9,0.14754098360655737,36,6.3,0.17,16,0.4444444444444444,25,-13.59,-0.54,3,0.12,11,0.7272727272727273,0.2727272727272727,0.28,0.03,5,0.45454545454545453,8,3.64,0.45,5,0.625,3,-3.36,-1.12,0,0.0,9,7,2,22,19,3,1.62,0.07,0.4090909090909091,0.3181818181818182,0.09090909090909091,0.8636363636363636,0.13636363636363635,17,0.34,-9.61,-0.19,50,11,0.3333333333333333,3.94,0.12,33,401404159,2022,3
2335,Liberty Flames,35,0.42168674698795183,17,0.3695652173913043,18,0.4864864864864865,2,1.0,4,0.2222222222222222,27,0.4576271186440678,59,0.5423728813559322,0.4576271186440678,-2.32,-0.04,11,0.1864406779661017,32,-7.51,-0.23,13,0.40625,27,5.19,0.19,14,0.5185185185185185,11,0.5454545454545454,0.45454545454545453,7.48,0.68,8,0.7272727272727273,6,0.05,0.01,4,0.6666666666666666,5,7.43,1.49,4,0.8,8,4,4,24,14,10,-7.89,-0.33,0.3333333333333333,0.16666666666666666,0.16666666666666666,0.5833333333333334,0.4166666666666667,29,0.5087719298245614,0.7,0.01,57,6,0.23076923076923078,-10.91,-0.42,26,401404159,2022,3
344,Mississippi State Bulldogs,23,0.3484848484848485,17,0.3617021276595745,6,0.3157894736842105,1,0.5,5,0.3333333333333333,17,0.3695652173913043,46,0.7391304347826086,0.2608695652173913,-3.8,-0.08,9,0.1956521739130435,34,-6.94,-0.2,13,0.38235294117647056,12,3.14,0.26,4,0.3333333333333333,11,0.8181818181818182,0.18181818181818182,3.47,0.32,5,0.45454545454545453,9,1.09,0.12,4,0.4444444444444444,2,2.38,1.19,1,0.5,6,4,2,20,13,7,-17.75,-0.89,0.3,0.2,0.1,0.65,0.35,15,0.32608695652173914,-21.5,-0.47,46,8,0.4,-0.05,-0.0,20,401403885,2022,3
99,LSU Tigers,33,0.4342105263157895,16,0.38095238095238093,17,0.5,4,0.4,6,0.375,26,0.4482758620689655,58,0.5172413793103449,0.4827586206896552,1.33,0.02,12,0.20689655172413793,30,-1.66,-0.06,12,0.4,28,3.0,0.11,14,0.5,18,0.7222222222222222,0.2777777777777778,5.51,0.31,10,0.5555555555555556,13,1.41,0.11,6,0.46153846153846156,5,4.1,0.82,4,0.8,7,4,3,18,12,6,2.05,0.11,0.3888888888888889,0.2222222222222222,0.16666666666666666,0.6666666666666666,0.3333333333333333,27,0.54,20.89,0.42,50,6,0.23076923076923078,-17.51,-0.67,26,401403885,2022,3
151,East Carolina Pirates,33,0.5,17,0.5862068965517241,16,0.43243243243243246,7,0.7,7,0.5833333333333334,24,0.47058823529411764,51,0.37254901960784315,0.6274509803921569,5.97,0.12,18,0.35294117647058826,19,4.43,0.23,11,0.5789473684210527,32,1.54,0.05,13,0.40625,15,0.4666666666666667,0.5333333333333333,11.81,0.79,6,0.4,7,14.09,2.01,5,0.7142857142857143,8,-2.29,-0.29,1,0.125,9,6,3,15,10,5,16.96,1.13,0.6,0.4,0.2,0.6666666666666666,0.3333333333333333,25,0.5434782608695652,11.25,0.24,46,8,0.4,11.68,0.58,20,401415621,2022,3
2097,Campbell Fighting Camels,31,0.4305555555555556,16,0.4,15,0.46875,1,0.14285714285714285,5,0.3125,25,0.4716981132075472,53,0.5660377358490566,0.4339622641509434,9.11,0.17,14,0.2641509433962264,30,8.25,0.28,15,0.5,23,0.85,0.04,10,0.43478260869565216,11,0.45454545454545453,0.5454545454545454,4.49,0.41,5,0.45454545454545453,5,2.76,0.55,3,0.6,6,1.73,0.29,2,0.3333333333333333,6,1,5,19,10,9,-11.18,-0.59,0.3157894736842105,0.05263157894736842,0.2631578947368421,0.5263157894736842,0.47368421052631576,24,0.48,0.77,0.02,50,7,0.3181818181818182,-2.85,-0.13,22,401415621,2022,3
55,Jacksonville State Gamecocks,28,0.417910447761194,4,0.19047619047619047,24,0.5217391304347826,4,0.5714285714285714,5,0.35714285714285715,21,0.42,50,0.26,0.74,0.91,0.02,9,0.18,13,-6.96,-0.54,2,0.15384615384615385,37,7.87,0.21,19,0.5135135135135135,13,0.15384615384615385,0.8461538461538461,2.34,0.18,7,0.5384615384615384,2,-1.59,-0.79,0,0.0,11,3.93,0.36,7,0.6363636363636364,7,2,5,17,8,9,-3.95,-0.23,0.4117647058823529,0.11764705882352941,0.29411764705882354,0.47058823529411764,0.5294117647058824,20,0.45454545454545453,3.22,0.07,44,8,0.34782608695652173,-6.25,-0.27,23,401413216,2022,3
202,Tulsa Golden Hurricane,41,0.5394736842105263,28,0.6511627906976745,13,0.3939393939393939,9,0.6428571428571429,7,0.5384615384615384,34,0.5396825396825397,63,0.5238095238095238,0.47619047619047616,18.78,0.3,18,0.2857142857142857,33,19.04,0.58,21,0.6363636363636364,30,-0.26,-0.01,13,0.43333333333333335,5,0.6,0.4,6.16,1.23,3,0.6,3,6.39,2.13,3,1.0,2,-0.23,-0.12,0,0.0,7,7,0,13,10,3,8.95,0.69,0.5384615384615384,0.5384615384615384,0.0,0.7692307692307693,0.23076923076923078,32,0.5714285714285714,9.17,0.16,56,9,0.45,18.56,0.93,20,401413216,2022,3
2572,Southern Miss Golden Eagles,30,0.4225352112676056,14,0.4666666666666667,16,0.3902439024390244,5,0.35714285714285715,8,0.5333333333333333,20,0.37735849056603776,53,0.4339622641509434,0.5660377358490566,13.86,0.26,8,0.1509433962264151,23,12.03,0.52,11,0.4782608695652174,30,1.83,0.06,9,0.3,17,0.4117647058823529,0.5882352941176471,7.52,0.44,8,0.47058823529411764,7,5.54,0.79,3,0.42857142857142855,10,1.98,0.2,5,0.5,10,3,7,18,7,11,5.29,0.29,0.5555555555555556,0.16666666666666666,0.3888888888888889,0.3888888888888889,0.6111111111111112,22,0.43137254901960786,13.48,0.26,51,8,0.4,5.67,0.28,20,401415032,2022,3
2466,Northwestern State Demons,18,0.26865671641791045,16,0.36363636363636365,2,0.09090909090909091,1,0.5,4,0.21052631578947367,14,0.2978723404255319,47,0.6382978723404256,0.3617021276595745,-9.72,-0.21,5,0.10638297872340426,30,0.37,0.01,12,0.4,17,-10.08,-0.59,2,0.11764705882352941,16,0.75,0.25,-1.12,-0.07,7,0.4375,12,-0.1,-0.01,6,0.5,4,-1.02,-0.26,1,0.25,4,4,0,20,14,5,-11.26,-0.56,0.2,0.2,0.0,0.7,0.25,10,0.29411764705882354,-10.83,-0.32,34,8,0.24242424242424243,-10.14,-0.31,33,401415032,2022,3
2032,Arkansas State Red Wolves,32,0.47058823529411764,18,0.5,14,0.4375,3,0.6,8,0.5714285714285714,23,0.4423076923076923,52,0.46153846153846156,0.5384615384615384,3.56,0.07,12,0.23076923076923078,24,0.81,0.03,11,0.4583333333333333,28,2.75,0.1,12,0.42857142857142855,10,0.7,0.3,-1.46,-0.15,3,0.3,7,-1.28,-0.18,2,0.2857142857142857,3,-0.18,-0.06,1,0.3333333333333333,9,7,2,16,12,4,6.18,0.39,0.5625,0.4375,0.125,0.75,0.25,19,0.475,7.84,0.2,40,13,0.4642857142857143,1.9,0.07,28,401415622,2022,3
235,Memphis Tigers,41,0.5540540540540541,17,0.5666666666666667,24,0.5454545454545454,7,0.6363636363636364,5,0.38461538461538464,33,0.5892857142857143,56,0.4107142857142857,0.5892857142857143,19.33,0.35,15,0.26785714285714285,23,15.95,0.69,13,0.5652173913043478,33,3.38,0.1,20,0.6060606060606061,6,0.5,0.5,2.11,0.35,4,0.6666666666666666,3,-0.04,-0.01,2,0.6666666666666666,3,2.16,0.72,2,0.6666666666666666,8,4,4,18,7,11,5.14,0.29,0.4444444444444444,0.2222222222222222,0.2222222222222222,0.3888888888888889,0.6111111111111112,33,0.5689655172413793,14.02,0.24,58,8,0.5,10.45,0.65,16,401415622,2022,3
2247,Georgia State Panthers,44,0.4943820224719101,20,0.5555555555555556,24,0.46153846153846156,6,0.5454545454545454,12,0.8,32,0.4444444444444444,72,0.3611111111111111,0.625,5.92,0.08,19,0.2638888888888889,26,12.97,0.5,13,0.5,45,3.46,0.08,19,0.4222222222222222,16,0.4375,0.5625,2.77,0.17,8,0.5,7,2.09,0.3,3,0.42857142857142855,9,0.68,0.08,5,0.5555555555555556,12,7,5,17,10,7,15.66,0.92,0.7058823529411765,0.4117647058823529,0.29411764705882354,0.5882352941176471,0.4117647058823529,34,0.5074626865671642,8.61,0.13,67,10,0.45454545454545453,12.97,0.59,22,401426554,2022,3
2429,Charlotte 49ers,39,0.527027027027027,28,0.5833333333333334,11,0.4230769230769231,7,0.4117647058823529,4,0.3333333333333333,35,0.603448275862069,58,0.603448275862069,0.39655172413793105,22.46,0.39,20,0.3448275862068966,35,23.46,0.67,25,0.7142857142857143,23,-1.0,-0.04,10,0.43478260869565216,9,0.7777777777777778,0.2222222222222222,2.98,0.33,5,0.5555555555555556,7,4.31,0.62,5,0.7142857142857143,2,-1.33,-0.67,0,0.0,4,3,1,16,13,3,-14.43,-0.9,0.25,0.1875,0.0625,0.8125,0.1875,34,0.5573770491803278,5.21,0.09,61,5,0.38461538461538464,2.83,0.22,13,401426554,2022,3
2393,Middle Tennessee Blue Raiders,37,0.5522388059701493,16,0.6153846153846154,21,0.5121951219512195,12,0.7058823529411765,6,0.5454545454545454,29,0.5370370370370371,54,0.3888888888888889,0.6111111111111112,5.6,0.1,11,0.2037037037037037,21,0.46,0.02,12,0.5714285714285714,33,5.14,0.16,17,0.5151515151515151,14,0.14285714285714285,0.8571428571428571,7.15,0.51,8,0.5714285714285714,2,0.52,0.26,2,1.0,12,6.62,0.55,6,0.5,8,4,4,13,5,8,11.69,0.9,0.6153846153846154,0.3076923076923077,0.3076923076923077,0.38461538461538464,0.6153846153846154,30,0.6,13.04,0.26,50,7,0.4117647058823529,4.25,0.25,17,401426557,2022,3
2634,Tennessee State Tigers,18,0.32142857142857145,10,0.3225806451612903,8,0.32,,,4,0.36363636363636365,14,0.3181818181818182,44,0.5,0.5,-13.86,-0.31,8,0.18181818181818182,22,-7.21,-0.33,9,0.4090909090909091,22,-6.65,-0.3,5,0.22727272727272727,7,0.5714285714285714,0.42857142857142855,-6.48,-0.93,1,0.14285714285714285,4,-5.12,-1.28,1,0.25,3,-1.36,-0.45,0,0.0,4,1,3,12,9,3,-5.05,-0.42,0.3333333333333333,0.08333333333333333,0.25,0.75,0.25,13,0.3333333333333333,-16.56,-0.42,39,5,0.29411764705882354,-2.35,-0.14,17,401426557,2022,3
2440,Nevada Wolf Pack,21,0.30434782608695654,8,0.25806451612903225,13,0.34210526315789475,,,6,0.3,13,0.2765957446808511,47,0.3617021276595745,0.6382978723404256,-18.62,-0.4,3,0.06382978723404255,17,-7.72,-0.45,5,0.29411764705882354,30,-10.91,-0.36,8,0.26666666666666666,15,0.2,0.8,-2.01,-0.13,3,0.2,3,-1.04,-0.35,1,0.3333333333333333,12,-0.97,-0.08,2,0.16666666666666666,8,3,5,22,14,8,-4.03,-0.18,0.36363636363636365,0.13636363636363635,0.22727272727272727,0.6363636363636364,0.36363636363636365,14,0.3333333333333333,-6.84,-0.16,42,7,0.25925925925925924,-15.81,-0.59,27,401405082,2022,3
2294,Iowa Hawkeyes,19,0.31666666666666665,9,0.3103448275862069,10,0.3225806451612903,0,0.0,7,0.4117647058823529,12,0.27906976744186046,43,0.3953488372093023,0.6046511627906976,-4.27,-0.1,4,0.09302325581395349,17,-6.79,-0.4,4,0.23529411764705882,26,2.53,0.1,8,0.3076923076923077,4,0.25,0.75,-2.84,-0.71,0,0.0,1,-0.1,-0.1,0,0.0,3,-2.73,-0.91,0,0.0,7,5,2,17,12,5,0.65,0.04,0.4117647058823529,0.29411764705882354,0.11764705882352941,0.7058823529411765,0.29411764705882354,14,0.3333333333333333,-3.85,-0.09,42,5,0.2777777777777778,0.23,0.01,18,401405082,2022,3
120,Maryland Terrapins,33,0.55,12,0.48,21,0.6,10,0.7142857142857143,5,0.38461538461538464,27,0.5869565217391305,46,0.3695652173913043,0.6304347826086957,13.16,0.29,9,0.1956521739130435,17,3.05,0.18,9,0.5294117647058824,29,10.11,0.35,18,0.6206896551724138,10,0.6,0.4,2.33,0.23,6,0.6,6,1.45,0.24,3,0.5,4,0.88,0.22,3,0.75,6,3,3,14,8,6,0.62,0.04,0.42857142857142855,0.21428571428571427,0.21428571428571427,0.5714285714285714,0.42857142857142855,28,0.5714285714285714,12.82,0.26,49,5,0.45454545454545453,0.96,0.09,11,401405087,2022,3
2567,SMU Mustangs,34,0.3695652173913043,20,0.38461538461538464,14,0.35,5,0.29411764705882354,10,0.5263157894736842,23,0.3333333333333333,69,0.5797101449275363,0.42028985507246375,-16.54,-0.24,10,0.14492753623188406,40,-8.05,-0.2,13,0.325,29,-8.49,-0.29,10,0.3448275862068966,7,0.2857142857142857,0.7142857142857143,-0.33,-0.05,4,0.5714285714285714,2,-0.38,-0.19,1,0.5,5,0.05,0.01,3,0.6,11,7,4,23,12,11,0.53,0.02,0.4782608695652174,0.30434782608695654,0.17391304347826086,0.5217391304347826,0.4782608695652174,19,0.34545454545454546,-14.1,-0.26,55,15,0.40540540540540543,-1.92,-0.05,37,401405087,2022,3
103,Boston College Eagles,33,0.4520547945205479,16,0.41025641025641024,17,0.5,6,0.4,6,0.42857142857142855,27,0.4576271186440678,59,0.4406779661016949,0.559322033898305,7.0,0.12,11,0.1864406779661017,26,6.64,0.26,11,0.4230769230769231,33,0.36,0.01,16,0.48484848484848486,9,0.6666666666666666,0.3333333333333333,0.07,0.01,4,0.4444444444444444,6,0.15,0.02,3,0.5,3,-0.08,-0.03,1,0.3333333333333333,6,5,1,14,13,1,-4.22,-0.3,0.42857142857142855,0.35714285714285715,0.07142857142857142,0.9285714285714286,0.07142857142857142,22,0.4782608695652174,0.37,0.01,46,11,0.4074074074074074,2.41,0.09,27,401411110,2022,3
311,Maine Black Bears,31,0.4246575342465753,20,0.425531914893617,11,0.4230769230769231,3,0.375,7,0.4375,24,0.43636363636363634,55,0.6181818181818182,0.38181818181818183,-7.34,-0.13,12,0.21818181818181817,34,-6.34,-0.19,15,0.4411764705882353,21,-1.0,-0.05,9,0.42857142857142855,21,0.6190476190476191,0.38095238095238093,4.79,0.23,10,0.47619047619047616,13,4.25,0.33,6,0.46153846153846156,8,0.54,0.07,4,0.5,7,5,2,18,13,5,0.36,0.02,0.3888888888888889,0.2777777777777778,0.1111111111111111,0.7222222222222222,0.2777777777777778,20,0.43478260869565216,-12.84,-0.28,46,11,0.4074074074074074,5.85,0.22,27,401411110,2022,3
2116,UCF Knights,38,0.3917525773195876,18,0.47368421052631576,20,0.3448275862068966,8,0.42105263157894735,9,0.47368421052631576,27,0.35526315789473684,76,0.3026315789473684,0.6842105263157895,-21.87,-0.29,16,0.21052631578947367,23,-4.07,-0.18,11,0.4782608695652174,52,-12.4,-0.24,16,0.3076923076923077,27,0.25925925925925924,0.7037037037037037,-8.3,-0.31,10,0.37037037037037035,7,4.82,0.69,5,0.7142857142857143,19,-7.7,-0.41,5,0.2631578947368421,11,7,4,21,15,6,16.15,0.77,0.5238095238095238,0.3333333333333333,0.19047619047619047,0.7142857142857143,0.2857142857142857,30,0.40540540540540543,-12.43,-0.17,74,8,0.34782608695652173,6.71,0.29,23,401426555,2022,3
2226,Florida Atlantic Owls,18,0.3,9,0.3,9,0.3,4,0.4,6,0.46153846153846156,12,0.2553191489361702,47,0.425531914893617,0.574468085106383,-4.04,-0.09,12,0.2553191489361702,20,-0.16,-0.01,4,0.2,27,-3.88,-0.14,8,0.2962962962962963,19,0.42105263157894735,0.5789473684210527,-3.43,-0.18,4,0.21052631578947367,8,-1.45,-0.18,1,0.125,11,-1.97,-0.18,3,0.2727272727272727,6,5,1,13,10,3,-1.93,-0.15,0.46153846153846156,0.38461538461538464,0.07692307692307693,0.7692307692307693,0.23076923076923078,12,0.2857142857142857,-5.41,-0.13,42,6,0.3333333333333333,-0.56,-0.03,18,401426555,2022,3
242,Rice Owls,28,0.32941176470588235,18,0.4090909090909091,10,0.24390243902439024,4,0.18181818181818182,7,0.4666666666666667,21,0.3088235294117647,68,0.5147058823529411,0.4852941176470588,-44.73,-0.66,16,0.23529411764705882,35,-26.94,-0.77,14,0.4,33,-17.79,-0.54,7,0.21212121212121213,21,0.6666666666666666,0.3333333333333333,-17.0,-0.81,6,0.2857142857142857,14,-8.64,-0.62,6,0.42857142857142855,7,-8.35,-1.19,0,0.0,7,4,3,17,9,8,-3.5,-0.21,0.4117647058823529,0.23529411764705882,0.17647058823529413,0.5294117647058824,0.47058823529411764,14,0.23333333333333334,-51.89,-0.86,60,14,0.56,3.66,0.15,25,401426559,2022,3
309,Louisiana Ragin' Cajuns,14,0.2916666666666667,7,0.22580645161290322,7,0.4117647058823529,1,0.16666666666666666,5,0.38461538461538464,9,0.2727272727272727,33,0.5757575757575758,0.42424242424242425,-13.84,-0.42,3,0.09090909090909091,19,-11.79,-0.62,3,0.15789473684210525,14,-2.06,-0.15,6,0.42857142857142855,9,0.6666666666666666,0.3333333333333333,-4.82,-0.54,1,0.1111111111111111,6,-0.74,-0.12,1,0.16666666666666666,3,-4.08,-1.36,0,0.0,5,4,1,15,12,3,-5.64,-0.38,0.3333333333333333,0.26666666666666666,0.06666666666666667,0.8,0.2,8,0.26666666666666666,-17.94,-0.6,30,6,0.3333333333333333,-1.54,-0.09,18,401426559,2022,3
147,Montana State Bobcats,22,0.44,6,0.3333333333333333,16,0.5,6,0.5,4,0.4,16,0.42105263157894735,38,0.34210526315789475,0.6578947368421053,-2.76,-0.07,10,0.2631578947368421,13,-8.58,-0.66,4,0.3076923076923077,25,5.82,0.23,12,0.48,14,0.35714285714285715,0.6428571428571429,4.61,0.33,7,0.5,5,-1.8,-0.36,1,0.2,9,6.42,0.71,6,0.6666666666666666,6,2,4,12,5,7,5.82,0.48,0.5,0.16666666666666666,0.3333333333333333,0.4166666666666667,0.5833333333333334,17,0.4722222222222222,3.65,0.1,36,5,0.35714285714285715,-0.59,-0.04,14,401403990,2022,3
204,Oregon State Beavers,38,0.5671641791044776,19,0.6785714285714286,19,0.48717948717948717,11,0.6111111111111112,9,0.9,28,0.5,56,0.42857142857142855,0.5714285714285714,15.86,0.28,14,0.25,24,13.35,0.56,15,0.625,32,2.51,0.08,13,0.40625,7,0.8571428571428571,0.14285714285714285,0.4,0.06,3,0.42857142857142855,6,-0.45,-0.07,2,0.3333333333333333,1,0.85,0.85,1,1.0,10,4,6,11,4,7,17.22,1.57,0.9090909090909091,0.36363636363636365,0.5454545454545454,0.36363636363636365,0.6363636363636364,29,0.5918367346938775,19.83,0.4,49,9,0.5,13.26,0.74,18,401403990,2022,3
2638,UTEP Miners,23,0.3484848484848485,13,0.2653061224489796,10,0.5882352941176471,1,0.5,2,0.18181818181818182,19,0.38,50,0.68,0.32,-30.82,-0.62,10,0.2,34,-33.99,-1.0,10,0.29411764705882354,16,3.17,0.2,9,0.5625,15,0.8666666666666667,0.13333333333333333,-2.83,-0.19,5,0.3333333333333333,13,-2.78,-0.21,4,0.3076923076923077,2,-0.05,-0.02,1,0.5,4,3,1,16,15,1,-9.84,-0.62,0.25,0.1875,0.0625,0.9375,0.0625,19,0.4222222222222222,-30.35,-0.67,45,4,0.19047619047619047,-10.31,-0.49,21,401426561,2022,3
167,New Mexico Lobos,23,0.36507936507936506,8,0.4,15,0.3488372093023256,5,0.3125,4,0.26666666666666666,19,0.40425531914893614,47,0.2553191489361702,0.7446808510638298,-8.22,-0.17,9,0.19148936170212766,12,-0.46,-0.04,6,0.5,35,-7.77,-0.22,13,0.37142857142857144,9,0.4444444444444444,0.5555555555555556,2.25,0.25,7,0.7777777777777778,4,0.1,0.03,3,0.75,5,2.14,0.43,4,0.8,4,2,2,16,8,8,-5.33,-0.33,0.25,0.125,0.125,0.5,0.5,16,0.42105263157894735,-4.18,-0.11,38,7,0.28,-9.38,-0.38,25,401426561,2022,3
2449,North Dakota State Bison,34,0.5862068965517241,8,0.5333333333333333,26,0.6046511627906976,4,0.5714285714285714,3,0.3333333333333333,31,0.6595744680851063,47,0.23404255319148937,0.7659574468085106,20.21,0.43,14,0.2978723404255319,11,5.74,0.52,8,0.7272727272727273,36,14.47,0.4,23,0.6388888888888888,9,0.2222222222222222,0.7777777777777778,3.43,0.38,5,0.5555555555555556,2,-2.17,-1.08,0,0.0,7,5.6,0.8,5,0.7142857142857143,3,0,3,11,4,7,-10.07,-0.92,0.2727272727272727,0.0,0.2727272727272727,0.36363636363636365,0.6363636363636364,28,0.6086956521739131,3.83,0.08,46,6,0.5,6.31,0.53,12,401403985,2022,3
12,Arizona Wildcats,35,0.5384615384615384,15,0.46875,20,0.6060606060606061,4,1.0,7,0.5833333333333334,27,0.5294117647058824,51,0.47058823529411764,0.5294117647058824,11.12,0.22,14,0.27450980392156865,24,6.02,0.25,11,0.4583333333333333,27,5.1,0.19,16,0.5925925925925926,6,0.6666666666666666,0.3333333333333333,-0.4,-0.07,2,0.3333333333333333,4,-0.71,-0.18,1,0.25,2,0.32,0.16,1,0.5,8,4,4,14,8,6,3.51,0.25,0.5714285714285714,0.2857142857142857,0.2857142857142857,0.5714285714285714,0.42857142857142855,28,0.56,9.76,0.2,50,7,0.4666666666666667,4.88,0.33,15,401403985,2022,3
2184,Duquesne Dukes,35,0.43209876543209874,17,0.38636363636363635,18,0.4864864864864865,4,0.2857142857142857,7,0.4117647058823529,27,0.42857142857142855,63,0.47619047619047616,0.5238095238095238,-5.93,-0.09,12,0.19047619047619047,30,-3.06,-0.1,13,0.43333333333333335,33,-2.87,-0.09,14,0.42424242424242425,18,0.5,0.5,1.36,0.08,10,0.5555555555555556,9,0.56,0.06,4,0.4444444444444444,9,0.8,0.09,6,0.6666666666666666,8,4,4,18,14,4,-9.13,-0.51,0.4444444444444444,0.2222222222222222,0.2222222222222222,0.7777777777777778,0.2222222222222222,25,0.43103448275862066,-12.38,-0.21,58,10,0.43478260869565216,-2.68,-0.12,23,401415219,2022,3
62,Hawai'i Rainbow Warriors,22,0.4782608695652174,8,0.3333333333333333,14,0.6363636363636364,8,0.4444444444444444,4,0.4,17,0.4857142857142857,35,0.42857142857142855,0.5714285714285714,-4.19,-0.12,7,0.2,15,-7.99,-0.53,5,0.3333333333333333,20,3.8,0.19,12,0.6,,,,,,,,,,,,,,,,,,5,3,2,11,9,2,0.49,0.04,0.45454545454545453,0.2727272727272727,0.18181818181818182,0.8181818181818182,0.18181818181818182,20,0.625,1.17,0.04,32,2,0.14285714285714285,-4.87,-0.35,14,401415219,2022,3
189,Bowling Green Falcons,20,0.32786885245901637,15,0.39473684210526316,5,0.21739130434782608,3,0.6,6,0.4,14,0.30434782608695654,46,0.5869565217391305,0.41304347826086957,-5.05,-0.11,7,0.15217391304347827,27,-1.79,-0.07,9,0.3333333333333333,19,-3.27,-0.17,5,0.2631578947368421,10,0.6,0.4,-2.31,-0.23,2,0.2,6,-1.43,-0.24,1,0.16666666666666666,4,-0.88,-0.22,1,0.25,6,6,0,15,11,4,10.3,0.69,0.4,0.4,0.0,0.7333333333333333,0.26666666666666666,13,0.3611111111111111,0.95,0.03,36,7,0.28,4.3,0.17,25,401416642,2022,12
2649,Toledo Rockets,37,0.44047619047619047,17,0.3953488372093023,20,0.4878048780487805,11,0.4782608695652174,6,0.35294117647058826,27,0.42857142857142855,63,0.47619047619047616,0.5238095238095238,-12.68,-0.2,13,0.20634920634920634,30,-7.16,-0.24,12,0.4,33,-5.52,-0.17,15,0.45454545454545453,10,0.6,0.4,2.08,0.21,4,0.4,6,2.48,0.41,2,0.3333333333333333,4,-0.4,-0.1,2,0.5,10,5,5,21,13,8,14.76,0.7,0.47619047619047616,0.23809523809523808,0.23809523809523808,0.6190476190476191,0.38095238095238093,26,0.4727272727272727,0.27,0.0,55,11,0.3793103448275862,1.81,0.06,29,401416642,2022,12
195,Ohio Bobcats,32,0.463768115942029,11,0.4230769230769231,21,0.4883720930232558,8,0.5,5,0.35714285714285715,26,0.48148148148148145,54,0.3333333333333333,0.6666666666666666,6.11,0.11,13,0.24074074074074073,18,5.03,0.28,8,0.4444444444444444,36,1.07,0.03,18,0.5,15,0.4666666666666667,0.5333333333333333,2.2,0.15,8,0.5333333333333333,7,5.44,0.78,5,0.7142857142857143,8,-3.24,-0.4,3,0.375,6,3,3,15,8,7,1.14,0.08,0.4,0.2,0.2,0.5333333333333333,0.4666666666666667,25,0.5208333333333334,4.9,0.1,48,7,0.3333333333333333,2.35,0.11,21,401416643,2022,12
2050,Ball State Cardinals,28,0.417910447761194,23,0.46938775510204084,4,0.23529411764705882,3,0.375,3,0.25,25,0.4807692307692308,52,0.6538461538461539,0.3269230769230769,-0.33,-0.01,14,0.2692307692307692,34,9.89,0.29,20,0.5882352941176471,17,-10.28,-0.6,4,0.23529411764705882,10,0.5,0.5,0.01,0.0,7,0.7,5,3.03,0.61,5,1.0,5,-3.03,-0.61,2,0.4,3,3,0,15,15,0,-11.85,-0.79,0.2,0.2,0.0,1.0,0.0,20,0.45454545454545453,-14.16,-0.32,44,8,0.34782608695652173,1.98,0.09,23,401416643,2022,12
2199,Eastern Michigan Eagles,40,0.4819277108433735,21,0.5384615384615384,19,0.4318181818181818,8,0.4444444444444444,6,0.375,31,0.49206349206349204,63,0.42857142857142855,0.5714285714285714,16.14,0.26,12,0.19047619047619047,27,19.94,0.74,16,0.5925925925925926,36,-3.8,-0.11,15,0.4166666666666667,12,0.5,0.5,2.96,0.25,7,0.5833333333333334,6,1.32,0.22,3,0.5,6,1.64,0.27,4,0.6666666666666666,9,5,4,20,12,8,-2.57,-0.13,0.45,0.25,0.2,0.6,0.4,30,0.4918032786885246,5.21,0.09,61,10,0.45454545454545453,8.36,0.38,22,401416644,2022,12
2309,Kent State Golden Flashes,25,0.3968253968253968,13,0.3939393939393939,12,0.4,5,0.5555555555555556,5,0.3333333333333333,19,0.40425531914893614,47,0.48936170212765956,0.5106382978723404,4.67,0.1,10,0.2127659574468085,23,6.8,0.3,10,0.43478260869565216,24,-2.13,-0.09,9,0.375,6,0.5,0.5,-4.81,-0.8,0,0.0,3,-2.09,-0.7,0,0.0,3,-2.72,-0.91,0,0.0,6,3,3,16,10,6,3.14,0.2,0.375,0.1875,0.1875,0.625,0.375,15,0.4166666666666667,0.17,0.0,36,10,0.37037037037037035,7.63,0.28,27,401416644,2022,12
193,Miami (OH) RedHawks,28,0.4117647058823529,10,0.38461538461538464,18,0.42857142857142855,4,0.4444444444444444,8,0.47058823529411764,20,0.39215686274509803,51,0.2549019607843137,0.7450980392156863,0.07,0.0,9,0.17647058823529413,13,0.43,0.03,5,0.38461538461538464,38,-0.36,-0.01,15,0.39473684210526316,8,0.375,0.625,1.12,0.14,4,0.5,3,-3.56,-1.19,0,0.0,5,4.68,0.94,4,0.8,8,5,3,17,13,4,6.98,0.41,0.47058823529411764,0.29411764705882354,0.17647058823529413,0.7647058823529411,0.23529411764705882,19,0.475,7.33,0.18,40,9,0.32142857142857145,-0.28,-0.01,28,401416646,2022,12
2459,Northern Illinois Huskies,16,0.3076923076923077,10,0.45454545454545453,6,0.20689655172413793,2,0.4,0,0.0,15,0.35714285714285715,42,0.38095238095238093,0.5952380952380952,10.02,0.24,8,0.19047619047619047,16,7.09,0.44,9,0.5625,25,4.8,0.19,6,0.24,10,0.5,0.5,4.62,0.46,4,0.4,5,6.63,1.33,3,0.6,5,-2.01,-0.4,1,0.2,1,1,0,10,6,4,-7.96,-0.8,0.1,0.1,0.0,0.6,0.4,15,0.39473684210526316,14.79,0.39,38,1,0.07142857142857142,-12.73,-0.91,14,401416646,2022,12
2117,Central Michigan Chippewas,9,0.28125,4,0.4,5,0.23809523809523808,,,3,0.2727272727272727,6,0.2857142857142857,21,0.19047619047619047,0.8095238095238095,-5.38,-0.26,1,0.047619047619047616,4,-1.56,-0.39,2,0.5,17,-3.83,-0.23,4,0.23529411764705882,,,,,,,,,,,,,,,,,,3,2,1,11,6,4,-3.89,-0.35,0.2727272727272727,0.18181818181818182,0.09090909090909091,0.5454545454545454,0.36363636363636365,5,0.2631578947368421,-5.35,-0.28,19,4,0.3076923076923077,-3.93,-0.3,13,401416645,2022,12
2711,Western Michigan Broncos,10,0.2564102564102564,3,0.2727272727272727,7,0.25,0,0.0,2,0.2222222222222222,7,0.25,28,0.25,0.75,-7.0,-0.25,5,0.17857142857142858,7,-2.03,-0.29,3,0.42857142857142855,21,-4.98,-0.24,4,0.19047619047619047,,,,,,,,,,,,,,,,,,3,0,3,11,4,7,-1.26,-0.11,0.2727272727272727,0.0,0.2727272727272727,0.36363636363636365,0.6363636363636364,7,0.3181818181818182,-3.43,-0.16,22,3,0.17647058823529413,-4.83,-0.28,17,401416645,2022,12
2655,Tulane Green Wave,30,0.5454545454545454,6,0.4,24,0.6,9,0.5625,1,0.14285714285714285,28,0.5957446808510638,47,0.2553191489361702,0.7446808510638298,21.24,0.45,13,0.2765957446808511,12,6.16,0.51,6,0.5,35,15.09,0.43,22,0.6285714285714286,6,0.6666666666666666,0.3333333333333333,0.54,0.09,3,0.5,4,0.07,0.02,1,0.25,2,0.47,0.24,2,1.0,2,0,2,8,3,5,-2.03,-0.25,0.25,0.0,0.25,0.375,0.625,28,0.6511627906976745,24.28,0.56,43,2,0.16666666666666666,-5.07,-0.42,12,401415658,2022,12
2567,SMU Mustangs,50,0.5208333333333334,29,0.5272727272727272,21,0.5121951219512195,7,0.5384615384615384,8,0.42105263157894735,41,0.5694444444444444,72,0.5416666666666666,0.4583333333333333,10.85,0.15,20,0.2777777777777778,39,8.32,0.21,23,0.5897435897435898,33,2.53,0.08,18,0.5454545454545454,20,0.6,0.4,4.46,0.22,12,0.6,12,5.99,0.5,8,0.6666666666666666,8,-1.53,-0.19,4,0.5,9,6,3,24,16,8,-7.57,-0.32,0.375,0.25,0.125,0.6666666666666666,0.3333333333333333,42,0.5675675675675675,3.87,0.05,74,8,0.36363636363636365,-0.59,-0.03,22,401415658,2022,12
202,Tulsa Golden Hurricane,41,0.5694444444444444,15,0.5555555555555556,26,0.5777777777777777,11,0.5789473684210527,7,0.5833333333333334,34,0.576271186440678,59,0.3559322033898305,0.6440677966101694,26.07,0.44,16,0.2711864406779661,21,11.67,0.56,11,0.5238095238095238,38,14.4,0.38,23,0.6052631578947368,18,0.6111111111111112,0.3888888888888889,14.7,0.82,13,0.7222222222222222,11,9.65,0.88,8,0.7272727272727273,7,5.06,0.72,5,0.7142857142857143,7,4,3,13,6,7,4.32,0.33,0.5384615384615384,0.3076923076923077,0.23076923076923078,0.46153846153846156,0.5384615384615384,34,0.576271186440678,19.81,0.34,59,7,0.5384615384615384,10.58,0.81,13,401415659,2022,12
58,South Florida Bulls,32,0.48484848484848486,15,0.5769230769230769,17,0.425,4,0.4444444444444444,5,0.5,27,0.5094339622641509,53,0.37735849056603776,0.6226415094339622,22.49,0.42,14,0.2641509433962264,20,15.35,0.77,13,0.65,33,7.13,0.22,14,0.42424242424242425,9,0.5555555555555556,0.4444444444444444,6.67,0.74,7,0.7777777777777778,5,5.81,1.16,4,0.8,4,0.86,0.22,3,0.75,5,2,3,13,6,7,-8.1,-0.62,0.38461538461538464,0.15384615384615385,0.23076923076923078,0.46153846153846156,0.5384615384615384,26,0.5531914893617021,17.33,0.37,47,6,0.3157894736842105,-2.94,-0.15,19,401415659,2022,12
167,New Mexico Lobos,14,0.30434782608695654,8,0.36363636363636365,6,0.25,1,0.5,0,0.0,14,0.4117647058823529,34,0.4411764705882353,0.5588235294117647,1.39,0.04,8,0.23529411764705882,15,1.54,0.1,8,0.5333333333333333,19,-0.15,-0.01,6,0.3157894736842105,12,0.75,0.25,-2.41,-0.2,4,0.3333333333333333,9,1.14,0.13,4,0.4444444444444444,3,-3.55,-1.18,0,0.0,0,0,0,12,7,5,-15.78,-1.31,0.0,0.0,0.0,0.5833333333333334,0.4166666666666667,12,0.41379310344827586,-1.15,-0.04,29,2,0.11764705882352941,-13.24,-0.78,17,401415264,2022,12
21,San Diego State Aztecs,27,0.42857142857142855,12,0.4444444444444444,15,0.4166666666666667,2,0.4,7,0.5,19,0.40425531914893614,47,0.3829787234042553,0.6170212765957447,0.5,0.01,9,0.19148936170212766,18,6.25,0.35,9,0.5,29,-5.75,-0.2,10,0.3448275862068966,8,0.5,0.5,8.35,1.04,4,0.5,4,4.96,1.24,2,0.5,4,3.39,0.85,2,0.5,8,3,5,16,9,7,9.86,0.62,0.5,0.1875,0.3125,0.5625,0.4375,18,0.45,3.35,0.08,40,9,0.391304347826087,7.01,0.3,23,401415264,2022,12
61,Georgia Bulldogs,33,0.5076923076923077,11,0.5789473684210527,22,0.4782608695652174,3,0.23076923076923078,7,0.5833333333333334,26,0.5,52,0.2692307692307692,0.7307692307692307,5.91,0.11,13,0.25,14,0.81,0.06,7,0.5,38,5.09,0.13,19,0.5,16,0.625,0.375,1.57,0.1,9,0.5625,10,-1.7,-0.17,5,0.5,6,3.27,0.54,4,0.6666666666666666,7,4,3,13,5,8,1.2,0.09,0.5384615384615384,0.3076923076923077,0.23076923076923078,0.38461538461538464,0.6153846153846154,24,0.4897959183673469,-2.29,-0.05,49,9,0.5625,9.39,0.59,16,401403949,2022,12
96,Kentucky Wildcats,19,0.3392857142857143,11,0.34375,8,0.3333333333333333,1,0.1111111111111111,3,0.2727272727272727,15,0.35714285714285715,42,0.5,0.5,1.79,0.04,11,0.2619047619047619,21,3.43,0.16,8,0.38095238095238093,21,-1.64,-0.08,7,0.3333333333333333,5,0.4,0.6,-3.32,-0.66,0,0.0,2,-2.28,-1.14,0,0.0,3,-1.05,-0.35,0,0.0,4,3,1,14,11,3,-8.04,-0.57,0.2857142857142857,0.21428571428571427,0.07142857142857142,0.7857142857142857,0.21428571428571427,12,0.3157894736842105,-5.65,-0.15,38,7,0.3888888888888889,-0.59,-0.03,18,401403949,2022,12
120,Maryland Terrapins,32,0.47058823529411764,22,0.5238095238095238,10,0.38461538461538464,8,0.4444444444444444,6,0.42857142857142855,25,0.4716981132075472,53,0.5849056603773585,0.41509433962264153,13.79,0.26,14,0.2641509433962264,31,10.87,0.35,16,0.5161290322580645,22,2.93,0.13,9,0.4090909090909091,14,0.7857142857142857,0.21428571428571427,-1.44,-0.1,8,0.5714285714285714,11,-2.7,-0.25,5,0.45454545454545453,3,1.26,0.42,3,1.0,7,6,1,15,11,4,1.6,0.11,0.4666666666666667,0.4,0.06666666666666667,0.7333333333333333,0.26666666666666666,21,0.42857142857142855,0.85,0.02,49,11,0.5789473684210527,14.54,0.77,19,401405144,2022,12
194,Ohio State Buckeyes,33,0.44594594594594594,17,0.5483870967741935,16,0.38095238095238093,5,0.4166666666666667,9,0.6,24,0.41379310344827586,58,0.3448275862068966,0.6379310344827587,-1.76,-0.03,11,0.1896551724137931,20,7.76,0.39,11,0.55,37,-2.2,-0.06,13,0.35135135135135137,8,0.375,0.625,1.29,0.16,4,0.5,3,0.39,0.13,2,0.6666666666666666,5,0.9,0.18,2,0.4,9,6,3,16,11,5,5.18,0.32,0.5625,0.375,0.1875,0.6875,0.3125,24,0.47058823529411764,-4.49,-0.09,51,9,0.391304347826087,7.91,0.34,23,401405144,2022,12
130,Michigan Wolverines,25,0.33783783783783783,14,0.4117647058823529,11,0.275,3,0.3,8,0.42105263157894735,14,0.27450980392156865,51,0.45098039215686275,0.5490196078431373,-10.9,-0.21,8,0.1568627450980392,23,-1.82,-0.08,8,0.34782608695652173,28,-9.08,-0.32,6,0.21428571428571427,14,0.42857142857142855,0.5714285714285714,-2.17,-0.16,5,0.35714285714285715,6,0.4,0.07,2,0.3333333333333333,8,-2.57,-0.32,3,0.375,11,6,5,23,11,12,6.4,0.28,0.4782608695652174,0.2608695652173913,0.21739130434782608,0.4782608695652174,0.5217391304347826,17,0.37777777777777777,3.73,0.08,45,8,0.27586206896551724,-8.22,-0.28,29,401405145,2022,12
356,Illinois Fighting Illini,29,0.453125,17,0.5666666666666667,12,0.35294117647058826,4,0.5714285714285714,6,0.46153846153846156,23,0.46938775510204084,49,0.42857142857142855,0.5714285714285714,6.55,0.13,14,0.2857142857142857,21,7.0,0.33,13,0.6190476190476191,28,-0.45,-0.02,10,0.35714285714285715,9,0.4444444444444444,0.5555555555555556,-1.93,-0.21,4,0.4444444444444444,4,-0.01,-0.0,3,0.75,5,-1.92,-0.38,1,0.2,6,4,2,15,9,6,-8.35,-0.56,0.4,0.26666666666666666,0.13333333333333333,0.6,0.4,22,0.5,5.56,0.13,44,7,0.35,-7.36,-0.37,20,401405145,2022,12
2628,TCU Horned Frogs,31,0.5,19,0.5277777777777778,12,0.46153846153846156,6,0.6,4,0.4,27,0.5192307692307693,52,0.5769230769230769,0.4230769230769231,17.49,0.34,14,0.2692307692307692,30,15.94,0.53,18,0.6,22,1.55,0.07,9,0.4090909090909091,13,0.6153846153846154,0.38461538461538464,-2.92,-0.22,5,0.38461538461538464,8,-2.21,-0.28,3,0.375,5,-0.71,-0.14,2,0.4,4,1,3,10,6,4,-1.44,-0.14,0.4,0.1,0.3,0.6,0.4,25,0.5681818181818182,16.28,0.37,44,6,0.3333333333333333,-0.24,-0.01,18,401404114,2022,12
239,Baylor Bears,41,0.5394736842105263,17,0.5483870967741935,24,0.5333333333333333,9,0.6,7,0.5,32,0.5423728813559322,59,0.3728813559322034,0.6271186440677966,3.22,0.05,16,0.2711864406779661,22,-2.12,-0.1,11,0.5,37,5.34,0.14,21,0.5675675675675675,15,0.8,0.2,-1.98,-0.13,9,0.6,12,2.74,0.23,8,0.6666666666666666,3,-4.72,-1.57,1,0.3333333333333333,9,6,3,17,9,8,14.66,0.86,0.5294117647058824,0.35294117647058826,0.17647058823529413,0.5294117647058824,0.47058823529411764,35,0.625,6.92,0.12,56,6,0.3,10.96,0.55,20,401404114,2022,12
2579,South Carolina Gamecocks,46,0.6133333333333333,27,0.6923076923076923,19,0.5277777777777778,16,0.6956521739130435,9,0.8181818181818182,35,0.5645161290322581,62,0.5161290322580645,0.4838709677419355,20.54,0.33,18,0.2903225806451613,32,18.56,0.58,20,0.625,30,1.98,0.07,15,0.5,10,0.5,0.5,2.7,0.27,3,0.3,5,3.47,0.69,2,0.4,5,-0.78,-0.16,1,0.2,11,7,4,13,7,6,23.66,1.82,0.8461538461538461,0.5384615384615384,0.3076923076923077,0.5384615384615384,0.46153846153846156,31,0.5849056603773585,17.75,0.33,53,15,0.6818181818181818,26.45,1.2,22,401403953,2022,12
2633,Tennessee Volunteers,41,0.5256410256410257,27,0.5294117647058824,14,0.5185185185185185,5,0.3125,6,0.5,33,0.5238095238095238,63,0.6507936507936508,0.3492063492063492,17.18,0.27,18,0.2857142857142857,41,14.61,0.36,22,0.5365853658536586,22,2.57,0.12,11,0.5,17,0.7058823529411765,0.29411764705882354,6.44,0.38,11,0.6470588235294118,12,5.71,0.48,8,0.6666666666666666,5,0.73,0.15,3,0.6,8,5,3,15,10,5,8.25,0.55,0.5333333333333333,0.3333333333333333,0.2,0.6666666666666666,0.3333333333333333,31,0.5254237288135594,11.8,0.2,59,10,0.5263157894736842,13.62,0.72,19,401403953,2022,12
5,UAB Blazers,18,0.3157894736842105,12,0.3333333333333333,6,0.2857142857142857,2,0.2222222222222222,4,0.2857142857142857,14,0.35,40,0.575,0.425,1.62,0.04,6,0.15,23,4.77,0.21,10,0.43478260869565216,17,-3.15,-0.19,4,0.23529411764705882,8,0.875,0.125,-5.24,-0.66,1,0.125,7,-4.99,-0.71,1,0.14285714285714285,1,-0.25,-0.25,0,0.0,4,2,2,17,13,4,-10.5,-0.62,0.23529411764705882,0.11764705882352941,0.11764705882352941,0.7647058823529411,0.23529411764705882,12,0.375,-0.2,-0.01,32,6,0.24,-8.68,-0.35,25,401426612,2022,12
99,LSU Tigers,42,0.6,18,0.5625,24,0.631578947368421,11,0.6111111111111112,11,0.8461538461538461,31,0.5535714285714286,56,0.4642857142857143,0.5357142857142857,7.2,0.13,17,0.30357142857142855,26,6.68,0.26,14,0.5384615384615384,30,0.53,0.02,17,0.5666666666666667,10,0.5,0.5,1.93,0.19,5,0.5,5,0.61,0.12,3,0.6,5,1.31,0.26,2,0.4,11,4,7,14,6,8,12.89,0.92,0.7857142857142857,0.2857142857142857,0.5,0.42857142857142855,0.5714285714285714,34,0.5964912280701754,13.02,0.23,57,8,0.6153846153846154,7.08,0.54,13,401426612,2022,12
26,UCLA Bruins,42,0.56,19,0.48717948717948717,23,0.6388888888888888,12,0.8571428571428571,7,0.5384615384615384,34,0.5573770491803278,61,0.47540983606557374,0.5245901639344263,19.2,0.31,16,0.26229508196721313,29,10.1,0.35,14,0.4827586206896552,32,9.1,0.28,20,0.625,19,0.5789473684210527,0.42105263157894735,-2.27,-0.12,10,0.5263157894736842,11,-1.77,-0.16,5,0.45454545454545453,8,-0.5,-0.06,5,0.625,8,5,3,14,10,4,2.09,0.15,0.5714285714285714,0.35714285714285715,0.21428571428571427,0.7142857142857143,0.2857142857142857,35,0.6363636363636364,25.94,0.47,55,7,0.35,-4.66,-0.23,20,401404044,2022,12
30,USC Trojans,49,0.620253164556962,28,0.6222222222222222,21,0.6176470588235294,9,0.5,4,0.4444444444444444,45,0.6521739130434783,69,0.5362318840579711,0.463768115942029,34.72,0.5,22,0.3188405797101449,37,21.9,0.59,25,0.6756756756756757,32,12.81,0.4,20,0.625,12,0.75,0.25,7.81,0.65,8,0.6666666666666666,9,4.19,0.47,5,0.5555555555555556,3,3.62,1.21,3,1.0,4,3,1,10,8,2,-2.37,-0.24,0.4,0.3,0.1,0.8,0.2,41,0.6721311475409836,26.41,0.43,61,8,0.4444444444444444,5.93,0.33,18,401404044,2022,12
2046,Austin Peay Governors,20,0.3448275862068966,12,0.36363636363636365,8,0.32,2,0.25,3,0.23076923076923078,17,0.3953488372093023,43,0.5348837209302325,0.46511627906976744,-10.24,-0.24,8,0.18604651162790697,23,-5.27,-0.23,10,0.43478260869565216,20,-4.97,-0.25,7,0.35,13,0.38461538461538464,0.6153846153846154,-3.22,-0.25,4,0.3076923076923077,5,-0.93,-0.19,2,0.4,8,-2.29,-0.29,2,0.25,3,2,1,15,10,5,-13.01,-0.87,0.2,0.13333333333333333,0.06666666666666667,0.6666666666666666,0.3333333333333333,15,0.36585365853658536,-21.32,-0.52,41,5,0.29411764705882354,-1.93,-0.11,17,401403946,2022,12
333,Alabama Crimson Tide,42,0.56,17,0.5151515151515151,25,0.5952380952380952,11,0.55,6,0.5,33,0.55,60,0.4,0.6,11.23,0.19,19,0.31666666666666665,24,-1.32,-0.06,13,0.5416666666666666,36,12.55,0.35,20,0.5555555555555556,8,0.625,0.375,-5.16,-0.64,1,0.125,5,-3.92,-0.78,1,0.2,3,-1.24,-0.41,0,0.0,9,4,5,15,9,6,8.75,0.58,0.6,0.26666666666666666,0.3333333333333333,0.6,0.4,35,0.5932203389830508,15.7,0.27,59,7,0.4375,4.28,0.27,16,401403946,2022,12
228,Clemson Tigers,45,0.5357142857142857,20,0.5128205128205128,25,0.5555555555555556,13,0.5909090909090909,14,0.7368421052631579,31,0.47692307692307695,65,0.4307692307692308,0.5692307692307692,-4.42,-0.07,11,0.16923076923076924,28,-7.38,-0.26,13,0.4642857142857143,37,2.96,0.08,18,0.4864864864864865,13,0.5384615384615384,0.46153846153846156,2.59,0.2,7,0.5384615384615384,7,-0.89,-0.13,3,0.42857142857142855,6,3.48,0.58,4,0.6666666666666666,14,7,7,19,11,8,12.67,0.67,0.7368421052631579,0.3684210526315789,0.3684210526315789,0.5789473684210527,0.42105263157894735,33,0.5238095238095238,5.2,0.08,63,12,0.5714285714285714,3.05,0.15,21,401411165,2022,12
2390,Miami Hurricanes,12,0.2857142857142857,7,0.30434782608695654,5,0.2631578947368421,2,0.5,3,0.2727272727272727,9,0.3,30,0.5333333333333333,0.4666666666666667,-11.49,-0.38,2,0.06666666666666667,16,-11.58,-0.72,5,0.3125,14,0.09,0.01,4,0.2857142857142857,5,0.2,0.8,-0.94,-0.19,2,0.4,1,1.98,1.98,1,1.0,4,-2.92,-0.73,1,0.25,3,2,1,12,7,5,-9.15,-0.76,0.25,0.16666666666666666,0.08333333333333333,0.5833333333333334,0.4166666666666667,11,0.39285714285714285,-10.72,-0.38,28,1,0.07142857142857142,-9.92,-0.71,14,401411165,2022,12
2483,Oregon Ducks,24,0.39344262295081966,15,0.39473684210526316,9,0.391304347826087,3,0.5,7,0.4666666666666667,16,0.35555555555555557,45,0.5111111111111111,0.4888888888888889,-7.49,-0.17,8,0.17777777777777778,23,-5.14,-0.22,8,0.34782608695652173,22,-2.35,-0.11,8,0.36363636363636365,11,0.6363636363636364,0.36363636363636365,-0.98,-0.09,5,0.45454545454545453,7,0.75,0.11,4,0.5714285714285714,4,-1.73,-0.43,1,0.25,8,7,1,16,15,1,7.37,0.46,0.5,0.4375,0.0625,0.9375,0.0625,16,0.42105263157894735,0.58,0.02,38,8,0.34782608695652173,-0.7,-0.03,23,401404043,2022,12
254,Utah Utes,39,0.5342465753424658,17,0.4473684210526316,22,0.6285714285714286,4,0.4444444444444444,8,0.5333333333333333,30,0.5555555555555556,54,0.5185185185185185,0.48148148148148145,-8.52,-0.16,11,0.2037037037037037,28,-13.58,-0.49,13,0.4642857142857143,26,5.07,0.19,17,0.6538461538461539,10,0.6,0.4,-10.0,-1.0,4,0.4,6,-8.61,-1.43,2,0.3333333333333333,4,-1.39,-0.35,2,0.5,9,4,5,19,10,9,-1.57,-0.08,0.47368421052631576,0.21052631578947367,0.2631578947368421,0.5263157894736842,0.47368421052631576,32,0.5818181818181818,-10.84,-0.2,55,7,0.3888888888888889,0.75,0.04,18,401404043,2022,12
153,North Carolina Tar Heels,26,0.4126984126984127,11,0.3055555555555556,15,0.5555555555555556,6,0.3333333333333333,5,0.35714285714285715,19,0.4222222222222222,45,0.5555555555555556,0.4444444444444444,-1.22,-0.03,9,0.2,25,-7.96,-0.32,8,0.32,20,6.75,0.34,11,0.55,10,0.7,0.3,-3.65,-0.36,4,0.4,7,-2.89,-0.41,2,0.2857142857142857,3,-0.76,-0.25,2,0.6666666666666666,7,3,4,18,11,7,-3.91,-0.22,0.3888888888888889,0.16666666666666666,0.2222222222222222,0.6111111111111112,0.3888888888888889,17,0.4594594594594595,2.19,0.06,37,9,0.34615384615384615,-7.32,-0.28,26,401411168,2022,12
59,Georgia Tech Yellow Jackets,33,0.4782608695652174,14,0.6086956521739131,19,0.41304347826086957,7,0.7,8,0.5333333333333333,25,0.46296296296296297,54,0.2777777777777778,0.7222222222222222,6.63,0.12,12,0.2222222222222222,15,7.43,0.5,10,0.6666666666666666,39,-0.8,-0.02,15,0.38461538461538464,17,0.35294117647058826,0.6470588235294118,11.94,0.7,12,0.7058823529411765,6,8.57,1.43,6,1.0,11,3.37,0.31,6,0.5454545454545454,8,4,4,15,8,7,1.99,0.13,0.5333333333333333,0.26666666666666666,0.26666666666666666,0.5333333333333333,0.4666666666666667,26,0.5777777777777777,14.14,0.31,45,7,0.2916666666666667,-5.52,-0.23,24,401411168,2022,12
8,Arkansas Razorbacks,30,0.46875,12,0.5217391304347826,18,0.43902439024390244,5,1.0,5,0.4166666666666667,25,0.4807692307692308,52,0.28846153846153844,0.7115384615384616,18.24,0.35,11,0.21153846153846154,15,8.77,0.58,9,0.6,37,9.47,0.26,16,0.43243243243243246,15,0.4,0.6,12.96,0.86,11,0.7333333333333333,6,1.65,0.28,4,0.6666666666666666,9,11.31,1.26,7,0.7777777777777778,5,3,2,12,8,4,-1.26,-0.1,0.4166666666666667,0.25,0.16666666666666666,0.6666666666666666,0.3333333333333333,20,0.4878048780487805,13.77,0.34,41,10,0.43478260869565216,3.21,0.14,23,401403947,2022,12
145,Ole Miss Rebels,42,0.4883720930232558,17,0.4722222222222222,25,0.5,8,0.5,8,0.5,33,0.4852941176470588,68,0.4117647058823529,0.5882352941176471,16.03,0.24,18,0.2647058823529412,28,9.37,0.33,16,0.5714285714285714,40,6.66,0.17,17,0.425,7,0.42857142857142855,0.5714285714285714,-4.38,-0.63,4,0.5714285714285714,3,-3.42,-1.14,2,0.6666666666666666,4,-0.96,-0.24,2,0.5,9,1,8,18,8,10,-1.74,-0.1,0.5,0.05555555555555555,0.4444444444444444,0.4444444444444444,0.5555555555555556,33,0.532258064516129,18.18,0.29,62,9,0.375,-3.89,-0.16,24,401403947,2022,12
2306,Kansas State Wildcats,31,0.4696969696969697,15,0.5555555555555556,16,0.41025641025641024,3,0.375,8,0.6153846153846154,23,0.45098039215686275,51,0.3333333333333333,0.6666666666666666,-4.18,-0.08,9,0.17647058823529413,17,-0.9,-0.05,10,0.5882352941176471,34,-3.27,-0.1,13,0.38235294117647056,8,0.75,0.25,-1.81,-0.23,2,0.25,6,-0.26,-0.04,2,0.3333333333333333,2,-1.56,-0.78,0,0.0,8,5,3,15,10,5,6.55,0.44,0.5333333333333333,0.3333333333333333,0.2,0.6666666666666666,0.3333333333333333,25,0.5102040816326531,5.19,0.11,49,6,0.35294117647058826,-2.81,-0.17,17,401404117,2022,12
277,West Virginia Mountaineers,29,0.46774193548387094,13,0.41935483870967744,16,0.5161290322580645,2,0.3333333333333333,2,0.2,25,0.5208333333333334,48,0.5,0.5,15.09,0.31,12,0.25,24,9.75,0.41,11,0.4583333333333333,24,5.34,0.22,14,0.5833333333333334,18,0.6111111111111112,0.3888888888888889,-0.46,-0.03,7,0.3888888888888889,11,0.39,0.04,4,0.36363636363636365,7,-0.85,-0.12,3,0.42857142857142855,4,2,2,14,7,7,-7.79,-0.56,0.2857142857142857,0.14285714285714285,0.14285714285714285,0.5,0.5,23,0.5348837209302325,16.97,0.39,43,6,0.3157894736842105,-9.66,-0.51,19,401404117,2022,12
38,Colorado Buffaloes,15,0.2777777777777778,4,0.17391304347826086,11,0.3548387096774194,,,3,0.2727272727272727,12,0.3076923076923077,39,0.358974358974359,0.6410256410256411,-1.7,-0.04,6,0.15384615384615385,14,1.12,0.08,3,0.21428571428571427,25,-2.82,-0.11,9,0.36,7,0.42857142857142855,0.5714285714285714,-4.5,-0.64,0,0.0,3,-2.22,-0.74,0,0.0,4,-2.28,-0.57,0,0.0,3,1,2,15,9,6,-9.3,-0.62,0.2,0.06666666666666667,0.13333333333333333,0.6,0.4,12,0.3870967741935484,-3.31,-0.11,31,3,0.13043478260869565,-7.69,-0.33,23,401404042,2022,12
264,Washington Huskies,45,0.5769230769230769,20,0.5405405405405406,25,0.6097560975609756,12,0.6,6,0.5454545454545454,37,0.578125,64,0.5,0.5,22.77,0.36,18,0.28125,32,11.71,0.37,17,0.53125,32,11.06,0.35,20,0.625,15,0.6,0.4,4.14,0.28,7,0.4666666666666667,9,1.8,0.2,4,0.4444444444444444,6,2.34,0.39,3,0.5,8,3,5,14,5,9,7.0,0.5,0.5714285714285714,0.21428571428571427,0.35714285714285715,0.35714285714285715,0.6428571428571429,33,0.559322033898305,14.9,0.25,59,12,0.631578947368421,14.87,0.78,19,401404042,2022,12
87,Notre Dame Fighting Irish,30,0.47619047619047616,10,0.4,20,0.5263157894736842,12,0.6,8,0.6153846153846154,22,0.4489795918367347,49,0.40816326530612246,0.5918367346938775,11.3,0.23,13,0.2653061224489796,20,-1.98,-0.1,7,0.35,29,13.28,0.46,15,0.5172413793103449,8,0.25,0.75,8.07,1.01,5,0.625,2,1.21,0.6,1,0.5,6,6.87,1.14,4,0.6666666666666666,8,3,5,14,5,9,6.73,0.48,0.5714285714285714,0.21428571428571427,0.35714285714285715,0.35714285714285715,0.6428571428571429,21,0.4772727272727273,8.32,0.19,44,9,0.47368421052631576,9.72,0.51,19,401404132,2022,12
103,Boston College Eagles,20,0.3508771929824561,9,0.34615384615384615,11,0.3548387096774194,0,0.0,6,0.42857142857142855,13,0.3170731707317073,41,0.3902439024390244,0.6097560975609756,-15.31,-0.37,2,0.04878048780487805,16,-12.47,-0.78,5,0.3125,25,-2.85,-0.11,8,0.32,10,0.6,0.4,-7.44,-0.74,3,0.3,6,-6.91,-1.15,1,0.16666666666666666,4,-0.53,-0.13,2,0.5,7,4,3,16,10,6,-3.35,-0.21,0.4375,0.25,0.1875,0.625,0.375,15,0.35714285714285715,-15.96,-0.38,42,5,0.3333333333333333,-2.71,-0.18,15,401404132,2022,12
52,Florida State Seminoles,35,0.5303030303030303,10,0.47619047619047616,25,0.5555555555555556,8,0.5,11,0.7333333333333333,24,0.48,50,0.28,0.72,5.05,0.1,9,0.18,14,4.56,0.33,7,0.5,36,0.5,0.01,17,0.4722222222222222,4,0.5,0.5,4.09,1.02,3,0.75,2,3.54,1.77,2,1.0,2,0.55,0.27,1,0.5,11,3,8,16,7,9,13.78,0.86,0.6875,0.1875,0.5,0.4375,0.5625,26,0.5416666666666666,12.6,0.26,48,9,0.5,6.23,0.35,18,401411166,2022,12
309,Louisiana Ragin' Cajuns,29,0.4142857142857143,12,0.3,17,0.5666666666666667,3,0.3333333333333333,4,0.2857142857142857,23,0.4423076923076923,52,0.5,0.5,0.9,0.02,11,0.21153846153846154,26,-0.58,-0.02,8,0.3076923076923077,26,1.48,0.06,15,0.5769230769230769,18,0.5555555555555556,0.4444444444444444,2.48,0.14,9,0.5,10,-0.49,-0.05,3,0.3,8,2.97,0.37,6,0.75,6,4,2,18,14,4,-3.66,-0.2,0.3333333333333333,0.2222222222222222,0.1111111111111111,0.7777777777777778,0.2222222222222222,24,0.47058823529411764,-2.73,-0.05,51,5,0.2631578947368421,-0.04,-0.0,19,401411166,2022,12
2426,Navy Midshipmen,23,0.3709677419354839,0,0.0,23,0.3898305084745763,3,0.5,5,0.3125,14,0.3333333333333333,42,0.023809523809523808,0.9761904761904762,-3.68,-0.09,6,0.14285714285714285,1,-1.6,-1.6,0,0.0,41,-2.08,-0.05,14,0.34146341463414637,10,0.0,1.0,2.42,0.24,4,0.4,,,,,,10,2.42,0.24,4,0.4,9,0,9,20,2,18,2.86,0.14,0.45,0.0,0.45,0.1,0.9,19,0.4523809523809524,8.23,0.2,42,4,0.2,-9.06,-0.45,20,401415661,2022,12
2116,UCF Knights,26,0.45614035087719296,15,0.39473684210526316,11,0.5789473684210527,3,0.3,5,0.4166666666666667,20,0.46511627906976744,43,0.6046511627906976,0.3953488372093023,7.53,0.18,9,0.20930232558139536,26,3.19,0.12,10,0.38461538461538464,17,4.34,0.26,10,0.5882352941176471,15,0.8666666666666667,0.13333333333333333,7.99,0.53,7,0.4666666666666667,13,7.62,0.59,6,0.46153846153846156,2,0.37,0.18,1,0.5,6,5,1,14,12,2,-3.36,-0.24,0.42857142857142855,0.35714285714285715,0.07142857142857142,0.8571428571428571,0.14285714285714285,18,0.47368421052631576,-0.1,-0.0,38,8,0.42105263157894735,4.28,0.23,19,401415661,2022,12
201,Oklahoma Sooners,26,0.3561643835616438,14,0.34146341463414637,12,0.375,3,0.75,1,0.07142857142857142,25,0.43103448275862066,58,0.5,0.5,7.43,0.13,13,0.22413793103448276,29,6.9,0.24,14,0.4827586206896552,29,0.53,0.02,11,0.3793103448275862,16,0.6875,0.3125,-3.39,-0.21,5,0.3125,11,-4.56,-0.41,3,0.2727272727272727,5,1.17,0.23,2,0.4,1,0,1,15,12,3,-18.52,-1.23,0.06666666666666667,0.0,0.06666666666666667,0.8,0.2,22,0.4489795918367347,2.24,0.05,49,4,0.16666666666666666,-13.32,-0.56,24,401404118,2022,12
197,Oklahoma State Cowboys,41,0.40594059405940597,26,0.3561643835616438,15,0.5357142857142857,2,0.18181818181818182,8,0.38095238095238093,33,0.4230769230769231,78,0.6794871794871795,0.32051282051282054,-8.15,-0.1,19,0.24358974358974358,53,-8.5,-0.16,20,0.37735849056603776,25,0.36,0.01,13,0.52,10,0.6,0.4,1.79,0.18,4,0.4,6,2.69,0.45,2,0.3333333333333333,4,-0.9,-0.23,2,0.5,8,6,2,23,20,3,-11.49,-0.5,0.34782608695652173,0.2608695652173913,0.08695652173913043,0.8695652173913043,0.13043478260869565,26,0.41935483870967744,-14.07,-0.23,62,15,0.38461538461538464,-5.58,-0.14,39,401404118,2022,12
204,Oregon State Beavers,38,0.5757575757575758,15,0.5769230769230769,23,0.575,7,0.4666666666666667,5,0.45454545454545453,32,0.5925925925925926,54,0.35185185185185186,0.6481481481481481,14.51,0.27,19,0.35185185185185186,19,8.8,0.46,12,0.631578947368421,35,5.71,0.16,20,0.5714285714285714,14,0.5,0.5,8.93,0.64,12,0.8571428571428571,7,6.81,0.97,6,0.8571428571428571,7,2.12,0.3,6,0.8571428571428571,6,3,3,12,7,5,4.13,0.34,0.5,0.25,0.25,0.5833333333333334,0.4166666666666667,32,0.6274509803921569,16.92,0.33,51,6,0.4,1.72,0.11,15,401404040,2022,12
9,Arizona State Sun Devils,21,0.3684210526315789,5,0.15151515151515152,16,0.6666666666666666,2,0.4,5,0.35714285714285715,14,0.358974358974359,39,0.48717948717948717,0.5128205128205128,-0.53,-0.01,5,0.1282051282051282,19,-8.75,-0.46,1,0.05263157894736842,20,8.22,0.41,13,0.65,6,0.8333333333333334,0.16666666666666666,0.93,0.16,2,0.3333333333333333,5,-1.64,-0.33,1,0.2,1,2.57,2.57,1,1.0,7,4,3,18,14,4,3.1,0.17,0.3888888888888889,0.2222222222222222,0.16666666666666666,0.7777777777777778,0.2222222222222222,16,0.5,7.74,0.24,32,5,0.2,-5.17,-0.21,25,401404040,2022,12
152,NC State Wolfpack,26,0.36619718309859156,15,0.32608695652173914,11,0.44,0,0.0,7,0.4117647058823529,19,0.37254901960784315,51,0.6078431372549019,0.39215686274509803,-6.84,-0.13,9,0.17647058823529413,31,-5.44,-0.18,10,0.3225806451612903,20,-1.41,-0.07,9,0.45,7,0.8571428571428571,0.14285714285714285,-3.27,-0.47,2,0.2857142857142857,6,-2.22,-0.37,2,0.3333333333333333,1,-1.05,-1.05,0,0.0,7,5,2,20,15,5,-10.52,-0.53,0.35,0.25,0.1,0.75,0.25,20,0.43478260869565216,-3.29,-0.07,46,6,0.24,-14.08,-0.56,25,401411167,2022,12
97,Louisville Cardinals,24,0.38095238095238093,10,0.38461538461538464,14,0.3783783783783784,2,0.15384615384615385,8,0.5,16,0.34782608695652173,46,0.41304347826086957,0.5869565217391305,-2.63,-0.06,8,0.17391304347826086,19,-1.72,-0.09,6,0.3157894736842105,27,-0.91,-0.03,10,0.37037037037037035,15,0.6666666666666666,0.3333333333333333,3.56,0.24,8,0.5333333333333333,10,2.51,0.25,5,0.5,5,1.06,0.21,3,0.6,8,4,4,17,7,10,-1.28,-0.08,0.47058823529411764,0.23529411764705882,0.23529411764705882,0.4117647058823529,0.5882352941176471,14,0.358974358974359,2.59,0.07,39,10,0.4166666666666667,-6.5,-0.27,24,401411167,2022,12
2132,Cincinnati Bearcats,30,0.39473684210526316,16,0.41025641025641024,14,0.3783783783783784,6,0.3157894736842105,7,0.4375,22,0.3793103448275862,58,0.5344827586206896,0.46551724137931033,-2.14,-0.04,12,0.20689655172413793,31,2.13,0.07,13,0.41935483870967744,27,-4.27,-0.16,9,0.3333333333333333,14,0.5,0.5,-2.11,-0.15,6,0.42857142857142855,7,-0.41,-0.06,3,0.42857142857142855,7,-1.7,-0.24,3,0.42857142857142855,8,3,5,18,8,10,1.35,0.08,0.4444444444444444,0.16666666666666666,0.2777777777777778,0.4444444444444444,0.5555555555555556,21,0.4375,-1.96,-0.04,48,9,0.32142857142857145,1.17,0.04,28,401415663,2022,12
218,Temple Owls,18,0.33962264150943394,13,0.3611111111111111,5,0.29411764705882354,0,0.0,1,0.09090909090909091,15,0.375,40,0.6,0.4,-25.48,-0.64,8,0.2,24,-14.62,-0.61,10,0.4166666666666667,16,-10.86,-0.68,5,0.3125,7,0.7142857142857143,0.2857142857142857,-3.4,-0.49,2,0.2857142857142857,5,-3.5,-0.7,1,0.2,2,0.1,0.05,1,0.5,3,3,0,13,12,1,-1.52,-0.12,0.23076923076923078,0.23076923076923078,0.0,0.9230769230769231,0.07692307692307693,14,0.4117647058823529,-23.8,-0.7,34,4,0.21052631578947367,-3.2,-0.17,19,401415663,2022,12
2193,East Tennessee State Buccaneers,20,0.3508771929824561,4,0.2222222222222222,16,0.41025641025641024,,,4,0.3333333333333333,15,0.3488372093023256,43,0.20930232558139536,0.7906976744186046,-19.85,-0.46,8,0.18604651162790697,9,-12.97,-1.44,2,0.2222222222222222,34,-6.88,-0.2,13,0.38235294117647056,6,0.3333333333333333,0.6666666666666666,-2.7,-0.45,2,0.3333333333333333,2,-1.24,-0.62,1,0.5,4,-1.46,-0.37,1,0.25,5,2,3,14,9,5,-7.32,-0.52,0.35714285714285715,0.14285714285714285,0.21428571428571427,0.6428571428571429,0.35714285714285715,13,0.37142857142857144,-9.42,-0.27,35,7,0.3181818181818182,-17.75,-0.81,22,401403951,2022,12
344,Mississippi State Bulldogs,39,0.609375,32,0.64,7,0.5,7,0.5833333333333334,6,0.6666666666666666,33,0.6,55,0.7636363636363637,0.23636363636363636,12.31,0.22,19,0.34545454545454546,42,9.14,0.22,27,0.6428571428571429,13,3.17,0.24,6,0.46153846153846156,12,0.75,0.25,1.71,0.14,7,0.5833333333333334,9,1.31,0.15,6,0.6666666666666666,3,0.4,0.13,1,0.3333333333333333,6,5,1,9,8,1,5.03,0.56,0.6666666666666666,0.5555555555555556,0.1111111111111111,0.8888888888888888,0.1111111111111111,34,0.6181818181818182,14.04,0.26,55,5,0.5555555555555556,3.3,0.37,9,401403951,2022,12
245,Texas A&M Aggies,21,0.3559322033898305,7,0.3181818181818182,14,0.3783783783783784,3,0.3,2,0.2,19,0.3877551020408163,49,0.32653061224489793,0.673469387755102,-9.6,-0.2,12,0.24489795918367346,16,-4.92,-0.31,6,0.375,33,-4.69,-0.14,13,0.3939393939393939,13,0.38461538461538464,0.6153846153846154,-2.99,-0.23,6,0.46153846153846156,5,-4.51,-0.9,2,0.4,8,1.52,0.19,4,0.5,2,1,1,10,6,4,-4.0,-0.4,0.2,0.1,0.1,0.6,0.4,16,0.4,-6.78,-0.17,40,5,0.2631578947368421,-6.82,-0.36,19,401403954,2022,12
113,Massachusetts Minutemen,17,0.2698412698412698,4,0.16,13,0.34210526315789475,0,0.0,3,0.1875,14,0.3111111111111111,45,0.28888888888888886,0.7111111111111111,-14.56,-0.32,6,0.13333333333333333,13,-8.06,-0.62,3,0.23076923076923078,32,-6.5,-0.2,11,0.34375,9,0.2222222222222222,0.7777777777777778,-3.26,-0.36,3,0.3333333333333333,2,-2.19,-1.09,0,0.0,7,-1.07,-0.15,3,0.42857142857142855,3,1,2,18,12,6,-14.83,-0.82,0.16666666666666666,0.05555555555555555,0.1111111111111111,0.6666666666666666,0.3333333333333333,15,0.4166666666666667,-6.42,-0.18,36,2,0.07407407407407407,-22.98,-0.85,27,401403954,2022,12
57,Florida Gators,25,0.390625,20,0.46511627906976744,5,0.25,3,0.3,4,0.26666666666666666,18,0.4090909090909091,44,0.6136363636363636,0.38636363636363635,2.07,0.05,10,0.22727272727272727,27,10.12,0.37,13,0.48148148148148145,17,-8.05,-0.47,5,0.29411764705882354,14,0.5,0.42857142857142855,-4.63,-0.33,6,0.42857142857142855,7,5.72,0.82,4,0.5714285714285714,6,-3.36,-0.56,2,0.3333333333333333,7,7,0,20,16,3,-1.04,-0.05,0.35,0.35,0.0,0.8,0.15,18,0.43902439024390244,-5.04,-0.12,41,7,0.30434782608695654,6.06,0.26,23,401403955,2022,12
238,Vanderbilt Commodores,23,0.3770491803278688,9,0.5294117647058824,14,0.3181818181818182,4,0.3333333333333333,7,0.5384615384615384,15,0.3191489361702128,47,0.23404255319148937,0.7659574468085106,-5.58,-0.12,7,0.14893617021276595,11,0.22,0.02,5,0.45454545454545453,36,-5.8,-0.16,10,0.2777777777777778,3,0.0,1.0,0.11,0.04,2,0.6666666666666666,,,,,,3,0.11,0.04,2,0.6666666666666666,8,4,4,14,6,8,1.93,0.14,0.5714285714285714,0.2857142857142857,0.2857142857142857,0.42857142857142855,0.5714285714285714,15,0.3488372093023256,-7.83,-0.18,43,8,0.4444444444444444,4.19,0.23,18,401403955,2022,12
349,Army Black Knights,32,0.5614035087719298,0,0.0,32,0.5714285714285714,13,0.8666666666666667,6,0.5,25,0.5813953488372093,43,0.023255813953488372,0.9767441860465116,12.55,0.29,6,0.13953488372093023,1,-0.6,-0.6,0,0.0,42,13.15,0.31,25,0.5952380952380952,14,0.0,1.0,1.84,0.13,9,0.6428571428571429,,,,,,14,1.84,0.13,9,0.6428571428571429,7,0,7,14,0,14,-3.45,-0.25,0.5,0.0,0.5,0.0,1.0,27,0.6136363636363636,11.07,0.25,44,5,0.38461538461538464,-1.97,-0.15,13,401404143,2022,12
41,UConn Huskies,31,0.5344827586206896,10,0.43478260869565216,21,0.6,7,0.5,5,0.45454545454545453,26,0.5652173913043478,46,0.34782608695652173,0.6521739130434783,7.57,0.16,12,0.2608695652173913,16,-6.85,-0.43,7,0.4375,30,14.42,0.48,19,0.6333333333333333,9,0.3333333333333333,0.6666666666666666,8.79,0.98,6,0.6666666666666666,3,3.0,1.0,2,0.6666666666666666,6,5.79,0.96,4,0.6666666666666666,5,3,2,12,7,5,-4.8,-0.4,0.4166666666666667,0.25,0.16666666666666666,0.5833333333333334,0.4166666666666667,26,0.5777777777777777,1.75,0.04,45,5,0.38461538461538464,1.02,0.08,13,401404143,2022,12
259,Virginia Tech Hokies,25,0.3424657534246575,6,0.25,19,0.3877551020408163,5,0.29411764705882354,6,0.375,16,0.2962962962962963,54,0.2962962962962963,0.7037037037037037,-4.08,-0.08,10,0.18518518518518517,16,-3.87,-0.24,3,0.1875,38,-0.21,-0.01,13,0.34210526315789475,5,0.2,0.8,-3.6,-0.72,0,0.0,1,-0.61,-0.61,0,0.0,4,-2.99,-0.75,0,0.0,9,3,6,19,8,11,8.51,0.45,0.47368421052631576,0.15789473684210525,0.3157894736842105,0.42105263157894735,0.5789473684210527,17,0.3469387755102041,-1.58,-0.03,49,8,0.3333333333333333,6.02,0.25,24,401404165,2022,12
2335,Liberty Flames,28,0.45161290322580644,17,0.4473684210526316,11,0.4583333333333333,2,0.4,4,0.3333333333333333,24,0.4897959183673469,49,0.5918367346938775,0.40816326530612246,3.22,0.07,12,0.24489795918367346,29,4.26,0.15,13,0.4482758620689655,20,-1.04,-0.05,11,0.55,21,0.6666666666666666,0.3333333333333333,-3.97,-0.19,9,0.42857142857142855,14,1.0,0.07,7,0.5,7,-4.97,-0.71,2,0.2857142857142857,4,4,0,13,9,4,-6.09,-0.47,0.3076923076923077,0.3076923076923077,0.0,0.6923076923076923,0.3076923076923077,20,0.5128205128205128,-0.08,-0.0,39,8,0.34782608695652173,-2.79,-0.12,23,401404165,2022,12
158,Nebraska Cornhuskers,19,0.3958333333333333,11,0.4782608695652174,8,0.32,3,0.5,6,0.5454545454545454,13,0.35135135135135137,37,0.3783783783783784,0.6216216216216216,-8.37,-0.23,6,0.16216216216216217,14,-1.33,-0.1,6,0.42857142857142855,23,-7.04,-0.31,7,0.30434782608695654,3,0.6666666666666666,0.3333333333333333,-3.12,-1.04,0,0.0,2,-2.13,-1.06,0,0.0,1,-1.0,-1.0,0,0.0,6,5,1,11,9,2,2.58,0.23,0.5454545454545454,0.45454545454545453,0.09090909090909091,0.8181818181818182,0.18181818181818182,11,0.3793103448275862,-4.66,-0.16,29,8,0.42105263157894735,-1.14,-0.06,19,401405142,2022,12
275,Wisconsin Badgers,40,0.5714285714285714,7,0.3684210526315789,33,0.6470588235294118,6,0.5,8,0.5333333333333333,32,0.5818181818181818,55,0.16363636363636364,0.8363636363636363,9.53,0.17,14,0.2545454545454545,9,2.48,0.28,4,0.4444444444444444,46,7.04,0.15,28,0.6086956521739131,14,0.35714285714285715,0.6428571428571429,1.96,0.14,8,0.5714285714285714,5,-1.64,-0.33,1,0.2,9,3.6,0.4,7,0.7777777777777778,8,3,5,15,10,5,-4.17,-0.28,0.5333333333333333,0.2,0.3333333333333333,0.6666666666666666,0.3333333333333333,35,0.625,13.03,0.23,56,5,0.35714285714285715,-7.67,-0.55,14,401405142,2022,12
77,Northwestern Wildcats,23,0.359375,6,0.2857142857142857,17,0.3953488372093023,1,0.2,7,0.4375,15,0.32608695652173914,46,0.30434782608695654,0.6956521739130435,-9.87,-0.21,6,0.13043478260869565,14,-0.47,-0.03,4,0.2857142857142857,32,-9.4,-0.29,11,0.34375,10,0.4,0.6,1.24,0.12,3,0.3,4,1.09,0.27,1,0.25,6,0.15,0.03,2,0.3333333333333333,8,2,6,18,7,11,-2.92,-0.16,0.4444444444444444,0.1111111111111111,0.3333333333333333,0.3888888888888889,0.6111111111111112,17,0.40476190476190477,-5.85,-0.14,42,6,0.2727272727272727,-6.94,-0.32,22,401405143,2022,12
2509,Purdue Boilermakers,28,0.4375,12,0.5,16,0.4,6,0.42857142857142855,4,0.3076923076923077,23,0.46938775510204084,49,0.40816326530612246,0.5918367346938775,4.95,0.1,10,0.20408163265306123,20,3.29,0.16,11,0.55,29,1.66,0.06,12,0.41379310344827586,3,0.0,1.0,-2.4,-0.8,0,0.0,,,,,,3,-2.4,-0.8,0,0.0,5,1,4,15,4,11,-8.69,-0.58,0.3333333333333333,0.06666666666666667,0.26666666666666666,0.26666666666666666,0.7333333333333333,25,0.5208333333333334,4.01,0.08,48,3,0.1875,-7.75,-0.48,16,401405143,2022,12
127,Michigan State Spartans,42,0.47191011235955055,25,0.625,17,0.3469387755102041,11,0.44,7,0.4117647058823529,34,0.5,68,0.38235294117647056,0.6176470588235294,10.34,0.15,15,0.22058823529411764,26,8.53,0.33,18,0.6923076923076923,42,1.81,0.04,16,0.38095238095238093,17,0.35294117647058826,0.6470588235294118,3.53,0.21,8,0.47058823529411764,6,4.11,0.68,4,0.6666666666666666,11,-0.58,-0.05,4,0.36363636363636365,8,7,1,21,14,7,-5.97,-0.28,0.38095238095238093,0.3333333333333333,0.047619047619047616,0.6666666666666666,0.3333333333333333,28,0.417910447761194,-3.34,-0.05,67,14,0.6363636363636364,7.7,0.35,22,401405146,2022,12
84,Indiana Hoosiers,19,0.3877551020408163,0,0.0,19,0.475,5,0.625,3,0.25,15,0.4166666666666667,36,0.19444444444444445,0.8055555555555556,4.01,0.11,4,0.1111111111111111,7,-6.32,-0.9,0,0.0,29,10.33,0.36,15,0.5172413793103449,7,0.42857142857142855,0.5714285714285714,4.8,0.69,2,0.2857142857142857,3,-2.24,-0.75,0,0.0,4,7.03,1.76,2,0.5,4,0,4,13,2,11,-2.79,-0.21,0.3076923076923077,0.0,0.3076923076923077,0.15384615384615385,0.8461538461538461,15,0.42857142857142855,6.05,0.17,35,4,0.2857142857142857,-4.82,-0.34,14,401405146,2022,12
221,Pittsburgh Panthers,25,0.390625,12,0.36363636363636365,13,0.41935483870967744,2,0.4,6,0.4,19,0.3958333333333333,48,0.4791666666666667,0.5208333333333334,-0.94,-0.02,10,0.20833333333333334,23,-1.68,-0.07,10,0.43478260869565216,25,0.74,0.03,9,0.36,17,0.6470588235294118,0.35294117647058826,11.18,0.66,10,0.5882352941176471,11,8.3,0.75,7,0.6363636363636364,6,2.88,0.48,3,0.5,6,2,4,16,10,6,-9.96,-0.62,0.375,0.125,0.25,0.625,0.375,19,0.4222222222222222,-3.41,-0.08,45,6,0.3157894736842105,-7.48,-0.39,19,401411169,2022,12
150,Duke Blue Devils,25,0.352112676056338,15,0.32608695652173914,10,0.4166666666666667,4,0.4444444444444444,8,0.4444444444444444,14,0.2916666666666667,48,0.6666666666666666,0.3125,-13.31,-0.28,5,0.10416666666666667,32,-0.96,-0.03,10,0.3125,15,-3.39,-0.23,4,0.26666666666666666,1,0.0,1.0,0.73,0.73,1,1.0,,,,,,1,0.73,0.73,1,1.0,11,5,6,23,14,9,2.73,0.12,0.4782608695652174,0.21739130434782608,0.2608695652173913,0.6086956521739131,0.391304347826087,13,0.3333333333333333,-11.51,-0.3,39,12,0.375,0.93,0.03,32,401411169,2022,12
2636,UTSA Roadrunners,19,0.3584905660377358,10,0.43478260869565216,9,0.3,4,0.4,3,0.3,15,0.36585365853658536,41,0.36585365853658536,0.6341463414634146,-4.34,-0.11,7,0.17073170731707318,15,-0.82,-0.05,8,0.5333333333333333,26,-3.52,-0.14,7,0.2692307692307692,9,0.4444444444444444,0.5555555555555556,3.55,0.39,4,0.4444444444444444,4,1.62,0.4,2,0.5,5,1.93,0.39,2,0.4,4,2,2,12,8,4,0.68,0.06,0.3333333333333333,0.16666666666666666,0.16666666666666666,0.6666666666666666,0.3333333333333333,16,0.4,5.1,0.13,40,3,0.23076923076923078,-8.76,-0.67,13,401426611,2022,12
242,Rice Owls,21,0.28378378378378377,16,0.36363636363636365,5,0.16666666666666666,0,0.0,4,0.2222222222222222,15,0.29411764705882354,51,0.47058823529411764,0.5294117647058824,-16.22,-0.32,6,0.11764705882352941,24,0.73,0.03,11,0.4583333333333333,27,-16.95,-0.63,4,0.14814814814814814,15,0.6,0.4,-3.04,-0.2,4,0.26666666666666666,9,1.05,0.12,4,0.4444444444444444,6,-4.09,-0.68,0,0.0,6,5,1,23,20,3,-10.82,-0.47,0.2608695652173913,0.21739130434782608,0.043478260869565216,0.8695652173913043,0.13043478260869565,12,0.3,-11.42,-0.29,40,9,0.2647058823529412,-15.63,-0.46,34,401426611,2022,12
265,Washington State Cougars,32,0.47058823529411764,15,0.42857142857142855,17,0.5151515151515151,8,0.7272727272727273,5,0.38461538461538464,26,0.49056603773584906,53,0.49056603773584906,0.5094339622641509,2.2,0.04,12,0.22641509433962265,26,-1.74,-0.07,11,0.4230769230769231,27,3.93,0.15,15,0.5555555555555556,8,0.5,0.5,-1.84,-0.23,3,0.375,4,0.24,0.06,2,0.5,4,-2.08,-0.52,1,0.25,6,4,2,15,9,6,-3.96,-0.26,0.4,0.26666666666666666,0.13333333333333333,0.6,0.4,20,0.4444444444444444,-3.71,-0.08,45,12,0.5217391304347826,1.95,0.08,23,401404039,2022,12
12,Arizona Wildcats,29,0.4264705882352941,20,0.4166666666666667,9,0.45,2,1.0,4,0.36363636363636365,24,0.4444444444444444,54,0.6851851851851852,0.3148148148148148,-4.45,-0.08,14,0.25925925925925924,37,-7.63,-0.21,15,0.40540540540540543,17,3.18,0.19,9,0.5294117647058824,12,0.75,0.25,-3.02,-0.25,5,0.4166666666666667,9,-1.38,-0.15,4,0.4444444444444444,3,-1.64,-0.55,1,0.3333333333333333,5,5,0,14,11,3,-4.37,-0.31,0.35714285714285715,0.35714285714285715,0.0,0.7857142857142857,0.21428571428571427,16,0.37209302325581395,-15.43,-0.36,43,13,0.52,6.61,0.26,25,401404039,2022,12
151,East Carolina Pirates,19,0.3333333333333333,11,0.2972972972972973,8,0.4,1,0.3333333333333333,5,0.35714285714285715,14,0.358974358974359,39,0.5641025641025641,0.4358974358974359,-1.73,-0.04,8,0.20512820512820512,22,0.18,0.01,7,0.3181818181818182,17,-1.91,-0.11,7,0.4117647058823529,11,0.6363636363636364,0.36363636363636365,1.44,0.13,5,0.45454545454545453,7,1.35,0.19,3,0.42857142857142855,4,0.09,0.02,2,0.5,5,4,1,18,15,3,-12.81,-0.71,0.2777777777777778,0.2222222222222222,0.05555555555555555,0.8333333333333334,0.16666666666666666,12,0.375,1.77,0.06,32,7,0.28,-16.3,-0.65,25,401415660,2022,12
248,Houston Cougars,33,0.5,24,0.5454545454545454,9,0.4090909090909091,7,0.5833333333333334,6,0.5,25,0.4807692307692308,52,0.6346153846153846,0.36538461538461536,9.26,0.18,16,0.3076923076923077,33,10.8,0.33,18,0.5454545454545454,19,-1.54,-0.08,7,0.3684210526315789,6,0.8333333333333334,0.16666666666666666,3.62,0.6,3,0.5,5,4.41,0.88,3,0.6,1,-0.78,-0.78,0,0.0,8,6,2,14,11,3,11.69,0.83,0.5714285714285714,0.42857142857142855,0.14285714285714285,0.7857142857142857,0.21428571428571427,22,0.5,5.6,0.13,44,11,0.5,15.35,0.7,22,401415660,2022,12
2453,North Alabama Lions,11,0.23404255319148937,1,0.05263157894736842,10,0.35714285714285715,,,1,0.125,10,0.2564102564102564,39,0.358974358974359,0.6410256410256411,-14.33,-0.37,7,0.1794871794871795,14,-10.68,-0.76,1,0.07142857142857142,25,-3.65,-0.15,9,0.36,13,0.38461538461538464,0.6153846153846154,-7.64,-0.59,2,0.15384615384615385,5,-6.72,-1.34,0,0.0,8,-0.91,-0.11,2,0.25,1,0,1,8,5,3,-10.2,-1.27,0.125,0.0,0.125,0.625,0.375,7,0.25,-8.87,-0.32,28,4,0.21052631578947367,-15.65,-0.82,19,401415662,2022,12
235,Memphis Tigers,41,0.5774647887323944,15,0.4838709677419355,26,0.65,8,0.38095238095238093,7,0.5384615384615384,32,0.5818181818181818,55,0.41818181818181815,0.5818181818181818,8.84,0.16,16,0.2909090909090909,23,3.97,0.17,12,0.5217391304347826,32,4.87,0.15,20,0.625,19,0.5789473684210527,0.42105263157894735,1.09,0.06,10,0.5263157894736842,11,-2.3,-0.21,4,0.36363636363636365,8,3.39,0.42,6,0.75,9,3,6,16,8,8,10.9,0.68,0.5625,0.1875,0.375,0.5,0.5,38,0.6785714285714286,24.03,0.43,56,3,0.2,-4.29,-0.29,15,401415662,2022,12
256,James Madison Dukes,31,0.43661971830985913,17,0.5862068965517241,14,0.35,5,0.5555555555555556,9,0.6428571428571429,21,0.375,56,0.3392857142857143,0.625,-12.63,-0.23,8,0.14285714285714285,19,12.83,0.68,11,0.5789473684210527,35,-9.45,-0.27,10,0.2857142857142857,13,0.6153846153846154,0.38461538461538464,8.97,0.69,9,0.6923076923076923,8,6.17,0.77,5,0.625,5,2.8,0.56,4,0.8,10,6,4,15,10,5,16.02,1.07,0.6666666666666666,0.4,0.26666666666666666,0.6666666666666666,0.3333333333333333,20,0.4166666666666667,-12.75,-0.27,48,11,0.4782608695652174,16.13,0.7,23,401426378,2022,12
2247,Georgia State Panthers,11,0.22,7,0.35,4,0.13333333333333333,1,0.2,4,0.3076923076923077,6,0.16666666666666666,36,0.25,0.75,-10.17,-0.28,4,0.1111111111111111,9,5.04,0.56,3,0.3333333333333333,27,-15.21,-0.56,3,0.1111111111111111,4,0.75,0.25,3.01,0.75,1,0.25,3,3.72,1.24,1,0.3333333333333333,1,-0.71,-0.71,0,0.0,5,4,1,14,11,3,-1.99,-0.14,0.35714285714285715,0.2857142857142857,0.07142857142857142,0.7857142857142857,0.21428571428571427,7,0.2413793103448276,1.04,0.04,29,4,0.19047619047619047,-13.2,-0.63,21,401426378,2022,12
2026,Appalachian State Mountaineers,31,0.484375,13,0.5416666666666666,18,0.45,3,0.3333333333333333,3,0.2727272727272727,27,0.5192307692307693,52,0.3269230769230769,0.6730769230769231,21.75,0.42,17,0.3269230769230769,17,14.63,0.86,11,0.6470588235294118,35,7.12,0.2,16,0.45714285714285713,15,0.4,0.6,-0.81,-0.05,6,0.4,6,1.21,0.2,3,0.5,9,-2.02,-0.22,3,0.3333333333333333,4,2,2,12,7,5,-3.67,-0.31,0.3333333333333333,0.16666666666666666,0.16666666666666666,0.5833333333333334,0.4166666666666667,27,0.5294117647058824,23.79,0.47,51,4,0.3076923076923077,-5.72,-0.44,13,401426376,2022,12
295,Old Dominion Monarchs,27,0.4153846153846154,18,0.45,9,0.36,0,0.0,7,0.5,20,0.40816326530612246,49,0.6326530612244898,0.3673469387755102,0.87,0.02,10,0.20408163265306123,31,6.29,0.2,14,0.45161290322580644,18,-5.42,-0.3,6,0.3333333333333333,7,0.8571428571428571,0.14285714285714285,-5.15,-0.74,2,0.2857142857142857,6,-2.52,-0.42,2,0.3333333333333333,1,-2.63,-2.63,0,0.0,7,4,3,16,9,7,2.33,0.15,0.4375,0.25,0.1875,0.5625,0.4375,19,0.4418604651162791,2.37,0.06,43,8,0.36363636363636365,0.83,0.04,22,401426376,2022,12
251,Texas Longhorns,38,0.48717948717948717,9,0.391304347826087,29,0.5272727272727272,9,0.5625,7,0.5,28,0.4666666666666667,60,0.2833333333333333,0.7166666666666667,14.24,0.24,14,0.23333333333333334,17,0.32,0.02,7,0.4117647058823529,43,13.92,0.32,21,0.4883720930232558,14,0.21428571428571427,0.7857142857142857,11.39,0.81,9,0.6428571428571429,3,-0.77,-0.26,1,0.3333333333333333,11,12.16,1.11,8,0.7272727272727273,10,2,8,18,6,12,13.54,0.75,0.5555555555555556,0.1111111111111111,0.4444444444444444,0.3333333333333333,0.6666666666666666,27,0.5,12.3,0.23,54,11,0.4583333333333333,15.48,0.65,24,401404116,2022,12
2305,Kansas Jayhawks,25,0.423728813559322,15,0.5,10,0.3448275862068966,4,0.8,5,0.45454545454545453,18,0.391304347826087,46,0.43478260869565216,0.5652173913043478,11.9,0.26,9,0.1956521739130435,20,13.05,0.65,10,0.5,26,-1.16,-0.04,8,0.3076923076923077,8,0.375,0.625,-4.13,-0.52,2,0.25,3,-3.16,-1.05,1,0.3333333333333333,5,-0.98,-0.2,1,0.2,7,5,2,13,10,3,2.21,0.17,0.5384615384615384,0.38461538461538464,0.15384615384615385,0.7692307692307693,0.23076923076923078,13,0.3170731707317073,-4.71,-0.11,41,12,0.6666666666666666,18.82,1.05,18,401404116,2022,12
3101,Utah Tech Trailblazers,27,0.391304347826087,16,0.32,11,0.5789473684210527,2,0.3333333333333333,4,0.26666666666666666,22,0.43137254901960786,51,0.6666666666666666,0.3333333333333333,5.01,0.1,8,0.1568627450980392,34,4.36,0.13,12,0.35294117647058826,17,0.65,0.04,10,0.5882352941176471,8,0.5,0.5,-1.52,-0.19,3,0.375,4,-0.95,-0.24,1,0.25,4,-0.57,-0.14,2,0.5,5,4,1,18,16,2,-3.24,-0.18,0.2777777777777778,0.2222222222222222,0.05555555555555555,0.8888888888888888,0.1111111111111111,16,0.37209302325581395,-11.5,-0.27,43,11,0.4230769230769231,13.27,0.51,26,401420863,2022,12
252,BYU Cougars,39,0.527027027027027,20,0.5555555555555556,19,0.5,4,0.5,5,0.45454545454545453,34,0.5396825396825397,63,0.4603174603174603,0.5396825396825397,26.24,0.42,19,0.30158730158730157,29,23.57,0.81,17,0.5862068965517241,34,2.68,0.08,17,0.5,14,0.5714285714285714,0.42857142857142855,9.2,0.66,9,0.6428571428571429,8,10.03,1.25,7,0.875,6,-0.83,-0.14,2,0.3333333333333333,5,3,2,11,7,4,-2.13,-0.19,0.45454545454545453,0.2727272727272727,0.18181818181818182,0.6363636363636364,0.36363636363636365,30,0.5357142857142857,25.02,0.45,56,9,0.5,-0.91,-0.05,18,401420863,2022,12
6,South Alabama Jaguars,25,0.423728813559322,13,0.48148148148148145,12,0.375,1,0.16666666666666666,6,0.46153846153846156,17,0.40476190476190477,42,0.4523809523809524,0.5476190476190477,1.53,0.04,8,0.19047619047619047,19,2.07,0.11,9,0.47368421052631576,23,-0.54,-0.02,8,0.34782608695652173,13,0.6923076923076923,0.3076923076923077,-2.92,-0.22,7,0.5384615384615384,9,-2.52,-0.28,5,0.5555555555555556,4,-0.4,-0.1,2,0.5,8,4,4,17,8,9,3.51,0.21,0.47058823529411764,0.23529411764705882,0.23529411764705882,0.47058823529411764,0.5294117647058824,19,0.4523809523809524,5.08,0.12,42,6,0.35294117647058826,-0.04,-0.0,17,401426379,2022,12
2572,Southern Miss Golden Eagles,26,0.4,12,0.35294117647058826,14,0.45161290322580644,2,0.2222222222222222,8,0.5333333333333333,16,0.3333333333333333,48,0.5,0.5,-13.6,-0.28,8,0.16666666666666666,24,-6.4,-0.27,8,0.3333333333333333,24,-7.2,-0.3,8,0.3333333333333333,18,0.6666666666666666,0.3333333333333333,-7.95,-0.44,5,0.2777777777777778,12,-8.61,-0.72,3,0.25,6,0.67,0.11,2,0.3333333333333333,10,4,6,17,10,7,6.68,0.39,0.5882352941176471,0.23529411764705882,0.35294117647058826,0.5882352941176471,0.4117647058823529,17,0.4146341463414634,-8.0,-0.2,41,9,0.375,1.08,0.05,24,401426379,2022,12
2653,Troy Trojans,25,0.44642857142857145,6,0.3333333333333333,19,0.5,5,1.0,6,0.5454545454545454,18,0.4186046511627907,43,0.20930232558139536,0.7906976744186046,0.04,0.0,9,0.20930232558139536,9,-2.1,-0.23,2,0.2222222222222222,34,2.13,0.06,16,0.47058823529411764,3,0.0,1.0,3.7,1.23,3,1.0,,,,,,3,3.7,1.23,3,1.0,7,4,3,13,9,4,3.26,0.25,0.5384615384615384,0.3076923076923077,0.23076923076923078,0.6923076923076923,0.3076923076923077,20,0.5263157894736842,7.35,0.19,38,5,0.2777777777777778,-4.05,-0.23,18,401426381,2022,12
2433,UL Monroe Warhawks,22,0.36065573770491804,10,0.3125,12,0.42857142857142855,3,0.25,8,0.6153846153846154,14,0.2978723404255319,47,0.5106382978723404,0.46808510638297873,-16.05,-0.34,6,0.1276595744680851,24,-5.48,-0.23,7,0.2916666666666667,22,-3.0,-0.14,7,0.3181818181818182,25,0.76,0.2,-5.48,-0.22,9,0.36,19,2.66,0.14,7,0.3684210526315789,5,-0.56,-0.11,2,0.4,8,3,5,14,8,6,5.75,0.41,0.5714285714285714,0.21428571428571427,0.35714285714285715,0.5714285714285714,0.42857142857142855,12,0.3333333333333333,-6.98,-0.19,36,10,0.4,-3.32,-0.13,25,401426381,2022,12
2348,Louisiana Tech Bulldogs,25,0.373134328358209,11,0.3333333333333333,14,0.4117647058823529,5,0.5,6,0.42857142857142855,17,0.3333333333333333,51,0.45098039215686275,0.5490196078431373,-15.51,-0.3,9,0.17647058823529413,23,-15.15,-0.66,6,0.2608695652173913,28,-0.36,-0.01,11,0.39285714285714285,14,0.6428571428571429,0.35714285714285715,-0.49,-0.04,5,0.35714285714285715,9,0.93,0.1,4,0.4444444444444444,5,-1.42,-0.28,1,0.2,8,5,3,16,10,6,12.47,0.78,0.5,0.3125,0.1875,0.625,0.375,16,0.38095238095238093,-12.15,-0.29,42,9,0.36,9.11,0.36,25,401426608,2022,12
2429,Charlotte 49ers,27,0.45,17,0.5151515151515151,10,0.37037037037037035,2,0.25,9,0.5625,18,0.4090909090909091,44,0.45454545454545453,0.5454545454545454,2.43,0.06,6,0.13636363636363635,20,2.86,0.14,10,0.5,24,-0.43,-0.02,8,0.3333333333333333,12,0.6666666666666666,0.3333333333333333,-2.74,-0.23,5,0.4166666666666667,8,-3.18,-0.4,3,0.375,4,0.44,0.11,2,0.5,9,7,2,16,13,3,6.74,0.42,0.5625,0.4375,0.125,0.8125,0.1875,19,0.4634146341463415,4.04,0.1,41,8,0.42105263157894735,5.13,0.27,19,401426608,2022,12
2393,Middle Tennessee Blue Raiders,44,0.5057471264367817,31,0.5849056603773585,13,0.38235294117647056,10,0.5263157894736842,7,0.5384615384615384,35,0.49295774647887325,71,0.6197183098591549,0.38028169014084506,15.29,0.22,18,0.2535211267605634,44,15.97,0.36,24,0.5454545454545454,27,-0.68,-0.03,11,0.4074074074074074,20,0.7,0.3,-2.26,-0.11,9,0.45,14,-1.16,-0.08,7,0.5,6,-1.1,-0.18,2,0.3333333333333333,9,7,2,16,9,7,8.34,0.52,0.5625,0.4375,0.125,0.5625,0.4375,33,0.4852941176470588,12.22,0.18,68,11,0.5789473684210527,11.41,0.6,19,401426610,2022,12
2226,Florida Atlantic Owls,25,0.373134328358209,16,0.4,9,0.3333333333333333,3,0.375,6,0.42857142857142855,17,0.34,50,0.54,0.46,-19.73,-0.39,9,0.18,27,-0.33,-0.01,11,0.4074074074074074,23,-19.4,-0.84,6,0.2608695652173913,8,0.5,0.5,-2.22,-0.28,2,0.25,4,-2.82,-0.7,1,0.25,4,0.6,0.15,1,0.25,8,5,3,17,13,4,14.48,0.85,0.47058823529411764,0.29411764705882354,0.17647058823529413,0.7647058823529411,0.23529411764705882,16,0.3902439024390244,-14.85,-0.36,41,9,0.34615384615384615,9.6,0.37,26,401426610,2022,12
2294,Iowa Hawkeyes,19,0.37254901960784315,13,0.52,6,0.23076923076923078,3,0.5,3,0.2727272727272727,15,0.38461538461538464,39,0.4358974358974359,0.5641025641025641,0.45,0.01,9,0.23076923076923078,17,5.24,0.31,9,0.5294117647058824,22,-4.8,-0.22,6,0.2727272727272727,10,0.6,0.4,-1.18,-0.12,4,0.4,6,0.62,0.1,4,0.6666666666666666,4,-1.8,-0.45,0,0.0,4,4,0,12,8,4,-2.66,-0.22,0.3333333333333333,0.3333333333333333,0.0,0.6666666666666666,0.3333333333333333,12,0.36363636363636365,2.02,0.06,33,7,0.3888888888888889,-4.23,-0.23,18,401405141,2022,12
135,Minnesota Golden Gophers,31,0.47692307692307695,7,0.4666666666666667,24,0.48,3,0.3,7,0.4375,23,0.48936170212765956,47,0.1702127659574468,0.8297872340425532,7.43,0.16,8,0.1702127659574468,8,2.57,0.32,5,0.625,39,4.86,0.12,18,0.46153846153846156,7,0.42857142857142855,0.5714285714285714,2.53,0.36,2,0.2857142857142857,3,-0.33,-0.11,1,0.3333333333333333,4,2.86,0.71,1,0.25,8,2,6,18,7,11,-4.73,-0.26,0.4444444444444444,0.1111111111111111,0.3333333333333333,0.3888888888888889,0.6111111111111112,20,0.4,-2.63,-0.05,50,11,0.7333333333333333,5.34,0.36,15,401405141,2022,12
2229,Florida International Panthers,4,0.2,1,0.1111111111111111,3,0.3,0,0.0,1,0.2,3,0.2,15,0.3333333333333333,0.6,-13.14,-0.88,2,0.13333333333333333,5,-7.29,-1.46,0,0.0,9,-4.99,-0.55,3,0.3333333333333333,2,0.5,0.5,-2.39,-1.2,1,0.5,1,-3.95,-3.95,0,0.0,1,1.56,1.56,1,1.0,1,1,0,5,4,1,-0.51,-0.1,0.2,0.2,0.0,0.8,0.2,3,0.3,-9.67,-0.97,10,1,0.1,-3.99,-0.4,10,401426609,2022,12
2638,UTEP Miners,21,0.5675675675675675,8,0.6666666666666666,13,0.52,10,0.625,5,0.7142857142857143,16,0.5517241379310345,29,0.3448275862068966,0.6551724137931034,16.59,0.57,8,0.27586206896551724,10,12.4,1.24,8,0.8,19,4.19,0.22,8,0.42105263157894735,6,1.0,0.0,8.36,1.39,4,0.6666666666666666,6,8.36,1.39,4,0.6666666666666666,,,,,,5,0,5,8,2,6,0.6,0.08,0.625,0.0,0.625,0.25,0.75,16,0.5714285714285714,10.81,0.39,28,5,0.5555555555555556,6.38,0.71,9,401426609,2022,12
2,Auburn Tigers,23,0.3770491803278688,7,0.3333333333333333,16,0.4,3,0.375,6,0.42857142857142855,16,0.34782608695652173,46,0.2391304347826087,0.7608695652173914,3.42,0.07,7,0.15217391304347827,11,-1.5,-0.14,3,0.2727272727272727,35,4.92,0.14,13,0.37142857142857144,6,0.16666666666666666,0.8333333333333334,-4.72,-0.79,1,0.16666666666666666,1,-1.91,-1.91,0,0.0,5,-2.81,-0.56,1,0.2,7,4,3,15,10,5,4.26,0.28,0.4666666666666667,0.26666666666666666,0.2,0.6666666666666666,0.3333333333333333,18,0.4186046511627907,12.61,0.29,43,5,0.2777777777777778,-4.93,-0.27,18,401426613,2022,12
98,Western Kentucky Hilltoppers,33,0.38372093023255816,21,0.35,12,0.46153846153846156,1,0.16666666666666666,9,0.45,22,0.36065573770491804,61,0.6885245901639344,0.3114754098360656,-10.52,-0.17,11,0.18032786885245902,42,-9.69,-0.23,13,0.30952380952380953,19,-0.83,-0.04,9,0.47368421052631576,14,0.5714285714285714,0.42857142857142855,7.3,0.52,8,0.5714285714285714,8,5.49,0.69,4,0.5,6,1.81,0.3,4,0.6666666666666666,11,8,3,25,18,7,1.98,0.08,0.44,0.32,0.12,0.72,0.28,23,0.45098039215686275,-0.78,-0.02,51,10,0.2857142857142857,-7.76,-0.22,35,401426613,2022,12
326,Texas State Bobcats,33,0.44,16,0.4,17,0.4857142857142857,3,0.375,7,0.4117647058823529,25,0.43859649122807015,57,0.5263157894736842,0.47368421052631576,2.27,0.04,11,0.19298245614035087,30,4.53,0.15,15,0.5,27,-2.27,-0.08,10,0.37037037037037035,11,0.6363636363636364,0.36363636363636365,-3.86,-0.35,4,0.36363636363636365,7,-4.85,-0.69,1,0.14285714285714285,4,0.99,0.25,3,0.75,8,1,7,18,10,8,-4.1,-0.23,0.4444444444444444,0.05555555555555555,0.3888888888888889,0.5555555555555556,0.4444444444444444,20,0.38461538461538464,-6.6,-0.13,52,13,0.5652173913043478,4.77,0.21,23,401426380,2022,12
2032,Arkansas State Red Wolves,21,0.3387096774193548,14,0.35,7,0.3181818181818182,1,0.3333333333333333,2,0.14285714285714285,18,0.391304347826087,46,0.5652173913043478,0.43478260869565216,-3.89,-0.08,9,0.1956521739130435,26,0.48,0.02,11,0.4230769230769231,20,-4.37,-0.22,7,0.35,17,0.8235294117647058,0.17647058823529413,1.86,0.11,7,0.4117647058823529,14,3.93,0.28,7,0.5,3,-2.07,-0.69,0,0.0,3,3,0,16,14,2,-11.3,-0.71,0.1875,0.1875,0.0,0.875,0.125,15,0.375,-6.65,-0.17,40,6,0.2727272727272727,-8.55,-0.39,22,401426380,2022,12
24,Stanford Cardinal,36,0.45,24,0.48,12,0.41379310344827586,4,0.8,5,0.3333333333333333,30,0.46875,64,0.578125,0.40625,-3.32,-0.05,16,0.25,37,7.66,0.21,19,0.5135135135135135,26,-1.28,-0.05,11,0.4230769230769231,17,0.6470588235294118,0.35294117647058826,3.22,0.19,11,0.6470588235294118,11,1.09,0.1,6,0.5454545454545454,6,2.13,0.36,5,0.8333333333333334,6,5,1,16,13,3,-10.79,-0.67,0.375,0.3125,0.0625,0.8125,0.1875,28,0.5,-2.16,-0.04,56,8,0.3333333333333333,-11.95,-0.5,24,401404041,2022,12
25,California Golden Bears,28,0.4375,16,0.36363636363636365,12,0.6,6,0.46153846153846156,4,0.2857142857142857,23,0.4791666666666667,48,0.6875,0.3125,-2.1,-0.04,13,0.2708333333333333,33,-5.44,-0.16,14,0.42424242424242425,15,3.35,0.22,9,0.6,7,0.5714285714285714,0.42857142857142855,-9.97,-1.42,0,0.0,4,-8.73,-2.18,0,0.0,3,-1.24,-0.41,0,0.0,5,2,3,16,11,5,-3.24,-0.2,0.3125,0.125,0.1875,0.6875,0.3125,21,0.4883720930232558,-6.47,-0.15,43,7,0.3333333333333333,1.14,0.05,21,401404041,2022,12
276,Marshall Thundering Herd,41,0.4823529411764706,14,0.42424242424242425,27,0.5192307692307693,3,0.2727272727272727,10,0.5555555555555556,31,0.47692307692307695,65,0.4,0.6,9.5,0.15,15,0.23076923076923078,26,6.2,0.24,11,0.4230769230769231,39,3.3,0.08,20,0.5128205128205128,20,0.5,0.5,0.24,0.01,9,0.45,10,-1.43,-0.14,3,0.3,10,1.66,0.17,6,0.6,10,3,7,20,7,13,0.07,0.0,0.5,0.15,0.35,0.35,0.65,31,0.49206349206349204,6.9,0.11,63,10,0.45454545454545453,2.68,0.12,22,401426377,2022,12
290,Georgia Southern Eagles,31,0.49206349206349204,16,0.3902439024390244,15,0.6818181818181818,0,0.0,3,0.2727272727272727,28,0.5384615384615384,52,0.6153846153846154,0.38461538461538464,8.42,0.16,16,0.3076923076923077,32,3.56,0.11,15,0.46875,20,4.86,0.24,13,0.65,11,0.9090909090909091,0.09090909090909091,2.75,0.25,6,0.5454545454545454,10,2.57,0.26,5,0.5,1,0.18,0.18,1,1.0,3,1,2,11,9,2,-8.74,-0.79,0.2727272727272727,0.09090909090909091,0.18181818181818182,0.8181818181818182,0.18181818181818182,26,0.5652173913043478,4.9,0.11,46,5,0.29411764705882354,-5.22,-0.31,17,401426377,2022,12
66,Iowa State Cyclones,15,0.3333333333333333,8,0.4,7,0.28,2,0.18181818181818182,4,0.3333333333333333,11,0.3548387096774194,31,0.3870967741935484,0.6129032258064516,-2.94,-0.09,5,0.16129032258064516,12,1.87,0.16,5,0.4166666666666667,19,-4.81,-0.25,6,0.3157894736842105,8,0.375,0.625,2.23,0.28,3,0.375,3,1.58,0.53,1,0.3333333333333333,5,0.65,0.13,2,0.4,4,3,1,14,8,6,-8.42,-0.6,0.2857142857142857,0.21428571428571427,0.07142857142857142,0.5714285714285714,0.42857142857142855,8,0.32,-13.38,-0.54,25,7,0.35,2.03,0.1,20,401404115,2022,12
2641,Texas Tech Red Raiders,18,0.43902439024390244,9,0.5625,9,0.375,3,1.0,6,0.5454545454545454,12,0.4,30,0.3333333333333333,0.6333333333333333,-0.39,-0.01,5,0.16666666666666666,10,6.0,0.6,7,0.7,19,-3.63,-0.19,5,0.2631578947368421,7,0.5714285714285714,0.42857142857142855,-2.56,-0.37,2,0.2857142857142857,4,-2.02,-0.5,1,0.25,3,-0.55,-0.18,1,0.3333333333333333,6,2,4,11,6,5,-4.93,-0.45,0.5454545454545454,0.18181818181818182,0.36363636363636365,0.5454545454545454,0.45454545454545453,10,0.3448275862068966,-10.85,-0.37,29,8,0.6666666666666666,5.52,0.46,12,401404115,2022,12
2751,Wyoming Cowboys,20,0.4166666666666667,3,0.1875,17,0.53125,1,1.0,1,0.1,19,0.5,38,0.21052631578947367,0.7894736842105263,5.34,0.14,9,0.23684210526315788,8,-5.57,-0.7,3,0.375,30,10.92,0.36,16,0.5333333333333333,10,0.1,0.9,0.51,0.05,6,0.6,1,0.09,0.09,1,1.0,9,0.42,0.05,5,0.5555555555555556,1,0,1,10,8,2,-14.08,-1.41,0.1,0.0,0.1,0.8,0.2,18,0.47368421052631576,1.54,0.04,38,2,0.2,-10.27,-1.03,10,401415261,2022,12
68,Boise State Broncos,35,0.4605263157894737,13,0.38235294117647056,22,0.5238095238095238,3,0.6,4,0.3076923076923077,30,0.4918032786885246,61,0.36065573770491804,0.639344262295082,8.1,0.13,19,0.3114754098360656,22,0.64,0.03,10,0.45454545454545453,39,7.45,0.19,20,0.5128205128205128,7,1.0,0.0,2.38,0.34,6,0.8571428571428571,7,2.38,0.34,6,0.8571428571428571,,,,,,5,3,2,15,12,3,-8.13,-0.54,0.3333333333333333,0.2,0.13333333333333333,0.8,0.2,28,0.5384615384615384,3.06,0.06,52,7,0.2916666666666667,-3.09,-0.13,24,401415261,2022,12
166,New Mexico State Aggies,24,0.39344262295081966,8,0.34782608695652173,16,0.42105263157894735,3,1.0,8,0.5,15,0.3488372093023256,43,0.27906976744186046,0.7209302325581395,-7.87,-0.18,4,0.09302325581395349,12,-6.45,-0.54,3,0.25,31,-1.42,-0.05,12,0.3870967741935484,9,0.4444444444444444,0.5555555555555556,0.56,0.06,4,0.4444444444444444,4,-0.11,-0.03,1,0.25,5,0.67,0.13,3,0.6,9,5,4,18,11,7,2.94,0.16,0.5,0.2777777777777778,0.2222222222222222,0.6111111111111112,0.3888888888888889,17,0.425,0.86,0.02,40,7,0.3333333333333333,-5.79,-0.28,21,401403952,2022,12
142,Missouri Tigers,35,0.5147058823529411,18,0.5806451612903226,17,0.4594594594594595,8,0.8,9,0.6428571428571429,25,0.4807692307692308,52,0.38461538461538464,0.6153846153846154,7.3,0.14,10,0.19230769230769232,20,7.26,0.36,11,0.55,32,0.04,0.0,14,0.4375,14,0.6428571428571429,0.35714285714285715,2.55,0.18,8,0.5714285714285714,9,2.8,0.31,5,0.5555555555555556,5,-0.26,-0.05,3,0.6,10,7,3,16,11,5,10.95,0.68,0.625,0.4375,0.1875,0.6875,0.3125,22,0.4782608695652174,1.13,0.02,46,13,0.5909090909090909,17.12,0.78,22,401403952,2022,12
154,Wake Forest Demon Deacons,54,0.574468085106383,26,0.5777777777777777,27,0.5625,8,0.47058823529411764,9,0.6,44,0.5714285714285714,77,0.4805194805194805,0.5064935064935064,17.99,0.23,21,0.2727272727272727,37,13.84,0.37,22,0.5945945945945946,39,3.48,0.09,21,0.5384615384615384,17,0.7058823529411765,0.29411764705882354,4.67,0.27,12,0.7058823529411765,12,4.41,0.37,9,0.75,5,0.25,0.05,3,0.6,10,4,6,17,8,9,3.35,0.2,0.5882352941176471,0.23529411764705882,0.35294117647058826,0.47058823529411764,0.5294117647058824,47,0.618421052631579,18.11,0.24,76,7,0.3888888888888889,3.23,0.18,18,401411171,2022,12
183,Syracuse Orange,29,0.48333333333333334,16,0.47058823529411764,13,0.5,4,0.4444444444444444,6,0.6,22,0.4489795918367347,49,0.5306122448979592,0.46938775510204084,7.49,0.15,13,0.2653061224489796,26,6.03,0.23,11,0.4230769230769231,23,1.46,0.06,11,0.4782608695652174,7,0.2857142857142857,0.7142857142857143,-6.47,-0.92,1,0.14285714285714285,2,-4.06,-2.03,0,0.0,5,-2.41,-0.48,1,0.2,7,5,2,11,8,3,10.73,0.98,0.6363636363636364,0.45454545454545453,0.18181818181818182,0.7272727272727273,0.2727272727272727,22,0.55,23.95,0.6,40,7,0.35,-5.73,-0.29,20,401411171,2022,12
2005,Air Force Falcons,35,0.5223880597014925,0,0.0,35,0.546875,5,0.7142857142857143,8,0.5333333333333333,23,0.4791666666666667,48,0.041666666666666664,0.9583333333333334,9.54,0.2,9,0.1875,2,-0.98,-0.49,0,0.0,46,10.52,0.23,23,0.5,8,0.125,0.875,3.82,0.48,4,0.5,1,-0.05,-0.05,0,0.0,7,3.87,0.55,4,0.5714285714285714,12,0,12,19,1,18,10.36,0.55,0.631578947368421,0.0,0.631578947368421,0.05263157894736842,0.9473684210526315,30,0.5660377358490566,19.38,0.37,53,5,0.35714285714285715,0.52,0.04,14,401415262,2022,12
36,Colorado State Rams,21,0.45652173913043476,13,0.41935483870967744,8,0.5333333333333333,0,0.0,3,0.3333333333333333,17,0.5,34,0.6764705882352942,0.3235294117647059,3.04,0.09,10,0.29411764705882354,23,0.24,0.01,11,0.4782608695652174,11,2.8,0.25,6,0.5454545454545454,16,0.5625,0.4375,-0.26,-0.02,8,0.5,9,-2.92,-0.32,4,0.4444444444444444,7,2.66,0.38,4,0.5714285714285714,4,2,2,12,8,4,-3.94,-0.33,0.3333333333333333,0.16666666666666666,0.16666666666666666,0.6666666666666666,0.3333333333333333,14,0.5,-3.74,-0.13,28,7,0.3888888888888889,2.85,0.16,18,401415262,2022,12
23,San José State Spartans,29,0.5087719298245614,16,0.45714285714285713,13,0.5909090909090909,3,0.375,4,0.3333333333333333,25,0.5681818181818182,44,0.5681818181818182,0.4318181818181818,14.44,0.33,8,0.18181818181818182,25,12.64,0.51,14,0.56,19,1.8,0.09,11,0.5789473684210527,13,0.7692307692307693,0.23076923076923078,2.39,0.18,5,0.38461538461538464,10,2.18,0.22,4,0.4,3,0.2,0.07,1,0.3333333333333333,4,2,2,13,10,3,-7.93,-0.61,0.3076923076923077,0.15384615384615385,0.15384615384615385,0.7692307692307693,0.23076923076923078,23,0.5227272727272727,7.84,0.18,44,6,0.46153846153846156,-1.33,-0.1,13,401415265,2022,12
328,Utah State Aggies,39,0.4642857142857143,17,0.4594594594594595,22,0.46808510638297873,6,0.5,10,0.5882352941176471,27,0.421875,64,0.421875,0.578125,-6.87,-0.11,12,0.1875,27,-0.34,-0.01,12,0.4444444444444444,37,-6.54,-0.18,15,0.40540540540540543,6,0.0,1.0,-4.24,-0.71,2,0.3333333333333333,,,,,,6,-4.24,-0.71,2,0.3333333333333333,12,5,7,20,10,10,12.72,0.64,0.6,0.25,0.35,0.5,0.5,31,0.484375,6.75,0.11,64,8,0.4,-0.91,-0.05,20,401415265,2022,12
2440,Nevada Wolf Pack,22,0.3333333333333333,12,0.3157894736842105,10,0.35714285714285715,0,0.0,8,0.4444444444444444,13,0.29545454545454547,44,0.4772727272727273,0.5227272727272727,-0.71,-0.02,4,0.09090909090909091,21,5.23,0.25,6,0.2857142857142857,23,-5.95,-0.26,7,0.30434782608695654,1,0.0,1.0,0.44,0.44,1,1.0,,,,,,1,0.44,0.44,1,1.0,9,6,3,22,17,5,2.07,0.09,0.4090909090909091,0.2727272727272727,0.13636363636363635,0.7727272727272727,0.22727272727272727,9,0.28125,-4.82,-0.15,32,13,0.38235294117647056,6.18,0.18,34,401415263,2022,12
278,Fresno State Bulldogs,32,0.4507042253521127,22,0.5,10,0.37037037037037035,7,0.4117647058823529,8,0.5714285714285714,24,0.42105263157894735,57,0.543859649122807,0.45614035087719296,4.32,0.08,17,0.2982456140350877,31,2.5,0.08,15,0.4838709677419355,26,1.82,0.07,9,0.34615384615384615,8,0.625,0.375,-0.31,-0.04,4,0.5,5,0.13,0.03,3,0.6,3,-0.44,-0.15,1,0.3333333333333333,8,7,1,14,13,1,10.13,0.72,0.5714285714285714,0.5,0.07142857142857142,0.9285714285714286,0.07142857142857142,26,0.5098039215686274,13.94,0.27,51,6,0.3,0.51,0.03,20,401415263,2022,12
2439,UNLV Rebels,32,0.4444444444444444,17,0.425,15,0.46875,4,0.5,4,0.2857142857142857,28,0.49122807017543857,57,0.543859649122807,0.45614035087719296,3.32,0.06,15,0.2631578947368421,31,4.38,0.14,15,0.4838709677419355,26,-1.06,-0.04,13,0.5,6,0.5,0.5,1.72,0.29,5,0.8333333333333334,3,1.27,0.42,3,1.0,3,0.45,0.15,2,0.6666666666666666,4,2,2,15,9,6,-5.03,-0.34,0.26666666666666666,0.13333333333333333,0.13333333333333333,0.6,0.4,21,0.4666666666666667,-2.6,-0.06,45,11,0.4074074074074074,0.88,0.03,27,401415266,2022,12
62,Hawai'i Rainbow Warriors,26,0.43333333333333335,11,0.4074074074074074,15,0.46875,4,0.4,7,0.5,19,0.41304347826086957,46,0.3695652173913043,0.6304347826086957,-2.67,-0.06,8,0.17391304347826086,17,-1.93,-0.11,4,0.23529411764705882,29,-0.74,-0.03,15,0.5172413793103449,17,0.7058823529411765,0.29411764705882354,3.41,0.2,5,0.29411764705882354,12,5.42,0.45,4,0.3333333333333333,5,-2.01,-0.4,1,0.2,7,7,0,14,10,3,2.75,0.2,0.5,0.5,0.0,0.7142857142857143,0.21428571428571427,18,0.45,-1.39,-0.03,40,8,0.4,1.46,0.07,20,401415266,2022,12
2046,Austin Peay Governors,26,0.3939393939393939,7,0.2916666666666667,19,0.4523809523809524,2,0.5,7,0.3888888888888889,17,0.3695652173913043,46,0.32608695652173914,0.6739130434782609,-11.65,-0.25,4,0.08695652173913043,15,-10.54,-0.7,6,0.4,31,-1.12,-0.04,11,0.3548387096774194,11,0.36363636363636365,0.6363636363636364,-2.05,-0.19,3,0.2727272727272727,4,-2.59,-0.65,0,0.0,7,0.54,0.08,3,0.42857142857142855,9,1,8,20,9,11,3.11,0.16,0.45,0.05,0.4,0.45,0.55,23,0.4791666666666667,3.87,0.08,48,3,0.16666666666666666,-12.41,-0.69,18,401426532,2022,1
98,Western Kentucky Hilltoppers,25,0.390625,15,0.45454545454545453,10,0.3225806451612903,4,0.5,5,0.38461538461538464,19,0.38,50,0.52,0.48,0.66,0.01,8,0.16,26,5.4,0.21,12,0.46153846153846156,24,-4.74,-0.2,7,0.2916666666666667,4,0.75,0.25,-2.87,-0.72,0,0.0,3,-2.86,-0.95,0,0.0,1,-0.0,-0.0,0,0.0,6,3,3,14,7,7,5.53,0.39,0.42857142857142855,0.21428571428571427,0.21428571428571427,0.5,0.5,16,0.37209302325581395,-4.17,-0.1,43,9,0.42857142857142855,10.35,0.49,21,401426532,2022,1
77,Northwestern Wildcats,35,0.4166666666666667,17,0.4473684210526316,18,0.391304347826087,4,0.4,7,0.4117647058823529,27,0.4090909090909091,66,0.4393939393939394,0.5606060606060606,8.34,0.13,17,0.25757575757575757,29,8.95,0.31,12,0.41379310344827586,37,-0.6,-0.02,15,0.40540540540540543,19,0.7894736842105263,0.21052631578947367,4.88,0.26,8,0.42105263157894735,15,3.4,0.23,6,0.4,4,1.48,0.37,2,0.5,8,5,3,18,9,9,7.47,0.41,0.4444444444444444,0.2777777777777778,0.16666666666666666,0.5,0.5,24,0.43636363636363634,6.82,0.12,55,11,0.3793103448275862,8.99,0.31,29,401405059,2022,1
158,Nebraska Cornhuskers,32,0.4383561643835616,21,0.4772727272727273,11,0.3793103448275862,5,0.625,9,0.5294117647058824,23,0.4107142857142857,56,0.5714285714285714,0.42857142857142855,0.58,0.01,10,0.17857142857142858,32,-4.61,-0.14,14,0.4375,24,5.19,0.22,9,0.375,9,0.7777777777777778,0.2222222222222222,6.09,0.68,6,0.6666666666666666,7,7.17,1.02,6,0.8571428571428571,2,-1.07,-0.54,0,0.0,9,7,2,17,12,5,3.68,0.22,0.5294117647058824,0.4117647058823529,0.11764705882352941,0.7058823529411765,0.29411764705882354,21,0.42857142857142855,-1.01,-0.02,49,11,0.4583333333333333,5.27,0.22,24,401405059,2022,1
41,UConn Huskies,28,0.4,12,0.375,16,0.42105263157894735,4,0.4444444444444444,7,0.5,21,0.38181818181818183,55,0.41818181818181815,0.5818181818181818,-12.1,-0.22,13,0.23636363636363636,23,-8.37,-0.36,8,0.34782608695652173,32,-3.73,-0.12,13,0.40625,12,0.25,0.75,-4.21,-0.35,4,0.3333333333333333,3,-2.77,-0.92,0,0.0,9,-1.44,-0.16,4,0.4444444444444444,7,4,3,15,9,6,-0.35,-0.02,0.4666666666666667,0.26666666666666666,0.2,0.6,0.4,18,0.4186046511627907,-2.59,-0.06,43,10,0.37037037037037035,-9.87,-0.37,27,401404146,2022,1
328,Utah State Aggies,40,0.49382716049382713,18,0.5625,22,0.4489795918367347,3,0.6,6,0.42857142857142855,34,0.5151515151515151,66,0.3333333333333333,0.6666666666666666,12.96,0.2,18,0.2727272727272727,22,13.36,0.61,14,0.6363636363636364,44,-0.4,-0.01,20,0.45454545454545453,16,0.5,0.5,8.5,0.53,9,0.5625,8,4.65,0.58,4,0.5,8,3.85,0.48,5,0.625,6,4,2,15,10,5,-2.02,-0.13,0.4,0.26666666666666666,0.13333333333333333,0.6666666666666666,0.3333333333333333,30,0.4918032786885246,-0.0,-0.0,61,10,0.5,10.94,0.55,20,401404146,2022,1
356,Illinois Fighting Illini,40,0.5,17,0.4473684210526316,23,0.5476190476190477,9,0.6,7,0.4375,32,0.5161290322580645,62,0.43548387096774194,0.5645161290322581,9.76,0.16,14,0.22580645161290322,27,6.92,0.26,15,0.5555555555555556,35,2.84,0.08,17,0.4857142857142857,12,0.6666666666666666,0.3333333333333333,-5.23,-0.44,2,0.16666666666666666,8,-2.18,-0.27,2,0.25,4,-3.05,-0.76,0,0.0,8,2,6,18,11,7,0.51,0.03,0.4444444444444444,0.1111111111111111,0.3333333333333333,0.6111111111111112,0.3888888888888889,34,0.5964912280701754,16.45,0.29,57,6,0.2608695652173913,-6.18,-0.27,23,401405058,2022,1
2751,Wyoming Cowboys,17,0.3333333333333333,5,0.25,12,0.3870967741935484,0,0.0,2,0.16666666666666666,15,0.39473684210526316,38,0.3684210526315789,0.631578947368421,-3.24,-0.09,8,0.21052631578947367,14,-10.87,-0.78,4,0.2857142857142857,24,7.63,0.32,11,0.4583333333333333,9,0.5555555555555556,0.4444444444444444,1.05,0.12,5,0.5555555555555556,5,-1.4,-0.28,3,0.6,4,2.44,0.61,2,0.5,2,1,1,13,6,7,-13.68,-1.05,0.15384615384615385,0.07692307692307693,0.07692307692307693,0.46153846153846156,0.5384615384615384,11,0.3333333333333333,-12.83,-0.39,33,6,0.3333333333333333,-4.09,-0.23,18,401405058,2022,1
52,Florida State Seminoles,47,0.618421052631579,12,0.5217391304347826,35,0.660377358490566,6,0.3333333333333333,5,0.5,41,0.640625,64,0.3125,0.6875,25.99,0.41,24,0.375,20,7.03,0.35,12,0.6,44,18.96,0.43,29,0.6590909090909091,12,0.4166666666666667,0.5833333333333334,6.29,0.52,8,0.6666666666666666,5,2.0,0.4,3,0.6,7,4.29,0.61,5,0.7142857142857143,6,0,6,12,3,9,-0.51,-0.04,0.5,0.0,0.5,0.25,0.75,44,0.7096774193548387,32.22,0.52,62,3,0.21428571428571427,-6.74,-0.48,14,401411090,2022,1
2184,Duquesne Dukes,16,0.3404255319148936,6,0.3333333333333333,10,0.3448275862068966,,,1,0.1,15,0.40540540540540543,37,0.2702702702702703,0.7297297297297297,1.35,0.04,7,0.1891891891891892,10,4.76,0.48,5,0.5,27,-3.42,-0.13,10,0.37037037037037035,7,0.14285714285714285,0.8571428571428571,-2.97,-0.42,0,0.0,1,-1.18,-1.18,0,0.0,6,-1.79,-0.3,0,0.0,1,1,0,10,8,2,-7.65,-0.76,0.1,0.1,0.0,0.8,0.2,14,0.4827586206896552,5.14,0.18,29,2,0.1111111111111111,-11.44,-0.64,18,401411090,2022,1
2226,Florida Atlantic Owls,25,0.352112676056338,10,0.4,15,0.32608695652173914,5,1.0,4,0.26666666666666666,21,0.38181818181818183,55,0.2909090909090909,0.7090909090909091,4.28,0.08,14,0.2545454545454545,16,3.38,0.21,8,0.5,39,0.89,0.02,13,0.3333333333333333,18,0.4444444444444444,0.5555555555555556,-4.46,-0.25,4,0.2222222222222222,8,0.38,0.05,2,0.25,10,-4.84,-0.48,2,0.2,4,2,2,16,9,7,-4.49,-0.28,0.25,0.125,0.125,0.5625,0.4375,17,0.3469387755102041,-3.77,-0.08,49,8,0.36363636363636365,3.55,0.16,22,401426530,2022,1
2429,Charlotte 49ers,16,0.3018867924528302,12,0.36363636363636365,4,0.2,1,0.5,3,0.3,12,0.2926829268292683,41,0.6097560975609756,0.3902439024390244,-10.78,-0.26,10,0.24390243902439024,25,-4.02,-0.16,9,0.36,16,-6.76,-0.42,3,0.1875,6,0.5,0.5,-7.14,-1.19,1,0.16666666666666666,3,-6.84,-2.28,1,0.3333333333333333,3,-0.29,-0.1,0,0.0,4,3,1,12,8,4,5.09,0.42,0.3333333333333333,0.25,0.08333333333333333,0.6666666666666666,0.3333333333333333,8,0.24242424242424243,-17.22,-0.52,33,8,0.4,11.52,0.58,20,401426530,2022,1
50,Florida A&M Rattlers,31,0.4696969696969697,22,0.5238095238095238,9,0.375,2,0.5,5,0.38461538461538464,24,0.47058823529411764,51,0.5686274509803921,0.43137254901960786,-2.05,-0.04,10,0.19607843137254902,29,2.4,0.08,16,0.5517241379310345,22,-4.45,-0.2,8,0.36363636363636365,12,0.6666666666666666,0.3333333333333333,3.04,0.25,4,0.3333333333333333,8,1.92,0.24,3,0.375,4,1.12,0.28,1,0.25,7,6,1,15,13,2,9.2,0.61,0.4666666666666667,0.4,0.06666666666666667,0.8666666666666667,0.13333333333333333,26,0.52,3.86,0.08,50,5,0.3125,3.29,0.21,16,401411091,2022,1
153,North Carolina Tar Heels,45,0.5769230769230769,24,0.631578947368421,21,0.525,11,0.6875,7,0.5833333333333334,36,0.5714285714285714,63,0.4603174603174603,0.5396825396825397,20.67,0.33,19,0.30158730158730157,29,14.22,0.49,19,0.6551724137931034,34,6.45,0.19,17,0.5,18,0.6666666666666666,0.3333333333333333,8.81,0.49,12,0.6666666666666666,12,7.93,0.66,9,0.75,6,0.88,0.15,3,0.5,9,5,4,15,9,6,19.58,1.31,0.6,0.3333333333333333,0.26666666666666666,0.6,0.4,37,0.6271186440677966,29.09,0.49,59,8,0.42105263157894735,11.15,0.59,19,401411091,2022,1
2440,Nevada Wolf Pack,26,0.3880597014925373,9,0.391304347826087,17,0.38636363636363635,5,0.4166666666666667,9,0.5294117647058824,17,0.34,50,0.32,0.68,-3.48,-0.07,8,0.16,16,-0.39,-0.02,8,0.5,34,-3.09,-0.09,9,0.2647058823529412,13,0.3076923076923077,0.6923076923076923,1.06,0.08,6,0.46153846153846156,4,0.12,0.03,2,0.5,9,0.94,0.1,4,0.4444444444444444,9,1,8,17,7,10,5.05,0.3,0.5294117647058824,0.058823529411764705,0.47058823529411764,0.4117647058823529,0.5882352941176471,21,0.44680851063829785,6.94,0.15,47,5,0.25,-5.37,-0.27,20,401409235,2022,1
166,New Mexico State Aggies,22,0.3728813559322034,13,0.38235294117647056,9,0.36,3,0.42857142857142855,5,0.4166666666666667,17,0.3695652173913043,46,0.5434782608695652,0.45652173913043476,-1.55,-0.03,7,0.15217391304347827,25,0.64,0.03,10,0.4,21,-2.19,-0.1,7,0.3333333333333333,7,0.2857142857142857,0.7142857142857143,-7.94,-1.13,0,0.0,2,-1.88,-0.94,0,0.0,5,-6.07,-1.21,0,0.0,5,3,2,13,9,4,-7.32,-0.56,0.38461538461538464,0.23076923076923078,0.15384615384615385,0.6923076923076923,0.3076923076923077,16,0.41025641025641024,-4.64,-0.12,39,6,0.3,-4.23,-0.21,20,401409235,2022,1
249,North Texas Mean Green,31,0.4492753623188406,16,0.5517241379310345,15,0.375,5,0.35714285714285715,7,0.5833333333333334,23,0.4107142857142857,56,0.35714285714285715,0.6428571428571429,-1.43,-0.03,16,0.2857142857142857,20,4.47,0.22,9,0.45,36,-5.9,-0.16,14,0.3888888888888889,13,0.38461538461538464,0.6153846153846154,-3.7,-0.28,4,0.3076923076923077,5,-0.09,-0.02,2,0.4,8,-3.61,-0.45,2,0.25,8,7,1,13,9,4,10.93,0.84,0.6153846153846154,0.5384615384615384,0.07692307692307693,0.6923076923076923,0.3076923076923077,20,0.43478260869565216,2.26,0.05,46,11,0.4782608695652174,7.24,0.31,23,401426531,2022,1
2638,UTEP Miners,31,0.40789473684210525,17,0.3541666666666667,14,0.5,3,0.3,8,0.4444444444444444,21,0.40384615384615385,52,0.6153846153846154,0.38461538461538464,2.38,0.05,9,0.17307692307692307,32,3.45,0.11,13,0.40625,20,-1.07,-0.05,8,0.4,8,0.75,0.25,-2.71,-0.34,2,0.25,6,-1.71,-0.28,2,0.3333333333333333,2,-1.0,-0.5,0,0.0,10,4,6,24,16,8,-9.3,-0.39,0.4166666666666667,0.16666666666666666,0.25,0.6666666666666666,0.3333333333333333,24,0.46153846153846156,4.54,0.09,52,7,0.2916666666666667,-11.46,-0.48,24,401426531,2022,1
238,Vanderbilt Commodores,36,0.5294117647058824,12,0.46153846153846156,24,0.5714285714285714,9,0.6923076923076923,6,0.6666666666666666,29,0.5370370370370371,54,0.25925925925925924,0.7407407407407407,22.7,0.42,16,0.2962962962962963,14,1.78,0.13,7,0.5,40,20.92,0.52,22,0.55,14,0.42857142857142855,0.5714285714285714,5.93,0.42,9,0.6428571428571429,6,-1.16,-0.19,3,0.5,8,7.09,0.89,6,0.75,7,5,2,14,12,2,4.98,0.36,0.5,0.35714285714285715,0.14285714285714285,0.8571428571428571,0.14285714285714285,27,0.5625,21.85,0.46,48,9,0.45,5.84,0.29,20,401403853,2022,1
62,Hawai'i Rainbow Warriors,32,0.4,20,0.35714285714285715,12,0.5454545454545454,1,0.25,5,0.3333333333333333,27,0.4426229508196721,61,0.6721311475409836,0.29508196721311475,-11.78,-0.19,14,0.22950819672131148,41,-1.37,-0.03,18,0.43902439024390244,18,1.7,0.09,9,0.5,10,0.8,0.2,-2.29,-0.23,5,0.5,8,1.78,0.22,4,0.5,2,-4.07,-2.04,1,0.5,5,2,3,19,15,4,-10.07,-0.53,0.2631578947368421,0.10526315789473684,0.15789473684210525,0.7894736842105263,0.21052631578947367,27,0.5094339622641509,0.23,0.0,53,5,0.18518518518518517,-22.08,-0.82,27,401403853,2022,1
2117,Central Michigan Chippewas,42,0.4772727272727273,28,0.5490196078431373,14,0.3888888888888889,6,0.75,4,0.26666666666666666,36,0.5217391304347826,69,0.5507246376811594,0.43478260869565216,30.65,0.44,19,0.2753623188405797,38,29.17,0.77,24,0.631578947368421,30,2.63,0.09,12,0.4,17,0.5294117647058824,0.47058823529411764,17.8,1.05,12,0.7058823529411765,9,15.6,1.73,8,0.8888888888888888,8,2.2,0.27,4,0.5,6,4,2,19,13,6,-9.09,-0.48,0.3157894736842105,0.21052631578947367,0.10526315789473684,0.6842105263157895,0.3157894736842105,30,0.4838709677419355,7.62,0.12,62,12,0.46153846153846156,13.94,0.54,26,401416569,2022,1
197,Oklahoma State Cowboys,35,0.49295774647887325,23,0.5476190476190477,12,0.41379310344827586,7,0.7,3,0.2727272727272727,32,0.5333333333333333,60,0.6,0.4,22.51,0.38,18,0.3,36,20.03,0.56,22,0.6111111111111112,24,2.48,0.1,10,0.4166666666666667,6,0.5,0.5,6.55,1.09,5,0.8333333333333334,3,4.92,1.64,3,1.0,3,1.63,0.54,2,0.6666666666666666,3,1,2,11,6,5,-5.34,-0.49,0.2727272727272727,0.09090909090909091,0.18181818181818182,0.5454545454545454,0.45454545454545453,27,0.5510204081632653,18.41,0.38,49,8,0.36363636363636365,-1.24,-0.06,22,401416569,2022,1
221,Pittsburgh Panthers,25,0.4098360655737705,13,0.4482758620689655,12,0.375,4,0.5714285714285714,5,0.4166666666666667,20,0.40816326530612246,49,0.42857142857142855,0.5714285714285714,6.75,0.14,13,0.2653061224489796,21,9.06,0.43,11,0.5238095238095238,28,-2.31,-0.08,9,0.32142857142857145,9,0.5555555555555556,0.4444444444444444,-1.82,-0.2,2,0.2222222222222222,5,-2.7,-0.54,1,0.2,4,0.88,0.22,1,0.25,5,2,3,12,8,4,1.66,0.14,0.4166666666666667,0.16666666666666666,0.25,0.6666666666666666,0.3333333333333333,17,0.425,1.33,0.03,40,8,0.38095238095238093,7.07,0.34,21,401411092,2022,1
277,West Virginia Mountaineers,31,0.4305555555555556,18,0.4186046511627907,13,0.4482758620689655,6,0.6666666666666666,9,0.5625,22,0.4,55,0.5636363636363636,0.43636363636363634,-12.25,-0.22,8,0.14545454545454545,31,-14.75,-0.48,12,0.3870967741935484,24,2.5,0.1,10,0.4166666666666667,13,0.6153846153846154,0.38461538461538464,5.33,0.41,8,0.6153846153846154,8,4.74,0.59,6,0.75,5,0.59,0.12,2,0.4,9,6,3,17,12,5,7.14,0.42,0.5294117647058824,0.35294117647058826,0.17647058823529413,0.7058823529411765,0.29411764705882354,21,0.44680851063829785,-3.08,-0.07,47,10,0.4,-2.04,-0.08,25,401411092,2022,1
2678,VMI Keydets,24,0.35294117647058826,14,0.358974358974359,10,0.3448275862068966,,,5,0.2777777777777778,18,0.375,48,0.5416666666666666,0.4583333333333333,-10.63,-0.22,6,0.125,26,-5.9,-0.23,11,0.4230769230769231,22,-4.73,-0.22,7,0.3181818181818182,11,0.45454545454545453,0.5454545454545454,-3.27,-0.3,5,0.45454545454545453,5,-0.37,-0.07,3,0.6,6,-2.9,-0.48,2,0.3333333333333333,6,3,3,20,13,7,-4.27,-0.21,0.3,0.15,0.15,0.65,0.35,17,0.4146341463414634,-11.63,-0.28,41,7,0.25925925925925924,-3.27,-0.12,27,401411093,2022,1
154,Wake Forest Demon Deacons,37,0.5,21,0.6,16,0.41025641025641024,6,0.4,8,0.47058823529411764,29,0.5178571428571429,56,0.39285714285714285,0.6071428571428571,10.89,0.19,15,0.26785714285714285,22,10.62,0.48,15,0.6818181818181818,34,0.26,0.01,14,0.4117647058823529,14,0.5714285714285714,0.42857142857142855,0.32,0.02,6,0.42857142857142855,8,0.83,0.1,4,0.5,6,-0.51,-0.09,2,0.3333333333333333,8,6,2,18,13,5,1.63,0.09,0.4444444444444444,0.3333333333333333,0.1111111111111111,0.7222222222222222,0.2777777777777778,30,0.5084745762711864,9.68,0.16,59,7,0.4666666666666667,2.84,0.19,15,401411093,2022,1
2598,St. Francis (PA) Red Flash,26,0.4,13,0.40625,13,0.3939393939393939,2,0.25,7,0.4375,18,0.375,48,0.4375,0.5625,-7.6,-0.16,10,0.20833333333333334,21,-5.06,-0.24,7,0.3333333333333333,27,-2.53,-0.09,11,0.4074074074074074,10,0.4,0.6,-3.56,-0.36,4,0.4,4,-1.26,-0.31,2,0.5,6,-2.31,-0.38,2,0.3333333333333333,8,6,2,17,11,6,-3.16,-0.19,0.47058823529411764,0.35294117647058826,0.11764705882352941,0.6470588235294118,0.35294117647058826,16,0.34782608695652173,-12.18,-0.26,46,10,0.5263157894736842,1.43,0.08,19,401416568,2022,1
2006,Akron Zips,18,0.2903225806451613,10,0.2564102564102564,8,0.34782608695652173,3,0.42857142857142855,5,0.4166666666666667,12,0.2553191489361702,47,0.6170212765957447,0.3829787234042553,-14.67,-0.31,11,0.23404255319148937,29,-10.37,-0.36,6,0.20689655172413793,18,-4.31,-0.24,6,0.3333333333333333,19,0.6842105263157895,0.3157894736842105,-18.83,-0.99,1,0.05263157894736842,13,-13.67,-1.05,0,0.0,6,-5.17,-0.86,1,0.16666666666666666,6,4,2,15,10,5,-2.91,-0.19,0.4,0.26666666666666666,0.13333333333333333,0.6666666666666666,0.3333333333333333,12,0.2926829268292683,-10.56,-0.26,41,6,0.2857142857142857,-7.02,-0.33,21,401416568,2022,1
2633,Tennessee Volunteers,47,0.5465116279069767,21,0.5833333333333334,26,0.52,10,0.5263157894736842,7,0.5384615384615384,37,0.5285714285714286,70,0.4,0.6,13.6,0.19,18,0.2571428571428571,28,11.35,0.41,16,0.5714285714285714,42,2.25,0.05,21,0.5,19,0.3157894736842105,0.6842105263157895,11.17,0.59,12,0.631578947368421,6,5.41,0.9,3,0.5,13,5.76,0.44,9,0.6923076923076923,10,5,5,16,8,8,9.97,0.62,0.625,0.3125,0.3125,0.5,0.5,37,0.5692307692307692,16.95,0.26,65,10,0.47619047619047616,6.62,0.32,21,401403864,2022,1
2050,Ball State Cardinals,27,0.38571428571428573,19,0.4418604651162791,8,0.2962962962962963,2,0.3333333333333333,5,0.35714285714285715,22,0.4074074074074074,54,0.5555555555555556,0.4444444444444444,-2.94,-0.05,13,0.24074074074074073,30,1.42,0.05,15,0.5,24,-4.35,-0.18,7,0.2916666666666667,8,1.0,0.0,2.6,0.32,5,0.625,8,2.6,0.32,5,0.625,,,,,,5,4,1,16,13,3,-7.39,-0.46,0.3125,0.25,0.0625,0.8125,0.1875,17,0.3469387755102041,-11.54,-0.24,49,10,0.47619047619047616,1.2,0.06,21,401403864,2022,1
2803,Bryant Bulldogs,23,0.2875,13,0.2826086956521739,10,0.29411764705882354,8,0.4444444444444444,5,0.3125,16,0.26229508196721313,61,0.5409836065573771,0.45901639344262296,-18.54,-0.3,16,0.26229508196721313,33,-13.87,-0.42,7,0.21212121212121213,28,-4.67,-0.17,9,0.32142857142857145,18,0.5,0.5,-5.73,-0.32,2,0.1111111111111111,9,-1.56,-0.17,1,0.1111111111111111,9,-4.17,-0.46,1,0.1111111111111111,7,6,1,19,13,6,1.44,0.08,0.3684210526315789,0.3157894736842105,0.05263157894736842,0.6842105263157895,0.3157894736842105,18,0.3157894736842105,-14.91,-0.26,57,5,0.21739130434782608,-2.18,-0.09,23,401426533,2022,1
2229,Florida International Panthers,27,0.3375,21,0.3888888888888889,6,0.23076923076923078,8,0.6153846153846154,6,0.375,17,0.2982456140350877,57,0.6666666666666666,0.3333333333333333,-14.38,-0.25,15,0.2631578947368421,38,0.11,0.0,14,0.3684210526315789,19,-14.49,-0.76,3,0.15789473684210525,18,0.7777777777777778,0.2222222222222222,-8.77,-0.49,2,0.1111111111111111,14,-5.51,-0.39,2,0.14285714285714285,4,-3.26,-0.82,0,0.0,10,7,3,23,16,7,7.99,0.35,0.43478260869565216,0.30434782608695654,0.13043478260869565,0.6956521739130435,0.30434782608695654,15,0.2727272727272727,-17.15,-0.31,55,12,0.48,10.76,0.43,25,401426533,2022,1
2341,Long Island University Sharks,14,0.23728813559322035,5,0.18518518518518517,9,0.28125,,,5,0.3125,9,0.21428571428571427,42,0.38095238095238093,0.6190476190476191,-17.35,-0.41,3,0.07142857142857142,16,-3.97,-0.25,5,0.3125,26,-13.39,-0.51,4,0.15384615384615385,8,0.375,0.625,-1.28,-0.16,4,0.5,3,-0.41,-0.14,1,0.3333333333333333,5,-0.87,-0.17,3,0.6,5,0,5,17,11,6,-13.04,-0.77,0.29411764705882354,0.0,0.29411764705882354,0.6470588235294118,0.35294117647058826,11,0.3055555555555556,-13.3,-0.37,36,3,0.13043478260869565,-17.09,-0.74,23,401441990,2022,1
2649,Toledo Rockets,30,0.410958904109589,14,0.4666666666666667,16,0.37209302325581395,2,0.2857142857142857,5,0.3333333333333333,23,0.41818181818181815,55,0.38181818181818183,0.6181818181818182,6.53,0.12,10,0.18181818181818182,21,0.06,0.0,9,0.42857142857142855,34,6.47,0.19,14,0.4117647058823529,7,0.14285714285714285,0.8571428571428571,5.94,0.85,7,1.0,1,0.66,0.66,1,1.0,6,5.28,0.88,6,1.0,7,5,2,18,9,9,-2.75,-0.15,0.3888888888888889,0.2777777777777778,0.1111111111111111,0.5,0.5,23,0.4423076923076923,3.96,0.08,52,7,0.3333333333333333,-0.18,-0.01,21,401441990,2022,1
2509,Purdue Boilermakers,35,0.43209876543209874,27,0.4426229508196721,8,0.4,4,0.6666666666666666,5,0.3125,28,0.4444444444444444,63,0.7301587301587301,0.2698412698412698,6.94,0.11,13,0.20634920634920634,46,7.01,0.15,21,0.45652173913043476,17,-0.07,-0.0,7,0.4117647058823529,15,0.6666666666666666,0.3333333333333333,6.16,0.41,10,0.6666666666666666,10,7.76,0.78,7,0.7,5,-1.59,-0.32,3,0.6,7,6,1,18,15,3,-0.67,-0.04,0.3888888888888889,0.3333333333333333,0.05555555555555555,0.8333333333333334,0.16666666666666666,24,0.4528301886792453,8.36,0.16,53,11,0.39285714285714285,-2.09,-0.07,28,401405064,2022,1
213,Penn State Nittany Lions,31,0.4246575342465753,21,0.5,10,0.3225806451612903,4,0.6666666666666666,5,0.35714285714285715,25,0.43103448275862066,58,0.5172413793103449,0.4827586206896552,0.9,0.02,10,0.1724137931034483,30,6.0,0.2,17,0.5666666666666667,28,-5.09,-0.18,8,0.2857142857142857,7,0.5714285714285714,0.42857142857142855,9.42,1.35,6,0.8571428571428571,4,8.21,2.05,4,1.0,3,1.21,0.4,2,0.6666666666666666,6,4,2,15,12,3,-2.73,-0.18,0.4,0.26666666666666666,0.13333333333333333,0.8,0.2,24,0.46153846153846156,-4.67,-0.09,52,7,0.3333333333333333,2.84,0.14,21,401405064,2022,1
2197,Eastern Illinois Panthers,35,0.5384615384615384,20,0.5405405405405406,15,0.5357142857142857,3,0.5,9,0.75,26,0.5,52,0.5,0.5,7.17,0.14,13,0.25,26,6.28,0.24,13,0.5,26,0.89,0.03,13,0.5,13,0.38461538461538464,0.6153846153846154,5.15,0.4,8,0.6153846153846154,5,2.13,0.43,2,0.4,8,3.02,0.38,6,0.75,9,7,2,13,11,2,13.82,1.06,0.6923076923076923,0.5384615384615384,0.15384615384615385,0.8461538461538461,0.15384615384615385,25,0.5681818181818182,7.32,0.17,44,10,0.47619047619047616,13.67,0.65,21,401416592,2022,1
2459,Northern Illinois Huskies,22,0.39285714285714285,12,0.5217391304347826,10,0.30303030303030304,3,0.42857142857142855,7,0.6363636363636364,15,0.3333333333333333,45,0.37777777777777777,0.6222222222222222,5.29,0.12,9,0.2,17,5.41,0.32,9,0.5294117647058824,28,-0.12,-0.0,6,0.21428571428571427,2,0.5,0.5,-1.39,-0.7,0,0.0,1,-1.22,-1.22,0,0.0,1,-0.17,-0.17,0,0.0,7,3,4,11,6,5,9.36,0.85,0.6363636363636364,0.2727272727272727,0.36363636363636365,0.5454545454545454,0.45454545454545453,11,0.3235294117647059,2.29,0.07,34,11,0.5,12.36,0.56,22,401416592,2022,1
5,UAB Blazers,32,0.5161290322580645,17,0.6071428571428571,15,0.4411764705882353,5,0.38461538461538464,5,0.5555555555555556,26,0.5098039215686274,51,0.45098039215686275,0.5490196078431373,9.4,0.18,15,0.29411764705882354,23,6.49,0.28,14,0.6086956521739131,28,2.91,0.1,12,0.42857142857142855,5,0.8,0.2,-0.3,-0.06,2,0.4,4,0.03,0.01,2,0.5,1,-0.33,-0.33,0,0.0,6,3,3,11,5,6,4.18,0.38,0.5454545454545454,0.2727272727272727,0.2727272727272727,0.45454545454545453,0.5454545454545454,23,0.5609756097560976,13.93,0.34,41,9,0.42857142857142855,-0.35,-0.02,21,401426534,2022,1
2010,Alabama A&M Bulldogs,24,0.3380281690140845,12,0.34285714285714286,12,0.3333333333333333,,,4,0.26666666666666666,17,0.34,50,0.42,0.58,-22.59,-0.45,8,0.16,21,-15.63,-0.74,8,0.38095238095238093,29,-6.96,-0.24,9,0.3103448275862069,13,0.46153846153846156,0.5384615384615384,-0.18,-0.01,5,0.38461538461538464,6,0.04,0.01,2,0.3333333333333333,7,-0.22,-0.03,3,0.42857142857142855,7,4,3,21,14,7,-5.86,-0.28,0.3333333333333333,0.19047619047619047,0.14285714285714285,0.6666666666666666,0.3333333333333333,15,0.3333333333333333,-24.96,-0.55,45,9,0.34615384615384615,-3.49,-0.13,26,401426534,2022,1
2348,Louisiana Tech Bulldogs,23,0.3382352941176471,17,0.3469387755102041,6,0.3157894736842105,0,0.0,6,0.35294117647058826,17,0.3333333333333333,51,0.6862745098039216,0.3137254901960784,1.28,0.03,7,0.13725490196078433,35,8.25,0.24,13,0.37142857142857144,16,-6.97,-0.44,4,0.25,14,0.9285714285714286,0.07142857142857142,-3.12,-0.22,5,0.35714285714285715,13,-2.6,-0.2,5,0.38461538461538464,1,-0.53,-0.53,0,0.0,6,4,2,17,14,3,-9.71,-0.57,0.35294117647058826,0.23529411764705882,0.11764705882352941,0.8235294117647058,0.17647058823529413,17,0.40476190476190477,10.74,0.26,42,6,0.23076923076923078,-19.17,-0.74,26,401426537,2022,1
142,Missouri Tigers,42,0.525,14,0.45161290322580644,28,0.5714285714285714,10,0.5555555555555556,8,0.6666666666666666,33,0.5,66,0.3787878787878788,0.6212121212121212,7.97,0.12,21,0.3181818181818182,25,-2.97,-0.12,10,0.4,41,10.94,0.27,23,0.5609756097560976,11,0.45454545454545453,0.5454545454545454,-2.57,-0.23,4,0.36363636363636365,5,1.59,0.32,2,0.4,6,-4.17,-0.69,2,0.3333333333333333,9,4,5,14,6,8,5.09,0.36,0.6428571428571429,0.2857142857142857,0.35714285714285715,0.42857142857142855,0.5714285714285714,30,0.5263157894736842,6.1,0.11,57,12,0.5217391304347826,6.95,0.3,23,401426537,2022,1
135,Minnesota Golden Gophers,42,0.6,12,0.5714285714285714,30,0.6122448979591837,14,0.6086956521739131,10,0.8333333333333334,32,0.5517241379310345,58,0.25862068965517243,0.7413793103448276,8.92,0.15,20,0.3448275862068966,15,2.41,0.16,8,0.5333333333333333,43,6.52,0.15,24,0.5581395348837209,15,0.3333333333333333,0.6666666666666666,5.6,0.37,9,0.6,5,1.99,0.4,3,0.6,10,3.61,0.36,6,0.6,10,4,6,12,6,6,11.8,0.98,0.8333333333333334,0.3333333333333333,0.5,0.5,0.5,31,0.5849056603773585,11.49,0.22,53,11,0.6470588235294118,9.24,0.54,17,401405060,2022,1
166,New Mexico State Aggies,8,0.25,2,0.15384615384615385,6,0.3157894736842105,,,2,0.2222222222222222,6,0.2608695652173913,23,0.30434782608695654,0.6956521739130435,-9.28,-0.4,2,0.08695652173913043,7,-6.53,-0.93,0,0.0,16,-2.74,-0.17,6,0.375,1,0.0,1.0,0.43,0.43,1,1.0,,,,,,1,0.43,0.43,1,1.0,2,2,0,9,6,3,-5.51,-0.61,0.2222222222222222,0.2222222222222222,0.0,0.6666666666666666,0.3333333333333333,6,0.35294117647058826,-2.97,-0.17,17,2,0.13333333333333333,-11.81,-0.79,15,401405060,2022,1
13,Cal Poly Mustangs,22,0.3384615384615385,13,0.35135135135135137,9,0.32142857142857145,4,0.19047619047619047,4,0.2857142857142857,16,0.34782608695652173,46,0.5217391304347826,0.4782608695652174,1.7,0.04,8,0.17391304347826086,24,4.23,0.18,8,0.3333333333333333,22,-2.53,-0.12,8,0.36363636363636365,5,0.6,0.4,-6.61,-1.32,0,0.0,3,-4.88,-1.63,0,0.0,2,-1.73,-0.86,0,0.0,6,5,1,19,13,6,-8.42,-0.44,0.3157894736842105,0.2631578947368421,0.05263157894736842,0.6842105263157895,0.3157894736842105,12,0.3,-15.94,-0.4,40,10,0.4,9.22,0.37,25,401413224,2022,1
278,Fresno State Bulldogs,46,0.6133333333333333,29,0.6304347826086957,17,0.5862068965517241,7,0.5384615384615384,5,0.5,40,0.625,64,0.625,0.375,20.89,0.33,23,0.359375,40,14.18,0.35,27,0.675,24,6.71,0.28,13,0.5416666666666666,18,0.7777777777777778,0.2222222222222222,1.5,0.08,11,0.6111111111111112,14,-0.13,-0.01,8,0.5714285714285714,4,1.63,0.41,3,0.75,6,2,4,11,6,5,1.64,0.15,0.5454545454545454,0.18181818181818182,0.36363636363636365,0.5454545454545454,0.45454545454545453,36,0.6206896551724138,15.24,0.26,58,10,0.5882352941176471,7.29,0.43,17,401413224,2022,1
23,San José State Spartans,23,0.3898305084745763,12,0.32432432432432434,11,0.5,3,0.25,5,0.4166666666666667,18,0.4,45,0.6222222222222222,0.37777777777777777,-1.72,-0.04,9,0.2,28,0.04,0.0,10,0.35714285714285715,17,-1.76,-0.1,8,0.47058823529411764,3,0.3333333333333333,0.6666666666666666,-1.35,-0.45,1,0.3333333333333333,1,-0.2,-0.2,0,0.0,2,-1.15,-0.57,1,0.5,5,2,3,14,9,5,-5.88,-0.42,0.35714285714285715,0.14285714285714285,0.21428571428571427,0.6428571428571429,0.35714285714285715,15,0.35714285714285715,-11.22,-0.27,42,8,0.47058823529411764,3.63,0.21,17,401415213,2022,1
2502,Portland State Vikings,33,0.4782608695652174,17,0.5,16,0.45714285714285713,8,0.5,4,0.3333333333333333,26,0.48148148148148145,54,0.5,0.5,-8.25,-0.15,12,0.2222222222222222,27,-1.68,-0.06,14,0.5185185185185185,27,-6.57,-0.24,12,0.4444444444444444,10,0.2,0.8,-4.84,-0.48,3,0.3,2,-1.86,-0.93,0,0.0,8,-2.98,-0.37,3,0.375,7,3,4,15,7,8,6.28,0.42,0.4666666666666667,0.2,0.26666666666666666,0.4666666666666667,0.5333333333333333,22,0.4888888888888889,-3.8,-0.08,45,11,0.4583333333333333,1.83,0.08,24,401415213,2022,1
2711,Western Michigan Broncos,26,0.3561643835616438,16,0.37209302325581395,10,0.3333333333333333,2,0.2857142857142857,6,0.3333333333333333,18,0.34615384615384615,52,0.5384615384615384,0.46153846153846156,-5.84,-0.11,9,0.17307692307692307,28,-0.01,-0.0,12,0.42857142857142855,24,-5.82,-0.24,6,0.25,12,0.5,0.5,-5.56,-0.46,4,0.3333333333333333,6,-0.91,-0.15,2,0.3333333333333333,6,-4.65,-0.78,2,0.3333333333333333,8,4,4,21,15,6,-2.97,-0.14,0.38095238095238093,0.19047619047619047,0.19047619047619047,0.7142857142857143,0.2857142857142857,18,0.391304347826087,-9.08,-0.2,46,8,0.2962962962962963,0.27,0.01,27,401416591,2022,1
127,Michigan State Spartans,26,0.4642857142857143,10,0.4,16,0.5161290322580645,3,0.42857142857142855,3,0.3,22,0.4888888888888889,45,0.4222222222222222,0.5777777777777777,10.39,0.23,11,0.24444444444444444,19,7.11,0.37,9,0.47368421052631576,26,3.28,0.13,13,0.5,9,0.5555555555555556,0.4444444444444444,-6.33,-0.7,2,0.2222222222222222,5,-0.96,-0.19,2,0.4,4,-5.37,-1.34,0,0.0,4,1,3,11,6,5,-1.17,-0.11,0.36363636363636365,0.09090909090909091,0.2727272727272727,0.5454545454545454,0.45454545454545453,22,0.5116279069767442,9.37,0.22,43,4,0.3076923076923077,-0.15,-0.01,13,401416591,2022,1
2198,Eastern Kentucky Colonels,37,0.4625,27,0.5192307692307693,10,0.35714285714285715,6,0.6666666666666666,12,0.6666666666666666,24,0.39344262295081966,61,0.6065573770491803,0.39344262295081966,-4.42,-0.07,11,0.18032786885245902,37,2.23,0.06,17,0.4594594594594595,24,-6.65,-0.28,7,0.2916666666666667,5,0.4,0.6,0.89,0.18,2,0.4,2,1.64,0.82,1,0.5,3,-0.75,-0.25,1,0.3333333333333333,13,10,3,19,15,4,16.93,0.89,0.6842105263157895,0.5263157894736842,0.15789473684210525,0.7894736842105263,0.21052631578947367,28,0.4827586206896552,5.02,0.09,58,9,0.4090909090909091,7.49,0.34,22,401416590,2022,1
2199,Eastern Michigan Eagles,35,0.5555555555555556,18,0.5454545454545454,17,0.5666666666666667,6,0.5454545454545454,7,0.6363636363636364,28,0.5384615384615384,52,0.5192307692307693,0.4807692307692308,4.23,0.08,12,0.23076923076923078,27,2.33,0.09,15,0.5555555555555556,25,1.91,0.08,13,0.52,11,0.5454545454545454,0.45454545454545453,3.61,0.33,6,0.5454545454545454,6,3.38,0.56,4,0.6666666666666666,5,0.23,0.05,2,0.4,7,3,4,11,6,5,8.75,0.8,0.6363636363636364,0.2727272727272727,0.36363636363636365,0.5454545454545454,0.45454545454545453,26,0.5652173913043478,3.73,0.08,46,9,0.5294117647058824,9.25,0.54,17,401416590,2022,1
295,Old Dominion Monarchs,21,0.3088235294117647,6,0.16666666666666666,15,0.46875,3,0.3,4,0.26666666666666666,16,0.3137254901960784,51,0.47058823529411764,0.5294117647058824,-11.73,-0.23,8,0.1568627450980392,24,-10.99,-0.46,4,0.16666666666666666,27,-0.74,-0.03,12,0.4444444444444444,4,1.0,0.0,-4.32,-1.08,0,0.0,4,-4.32,-1.08,0,0.0,,,,,,5,2,3,17,12,5,-13.87,-0.82,0.29411764705882354,0.11764705882352941,0.17647058823529413,0.7058823529411765,0.29411764705882354,12,0.2727272727272727,-21.82,-0.5,44,9,0.375,-3.78,-0.16,24,401426330,2022,1
259,Virginia Tech Hokies,28,0.37333333333333335,15,0.4166666666666667,13,0.3333333333333333,4,0.6666666666666666,6,0.35294117647058826,22,0.38596491228070173,57,0.43859649122807015,0.5614035087719298,0.3,0.01,12,0.21052631578947367,25,2.25,0.09,12,0.48,32,-1.95,-0.06,10,0.3125,17,0.47058823529411764,0.5294117647058824,3.18,0.19,7,0.4117647058823529,8,-0.07,-0.01,3,0.375,9,3.25,0.36,4,0.4444444444444444,6,3,3,18,11,7,-7.1,-0.39,0.3333333333333333,0.16666666666666666,0.16666666666666666,0.6111111111111112,0.3888888888888889,19,0.4222222222222222,-0.89,-0.02,45,9,0.3,-5.9,-0.2,30,401426330,2022,1
2429,Charlotte 49ers,25,0.36764705882352944,12,0.35294117647058826,13,0.3939393939393939,2,0.4,5,0.3333333333333333,20,0.39215686274509803,51,0.47058823529411764,0.5294117647058824,-0.95,-0.02,14,0.27450980392156865,24,3.39,0.14,10,0.4166666666666667,27,-4.34,-0.16,10,0.37037037037037035,18,0.3888888888888889,0.6111111111111112,-12.04,-0.67,3,0.16666666666666666,7,-3.73,-0.53,1,0.14285714285714285,11,-8.31,-0.76,2,0.18181818181818182,5,2,3,17,10,6,-1.32,-0.08,0.29411764705882354,0.11764705882352941,0.17647058823529413,0.5882352941176471,0.35294117647058826,15,0.35714285714285715,-1.49,-0.04,42,10,0.38461538461538464,-0.78,-0.03,26,401426535,2022,1
2729,William & Mary Tribe,27,0.40298507462686567,8,0.36363636363636365,19,0.4222222222222222,8,0.47058823529411764,5,0.4166666666666667,20,0.38461538461538464,52,0.3076923076923077,0.6923076923076923,0.42,0.01,18,0.34615384615384615,16,-3.82,-0.24,6,0.375,36,4.24,0.12,14,0.3888888888888889,17,0.35294117647058826,0.6470588235294118,-13.39,-0.79,2,0.11764705882352941,6,-5.5,-0.92,0,0.0,11,-7.89,-0.72,2,0.18181818181818182,7,2,5,15,6,9,7.77,0.52,0.4666666666666667,0.13333333333333333,0.3333333333333333,0.4,0.6,20,0.425531914893617,2.29,0.05,47,7,0.35,5.91,0.3,20,401426535,2022,1
150,Duke Blue Devils,37,0.578125,20,0.6451612903225806,17,0.5151515151515151,5,0.38461538461538464,1,0.1111111111111111,35,0.6481481481481481,54,0.48148148148148145,0.5185185185185185,22.74,0.42,20,0.37037037037037035,26,17.45,0.67,19,0.7307692307692307,28,5.29,0.19,16,0.5714285714285714,7,0.5714285714285714,0.42857142857142855,-0.24,-0.03,2,0.2857142857142857,4,-1.67,-0.42,1,0.25,3,1.42,0.47,1,0.3333333333333333,2,1,1,10,5,5,-4.49,-0.45,0.2,0.1,0.1,0.5,0.5,32,0.6530612244897959,17.6,0.36,49,5,0.3333333333333333,0.65,0.04,15,401411094,2022,1
218,Temple Owls,21,0.3684210526315789,12,0.4,9,0.3333333333333333,,,6,0.42857142857142855,15,0.36585365853658536,41,0.43902439024390244,0.5609756097560976,-14.37,-0.35,7,0.17073170731707318,18,0.23,0.01,8,0.4444444444444444,23,-14.6,-0.63,7,0.30434782608695654,14,0.5714285714285714,0.42857142857142855,0.78,0.06,6,0.42857142857142855,8,1.71,0.21,4,0.5,6,-0.93,-0.15,2,0.3333333333333333,6,4,2,16,12,4,-4.7,-0.29,0.375,0.25,0.125,0.75,0.25,12,0.3333333333333333,-18.47,-0.51,36,9,0.42857142857142855,-0.6,-0.03,21,401411094,2022,1
2305,Kansas Jayhawks,31,0.6326530612244898,14,0.7368421052631579,17,0.5666666666666667,12,0.7058823529411765,6,0.75,25,0.625,40,0.375,0.625,12.59,0.31,11,0.275,15,4.98,0.33,12,0.8,25,7.61,0.3,13,0.52,17,0.5294117647058824,0.47058823529411764,8.45,0.5,12,0.7058823529411765,9,3.86,0.43,8,0.8888888888888888,8,4.59,0.57,4,0.5,6,2,4,9,4,5,5.54,0.62,0.6666666666666666,0.2222222222222222,0.4444444444444444,0.4444444444444444,0.5555555555555556,25,0.625,10.73,0.27,40,6,0.6666666666666666,7.41,0.82,9,401404052,2022,1
2635,Tennessee Tech Golden Eagles,25,0.373134328358209,11,0.3793103448275862,14,0.3684210526315789,3,0.3,4,0.26666666666666666,20,0.39215686274509803,51,0.39215686274509803,0.6078431372549019,-6.96,-0.14,7,0.13725490196078433,20,-0.25,-0.01,8,0.4,31,-6.72,-0.22,12,0.3870967741935484,4,0.25,0.75,-2.05,-0.51,1,0.25,1,-0.9,-0.9,0,0.0,3,-1.15,-0.38,1,0.3333333333333333,5,3,2,16,9,7,-4.13,-0.26,0.3125,0.1875,0.125,0.5625,0.4375,18,0.47368421052631576,-1.18,-0.03,38,7,0.2413793103448276,-9.92,-0.34,29,401404052,2022,1
84,Indiana Hoosiers,26,0.3333333333333333,22,0.41509433962264153,4,0.16,3,0.5,10,0.5263157894736842,16,0.2711864406779661,59,0.6440677966101694,0.3559322033898305,-16.85,-0.29,7,0.11864406779661017,38,-5.07,-0.13,14,0.3684210526315789,21,-11.78,-0.56,2,0.09523809523809523,19,0.631578947368421,0.3684210526315789,-2.49,-0.13,6,0.3157894736842105,12,-0.44,-0.04,5,0.4166666666666667,7,-2.05,-0.29,1,0.14285714285714285,10,8,2,19,15,4,7.28,0.38,0.5263157894736842,0.42105263157894735,0.10526315789473684,0.7894736842105263,0.21052631578947367,20,0.38461538461538464,0.83,0.02,52,6,0.23076923076923078,-10.4,-0.4,26,401405061,2022,1
356,Illinois Fighting Illini,41,0.4606741573033708,20,0.5128205128205128,21,0.42,4,0.2857142857142857,10,0.5882352941176471,31,0.44285714285714284,70,0.38571428571428573,0.6142857142857143,-7.13,-0.1,18,0.2571428571428571,27,0.35,0.01,15,0.5555555555555556,43,-7.48,-0.17,16,0.37209302325581395,5,0.4,0.6,3.97,0.79,4,0.8,2,2.65,1.33,2,1.0,3,1.31,0.44,2,0.6666666666666666,10,5,5,19,12,7,1.96,0.1,0.5263157894736842,0.2631578947368421,0.2631578947368421,0.631578947368421,0.3684210526315789,31,0.47692307692307695,-0.92,-0.01,65,10,0.4166666666666667,-4.26,-0.18,24,401405061,2022,1
2628,TCU Horned Frogs,26,0.5098039215686274,10,0.43478260869565216,16,0.5714285714285714,4,0.6666666666666666,5,0.45454545454545453,19,0.5,38,0.3684210526315789,0.631578947368421,12.55,0.33,8,0.21052631578947367,14,-1.81,-0.13,5,0.35714285714285715,24,14.35,0.6,14,0.5833333333333334,9,0.5555555555555556,0.4444444444444444,9.68,1.08,5,0.5555555555555556,5,3.6,0.72,2,0.4,4,6.08,1.52,3,0.75,7,5,2,13,9,4,9.41,0.72,0.5384615384615384,0.38461538461538464,0.15384615384615385,0.6923076923076923,0.3076923076923077,19,0.5757575757575758,21.52,0.65,33,7,0.3888888888888889,0.43,0.02,18,401403966,2022,1
38,Colorado Buffaloes,29,0.4142857142857143,16,0.37209302325581395,13,0.48148148148148145,1,0.16666666666666666,6,0.4,23,0.4423076923076923,52,0.6153846153846154,0.38461538461538464,3.27,0.06,12,0.23076923076923078,32,0.18,0.01,13,0.40625,20,3.09,0.15,10,0.5,10,0.8,0.2,0.4,0.04,4,0.4,8,0.42,0.05,3,0.375,2,-0.02,-0.01,1,0.5,6,3,3,18,11,7,-4.93,-0.27,0.3333333333333333,0.16666666666666666,0.16666666666666666,0.6111111111111112,0.3888888888888889,22,0.5,0.01,0.0,44,7,0.2692307692307692,-1.67,-0.06,26,401403966,2022,1
333,Alabama Crimson Tide,40,0.5633802816901409,23,0.575,17,0.5483870967741935,11,0.55,6,0.6,34,0.5573770491803278,61,0.5409836065573771,0.45901639344262296,19.25,0.32,22,0.36065573770491804,33,11.93,0.36,20,0.6060606060606061,28,7.33,0.26,14,0.5,12,0.5833333333333334,0.4166666666666667,7.22,0.6,8,0.6666666666666666,7,2.03,0.29,4,0.5714285714285714,5,5.19,1.04,4,0.8,6,3,3,10,7,3,7.41,0.74,0.6,0.3,0.3,0.7,0.3,29,0.5370370370370371,11.77,0.22,54,11,0.6470588235294118,14.89,0.88,17,401403854,2022,1
328,Utah State Aggies,17,0.288135593220339,5,0.22727272727272727,12,0.32432432432432434,0,0.0,4,0.23529411764705882,11,0.2894736842105263,38,0.2894736842105263,0.7105263157894737,-11.82,-0.31,2,0.05263157894736842,11,-2.02,-0.18,3,0.2727272727272727,27,-9.79,-0.36,8,0.2962962962962963,7,0.2857142857142857,0.7142857142857143,-3.69,-0.53,1,0.14285714285714285,2,-1.42,-0.71,0,0.0,5,-2.27,-0.45,1,0.2,6,2,4,21,11,10,-10.9,-0.52,0.2857142857142857,0.09523809523809523,0.19047619047619047,0.5238095238095238,0.47619047619047616,12,0.32432432432432434,-12.11,-0.33,37,5,0.22727272727272727,-10.61,-0.48,22,401403854,2022,1
194,Ohio State Buckeyes,32,0.48484848484848486,13,0.37142857142857144,19,0.6129032258064516,2,0.6666666666666666,7,0.5384615384615384,25,0.4716981132075472,53,0.4716981132075472,0.5283018867924528,8.31,0.16,14,0.2641509433962264,25,-3.6,-0.14,8,0.32,28,11.9,0.43,17,0.6071428571428571,12,0.6666666666666666,0.3333333333333333,0.1,0.01,4,0.3333333333333333,8,-1.77,-0.22,2,0.25,4,1.87,0.47,2,0.5,7,5,2,13,10,3,9.96,0.77,0.5384615384615384,0.38461538461538464,0.15384615384615385,0.7692307692307693,0.23076923076923078,27,0.5510204081632653,14.14,0.29,49,5,0.29411764705882354,4.14,0.24,17,401404124,2022,1
87,Notre Dame Fighting Irish,17,0.3541666666666667,8,0.38095238095238093,9,0.3333333333333333,3,0.42857142857142855,4,0.3076923076923077,13,0.37142857142857144,35,0.34285714285714286,0.6571428571428571,-0.3,-0.01,6,0.17142857142857143,12,4.81,0.4,5,0.4166666666666667,23,-5.12,-0.22,8,0.34782608695652173,9,0.4444444444444444,0.5555555555555556,-2.38,-0.26,1,0.1111111111111111,4,-2.91,-0.73,0,0.0,5,0.53,0.11,1,0.2,4,3,1,13,9,4,-1.29,-0.1,0.3076923076923077,0.23076923076923078,0.07692307692307693,0.6923076923076923,0.3076923076923077,12,0.41379310344827586,3.87,0.13,29,5,0.2631578947368421,-5.47,-0.29,19,401404124,2022,1
2483,Oregon Ducks,32,0.47058823529411764,17,0.4594594594594595,15,0.4838709677419355,3,0.2727272727272727,8,0.5333333333333333,22,0.44,50,0.58,0.42,-8.49,-0.17,11,0.22,29,-8.52,-0.29,14,0.4827586206896552,21,0.02,0.0,8,0.38095238095238093,7,0.5714285714285714,0.42857142857142855,2.83,0.4,4,0.5714285714285714,4,1.46,0.37,3,0.75,3,1.36,0.45,1,0.3333333333333333,10,3,7,18,8,10,5.75,0.32,0.5555555555555556,0.16666666666666666,0.3888888888888889,0.4444444444444444,0.5555555555555556,23,0.48936170212765956,-9.7,-0.21,47,9,0.42857142857142855,6.96,0.33,21,401403858,2022,1
61,Georgia Bulldogs,43,0.7049180327868853,26,0.7027027027027027,17,0.7083333333333334,11,0.6470588235294118,9,0.9,34,0.6666666666666666,51,0.6078431372549019,0.39215686274509803,22.19,0.44,16,0.3137254901960784,31,18.81,0.61,21,0.6774193548387096,20,3.38,0.17,13,0.65,14,0.7857142857142857,0.21428571428571427,9.72,0.69,11,0.7857142857142857,11,6.97,0.63,8,0.7272727272727273,3,2.76,0.92,3,1.0,9,5,4,10,6,4,14.63,1.46,0.9,0.5,0.4,0.6,0.4,35,0.7291666666666666,27.37,0.57,48,8,0.6153846153846154,9.45,0.73,13,401403858,2022,1
2534,Sam Houston Bearkats,17,0.3090909090909091,8,0.25806451612903225,9,0.375,0,0.0,2,0.16666666666666666,14,0.3333333333333333,42,0.5,0.5,-16.65,-0.4,8,0.19047619047619047,21,-10.38,-0.49,6,0.2857142857142857,21,-6.27,-0.3,8,0.38095238095238093,5,0.8,0.2,-1.06,-0.21,2,0.4,4,-1.53,-0.38,1,0.25,1,0.48,0.48,1,1.0,3,2,1,13,10,3,-5.82,-0.45,0.23076923076923078,0.15384615384615385,0.07692307692307693,0.7692307692307693,0.23076923076923078,12,0.35294117647058826,-16.96,-0.5,34,5,0.23809523809523808,-5.52,-0.26,21,401403865,2022,1
245,Texas A&M Aggies,32,0.48484848484848486,19,0.5588235294117647,13,0.40625,2,0.4,6,0.5,26,0.48148148148148145,54,0.4444444444444444,0.5555555555555556,0.9,0.02,16,0.2962962962962963,24,3.67,0.15,15,0.625,30,-2.77,-0.09,11,0.36666666666666664,14,0.35714285714285715,0.6428571428571429,6.32,0.45,8,0.5714285714285714,5,5.4,1.08,2,0.4,9,0.92,0.1,6,0.6666666666666666,6,4,2,12,10,2,9.43,0.79,0.5,0.3333333333333333,0.16666666666666666,0.8333333333333334,0.16666666666666666,20,0.4444444444444444,-8.1,-0.18,45,12,0.5714285714285714,18.43,0.88,21,401403865,2022,1
57,Florida Gators,38,0.6129032258064516,14,0.5833333333333334,24,0.631578947368421,7,0.7777777777777778,7,0.5833333333333334,29,0.6041666666666666,48,0.3333333333333333,0.6666666666666666,8.55,0.18,12,0.25,16,3.73,0.23,10,0.625,32,4.82,0.15,19,0.59375,5,0.4,0.6,6.58,1.32,5,1.0,2,1.48,0.74,2,1.0,3,5.1,1.7,3,1.0,9,4,5,14,8,6,12.83,0.92,0.6428571428571429,0.2857142857142857,0.35714285714285715,0.5714285714285714,0.42857142857142855,31,0.6458333333333334,20.08,0.42,48,7,0.5,1.3,0.09,14,401403857,2022,1
254,Utah Utes,43,0.6056338028169014,20,0.625,23,0.5897435897435898,10,0.5555555555555556,9,0.6923076923076923,34,0.5964912280701754,57,0.43859649122807015,0.5614035087719298,8.5,0.15,17,0.2982456140350877,25,5.54,0.22,17,0.68,32,2.96,0.09,17,0.53125,12,0.4166666666666667,0.5833333333333334,4.18,0.35,8,0.6666666666666666,5,1.51,0.3,3,0.6,7,2.67,0.38,5,0.7142857142857143,9,3,6,14,7,7,5.93,0.42,0.6428571428571429,0.21428571428571427,0.42857142857142855,0.5,0.5,33,0.6,4.58,0.08,55,10,0.625,9.85,0.62,16,401403857,2022,1
130,Michigan Wolverines,38,0.5588235294117647,14,0.4827586206896552,24,0.6153846153846154,10,0.43478260869565216,3,0.3,33,0.5892857142857143,56,0.375,0.625,20.93,0.37,18,0.32142857142857145,21,12.09,0.58,13,0.6190476190476191,35,8.83,0.25,20,0.5714285714285714,5,0.8,0.2,1.26,0.25,3,0.6,4,1.02,0.25,2,0.5,1,0.24,0.24,1,1.0,5,1,4,12,8,4,1.84,0.15,0.4166666666666667,0.08333333333333333,0.3333333333333333,0.6666666666666666,0.3333333333333333,31,0.5961538461538461,21.66,0.42,52,7,0.4375,1.1,0.07,16,401405067,2022,1
36,Colorado State Rams,21,0.3559322033898305,9,0.3333333333333333,12,0.3870967741935484,,,2,0.18181818181818182,18,0.4090909090909091,44,0.4090909090909091,0.5909090909090909,-0.35,-0.01,10,0.22727272727272727,18,1.66,0.09,7,0.3888888888888889,26,-2.01,-0.08,11,0.4230769230769231,16,0.5,0.4375,-4.61,-0.29,6,0.375,8,-2.16,-0.27,2,0.25,7,1.85,0.26,4,0.5714285714285714,3,2,1,15,9,5,-18.15,-1.21,0.2,0.13333333333333333,0.06666666666666667,0.6,0.3333333333333333,19,0.475,0.55,0.01,40,2,0.10526315789473684,-19.04,-1.0,19,401405067,2022,1
201,Oklahoma Sooners,36,0.5901639344262295,13,0.52,23,0.6388888888888888,8,0.5,4,0.5,31,0.5961538461538461,52,0.4230769230769231,0.5769230769230769,23.55,0.45,14,0.2692307692307692,22,10.17,0.46,12,0.5454545454545454,30,13.38,0.45,19,0.6333333333333333,10,0.5,0.5,8.28,0.83,8,0.8,5,6.4,1.28,4,0.8,5,1.88,0.38,4,0.8,5,1,4,9,3,6,0.14,0.02,0.5555555555555556,0.1111111111111111,0.4444444444444444,0.3333333333333333,0.6666666666666666,29,0.6170212765957447,22.39,0.48,47,7,0.5,1.29,0.09,14,401426541,2022,1
2638,UTEP Miners,39,0.47560975609756095,26,0.45614035087719296,13,0.52,1,0.5,7,0.4666666666666667,31,0.47692307692307695,65,0.6615384615384615,0.3384615384615385,-7.78,-0.12,17,0.26153846153846155,43,-5.95,-0.14,20,0.46511627906976744,22,-1.84,-0.08,11,0.5,11,0.9090909090909091,0.09090909090909091,-0.37,-0.03,6,0.5454545454545454,10,1.34,0.13,6,0.6,1,-1.71,-1.71,0,0.0,8,6,2,17,14,3,1.68,0.1,0.47058823529411764,0.35294117647058826,0.11764705882352941,0.8235294117647058,0.17647058823529413,26,0.52,-4.77,-0.1,50,13,0.40625,-1.33,-0.04,32,401426541,2022,1
239,Baylor Bears,45,0.6617647058823529,19,0.6551724137931034,26,0.6666666666666666,8,0.6153846153846154,6,0.6,38,0.6785714285714286,56,0.4107142857142857,0.5892857142857143,29.45,0.53,15,0.26785714285714285,23,11.55,0.5,15,0.6521739130434783,33,17.9,0.54,23,0.696969696969697,17,0.5294117647058824,0.47058823529411764,13.58,0.8,14,0.8235294117647058,9,3.84,0.43,7,0.7777777777777778,8,9.74,1.22,7,0.875,7,4,3,12,6,6,5.75,0.48,0.5833333333333334,0.3333333333333333,0.25,0.5,0.5,40,0.7017543859649122,30.21,0.53,57,5,0.45454545454545453,4.99,0.45,11,401424416,2022,1
399,Albany Great Danes,19,0.31666666666666665,10,0.3125,9,0.32142857142857145,1,0.25,5,0.29411764705882354,14,0.32558139534883723,43,0.5116279069767442,0.4883720930232558,-7.47,-0.17,3,0.06976744186046512,22,-3.06,-0.14,8,0.36363636363636365,21,-4.41,-0.21,6,0.2857142857142857,4,0.5,0.5,-1.42,-0.36,1,0.25,2,-0.51,-0.26,1,0.5,2,-0.91,-0.45,0,0.0,5,2,3,17,10,7,-0.45,-0.03,0.29411764705882354,0.11764705882352941,0.17647058823529413,0.5882352941176471,0.4117647058823529,12,0.3333333333333333,-0.37,-0.01,36,7,0.2916666666666667,-7.55,-0.31,24,401424416,2022,1
152,NC State Wolfpack,24,0.375,14,0.42424242424242425,10,0.3225806451612903,3,0.3,4,0.3076923076923077,19,0.3877551020408163,49,0.4897959183673469,0.5102040816326531,0.47,0.01,11,0.22448979591836735,24,-1.22,-0.05,11,0.4583333333333333,25,1.69,0.07,8,0.32,16,0.375,0.625,4.63,0.29,6,0.375,6,1.18,0.2,3,0.5,10,3.45,0.34,3,0.3,5,3,2,15,9,6,-6.1,-0.41,0.3333333333333333,0.2,0.13333333333333333,0.6,0.4,17,0.37777777777777777,-4.96,-0.11,45,7,0.3684210526315789,-0.66,-0.03,19,401411096,2022,1
151,East Carolina Pirates,28,0.4117647058823529,18,0.43902439024390244,10,0.37037037037037035,5,0.625,10,0.5882352941176471,18,0.36,50,0.54,0.46,-6.18,-0.12,7,0.14,27,-3.4,-0.13,11,0.4074074074074074,23,-2.78,-0.12,7,0.30434782608695654,5,0.4,0.6,-1.15,-0.23,2,0.4,2,0.39,0.19,1,0.5,3,-1.54,-0.51,1,0.3333333333333333,10,7,3,18,14,4,8.14,0.45,0.5555555555555556,0.3888888888888889,0.16666666666666666,0.7777777777777778,0.2222222222222222,17,0.3617021276595745,-9.25,-0.2,47,11,0.5238095238095238,11.21,0.53,21,401411096,2022,1
242,Rice Owls,22,0.3548387096774194,12,0.375,10,0.3333333333333333,7,0.5833333333333334,7,0.4375,14,0.32558139534883723,43,0.3953488372093023,0.6046511627906976,-2.18,-0.05,8,0.18604651162790697,17,-3.68,-0.22,6,0.35294117647058826,26,1.49,0.06,8,0.3076923076923077,14,0.5,0.5,-9.2,-0.66,6,0.42857142857142855,7,-13.78,-1.97,1,0.14285714285714285,7,4.58,0.65,5,0.7142857142857143,8,6,2,19,15,4,-12.92,-0.68,0.42105263157894735,0.3157894736842105,0.10526315789473684,0.7894736842105263,0.21052631578947367,15,0.39473684210526316,-10.27,-0.27,38,7,0.2916666666666667,-4.84,-0.2,24,401426540,2022,1
30,USC Trojans,39,0.6724137931034483,22,0.7096774193548387,17,0.6296296296296297,10,0.625,5,0.7142857142857143,34,0.6666666666666666,51,0.49019607843137253,0.5098039215686274,23.66,0.46,21,0.4117647058823529,25,13.19,0.53,18,0.72,26,10.48,0.4,16,0.6153846153846154,11,0.9090909090909091,0.09090909090909091,5.22,0.47,7,0.6363636363636364,10,4.85,0.49,6,0.6,1,0.37,0.37,1,1.0,5,4,1,7,6,1,10.53,1.5,0.7142857142857143,0.5714285714285714,0.14285714285714285,0.8571428571428571,0.14285714285714285,35,0.7142857142857143,29.9,0.61,49,4,0.4444444444444444,4.29,0.48,9,401426540,2022,1
2390,Miami Hurricanes,54,0.8307692307692308,20,0.8695652173913043,34,0.8095238095238095,16,0.8,7,1.0,46,0.8070175438596491,57,0.3508771929824561,0.6491228070175439,32.5,0.57,21,0.3684210526315789,20,15.99,0.8,17,0.85,37,16.51,0.45,29,0.7837837837837838,7,0.42857142857142855,0.5714285714285714,2.01,0.29,5,0.7142857142857143,3,3.09,1.03,3,1.0,4,-1.08,-0.27,2,0.5,8,3,5,8,3,5,16.02,2.0,1.0,0.375,0.625,0.375,0.625,47,0.8103448275862069,42.81,0.74,58,7,1.0,5.72,0.82,7,401411097,2022,1
2065,Bethune-Cookman Wildcats,17,0.3090909090909091,10,0.3448275862068966,7,0.2692307692307692,0,0.0,5,0.38461538461538464,12,0.2926829268292683,41,0.4634146341463415,0.5365853658536586,-6.53,-0.16,9,0.21951219512195122,19,-2.73,-0.14,7,0.3684210526315789,22,-3.8,-0.17,5,0.22727272727272727,9,0.5555555555555556,0.4444444444444444,4.43,0.49,5,0.5555555555555556,5,3.3,0.66,3,0.6,4,1.13,0.28,2,0.5,5,3,2,14,10,4,-1.96,-0.14,0.35714285714285715,0.21428571428571427,0.14285714285714285,0.7142857142857143,0.2857142857142857,11,0.3142857142857143,-3.69,-0.11,35,6,0.3,-4.8,-0.24,20,401411097,2022,1
2287,Illinois State Redbirds,17,0.34,10,0.35714285714285715,7,0.3181818181818182,0,0.0,4,0.36363636363636365,13,0.3333333333333333,39,0.46153846153846156,0.5384615384615384,-9.68,-0.25,9,0.23076923076923078,18,-4.46,-0.25,6,0.3333333333333333,21,-5.21,-0.25,7,0.3333333333333333,4,0.5,0.5,0.24,0.06,2,0.5,2,0.32,0.16,1,0.5,2,-0.08,-0.04,1,0.5,4,4,0,11,10,1,-9.55,-0.87,0.36363636363636365,0.36363636363636365,0.0,0.9090909090909091,0.09090909090909091,11,0.3548387096774194,-4.16,-0.13,31,6,0.3157894736842105,-15.07,-0.79,19,401405065,2022,1
275,Wisconsin Badgers,24,0.4528301886792453,10,0.5263157894736842,14,0.4117647058823529,7,0.3888888888888889,4,0.4444444444444444,18,0.42857142857142855,42,0.2857142857142857,0.7142857142857143,9.55,0.23,12,0.2857142857142857,12,5.92,0.49,7,0.5833333333333334,30,3.63,0.12,11,0.36666666666666664,10,0.4,0.6,2.62,0.26,6,0.6,4,1.87,0.47,3,0.75,6,0.74,0.12,3,0.5,6,3,3,11,7,4,6.12,0.56,0.5454545454545454,0.2727272727272727,0.2727272727272727,0.6363636363636364,0.36363636363636365,17,0.4358974358974359,8.86,0.23,39,7,0.5,6.8,0.49,14,401405065,2022,1
8,Arkansas Razorbacks,30,0.4225352112676056,13,0.4642857142857143,17,0.3953488372093023,3,0.42857142857142855,9,0.5625,21,0.38181818181818183,55,0.32727272727272727,0.6727272727272727,-0.67,-0.01,13,0.23636363636363636,18,4.61,0.26,8,0.4444444444444444,37,-5.28,-0.14,13,0.35135135135135137,7,0.5714285714285714,0.42857142857142855,7.57,1.08,5,0.7142857142857143,4,2.79,0.7,2,0.5,3,4.78,1.59,3,1.0,9,5,4,16,10,6,8.78,0.55,0.5625,0.3125,0.25,0.625,0.375,21,0.42857142857142855,7.63,0.16,49,9,0.4090909090909091,0.47,0.02,22,401403855,2022,1
2132,Cincinnati Bearcats,32,0.43243243243243246,19,0.41304347826086957,13,0.4642857142857143,5,0.35714285714285715,8,0.5,23,0.40350877192982454,57,0.543859649122807,0.45614035087719296,-7.34,-0.13,12,0.21052631578947367,31,-6.43,-0.21,12,0.3870967741935484,26,-0.91,-0.04,11,0.4230769230769231,19,0.6842105263157895,0.3157894736842105,4.29,0.23,7,0.3684210526315789,13,5.37,0.41,6,0.46153846153846156,6,-1.08,-0.18,1,0.16666666666666666,9,7,2,17,15,2,13.27,0.78,0.5294117647058824,0.4117647058823529,0.11764705882352941,0.8823529411764706,0.11764705882352941,22,0.44,2.78,0.06,50,10,0.4166666666666667,3.15,0.13,24,401403855,2022,1
96,Kentucky Wildcats,26,0.4727272727272727,18,0.5142857142857142,8,0.4,6,0.4,2,0.3333333333333333,24,0.5,48,0.625,0.375,16.97,0.35,15,0.3125,30,17.56,0.59,17,0.5666666666666667,18,-0.59,-0.03,7,0.3888888888888889,11,0.9090909090909091,0.09090909090909091,5.48,0.5,6,0.5454545454545454,10,4.92,0.49,5,0.5,1,0.55,0.55,1,1.0,2,1,1,7,5,2,-6.37,-0.91,0.2857142857142857,0.14285714285714285,0.14285714285714285,0.7142857142857143,0.2857142857142857,18,0.43902439024390244,1.78,0.04,41,8,0.5714285714285714,8.83,0.63,14,401403859,2022,1
193,Miami (OH) RedHawks,25,0.390625,14,0.4117647058823529,11,0.36666666666666664,0,0.0,5,0.38461538461538464,17,0.3617021276595745,47,0.46808510638297873,0.5319148936170213,-12.06,-0.26,9,0.19148936170212766,22,-2.58,-0.12,9,0.4090909090909091,25,-9.48,-0.38,8,0.32,13,0.38461538461538464,0.6153846153846154,-6.55,-0.5,5,0.38461538461538464,5,-2.03,-0.41,1,0.2,8,-4.52,-0.56,4,0.5,8,5,3,17,12,5,0.95,0.06,0.47058823529411764,0.29411764705882354,0.17647058823529413,0.7058823529411765,0.29411764705882354,18,0.4186046511627907,-3.53,-0.08,43,7,0.3333333333333333,-7.58,-0.36,21,401403859,2022,1
145,Ole Miss Rebels,40,0.547945205479452,15,0.5172413793103449,25,0.5681818181818182,13,0.7222222222222222,9,0.6428571428571429,30,0.5172413793103449,58,0.3793103448275862,0.6206896551724138,-7.65,-0.13,15,0.25862068965517243,22,-4.97,-0.23,10,0.45454545454545453,36,-2.69,-0.07,20,0.5555555555555556,14,0.5714285714285714,0.42857142857142855,0.26,0.02,5,0.35714285714285715,8,2.4,0.3,3,0.375,6,-2.14,-0.36,2,0.3333333333333333,10,5,5,15,7,8,13.67,0.91,0.6666666666666666,0.3333333333333333,0.3333333333333333,0.4666666666666667,0.5333333333333333,30,0.5769230769230769,-1.53,-0.03,52,10,0.47619047619047616,7.55,0.36,21,401403860,2022,1
2653,Troy Trojans,35,0.43209876543209874,24,0.46153846153846156,11,0.3793103448275862,5,0.5555555555555556,6,0.35294117647058826,27,0.4576271186440678,59,0.6440677966101694,0.3559322033898305,-1.87,-0.03,13,0.22033898305084745,38,4.0,0.11,20,0.5263157894736842,21,-5.87,-0.28,7,0.3333333333333333,10,0.9,0.1,5.2,0.52,7,0.7,9,4.68,0.52,6,0.6666666666666666,1,0.52,0.52,1,1.0,8,4,4,22,14,8,-6.12,-0.28,0.36363636363636365,0.18181818181818182,0.18181818181818182,0.6363636363636364,0.36363636363636365,29,0.5272727272727272,9.89,0.18,55,6,0.23076923076923078,-17.88,-0.69,26,401403860,2022,1
2115,Central Connecticut Blue Devils,21,0.42,12,0.375,9,0.5,2,0.25,3,0.25,18,0.4864864864864865,37,0.5945945945945946,0.40540540540540543,-6.02,-0.16,9,0.24324324324324326,22,-5.9,-0.27,11,0.5,15,-0.12,-0.01,7,0.4666666666666667,10,0.6,0.4,0.64,0.06,7,0.7,6,-3.94,-0.66,3,0.5,4,4.58,1.15,4,1.0,3,1,2,13,10,3,-9.89,-0.76,0.23076923076923078,0.07692307692307693,0.15384615384615385,0.7692307692307693,0.23076923076923078,17,0.4857142857142857,-9.9,-0.28,35,4,0.26666666666666666,-6.01,-0.4,15,401404147,2022,1
41,UConn Huskies,44,0.5866666666666667,11,0.44,33,0.66,8,0.6153846153846154,14,0.7368421052631579,29,0.5272727272727272,55,0.3090909090909091,0.6909090909090909,1.69,0.03,11,0.2,17,-5.68,-0.33,7,0.4117647058823529,38,7.38,0.19,22,0.5789473684210527,11,0.5454545454545454,0.45454545454545453,1.9,0.17,7,0.6363636363636364,6,-1.43,-0.24,3,0.5,5,3.33,0.67,4,0.8,15,4,11,20,8,12,20.56,1.03,0.75,0.2,0.55,0.4,0.6,32,0.5925925925925926,8.67,0.16,54,12,0.5714285714285714,13.59,0.65,21,401404147,2022,1
2294,Iowa Hawkeyes,16,0.2711864406779661,6,0.2222222222222222,10,0.3125,0,0.0,4,0.23529411764705882,12,0.2857142857142857,42,0.38095238095238093,0.6190476190476191,-13.0,-0.31,5,0.11904761904761904,16,1.01,0.06,6,0.375,26,-14.01,-0.54,6,0.23076923076923078,2,1.0,0.0,-4.33,-2.17,0,0.0,2,-4.33,-2.17,0,0.0,,,,,,4,0,4,17,11,6,-16.42,-0.97,0.23529411764705882,0.0,0.23529411764705882,0.6470588235294118,0.35294117647058826,12,0.34285714285714286,-12.67,-0.36,35,4,0.16666666666666666,-16.75,-0.7,24,401405062,2022,1
2571,South Dakota State Jackrabbits,13,0.23636363636363636,6,0.20689655172413793,7,0.2692307692307692,,,3,0.1875,10,0.2631578947368421,38,0.42105263157894735,0.5789473684210527,-13.72,-0.36,3,0.07894736842105263,16,-3.83,-0.24,5,0.3125,22,-9.89,-0.45,5,0.22727272727272727,12,0.3333333333333333,0.6666666666666666,-0.68,-0.06,5,0.4166666666666667,4,0.05,0.01,1,0.25,8,-0.73,-0.09,4,0.5,3,1,2,17,13,4,-10.17,-0.6,0.17647058823529413,0.058823529411764705,0.11764705882352941,0.7647058823529411,0.23529411764705882,8,0.2962962962962963,-8.38,-0.31,27,5,0.17857142857142858,-15.52,-0.55,28,401405062,2022,1
2084,Buffalo Bulls,20,0.2777777777777778,8,0.20512820512820512,12,0.36363636363636365,1,0.2,5,0.3125,15,0.2777777777777778,54,0.5,0.5,-10.39,-0.19,9,0.16666666666666666,27,-5.75,-0.21,6,0.2222222222222222,27,-4.63,-0.17,9,0.3333333333333333,5,0.4,0.6,0.49,0.1,2,0.4,2,-0.77,-0.38,0,0.0,3,1.25,0.42,2,0.6666666666666666,5,2,3,18,12,6,-9.1,-0.51,0.2777777777777778,0.1111111111111111,0.16666666666666666,0.6666666666666666,0.3333333333333333,14,0.2916666666666667,-13.74,-0.29,48,6,0.25,-5.75,-0.24,24,401405066,2022,1
120,Maryland Terrapins,28,0.45901639344262296,20,0.5555555555555556,8,0.32,3,1.0,5,0.38461538461538464,22,0.4782608695652174,46,0.5434782608695652,0.45652173913043476,7.1,0.15,9,0.1956521739130435,25,6.65,0.27,15,0.6,21,0.45,0.02,7,0.3333333333333333,14,0.5,0.5,2.83,0.2,7,0.5,7,1.72,0.25,5,0.7142857142857143,7,1.1,0.16,2,0.2857142857142857,6,5,1,15,11,4,-1.2,-0.08,0.4,0.3333333333333333,0.06666666666666667,0.7333333333333333,0.26666666666666666,21,0.5121951219512195,13.88,0.34,41,7,0.35,-7.98,-0.4,20,401405066,2022,1
164,Rutgers Scarlet Knights,26,0.43333333333333335,9,0.375,17,0.4722222222222222,3,0.3333333333333333,5,0.38461538461538464,21,0.44680851063829785,47,0.3191489361702128,0.6808510638297872,11.19,0.24,8,0.1702127659574468,15,2.35,0.16,7,0.4666666666666667,32,8.83,0.28,14,0.4375,5,0.4,0.6,-4.62,-0.92,1,0.2,2,-4.67,-2.33,0,0.0,3,0.05,0.02,1,0.3333333333333333,5,2,3,13,9,4,-10.17,-0.78,0.38461538461538464,0.15384615384615385,0.23076923076923078,0.6923076923076923,0.3076923076923077,21,0.4772727272727273,7.51,0.17,44,5,0.3125,-6.49,-0.41,16,401405069,2022,1
103,Boston College Eagles,24,0.35294117647058826,16,0.36363636363636365,8,0.3333333333333333,2,0.5,7,0.4375,17,0.3269230769230769,52,0.5961538461538461,0.40384615384615385,-5.59,-0.11,10,0.19230769230769232,31,2.03,0.07,11,0.3548387096774194,21,-7.61,-0.36,6,0.2857142857142857,18,0.6111111111111112,0.3888888888888889,-5.88,-0.33,6,0.3333333333333333,11,0.39,0.04,3,0.2727272727272727,7,-6.27,-0.9,3,0.42857142857142855,7,5,2,16,13,3,0.32,0.02,0.4375,0.3125,0.125,0.8125,0.1875,12,0.32432432432432434,-9.06,-0.24,37,12,0.3870967741935484,3.79,0.12,31,401405069,2022,1
153,North Carolina Tar Heels,38,0.5352112676056338,23,0.5897435897435898,15,0.46875,7,1.0,9,0.6,28,0.509090909090909,55,0.4909090909090909,0.509090909090909,20.07,0.36,13,0.23636363636363636,27,15.9,0.59,16,0.5925925925925926,28,4.17,0.15,12,0.42857142857142855,17,0.7058823529411765,0.29411764705882354,12.62,0.74,11,0.6470588235294118,12,10.41,0.87,8,0.6666666666666666,5,2.21,0.44,3,0.6,10,7,3,16,12,4,14.08,0.88,0.625,0.4375,0.1875,0.75,0.25,30,0.5882352941176471,26.74,0.52,51,8,0.4,7.41,0.37,20,401411095,2022,1
2026,Appalachian State Mountaineers,48,0.5393258426966292,22,0.5238095238095238,26,0.5531914893617021,5,0.45454545454545453,7,0.5833333333333334,40,0.5333333333333333,75,0.49333333333333335,0.5066666666666667,31.65,0.42,20,0.26666666666666666,37,23.0,0.62,20,0.5405405405405406,38,8.65,0.23,20,0.5263157894736842,10,0.2,0.8,3.65,0.36,7,0.7,2,1.57,0.78,2,1.0,8,2.08,0.26,5,0.625,8,2,6,14,5,9,8.41,0.6,0.5714285714285714,0.14285714285714285,0.42857142857142855,0.35714285714285715,0.6428571428571429,37,0.5692307692307692,27.63,0.43,65,11,0.4583333333333333,12.43,0.52,24,401411095,2022,1
48,Delaware Blue Hens,16,0.26666666666666666,12,0.3333333333333333,4,0.16666666666666666,2,0.3333333333333333,2,0.16666666666666666,13,0.28888888888888886,45,0.6222222222222222,0.37777777777777777,-7.92,-0.18,6,0.13333333333333333,28,2.34,0.08,11,0.39285714285714285,17,-10.26,-0.6,2,0.11764705882352941,11,0.7272727272727273,0.2727272727272727,-6.96,-0.63,3,0.2727272727272727,8,-3.73,-0.47,2,0.25,3,-3.22,-1.07,1,0.3333333333333333,3,1,2,15,8,7,-15.02,-1.0,0.2,0.06666666666666667,0.13333333333333333,0.5333333333333333,0.4666666666666667,12,0.3157894736842105,-8.55,-0.23,38,4,0.18181818181818182,-14.39,-0.65,22,401415611,2022,1
2426,Navy Midshipmen,25,0.3333333333333333,3,0.23076923076923078,22,0.3548387096774194,3,0.375,4,0.26666666666666666,21,0.3684210526315789,57,0.15789473684210525,0.8421052631578947,2.51,0.04,10,0.17543859649122806,9,3.76,0.42,3,0.3333333333333333,48,-1.25,-0.03,18,0.375,11,0.36363636363636365,0.6363636363636364,-5.19,-0.47,2,0.18181818181818182,4,-1.7,-0.42,0,0.0,7,-3.49,-0.5,2,0.2857142857142857,4,0,4,18,4,14,-16.44,-0.91,0.2222222222222222,0.0,0.2222222222222222,0.2222222222222222,0.7777777777777778,21,0.4117647058823529,0.18,0.0,51,4,0.16666666666666666,-14.11,-0.59,24,401415611,2022,1
258,Virginia Cavaliers,36,0.5,15,0.46875,21,0.525,6,0.6666666666666666,7,0.6363636363636364,29,0.47540983606557374,61,0.4098360655737705,0.5901639344262295,11.31,0.19,15,0.2459016393442623,25,0.36,0.01,10,0.4,36,10.95,0.3,19,0.5277777777777778,7,0.42857142857142855,0.5714285714285714,-4.11,-0.59,3,0.42857142857142855,3,-3.92,-1.31,1,0.3333333333333333,4,-0.18,-0.05,2,0.5,7,5,2,11,7,4,2.0,0.18,0.6363636363636364,0.45454545454545453,0.18181818181818182,0.6363636363636364,0.36363636363636365,22,0.46808510638297873,6.59,0.14,47,14,0.56,6.72,0.27,25,401411100,2022,1
257,Richmond Spiders,30,0.43478260869565216,16,0.4444444444444444,14,0.42424242424242425,4,0.5,5,0.35714285714285715,25,0.4716981132075472,53,0.4716981132075472,0.5283018867924528,1.45,0.03,14,0.2641509433962264,25,-0.66,-0.03,13,0.52,28,2.12,0.08,12,0.42857142857142855,8,0.375,0.625,-2.21,-0.28,3,0.375,3,-3.49,-1.16,0,0.0,5,1.29,0.26,3,0.6,5,3,2,16,11,5,-5.38,-0.34,0.3125,0.1875,0.125,0.6875,0.3125,23,0.4423076923076923,-7.58,-0.15,52,7,0.4117647058823529,3.65,0.21,17,401411100,2022,1
2005,Air Force Falcons,37,0.5692307692307692,3,0.5,34,0.576271186440678,3,0.42857142857142855,7,0.7,30,0.5454545454545454,55,0.09090909090909091,0.9090909090909091,24.53,0.45,14,0.2545454545454545,5,0.33,0.07,2,0.4,50,24.19,0.48,28,0.56,24,0.20833333333333334,0.7916666666666666,14.57,0.61,15,0.625,5,0.33,0.07,2,0.4,19,14.24,0.75,13,0.6842105263157895,7,1,6,10,1,9,11.41,1.14,0.7,0.1,0.6,0.1,0.9,23,0.5111111111111111,7.3,0.16,45,14,0.7,28.64,1.43,20,401415209,2022,1
2460,Northern Iowa Panthers,30,0.5357142857142857,19,0.59375,11,0.4583333333333333,2,0.3333333333333333,2,0.25,28,0.5833333333333334,48,0.5625,0.4375,12.09,0.25,17,0.3541666666666667,27,17.03,0.63,18,0.6666666666666666,21,-4.93,-0.23,10,0.47619047619047616,9,0.4444444444444444,0.5555555555555556,-4.21,-0.47,5,0.5555555555555556,4,0.5,0.13,2,0.5,5,-4.72,-0.94,3,0.6,2,1,1,8,5,3,-4.44,-0.56,0.25,0.125,0.125,0.625,0.375,23,0.5897435897435898,7.61,0.2,39,7,0.4117647058823529,0.04,0.0,17,401415209,2022,1
66,Iowa State Cyclones,35,0.5303030303030303,18,0.5806451612903226,17,0.4857142857142857,5,0.7142857142857143,8,0.6666666666666666,26,0.49056603773584906,53,0.4339622641509434,0.5660377358490566,3.22,0.06,12,0.22641509433962265,23,2.15,0.09,12,0.5217391304347826,30,1.07,0.04,14,0.4666666666666667,10,0.3,0.7,-4.1,-0.41,4,0.4,3,-6.6,-2.2,0,0.0,7,2.5,0.36,4,0.5714285714285714,9,6,3,13,8,5,15.71,1.21,0.6923076923076923,0.46153846153846156,0.23076923076923078,0.6153846153846154,0.38461538461538464,27,0.5294117647058824,12.07,0.24,51,8,0.5333333333333333,6.87,0.46,15,401404057,2022,1
2546,Southeast Missouri State Redhawks,27,0.45,17,0.4473684210526316,10,0.45454545454545453,1,0.125,5,0.3333333333333333,21,0.4883720930232558,43,0.627906976744186,0.37209302325581395,3.2,0.07,8,0.18604651162790697,27,5.79,0.21,15,0.5555555555555556,16,-2.59,-0.16,6,0.375,7,0.7142857142857143,0.2857142857142857,3.81,0.54,3,0.42857142857142855,5,3.46,0.69,2,0.4,2,0.35,0.17,1,0.5,6,2,4,17,11,6,-4.17,-0.25,0.35294117647058826,0.11764705882352941,0.23529411764705882,0.6470588235294118,0.35294117647058826,19,0.4634146341463415,-1.54,-0.04,41,8,0.42105263157894735,0.57,0.03,19,401404057,2022,1
26,UCLA Bruins,51,0.5604395604395604,26,0.5306122448979592,25,0.5952380952380952,9,0.6428571428571429,11,0.6111111111111112,38,0.5428571428571428,70,0.5,0.5,5.43,0.08,16,0.22857142857142856,35,3.17,0.09,20,0.5714285714285714,35,2.26,0.06,18,0.5142857142857142,16,0.625,0.375,7.76,0.49,11,0.6875,10,5.52,0.55,6,0.6,6,2.24,0.37,5,0.8333333333333334,13,6,7,21,14,7,16.93,0.81,0.6190476190476191,0.2857142857142857,0.3333333333333333,0.6666666666666666,0.3333333333333333,39,0.5492957746478874,22.25,0.31,71,12,0.6,0.11,0.01,20,401403971,2022,1
189,Bowling Green Falcons,17,0.2833333333333333,9,0.23684210526315788,8,0.36363636363636365,1,0.3333333333333333,2,0.125,13,0.3170731707317073,41,0.5609756097560976,0.43902439024390244,-8.13,-0.2,4,0.0975609756097561,23,-3.24,-0.14,7,0.30434782608695654,18,-4.89,-0.27,6,0.3333333333333333,13,0.5384615384615384,0.46153846153846156,-2.57,-0.2,5,0.38461538461538464,7,-0.08,-0.01,3,0.42857142857142855,6,-2.49,-0.41,2,0.3333333333333333,4,2,2,19,15,4,-15.52,-0.82,0.21052631578947367,0.10526315789473684,0.10526315789473684,0.7894736842105263,0.21052631578947367,15,0.38461538461538464,-7.18,-0.18,39,2,0.09523809523809523,-16.47,-0.78,21,401403971,2022,1
21,San Diego State Aztecs,24,0.43636363636363634,6,0.35294117647058826,18,0.47368421052631576,2,0.2222222222222222,3,0.2727272727272727,19,0.4523809523809524,42,0.2857142857142857,0.7142857142857143,-10.94,-0.26,8,0.19047619047619047,12,-4.79,-0.4,4,0.3333333333333333,30,-6.16,-0.21,15,0.5,10,0.5,0.5,-4.52,-0.45,3,0.3,5,-3.79,-0.76,2,0.4,5,-0.74,-0.15,1,0.2,5,2,3,13,5,8,0.6,0.05,0.38461538461538464,0.15384615384615385,0.23076923076923078,0.38461538461538464,0.6153846153846154,19,0.475,-5.67,-0.14,40,5,0.3333333333333333,-4.67,-0.31,15,401403967,2022,1
12,Arizona Wildcats,33,0.4520547945205479,18,0.5142857142857142,15,0.39473684210526316,7,0.5384615384615384,6,0.46153846153846156,26,0.45614035087719296,57,0.45614035087719296,0.543859649122807,3.7,0.06,12,0.21052631578947367,26,6.85,0.26,14,0.5384615384615384,31,-3.15,-0.1,12,0.3870967741935484,11,0.6363636363636364,0.36363636363636365,5.26,0.48,7,0.6363636363636364,7,4.62,0.66,5,0.7142857142857143,4,0.64,0.16,2,0.5,7,4,3,16,9,7,-1.46,-0.09,0.4375,0.25,0.1875,0.5625,0.4375,26,0.4642857142857143,2.12,0.04,56,7,0.4117647058823529,0.12,0.01,17,401403967,2022,1
155,North Dakota Fighting Hawks,31,0.44285714285714284,14,0.358974358974359,17,0.5483870967741935,6,0.5,7,0.4666666666666667,23,0.4339622641509434,53,0.5094339622641509,0.49056603773584906,-4.79,-0.09,9,0.16981132075471697,27,-10.9,-0.4,9,0.3333333333333333,26,6.11,0.24,14,0.5384615384615384,12,0.5,0.5,5.87,0.49,8,0.6666666666666666,6,7.04,1.17,5,0.8333333333333334,6,-1.17,-0.2,3,0.5,8,5,3,17,12,5,2.18,0.13,0.47058823529411764,0.29411764705882354,0.17647058823529413,0.7058823529411765,0.29411764705882354,25,0.5434782608695652,4.89,0.11,46,6,0.25,-7.51,-0.31,24,401405063,2022,1
158,Nebraska Cornhuskers,35,0.5833333333333334,12,0.5217391304347826,23,0.6216216216216216,6,0.6666666666666666,6,0.6,29,0.58,50,0.32,0.68,8.71,0.17,14,0.28,16,-2.1,-0.13,8,0.5,34,10.81,0.32,21,0.6176470588235294,7,0.42857142857142855,0.5714285714285714,6.42,0.92,6,0.8571428571428571,3,4.32,1.44,2,0.6666666666666666,4,2.11,0.53,4,1.0,6,4,2,10,7,3,5.36,0.54,0.6,0.4,0.2,0.7,0.3,30,0.6976744186046512,18.55,0.43,43,5,0.29411764705882354,-4.47,-0.26,17,401405063,2022,1
202,Tulsa Golden Hurricane,38,0.4578313253012048,27,0.4909090909090909,11,0.4074074074074074,5,0.3125,10,0.5263157894736842,28,0.4375,64,0.640625,0.34375,3.22,0.05,12,0.1875,41,14.9,0.36,22,0.5365853658536586,22,-4.32,-0.2,6,0.2727272727272727,16,0.875,0.125,4.38,0.27,6,0.375,14,5.35,0.38,6,0.42857142857142855,2,-0.97,-0.48,0,0.0,10,5,5,19,14,5,8.13,0.43,0.5263157894736842,0.2631578947368421,0.2631578947368421,0.7368421052631579,0.2631578947368421,26,0.45614035087719296,2.23,0.04,57,12,0.46153846153846156,9.12,0.35,26,401415211,2022,1
2751,Wyoming Cowboys,37,0.5606060606060606,20,0.6666666666666666,17,0.4722222222222222,7,0.6363636363636364,7,0.4666666666666667,30,0.5882352941176471,51,0.39215686274509803,0.6078431372549019,8.74,0.17,10,0.19607843137254902,20,14.71,0.74,16,0.8,31,-5.97,-0.19,14,0.45161290322580644,9,0.5555555555555556,0.4444444444444444,4.75,0.53,5,0.5555555555555556,5,5.22,1.04,3,0.6,4,-0.47,-0.12,2,0.5,7,4,3,15,10,5,-4.62,-0.31,0.4666666666666667,0.26666666666666666,0.2,0.6666666666666666,0.3333333333333333,27,0.5625,1.87,0.04,48,10,0.5555555555555556,2.25,0.13,18,401415211,2022,1
248,Houston Cougars,28,0.4,15,0.45454545454545453,13,0.3611111111111111,5,0.45454545454545453,11,0.6111111111111112,16,0.32,50,0.44,0.56,-8.9,-0.18,5,0.1,22,-2.36,-0.11,9,0.4090909090909091,28,-6.54,-0.23,7,0.25,5,0.2,0.8,-1.78,-0.36,2,0.4,1,-1.5,-1.5,0,0.0,4,-0.29,-0.07,2,0.5,11,6,5,18,11,7,9.55,0.53,0.6111111111111112,0.3333333333333333,0.2777777777777778,0.6111111111111112,0.3888888888888889,16,0.35555555555555557,-3.64,-0.08,45,11,0.4782608695652174,4.29,0.19,23,401426542,2022,1
2636,UTSA Roadrunners,33,0.4714285714285714,20,0.45454545454545453,9,0.4090909090909091,1,0.5,4,0.4,24,0.4528301886792453,53,0.6415094339622641,0.3584905660377358,3.9,0.07,16,0.3018867924528302,34,3.72,0.11,17,0.5,19,0.18,0.01,7,0.3684210526315789,15,0.6666666666666666,0.3333333333333333,0.05,0.0,8,0.5333333333333333,10,-0.77,-0.08,4,0.4,5,0.82,0.16,4,0.8,4,2,2,12,9,3,-5.17,-0.43,0.3333333333333333,0.16666666666666666,0.16666666666666666,0.75,0.25,20,0.47619047619047616,-4.1,-0.1,42,8,0.34782608695652173,2.83,0.12,23,401426542,2022,1
302,UC Davis Aggies,33,0.42857142857142855,21,0.40384615384615385,12,0.48,4,0.4444444444444444,9,0.5,21,0.3888888888888889,54,0.6111111111111112,0.3888888888888889,-11.75,-0.22,9,0.16666666666666666,33,-15.09,-0.46,12,0.36363636363636365,21,3.34,0.16,9,0.42857142857142855,10,0.7,0.3,-2.64,-0.26,6,0.6,7,-8.73,-1.25,3,0.42857142857142855,3,6.09,2.03,3,1.0,12,9,3,23,19,4,6.48,0.28,0.5217391304347826,0.391304347826087,0.13043478260869565,0.8260869565217391,0.17391304347826086,22,0.43137254901960786,-5.01,-0.1,51,11,0.4230769230769231,-0.26,-0.01,26,401403968,2022,1
25,California Golden Bears,32,0.463768115942029,18,0.4864864864864865,14,0.4375,5,0.5555555555555556,7,0.5384615384615384,25,0.44642857142857145,56,0.44642857142857145,0.5535714285714286,4.54,0.08,17,0.30357142857142855,25,1.95,0.08,12,0.48,31,2.6,0.08,13,0.41935483870967744,19,0.7368421052631579,0.2631578947368421,7.39,0.39,12,0.631578947368421,14,6.24,0.45,9,0.6428571428571429,5,1.16,0.23,3,0.6,7,6,1,13,12,1,6.26,0.48,0.5384615384615384,0.46153846153846156,0.07692307692307693,0.9230769230769231,0.07692307692307693,24,0.4897959183673469,6.05,0.12,49,8,0.4,4.76,0.24,20,401403968,2022,1
252,BYU Cougars,36,0.5294117647058824,20,0.6060606060606061,16,0.45714285714285713,3,0.375,7,0.5384615384615384,27,0.5094339622641509,53,0.5283018867924528,0.4716981132075472,11.87,0.22,14,0.2641509433962264,28,5.65,0.2,17,0.6071428571428571,25,6.22,0.25,10,0.4,12,0.5833333333333334,0.4166666666666667,-0.33,-0.03,5,0.4166666666666667,7,0.71,0.1,4,0.5714285714285714,5,-1.03,-0.21,1,0.2,9,3,6,15,5,10,10.67,0.71,0.6,0.2,0.4,0.3333333333333333,0.6666666666666666,29,0.58,22.45,0.45,50,7,0.3888888888888889,0.09,0.01,18,401415612,2022,1
58,South Florida Bulls,21,0.3684210526315789,9,0.2903225806451613,12,0.46153846153846156,3,0.3333333333333333,4,0.3333333333333333,14,0.35,40,0.475,0.525,-6.97,-0.17,8,0.2,19,-10.08,-0.53,6,0.3157894736842105,21,3.1,0.15,8,0.38095238095238093,8,0.875,0.125,7.22,0.9,4,0.5,7,3.97,0.57,3,0.42857142857142855,1,3.24,3.24,1,1.0,7,3,4,17,12,5,4.62,0.27,0.4117647058823529,0.17647058823529413,0.23529411764705882,0.7058823529411765,0.29411764705882354,17,0.4146341463414634,-4.62,-0.11,41,4,0.25,2.27,0.14,16,401415612,2022,1
2447,Nicholls Colonels,19,0.34545454545454546,10,0.35714285714285715,9,0.3333333333333333,2,1.0,3,0.23076923076923078,15,0.375,40,0.525,0.475,0.25,0.01,6,0.15,21,-3.03,-0.14,9,0.42857142857142855,19,3.28,0.17,6,0.3157894736842105,7,0.7142857142857143,0.2857142857142857,-2.57,-0.37,2,0.2857142857142857,5,-1.59,-0.32,1,0.2,2,-0.97,-0.49,1,0.5,4,1,3,15,7,8,-4.41,-0.29,0.26666666666666666,0.06666666666666667,0.2,0.4666666666666667,0.5333333333333333,14,0.4117647058823529,0.34,0.01,34,5,0.23809523809523808,-4.5,-0.21,21,401421116,2022,1
6,South Alabama Jaguars,35,0.47297297297297297,18,0.4864864864864865,17,0.4594594594594595,6,0.8571428571428571,4,0.3076923076923077,30,0.5,60,0.48333333333333334,0.5166666666666667,14.32,0.24,16,0.26666666666666666,29,10.08,0.35,16,0.5517241379310345,31,4.24,0.14,14,0.45161290322580644,11,0.7272727272727273,0.2727272727272727,-3.43,-0.31,3,0.2727272727272727,8,-1.4,-0.17,3,0.375,3,-2.04,-0.68,0,0.0,5,2,3,14,8,6,-2.5,-0.18,0.35714285714285715,0.14285714285714285,0.21428571428571427,0.5714285714285714,0.42857142857142855,32,0.5818181818181818,20.93,0.38,55,3,0.15789473684210525,-9.11,-0.48,19,401421116,2022,1
290,Georgia Southern Eagles,35,0.4666666666666667,24,0.5333333333333333,11,0.36666666666666664,11,0.55,11,0.6470588235294118,24,0.41379310344827586,58,0.5689655172413793,0.43103448275862066,-5.23,-0.09,10,0.1724137931034483,33,-0.92,-0.03,17,0.5151515151515151,25,-4.31,-0.17,7,0.28,10,0.6,0.4,2.2,0.22,3,0.3,6,3.92,0.65,3,0.5,4,-1.72,-0.43,0,0.0,11,7,4,17,12,5,17.66,1.04,0.6470588235294118,0.4117647058823529,0.23529411764705882,0.7058823529411765,0.29411764705882354,24,0.4528301886792453,1.9,0.04,53,11,0.5,10.52,0.48,22,401420777,2022,1
2415,Morgan State Bears,18,0.3050847457627119,5,0.17857142857142858,13,0.41935483870967744,,,2,0.15384615384615385,16,0.35555555555555557,45,0.4,0.6,-7.47,-0.17,9,0.2,18,-8.33,-0.46,5,0.2777777777777778,27,0.86,0.03,11,0.4074074074074074,11,0.45454545454545453,0.5454545454545454,-7.12,-0.65,4,0.36363636363636365,5,-5.2,-1.04,1,0.2,6,-1.91,-0.32,3,0.5,2,0,2,14,10,4,-13.18,-0.94,0.14285714285714285,0.0,0.14285714285714285,0.7142857142857143,0.2857142857142857,15,0.4166666666666667,-1.85,-0.05,36,3,0.13043478260869565,-18.8,-0.82,23,401420777,2022,1
195,Ohio Bobcats,35,0.5,22,0.5789473684210527,13,0.40625,9,0.47368421052631576,5,0.4166666666666667,30,0.5172413793103449,58,0.4827586206896552,0.5172413793103449,11.27,0.19,18,0.3103448275862069,28,8.75,0.31,17,0.6071428571428571,30,2.53,0.08,13,0.43333333333333335,15,0.6666666666666666,0.3333333333333333,4.88,0.33,8,0.5333333333333333,10,3.48,0.35,5,0.5,5,1.4,0.28,3,0.6,5,5,0,12,10,2,5.56,0.46,0.4166666666666667,0.4166666666666667,0.0,0.8333333333333334,0.16666666666666666,27,0.54,7.54,0.15,50,8,0.4,9.3,0.47,20,401426536,2022,1
2226,Florida Atlantic Owls,31,0.44285714285714284,22,0.5116279069767442,9,0.3333333333333333,6,0.5454545454545454,7,0.5384615384615384,24,0.42857142857142855,56,0.5714285714285714,0.42857142857142855,14.99,0.27,13,0.23214285714285715,32,18.67,0.58,17,0.53125,24,-3.68,-0.15,7,0.2916666666666667,3,0.6666666666666666,0.3333333333333333,-0.84,-0.28,0,0.0,2,-0.61,-0.31,0,0.0,1,-0.22,-0.22,0,0.0,7,5,2,14,11,3,6.8,0.49,0.5,0.35714285714285715,0.14285714285714285,0.7857142857142857,0.21428571428571427,20,0.45454545454545453,8.35,0.19,44,11,0.4230769230769231,13.44,0.52,26,401426536,2022,1
2393,Middle Tennessee Blue Raiders,17,0.2786885245901639,10,0.2777777777777778,6,0.25,,,4,0.25,13,0.29545454545454547,44,0.5227272727272727,0.45454545454545453,-14.04,-0.32,4,0.09090909090909091,23,-7.0,-0.3,7,0.30434782608695654,20,-8.4,-0.42,5,0.25,12,0.6666666666666666,0.3333333333333333,-3.6,-0.3,4,0.3333333333333333,8,-3.49,-0.44,3,0.375,4,-0.11,-0.03,1,0.25,4,3,1,17,13,4,-3.65,-0.21,0.23529411764705882,0.17647058823529413,0.058823529411764705,0.7647058823529411,0.23529411764705882,10,0.3125,-12.13,-0.38,32,7,0.2413793103448276,-5.57,-0.19,29,401426538,2022,1
256,James Madison Dukes,39,0.4642857142857143,18,0.5142857142857142,21,0.42857142857142855,6,0.5454545454545454,8,0.5,31,0.47692307692307695,65,0.3384615384615385,0.6615384615384615,8.02,0.12,17,0.26153846153846155,22,7.72,0.35,12,0.5454545454545454,43,0.29,0.01,19,0.4418604651162791,10,0.7,0.3,5.65,0.57,8,0.8,7,5.37,0.77,6,0.8571428571428571,3,0.28,0.09,2,0.6666666666666666,8,6,2,19,13,6,-0.66,-0.03,0.42105263157894735,0.3157894736842105,0.10526315789473684,0.6842105263157895,0.3157894736842105,30,0.46875,0.48,0.01,64,9,0.45,6.88,0.34,20,401426538,2022,1
2,Auburn Tigers,33,0.5409836065573771,12,0.5714285714285714,21,0.525,10,0.7692307692307693,5,0.625,27,0.5294117647058824,51,0.3137254901960784,0.6862745098039216,10.31,0.2,14,0.27450980392156865,16,3.92,0.24,9,0.5625,35,6.39,0.18,18,0.5142857142857142,10,0.5,0.5,-7.12,-0.71,3,0.3,5,-7.16,-1.43,1,0.2,5,0.04,0.01,2,0.4,6,3,3,10,5,5,-0.89,-0.09,0.6,0.3,0.3,0.5,0.5,28,0.5957446808510638,16.04,0.34,47,5,0.35714285714285715,-6.62,-0.47,14,401403856,2022,1
2382,Mercer Bears,22,0.3333333333333333,15,0.4166666666666667,7,0.23333333333333334,4,0.2857142857142857,8,0.4444444444444444,14,0.2916666666666667,48,0.5,0.5,-8.04,-0.17,7,0.14583333333333334,24,-2.53,-0.11,8,0.3333333333333333,24,-5.52,-0.23,6,0.25,14,0.7857142857142857,0.21428571428571427,3.87,0.28,5,0.35714285714285715,11,5.4,0.49,5,0.45454545454545453,3,-1.53,-0.51,0,0.0,8,7,1,18,12,6,9.21,0.51,0.4444444444444444,0.3888888888888889,0.05555555555555555,0.6666666666666666,0.3333333333333333,11,0.3142857142857143,-5.61,-0.16,35,11,0.3548387096774194,6.77,0.22,31,401403856,2022,1
238,Vanderbilt Commodores,22,0.3793103448275862,13,0.48148148148148145,9,0.2903225806451613,4,0.6666666666666666,5,0.4166666666666667,17,0.3695652173913043,46,0.391304347826087,0.6086956521739131,3.67,0.08,7,0.15217391304347827,18,4.28,0.24,9,0.5,28,-0.6,-0.02,8,0.2857142857142857,12,0.5,0.5,11.93,0.99,9,0.75,6,6.94,1.16,5,0.8333333333333334,6,4.98,0.83,4,0.6666666666666666,5,4,1,12,9,3,2.93,0.24,0.4166666666666667,0.3333333333333333,0.08333333333333333,0.75,0.25,19,0.5,11.09,0.29,38,3,0.15,-4.49,-0.22,20,401403866,2022,1
2210,Elon Phoenix,28,0.39436619718309857,16,0.5161290322580645,12,0.3,3,0.25,4,0.3076923076923077,24,0.42857142857142855,56,0.48214285714285715,0.5178571428571429,14.85,0.27,14,0.25,27,13.53,0.5,14,0.5185185185185185,29,1.32,0.05,10,0.3448275862068966,11,0.5454545454545454,0.45454545454545453,4.81,0.44,7,0.6363636363636364,6,7.1,1.18,5,0.8333333333333334,5,-2.29,-0.46,2,0.4,4,2,2,15,4,11,-11.28,-0.75,0.26666666666666666,0.13333333333333333,0.13333333333333333,0.26666666666666666,0.7333333333333333,23,0.4107142857142857,-0.45,-0.01,56,5,0.3333333333333333,4.02,0.27,15,401403866,2022,1
233,South Dakota Coyotes,25,0.3787878787878788,10,0.2777777777777778,15,0.5,1,0.25,5,0.3125,20,0.43478260869565216,46,0.5434782608695652,0.45652173913043476,-3.59,-0.08,8,0.17391304347826086,25,-4.74,-0.19,8,0.32,21,1.14,0.05,12,0.5714285714285714,10,0.5,0.5,-1.45,-0.14,4,0.4,5,-2.12,-0.42,1,0.2,5,0.67,0.13,3,0.6,5,2,3,20,11,9,-15.23,-0.76,0.25,0.1,0.15,0.55,0.45,12,0.32432432432432434,-17.69,-0.48,37,13,0.4482758620689655,-1.13,-0.04,29,401404056,2022,1
2306,Kansas State Wildcats,29,0.47540983606557374,8,0.34782608695652173,21,0.5526315789473685,3,0.6,5,0.38461538461538464,23,0.5,46,0.391304347826087,0.6086956521739131,10.88,0.24,9,0.1956521739130435,18,-2.43,-0.14,7,0.3888888888888889,28,13.32,0.48,16,0.5714285714285714,10,0.2,0.8,1.12,0.11,5,0.5,2,-0.98,-0.49,0,0.0,8,2.1,0.26,5,0.625,6,1,5,15,5,10,-7.62,-0.51,0.4,0.06666666666666667,0.3333333333333333,0.3333333333333333,0.6666666666666666,26,0.5306122448979592,8.57,0.17,49,3,0.25,-5.3,-0.44,12,401404056,2022,1
324,Coastal Carolina Chanticleers,41,0.5942028985507246,11,0.6470588235294118,30,0.5769230769230769,10,0.43478260869565216,4,0.4,34,0.6071428571428571,56,0.21428571428571427,0.7857142857142857,18.43,0.33,18,0.32142857142857145,12,8.63,0.72,8,0.6666666666666666,44,9.79,0.22,26,0.5909090909090909,15,0.2,0.8,1.38,0.09,8,0.5333333333333333,3,0.93,0.31,2,0.6666666666666666,12,0.45,0.04,6,0.5,7,3,4,13,5,8,7.42,0.57,0.5384615384615384,0.23076923076923078,0.3076923076923077,0.38461538461538464,0.6153846153846154,35,0.6140350877192983,21.93,0.38,57,6,0.5,3.91,0.33,12,401404134,2022,1
349,Army Black Knights,19,0.40425531914893614,3,0.3333333333333333,16,0.42105263157894735,3,0.42857142857142855,5,0.4166666666666667,12,0.375,32,0.15625,0.84375,5.52,0.17,3,0.09375,5,4.27,0.85,2,0.4,27,1.25,0.05,10,0.37037037037037035,4,0.0,1.0,-0.13,-0.03,1,0.25,,,,,,4,-0.13,-0.03,1,0.25,7,1,6,15,4,11,6.81,0.45,0.4666666666666667,0.06666666666666667,0.4,0.26666666666666666,0.7333333333333333,14,0.42424242424242425,10.72,0.32,33,5,0.35714285714285715,1.61,0.12,14,401404134,2022,1
2572,Southern Miss Golden Eagles,34,0.4788732394366197,5,0.3125,27,0.5094339622641509,7,0.5,6,0.5,26,0.4727272727272727,55,0.21818181818181817,0.7818181818181819,-8.79,-0.16,11,0.2,12,-7.04,-0.59,5,0.4166666666666667,43,-1.75,-0.04,21,0.4883720930232558,12,0.3333333333333333,0.6666666666666666,-7.99,-0.67,4,0.3333333333333333,4,-7.4,-1.85,1,0.25,8,-0.59,-0.07,3,0.375,6,0,6,14,4,10,-5.71,-0.41,0.42857142857142855,0.0,0.42857142857142855,0.2857142857142857,0.7142857142857143,25,0.4716981132075472,-9.49,-0.18,53,7,0.4375,-5.01,-0.31,16,401404157,2022,1
2335,Liberty Flames,36,0.42857142857142855,11,0.3055555555555556,23,0.5,8,0.6153846153846154,12,0.6,21,0.3559322033898305,59,0.4576271186440678,0.5423728813559322,-8.33,-0.14,8,0.13559322033898305,27,-6.44,-0.24,8,0.2962962962962963,32,-1.89,-0.06,13,0.40625,8,0.25,0.75,0.63,0.08,4,0.5,2,-2.58,-1.29,0,0.0,6,3.21,0.54,4,0.6666666666666666,13,3,10,23,9,14,2.7,0.12,0.5652173913043478,0.13043478260869565,0.43478260869565216,0.391304347826087,0.6086956521739131,20,0.39215686274509803,-3.79,-0.07,51,14,0.45161290322580644,-1.84,-0.06,31,401404157,2022,1
309,Louisiana Ragin' Cajuns,30,0.4411764705882353,17,0.5151515151515151,13,0.37142857142857144,3,0.2727272727272727,6,0.4,23,0.46,50,0.42,0.58,2.6,0.05,10,0.2,21,2.97,0.14,10,0.47619047619047616,29,-0.37,-0.01,13,0.4482758620689655,8,0.375,0.625,-8.46,-1.06,1,0.125,3,-3.82,-1.27,0,0.0,5,-4.64,-0.93,1,0.2,7,7,0,18,12,6,-3.47,-0.19,0.3888888888888889,0.3888888888888889,0.0,0.6666666666666666,0.3333333333333333,21,0.42857142857142855,-7.13,-0.15,49,9,0.47368421052631576,6.27,0.33,19,401421121,2022,1
2545,SE Louisiana Lions,29,0.48333333333333334,14,0.4,15,0.6,3,0.5,7,0.4666666666666667,21,0.5,42,0.5714285714285714,0.42857142857142855,-4.02,-0.1,5,0.11904761904761904,24,-5.28,-0.22,10,0.4166666666666667,18,1.26,0.07,11,0.6111111111111112,3,0.0,1.0,-1.32,-0.44,1,0.3333333333333333,,,,,,3,-1.32,-0.44,1,0.3333333333333333,8,4,4,18,11,7,-2.28,-0.13,0.4444444444444444,0.2222222222222222,0.2222222222222222,0.6111111111111112,0.3888888888888889,17,0.4722222222222222,-9.64,-0.27,36,12,0.5,3.34,0.14,24,401421121,2022,1
2032,Arkansas State Red Wolves,45,0.5625,17,0.6538461538461539,28,0.5185185185185185,10,0.47619047619047616,7,0.5833333333333334,35,0.5645161290322581,62,0.27419354838709675,0.7258064516129032,8.26,0.13,18,0.2903225806451613,17,4.51,0.27,10,0.5882352941176471,45,3.75,0.08,25,0.5555555555555556,12,0.5,0.5,1.22,0.1,5,0.4166666666666667,6,3.11,0.52,4,0.6666666666666666,6,-1.89,-0.31,1,0.16666666666666666,10,7,3,18,9,9,10.03,0.56,0.5555555555555556,0.3888888888888889,0.16666666666666666,0.5,0.5,34,0.6071428571428571,4.29,0.08,56,11,0.4583333333333333,14.01,0.58,24,401425418,2022,1
2755,Grambling Tigers,14,0.28,2,0.09523809523809523,12,0.42857142857142855,3,0.6,2,0.15384615384615385,11,0.3055555555555556,36,0.3055555555555556,0.6666666666666666,-8.34,-0.23,4,0.1111111111111111,11,-9.5,-0.86,0,0.0,24,1.24,0.05,11,0.4583333333333333,4,0.75,0.25,-2.62,-0.66,0,0.0,3,-2.25,-0.75,0,0.0,1,-0.38,-0.38,0,0.0,3,2,1,14,10,4,-5.21,-0.37,0.21428571428571427,0.14285714285714285,0.07142857142857142,0.7142857142857143,0.2857142857142857,9,0.3103448275862069,-13.05,-0.45,29,5,0.23809523809523808,-0.49,-0.02,21,401425418,2022,1
344,Mississippi State Bulldogs,48,0.5925925925925926,33,0.673469387755102,15,0.46875,4,0.3333333333333333,13,1.0,35,0.5147058823529411,68,0.6176470588235294,0.38235294117647056,8.99,0.13,17,0.25,42,16.15,0.38,26,0.6190476190476191,26,-7.16,-0.28,9,0.34615384615384615,7,0.2857142857142857,0.7142857142857143,2.21,0.32,3,0.42857142857142855,2,-0.64,-0.32,0,0.0,5,2.85,0.57,3,0.6,13,7,6,13,7,6,19.12,1.47,1.0,0.5384615384615384,0.46153846153846156,0.5384615384615384,0.46153846153846156,33,0.5238095238095238,0.99,0.02,63,15,0.8333333333333334,27.13,1.51,18,401403861,2022,1
235,Memphis Tigers,18,0.35294117647058826,10,0.3225806451612903,8,0.4,4,0.6666666666666666,3,0.25,15,0.39473684210526316,38,0.6052631578947368,0.39473684210526316,9.38,0.25,6,0.15789473684210525,23,4.03,0.18,9,0.391304347826087,15,5.35,0.36,6,0.4,6,1.0,0.0,-2.81,-0.47,0,0.0,6,-2.81,-0.47,0,0.0,,,,,,3,1,2,13,8,5,-8.39,-0.65,0.23076923076923078,0.07692307692307693,0.15384615384615385,0.6153846153846154,0.38461538461538464,13,0.37142857142857144,-0.66,-0.02,35,5,0.3125,1.64,0.1,16,401403861,2022,1
2579,South Carolina Gamecocks,22,0.3235294117647059,13,0.3333333333333333,9,0.3103448275862069,2,0.2857142857142857,4,0.3076923076923077,16,0.3018867924528302,53,0.5283018867924528,0.4716981132075472,-6.14,-0.12,11,0.20754716981132076,28,-1.19,-0.04,10,0.35714285714285715,25,-4.95,-0.2,6,0.24,17,0.5882352941176471,0.4117647058823529,0.12,0.01,8,0.47058823529411764,10,-4.59,-0.46,4,0.4,7,4.71,0.67,4,0.5714285714285714,6,3,3,15,11,4,-1.82,-0.12,0.4,0.2,0.2,0.7333333333333333,0.26666666666666666,14,0.32558139534883723,-5.0,-0.12,43,8,0.32,-2.97,-0.12,25,401403863,2022,1
2247,Georgia State Panthers,18,0.2647058823529412,4,0.13793103448275862,14,0.358974358974359,4,0.3333333333333333,5,0.29411764705882354,12,0.25,48,0.4166666666666667,0.5833333333333334,-9.2,-0.19,4,0.08333333333333333,20,-9.11,-0.46,3,0.15,28,-0.09,-0.0,9,0.32142857142857145,10,0.3,0.7,0.1,0.01,3,0.3,3,0.55,0.18,1,0.3333333333333333,7,-0.44,-0.06,2,0.2857142857142857,6,1,5,20,9,11,-8.57,-0.43,0.3,0.05,0.25,0.45,0.55,11,0.28205128205128205,-8.66,-0.22,39,7,0.2413793103448276,-9.11,-0.31,29,401403863,2022,1
249,North Texas Mean Green,31,0.3780487804878049,12,0.3333333333333333,19,0.41304347826086957,3,0.1875,7,0.3684210526315789,23,0.38333333333333336,60,0.31666666666666665,0.6833333333333333,-3.03,-0.05,11,0.18333333333333332,19,-4.09,-0.22,5,0.2631578947368421,41,1.06,0.03,18,0.43902439024390244,14,0.42857142857142855,0.5714285714285714,6.96,0.5,5,0.35714285714285715,6,5.53,0.92,3,0.5,8,1.43,0.18,2,0.25,8,7,1,22,17,5,-19.1,-0.87,0.36363636363636365,0.3181818181818182,0.045454545454545456,0.7727272727272727,0.22727272727272727,23,0.42592592592592593,-21.66,-0.4,54,8,0.2857142857142857,-0.48,-0.02,28,401426539,2022,1
2567,SMU Mustangs,33,0.5076923076923077,18,0.5294117647058824,15,0.4838709677419355,6,0.6666666666666666,8,0.6153846153846154,25,0.4807692307692308,52,0.5,0.5,9.77,0.19,10,0.19230769230769232,26,11.61,0.45,12,0.46153846153846156,26,-1.84,-0.07,13,0.5,10,0.8,0.2,3.3,0.33,2,0.2,8,4.12,0.52,2,0.25,2,-0.82,-0.41,0,0.0,8,6,2,13,8,5,7.64,0.59,0.6153846153846154,0.46153846153846156,0.15384615384615385,0.6153846153846154,0.38461538461538464,25,0.5102040816326531,9.96,0.2,49,8,0.5,7.45,0.47,16,401426539,2022,1
2142,Colgate Raiders,18,0.3050847457627119,4,0.18181818181818182,14,0.3783783783783784,0,0.0,5,0.3125,13,0.3023255813953488,43,0.32558139534883723,0.6744186046511628,-5.25,-0.12,7,0.16279069767441862,14,-3.8,-0.27,3,0.21428571428571427,29,-1.45,-0.05,10,0.3448275862068966,13,0.15384615384615385,0.8461538461538461,4.01,0.31,8,0.6153846153846154,2,0.2,0.1,1,0.5,11,3.81,0.35,7,0.6363636363636364,5,1,4,16,8,8,-7.56,-0.47,0.3125,0.0625,0.25,0.5,0.5,16,0.4,3.55,0.09,40,2,0.10526315789473684,-16.36,-0.86,19,401403970,2022,1
24,Stanford Cardinal,33,0.559322033898305,20,0.6666666666666666,13,0.4642857142857143,8,0.8888888888888888,4,0.4444444444444444,28,0.5833333333333334,48,0.4791666666666667,0.5208333333333334,16.15,0.34,10,0.20833333333333334,23,15.99,0.7,16,0.6956521739130435,25,0.16,0.01,12,0.48,3,1.0,0.0,4.18,1.39,2,0.6666666666666666,3,4.18,1.39,2,0.6666666666666666,,,,,,5,4,1,11,7,3,-4.14,-0.38,0.45454545454545453,0.36363636363636365,0.09090909090909091,0.6363636363636364,0.2727272727272727,28,0.6222222222222222,17.43,0.39,45,5,0.35714285714285715,-5.42,-0.39,14,401403970,2022,1
93,Murray State Racers,11,0.171875,7,0.25925925925925924,4,0.10810810810810811,0,0.0,4,0.2222222222222222,7,0.15555555555555556,45,0.3333333333333333,0.6666666666666666,-11.64,-0.26,3,0.06666666666666667,15,1.8,0.12,4,0.26666666666666666,30,-13.44,-0.45,3,0.1,12,0.5,0.5,-4.26,-0.36,2,0.16666666666666666,6,0.24,0.04,2,0.3333333333333333,6,-4.5,-0.75,0,0.0,4,3,1,19,12,7,-2.19,-0.12,0.21052631578947367,0.15789473684210525,0.05263157894736842,0.631578947368421,0.3684210526315789,5,0.1388888888888889,-12.25,-0.34,36,6,0.21428571428571427,-1.59,-0.06,28,401404055,2022,1
2641,Texas Tech Red Raiders,34,0.5396825396825397,24,0.6486486486486487,10,0.38461538461538464,4,0.5714285714285714,6,0.6,28,0.5283018867924528,53,0.6037735849056604,0.39622641509433965,18.99,0.36,16,0.3018867924528302,32,18.17,0.57,22,0.6875,21,0.82,0.04,6,0.2857142857142857,6,0.5,0.5,6.08,1.01,4,0.6666666666666666,3,3.26,1.09,3,1.0,3,2.81,0.94,1,0.3333333333333333,6,2,4,10,5,5,8.98,0.9,0.6,0.2,0.4,0.5,0.5,27,0.6136363636363636,24.13,0.55,44,7,0.3684210526315789,3.85,0.2,19,401404055,2022,1
2433,UL Monroe Warhawks,25,0.3968253968253968,12,0.48,13,0.34210526315789475,1,0.3333333333333333,6,0.4,19,0.40425531914893614,47,0.3404255319148936,0.6595744680851063,-9.35,-0.2,5,0.10638297872340426,16,-4.6,-0.29,8,0.5,31,-4.76,-0.15,11,0.3548387096774194,6,0.3333333333333333,0.6666666666666666,-3.68,-0.61,1,0.16666666666666666,2,-2.22,-1.11,0,0.0,4,-1.46,-0.36,1,0.25,6,4,2,16,9,7,-2.94,-0.18,0.375,0.25,0.125,0.5625,0.4375,18,0.4186046511627907,-5.77,-0.13,43,7,0.35,-6.53,-0.33,20,401404059,2022,1
251,Texas Longhorns,29,0.5087719298245614,17,0.5483870967741935,12,0.46153846153846156,5,0.7142857142857143,5,0.38461538461538464,21,0.5121951219512195,41,0.4878048780487805,0.5121951219512195,9.16,0.22,9,0.21951219512195122,20,4.18,0.21,10,0.5,21,4.98,0.24,11,0.5238095238095238,16,0.8125,0.1875,5.21,0.33,9,0.5625,13,6.22,0.48,8,0.6153846153846154,3,-1.01,-0.34,1,0.3333333333333333,8,7,1,16,11,5,2.2,0.14,0.5,0.4375,0.0625,0.6875,0.3125,24,0.6153846153846154,19.57,0.5,39,5,0.2777777777777778,-8.21,-0.46,18,401404059,2022,1
97,Louisville Cardinals,22,0.4074074074074074,12,0.46153846153846156,10,0.35714285714285715,1,0.25,5,0.45454545454545453,17,0.4146341463414634,41,0.4634146341463415,0.5365853658536586,-0.38,-0.01,9,0.21951219512195122,19,-1.21,-0.06,9,0.47368421052631576,22,0.83,0.04,8,0.36363636363636365,10,0.2,0.8,-1.04,-0.1,4,0.4,2,-2.16,-1.08,1,0.5,8,1.12,0.14,3,0.375,5,3,2,13,7,6,-5.49,-0.42,0.38461538461538464,0.23076923076923078,0.15384615384615385,0.5384615384615384,0.46153846153846156,17,0.4722222222222222,1.31,0.04,36,5,0.2777777777777778,-7.18,-0.4,18,401411099,2022,1
183,Syracuse Orange,37,0.5692307692307692,12,0.4444444444444444,25,0.6578947368421053,9,0.6,6,0.5454545454545454,31,0.5740740740740741,54,0.4444444444444444,0.5555555555555556,16.74,0.31,14,0.25925925925925924,24,9.87,0.41,12,0.5,30,6.87,0.23,19,0.6333333333333333,3,0.6666666666666666,0.3333333333333333,-0.79,-0.26,0,0.0,2,-0.67,-0.34,0,0.0,1,-0.12,-0.12,0,0.0,6,0,6,11,3,8,5.21,0.47,0.5454545454545454,0.0,0.5454545454545454,0.2727272727272727,0.7272727272727273,29,0.5918367346938775,11.81,0.24,49,8,0.5,10.13,0.63,16,401411099,2022,1
167,New Mexico Lobos,41,0.5694444444444444,13,0.6842105263157895,28,0.5283018867924528,11,0.55,9,0.75,32,0.5423728813559322,59,0.2711864406779661,0.7288135593220338,5.55,0.09,17,0.288135593220339,16,2.54,0.16,12,0.75,43,3.0,0.07,20,0.46511627906976744,8,0.375,0.625,2.1,0.26,4,0.5,3,0.13,0.04,2,0.6666666666666666,5,1.97,0.39,2,0.4,9,1,8,13,3,10,6.28,0.48,0.6923076923076923,0.07692307692307693,0.6153846153846154,0.23076923076923078,0.7692307692307693,31,0.5535714285714286,3.68,0.07,56,10,0.625,8.14,0.51,16,401415210,2022,1
311,Maine Black Bears,12,0.2553191489361702,8,0.26666666666666666,4,0.23529411764705882,,,3,0.23076923076923078,8,0.25806451612903225,31,0.5806451612903226,0.41935483870967744,-20.52,-0.66,3,0.0967741935483871,18,-12.03,-0.67,5,0.2777777777777778,13,-8.49,-0.65,3,0.23076923076923078,13,0.8461538461538461,0.15384615384615385,-1.8,-0.14,5,0.38461538461538464,11,-1.52,-0.14,4,0.36363636363636365,2,-0.28,-0.14,1,0.5,4,3,1,16,12,4,-6.83,-0.43,0.25,0.1875,0.0625,0.75,0.25,6,0.23076923076923078,-22.02,-0.85,26,6,0.2857142857142857,-5.33,-0.25,21,401415210,2022,1
265,Washington State Cougars,33,0.515625,21,0.5,12,0.5714285714285714,6,0.4,5,0.38461538461538464,28,0.5490196078431373,51,0.6666666666666666,0.3137254901960784,-9.67,-0.19,12,0.23529411764705882,34,7.12,0.21,20,0.5882352941176471,16,-7.63,-0.48,8,0.5,7,0.8571428571428571,0.14285714285714285,2.02,0.29,4,0.5714285714285714,6,-0.06,-0.01,3,0.5,1,2.08,2.08,1,1.0,5,1,4,13,8,5,2.09,0.16,0.38461538461538464,0.07692307692307693,0.3076923076923077,0.6153846153846154,0.38461538461538464,26,0.5531914893617021,-10.05,-0.21,47,7,0.4117647058823529,2.48,0.15,17,401403974,2022,1
70,Idaho Vandals,17,0.265625,9,0.23684210526315788,8,0.3076923076923077,0,0.0,5,0.3125,9,0.21428571428571427,42,0.5714285714285714,0.42857142857142855,-14.07,-0.34,4,0.09523809523809523,24,-9.35,-0.39,5,0.20833333333333334,18,-4.72,-0.26,4,0.2222222222222222,9,0.6666666666666666,0.3333333333333333,-3.09,-0.34,3,0.3333333333333333,6,-3.28,-0.55,2,0.3333333333333333,3,0.19,0.06,1,0.3333333333333333,8,4,4,22,14,8,-6.64,-0.3,0.36363636363636365,0.18181818181818182,0.18181818181818182,0.6363636363636364,0.36363636363636365,9,0.25,-16.99,-0.47,36,8,0.2857142857142857,-3.72,-0.13,28,401403974,2022,1
68,Boise State Broncos,29,0.43283582089552236,17,0.4473684210526316,12,0.41379310344827586,6,0.5,4,0.3076923076923077,24,0.4528301886792453,53,0.5283018867924528,0.4716981132075472,-3.66,-0.07,9,0.16981132075471697,28,-6.35,-0.23,15,0.5357142857142857,25,2.69,0.11,9,0.36,12,0.5833333333333334,0.4166666666666667,3.38,0.28,9,0.75,7,3.9,0.56,5,0.7142857142857143,5,-0.52,-0.1,4,0.8,5,2,3,14,10,4,-4.17,-0.3,0.35714285714285715,0.14285714285714285,0.21428571428571427,0.7142857142857143,0.2857142857142857,22,0.46808510638297873,-14.98,-0.32,47,7,0.35,7.16,0.36,20,401403969,2022,1
204,Oregon State Beavers,23,0.38333333333333336,10,0.4166666666666667,13,0.3611111111111111,1,0.16666666666666666,4,0.3076923076923077,18,0.391304347826087,46,0.41304347826086957,0.5869565217391305,-2.34,-0.05,8,0.17391304347826086,19,7.14,0.38,9,0.47368421052631576,27,-9.48,-0.35,9,0.3333333333333333,8,0.25,0.75,2.21,0.28,7,0.875,2,-2.07,-1.03,1,0.5,6,4.28,0.71,6,1.0,5,1,4,14,5,9,-4.68,-0.33,0.35714285714285715,0.07142857142857142,0.2857142857142857,0.35714285714285715,0.6428571428571429,19,0.41304347826086957,-0.48,-0.01,46,4,0.2857142857142857,-6.54,-0.47,14,401403969,2022,1
2309,Kent State Golden Flashes,27,0.39705882352941174,10,0.3333333333333333,17,0.4473684210526316,3,0.3,10,0.5882352941176471,16,0.32653061224489793,49,0.42857142857142855,0.5714285714285714,-12.12,-0.25,5,0.10204081632653061,21,-9.91,-0.47,5,0.23809523809523808,28,-2.21,-0.08,11,0.39285714285714285,2,0.5,0.5,0.38,0.19,1,0.5,1,-0.05,-0.05,0,0.0,1,0.43,0.43,1,1.0,11,5,6,19,9,10,13.85,0.73,0.5789473684210527,0.2631578947368421,0.3157894736842105,0.47368421052631576,0.5263157894736842,15,0.36585365853658536,-2.32,-0.06,41,12,0.4444444444444444,4.04,0.15,27,401403973,2022,1
264,Washington Huskies,42,0.5526315789473685,25,0.5555555555555556,17,0.5483870967741935,9,0.45,10,0.6666666666666666,30,0.5172413793103449,58,0.6551724137931034,0.3448275862068966,13.2,0.23,14,0.2413793103448276,38,16.3,0.43,21,0.5526315789473685,20,-3.09,-0.15,9,0.45,21,0.7142857142857143,0.2857142857142857,4.92,0.23,9,0.42857142857142855,15,3.88,0.26,6,0.4,6,1.04,0.17,3,0.5,12,4,8,18,7,11,10.38,0.58,0.6666666666666666,0.2222222222222222,0.4444444444444444,0.3888888888888889,0.6111111111111112,30,0.5660377358490566,14.59,0.28,53,12,0.5217391304347826,9.0,0.39,23,401403973,2022,1
62,Hawai'i Rainbow Warriors,33,0.4177215189873418,19,0.41304347826086957,14,0.42424242424242425,8,0.5333333333333333,4,0.25,28,0.4745762711864407,59,0.559322033898305,0.4406779661016949,6.11,0.1,15,0.2542372881355932,33,1.91,0.06,16,0.48484848484848486,26,4.2,0.16,12,0.46153846153846156,12,0.5,0.5,-4.59,-0.38,5,0.4166666666666667,6,-4.55,-0.76,2,0.3333333333333333,6,-0.04,-0.01,3,0.5,5,3,2,20,13,7,-22.35,-1.12,0.25,0.15,0.1,0.65,0.35,28,0.4745762711864407,-5.74,-0.1,59,5,0.25,-10.51,-0.53,20,401426543,2022,1
98,Western Kentucky Hilltoppers,28,0.49122807017543857,16,0.5161290322580645,12,0.46153846153846156,8,0.5714285714285714,2,0.2857142857142857,25,0.5208333333333334,48,0.5416666666666666,0.4583333333333333,15.4,0.32,14,0.2916666666666667,26,11.51,0.44,15,0.5769230769230769,22,3.9,0.18,10,0.45454545454545453,8,0.625,0.375,2.15,0.27,3,0.375,5,1.84,0.37,2,0.4,3,0.31,0.1,1,0.3333333333333333,3,1,2,9,5,4,-4.85,-0.54,0.3333333333333333,0.1111111111111111,0.2222222222222222,0.5555555555555556,0.4444444444444444,21,0.4883720930232558,12.3,0.29,43,7,0.5,-1.74,-0.12,14,401426543,2022,1
52,Florida State Seminoles,35,0.49295774647887325,18,0.5294117647058824,17,0.4594594594594595,9,0.5294117647058824,11,0.6470588235294118,24,0.4528301886792453,53,0.39622641509433965,0.6037735849056604,5.15,0.1,10,0.18867924528301888,21,7.81,0.37,10,0.47619047619047616,32,-2.66,-0.08,14,0.4375,13,0.5384615384615384,0.46153846153846156,-4.02,-0.31,5,0.38461538461538464,7,-1.51,-0.22,4,0.5714285714285714,6,-2.51,-0.42,1,0.16666666666666666,11,8,3,18,13,5,4.43,0.25,0.6111111111111112,0.4444444444444444,0.16666666666666666,0.7222222222222222,0.2777777777777778,21,0.44680851063829785,-4.51,-0.1,47,14,0.5833333333333334,14.09,0.59,24,401403867,2022,1
99,LSU Tigers,36,0.5538461538461539,21,0.5384615384615384,15,0.5769230769230769,7,0.4666666666666667,5,0.45454545454545453,29,0.5576923076923077,52,0.6153846153846154,0.38461538461538464,17.08,0.33,15,0.28846153846153844,32,12.96,0.41,18,0.5625,20,4.12,0.21,11,0.55,4,0.75,0.25,1.06,0.26,3,0.75,3,0.35,0.12,2,0.6666666666666666,1,0.7,0.7,1,1.0,7,3,4,13,7,6,4.61,0.35,0.5384615384615384,0.23076923076923078,0.3076923076923077,0.5384615384615384,0.46153846153846156,26,0.5306122448979592,11.14,0.23,49,10,0.625,10.56,0.66,16,401403867,2022,1
228,Clemson Tigers,40,0.5128205128205128,20,0.4878048780487805,20,0.5405405405405406,9,0.4090909090909091,8,0.5,31,0.5081967213114754,61,0.4918032786885246,0.5081967213114754,1.33,0.02,13,0.21311475409836064,30,5.23,0.17,15,0.5,31,-3.91,-0.13,16,0.5161290322580645,10,0.8,0.2,2.74,0.27,5,0.5,8,3.13,0.39,4,0.5,2,-0.39,-0.2,1,0.5,9,5,4,17,11,6,8.33,0.49,0.5294117647058824,0.29411764705882354,0.23529411764705882,0.6470588235294118,0.35294117647058826,32,0.5614035087719298,9.7,0.17,57,8,0.38095238095238093,-0.04,-0.0,21,401411101,2022,1
59,Georgia Tech Yellow Jackets,24,0.36363636363636365,16,0.42105263157894735,8,0.2857142857142857,1,0.5,4,0.25,18,0.3829787234042553,47,0.574468085106383,0.425531914893617,-9.29,-0.2,9,0.19148936170212766,27,-3.56,-0.13,13,0.48148148148148145,20,-5.73,-0.29,5,0.25,14,0.6428571428571429,0.35714285714285715,4.07,0.29,9,0.6428571428571429,9,2.56,0.28,5,0.5555555555555556,5,1.51,0.3,4,0.8,6,3,3,19,11,8,-5.07,-0.27,0.3157894736842105,0.15789473684210525,0.15789473684210525,0.5789473684210527,0.42105263157894735,15,0.38461538461538464,-12.9,-0.33,39,9,0.3333333333333333,-1.45,-0.05,27,401411101,2022,1
97,Louisville Cardinals,30,0.4166666666666667,15,0.4838709677419355,15,0.36585365853658536,2,0.2,5,0.35714285714285715,24,0.43636363636363634,55,0.34545454545454546,0.6545454545454545,6.56,0.12,13,0.23636363636363636,19,4.58,0.24,10,0.5263157894736842,36,1.98,0.06,14,0.3888888888888889,16,0.625,0.375,-3.62,-0.23,8,0.5,10,-4.52,-0.45,5,0.5,6,0.9,0.15,3,0.5,6,5,1,17,12,5,-6.58,-0.39,0.35294117647058826,0.29411764705882354,0.058823529411764705,0.7058823529411765,0.29411764705882354,17,0.40476190476190477,-7.68,-0.18,42,13,0.43333333333333335,7.66,0.26,30,401415613,2022,2
2116,UCF Knights,28,0.3888888888888889,8,0.21052631578947367,20,0.5882352941176471,5,0.4166666666666667,4,0.25,24,0.4444444444444444,54,0.4444444444444444,0.5555555555555556,0.66,0.01,11,0.2037037037037037,24,-10.28,-0.43,5,0.20833333333333334,30,10.94,0.36,19,0.6333333333333333,9,0.5555555555555556,0.4444444444444444,-4.14,-0.46,4,0.4444444444444444,5,-4.9,-0.98,1,0.2,4,0.76,0.19,3,0.75,4,3,1,18,14,4,-12.4,-0.69,0.2222222222222222,0.16666666666666666,0.05555555555555555,0.7777777777777778,0.2222222222222222,21,0.45652173913043476,-0.13,-0.0,46,7,0.2692307692307692,-11.61,-0.45,26,401415613,2022,2
167,New Mexico Lobos,9,0.16363636363636364,3,0.08823529411764706,6,0.2857142857142857,,,3,0.21428571428571427,6,0.15,40,0.6,0.4,-11.76,-0.29,4,0.1,24,-8.53,-0.36,2,0.08333333333333333,16,-3.24,-0.2,4,0.25,10,0.6,0.4,-1.94,-0.19,4,0.4,6,-2.54,-0.42,1,0.16666666666666666,4,0.59,0.15,3,0.75,3,1,2,15,10,5,-13.27,-0.88,0.2,0.06666666666666667,0.13333333333333333,0.6666666666666666,0.3333333333333333,4,0.15384615384615385,-9.02,-0.35,26,5,0.1724137931034483,-16.01,-0.55,29,401415214,2022,2
68,Boise State Broncos,24,0.38095238095238093,9,0.3103448275862069,15,0.4411764705882353,5,0.5555555555555556,4,0.26666666666666666,19,0.40425531914893614,47,0.3829787234042553,0.6170212765957447,-3.59,-0.08,10,0.2127659574468085,18,-1.36,-0.08,6,0.3333333333333333,29,-2.22,-0.08,13,0.4482758620689655,9,0.5555555555555556,0.4444444444444444,-4.36,-0.48,2,0.2222222222222222,5,-4.7,-0.94,0,0.0,4,0.34,0.09,2,0.5,5,3,2,16,11,5,-4.36,-0.27,0.3125,0.1875,0.125,0.6875,0.3125,23,0.48936170212765956,2.01,0.04,47,1,0.0625,-9.96,-0.62,16,401415214,2022,2
251,Texas Longhorns,32,0.47761194029850745,20,0.5405405405405406,12,0.4,5,0.4166666666666667,3,0.25,29,0.5272727272727272,55,0.509090909090909,0.4909090909090909,10.29,0.19,16,0.2909090909090909,28,13.34,0.48,18,0.6428571428571429,27,-3.05,-0.11,11,0.4074074074074074,12,0.5,0.5,-1.76,-0.15,5,0.4166666666666667,6,-0.02,-0.0,3,0.5,6,-1.74,-0.29,2,0.3333333333333333,3,2,1,12,9,3,-8.52,-0.71,0.25,0.16666666666666666,0.08333333333333333,0.75,0.25,27,0.5510204081632653,8.8,0.18,49,5,0.2777777777777778,-7.03,-0.39,18,401403868,2022,2
333,Alabama Crimson Tide,29,0.4603174603174603,19,0.4634146341463415,10,0.45454545454545453,1,0.25,5,0.3125,23,0.5111111111111111,45,0.6222222222222222,0.37777777777777777,5.21,0.12,9,0.2,28,0.75,0.03,14,0.5,17,4.46,0.26,9,0.5294117647058824,6,0.6666666666666666,0.3333333333333333,-6.34,-1.06,0,0.0,4,-4.96,-1.24,0,0.0,2,-1.38,-0.69,0,0.0,6,5,1,18,13,5,-2.93,-0.16,0.3333333333333333,0.2777777777777778,0.05555555555555555,0.7222222222222222,0.2777777777777778,22,0.5,4.21,0.1,44,7,0.3684210526315789,-1.93,-0.1,19,401403868,2022,2
2535,Samford Bulldogs,11,0.2558139534883721,6,0.2222222222222222,5,0.3125,,,3,0.23076923076923078,8,0.27586206896551724,29,0.5862068965517241,0.41379310344827586,-10.57,-0.36,2,0.06896551724137931,17,-6.34,-0.37,4,0.23529411764705882,12,-4.23,-0.35,4,0.3333333333333333,5,0.4,0.6,-3.33,-0.67,2,0.4,2,-2.95,-1.48,0,0.0,3,-0.38,-0.13,2,0.6666666666666666,3,2,1,14,10,4,-10.23,-0.73,0.21428571428571427,0.14285714285714285,0.07142857142857142,0.7142857142857143,0.2857142857142857,9,0.375,-5.96,-0.25,24,2,0.10526315789473684,-14.84,-0.78,19,401403872,2022,2
61,Georgia Bulldogs,44,0.5866666666666667,27,0.6136363636363636,17,0.5483870967741935,9,0.391304347826087,5,0.38461538461538464,39,0.6290322580645161,62,0.5806451612903226,0.41935483870967744,16.7,0.27,17,0.27419354838709675,36,12.72,0.35,23,0.6388888888888888,26,3.98,0.15,16,0.6153846153846154,18,0.6111111111111112,0.3888888888888889,4.49,0.25,11,0.6111111111111112,11,2.95,0.27,6,0.5454545454545454,7,1.54,0.22,5,0.7142857142857143,5,4,1,13,8,5,-3.38,-0.26,0.38461538461538464,0.3076923076923077,0.07692307692307693,0.6153846153846154,0.38461538461538464,39,0.639344262295082,16.75,0.27,61,5,0.35714285714285715,-3.43,-0.24,14,401403872,2022,2
2032,Arkansas State Red Wolves,27,0.35526315789473684,16,0.36363636363636365,11,0.34375,4,0.3333333333333333,6,0.3,20,0.37037037037037035,54,0.5,0.5,-10.47,-0.19,7,0.12962962962962962,27,1.85,0.07,12,0.4444444444444444,27,-12.31,-0.46,8,0.2962962962962963,10,0.5,0.5,-3.85,-0.39,3,0.3,5,-2.01,-0.4,2,0.4,5,-1.84,-0.37,1,0.2,7,4,3,22,17,5,-4.22,-0.19,0.3181818181818182,0.18181818181818182,0.13636363636363635,0.7727272727272727,0.22727272727272727,16,0.35555555555555557,-10.08,-0.22,45,11,0.3548387096774194,-4.61,-0.15,31,401405079,2022,2
194,Ohio State Buckeyes,29,0.5370370370370371,16,0.5517241379310345,13,0.52,3,0.6,5,0.45454545454545453,24,0.5581395348837209,43,0.4418604651162791,0.5581395348837209,17.94,0.42,10,0.23255813953488372,19,12.73,0.67,11,0.5789473684210527,24,5.2,0.22,13,0.5416666666666666,7,0.5714285714285714,0.42857142857142855,4.47,0.64,4,0.5714285714285714,4,2.65,0.66,2,0.5,3,1.83,0.61,2,0.6666666666666666,5,5,0,11,10,1,6.72,0.61,0.45454545454545453,0.45454545454545453,0.0,0.9090909090909091,0.09090909090909091,26,0.6341463414634146,23.69,0.58,41,3,0.23076923076923078,0.96,0.07,13,401405079,2022,2
62,Hawai'i Rainbow Warriors,22,0.3188405797101449,8,0.21052631578947367,14,0.45161290322580644,2,0.25,7,0.3684210526315789,15,0.30612244897959184,49,0.4489795918367347,0.5510204081632653,-7.0,-0.14,4,0.08163265306122448,22,-6.03,-0.27,5,0.22727272727272727,27,-0.97,-0.04,10,0.37037037037037035,8,0.5,0.5,-2.43,-0.3,4,0.5,4,-3.76,-0.94,0,0.0,4,1.33,0.33,4,1.0,7,3,4,20,16,4,-7.81,-0.39,0.35,0.15,0.2,0.8,0.2,14,0.358974358974359,-1.1,-0.03,39,8,0.26666666666666666,-13.71,-0.46,30,401405077,2022,2
130,Michigan Wolverines,33,0.6,13,0.5416666666666666,20,0.6451612903225806,7,1.0,2,0.3333333333333333,31,0.6326530612244898,49,0.40816326530612246,0.5918367346938775,25.65,0.52,16,0.32653061224489793,20,13.78,0.69,12,0.6,29,11.87,0.41,19,0.6551724137931034,9,0.4444444444444444,0.5555555555555556,1.07,0.12,4,0.4444444444444444,4,2.41,0.6,2,0.5,5,-1.33,-0.27,2,0.4,2,1,1,6,4,2,0.88,0.15,0.3333333333333333,0.16666666666666666,0.16666666666666666,0.6666666666666666,0.3333333333333333,30,0.6818181818181818,27.38,0.62,44,3,0.2727272727272727,-0.85,-0.08,11,401405077,2022,2
231,Furman Paladins,31,0.4189189189189189,16,0.3902439024390244,15,0.45454545454545453,3,0.23076923076923078,11,0.6111111111111112,20,0.37037037037037035,54,0.5,0.5,-4.96,-0.09,7,0.12962962962962962,27,-6.08,-0.23,8,0.2962962962962963,27,1.11,0.04,12,0.4444444444444444,13,0.6153846153846154,0.38461538461538464,3.16,0.24,6,0.46153846153846156,8,3.89,0.49,4,0.5,5,-0.73,-0.15,2,0.4,11,8,3,20,14,6,2.54,0.13,0.55,0.4,0.15,0.7,0.3,19,0.3877551020408163,-11.24,-0.23,49,12,0.48,8.82,0.35,25,401411102,2022,2
228,Clemson Tigers,29,0.4915254237288136,15,0.46875,14,0.5185185185185185,7,0.7777777777777778,5,0.5,23,0.4791666666666667,48,0.4791666666666667,0.5208333333333334,4.18,0.09,12,0.25,23,-0.44,-0.02,10,0.43478260869565216,25,4.62,0.18,13,0.52,14,0.5,0.5,6.98,0.5,11,0.7857142857142857,7,3.76,0.54,5,0.7142857142857143,7,3.22,0.46,6,0.8571428571428571,6,5,1,11,9,2,8.89,0.81,0.5454545454545454,0.45454545454545453,0.09090909090909091,0.8181818181818182,0.18181818181818182,21,0.5121951219512195,8.74,0.21,41,8,0.4444444444444444,4.33,0.24,18,401411102,2022,2
2026,Appalachian State Mountaineers,30,0.36585365853658536,9,0.2903225806451613,21,0.4117647058823529,5,0.3333333333333333,9,0.45,18,0.3157894736842105,57,0.3508771929824561,0.6491228070175439,-10.34,-0.18,7,0.12280701754385964,20,-6.84,-0.34,4,0.2,37,-3.5,-0.09,14,0.3783783783783784,8,0.375,0.625,-6.16,-0.77,1,0.125,3,-3.51,-1.17,0,0.0,5,-2.65,-0.53,1,0.2,12,5,7,25,11,14,5.85,0.23,0.48,0.2,0.28,0.44,0.56,24,0.4444444444444444,4.14,0.08,54,6,0.21428571428571427,-8.63,-0.31,28,401403878,2022,2
245,Texas A&M Aggies,13,0.34210526315789475,5,0.22727272727272727,8,0.5,,,2,0.25,11,0.36666666666666664,30,0.5333333333333333,0.4666666666666667,-7.75,-0.26,5,0.16666666666666666,16,-7.01,-0.44,4,0.25,14,-0.74,-0.05,7,0.5,10,0.6,0.4,-5.9,-0.59,2,0.2,6,-3.52,-0.59,1,0.16666666666666666,4,-2.37,-0.59,1,0.25,2,1,1,8,6,2,-3.8,-0.48,0.25,0.125,0.125,0.75,0.25,11,0.4782608695652174,-1.64,-0.07,23,2,0.13333333333333333,-9.91,-0.66,15,401403878,2022,2
201,Oklahoma Sooners,26,0.3939393939393939,14,0.4375,12,0.35294117647058826,2,0.2857142857142857,0,0.0,25,0.4807692307692308,52,0.4423076923076923,0.5576923076923077,18.3,0.35,13,0.25,23,18.51,0.8,14,0.6086956521739131,29,-0.22,-0.01,11,0.3793103448275862,14,0.5714285714285714,0.42857142857142855,9.09,0.65,6,0.42857142857142855,8,7.58,0.95,4,0.5,6,1.51,0.25,2,0.3333333333333333,1,0,1,14,9,5,-6.52,-0.47,0.07142857142857142,0.0,0.07142857142857142,0.6428571428571429,0.35714285714285715,22,0.4782608695652174,15.22,0.33,46,4,0.2,-3.45,-0.17,20,401404066,2022,2
2309,Kent State Golden Flashes,27,0.3698630136986301,8,0.32,19,0.3958333333333333,0,0.0,7,0.4375,20,0.35714285714285715,56,0.2857142857142857,0.7142857142857143,-12.6,-0.22,14,0.25,16,-6.71,-0.42,5,0.3125,40,-5.89,-0.15,15,0.375,12,0.4166666666666667,0.5833333333333334,-7.26,-0.61,2,0.16666666666666666,5,-4.35,-0.87,1,0.2,7,-2.91,-0.42,1,0.14285714285714285,7,3,4,17,9,8,-6.59,-0.39,0.4117647058823529,0.17647058823529413,0.23529411764705882,0.5294117647058824,0.47058823529411764,18,0.3829787234042553,-9.12,-0.19,47,9,0.34615384615384615,-10.06,-0.39,26,401404066,2022,2
276,Marshall Thundering Herd,36,0.5142857142857142,14,0.5833333333333334,22,0.4782608695652174,7,0.4666666666666667,4,0.3076923076923077,32,0.5714285714285714,56,0.30357142857142855,0.6964285714285714,9.3,0.17,18,0.32142857142857145,17,4.12,0.24,12,0.7058823529411765,39,5.18,0.13,20,0.5128205128205128,17,0.4117647058823529,0.5882352941176471,1.05,0.06,9,0.5294117647058824,7,-2.31,-0.33,3,0.42857142857142855,10,3.36,0.34,6,0.6,4,2,2,14,7,7,-8.4,-0.6,0.2857142857142857,0.14285714285714285,0.14285714285714285,0.5,0.5,32,0.5818181818181818,4.16,0.08,55,4,0.26666666666666666,-3.26,-0.22,15,401404125,2022,2
87,Notre Dame Fighting Irish,37,0.49333333333333335,20,0.5,17,0.4857142857142857,6,0.6666666666666666,5,0.38461538461538464,30,0.5172413793103449,58,0.5172413793103449,0.4827586206896552,-3.1,-0.05,14,0.2413793103448276,30,-3.84,-0.13,15,0.5,28,0.74,0.03,15,0.5357142857142857,7,0.42857142857142855,0.5714285714285714,4.74,0.68,6,0.8571428571428571,3,2.84,0.95,3,1.0,4,1.91,0.48,3,0.75,7,5,2,17,10,7,-12.97,-0.76,0.4117647058823529,0.29411764705882354,0.11764705882352941,0.5882352941176471,0.4117647058823529,28,0.5185185185185185,-8.31,-0.15,54,9,0.42857142857142855,-7.76,-0.37,21,401404125,2022,2
252,BYU Cougars,36,0.4931506849315068,24,0.5714285714285714,12,0.3870967741935484,3,0.3333333333333333,5,0.35714285714285715,30,0.5172413793103449,58,0.5862068965517241,0.41379310344827586,9.32,0.16,13,0.22413793103448276,34,13.52,0.4,21,0.6176470588235294,24,-4.21,-0.18,9,0.375,8,0.75,0.25,9.51,1.19,7,0.875,6,9.68,1.61,6,1.0,2,-0.17,-0.08,1,0.5,6,3,3,15,8,7,-0.44,-0.03,0.4,0.2,0.2,0.5333333333333333,0.4666666666666667,23,0.5227272727272727,7.21,0.16,44,13,0.4482758620689655,1.67,0.06,29,401404062,2022,2
239,Baylor Bears,37,0.47435897435897434,13,0.40625,24,0.5217391304347826,13,0.7222222222222222,12,0.6666666666666666,24,0.41379310344827586,58,0.3275862068965517,0.6724137931034483,0.37,0.01,12,0.20689655172413793,19,-4.06,-0.21,5,0.2631578947368421,39,4.43,0.11,19,0.48717948717948717,13,0.46153846153846156,0.5384615384615384,7.05,0.54,7,0.5384615384615384,6,7.25,1.21,4,0.6666666666666666,7,-0.2,-0.03,3,0.42857142857142855,13,8,5,20,13,7,4.64,0.23,0.65,0.4,0.25,0.65,0.35,25,0.4716981132075472,-3.23,-0.06,53,12,0.48,8.23,0.33,25,401404062,2022,2
30,USC Trojans,34,0.5483870967741935,18,0.6,16,0.5,3,0.5,3,0.375,31,0.5740740740740741,54,0.4444444444444444,0.5555555555555556,25.36,0.47,16,0.2962962962962963,24,19.89,0.83,16,0.6666666666666666,30,5.47,0.18,15,0.5,16,0.5,0.5,3.85,0.24,7,0.4375,8,1.34,0.17,4,0.5,8,2.51,0.31,3,0.375,3,2,1,8,6,2,-2.36,-0.29,0.375,0.25,0.125,0.75,0.25,28,0.6222222222222222,21.7,0.48,45,6,0.35294117647058826,1.3,0.08,17,401403980,2022,2
24,Stanford Cardinal,40,0.5,17,0.425,23,0.575,9,0.375,6,0.46153846153846156,31,0.5,62,0.5483870967741935,0.45161290322580644,0.92,0.01,22,0.3548387096774194,34,-7.82,-0.23,14,0.4117647058823529,28,8.73,0.31,17,0.6071428571428571,8,0.625,0.375,-2.45,-0.31,3,0.375,5,-0.8,-0.16,2,0.4,3,-1.65,-0.55,1,0.3333333333333333,9,3,6,18,6,12,3.7,0.21,0.5,0.16666666666666666,0.3333333333333333,0.3333333333333333,0.6666666666666666,34,0.5573770491803278,13.72,0.22,61,6,0.3157894736842105,-9.1,-0.48,19,401403980,2022,2
197,Oklahoma State Cowboys,37,0.44047619047619047,19,0.5,18,0.391304347826087,7,0.6363636363636364,6,0.4,31,0.4492753623188406,69,0.42028985507246375,0.5797101449275363,6.83,0.1,16,0.2318840579710145,29,5.43,0.19,16,0.5517241379310345,40,1.4,0.03,15,0.375,16,0.4375,0.5625,1.85,0.12,6,0.375,7,-0.42,-0.06,2,0.2857142857142857,9,2.27,0.25,4,0.4444444444444444,6,3,3,15,9,6,-2.81,-0.19,0.4,0.2,0.2,0.6,0.4,31,0.5,9.49,0.15,62,6,0.2727272727272727,-5.48,-0.25,22,401403975,2022,2
9,Arizona State Sun Devils,20,0.3389830508474576,8,0.3076923076923077,12,0.36363636363636365,1,0.2,2,0.15384615384615385,18,0.391304347826087,46,0.3695652173913043,0.6304347826086957,8.04,0.17,9,0.1956521739130435,17,8.36,0.49,6,0.35294117647058826,29,-0.32,-0.01,12,0.41379310344827586,7,0.14285714285714285,0.8571428571428571,4.42,0.63,2,0.2857142857142857,1,7.16,7.16,1,1.0,6,-2.74,-0.46,1,0.16666666666666666,2,2,0,13,9,4,-12.06,-0.93,0.15384615384615385,0.15384615384615385,0.0,0.6923076923076923,0.3076923076923077,14,0.358974358974359,-8.4,-0.22,39,6,0.3,4.38,0.22,20,401403975,2022,2
57,Florida Gators,17,0.26153846153846155,10,0.2777777777777778,7,0.2413793103448276,1,0.5,5,0.3125,11,0.2391304347826087,46,0.5,0.5,-11.01,-0.24,6,0.13043478260869565,23,-10.87,-0.47,6,0.2608695652173913,23,-0.13,-0.01,5,0.21739130434782608,8,0.5,0.5,-9.77,-1.22,1,0.125,4,-8.56,-2.14,0,0.0,4,-1.21,-0.3,1,0.25,6,4,2,19,13,6,-15.67,-0.82,0.3157894736842105,0.21052631578947367,0.10526315789473684,0.6842105263157895,0.3157894736842105,9,0.25,-17.69,-0.49,36,8,0.27586206896551724,-9.0,-0.31,29,401403871,2022,2
96,Kentucky Wildcats,21,0.3387096774193548,10,0.38461538461538464,11,0.3055555555555556,3,0.25,4,0.3076923076923077,17,0.3541666666666667,48,0.3541666666666667,0.6458333333333334,-5.32,-0.11,11,0.22916666666666666,17,-0.59,-0.03,7,0.4117647058823529,31,-4.73,-0.15,10,0.3225806451612903,9,0.3333333333333333,0.6666666666666666,-0.51,-0.06,3,0.3333333333333333,3,0.15,0.05,1,0.3333333333333333,6,-0.67,-0.11,2,0.3333333333333333,4,3,1,14,9,5,-4.7,-0.34,0.2857142857142857,0.21428571428571427,0.07142857142857142,0.6428571428571429,0.35714285714285715,15,0.40540540540540543,-1.0,-0.03,37,6,0.24,-9.02,-0.36,25,401403871,2022,2
253,Southern Utah Thunderbirds,5,0.15151515151515152,2,0.10526315789473684,3,0.21428571428571427,,,1,0.1,4,0.18181818181818182,22,0.45454545454545453,0.5454545454545454,-9.03,-0.41,1,0.045454545454545456,10,-5.07,-0.51,1,0.1,12,-3.96,-0.33,3,0.25,9,0.7777777777777778,0.2222222222222222,-2.55,-0.28,1,0.1111111111111111,7,-1.09,-0.16,1,0.14285714285714285,2,-1.45,-0.73,0,0.0,1,1,0,11,9,2,-7.99,-0.73,0.09090909090909091,0.09090909090909091,0.0,0.8181818181818182,0.18181818181818182,4,0.2222222222222222,-10.11,-0.56,18,1,0.06666666666666667,-6.91,-0.46,15,401403982,2022,2
254,Utah Utes,24,0.5454545454545454,11,0.6111111111111112,13,0.5,2,0.2857142857142857,2,0.4,22,0.5641025641025641,39,0.4358974358974359,0.5641025641025641,8.18,0.21,17,0.4358974358974359,17,7.33,0.43,11,0.6470588235294118,22,0.84,0.04,11,0.5,7,0.8571428571428571,0.14285714285714285,0.29,0.04,4,0.5714285714285714,6,0.76,0.13,4,0.6666666666666666,1,-0.47,-0.47,0,0.0,2,0,2,5,1,4,-0.48,-0.1,0.4,0.0,0.4,0.2,0.8,19,0.5588235294117647,4.75,0.14,34,5,0.5,2.94,0.29,10,401403982,2022,2
2006,Akron Zips,23,0.35384615384615387,14,0.3333333333333333,9,0.391304347826087,,,4,0.2857142857142857,19,0.37254901960784315,51,0.6078431372549019,0.39215686274509803,-13.69,-0.27,12,0.23529411764705882,31,-7.57,-0.24,12,0.3870967741935484,20,-6.12,-0.31,7,0.35,10,0.8,0.2,1.92,0.19,3,0.3,8,3.91,0.49,3,0.375,2,-1.99,-1.0,0,0.0,4,2,2,14,11,3,-8.55,-0.61,0.2857142857142857,0.14285714285714285,0.14285714285714285,0.7857142857142857,0.21428571428571427,17,0.40476190476190477,-18.48,-0.44,42,6,0.2608695652173913,-3.75,-0.16,23,401405078,2022,2
127,Michigan State Spartans,41,0.4939759036144578,17,0.5,24,0.4897959183673469,14,0.6363636363636364,6,0.5,34,0.5,68,0.38235294117647056,0.6176470588235294,4.27,0.06,18,0.2647058823529412,26,-0.12,-0.0,13,0.5,42,4.39,0.1,21,0.5,23,0.5217391304347826,0.4782608695652174,12.01,0.52,14,0.6086956521739131,12,9.22,0.77,8,0.6666666666666666,11,2.79,0.25,6,0.5454545454545454,7,4,3,15,8,7,0.61,0.04,0.4666666666666667,0.26666666666666666,0.2,0.5333333333333333,0.4666666666666667,33,0.515625,-1.8,-0.03,64,8,0.42105263157894735,6.67,0.35,19,401405078,2022,2
8,Arkansas Razorbacks,48,0.5647058823529412,15,0.6521739130434783,33,0.532258064516129,11,0.6111111111111112,9,0.5625,37,0.5606060606060606,66,0.2878787878787879,0.7121212121212122,19.11,0.29,15,0.22727272727272727,19,7.72,0.41,14,0.7368421052631579,47,11.39,0.24,23,0.48936170212765956,14,0.42857142857142855,0.5714285714285714,-0.79,-0.06,7,0.5,6,-3.0,-0.5,2,0.3333333333333333,8,2.21,0.28,5,0.625,11,1,10,19,4,15,3.84,0.2,0.5789473684210527,0.05263157894736842,0.5263157894736842,0.21052631578947367,0.7894736842105263,39,0.5652173913043478,16.6,0.24,69,9,0.5625,6.36,0.4,16,401403869,2022,2
2579,South Carolina Gamecocks,34,0.5,19,0.4222222222222222,15,0.6521739130434783,5,0.45454545454545453,4,0.4,29,0.5178571428571429,56,0.6428571428571429,0.35714285714285715,6.12,0.11,14,0.25,36,-0.6,-0.02,16,0.4444444444444444,20,6.73,0.34,13,0.65,12,0.6666666666666666,0.3333333333333333,5.11,0.43,8,0.6666666666666666,8,0.99,0.12,4,0.5,4,4.12,1.03,4,1.0,5,3,2,12,9,3,8.44,0.7,0.4166666666666667,0.25,0.16666666666666666,0.75,0.25,25,0.5319148936170213,4.23,0.09,47,9,0.42857142857142855,10.34,0.49,21,401403869,2022,2
2633,Tennessee Volunteers,37,0.4805194805194805,25,0.5555555555555556,12,0.375,2,1.0,7,0.4375,29,0.4915254237288136,59,0.5932203389830508,0.4067796610169492,10.82,0.18,11,0.1864406779661017,35,12.42,0.35,19,0.5428571428571428,24,-1.6,-0.07,10,0.4166666666666667,5,0.4,0.6,-1.01,-0.2,1,0.2,2,-0.77,-0.38,0,0.0,3,-0.25,-0.08,1,0.3333333333333333,8,6,2,18,10,8,-4.09,-0.23,0.4444444444444444,0.3333333333333333,0.1111111111111111,0.5555555555555556,0.4444444444444444,28,0.56,5.02,0.1,50,9,0.3333333333333333,1.71,0.06,27,401403877,2022,2
221,Pittsburgh Panthers,30,0.36585365853658536,19,0.3958333333333333,11,0.3235294117647059,4,0.19047619047619047,6,0.3333333333333333,21,0.3559322033898305,59,0.5084745762711864,0.4915254237288136,4.3,0.07,11,0.1864406779661017,30,5.53,0.18,14,0.4666666666666667,29,-1.24,-0.04,7,0.2413793103448276,11,0.5454545454545454,0.45454545454545453,-1.71,-0.16,4,0.36363636363636365,6,-4.46,-0.74,1,0.16666666666666666,5,2.75,0.55,3,0.6,9,5,4,23,18,5,-3.56,-0.15,0.391304347826087,0.21739130434782608,0.17391304347826086,0.782608695652174,0.21739130434782608,18,0.33962264150943394,-2.21,-0.04,53,12,0.41379310344827586,2.95,0.1,29,401403877,2022,2
152,NC State Wolfpack,44,0.5365853658536586,20,0.5,24,0.5714285714285714,6,0.6666666666666666,7,0.5,37,0.5606060606060606,66,0.4696969696969697,0.5303030303030303,13.6,0.21,18,0.2727272727272727,31,13.44,0.43,16,0.5161290322580645,35,0.16,0.0,21,0.6,11,0.7272727272727273,0.2727272727272727,5.51,0.5,6,0.5454545454545454,8,4.11,0.51,4,0.5,3,1.4,0.47,2,0.6666666666666666,7,4,3,16,9,7,3.28,0.2,0.4375,0.25,0.1875,0.5625,0.4375,30,0.5769230769230769,1.26,0.02,52,14,0.4666666666666667,15.62,0.52,30,401411106,2022,2
2127,Charleston Southern Buccaneers,16,0.25806451612903225,10,0.20833333333333334,6,0.42857142857142855,,,3,0.2,13,0.2826086956521739,46,0.7608695652173914,0.2391304347826087,-10.83,-0.24,7,0.15217391304347827,35,-9.51,-0.27,9,0.2571428571428571,11,-1.33,-0.12,4,0.36363636363636365,16,0.75,0.25,-6.28,-0.39,6,0.375,12,-6.49,-0.54,4,0.3333333333333333,4,0.21,0.05,2,0.5,3,1,2,16,13,3,-16.76,-1.05,0.1875,0.0625,0.125,0.8125,0.1875,9,0.2727272727272727,-11.46,-0.35,33,7,0.2413793103448276,-16.13,-0.56,29,401411106,2022,2
145,Ole Miss Rebels,35,0.5147058823529411,15,0.4411764705882353,20,0.5882352941176471,11,0.5238095238095238,3,0.375,32,0.5614035087719298,57,0.43859649122807015,0.5614035087719298,17.09,0.3,20,0.3508771929824561,25,6.25,0.25,14,0.56,32,10.84,0.34,18,0.5625,12,0.5833333333333334,0.4166666666666667,0.94,0.08,8,0.6666666666666666,7,-0.36,-0.05,4,0.5714285714285714,5,1.31,0.26,4,0.8,3,1,2,11,9,2,-8.01,-0.73,0.2727272727272727,0.09090909090909091,0.18181818181818182,0.8181818181818182,0.18181818181818182,27,0.5625,8.71,0.18,48,8,0.4,0.37,0.02,20,401403874,2022,2
2110,Central Arkansas Bears,21,0.29577464788732394,9,0.2903225806451613,12,0.3076923076923077,0,0.0,4,0.23529411764705882,16,0.3404255319148936,47,0.44680851063829785,0.5531914893617021,-4.96,-0.11,7,0.14893617021276595,21,-1.18,-0.06,7,0.3333333333333333,26,-3.79,-0.15,9,0.34615384615384615,11,0.7272727272727273,0.2727272727272727,-6.45,-0.59,1,0.09090909090909091,8,-5.5,-0.69,1,0.125,3,-0.95,-0.32,0,0.0,5,2,3,24,10,13,-24.08,-1.0,0.20833333333333334,0.08333333333333333,0.125,0.4166666666666667,0.5416666666666666,16,0.36363636363636365,-10.37,-0.24,44,5,0.18518518518518517,-18.67,-0.69,27,401403874,2022,2
248,Houston Cougars,28,0.4,14,0.3333333333333333,14,0.5,7,0.35,6,0.35294117647058826,22,0.4230769230769231,52,0.5576923076923077,0.4423076923076923,0.8,0.02,11,0.21153846153846154,29,0.34,0.01,10,0.3448275862068966,23,0.46,0.02,12,0.5217391304347826,12,0.6666666666666666,0.3333333333333333,4.76,0.4,4,0.3333333333333333,8,1.82,0.23,2,0.25,4,2.94,0.74,2,0.5,6,4,2,18,13,5,-10.77,-0.6,0.3333333333333333,0.2222222222222222,0.1111111111111111,0.7222222222222222,0.2777777777777778,19,0.4318181818181818,-2.41,-0.05,44,9,0.34615384615384615,-7.55,-0.29,26,401404063,2022,2
2641,Texas Tech Red Raiders,42,0.4117647058823529,26,0.41935483870967744,16,0.4,4,0.5714285714285714,6,0.3157894736842105,34,0.43037974683544306,79,0.6582278481012658,0.34177215189873417,2.67,0.03,20,0.25316455696202533,52,-4.05,-0.08,24,0.46153846153846156,27,6.72,0.25,10,0.37037037037037035,11,0.5454545454545454,0.45454545454545453,4.6,0.42,5,0.45454545454545453,6,6.72,1.12,4,0.6666666666666666,5,-2.12,-0.42,1,0.2,8,2,6,23,10,13,-6.58,-0.29,0.34782608695652173,0.08695652173913043,0.2608695652173913,0.43478260869565216,0.5652173913043478,30,0.47619047619047616,15.06,0.24,63,12,0.3076923076923077,-18.97,-0.49,39,401404063,2022,2
238,Vanderbilt Commodores,22,0.3728813559322034,11,0.4230769230769231,11,0.3333333333333333,4,0.36363636363636365,2,0.15384615384615385,19,0.4222222222222222,45,0.4222222222222222,0.5777777777777777,1.57,0.03,8,0.17777777777777778,19,11.26,0.59,10,0.5263157894736842,26,-9.69,-0.37,9,0.34615384615384615,8,0.25,0.75,-1.25,-0.16,4,0.5,2,-0.54,-0.27,1,0.5,6,-0.71,-0.12,3,0.5,3,1,2,14,7,7,-10.54,-0.75,0.21428571428571427,0.07142857142857142,0.14285714285714285,0.5,0.5,18,0.45,-2.78,-0.07,40,4,0.21052631578947367,-6.19,-0.33,19,401403879,2022,2
154,Wake Forest Demon Deacons,32,0.48484848484848486,16,0.5517241379310345,16,0.43243243243243246,8,0.4444444444444444,5,0.4166666666666667,26,0.5,52,0.4423076923076923,0.5576923076923077,11.95,0.23,12,0.23076923076923078,23,12.5,0.54,14,0.6086956521739131,29,-0.55,-0.02,12,0.41379310344827586,12,0.5833333333333334,0.4166666666666667,3.06,0.25,3,0.25,7,3.4,0.49,2,0.2857142857142857,5,-0.34,-0.07,1,0.2,6,2,4,14,6,8,-2.38,-0.17,0.42857142857142855,0.14285714285714285,0.2857142857142857,0.42857142857142855,0.5714285714285714,23,0.46,-1.4,-0.03,50,9,0.5625,10.97,0.69,16,401403879,2022,2
135,Minnesota Golden Gophers,44,0.5945945945945946,17,0.68,27,0.5510204081632653,9,0.6923076923076923,7,0.7,36,0.5714285714285714,63,0.31746031746031744,0.6825396825396826,17.77,0.28,23,0.36507936507936506,20,11.65,0.58,14,0.7,43,6.12,0.14,22,0.5116279069767442,10,0.3,0.7,3.69,0.37,7,0.7,3,1.32,0.44,2,0.6666666666666666,7,2.37,0.34,5,0.7142857142857143,8,3,5,11,5,6,9.91,0.9,0.7272727272727273,0.2727272727272727,0.45454545454545453,0.45454545454545453,0.5454545454545454,37,0.6271186440677966,23.36,0.4,59,7,0.4666666666666667,4.32,0.29,15,401405071,2022,2
2710,Western Illinois Leathernecks,14,0.2916666666666667,10,0.3333333333333333,4,0.2222222222222222,,,1,0.09090909090909091,12,0.34285714285714286,35,0.5714285714285714,0.42857142857142855,-0.08,-0.0,5,0.14285714285714285,20,5.41,0.27,8,0.4,15,-5.49,-0.37,4,0.26666666666666666,8,0.875,0.125,-1.4,-0.17,2,0.25,7,-1.25,-0.18,2,0.2857142857142857,1,-0.15,-0.15,0,0.0,2,2,0,13,10,3,-9.78,-0.75,0.15384615384615385,0.15384615384615385,0.0,0.7692307692307693,0.23076923076923078,7,0.2413793103448276,-8.57,-0.3,29,7,0.3684210526315789,-1.29,-0.07,19,401405071,2022,2
77,Northwestern Wildcats,33,0.4074074074074074,26,0.48148148148148145,7,0.25925925925925924,1,0.1111111111111111,5,0.3333333333333333,25,0.3968253968253968,63,0.6349206349206349,0.36507936507936506,-0.11,-0.0,15,0.23809523809523808,40,7.43,0.19,19,0.475,23,-7.53,-0.33,6,0.2608695652173913,2,1.0,0.0,-3.53,-1.76,0,0.0,2,-3.53,-1.76,0,0.0,,,,,,6,5,1,16,12,4,-11.57,-0.72,0.375,0.3125,0.0625,0.75,0.25,21,0.39622641509433965,-14.27,-0.27,53,10,0.38461538461538464,2.59,0.1,26,401405073,2022,2
150,Duke Blue Devils,23,0.45098039215686275,8,0.34782608695652173,15,0.5357142857142857,7,0.5384615384615384,2,0.25,18,0.45,40,0.4,0.6,4.19,0.1,11,0.275,16,-0.62,-0.04,5,0.3125,24,4.8,0.2,13,0.5416666666666666,8,0.375,0.625,3.97,0.5,5,0.625,3,2.23,0.74,1,0.3333333333333333,5,1.74,0.35,4,0.8,2,2,0,8,6,2,-1.53,-0.19,0.25,0.25,0.0,0.75,0.25,15,0.4166666666666667,0.35,0.01,36,5,0.4166666666666667,2.31,0.19,12,401405073,2022,2
213,Penn State Nittany Lions,33,0.44,22,0.4782608695652174,11,0.3793103448275862,3,0.5,3,0.25,28,0.4745762711864407,59,0.576271186440678,0.423728813559322,15.87,0.27,17,0.288135593220339,34,11.5,0.34,19,0.5588235294117647,25,4.36,0.17,9,0.36,13,0.7692307692307693,0.23076923076923078,6.67,0.51,6,0.46153846153846156,10,5.46,0.55,5,0.5,3,1.2,0.4,1,0.3333333333333333,5,3,2,16,12,4,1.93,0.12,0.3125,0.1875,0.125,0.75,0.25,26,0.5,16.25,0.31,52,7,0.30434782608695654,1.55,0.07,23,401405080,2022,2
195,Ohio Bobcats,26,0.3939393939393939,16,0.3902439024390244,10,0.4166666666666667,2,0.4,5,0.3333333333333333,20,0.40816326530612246,49,0.4897959183673469,0.4897959183673469,-3.04,-0.06,10,0.20408163265306123,24,-3.7,-0.15,10,0.4166666666666667,24,0.7,0.03,10,0.4166666666666667,10,0.5,0.5,3.0,0.3,5,0.5,5,0.38,0.08,2,0.4,5,2.62,0.52,3,0.6,6,6,0,17,17,0,-4.35,-0.26,0.35294117647058826,0.35294117647058826,0.0,1.0,0.0,17,0.37777777777777777,-7.71,-0.17,45,9,0.42857142857142855,0.31,0.01,21,401405080,2022,2
153,North Carolina Tar Heels,26,0.4,12,0.4444444444444444,14,0.3684210526315789,4,0.8,6,0.46153846153846156,19,0.38,50,0.34,0.66,-8.34,-0.17,9,0.18,17,-1.91,-0.11,8,0.47058823529411764,33,-6.44,-0.2,11,0.3333333333333333,6,1.0,0.0,-6.7,-1.12,1,0.16666666666666666,6,-6.7,-1.12,1,0.16666666666666666,,,,,,7,4,3,15,10,5,7.9,0.53,0.4666666666666667,0.26666666666666666,0.2,0.6666666666666666,0.3333333333333333,19,0.4523809523809524,-4.21,-0.1,42,7,0.30434782608695654,3.77,0.16,23,401411103,2022,2
2247,Georgia State Panthers,35,0.44871794871794873,9,0.34615384615384615,26,0.5,3,0.75,4,0.25,31,0.5,62,0.25806451612903225,0.7419354838709677,9.87,0.16,16,0.25806451612903225,16,5.95,0.37,6,0.375,46,3.91,0.09,25,0.5434782608695652,14,0.21428571428571427,0.7857142857142857,6.62,0.47,8,0.5714285714285714,3,6.59,2.2,2,0.6666666666666666,11,0.03,0.0,6,0.5454545454545454,4,3,1,16,10,6,-2.03,-0.13,0.25,0.1875,0.0625,0.625,0.375,30,0.5172413793103449,10.98,0.19,58,5,0.25,-3.14,-0.16,20,401411103,2022,2
2390,Miami Hurricanes,41,0.5061728395061729,17,0.4722222222222222,24,0.5333333333333333,5,0.4166666666666667,9,0.5294117647058824,32,0.5079365079365079,63,0.42857142857142855,0.5714285714285714,13.35,0.21,13,0.20634920634920634,27,11.96,0.44,16,0.5925925925925926,36,1.39,0.04,16,0.4444444444444444,15,0.5333333333333333,0.4666666666666667,8.89,0.59,11,0.7333333333333333,8,4.95,0.62,6,0.75,7,3.94,0.56,5,0.7142857142857143,9,1,8,18,9,9,-1.03,-0.06,0.5,0.05555555555555555,0.4444444444444444,0.5,0.5,31,0.5254237288135594,8.06,0.14,59,10,0.45454545454545453,4.26,0.19,22,401411105,2022,2
2572,Southern Miss Golden Eagles,16,0.32,12,0.4,4,0.2,1,0.5,6,0.46153846153846156,10,0.2702702702702703,37,0.5945945945945946,0.40540540540540543,-14.91,-0.4,5,0.13513513513513514,22,-8.24,-0.37,8,0.36363636363636365,15,-6.67,-0.44,2,0.13333333333333333,4,0.5,0.5,-2.66,-0.67,1,0.25,2,-3.35,-1.67,0,0.0,2,0.68,0.34,1,0.5,6,4,2,13,8,5,2.38,0.18,0.46153846153846156,0.3076923076923077,0.15384615384615385,0.6153846153846154,0.38461538461538464,9,0.32142857142857145,-9.94,-0.35,28,7,0.3181818181818182,-2.59,-0.12,22,401411105,2022,2
349,Army Black Knights,32,0.41025641025641024,13,0.65,19,0.3275862068965517,8,0.5333333333333333,11,0.5789473684210527,19,0.34545454545454546,55,0.23636363636363636,0.7636363636363637,10.84,0.2,12,0.21818181818181817,13,16.87,1.3,7,0.5384615384615384,42,-6.02,-0.14,12,0.2857142857142857,12,0.3333333333333333,0.6666666666666666,8.1,0.68,6,0.5,4,4.41,1.1,2,0.5,8,3.69,0.46,4,0.5,13,6,7,23,7,16,-1.0,-0.04,0.5652173913043478,0.2608695652173913,0.30434782608695654,0.30434782608695654,0.6956521739130435,20,0.3508771929824561,10.23,0.18,57,12,0.5714285714285714,-0.39,-0.02,21,401426553,2022,2
2636,UTSA Roadrunners,34,0.40476190476190477,21,0.40384615384615385,13,0.40625,5,0.35714285714285715,10,0.5882352941176471,23,0.35384615384615387,65,0.6,0.4,-20.18,-0.31,19,0.2923076923076923,39,-8.66,-0.22,15,0.38461538461538464,26,-11.52,-0.44,8,0.3076923076923077,17,0.5882352941176471,0.4117647058823529,-3.46,-0.2,4,0.23529411764705882,10,1.74,0.17,3,0.3,7,-5.2,-0.74,1,0.14285714285714285,11,6,5,19,13,6,15.45,0.81,0.5789473684210527,0.3157894736842105,0.2631578947368421,0.6842105263157895,0.3157894736842105,21,0.3620689655172414,-18.12,-0.31,58,13,0.5,13.39,0.51,26,401426553,2022,2
2306,Kansas State Wildcats,24,0.38095238095238093,6,0.3,18,0.4186046511627907,4,0.2857142857142857,5,0.38461538461538464,17,0.3541666666666667,48,0.2708333333333333,0.7291666666666666,1.94,0.04,8,0.16666666666666666,13,-2.18,-0.17,3,0.23076923076923078,35,4.13,0.12,14,0.4,6,0.3333333333333333,0.6666666666666666,-1.13,-0.19,1,0.16666666666666666,2,0.07,0.04,1,0.5,4,-1.2,-0.3,0,0.0,7,3,4,15,7,8,2.41,0.16,0.4666666666666667,0.2,0.26666666666666666,0.4666666666666667,0.5333333333333333,19,0.40425531914893614,4.61,0.1,47,5,0.3125,-0.25,-0.02,16,401403876,2022,2
142,Missouri Tigers,22,0.3728813559322034,10,0.3125,12,0.4444444444444444,3,0.5,5,0.3333333333333333,16,0.37209302325581395,43,0.5116279069767442,0.4883720930232558,-22.98,-0.53,3,0.06976744186046512,22,-17.71,-0.8,7,0.3181818181818182,21,-5.27,-0.25,9,0.42857142857142855,15,0.8,0.2,1.78,0.12,9,0.6,12,2.48,0.21,7,0.5833333333333334,3,-0.7,-0.23,2,0.6666666666666666,6,3,3,16,10,6,-0.22,-0.01,0.375,0.1875,0.1875,0.625,0.375,17,0.4473684210526316,-6.04,-0.16,38,5,0.23809523809523808,-17.16,-0.82,21,401403876,2022,2
2117,Central Michigan Chippewas,29,0.4027777777777778,19,0.3877551020408163,10,0.43478260869565216,2,0.25,5,0.3333333333333333,23,0.4339622641509434,53,0.6792452830188679,0.32075471698113206,3.96,0.07,11,0.20754716981132076,36,4.23,0.12,17,0.4722222222222222,17,-0.27,-0.02,6,0.35294117647058826,17,0.6470588235294118,0.35294117647058826,-1.33,-0.08,8,0.47058823529411764,11,-3.24,-0.29,5,0.45454545454545453,6,1.91,0.32,3,0.5,6,2,4,19,13,6,-2.08,-0.11,0.3157894736842105,0.10526315789473684,0.21052631578947367,0.6842105263157895,0.3157894736842105,20,0.43478260869565216,3.71,0.08,46,9,0.34615384615384615,-1.83,-0.07,26,401416597,2022,2
6,South Alabama Jaguars,35,0.4069767441860465,20,0.46511627906976744,15,0.3488372093023256,7,0.5,10,0.5555555555555556,25,0.373134328358209,67,0.47761194029850745,0.5223880597014925,8.53,0.13,15,0.22388059701492538,32,13.12,0.41,15,0.46875,35,-4.59,-0.13,10,0.2857142857142857,9,0.4444444444444444,0.5555555555555556,-3.14,-0.35,2,0.2222222222222222,4,-3.6,-0.9,0,0.0,5,0.46,0.09,2,0.4,10,5,5,19,11,8,5.35,0.28,0.5263157894736842,0.2631578947368421,0.2631578947368421,0.5789473684210527,0.42105263157894735,23,0.39655172413793105,6.54,0.11,58,12,0.42857142857142855,7.34,0.26,28,401416597,2022,2
218,Temple Owls,28,0.4307692307692308,13,0.48148148148148145,15,0.39473684210526316,6,0.6666666666666666,5,0.4166666666666667,23,0.45098039215686275,51,0.35294117647058826,0.6470588235294118,-4.44,-0.09,10,0.19607843137254902,18,6.46,0.36,9,0.5,33,-10.9,-0.33,14,0.42424242424242425,7,0.42857142857142855,0.5714285714285714,0.9,0.13,4,0.5714285714285714,3,4.29,1.43,2,0.6666666666666666,4,-3.39,-0.85,2,0.5,5,4,1,14,9,5,-9.98,-0.71,0.35714285714285715,0.2857142857142857,0.07142857142857142,0.6428571428571429,0.35714285714285715,18,0.4090909090909091,-15.42,-0.35,44,10,0.47619047619047616,0.99,0.05,21,401415614,2022,2
322,Lafayette Leopards,11,0.19642857142857142,6,0.23076923076923078,5,0.16666666666666666,3,0.3333333333333333,4,0.25,5,0.13513513513513514,37,0.35135135135135137,0.6486486486486487,-20.57,-0.56,2,0.05405405405405406,13,-4.37,-0.34,3,0.23076923076923078,24,-16.2,-0.67,2,0.08333333333333333,13,0.38461538461538464,0.6153846153846154,-4.45,-0.34,4,0.3076923076923077,5,-5.8,-1.16,0,0.0,8,1.35,0.17,4,0.5,6,3,3,19,13,6,-3.57,-0.19,0.3157894736842105,0.15789473684210525,0.15789473684210525,0.6842105263157895,0.3157894736842105,7,0.2692307692307692,-7.37,-0.28,26,4,0.13333333333333333,-16.77,-0.56,30,401415614,2022,2
2711,Western Michigan Broncos,38,0.4470588235294118,20,0.46511627906976744,18,0.42857142857142855,6,0.6,7,0.4117647058823529,27,0.43548387096774194,62,0.5,0.5,0.57,0.01,13,0.20967741935483872,31,1.57,0.05,15,0.4838709677419355,31,-0.99,-0.03,12,0.3870967741935484,19,0.7368421052631579,0.2631578947368421,5.06,0.27,9,0.47368421052631576,14,0.03,0.0,6,0.42857142857142855,5,5.03,1.01,3,0.6,11,5,6,23,12,11,4.77,0.21,0.4782608695652174,0.21739130434782608,0.2608695652173913,0.5217391304347826,0.4782608695652174,26,0.4482758620689655,0.99,0.02,58,12,0.4444444444444444,4.35,0.16,27,401416594,2022,2
2050,Ball State Cardinals,28,0.4,17,0.4358974358974359,11,0.3548387096774194,6,0.6,4,0.2857142857142857,23,0.42592592592592593,54,0.5,0.5,5.74,0.11,12,0.2222222222222222,27,6.78,0.25,14,0.5185185185185185,27,-1.03,-0.04,9,0.3333333333333333,12,0.5,0.5,3.0,0.25,5,0.4166666666666667,6,1.66,0.28,3,0.5,6,1.33,0.22,2,0.3333333333333333,5,3,2,16,12,4,-3.95,-0.25,0.3125,0.1875,0.125,0.75,0.25,20,0.4,7.98,0.16,50,8,0.4,-6.18,-0.31,20,401416594,2022,2
235,Memphis Tigers,33,0.4782608695652174,24,0.6,9,0.3103448275862069,3,0.3,11,0.6875,21,0.4117647058823529,51,0.5490196078431373,0.45098039215686275,4.4,0.09,9,0.17647058823529413,28,7.49,0.27,14,0.5,23,-3.09,-0.13,7,0.30434782608695654,20,0.85,0.15,9.76,0.49,12,0.6,17,9.29,0.55,10,0.5882352941176471,3,0.47,0.16,2,0.6666666666666666,12,10,2,18,12,6,21.09,1.17,0.6666666666666666,0.5555555555555556,0.1111111111111111,0.6666666666666666,0.3333333333333333,20,0.47619047619047616,4.67,0.11,42,13,0.48148148148148145,20.83,0.77,27,401415617,2022,2
2426,Navy Midshipmen,21,0.30434782608695654,2,0.15384615384615385,19,0.3392857142857143,1,0.2,8,0.47058823529411764,10,0.2127659574468085,47,0.1702127659574468,0.8297872340425532,-17.88,-0.38,6,0.1276595744680851,8,-6.01,-0.75,1,0.125,39,-11.87,-0.3,9,0.23076923076923078,9,0.0,1.0,-7.42,-0.82,2,0.2222222222222222,,,,,,9,-7.42,-0.82,2,0.2222222222222222,11,1,10,22,5,17,4.7,0.21,0.5,0.045454545454545456,0.45454545454545453,0.22727272727272727,0.7727272727272727,15,0.36585365853658536,-1.37,-0.03,41,6,0.21428571428571427,-11.81,-0.42,28,401415617,2022,2
2132,Cincinnati Bearcats,32,0.6530612244897959,16,0.5925925925925926,16,0.7272727272727273,5,0.625,5,0.7142857142857143,24,0.6153846153846154,39,0.5897435897435898,0.41025641025641024,11.71,0.3,15,0.38461538461538464,23,8.85,0.38,14,0.6086956521739131,16,2.86,0.18,10,0.625,10,0.5,0.5,2.17,0.22,7,0.7,5,0.85,0.17,3,0.6,5,1.32,0.26,4,0.8,5,2,3,7,4,3,8.4,1.2,0.7142857142857143,0.2857142857142857,0.42857142857142855,0.5714285714285714,0.42857142857142855,23,0.696969696969697,11.72,0.36,33,6,0.46153846153846156,8.39,0.65,13,401415619,2022,2
338,Kennesaw State Owls,21,0.3088235294117647,5,0.38461538461538464,16,0.2962962962962963,2,0.3333333333333333,6,0.35294117647058826,14,0.28,50,0.14,0.84,-17.08,-0.34,5,0.1,7,1.18,0.17,3,0.42857142857142855,42,-13.1,-0.31,11,0.2619047619047619,12,0.16666666666666666,0.75,-8.09,-0.67,3,0.25,2,-1.83,-0.92,0,0.0,9,-1.1,-0.12,3,0.3333333333333333,6,2,4,17,6,11,0.17,0.01,0.35294117647058826,0.11764705882352941,0.23529411764705882,0.35294117647058826,0.6470588235294118,13,0.3023255813953488,-16.48,-0.38,43,7,0.2916666666666667,-0.44,-0.02,24,401415619,2022,2
25,California Golden Bears,30,0.4225352112676056,17,0.3953488372093023,13,0.4642857142857143,2,0.15384615384615385,7,0.4666666666666667,21,0.3888888888888889,54,0.5555555555555556,0.4444444444444444,-5.77,-0.11,12,0.2222222222222222,30,-4.07,-0.14,10,0.3333333333333333,24,-1.7,-0.07,11,0.4583333333333333,17,0.6470588235294118,0.35294117647058826,-0.63,-0.04,6,0.35294117647058826,11,1.46,0.13,4,0.36363636363636365,6,-2.09,-0.35,2,0.3333333333333333,9,7,2,17,13,4,6.63,0.39,0.5294117647058824,0.4117647058823529,0.11764705882352941,0.7647058823529411,0.23529411764705882,19,0.4523809523809524,3.62,0.09,42,11,0.3793103448275862,-2.76,-0.1,29,401403976,2022,2
2439,UNLV Rebels,25,0.390625,11,0.3055555555555556,14,0.5,1,0.16666666666666666,1,0.08333333333333333,23,0.4791666666666667,48,0.5625,0.4375,9.68,0.2,12,0.25,27,6.07,0.22,10,0.37037037037037035,21,3.61,0.17,13,0.6190476190476191,7,0.42857142857142855,0.5714285714285714,-3.62,-0.52,2,0.2857142857142857,3,-1.84,-0.61,0,0.0,4,-1.77,-0.44,2,0.5,2,1,1,16,9,7,-15.42,-0.96,0.125,0.0625,0.0625,0.5625,0.4375,19,0.475,1.82,0.05,40,6,0.25,-7.56,-0.31,24,401403976,2022,2
264,Washington Huskies,46,0.6301369863013698,21,0.6176470588235294,25,0.6410256410256411,10,0.7142857142857143,7,0.7,38,0.6129032258064516,62,0.46774193548387094,0.532258064516129,26.82,0.43,22,0.3548387096774194,29,15.28,0.53,18,0.6206896551724138,33,11.54,0.35,20,0.6060606060606061,14,0.7142857142857143,0.2857142857142857,5.56,0.4,10,0.7142857142857143,10,2.89,0.29,7,0.7,4,2.67,0.67,3,0.75,8,3,5,11,5,6,8.93,0.81,0.7272727272727273,0.2727272727272727,0.45454545454545453,0.45454545454545453,0.5454545454545454,31,0.5740740740740741,19.73,0.37,54,15,0.7894736842105263,16.02,0.84,19,401403983,2022,2
2502,Portland State Vikings,16,0.32653061224489793,5,0.21739130434782608,11,0.4230769230769231,0,0.0,4,0.3076923076923077,12,0.34285714285714286,35,0.4,0.6,-10.03,-0.29,5,0.14285714285714285,14,-9.53,-0.68,3,0.21428571428571427,21,-0.5,-0.02,9,0.42857142857142855,13,0.38461538461538464,0.6153846153846154,-5.09,-0.39,5,0.38461538461538464,5,-3.94,-0.79,1,0.2,8,-1.15,-0.14,4,0.5,4,2,2,14,9,5,-5.64,-0.4,0.2857142857142857,0.14285714285714285,0.14285714285714285,0.6428571428571429,0.35714285714285715,11,0.39285714285714285,-5.4,-0.19,28,5,0.23809523809523808,-10.27,-0.49,21,401403983,2022,2
66,Iowa State Cyclones,33,0.39285714285714285,18,0.4186046511627907,15,0.36585365853658536,3,0.25,10,0.47619047619047616,23,0.3709677419354839,62,0.41935483870967744,0.5806451612903226,-16.42,-0.26,10,0.16129032258064516,26,-1.62,-0.06,11,0.4230769230769231,36,-14.8,-0.41,12,0.3333333333333333,9,0.7777777777777778,0.2222222222222222,-10.53,-1.17,2,0.2222222222222222,7,-11.12,-1.59,1,0.14285714285714285,2,0.6,0.3,1,0.5,10,7,3,22,17,5,-6.22,-0.28,0.45454545454545453,0.3181818181818182,0.13636363636363635,0.7727272727272727,0.22727272727272727,24,0.3870967741935484,-22.97,-0.37,62,9,0.4090909090909091,0.33,0.01,22,401404064,2022,2
2294,Iowa Hawkeyes,17,0.32075471698113206,10,0.3333333333333333,7,0.30434782608695654,4,0.5714285714285714,2,0.18181818181818182,15,0.36585365853658536,41,0.4634146341463415,0.5365853658536586,-8.07,-0.2,6,0.14634146341463414,19,1.1,0.06,9,0.47368421052631576,22,-9.17,-0.42,6,0.2727272727272727,8,0.5,0.5,-7.5,-0.94,1,0.125,4,-7.06,-1.77,0,0.0,4,-0.44,-0.11,1,0.25,2,1,1,12,11,1,-15.66,-1.31,0.16666666666666666,0.08333333333333333,0.08333333333333333,0.9166666666666666,0.08333333333333333,14,0.3888888888888889,-5.6,-0.16,36,3,0.17647058823529413,-18.14,-1.07,17,401404064,2022,2
258,Virginia Cavaliers,15,0.23809523809523808,9,0.23076923076923078,6,0.25,0,0.0,2,0.125,12,0.27906976744186046,43,0.5116279069767442,0.4883720930232558,-7.74,-0.18,7,0.16279069767441862,22,-2.79,-0.13,6,0.2727272727272727,21,-4.95,-0.24,6,0.2857142857142857,7,0.5714285714285714,0.42857142857142855,-4.74,-0.68,1,0.14285714285714285,4,-2.38,-0.59,1,0.25,3,-2.36,-0.79,0,0.0,3,3,0,20,17,3,-17.4,-0.87,0.15,0.15,0.0,0.85,0.15,8,0.2222222222222222,-14.99,-0.42,36,7,0.25925925925925924,-10.15,-0.38,27,401405070,2022,2
356,Illinois Fighting Illini,24,0.35294117647058826,10,0.38461538461538464,14,0.3333333333333333,1,0.125,5,0.35714285714285715,18,0.33962264150943394,53,0.3584905660377358,0.6415094339622641,-8.4,-0.16,10,0.18867924528301888,19,-3.31,-0.17,7,0.3684210526315789,34,-5.1,-0.15,11,0.3235294117647059,14,0.2857142857142857,0.7142857142857143,-5.75,-0.41,4,0.2857142857142857,4,-7.01,-1.75,0,0.0,10,1.26,0.13,4,0.4,6,3,3,15,7,8,-2.56,-0.17,0.4,0.2,0.2,0.4666666666666667,0.5333333333333333,21,0.40384615384615385,1.75,0.03,52,3,0.1875,-12.71,-0.79,16,401405070,2022,2
282,Indiana State Sycamores,17,0.29310344827586204,8,0.2962962962962963,9,0.2903225806451613,5,0.38461538461538464,6,0.3333333333333333,11,0.28205128205128205,39,0.3333333333333333,0.6666666666666666,-15.25,-0.39,4,0.10256410256410256,13,-3.0,-0.23,4,0.3076923076923077,26,-12.25,-0.47,7,0.2692307692307692,4,0.0,1.0,-1.91,-0.48,1,0.25,,,,,,4,-1.91,-0.48,1,0.25,6,4,2,19,14,5,-18.18,-0.96,0.3157894736842105,0.21052631578947367,0.10526315789473684,0.7368421052631579,0.2631578947368421,9,0.2727272727272727,-22.56,-0.68,33,8,0.32,-10.86,-0.43,25,401405074,2022,2
2509,Purdue Boilermakers,45,0.5921052631578947,20,0.6896551724137931,25,0.5319148936170213,8,0.8,9,0.6428571428571429,35,0.603448275862069,58,0.3448275862068966,0.6551724137931034,14.68,0.25,14,0.2413793103448276,20,11.7,0.59,14,0.7,38,2.98,0.08,21,0.5526315789473685,14,0.5,0.5,10.34,0.74,10,0.7142857142857143,7,10.1,1.44,6,0.8571428571428571,7,0.24,0.03,4,0.5714285714285714,10,6,4,18,9,9,5.81,0.32,0.5555555555555556,0.3333333333333333,0.2222222222222222,0.5,0.5,35,0.5737704918032787,9.31,0.15,61,10,0.6666666666666666,11.18,0.75,15,401405074,2022,2
2681,Wagner Seahawks,14,0.2545454545454545,9,0.375,5,0.16129032258064516,1,0.5,4,0.2857142857142857,10,0.2631578947368421,38,0.42105263157894735,0.5789473684210527,-15.31,-0.4,3,0.07894736842105263,16,-3.65,-0.23,7,0.4375,22,-11.66,-0.53,3,0.13636363636363635,5,0.6,0.4,-2.81,-0.56,1,0.2,3,-3.25,-1.08,0,0.0,2,0.44,0.22,1,0.5,4,2,2,17,8,9,-9.33,-0.55,0.23529411764705882,0.11764705882352941,0.11764705882352941,0.47058823529411764,0.5294117647058824,9,0.2903225806451613,-17.55,-0.57,31,5,0.20833333333333334,-7.09,-0.3,24,401405081,2022,2
164,Rutgers Scarlet Knights,52,0.6753246753246753,12,0.5,40,0.7547169811320755,11,0.6875,9,0.75,42,0.65625,64,0.28125,0.71875,20.98,0.33,19,0.296875,18,10.41,0.58,9,0.5,46,10.57,0.23,33,0.717391304347826,20,0.5,0.5,11.08,0.55,16,0.8,10,7.9,0.79,7,0.7,10,3.18,0.32,9,0.9,10,3,7,13,6,7,8.93,0.69,0.7692307692307693,0.23076923076923078,0.5384615384615384,0.46153846153846156,0.5384615384615384,43,0.7049180327868853,25.26,0.41,61,9,0.5625,4.65,0.29,16,401405081,2022,2
2751,Wyoming Cowboys,34,0.4594594594594595,10,0.3225806451612903,24,0.5581395348837209,7,0.4666666666666667,8,0.4444444444444444,25,0.4716981132075472,53,0.41509433962264153,0.5849056603773585,1.01,0.02,6,0.11320754716981132,22,-3.81,-0.17,7,0.3181818181818182,31,4.82,0.16,18,0.5806451612903226,10,0.5,0.5,-3.75,-0.38,3,0.3,5,-2.35,-0.47,1,0.2,5,-1.4,-0.28,2,0.4,9,3,6,21,9,12,-9.71,-0.46,0.42857142857142855,0.14285714285714285,0.2857142857142857,0.42857142857142855,0.5714285714285714,26,0.48148148148148145,1.59,0.03,54,8,0.4,-10.29,-0.51,20,401415177,2022,2
2458,Northern Colorado Bears,16,0.24615384615384617,10,0.23255813953488372,6,0.2727272727272727,1,0.1111111111111111,4,0.26666666666666666,11,0.2391304347826087,46,0.5869565217391305,0.41304347826086957,-19.38,-0.42,5,0.10869565217391304,27,-12.2,-0.45,6,0.2222222222222222,19,-7.18,-0.38,5,0.2631578947368421,14,0.7857142857142857,0.21428571428571427,0.15,0.01,4,0.2857142857142857,11,-2.1,-0.19,3,0.2727272727272727,3,2.25,0.75,1,0.3333333333333333,5,4,1,19,16,3,-7.65,-0.4,0.2631578947368421,0.21052631578947367,0.05263157894736842,0.8421052631578947,0.15789473684210525,9,0.25,-17.6,-0.49,36,7,0.2413793103448276,-9.44,-0.33,29,401415177,2022,2
189,Bowling Green Falcons,28,0.4057971014492754,15,0.42857142857142855,13,0.3939393939393939,5,0.3125,8,0.5,17,0.34,50,0.4,0.58,-8.51,-0.17,9,0.18,20,4.24,0.21,8,0.4,29,-5.02,-0.17,9,0.3103448275862069,12,0.5,0.4166666666666667,-12.05,-1.0,3,0.25,6,-2.89,-0.48,1,0.16666666666666666,5,-1.44,-0.29,2,0.4,10,6,4,18,14,4,17.39,0.97,0.5555555555555556,0.3333333333333333,0.2222222222222222,0.7777777777777778,0.2222222222222222,20,0.4444444444444444,5.61,0.12,45,7,0.30434782608695654,3.28,0.14,23,401416595,2022,2
2198,Eastern Kentucky Colonels,37,0.46835443037974683,24,0.4897959183673469,11,0.39285714285714285,10,0.5263157894736842,10,0.625,24,0.4,60,0.6333333333333333,0.36666666666666664,-0.28,-0.0,11,0.18333333333333332,38,0.59,0.02,17,0.4473684210526316,22,-0.87,-0.04,7,0.3181818181818182,17,0.47058823529411764,0.5294117647058824,8.96,0.53,9,0.5294117647058824,8,2.59,0.32,4,0.5,9,6.37,0.71,5,0.5555555555555556,10,7,3,16,11,5,9.63,0.6,0.625,0.4375,0.1875,0.6875,0.3125,20,0.40816326530612246,-1.12,-0.02,49,14,0.5185185185185185,10.46,0.39,27,401416595,2022,2
256,James Madison Dukes,40,0.547945205479452,18,0.6428571428571429,22,0.4888888888888889,16,0.5925925925925926,6,0.5454545454545454,31,0.5254237288135594,59,0.3389830508474576,0.6610169491525424,15.42,0.26,14,0.23728813559322035,20,9.35,0.47,12,0.6,39,6.07,0.16,19,0.48717948717948717,6,0.5,0.5,-1.67,-0.28,2,0.3333333333333333,3,-1.09,-0.36,1,0.3333333333333333,3,-0.58,-0.19,1,0.3333333333333333,9,6,3,14,8,6,8.38,0.6,0.6428571428571429,0.42857142857142855,0.21428571428571427,0.5714285714285714,0.42857142857142855,30,0.5357142857142857,14.03,0.25,56,10,0.5882352941176471,9.77,0.57,17,401420788,2022,2
2450,Norfolk State Spartans,10,0.21739130434782608,8,0.34782608695652173,2,0.08695652173913043,0,0.0,2,0.2,8,0.2222222222222222,36,0.5,0.5,-11.21,-0.31,5,0.1388888888888889,18,0.84,0.05,6,0.3333333333333333,18,-12.04,-0.67,2,0.1111111111111111,9,0.7777777777777778,0.2222222222222222,5.15,0.57,2,0.2222222222222222,7,5.75,0.82,2,0.2857142857142857,2,-0.59,-0.3,0,0.0,2,2,0,10,5,5,-1.13,-0.11,0.2,0.2,0.0,0.5,0.5,5,0.18518518518518517,-6.23,-0.23,27,5,0.2631578947368421,-6.11,-0.32,19,401420788,2022,2
36,Colorado State Rams,20,0.3125,16,0.41025641025641024,4,0.16,1,0.16666666666666666,4,0.2857142857142857,13,0.2765957446808511,47,0.5531914893617021,0.44680851063829785,-2.11,-0.04,6,0.1276595744680851,26,3.07,0.12,9,0.34615384615384615,21,-5.18,-0.25,4,0.19047619047619047,8,0.75,0.25,0.05,0.01,1,0.125,6,1.11,0.18,1,0.16666666666666666,2,-1.06,-0.53,0,0.0,7,7,0,17,13,4,1.04,0.06,0.4117647058823529,0.4117647058823529,0.0,0.7647058823529411,0.23529411764705882,12,0.35294117647058826,-6.55,-0.19,34,8,0.26666666666666666,5.48,0.18,30,401426548,2022,2
2393,Middle Tennessee Blue Raiders,29,0.3625,17,0.4146341463414634,12,0.3076923076923077,5,0.45454545454545453,7,0.4117647058823529,21,0.35,60,0.45,0.55,-17.9,-0.3,6,0.1,27,-7.04,-0.26,11,0.4074074074074074,33,-10.87,-0.33,10,0.30303030303030304,16,0.5625,0.4375,0.96,0.06,7,0.4375,9,1.44,0.16,4,0.4444444444444444,7,-0.48,-0.07,3,0.42857142857142855,8,6,2,20,14,6,-0.48,-0.02,0.4,0.3,0.1,0.7,0.3,22,0.4,-11.7,-0.21,55,7,0.28,-6.69,-0.27,25,401426548,2022,2
26,UCLA Bruins,43,0.6323529411764706,18,0.5806451612903226,25,0.6756756756756757,8,0.47058823529411764,4,0.4,39,0.6724137931034483,58,0.41379310344827586,0.5862068965517241,13.33,0.23,20,0.3448275862068966,24,7.72,0.32,16,0.6666666666666666,34,5.62,0.17,23,0.6764705882352942,14,0.5,0.5,7.06,0.5,11,0.7857142857142857,7,2.35,0.34,4,0.5714285714285714,7,4.71,0.67,7,1.0,4,2,2,10,7,3,-2.4,-0.24,0.4,0.2,0.2,0.7,0.3,36,0.6545454545454545,10.74,0.2,55,7,0.5384615384615384,0.19,0.01,13,401403981,2022,2
2011,Alabama State Hornets,28,0.39436619718309857,13,0.34210526315789475,15,0.45454545454545453,1,0.3333333333333333,9,0.47368421052631576,19,0.38,50,0.42,0.58,-6.37,-0.13,8,0.16,21,-0.06,-0.0,7,0.3333333333333333,29,-6.31,-0.22,12,0.41379310344827586,9,0.5555555555555556,0.4444444444444444,-4.3,-0.48,2,0.2222222222222222,5,-3.61,-0.72,0,0.0,4,-0.68,-0.17,2,0.5,9,6,3,21,17,4,-2.82,-0.13,0.42857142857142855,0.2857142857142857,0.14285714285714285,0.8095238095238095,0.19047619047619047,20,0.46511627906976744,-3.81,-0.09,43,8,0.2857142857142857,-5.38,-0.19,28,401403981,2022,2
2916,Incarnate Word Cardinals,31,0.45588235294117646,15,0.5769230769230769,16,0.38095238095238093,4,0.4,8,0.5714285714285714,23,0.42592592592592593,54,0.3148148148148148,0.6851851851851852,6.43,0.12,10,0.18518518518518517,17,6.89,0.41,9,0.5294117647058824,37,-0.46,-0.01,14,0.3783783783783784,10,0.3,0.7,5.42,0.54,4,0.4,3,3.95,1.32,2,0.6666666666666666,7,1.48,0.21,2,0.2857142857142857,8,6,2,14,9,5,18.62,1.33,0.5714285714285714,0.42857142857142855,0.14285714285714285,0.6428571428571429,0.35714285714285715,20,0.47619047619047616,5.64,0.13,42,11,0.4230769230769231,19.4,0.75,26,401415216,2022,2
2440,Nevada Wolf Pack,35,0.38461538461538464,17,0.3617021276595745,18,0.4186046511627907,6,0.5,6,0.375,27,0.375,72,0.4444444444444444,0.5555555555555556,4.97,0.07,17,0.2361111111111111,32,3.68,0.11,12,0.375,40,1.29,0.03,15,0.375,16,0.5625,0.375,-10.97,-0.69,4,0.25,9,-1.41,-0.16,2,0.2222222222222222,6,-1.5,-0.25,2,0.3333333333333333,8,5,3,19,15,3,-0.63,-0.03,0.42105263157894735,0.2631578947368421,0.15789473684210525,0.7894736842105263,0.15789473684210525,25,0.44642857142857145,11.56,0.21,56,10,0.2857142857142857,-7.22,-0.21,35,401415216,2022,2
2305,Kansas Jayhawks,31,0.4626865671641791,15,0.46875,16,0.45714285714285713,10,0.7142857142857143,8,0.5333333333333333,21,0.42,50,0.44,0.56,0.6,0.01,11,0.22,22,-0.46,-0.02,8,0.36363636363636365,28,1.07,0.04,13,0.4642857142857143,21,0.5238095238095238,0.47619047619047616,-3.42,-0.16,5,0.23809523809523808,11,0.36,0.03,3,0.2727272727272727,10,-3.78,-0.38,2,0.2,9,6,3,16,9,7,13.78,0.86,0.5625,0.375,0.1875,0.5625,0.4375,22,0.41509433962264153,5.12,0.1,53,8,0.6153846153846154,9.27,0.71,13,401404065,2022,2
277,West Virginia Mountaineers,30,0.379746835443038,15,0.36585365853658536,15,0.39473684210526316,8,0.38095238095238093,8,0.5714285714285714,20,0.32786885245901637,61,0.4918032786885246,0.5081967213114754,-11.6,-0.19,13,0.21311475409836064,30,-3.99,-0.13,8,0.26666666666666666,31,-7.61,-0.25,12,0.3870967741935484,11,0.36363636363636365,0.6363636363636364,-1.1,-0.1,2,0.18181818181818182,4,3.07,0.77,2,0.5,7,-4.16,-0.59,0,0.0,10,7,3,17,10,7,2.82,0.17,0.5882352941176471,0.4117647058823529,0.17647058823529413,0.5882352941176471,0.4117647058823529,21,0.3888888888888889,0.06,0.0,54,9,0.375,-8.84,-0.37,24,401404065,2022,2
151,East Carolina Pirates,36,0.45,19,0.475,17,0.425,6,0.35294117647058826,10,0.5882352941176471,24,0.4,60,0.4666666666666667,0.5333333333333333,-2.31,-0.04,11,0.18333333333333332,28,-3.72,-0.13,11,0.39285714285714285,32,1.41,0.04,13,0.40625,13,0.38461538461538464,0.6153846153846154,2.04,0.16,8,0.6153846153846154,5,-1.25,-0.25,2,0.4,8,3.29,0.41,6,0.75,12,8,4,20,12,8,14.5,0.72,0.6,0.4,0.2,0.6,0.4,21,0.42,-1.76,-0.04,50,15,0.5,13.94,0.46,30,401415024,2022,2
295,Old Dominion Monarchs,13,0.29545454545454547,12,0.35294117647058826,1,0.1,2,1.0,1,0.125,12,0.3333333333333333,36,0.7777777777777778,0.2222222222222222,4.79,0.13,7,0.19444444444444445,28,10.16,0.36,11,0.39285714285714285,8,-5.37,-0.67,1,0.125,9,1.0,0.0,6.02,0.67,4,0.4444444444444444,9,6.02,0.67,4,0.4444444444444444,,,,,,1,1,0,8,6,2,-3.44,-0.43,0.125,0.125,0.0,0.75,0.25,8,0.3333333333333333,2.35,0.1,24,5,0.25,-1.0,-0.05,20,401415024,2022,2
2084,Buffalo Bulls,18,0.33962264150943394,9,0.34615384615384615,9,0.3333333333333333,3,0.6,3,0.42857142857142855,15,0.3333333333333333,45,0.4444444444444444,0.5555555555555556,1.43,0.03,15,0.3333333333333333,20,8.42,0.42,8,0.4,25,-6.99,-0.28,7,0.28,5,0.4,0.6,4.5,0.9,1,0.2,2,5.02,2.51,1,0.5,3,-0.51,-0.17,0,0.0,3,1,2,8,6,2,-4.68,-0.59,0.375,0.125,0.25,0.75,0.25,15,0.38461538461538464,5.46,0.14,39,3,0.21428571428571427,-8.72,-0.62,14,401416596,2022,2
107,Holy Cross Crusaders,19,0.296875,10,0.4166666666666667,9,0.225,4,0.36363636363636365,8,0.5,11,0.22916666666666666,48,0.2708333333333333,0.7291666666666666,-3.76,-0.08,13,0.2708333333333333,13,3.45,0.27,5,0.38461538461538464,35,-7.22,-0.21,6,0.17142857142857143,13,0.23076923076923078,0.7692307692307693,-0.72,-0.06,2,0.15384615384615385,3,3.58,1.19,1,0.3333333333333333,10,-4.3,-0.43,1,0.1,8,5,3,16,11,5,14.34,0.9,0.5,0.3125,0.1875,0.6875,0.3125,13,0.2826086956521739,4.38,0.1,46,6,0.3333333333333333,6.2,0.34,18,401416596,2022,2
2241,Gardner-Webb Runnin' Bulldogs,32,0.49230769230769234,23,0.5609756097560976,9,0.375,4,0.4444444444444444,3,0.3333333333333333,29,0.5178571428571429,56,0.6071428571428571,0.39285714285714285,10.51,0.19,18,0.32142857142857145,34,20.5,0.6,21,0.6176470588235294,22,-9.99,-0.45,8,0.36363636363636365,14,0.5714285714285714,0.42857142857142855,-1.35,-0.1,6,0.42857142857142855,8,-3.67,-0.46,2,0.25,6,2.32,0.39,4,0.6666666666666666,3,2,1,9,7,2,0.59,0.07,0.3333333333333333,0.2222222222222222,0.1111111111111111,0.7777777777777778,0.2222222222222222,25,0.5681818181818182,10.59,0.24,44,7,0.3333333333333333,0.51,0.02,21,401426332,2022,2
324,Coastal Carolina Chanticleers,28,0.42424242424242425,18,0.5294117647058824,10,0.3125,5,0.7142857142857143,6,0.46153846153846156,22,0.41509433962264153,53,0.49056603773584906,0.5094339622641509,-10.34,-0.2,11,0.20754716981132076,26,0.66,0.03,14,0.5384615384615384,27,-10.99,-0.41,8,0.2962962962962963,11,0.5454545454545454,0.45454545454545453,-1.23,-0.11,8,0.7272727272727273,6,-1.67,-0.28,5,0.8333333333333334,5,0.43,0.09,3,0.6,6,4,2,13,8,5,1.64,0.13,0.46153846153846156,0.3076923076923077,0.15384615384615385,0.6153846153846154,0.38461538461538464,22,0.4782608695652174,-8.88,-0.19,46,6,0.3,0.18,0.01,20,401426332,2022,2
2226,Florida Atlantic Owls,42,0.4827586206896552,12,0.3870967741935484,30,0.5357142857142857,10,0.5,10,0.5882352941176471,31,0.4626865671641791,67,0.3283582089552239,0.6716417910447762,1.85,0.03,18,0.26865671641791045,22,-6.13,-0.28,9,0.4090909090909091,45,7.98,0.18,22,0.4888888888888889,16,0.5,0.5,-5.3,-0.33,3,0.1875,8,-6.78,-0.85,1,0.125,8,1.48,0.19,2,0.25,11,3,8,20,9,11,5.06,0.25,0.55,0.15,0.4,0.45,0.55,34,0.4788732394366197,5.43,0.08,71,8,0.5,1.48,0.09,16,401426546,2022,2
2545,SE Louisiana Lions,13,0.22807017543859648,12,0.34285714285714286,1,0.045454545454545456,1,0.14285714285714285,3,0.25,9,0.20930232558139536,43,0.6046511627906976,0.3953488372093023,-20.2,-0.47,12,0.27906976744186046,26,-7.33,-0.28,8,0.3076923076923077,17,-12.88,-0.76,1,0.058823529411764705,13,0.38461538461538464,0.6153846153846154,-11.08,-0.85,2,0.15384615384615385,5,-3.33,-0.67,1,0.2,8,-7.76,-0.97,1,0.125,4,4,0,14,9,5,-5.99,-0.43,0.2857142857142857,0.2857142857142857,0.0,0.6428571428571429,0.35714285714285715,5,0.1388888888888889,-20.67,-0.57,36,8,0.38095238095238093,-5.52,-0.26,21,401426546,2022,2
5,UAB Blazers,17,0.29310344827586204,4,0.21052631578947367,13,0.3333333333333333,2,0.2222222222222222,4,0.3333333333333333,12,0.27906976744186046,43,0.3023255813953488,0.6976744186046512,-17.04,-0.4,6,0.13953488372093023,13,-5.77,-0.44,2,0.15384615384615385,30,-11.27,-0.38,10,0.3333333333333333,15,0.26666666666666666,0.7333333333333333,-5.8,-0.39,3,0.2,4,4.9,1.23,2,0.5,11,-10.7,-0.97,1,0.09090909090909091,5,2,3,15,6,9,-1.35,-0.09,0.3333333333333333,0.13333333333333333,0.2,0.4,0.6,10,0.2857142857142857,-16.63,-0.48,35,7,0.30434782608695654,-1.75,-0.08,23,401426551,2022,2
2335,Liberty Flames,28,0.417910447761194,12,0.4,16,0.43243243243243246,5,0.625,5,0.38461538461538464,23,0.42592592592592593,54,0.46296296296296297,0.5370370370370371,-1.72,-0.03,17,0.3148148148148148,25,0.45,0.02,10,0.4,29,-2.17,-0.07,13,0.4482758620689655,10,0.5,0.5,-1.59,-0.16,5,0.5,5,-1.66,-0.33,1,0.2,5,0.07,0.01,4,0.8,5,2,3,13,5,8,-2.24,-0.17,0.38461538461538464,0.15384615384615385,0.23076923076923078,0.38461538461538464,0.6153846153846154,21,0.5,9.7,0.23,42,7,0.28,-13.66,-0.55,25,401426551,2022,2
41,UConn Huskies,19,0.41304347826086957,6,0.2857142857142857,13,0.52,,,5,0.4166666666666667,14,0.42424242424242425,33,0.3333333333333333,0.6666666666666666,-3.93,-0.12,5,0.15151515151515152,11,-4.2,-0.38,4,0.36363636363636365,22,0.27,0.01,10,0.45454545454545453,6,0.5,0.5,3.15,0.53,4,0.6666666666666666,3,3.53,1.18,2,0.6666666666666666,3,-0.37,-0.12,2,0.6666666666666666,5,2,3,13,10,3,6.16,0.47,0.38461538461538464,0.15384615384615385,0.23076923076923078,0.7692307692307693,0.23076923076923078,16,0.5,10.15,0.32,32,3,0.21428571428571427,-7.93,-0.57,14,401404148,2022,2
183,Syracuse Orange,36,0.5070422535211268,17,0.6538461538461539,19,0.4222222222222222,8,0.42105263157894735,6,0.6666666666666666,30,0.4918032786885246,61,0.3442622950819672,0.6557377049180327,14.35,0.24,16,0.26229508196721313,21,13.8,0.66,14,0.6666666666666666,40,0.55,0.01,16,0.4,15,0.4,0.6,7.33,0.49,10,0.6666666666666666,6,7.08,1.18,5,0.8333333333333334,9,0.25,0.03,5,0.5555555555555556,6,3,3,10,5,5,4.6,0.46,0.6,0.3,0.3,0.5,0.5,27,0.5094339622641509,6.33,0.12,53,9,0.5,12.61,0.7,18,401404148,2022,2
59,Georgia Tech Yellow Jackets,24,0.4528301886792453,7,0.4117647058823529,17,0.4722222222222222,5,0.5555555555555556,5,0.45454545454545453,19,0.4523809523809524,42,0.3333333333333333,0.6666666666666666,8.89,0.21,8,0.19047619047619047,14,-2.79,-0.2,5,0.35714285714285715,28,11.68,0.42,14,0.5,5,0.4,0.6,0.51,0.1,3,0.6,2,-1.78,-0.89,1,0.5,3,2.29,0.76,2,0.6666666666666666,5,2,3,11,3,8,1.4,0.13,0.45454545454545453,0.18181818181818182,0.2727272727272727,0.2727272727272727,0.7272727272727273,20,0.5263157894736842,9.3,0.24,38,4,0.26666666666666666,1.0,0.07,15,401411104,2022,2
2717,Western Carolina Catamounts,40,0.5063291139240507,21,0.5,19,0.5135135135135135,0,0.0,6,0.4,34,0.5396825396825397,63,0.5079365079365079,0.49206349206349204,0.41,0.01,16,0.25396825396825395,32,0.01,0.0,18,0.5625,31,0.4,0.01,16,0.5161290322580645,27,0.5555555555555556,0.4444444444444444,-11.13,-0.41,14,0.5185185185185185,15,-8.89,-0.59,6,0.4,12,-2.24,-0.19,8,0.6666666666666666,6,3,3,16,10,6,-13.36,-0.83,0.375,0.1875,0.1875,0.625,0.375,29,0.5,-9.83,-0.17,58,11,0.5238095238095238,-3.13,-0.15,21,401411104,2022,2
2649,Toledo Rockets,27,0.4426229508196721,9,0.3333333333333333,18,0.5294117647058824,11,0.5238095238095238,5,0.45454545454545453,20,0.4166666666666667,48,0.4375,0.5625,0.27,0.01,11,0.22916666666666666,21,-0.66,-0.03,8,0.38095238095238093,27,0.93,0.03,12,0.4444444444444444,8,0.5,0.5,4.38,0.55,4,0.5,4,2.97,0.74,3,0.75,4,1.41,0.35,1,0.25,7,1,6,13,6,7,9.37,0.72,0.5384615384615384,0.07692307692307693,0.46153846153846156,0.46153846153846156,0.5384615384615384,19,0.4634146341463415,4.29,0.1,41,8,0.4,5.35,0.27,20,401414779,2022,2
113,Massachusetts Minutemen,26,0.35135135135135137,7,0.3888888888888889,18,0.32727272727272727,4,0.4,7,0.35,16,0.32,50,0.16,0.82,-12.04,-0.24,3,0.06,8,-2.7,-0.34,3,0.375,41,-9.94,-0.24,12,0.2926829268292683,10,0.2,0.8,3.74,0.37,6,0.6,2,1.58,0.79,1,0.5,8,2.16,0.27,5,0.625,10,4,6,24,10,14,-0.93,-0.04,0.4166666666666667,0.16666666666666666,0.25,0.4166666666666667,0.5833333333333334,18,0.33962264150943394,-10.38,-0.2,53,8,0.38095238095238093,-2.59,-0.12,21,401414779,2022,2
328,Utah State Aggies,25,0.33783783783783783,12,0.2926829268292683,13,0.3939393939393939,3,0.2727272727272727,3,0.2,21,0.38181818181818183,55,0.509090909090909,0.4909090909090909,-5.75,-0.1,12,0.21818181818181817,28,-1.61,-0.06,11,0.39285714285714285,27,-4.14,-0.15,10,0.37037037037037035,14,0.5714285714285714,0.42857142857142855,-4.0,-0.29,4,0.2857142857142857,8,-3.85,-0.48,2,0.25,6,-0.15,-0.02,2,0.3333333333333333,4,1,3,19,13,6,-21.11,-1.11,0.21052631578947367,0.05263157894736842,0.15789473684210525,0.6842105263157895,0.3157894736842105,19,0.4222222222222222,-2.24,-0.05,45,6,0.20689655172413793,-24.62,-0.85,29,401415215,2022,2
2692,Weber State Wildcats,27,0.36486486486486486,10,0.43478260869565216,17,0.3333333333333333,5,0.3333333333333333,10,0.5,17,0.3148148148148148,54,0.3148148148148148,0.6851851851851852,-5.74,-0.11,8,0.14814814814814814,17,2.75,0.16,8,0.47058823529411764,37,-8.48,-0.23,9,0.24324324324324326,23,0.2608695652173913,0.7391304347826086,-5.27,-0.23,7,0.30434782608695654,6,-4.98,-0.83,1,0.16666666666666666,17,-0.29,-0.02,6,0.35294117647058826,10,2,8,20,6,14,3.68,0.18,0.5,0.1,0.4,0.3,0.7,15,0.3333333333333333,-4.6,-0.1,45,12,0.41379310344827586,2.55,0.09,29,401415215,2022,2
2016,Alcorn State Braves,8,0.1702127659574468,2,0.11764705882352941,6,0.2,,,3,0.1875,5,0.16129032258064516,31,0.25806451612903225,0.7419354838709677,-16.39,-0.53,1,0.03225806451612903,8,-4.9,-0.61,1,0.125,23,-11.49,-0.5,4,0.17391304347826086,9,0.4444444444444444,0.5555555555555556,-4.13,-0.46,1,0.1111111111111111,4,-2.83,-0.71,0,0.0,5,-1.3,-0.26,1,0.2,3,1,2,16,9,7,-12.83,-0.8,0.1875,0.0625,0.125,0.5625,0.4375,4,0.15384615384615385,-21.26,-0.82,26,4,0.19047619047619047,-7.96,-0.38,21,401415615,2022,2
2655,Tulane Green Wave,44,0.5714285714285714,23,0.71875,21,0.4666666666666667,7,0.4375,8,0.5714285714285714,34,0.5573770491803278,61,0.4262295081967213,0.5737704918032787,17.04,0.28,18,0.29508196721311475,26,16.25,0.62,18,0.6923076923076923,35,0.8,0.02,16,0.45714285714285713,3,1.0,0.0,8.63,2.88,3,1.0,3,8.63,2.88,3,1.0,,,,,,10,5,5,16,6,10,11.77,0.74,0.625,0.3125,0.3125,0.375,0.625,33,0.5409836065573771,13.26,0.22,61,11,0.6875,15.56,0.97,16,401415615,2022,2
2320,Lamar Cardinals,22,0.2857142857142857,10,0.2702702702702703,12,0.3,2,0.2222222222222222,2,0.125,17,0.30357142857142855,56,0.5,0.5,-14.51,-0.26,9,0.16071428571428573,28,-11.57,-0.41,8,0.2857142857142857,28,-2.94,-0.11,9,0.32142857142857145,16,0.4375,0.5625,0.15,0.01,5,0.3125,7,-2.4,-0.34,1,0.14285714285714285,9,2.55,0.28,4,0.4444444444444444,5,2,3,21,9,12,-8.32,-0.4,0.23809523809523808,0.09523809523809523,0.14285714285714285,0.42857142857142855,0.5714285714285714,15,0.3333333333333333,-4.05,-0.09,45,7,0.21875,-18.78,-0.59,32,401415616,2022,2
2567,SMU Mustangs,34,0.5074626865671642,16,0.42105263157894735,18,0.6206896551724138,7,0.4375,7,0.5833333333333334,27,0.4909090909090909,55,0.5272727272727272,0.4727272727272727,-4.06,-0.07,11,0.2,29,-13.58,-0.47,12,0.41379310344827586,26,9.52,0.37,15,0.5769230769230769,13,0.3076923076923077,0.6923076923076923,8.0,0.62,10,0.7692307692307693,4,-1.93,-0.48,2,0.5,9,9.92,1.1,8,0.8888888888888888,7,4,3,12,9,3,1.94,0.16,0.5833333333333334,0.3333333333333333,0.25,0.75,0.25,30,0.5660377358490566,6.42,0.12,53,4,0.2857142857142857,-8.54,-0.61,14,401415616,2022,2
47,Howard Bison,32,0.42105263157894735,17,0.4358974358974359,15,0.40540540540540543,2,0.5,8,0.5,24,0.41379310344827586,58,0.4482758620689655,0.5517241379310345,-7.75,-0.13,13,0.22413793103448276,26,4.52,0.17,13,0.5,32,-12.28,-0.38,11,0.34375,10,0.6,0.4,-9.24,-0.92,3,0.3,6,-3.52,-0.59,1,0.16666666666666666,4,-5.72,-1.43,2,0.5,8,4,4,18,13,5,-0.44,-0.02,0.4444444444444444,0.2222222222222222,0.2222222222222222,0.7222222222222222,0.2777777777777778,20,0.425531914893617,-3.6,-0.08,47,12,0.41379310344827586,-4.59,-0.16,29,401415618,2022,2
58,South Florida Bulls,30,0.5769230769230769,13,0.5,17,0.6538461538461539,9,0.8181818181818182,3,0.375,26,0.6046511627906976,43,0.4883720930232558,0.5116279069767442,12.48,0.29,12,0.27906976744186046,21,2.45,0.12,11,0.5238095238095238,22,10.03,0.46,15,0.6818181818181818,12,0.75,0.25,3.64,0.3,7,0.5833333333333334,9,1.84,0.2,5,0.5555555555555556,3,1.81,0.6,2,0.6666666666666666,4,2,2,9,5,4,1.97,0.22,0.4444444444444444,0.2222222222222222,0.2222222222222222,0.5555555555555556,0.4444444444444444,26,0.6666666666666666,17.67,0.45,39,4,0.3076923076923077,-3.22,-0.25,13,401415618,2022,2
2459,Northern Illinois Huskies,32,0.48484848484848486,17,0.5666666666666667,15,0.4166666666666667,4,0.8,8,0.5714285714285714,24,0.47058823529411764,51,0.39215686274509803,0.6078431372549019,8.44,0.17,8,0.1568627450980392,20,11.28,0.56,12,0.6,31,-2.84,-0.09,12,0.3870967741935484,15,0.4666666666666667,0.5333333333333333,14.06,0.94,10,0.6666666666666666,7,11.95,1.71,6,0.8571428571428571,8,2.11,0.26,4,0.5,8,5,3,15,10,5,9.17,0.61,0.5333333333333333,0.3333333333333333,0.2,0.6666666666666666,0.3333333333333333,25,0.5555555555555556,16.16,0.36,45,7,0.3333333333333333,1.46,0.07,21,401415620,2022,2
202,Tulsa Golden Hurricane,34,0.5151515151515151,17,0.5483870967741935,17,0.4857142857142857,7,0.5,7,0.5833333333333334,24,0.47058823529411764,51,0.4117647058823529,0.5882352941176471,4.24,0.08,11,0.21568627450980393,21,5.57,0.27,9,0.42857142857142855,30,-1.33,-0.04,15,0.5,4,0.5,0.5,6.28,1.57,3,0.75,2,5.97,2.99,2,1.0,2,0.3,0.15,1,0.5,10,8,2,15,10,5,17.28,1.15,0.6666666666666666,0.5333333333333333,0.13333333333333333,0.6666666666666666,0.3333333333333333,22,0.46808510638297873,3.15,0.07,47,12,0.631578947368421,18.37,0.97,19,401415620,2022,2
2199,Eastern Michigan Eagles,23,0.3709677419354839,17,0.37777777777777777,6,0.35294117647058826,2,0.4,3,0.25,19,0.40425531914893614,47,0.723404255319149,0.2765957446808511,-9.9,-0.21,8,0.1702127659574468,34,-6.69,-0.2,15,0.4411764705882353,13,-3.21,-0.25,4,0.3076923076923077,6,0.8333333333333334,0.16666666666666666,-8.96,-1.49,0,0.0,5,-7.74,-1.55,0,0.0,1,-1.21,-1.21,0,0.0,4,2,2,15,11,4,-14.4,-0.96,0.26666666666666666,0.13333333333333333,0.13333333333333333,0.7333333333333333,0.26666666666666666,20,0.4444444444444444,-11.24,-0.25,45,3,0.17647058823529413,-13.06,-0.77,17,401416598,2022,2
309,Louisiana Ragin' Cajuns,34,0.53125,17,0.53125,17,0.53125,9,0.75,8,0.6153846153846154,26,0.5098039215686274,51,0.49019607843137253,0.5098039215686274,9.75,0.19,11,0.21568627450980393,25,11.2,0.45,14,0.56,26,-1.45,-0.06,12,0.46153846153846156,9,0.7777777777777778,0.2222222222222222,3.55,0.39,3,0.3333333333333333,7,1.26,0.18,2,0.2857142857142857,2,2.29,1.14,1,0.5,8,3,5,13,7,6,11.27,0.87,0.6153846153846154,0.23076923076923078,0.38461538461538464,0.5384615384615384,0.46153846153846156,27,0.574468085106383,16.26,0.35,47,7,0.4117647058823529,4.77,0.28,17,401416598,2022,2
2653,Troy Trojans,25,0.46296296296296297,16,0.4444444444444444,9,0.5,3,0.23076923076923078,4,0.4,19,0.4634146341463415,41,0.6097560975609756,0.3902439024390244,-3.18,-0.08,11,0.2682926829268293,25,-1.44,-0.06,11,0.44,16,-1.74,-0.11,8,0.5,9,0.6666666666666666,0.3333333333333333,10.93,1.21,7,0.7777777777777778,6,10.49,1.75,5,0.8333333333333334,3,0.45,0.15,2,0.6666666666666666,6,5,1,13,11,2,1.16,0.09,0.46153846153846156,0.38461538461538464,0.07692307692307693,0.8461538461538461,0.15384615384615385,19,0.48717948717948717,0.84,0.02,39,6,0.4,-2.86,-0.19,15,401423439,2022,2
2010,Alabama A&M Bulldogs,20,0.32786885245901637,14,0.358974358974359,6,0.2727272727272727,1,0.3333333333333333,5,0.35714285714285715,14,0.30434782608695654,46,0.6739130434782609,0.32608695652173914,-12.33,-0.27,9,0.1956521739130435,31,-5.83,-0.19,10,0.3225806451612903,15,-6.5,-0.43,4,0.26666666666666666,6,0.5,0.5,-0.72,-0.12,3,0.5,3,1.22,0.41,2,0.6666666666666666,3,-1.94,-0.65,1,0.3333333333333333,5,4,1,14,8,6,-1.43,-0.1,0.35714285714285715,0.2857142857142857,0.07142857142857142,0.5714285714285714,0.42857142857142855,10,0.2702702702702703,-13.44,-0.36,37,9,0.391304347826087,-0.32,-0.01,23,401423439,2022,2
326,Texas State Bobcats,31,0.43661971830985913,10,0.3125,21,0.5384615384615384,2,0.3333333333333333,8,0.5,23,0.41818181818181815,55,0.38181818181818183,0.6181818181818182,2.74,0.05,8,0.14545454545454545,21,-1.41,-0.07,5,0.23809523809523808,34,4.15,0.12,18,0.5294117647058824,11,0.2727272727272727,0.7272727272727273,-3.69,-0.34,5,0.45454545454545453,3,-5.35,-1.78,0,0.0,8,1.67,0.21,5,0.625,8,5,3,16,11,5,1.06,0.07,0.5,0.3125,0.1875,0.6875,0.3125,22,0.4489795918367347,-5.28,-0.11,49,9,0.4090909090909091,9.08,0.41,22,401426544,2022,2
2229,Florida International Panthers,31,0.40789473684210525,22,0.38596491228070173,9,0.47368421052631576,2,0.18181818181818182,5,0.29411764705882354,25,0.44642857142857145,56,0.75,0.25,-11.35,-0.2,10,0.17857142857142858,42,-14.77,-0.35,17,0.40476190476190477,14,3.42,0.24,8,0.5714285714285714,14,0.7142857142857143,0.2857142857142857,-2.3,-0.16,4,0.2857142857142857,10,-1.36,-0.14,3,0.3,4,-0.94,-0.23,1,0.25,6,5,1,20,15,5,-9.94,-0.5,0.3,0.25,0.05,0.75,0.25,24,0.47058823529411764,-12.31,-0.24,51,7,0.28,-8.98,-0.36,25,401426544,2022,2
2617,Stephen F. Austin Lumberjacks,29,0.4393939393939394,9,0.28125,20,0.6060606060606061,2,0.2857142857142857,4,0.2857142857142857,24,0.48,50,0.46,0.52,-6.5,-0.13,10,0.2,23,3.15,0.14,9,0.391304347826087,26,-3.42,-0.13,15,0.5769230769230769,14,0.42857142857142855,0.5714285714285714,4.66,0.33,9,0.6428571428571429,6,1.31,0.22,3,0.5,8,3.35,0.42,6,0.75,5,0,5,16,9,7,-9.61,-0.6,0.3125,0.0,0.3125,0.5625,0.4375,24,0.5,-14.69,-0.31,48,5,0.2777777777777778,-1.41,-0.08,18,401426547,2022,2
2348,Louisiana Tech Bulldogs,31,0.45588235294117646,10,0.35714285714285715,21,0.525,7,0.6363636363636364,6,0.5,25,0.45454545454545453,55,0.41818181818181815,0.5818181818181818,8.14,0.15,13,0.23636363636363636,23,-1.61,-0.07,8,0.34782608695652173,32,9.76,0.3,17,0.53125,10,0.6,0.4,0.02,0.0,4,0.4,6,-2.01,-0.34,1,0.16666666666666666,4,2.03,0.51,3,0.75,6,2,4,13,5,8,4.72,0.36,0.46153846153846156,0.15384615384615385,0.3076923076923077,0.38461538461538464,0.6153846153846154,25,0.5,12.22,0.24,50,6,0.3333333333333333,0.65,0.04,18,401426547,2022,2
2,Auburn Tigers,32,0.5818181818181818,13,0.5909090909090909,19,0.5757575757575758,4,1.0,4,0.4444444444444444,26,0.5909090909090909,44,0.36363636363636365,0.6363636363636364,2.18,0.05,12,0.2727272727272727,16,-2.71,-0.17,10,0.625,28,4.89,0.17,16,0.5714285714285714,15,0.5333333333333333,0.4666666666666667,5.31,0.35,12,0.8,8,1.78,0.22,5,0.625,7,3.53,0.5,7,1.0,6,3,3,11,6,5,4.96,0.45,0.5454545454545454,0.2727272727272727,0.2727272727272727,0.5454545454545454,0.45454545454545453,23,0.5609756097560976,5.17,0.13,41,9,0.6428571428571429,1.97,0.14,14,401403870,2022,2
23,San José State Spartans,28,0.4117647058823529,18,0.42857142857142855,10,0.38461538461538464,5,0.3333333333333333,4,0.3076923076923077,24,0.43636363636363634,55,0.6181818181818182,0.38181818181818183,0.07,0.0,14,0.2545454545454545,34,4.65,0.14,15,0.4411764705882353,21,-4.58,-0.22,9,0.42857142857142855,7,0.2857142857142857,0.7142857142857143,-0.04,-0.01,4,0.5714285714285714,2,0.54,0.27,1,0.5,5,-0.59,-0.12,3,0.6,4,3,1,13,8,5,-3.6,-0.28,0.3076923076923077,0.23076923076923078,0.07692307692307693,0.6153846153846154,0.38461538461538464,18,0.43902439024390244,-5.18,-0.13,41,10,0.37037037037037035,1.64,0.06,27,401403870,2022,2
99,LSU Tigers,38,0.5277777777777778,18,0.4864864864864865,20,0.5714285714285714,13,0.6190476190476191,7,0.5833333333333334,31,0.5254237288135594,59,0.4745762711864407,0.5254237288135594,9.47,0.16,15,0.2542372881355932,28,1.63,0.06,14,0.5,31,7.84,0.25,17,0.5483870967741935,16,0.6875,0.3125,5.27,0.33,9,0.5625,11,3.38,0.31,6,0.5454545454545454,5,1.89,0.38,3,0.6,7,4,3,13,9,4,-4.94,-0.38,0.5384615384615384,0.3076923076923077,0.23076923076923078,0.6923076923076923,0.3076923076923077,32,0.64,16.17,0.32,50,6,0.2727272727272727,-11.63,-0.53,22,401403873,2022,2
2582,Southern Jaguars,21,0.3559322033898305,4,0.2,17,0.4358974358974359,1,0.14285714285714285,2,0.18181818181818182,19,0.3958333333333333,48,0.2916666666666667,0.7083333333333334,-7.85,-0.16,12,0.25,14,-8.37,-0.6,4,0.2857142857142857,34,0.51,0.02,15,0.4411764705882353,8,0.125,0.875,-7.56,-0.95,2,0.25,1,-1.45,-1.45,0,0.0,7,-6.11,-0.87,2,0.2857142857142857,2,0,2,11,6,5,-14.81,-1.35,0.18181818181818182,0.0,0.18181818181818182,0.5454545454545454,0.45454545454545453,14,0.35,-18.16,-0.45,40,7,0.3684210526315789,-4.51,-0.24,19,401403873,2022,2
290,Georgia Southern Eagles,48,0.5647058823529412,31,0.5636363636363636,17,0.5666666666666667,8,0.4444444444444444,9,0.75,37,0.5211267605633803,71,0.6901408450704225,0.30985915492957744,19.24,0.27,19,0.2676056338028169,49,7.41,0.15,25,0.5102040816326531,22,11.83,0.54,12,0.5454545454545454,18,0.7777777777777778,0.2222222222222222,14.73,0.82,12,0.6666666666666666,14,11.35,0.81,10,0.7142857142857143,4,3.38,0.85,2,0.5,11,6,5,14,6,8,17.76,1.27,0.7857142857142857,0.42857142857142855,0.35714285714285715,0.42857142857142855,0.5714285714285714,36,0.5294117647058824,14.84,0.22,68,12,0.7058823529411765,22.16,1.3,17,401405072,2022,2
158,Nebraska Cornhuskers,50,0.6172839506172839,20,0.5555555555555556,30,0.6666666666666666,8,0.6666666666666666,10,0.7692307692307693,40,0.5882352941176471,68,0.4117647058823529,0.5882352941176471,24.76,0.36,20,0.29411764705882354,28,6.9,0.25,14,0.5,40,17.87,0.45,26,0.65,9,0.5555555555555556,0.4444444444444444,5.01,0.56,6,0.6666666666666666,5,3.96,0.79,4,0.8,4,1.05,0.26,2,0.5,10,6,4,13,8,5,13.34,1.03,0.7692307692307693,0.46153846153846156,0.3076923076923077,0.6153846153846154,0.38461538461538464,36,0.6206896551724138,26.84,0.46,58,14,0.6086956521739131,11.27,0.49,23,401405072,2022,2
2377,McNeese Cowboys,17,0.3469387755102041,4,0.16666666666666666,13,0.52,2,0.4,2,0.2,15,0.38461538461538464,39,0.38461538461538464,0.6153846153846154,-0.35,-0.01,10,0.2564102564102564,15,-9.43,-0.63,2,0.13333333333333333,24,9.07,0.38,13,0.5416666666666666,11,0.2727272727272727,0.7272727272727273,2.62,0.24,3,0.2727272727272727,3,-2.96,-0.99,0,0.0,8,5.58,0.7,3,0.375,2,2,0,10,9,1,-22.35,-2.23,0.2,0.2,0.0,0.9,0.1,11,0.3548387096774194,-16.79,-0.54,31,6,0.3333333333333333,-5.91,-0.33,18,401426550,2022,2
242,Rice Owls,23,0.3484848484848485,14,0.4827586206896552,9,0.24324324324324326,5,0.45454545454545453,6,0.4,17,0.3541666666666667,48,0.4375,0.5625,-0.14,-0.0,9,0.1875,21,10.01,0.48,11,0.5238095238095238,27,-10.15,-0.38,6,0.2222222222222222,13,0.46153846153846156,0.5384615384615384,-0.72,-0.06,2,0.15384615384615385,6,3.81,0.63,1,0.16666666666666666,7,-4.53,-0.65,1,0.14285714285714285,6,3,3,18,8,10,-3.91,-0.22,0.3333333333333333,0.16666666666666666,0.16666666666666666,0.4444444444444444,0.5555555555555556,14,0.32558139534883723,-7.77,-0.18,43,9,0.391304347826087,3.71,0.16,23,401426550,2022,2
2628,TCU Horned Frogs,31,0.43661971830985913,20,0.5714285714285714,11,0.3055555555555556,8,0.38095238095238093,5,0.45454545454545453,24,0.41379310344827586,58,0.4827586206896552,0.5172413793103449,6.04,0.1,18,0.3103448275862069,28,17.05,0.61,16,0.5714285714285714,30,-11.02,-0.37,8,0.26666666666666666,7,0.2857142857142857,0.7142857142857143,-1.69,-0.24,1,0.14285714285714285,2,-0.56,-0.28,0,0.0,5,-1.13,-0.23,1,0.2,7,4,3,13,7,6,8.57,0.66,0.5384615384615384,0.3076923076923077,0.23076923076923078,0.5384615384615384,0.46153846153846156,26,0.45614035087719296,9.7,0.17,57,5,0.35714285714285715,4.91,0.35,14,401404067,2022,2
2627,Tarleton Texans,20,0.37037037037037035,10,0.38461538461538464,10,0.35714285714285715,1,1.0,4,0.36363636363636365,16,0.37209302325581395,43,0.4186046511627907,0.5813953488372093,-1.39,-0.03,8,0.18604651162790697,18,1.93,0.11,8,0.4444444444444444,25,-3.31,-0.13,8,0.32,10,0.3,0.7,1.47,0.15,3,0.3,3,-0.53,-0.18,0,0.0,7,2.0,0.29,3,0.42857142857142855,4,2,2,11,8,3,-1.72,-0.16,0.36363636363636365,0.18181818181818182,0.18181818181818182,0.7272727272727273,0.2727272727272727,17,0.4594594594594595,3.47,0.09,37,3,0.17647058823529413,-6.58,-0.39,17,401404067,2022,2
103,Boston College Eagles,6,0.14285714285714285,5,0.16129032258064516,1,0.09090909090909091,1,1.0,4,0.3333333333333333,2,0.06896551724137931,29,0.6896551724137931,0.3103448275862069,-19.09,-0.66,2,0.06896551724137931,20,-12.57,-0.63,2,0.1,9,-6.52,-0.72,0,0.0,7,0.5714285714285714,0.42857142857142855,-2.99,-0.43,1,0.14285714285714285,4,-0.05,-0.01,1,0.25,3,-2.94,-0.98,0,0.0,4,3,1,13,11,2,-0.29,-0.02,0.3076923076923077,0.23076923076923078,0.07692307692307693,0.8461538461538461,0.15384615384615385,1,0.05555555555555555,-8.12,-0.45,18,5,0.20833333333333334,-11.26,-0.47,24,401411108,2022,2
259,Virginia Tech Hokies,14,0.24561403508771928,7,0.3333333333333333,7,0.19444444444444445,2,0.18181818181818182,4,0.3333333333333333,9,0.20930232558139536,43,0.32558139534883723,0.6744186046511628,-11.95,-0.28,7,0.16279069767441862,14,0.1,0.01,4,0.2857142857142857,29,-12.05,-0.42,5,0.1724137931034483,3,0.3333333333333333,0.6666666666666666,-0.7,-0.23,0,0.0,1,-0.13,-0.13,0,0.0,2,-0.57,-0.28,0,0.0,5,3,2,14,7,7,-2.65,-0.19,0.35714285714285715,0.21428571428571427,0.14285714285714285,0.5,0.5,10,0.2702702702702703,-8.4,-0.23,37,4,0.2,-6.2,-0.31,20,401411108,2022,2
304,Idaho State Bengals,21,0.29577464788732394,12,0.2926829268292683,9,0.3,1,0.125,7,0.3684210526315789,14,0.28,50,0.46,0.54,-9.9,-0.2,5,0.1,23,-3.46,-0.15,6,0.2608695652173913,27,-6.44,-0.24,8,0.2962962962962963,17,0.5882352941176471,0.4117647058823529,1.88,0.11,6,0.35294117647058826,10,0.66,0.07,4,0.4,7,1.22,0.17,2,0.2857142857142857,7,6,1,21,18,3,-10.36,-0.49,0.3333333333333333,0.2857142857142857,0.047619047619047616,0.8571428571428571,0.14285714285714285,17,0.3695652173913043,-13.15,-0.29,46,4,0.16,-7.11,-0.28,25,401413257,2022,2
21,San Diego State Aztecs,26,0.36619718309859156,7,0.25925925925925924,19,0.4318181818181818,3,0.3333333333333333,5,0.35714285714285715,19,0.34545454545454546,55,0.36363636363636365,0.6363636363636364,-0.96,-0.02,9,0.16363636363636364,20,-3.48,-0.17,6,0.3,35,2.53,0.07,13,0.37142857142857144,11,0.36363636363636365,0.6363636363636364,-8.06,-0.73,3,0.2727272727272727,4,-1.64,-0.41,1,0.25,7,-6.42,-0.92,2,0.2857142857142857,7,1,6,16,7,9,2.76,0.17,0.4375,0.0625,0.375,0.4375,0.5625,20,0.38461538461538464,0.67,0.01,52,6,0.3157894736842105,1.14,0.06,19,401413257,2022,2
2433,UL Monroe Warhawks,35,0.5384615384615384,15,0.5357142857142857,20,0.5405405405405406,10,0.8333333333333334,9,0.6,26,0.5306122448979592,49,0.40816326530612246,0.5918367346938775,7.03,0.14,12,0.24489795918367346,20,6.37,0.32,11,0.55,29,0.66,0.02,15,0.5172413793103449,18,0.5,0.5,10.99,0.61,14,0.7777777777777778,9,6.0,0.67,7,0.7777777777777778,9,4.98,0.55,7,0.7777777777777778,9,4,5,16,8,8,6.9,0.43,0.5625,0.25,0.3125,0.5,0.5,29,0.58,12.2,0.24,50,6,0.4,1.73,0.12,15,401421117,2022,2
2447,Nicholls Colonels,22,0.3492063492063492,17,0.40476190476190477,5,0.23809523809523808,,,6,0.375,16,0.36363636363636365,44,0.6136363636363636,0.38636363636363635,-4.6,-0.1,8,0.18181818181818182,27,0.12,0.0,12,0.4444444444444444,17,-4.72,-0.28,4,0.23529411764705882,7,0.8571428571428571,0.14285714285714285,-8.74,-1.25,1,0.14285714285714285,6,-8.27,-1.38,1,0.16666666666666666,1,-0.47,-0.47,0,0.0,6,5,1,19,15,4,-12.68,-0.67,0.3157894736842105,0.2631578947368421,0.05263157894736842,0.7894736842105263,0.21052631578947367,13,0.3333333333333333,-19.74,-0.51,39,9,0.375,2.47,0.1,24,401421117,2022,2
2483,Oregon Ducks,53,0.6235294117647059,24,0.6,29,0.6444444444444445,15,0.6521739130434783,11,0.8461538461538461,40,0.5714285714285714,70,0.44285714285714284,0.5571428571428572,14.87,0.21,22,0.3142857142857143,31,9.57,0.31,17,0.5483870967741935,39,5.3,0.14,23,0.5897435897435898,18,0.6111111111111112,0.3888888888888889,10.13,0.56,9,0.5,11,7.06,0.64,5,0.45454545454545453,7,3.07,0.44,4,0.5714285714285714,13,7,6,15,9,6,22.03,1.47,0.8666666666666667,0.4666666666666667,0.4,0.6,0.4,41,0.6119402985074627,18.18,0.27,67,12,0.6666666666666666,18.72,1.04,18,401403978,2022,2
331,Eastern Washington Eagles,17,0.34,7,0.2916666666666667,10,0.4,3,0.42857142857142855,5,0.4166666666666667,11,0.2972972972972973,37,0.43243243243243246,0.5405405405405406,-16.65,-0.45,4,0.10810810810810811,16,-6.74,-0.42,4,0.25,20,-5.46,-0.27,7,0.35,9,0.3333333333333333,0.5555555555555556,-8.49,-0.94,2,0.2222222222222222,3,-2.43,-0.81,0,0.0,5,-1.61,-0.32,2,0.4,6,3,3,13,8,5,9.24,0.71,0.46153846153846156,0.23076923076923078,0.23076923076923078,0.6153846153846154,0.38461538461538464,12,0.36363636363636365,-14.81,-0.45,33,5,0.29411764705882354,7.4,0.44,17,401403978,2022,2
84,Indiana Hoosiers,32,0.49230769230769234,11,0.3793103448275862,21,0.5833333333333334,7,0.4375,8,0.6153846153846154,23,0.46,50,0.46,0.54,4.13,0.08,9,0.18,23,1.13,0.05,8,0.34782608695652173,27,3.0,0.11,15,0.5555555555555556,11,0.6363636363636364,0.36363636363636365,3.48,0.32,6,0.5454545454545454,7,1.76,0.25,4,0.5714285714285714,4,1.72,0.43,2,0.5,9,3,6,15,6,9,4.71,0.31,0.6,0.2,0.4,0.4,0.6,26,0.52,3.67,0.07,50,6,0.4,5.17,0.34,15,401405075,2022,2
70,Idaho Vandals,21,0.3181818181818182,10,0.4,11,0.2682926829268293,3,0.375,8,0.5333333333333333,12,0.24489795918367346,49,0.3469387755102041,0.6530612244897959,-7.28,-0.15,5,0.10204081632653061,17,1.06,0.06,6,0.35294117647058826,32,-8.34,-0.26,6,0.1875,8,0.25,0.75,-2.8,-0.35,2,0.25,2,-2.3,-1.15,0,0.0,6,-0.5,-0.08,2,0.3333333333333333,9,4,5,17,8,9,10.68,0.63,0.5294117647058824,0.23529411764705882,0.29411764705882354,0.47058823529411764,0.5294117647058824,12,0.3076923076923077,0.31,0.01,39,9,0.3333333333333333,3.1,0.11,27,401405075,2022,2
2638,UTEP Miners,24,0.43636363636363634,13,0.48148148148148145,11,0.39285714285714285,3,0.42857142857142855,7,0.5384615384615384,16,0.3902439024390244,41,0.43902439024390244,0.5609756097560976,2.95,0.07,9,0.21951219512195122,18,6.84,0.38,8,0.4444444444444444,23,-3.9,-0.17,8,0.34782608695652173,5,0.4,0.6,-0.34,-0.07,2,0.4,2,-0.15,-0.08,1,0.5,3,-0.18,-0.06,1,0.3333333333333333,8,5,3,14,9,5,0.34,0.02,0.5714285714285714,0.35714285714285715,0.21428571428571427,0.6428571428571429,0.35714285714285715,16,0.45714285714285713,5.01,0.14,35,8,0.4,-1.72,-0.09,20,401426552,2022,2
166,New Mexico State Aggies,22,0.3283582089552239,9,0.32142857142857145,13,0.3333333333333333,2,0.2857142857142857,6,0.42857142857142855,14,0.27450980392156865,51,0.3333333333333333,0.6666666666666666,-9.24,-0.18,10,0.19607843137254902,17,-7.15,-0.42,2,0.11764705882352941,34,-2.09,-0.06,12,0.35294117647058826,8,0.5,0.5,-0.53,-0.07,3,0.375,4,-0.91,-0.23,1,0.25,4,0.37,0.09,2,0.5,8,7,1,16,11,5,5.49,0.34,0.5,0.4375,0.0625,0.6875,0.3125,14,0.3333333333333333,1.22,0.03,42,8,0.32,-4.97,-0.2,25,401426552,2022,2
278,Fresno State Bulldogs,34,0.4533333333333333,19,0.40425531914893614,15,0.5357142857142857,6,0.4,6,0.42857142857142855,28,0.45901639344262296,61,0.6065573770491803,0.39344262295081966,13.26,0.22,13,0.21311475409836064,37,14.07,0.38,17,0.4594594594594595,24,-0.81,-0.03,11,0.4583333333333333,17,0.47058823529411764,0.5294117647058824,-1.6,-0.09,6,0.35294117647058826,8,-1.86,-0.23,2,0.25,9,0.26,0.03,4,0.4444444444444444,6,2,4,14,10,4,-1.05,-0.07,0.42857142857142855,0.14285714285714285,0.2857142857142857,0.7142857142857143,0.2857142857142857,25,0.44642857142857145,11.02,0.2,56,9,0.47368421052631576,1.19,0.06,19,401403979,2022,2
204,Oregon State Beavers,30,0.47619047619047616,12,0.41379310344827586,18,0.5294117647058824,8,0.6153846153846154,3,0.3,25,0.5,50,0.4,0.6,17.36,0.35,14,0.28,20,8.36,0.42,8,0.4,30,9.0,0.3,17,0.5666666666666667,3,0.6666666666666666,0.3333333333333333,-2.37,-0.79,0,0.0,2,-2.02,-1.01,0,0.0,1,-0.36,-0.36,0,0.0,5,4,1,13,9,4,-3.82,-0.29,0.38461538461538464,0.3076923076923077,0.07692307692307693,0.6923076923076923,0.3076923076923077,20,0.5,11.54,0.29,40,10,0.43478260869565216,2.0,0.09,23,401403979,2022,2
344,Mississippi State Bulldogs,42,0.5753424657534246,31,0.6078431372549019,11,0.5,11,0.6470588235294118,5,0.4166666666666667,36,0.6,60,0.6833333333333333,0.31666666666666665,-0.55,-0.01,16,0.26666666666666666,41,-1.89,-0.05,28,0.6829268292682927,19,1.34,0.07,8,0.42105263157894735,13,0.7692307692307693,0.23076923076923078,4.24,0.33,9,0.6923076923076923,10,4.05,0.41,8,0.8,3,0.19,0.06,1,0.3333333333333333,6,3,3,13,10,3,-1.17,-0.09,0.46153846153846156,0.23076923076923078,0.23076923076923078,0.7692307692307693,0.23076923076923078,38,0.6551724137931034,9.46,0.16,58,4,0.26666666666666666,-11.18,-0.75,15,401403875,2022,2
12,Arizona Wildcats,25,0.3424657534246575,18,0.33962264150943394,7,0.35,2,0.3333333333333333,4,0.3076923076923077,20,0.35714285714285715,56,0.6785714285714286,0.32142857142857145,-15.81,-0.28,10,0.17857142857142858,38,-13.01,-0.34,14,0.3684210526315789,18,-2.8,-0.16,6,0.3333333333333333,5,1.0,0.0,2.04,0.41,3,0.6,5,2.04,0.41,3,0.6,,,,,,5,4,1,17,15,2,-8.68,-0.51,0.29411764705882354,0.23529411764705882,0.058823529411764705,0.8823529411764706,0.11764705882352941,17,0.3695652173913043,-16.64,-0.36,46,8,0.2962962962962963,-7.85,-0.29,27,401403875,2022,2
259,Virginia Tech Hokies,16,0.3076923076923077,14,0.3888888888888889,2,0.125,0,0.0,2,0.2,14,0.35,40,0.675,0.325,-6.43,-0.16,8,0.2,27,-0.17,-0.01,12,0.4444444444444444,13,-6.26,-0.48,2,0.15384615384615385,8,0.875,0.125,-3.01,-0.38,2,0.25,7,-2.06,-0.29,2,0.2857142857142857,1,-0.95,-0.95,0,0.0,2,2,0,12,9,3,-10.23,-0.85,0.16666666666666666,0.16666666666666666,0.0,0.75,0.25,9,0.2903225806451613,-16.42,-0.53,31,7,0.3333333333333333,-0.24,-0.01,21,401411116,2022,4
277,West Virginia Mountaineers,38,0.5066666666666667,18,0.5806451612903226,20,0.45454545454545453,3,0.23076923076923078,4,0.3333333333333333,33,0.532258064516129,62,0.4032258064516129,0.5967741935483871,8.09,0.13,18,0.2903225806451613,25,8.42,0.34,16,0.64,37,-0.33,-0.01,17,0.4594594594594595,17,0.5882352941176471,0.4117647058823529,8.25,0.49,11,0.6470588235294118,10,7.08,0.71,8,0.8,7,1.17,0.17,3,0.42857142857142855,5,2,3,13,6,7,-1.32,-0.1,0.38461538461538464,0.15384615384615385,0.23076923076923078,0.46153846153846156,0.5384615384615384,32,0.5517241379310345,11.18,0.19,58,6,0.35294117647058826,-4.42,-0.26,17,401411116,2022,4
324,Coastal Carolina Chanticleers,44,0.5301204819277109,16,0.5161290322580645,28,0.5384615384615384,7,0.5,9,0.6,35,0.5147058823529411,68,0.3382352941176471,0.6617647058823529,3.96,0.06,15,0.22058823529411764,23,0.01,0.0,14,0.6086956521739131,45,3.95,0.09,21,0.4666666666666667,10,0.5,0.5,-0.34,-0.03,5,0.5,5,-0.36,-0.07,2,0.4,5,0.02,0.0,3,0.6,9,2,7,15,8,7,4.53,0.3,0.6,0.13333333333333333,0.4666666666666667,0.5333333333333333,0.4666666666666667,33,0.5238095238095238,13.46,0.21,63,11,0.55,-4.97,-0.25,20,401426334,2022,4
2247,Georgia State Panthers,25,0.43103448275862066,12,0.4444444444444444,13,0.41935483870967744,3,0.5,6,0.5,18,0.4,45,0.4444444444444444,0.5555555555555556,-12.89,-0.29,9,0.2,20,-0.19,-0.01,10,0.5,25,-12.7,-0.51,8,0.32,14,0.42857142857142855,0.5714285714285714,1.26,0.09,8,0.5714285714285714,6,-0.18,-0.03,3,0.5,8,1.43,0.18,5,0.625,7,2,5,13,7,6,1.58,0.12,0.5384615384615384,0.15384615384615385,0.38461538461538464,0.5384615384615384,0.46153846153846156,17,0.425,-5.32,-0.13,40,8,0.4444444444444444,-5.98,-0.33,18,401426334,2022,4
236,Chattanooga Mocs,13,0.25,6,0.2608695652173913,7,0.2413793103448276,0,0.0,4,0.2857142857142857,9,0.23684210526315788,38,0.3684210526315789,0.631578947368421,-15.99,-0.42,4,0.10526315789473684,14,-11.21,-0.8,4,0.2857142857142857,24,-4.78,-0.2,5,0.20833333333333334,5,0.4,0.6,-0.18,-0.04,2,0.4,2,-2.72,-1.36,0,0.0,3,2.55,0.85,2,0.6666666666666666,4,2,2,14,9,5,-6.4,-0.46,0.2857142857142857,0.14285714285714285,0.14285714285714285,0.6428571428571429,0.35714285714285715,8,0.26666666666666666,-13.14,-0.44,30,5,0.22727272727272727,-9.25,-0.42,22,401421129,2022,4
356,Illinois Fighting Illini,28,0.4,15,0.40540540540540543,13,0.3939393939393939,2,0.3333333333333333,7,0.4666666666666667,21,0.39622641509433965,53,0.49056603773584906,0.5094339622641509,6.56,0.12,11,0.20754716981132076,26,5.98,0.23,10,0.38461538461538464,27,0.58,0.02,11,0.4074074074074074,18,0.6111111111111112,0.3888888888888889,-4.38,-0.24,5,0.2777777777777778,11,-5.56,-0.51,1,0.09090909090909091,7,1.18,0.17,4,0.5714285714285714,7,5,2,17,11,6,-0.89,-0.05,0.4117647058823529,0.29411764705882354,0.11764705882352941,0.6470588235294118,0.35294117647058826,19,0.3877551020408163,1.1,0.02,49,9,0.42857142857142855,4.57,0.22,21,401421129,2022,4
258,Virginia Cavaliers,33,0.4925373134328358,15,0.35714285714285715,18,0.72,7,0.7,4,0.3333333333333333,28,0.5384615384615384,52,0.5384615384615384,0.46153846153846156,-1.81,-0.03,12,0.23076923076923078,28,-5.64,-0.2,11,0.39285714285714285,24,3.83,0.16,17,0.7083333333333334,14,0.7142857142857143,0.2857142857142857,6.47,0.46,10,0.7142857142857143,10,4.02,0.4,6,0.6,4,2.45,0.61,4,1.0,5,4,1,15,14,1,-3.89,-0.26,0.3333333333333333,0.26666666666666666,0.06666666666666667,0.9333333333333333,0.06666666666666667,24,0.4897959183673469,-5.37,-0.11,49,9,0.5,-0.33,-0.02,18,401411117,2022,4
183,Syracuse Orange,26,0.37142857142857144,17,0.4358974358974359,9,0.2903225806451613,3,0.21428571428571427,6,0.4,20,0.36363636363636365,55,0.4909090909090909,0.509090909090909,-8.44,-0.15,14,0.2545454545454545,27,2.82,0.1,13,0.48148148148148145,28,-11.26,-0.4,7,0.25,6,0.6666666666666666,0.3333333333333333,-0.25,-0.04,3,0.5,4,-0.25,-0.06,2,0.5,2,0.01,0.0,1,0.5,6,4,2,15,12,3,-1.49,-0.1,0.4,0.26666666666666666,0.13333333333333333,0.8,0.2,13,0.3170731707317073,-14.28,-0.35,41,13,0.4482758620689655,4.35,0.15,29,401411117,2022,4
2005,Air Force Falcons,46,0.5897435897435898,1,0.25,45,0.6081081081081081,9,0.6923076923076923,10,0.6666666666666666,33,0.55,60,0.05,0.95,16.76,0.28,14,0.23333333333333334,3,4.2,1.4,1,0.3333333333333333,57,12.56,0.22,32,0.5614035087719298,14,0.07142857142857142,0.9285714285714286,7.23,0.52,10,0.7142857142857143,1,-1.19,-1.19,0,0.0,13,8.42,0.65,10,0.7692307692307693,13,0,13,18,1,17,15.6,0.87,0.7222222222222222,0.0,0.7222222222222222,0.05555555555555555,0.9444444444444444,41,0.6307692307692307,27.46,0.42,65,5,0.38461538461538464,4.9,0.38,13,401415220,2022,4
2440,Nevada Wolf Pack,18,0.4864864864864865,10,0.5263157894736842,8,0.4444444444444444,3,0.75,4,0.5,14,0.4827586206896552,29,0.5172413793103449,0.4827586206896552,7.22,0.25,5,0.1724137931034483,15,3.54,0.24,9,0.6,14,3.69,0.26,5,0.35714285714285715,5,0.8,0.2,-1.86,-0.37,1,0.2,4,-1.59,-0.4,1,0.25,1,-0.27,-0.27,0,0.0,4,1,3,8,4,4,2.91,0.36,0.5,0.125,0.375,0.5,0.5,15,0.5357142857142857,12.81,0.46,28,3,0.3333333333333333,-2.68,-0.3,9,401415220,2022,4
2638,UTEP Miners,28,0.417910447761194,6,0.46153846153846156,22,0.4074074074074074,2,0.3333333333333333,8,0.5333333333333333,20,0.38461538461538464,52,0.17307692307692307,0.8269230769230769,-5.03,-0.1,9,0.17307692307692307,9,5.31,0.59,4,0.4444444444444444,43,-10.33,-0.24,16,0.37209302325581395,5,0.6,0.4,1.53,0.31,1,0.2,3,2.68,0.89,1,0.3333333333333333,2,-1.15,-0.57,0,0.0,8,2,6,15,4,11,6.32,0.42,0.5333333333333333,0.13333333333333333,0.4,0.26666666666666666,0.7333333333333333,23,0.4791666666666667,0.7,0.01,48,5,0.2631578947368421,0.59,0.03,19,401426571,2022,4
68,Boise State Broncos,18,0.32727272727272727,10,0.2857142857142857,8,0.4,3,0.42857142857142855,5,0.4166666666666667,13,0.30952380952380953,42,0.5714285714285714,0.42857142857142855,-3.08,-0.07,9,0.21428571428571427,24,-1.72,-0.07,6,0.25,18,-1.36,-0.08,7,0.3888888888888889,14,0.7142857142857143,0.2857142857142857,-0.03,-0.0,4,0.2857142857142857,10,1.08,0.11,4,0.4,4,-1.11,-0.28,0,0.0,5,4,1,13,11,2,-1.67,-0.13,0.38461538461538464,0.3076923076923077,0.07692307692307693,0.8461538461538461,0.15384615384615385,14,0.4375,3.04,0.09,32,4,0.17391304347826086,-7.79,-0.34,23,401426571,2022,4
61,Georgia Bulldogs,45,0.5921052631578947,21,0.5675675675675675,24,0.6153846153846154,7,0.3684210526315789,7,0.5833333333333334,36,0.5806451612903226,62,0.4838709677419355,0.5161290322580645,16.57,0.27,19,0.3064516129032258,30,2.27,0.08,18,0.6,32,14.29,0.45,18,0.5625,17,0.4117647058823529,0.5882352941176471,9.31,0.55,12,0.7058823529411765,7,6.33,0.9,7,1.0,10,2.99,0.3,5,0.5,9,3,6,14,7,7,6.58,0.47,0.6428571428571429,0.21428571428571427,0.42857142857142855,0.5,0.5,36,0.5901639344262295,12.37,0.2,61,9,0.6,10.77,0.72,15,401403895,2022,4
2309,Kent State Golden Flashes,25,0.49019607843137253,13,0.52,12,0.46153846153846156,5,0.5555555555555556,3,0.2727272727272727,21,0.5384615384615384,39,0.48717948717948717,0.5128205128205128,11.26,0.29,9,0.23076923076923078,19,10.32,0.54,12,0.631578947368421,20,0.94,0.05,9,0.45,3,1.0,0.0,-1.86,-0.62,1,0.3333333333333333,3,-1.86,-0.62,1,0.3333333333333333,,,,,,4,1,3,12,6,6,-6.14,-0.51,0.3333333333333333,0.08333333333333333,0.25,0.5,0.5,20,0.5263157894736842,8.38,0.22,38,5,0.38461538461538464,-3.25,-0.25,13,401403895,2022,4
238,Vanderbilt Commodores,14,0.2692307692307692,8,0.25806451612903225,6,0.2857142857142857,,,1,0.07692307692307693,13,0.34210526315789475,38,0.5789473684210527,0.42105263157894735,-5.5,-0.14,7,0.18421052631578946,22,-0.03,-0.0,8,0.36363636363636365,16,-5.47,-0.34,5,0.3125,10,0.5,0.5,-3.47,-0.35,3,0.3,5,-0.9,-0.18,2,0.4,5,-2.58,-0.52,1,0.2,1,0,1,14,9,5,-17.27,-1.23,0.07142857142857142,0.0,0.07142857142857142,0.6428571428571429,0.35714285714285715,12,0.375,-8.83,-0.28,32,2,0.1,-13.94,-0.7,20,401403892,2022,4
333,Alabama Crimson Tide,44,0.5714285714285714,26,0.6046511627906976,18,0.5294117647058824,6,0.5454545454545454,7,0.5833333333333334,36,0.5714285714285714,63,0.5396825396825397,0.4603174603174603,27.85,0.44,20,0.31746031746031744,34,19.44,0.57,21,0.6176470588235294,29,8.41,0.29,15,0.5172413793103449,7,0.8571428571428571,0.14285714285714285,4.78,0.68,5,0.7142857142857143,6,5.19,0.86,5,0.8333333333333334,1,-0.41,-0.41,0,0.0,8,5,3,14,9,5,7.65,0.55,0.5714285714285714,0.35714285714285715,0.21428571428571427,0.6428571428571429,0.35714285714285715,37,0.6166666666666667,23.94,0.4,60,7,0.4117647058823529,11.56,0.68,17,401403892,2022,4
194,Ohio State Buckeyes,40,0.5797101449275363,17,0.6296296296296297,23,0.5476190476190477,8,0.5714285714285714,7,0.6363636363636364,32,0.5614035087719298,57,0.40350877192982454,0.5964912280701754,16.86,0.3,17,0.2982456140350877,23,12.89,0.56,14,0.6086956521739131,34,3.98,0.12,18,0.5294117647058824,13,0.5384615384615384,0.46153846153846156,-0.4,-0.03,6,0.46153846153846156,7,-0.07,-0.01,3,0.42857142857142855,6,-0.33,-0.06,3,0.5,8,3,5,12,4,8,9.56,0.8,0.6666666666666666,0.25,0.4166666666666667,0.3333333333333333,0.6666666666666666,36,0.6206896551724138,26.85,0.46,58,4,0.36363636363636365,-0.42,-0.04,11,401405095,2022,4
275,Wisconsin Badgers,27,0.48214285714285715,9,0.4090909090909091,18,0.5294117647058824,5,0.8333333333333334,7,0.5,20,0.4878048780487805,41,0.24390243902439024,0.7560975609756098,-0.71,-0.02,4,0.0975609756097561,10,-6.12,-0.61,4,0.4,31,5.41,0.17,16,0.5161290322580645,11,0.6363636363636364,0.36363636363636365,-4.57,-0.42,3,0.2727272727272727,7,-3.75,-0.54,1,0.14285714285714285,4,-0.82,-0.2,2,0.5,7,5,2,15,12,3,4.42,0.29,0.4666666666666667,0.3333333333333333,0.13333333333333333,0.8,0.2,22,0.5116279069767442,7.09,0.16,43,5,0.38461538461538464,-3.39,-0.26,13,401405095,2022,4
130,Michigan Wolverines,33,0.515625,15,0.5357142857142857,18,0.5,2,0.3333333333333333,5,0.4166666666666667,27,0.5294117647058824,51,0.45098039215686275,0.5490196078431373,4.29,0.08,14,0.27450980392156865,23,8.61,0.37,14,0.6086956521739131,28,-4.32,-0.15,13,0.4642857142857143,15,0.4,0.6,3.58,0.24,7,0.4666666666666667,6,-0.92,-0.15,3,0.5,9,4.5,0.5,4,0.4444444444444444,6,1,5,13,5,8,11.0,0.85,0.46153846153846156,0.07692307692307693,0.38461538461538464,0.38461538461538464,0.6153846153846154,28,0.5833333333333334,14.18,0.3,48,5,0.3125,1.11,0.07,16,401405097,2022,4
120,Maryland Terrapins,38,0.5205479452054794,20,0.47619047619047616,18,0.5806451612903226,5,0.45454545454545453,6,0.42857142857142855,29,0.5178571428571429,56,0.5714285714285714,0.42857142857142855,2.18,0.04,13,0.23214285714285715,32,0.11,0.0,16,0.5,24,2.07,0.09,13,0.5416666666666666,6,0.3333333333333333,0.6666666666666666,-3.11,-0.52,1,0.16666666666666666,2,-1.96,-0.98,0,0.0,4,-1.14,-0.29,1,0.25,9,4,5,17,10,7,7.12,0.42,0.5294117647058824,0.23529411764705882,0.29411764705882354,0.5882352941176471,0.4117647058823529,32,0.5818181818181818,6.21,0.11,55,6,0.3333333333333333,3.09,0.17,18,401405097,2022,4
228,Clemson Tigers,39,0.45348837209302323,21,0.5,18,0.4090909090909091,10,0.5263157894736842,17,0.7083333333333334,22,0.3548387096774194,62,0.45161290322580644,0.5483870967741935,-0.1,-0.0,7,0.11290322580645161,28,6.0,0.21,13,0.4642857142857143,34,-6.1,-0.18,9,0.2647058823529412,17,0.6470588235294118,0.35294117647058826,-1.72,-0.1,4,0.23529411764705882,11,1.77,0.16,4,0.36363636363636365,6,-3.49,-0.58,0,0.0,17,8,9,24,14,10,30.42,1.27,0.7083333333333334,0.3333333333333333,0.375,0.5833333333333334,0.4166666666666667,26,0.4642857142857143,9.87,0.18,56,13,0.43333333333333335,20.46,0.68,30,401411123,2022,4
154,Wake Forest Demon Deacons,36,0.5294117647058824,19,0.59375,17,0.4722222222222222,5,0.5,7,0.5833333333333334,29,0.5272727272727272,55,0.41818181818181815,0.5818181818181818,15.43,0.28,14,0.2545454545454545,23,18.23,0.79,15,0.6521739130434783,32,-2.8,-0.09,14,0.4375,5,0.6,0.4,6.09,1.22,4,0.8,3,4.08,1.36,2,0.6666666666666666,2,2.02,1.01,2,1.0,7,4,3,13,9,4,6.51,0.5,0.5384615384615384,0.3076923076923077,0.23076923076923078,0.6923076923076923,0.3076923076923077,26,0.5652173913043478,15.99,0.35,46,10,0.45454545454545453,5.96,0.27,22,401411123,2022,4
201,Oklahoma Sooners,36,0.4931506849315068,17,0.425,19,0.5757575757575758,3,0.375,4,0.3076923076923077,31,0.5344827586206896,58,0.5172413793103449,0.4827586206896552,27.94,0.48,18,0.3103448275862069,30,20.58,0.69,15,0.5,28,7.36,0.26,16,0.5714285714285714,7,0.2857142857142857,0.7142857142857143,2.87,0.41,4,0.5714285714285714,2,1.69,0.85,1,0.5,5,1.18,0.24,3,0.6,5,2,3,15,10,5,-4.51,-0.3,0.3333333333333333,0.13333333333333333,0.2,0.6666666666666666,0.3333333333333333,27,0.5192307692307693,20.64,0.4,52,9,0.42857142857142855,2.79,0.13,21,401404081,2022,4
2306,Kansas State Wildcats,41,0.5061728395061729,16,0.48484848484848486,25,0.5208333333333334,11,0.5,8,0.47058823529411764,32,0.5079365079365079,63,0.42857142857142855,0.5714285714285714,6.61,0.1,15,0.23809523809523808,27,5.46,0.2,15,0.5555555555555556,36,1.15,0.03,17,0.4722222222222222,15,0.5333333333333333,0.4666666666666667,-0.11,-0.01,6,0.4,8,-0.6,-0.08,3,0.375,7,0.5,0.07,3,0.42857142857142855,9,1,8,18,6,12,10.09,0.56,0.5,0.05555555555555555,0.4444444444444444,0.3333333333333333,0.6666666666666666,28,0.49122807017543857,5.87,0.1,57,13,0.5416666666666666,10.83,0.45,24,401404081,2022,4
30,USC Trojans,33,0.4583333333333333,13,0.34210526315789475,20,0.5882352941176471,3,0.375,9,0.5,22,0.44,50,0.54,0.46,-0.72,-0.01,8,0.16,27,2.0,0.07,11,0.4074074074074074,23,-2.71,-0.12,11,0.4782608695652174,15,0.5333333333333333,0.4666666666666667,-1.28,-0.09,7,0.4666666666666667,8,-2.05,-0.26,3,0.375,7,0.77,0.11,4,0.5714285714285714,11,2,9,22,11,11,-0.22,-0.01,0.5,0.09090909090909091,0.4090909090909091,0.5,0.5,23,0.5609756097560976,9.09,0.22,41,10,0.3225806451612903,-10.03,-0.32,31,401404000,2022,4
204,Oregon State Beavers,26,0.4126984126984127,14,0.42424242424242425,12,0.4,5,0.8333333333333334,5,0.38461538461538464,20,0.40816326530612246,49,0.4489795918367347,0.5510204081632653,-4.29,-0.09,10,0.20408163265306123,22,-4.97,-0.23,10,0.45454545454545453,27,0.68,0.03,10,0.37037037037037035,8,0.5,0.5,-2.06,-0.26,3,0.375,4,1.38,0.35,2,0.5,4,-3.44,-0.86,1,0.25,6,4,2,14,11,3,-3.56,-0.25,0.42857142857142855,0.2857142857142857,0.14285714285714285,0.7857142857142857,0.21428571428571427,18,0.47368421052631576,8.54,0.22,38,8,0.32,-16.4,-0.66,25,401404000,2022,4
2459,Northern Illinois Huskies,26,0.4406779661016949,13,0.5,13,0.3939393939393939,4,0.3076923076923077,6,0.4,19,0.4418604651162791,43,0.37209302325581395,0.627906976744186,6.38,0.15,8,0.18604651162790697,16,8.3,0.52,10,0.625,27,-1.93,-0.07,9,0.3333333333333333,16,0.4375,0.5625,4.2,0.26,7,0.4375,7,3.1,0.44,4,0.5714285714285714,9,1.1,0.12,3,0.3333333333333333,7,3,4,16,10,6,0.43,0.03,0.4375,0.1875,0.25,0.625,0.375,21,0.4772727272727273,11.64,0.26,44,5,0.3333333333333333,-4.84,-0.32,15,401403896,2022,4
96,Kentucky Wildcats,26,0.43333333333333335,15,0.4838709677419355,11,0.3793103448275862,1,0.5,11,0.6875,13,0.30952380952380953,42,0.42857142857142855,0.5714285714285714,-10.88,-0.26,4,0.09523809523809523,18,-4.85,-0.27,5,0.2777777777777778,24,-6.03,-0.25,8,0.3333333333333333,8,0.5,0.5,3.74,0.47,2,0.25,4,8.65,2.16,2,0.5,4,-4.91,-1.23,0,0.0,13,10,3,18,13,5,28.05,1.56,0.7222222222222222,0.5555555555555556,0.16666666666666666,0.7222222222222222,0.2777777777777778,15,0.40540540540540543,-0.94,-0.03,37,11,0.4782608695652174,18.11,0.79,23,401403896,2022,4
245,Texas A&M Aggies,25,0.46296296296296297,10,0.4166666666666667,15,0.5,3,0.375,5,0.45454545454545453,20,0.46511627906976744,43,0.3953488372093023,0.6046511627906976,4.85,0.11,9,0.20930232558139536,17,-0.51,-0.03,7,0.4117647058823529,26,5.36,0.21,13,0.5,12,0.5833333333333334,0.4166666666666667,5.2,0.43,10,0.8333333333333334,7,2.0,0.29,5,0.7142857142857143,5,3.2,0.64,5,1.0,5,3,2,11,7,4,2.57,0.23,0.45454545454545453,0.2727272727272727,0.18181818181818182,0.6363636363636364,0.36363636363636365,17,0.5151515151515151,5.24,0.16,33,8,0.38095238095238093,2.19,0.1,21,401403893,2022,4
8,Arkansas Razorbacks,37,0.5068493150684932,8,0.38095238095238093,29,0.5686274509803921,4,0.6666666666666666,7,0.4666666666666667,28,0.5,56,0.19642857142857142,0.7857142857142857,-9.65,-0.17,15,0.26785714285714285,11,0.13,0.01,4,0.36363636363636365,44,1.87,0.04,24,0.5454545454545454,7,0.2857142857142857,0.5714285714285714,-14.87,-2.12,1,0.14285714285714285,2,-0.39,-0.2,1,0.5,4,-2.82,-0.71,0,0.0,9,4,5,17,10,7,8.8,0.52,0.5294117647058824,0.23529411764705882,0.29411764705882354,0.5882352941176471,0.4117647058823529,32,0.6037735849056604,4.03,0.08,53,5,0.25,-4.88,-0.24,20,401403893,2022,4
2633,Tennessee Volunteers,42,0.6,18,0.5806451612903226,24,0.6153846153846154,12,0.5454545454545454,6,0.6666666666666666,36,0.6101694915254238,59,0.423728813559322,0.576271186440678,24.54,0.42,19,0.3220338983050847,25,14.16,0.57,16,0.64,34,10.38,0.31,20,0.5882352941176471,22,0.5,0.5,12.39,0.56,14,0.6363636363636364,11,8.2,0.75,8,0.7272727272727273,11,4.19,0.38,6,0.5454545454545454,6,2,4,11,6,5,0.68,0.06,0.5454545454545454,0.18181818181818182,0.36363636363636365,0.5454545454545454,0.45454545454545453,35,0.6140350877192983,18.89,0.33,57,7,0.5384615384615384,6.33,0.49,13,401403901,2022,4
57,Florida Gators,42,0.4827586206896552,23,0.5,19,0.4634146341463415,8,0.47058823529411764,9,0.6,28,0.42424242424242425,66,0.5454545454545454,0.45454545454545453,13.56,0.21,20,0.30303030303030304,36,17.72,0.49,16,0.4444444444444444,30,-4.16,-0.14,12,0.4,5,0.6,0.4,-0.15,-0.03,2,0.4,3,-0.37,-0.12,1,0.3333333333333333,2,0.22,0.11,1,0.5,14,7,7,21,10,11,21.65,1.03,0.6666666666666666,0.3333333333333333,0.3333333333333333,0.47619047619047616,0.5238095238095238,29,0.5,22.97,0.4,58,13,0.4482758620689655,12.24,0.42,29,401403901,2022,4
41,UConn Huskies,16,0.3404255319148936,2,0.11764705882352941,14,0.4666666666666667,3,0.6,4,0.3333333333333333,12,0.36363636363636365,33,0.30303030303030304,0.696969696969697,-4.26,-0.13,5,0.15151515151515152,10,-7.04,-0.7,1,0.1,23,2.77,0.12,11,0.4782608695652174,9,0.4444444444444444,0.5555555555555556,-5.44,-0.6,1,0.1111111111111111,4,-4.31,-1.08,0,0.0,5,-1.13,-0.23,1,0.2,4,1,3,14,7,7,-10.13,-0.72,0.2857142857142857,0.07142857142857142,0.21428571428571427,0.5,0.5,11,0.34375,-13.45,-0.42,32,5,0.3333333333333333,-0.95,-0.06,15,401404150,2022,4
152,NC State Wolfpack,44,0.5641025641025641,25,0.5208333333333334,19,0.6333333333333333,8,0.6153846153846154,10,0.7692307692307693,34,0.53125,64,0.625,0.375,11.1,0.17,16,0.25,40,3.96,0.1,20,0.5,24,7.14,0.3,14,0.5833333333333334,12,0.75,0.25,-5.86,-0.49,4,0.3333333333333333,9,-5.83,-0.65,2,0.2222222222222222,3,-0.02,-0.01,2,0.6666666666666666,10,5,5,14,8,6,7.45,0.53,0.7142857142857143,0.35714285714285715,0.35714285714285715,0.5714285714285714,0.42857142857142855,40,0.5970149253731343,20.86,0.31,67,4,0.36363636363636365,-2.32,-0.21,11,401404150,2022,4
9,Arizona State Sun Devils,20,0.35714285714285715,17,0.4146341463414634,3,0.2,2,0.2222222222222222,4,0.36363636363636365,15,0.3488372093023256,43,0.6976744186046512,0.3023255813953488,-15.17,-0.35,10,0.23255813953488372,30,-12.94,-0.43,12,0.4,13,-2.23,-0.17,3,0.23076923076923078,11,0.7272727272727273,0.2727272727272727,-0.94,-0.09,5,0.45454545454545453,8,0.85,0.11,4,0.5,3,-1.8,-0.6,1,0.3333333333333333,5,5,0,13,11,2,-0.08,-0.01,0.38461538461538464,0.38461538461538464,0.0,0.8461538461538461,0.15384615384615385,11,0.34375,-11.87,-0.37,32,9,0.375,-3.37,-0.14,24,401403997,2022,4
254,Utah Utes,36,0.4864864864864865,15,0.5172413793103449,21,0.4666666666666667,10,0.43478260869565216,5,0.3333333333333333,28,0.509090909090909,55,0.34545454545454546,0.6545454545454545,12.14,0.22,14,0.2545454545454545,19,6.51,0.34,9,0.47368421052631576,36,5.63,0.16,19,0.5277777777777778,14,0.6428571428571429,0.35714285714285715,3.81,0.27,8,0.5714285714285714,9,1.49,0.17,4,0.4444444444444444,5,2.32,0.46,4,0.8,8,6,2,19,10,9,-0.01,-0.0,0.42105263157894735,0.3157894736842105,0.10526315789473684,0.5263157894736842,0.47368421052631576,30,0.5172413793103449,14.24,0.25,58,6,0.375,-2.11,-0.13,16,401403997,2022,4
213,Penn State Nittany Lions,28,0.39436619718309857,15,0.375,13,0.41935483870967744,9,0.5,5,0.38461538461538464,21,0.38181818181818183,55,0.509090909090909,0.4909090909090909,4.87,0.09,12,0.21818181818181817,28,3.76,0.13,11,0.39285714285714285,27,1.11,0.04,10,0.37037037037037035,20,0.75,0.25,5.17,0.26,8,0.4,15,0.08,0.01,4,0.26666666666666666,5,5.1,1.02,4,0.8,7,4,3,16,12,4,-0.92,-0.06,0.4375,0.25,0.1875,0.75,0.25,19,0.40425531914893614,1.46,0.03,47,9,0.375,2.49,0.1,24,401405098,2022,4
2117,Central Michigan Chippewas,32,0.4266666666666667,22,0.4074074074074074,10,0.47619047619047616,3,0.3333333333333333,7,0.4666666666666667,22,0.4,55,0.6727272727272727,0.32727272727272727,-2.47,-0.04,10,0.18181818181818182,37,-3.5,-0.09,15,0.40540540540540543,18,1.03,0.06,7,0.3888888888888889,13,0.6923076923076923,0.3076923076923077,3.07,0.24,7,0.5384615384615384,9,-0.46,-0.05,4,0.4444444444444444,4,3.53,0.88,3,0.75,10,7,3,20,17,3,2.5,0.13,0.5,0.35,0.15,0.85,0.15,18,0.375,-4.13,-0.09,48,14,0.5185185185185185,4.16,0.15,27,401405098,2022,4
265,Washington State Cougars,34,0.4788732394366197,25,0.49019607843137253,9,0.45,7,0.5384615384615384,5,0.45454545454545453,28,0.4745762711864407,59,0.711864406779661,0.288135593220339,-2.71,-0.05,16,0.2711864406779661,42,-3.44,-0.08,20,0.47619047619047616,17,0.72,0.04,8,0.47058823529411764,11,0.6363636363636364,0.36363636363636365,3.85,0.35,5,0.45454545454545453,7,3.04,0.43,3,0.42857142857142855,4,0.81,0.2,2,0.5,6,5,1,12,9,3,9.32,0.78,0.5,0.4166666666666667,0.08333333333333333,0.75,0.25,22,0.4782608695652174,0.41,0.01,46,12,0.48,6.19,0.25,25,401403999,2022,4
2483,Oregon Ducks,41,0.5394736842105263,25,0.5555555555555556,16,0.5161290322580645,9,0.36,3,0.2727272727272727,36,0.5714285714285714,63,0.5555555555555556,0.4444444444444444,11.68,0.19,21,0.3333333333333333,35,7.1,0.2,21,0.6,28,4.58,0.16,15,0.5357142857142857,11,0.8181818181818182,0.18181818181818182,7.17,0.65,6,0.5454545454545454,9,7.2,0.8,5,0.5555555555555556,2,-0.03,-0.01,1,0.5,5,4,1,13,10,3,6.17,0.47,0.38461538461538464,0.3076923076923077,0.07692307692307693,0.7692307692307693,0.23076923076923078,33,0.5689655172413793,15.52,0.27,58,8,0.4444444444444444,2.33,0.13,18,401403999,2022,4
145,Ole Miss Rebels,35,0.47297297297297297,8,0.34782608695652173,27,0.5294117647058824,4,0.4,7,0.5,27,0.4576271186440678,59,0.288135593220339,0.711864406779661,14.82,0.25,15,0.2542372881355932,17,5.19,0.31,7,0.4117647058823529,42,9.63,0.23,20,0.47619047619047616,2,0.5,0.5,4.98,2.49,2,1.0,1,4.09,4.09,1,1.0,1,0.89,0.89,1,1.0,8,1,7,15,6,9,2.54,0.17,0.5333333333333333,0.06666666666666667,0.4666666666666667,0.4,0.6,30,0.5263157894736842,20.66,0.36,57,5,0.29411764705882354,-3.31,-0.19,17,401403898,2022,4
202,Tulsa Golden Hurricane,44,0.5641025641025641,16,0.45714285714285713,28,0.6511627906976745,7,0.5833333333333334,5,0.38461538461538464,38,0.6031746031746031,63,0.3492063492063492,0.6507936507936508,19.92,0.32,19,0.30158730158730157,22,10.32,0.47,12,0.5454545454545454,41,9.6,0.23,26,0.6341463414634146,19,0.2631578947368421,0.7368421052631579,7.79,0.41,15,0.7894736842105263,5,-2.32,-0.46,2,0.4,14,10.12,0.72,13,0.9285714285714286,6,4,2,15,13,2,-1.04,-0.07,0.4,0.26666666666666666,0.13333333333333333,0.8666666666666667,0.13333333333333333,38,0.6031746031746031,17.33,0.28,63,6,0.4,1.55,0.1,15,401403898,2022,4
66,Iowa State Cyclones,30,0.47619047619047616,22,0.55,8,0.34782608695652173,2,0.2,8,0.5333333333333333,21,0.45652173913043476,46,0.5652173913043478,0.43478260869565216,-0.69,-0.01,7,0.15217391304347827,26,6.19,0.24,16,0.6153846153846154,20,-6.88,-0.34,5,0.25,13,0.6923076923076923,0.3076923076923077,-0.9,-0.07,7,0.5384615384615384,9,-1.17,-0.13,5,0.5555555555555556,4,0.27,0.07,2,0.5,9,6,3,17,14,3,8.02,0.47,0.5294117647058824,0.35294117647058826,0.17647058823529413,0.8235294117647058,0.17647058823529413,21,0.42857142857142855,2.37,0.05,49,9,0.6428571428571429,4.96,0.35,14,401404080,2022,4
239,Baylor Bears,35,0.5303030303030303,16,0.5714285714285714,19,0.5,7,0.5384615384615384,6,0.46153846153846156,27,0.54,50,0.4,0.6,14.25,0.28,13,0.26,20,11.64,0.58,12,0.6,30,2.61,0.09,15,0.5,7,0.42857142857142855,0.5714285714285714,-7.39,-1.06,1,0.14285714285714285,3,-6.27,-2.09,0,0.0,4,-1.12,-0.28,1,0.25,8,4,4,16,8,8,0.91,0.06,0.5,0.25,0.25,0.5,0.5,26,0.5098039215686274,10.12,0.2,51,9,0.6,5.04,0.34,15,401404080,2022,4
264,Washington Huskies,37,0.5362318840579711,20,0.5405405405405406,17,0.53125,2,0.2,7,0.4666666666666667,29,0.5471698113207547,53,0.5283018867924528,0.4716981132075472,14.31,0.27,12,0.22641509433962265,28,12.35,0.44,16,0.5714285714285714,25,1.96,0.08,13,0.52,15,0.4,0.6,-0.79,-0.05,8,0.5333333333333333,6,-2.06,-0.34,2,0.3333333333333333,9,1.27,0.14,6,0.6666666666666666,8,4,4,16,9,7,-1.12,-0.07,0.5,0.25,0.25,0.5625,0.4375,27,0.5510204081632653,10.57,0.22,49,10,0.5,2.62,0.13,20,401404001,2022,4
24,Stanford Cardinal,25,0.4032258064516129,13,0.38235294117647056,12,0.42857142857142855,2,0.4,6,0.5,18,0.375,48,0.5416666666666666,0.4583333333333333,-3.04,-0.06,8,0.16666666666666666,26,-2.07,-0.08,10,0.38461538461538464,22,-0.97,-0.04,8,0.36363636363636365,3,0.3333333333333333,0.6666666666666666,4.16,1.39,2,0.6666666666666666,1,3.72,3.72,1,1.0,2,0.44,0.22,1,0.5,7,3,4,14,8,6,3.25,0.23,0.5,0.21428571428571427,0.2857142857142857,0.5714285714285714,0.42857142857142855,15,0.3409090909090909,-11.44,-0.26,44,10,0.5555555555555556,11.65,0.65,18,401404001,2022,4
2751,Wyoming Cowboys,27,0.4576271186440678,11,0.3793103448275862,16,0.5333333333333333,5,0.5555555555555556,3,0.2727272727272727,24,0.5106382978723404,47,0.3829787234042553,0.6170212765957447,3.62,0.08,10,0.2127659574468085,18,3.54,0.2,8,0.4444444444444444,29,0.07,0.0,16,0.5517241379310345,4,0.5,0.5,-3.25,-0.81,1,0.25,2,-2.7,-1.35,0,0.0,2,-0.55,-0.28,1,0.5,3,3,0,12,11,1,-7.37,-0.61,0.25,0.25,0.0,0.9166666666666666,0.08333333333333333,22,0.5116279069767442,-2.43,-0.06,43,5,0.3125,-1.33,-0.08,16,401415223,2022,4
252,BYU Cougars,31,0.49206349206349204,17,0.5,14,0.4827586206896552,6,0.46153846153846156,7,0.5384615384615384,24,0.4897959183673469,49,0.4897959183673469,0.5102040816326531,13.38,0.27,10,0.20408163265306123,24,8.52,0.35,12,0.5,25,4.86,0.19,12,0.48,20,0.6,0.4,10.92,0.55,11,0.55,12,7.62,0.63,6,0.5,8,3.31,0.41,5,0.625,7,5,2,14,10,4,10.79,0.77,0.5,0.35714285714285715,0.14285714285714285,0.7142857142857143,0.2857142857142857,19,0.4634146341463415,7.21,0.18,41,12,0.5454545454545454,16.96,0.77,22,401415223,2022,4
2641,Texas Tech Red Raiders,41,0.41,26,0.4482758620689655,15,0.35714285714285715,8,0.38095238095238093,8,0.4,27,0.375,72,0.5972222222222222,0.4027777777777778,3.29,0.05,15,0.20833333333333334,43,7.42,0.17,19,0.4418604651162791,29,-4.13,-0.14,8,0.27586206896551724,14,0.6428571428571429,0.35714285714285715,-2.68,-0.19,7,0.5,9,-4.03,-0.45,3,0.3333333333333333,5,1.35,0.27,4,0.8,14,7,7,28,15,13,13.79,0.49,0.5,0.25,0.25,0.5357142857142857,0.4642857142857143,28,0.4307692307692308,8.59,0.13,65,13,0.37142857142857144,8.49,0.24,35,401404082,2022,4
251,Texas Longhorns,30,0.5,18,0.5806451612903226,12,0.41379310344827586,1,0.25,3,0.3333333333333333,26,0.5306122448979592,49,0.5102040816326531,0.4897959183673469,11.69,0.24,12,0.24489795918367346,25,10.64,0.43,16,0.64,24,1.05,0.04,10,0.4166666666666667,15,0.4,0.6,2.62,0.17,7,0.4666666666666667,6,3.77,0.63,3,0.5,9,-1.14,-0.13,4,0.4444444444444444,4,2,2,11,6,5,-1.77,-0.16,0.36363636363636365,0.18181818181818182,0.18181818181818182,0.5454545454545454,0.45454545454545453,22,0.5,1.11,0.03,44,8,0.5,8.81,0.55,16,401404082,2022,4
221,Pittsburgh Panthers,36,0.5538461538461539,12,0.46153846153846156,24,0.6153846153846154,6,0.46153846153846156,10,0.7142857142857143,25,0.5102040816326531,49,0.42857142857142855,0.5714285714285714,15.87,0.32,8,0.16326530612244897,21,2.99,0.14,10,0.47619047619047616,28,12.88,0.46,15,0.5357142857142857,12,0.5,0.5,2.52,0.21,6,0.5,6,1.83,0.3,3,0.5,6,0.7,0.12,3,0.5,11,2,9,16,5,11,4.34,0.27,0.6875,0.125,0.5625,0.3125,0.6875,27,0.54,15.79,0.32,50,9,0.6,4.42,0.29,15,401411121,2022,4
227,Rhode Island Rams,19,0.37254901960784315,14,0.42424242424242425,5,0.2777777777777778,2,0.2222222222222222,5,0.38461538461538464,12,0.3333333333333333,36,0.5277777777777778,0.4722222222222222,1.99,0.06,5,0.1388888888888889,19,-0.23,-0.01,7,0.3684210526315789,17,2.22,0.13,5,0.29411764705882354,5,0.4,0.6,4.3,0.86,2,0.4,2,4.08,2.04,1,0.5,3,0.22,0.07,1,0.3333333333333333,7,7,0,15,14,1,10.54,0.7,0.4666666666666667,0.4666666666666667,0.0,0.9333333333333333,0.06666666666666667,10,0.3448275862068966,4.68,0.16,29,9,0.4090909090909091,7.84,0.36,22,401411121,2022,4
2390,Miami Hurricanes,38,0.42696629213483145,24,0.43636363636363634,14,0.4117647058823529,7,0.35,9,0.45,25,0.4032258064516129,62,0.5806451612903226,0.41935483870967744,-14.03,-0.23,10,0.16129032258064516,36,-5.17,-0.14,16,0.4444444444444444,26,-8.86,-0.34,9,0.34615384615384615,14,0.5,0.5,1.61,0.12,6,0.42857142857142855,7,0.42,0.06,3,0.42857142857142855,7,1.19,0.17,3,0.42857142857142855,13,8,5,27,19,8,2.66,0.1,0.48148148148148145,0.2962962962962963,0.18518518518518517,0.7037037037037037,0.2962962962962963,23,0.3898305084745763,-8.66,-0.15,59,15,0.5,-2.7,-0.09,30,401426568,2022,4
2393,Middle Tennessee Blue Raiders,26,0.4262295081967213,11,0.4074074074074074,15,0.4411764705882353,5,0.4166666666666667,4,0.3333333333333333,20,0.43478260869565216,46,0.5,0.5,10.77,0.23,7,0.15217391304347827,23,14.29,0.62,10,0.43478260869565216,23,-3.52,-0.15,10,0.43478260869565216,6,0.3333333333333333,0.6666666666666666,-3.98,-0.66,1,0.16666666666666666,2,-2.15,-1.07,0,0.0,4,-1.84,-0.46,1,0.25,6,1,5,15,4,11,-0.66,-0.04,0.4,0.06666666666666667,0.3333333333333333,0.26666666666666666,0.7333333333333333,20,0.46511627906976744,11.88,0.28,43,6,0.3333333333333333,-1.77,-0.1,18,401426568,2022,4
142,Missouri Tigers,28,0.4444444444444444,11,0.39285714285714285,17,0.4857142857142857,6,0.5,6,0.46153846153846156,21,0.42857142857142855,49,0.3877551020408163,0.6122448979591837,-7.65,-0.16,9,0.1836734693877551,19,-3.13,-0.16,8,0.42105263157894735,30,-4.53,-0.15,13,0.43333333333333335,12,0.3333333333333333,0.6666666666666666,2.4,0.2,7,0.5833333333333334,4,-1.31,-0.33,2,0.5,8,3.71,0.46,5,0.625,7,3,4,14,9,5,-0.92,-0.07,0.5,0.21428571428571427,0.2857142857142857,0.6428571428571429,0.35714285714285715,21,0.4666666666666667,-5.85,-0.13,45,7,0.3888888888888889,-2.73,-0.15,18,401403894,2022,4
2,Auburn Tigers,23,0.3484848484848485,11,0.44,12,0.2926829268292683,5,0.7142857142857143,4,0.25,16,0.34782608695652173,46,0.32608695652173914,0.6739130434782609,-7.07,-0.15,8,0.17391304347826086,15,0.67,0.04,8,0.5333333333333333,31,-7.74,-0.25,8,0.25806451612903225,6,0.16666666666666666,0.8333333333333334,0.52,0.09,3,0.5,1,1.14,1.14,1,1.0,5,-0.61,-0.12,2,0.4,7,3,4,20,10,10,-4.13,-0.21,0.35,0.15,0.2,0.5,0.5,17,0.4358974358974359,2.29,0.06,39,6,0.2222222222222222,-13.5,-0.5,27,401403894,2022,4
189,Bowling Green Falcons,21,0.3888888888888889,11,0.39285714285714285,10,0.38461538461538464,2,1.0,3,0.2727272727272727,18,0.4186046511627907,43,0.4418604651162791,0.5581395348837209,3.55,0.08,6,0.13953488372093023,19,5.94,0.31,9,0.47368421052631576,24,-2.39,-0.1,9,0.375,16,0.625,0.375,-2.79,-0.17,6,0.375,10,-0.95,-0.09,4,0.4,6,-1.84,-0.31,2,0.3333333333333333,3,2,1,11,9,2,-1.33,-0.12,0.2727272727272727,0.18181818181818182,0.09090909090909091,0.8181818181818182,0.18181818181818182,15,0.42857142857142855,-1.35,-0.04,35,6,0.3157894736842105,3.57,0.19,19,401403899,2022,4
344,Mississippi State Bulldogs,34,0.53125,29,0.5272727272727272,5,0.5555555555555556,5,0.8333333333333334,4,0.36363636363636365,28,0.5490196078431373,51,0.8627450980392157,0.13725490196078433,9.55,0.19,16,0.3137254901960784,44,10.0,0.23,25,0.5681818181818182,7,-0.44,-0.06,3,0.42857142857142855,7,0.8571428571428571,0.14285714285714285,2.76,0.39,4,0.5714285714285714,6,1.49,0.25,3,0.5,1,1.27,1.27,1,1.0,6,4,2,13,11,2,5.47,0.42,0.46153846153846156,0.3076923076923077,0.15384615384615385,0.8461538461538461,0.15384615384615385,31,0.6458333333333334,22.88,0.48,48,3,0.1875,-7.85,-0.49,16,401403899,2022,4
2567,SMU Mustangs,36,0.4235294117647059,22,0.43137254901960786,14,0.4117647058823529,7,0.5384615384615384,12,0.6,20,0.32786885245901637,61,0.5081967213114754,0.4918032786885246,-16.61,-0.27,10,0.16393442622950818,31,-12.67,-0.41,9,0.2903225806451613,30,-3.93,-0.13,11,0.36666666666666664,6,0.8333333333333334,0.16666666666666666,4.79,0.8,2,0.3333333333333333,5,5.08,1.02,2,0.4,1,-0.28,-0.28,0,0.0,16,13,3,24,20,4,37.94,1.58,0.6666666666666666,0.5416666666666666,0.125,0.8333333333333334,0.16666666666666666,22,0.4230769230769231,0.39,0.01,52,14,0.42424242424242425,20.94,0.63,33,401404078,2022,4
2628,TCU Horned Frogs,29,0.453125,15,0.42857142857142855,14,0.4827586206896552,6,0.75,6,0.5454545454545454,22,0.4230769230769231,52,0.4807692307692308,0.5192307692307693,18.99,0.37,12,0.23076923076923078,25,6.94,0.28,10,0.4,27,12.04,0.45,12,0.4444444444444444,12,0.75,0.25,-0.28,-0.02,4,0.3333333333333333,9,1.55,0.17,4,0.4444444444444444,3,-1.83,-0.61,0,0.0,7,5,2,12,10,2,4.86,0.4,0.5833333333333334,0.4166666666666667,0.16666666666666666,0.8333333333333334,0.16666666666666666,15,0.39473684210526316,7.28,0.19,38,14,0.5384615384615384,16.56,0.64,26,401404078,2022,4
2305,Kansas Jayhawks,33,0.532258064516129,16,0.6666666666666666,17,0.4473684210526316,5,0.5,8,0.8,24,0.48,50,0.32,0.68,15.51,0.31,12,0.24,16,15.0,0.94,8,0.5,34,0.51,0.02,16,0.47058823529411764,8,0.375,0.625,5.55,0.69,4,0.5,3,7.25,2.42,3,1.0,5,-1.7,-0.34,1,0.2,9,8,1,12,8,4,8.8,0.73,0.75,0.6666666666666666,0.08333333333333333,0.6666666666666666,0.3333333333333333,19,0.475,5.38,0.13,40,14,0.6363636363636364,18.93,0.86,22,401404079,2022,4
150,Duke Blue Devils,31,0.43661971830985913,15,0.39473684210526316,16,0.48484848484848486,5,0.5,5,0.35714285714285715,24,0.46153846153846156,52,0.5192307692307693,0.4807692307692308,12.68,0.24,11,0.21153846153846154,27,9.08,0.34,11,0.4074074074074074,25,3.6,0.14,13,0.52,13,0.5384615384615384,0.46153846153846156,4.23,0.33,6,0.46153846153846156,7,3.8,0.54,4,0.5714285714285714,6,0.43,0.07,2,0.3333333333333333,7,4,3,19,11,8,2.16,0.11,0.3684210526315789,0.21052631578947367,0.15789473684210525,0.5789473684210527,0.42105263157894735,23,0.4423076923076923,11.34,0.22,52,8,0.42105263157894735,3.51,0.18,19,401404079,2022,4
58,South Florida Bulls,15,0.2459016393442623,8,0.26666666666666666,7,0.22580645161290322,0,0.0,5,0.3333333333333333,9,0.20454545454545456,44,0.4772727272727273,0.5227272727272727,-24.72,-0.56,5,0.11363636363636363,21,-12.45,-0.59,5,0.23809523809523808,23,-12.27,-0.53,4,0.17391304347826086,10,0.6,0.4,-7.12,-0.71,3,0.3,6,-5.2,-0.87,2,0.3333333333333333,4,-1.92,-0.48,1,0.25,6,3,3,17,9,8,0.85,0.05,0.35294117647058826,0.17647058823529413,0.17647058823529413,0.5294117647058824,0.47058823529411764,9,0.28125,-10.3,-0.32,32,6,0.20689655172413793,-13.58,-0.47,29,401411119,2022,4
97,Louisville Cardinals,30,0.39473684210526316,13,0.41935483870967744,17,0.37777777777777777,3,0.17647058823529413,4,0.3076923076923077,23,0.3898305084745763,59,0.3728813559322034,0.6271186440677966,-0.81,-0.01,20,0.3389830508474576,22,10.06,0.46,13,0.5909090909090909,37,-10.87,-0.29,10,0.2702702702702703,10,0.4,0.6,-3.92,-0.39,4,0.4,4,-0.93,-0.23,2,0.5,6,-2.99,-0.5,2,0.3333333333333333,7,0,7,17,9,8,8.33,0.49,0.4117647058823529,0.0,0.4117647058823529,0.5294117647058824,0.47058823529411764,18,0.391304347826087,-0.13,-0.0,46,12,0.4,7.66,0.26,30,401411119,2022,4
2199,Eastern Michigan Eagles,20,0.4,8,0.4,12,0.4,5,0.38461538461538464,5,0.45454545454545453,14,0.4,35,0.42857142857142855,0.5714285714285714,1.0,0.03,8,0.22857142857142856,15,1.9,0.13,7,0.4666666666666667,20,-0.9,-0.05,7,0.35,17,0.23529411764705882,0.7647058823529411,9.74,0.57,8,0.47058823529411764,4,5.59,1.4,2,0.5,13,4.15,0.32,6,0.46153846153846156,6,1,5,15,5,10,-0.87,-0.06,0.4,0.06666666666666667,0.3333333333333333,0.3333333333333333,0.6666666666666666,17,0.4857142857142857,6.72,0.19,35,3,0.2,-6.59,-0.44,15,401416604,2022,4
2084,Buffalo Bulls,47,0.573170731707317,18,0.6206896551724138,29,0.5471698113207547,10,0.5882352941176471,5,0.38461538461538464,38,0.5846153846153846,65,0.36923076923076925,0.6307692307692307,22.37,0.34,15,0.23076923076923078,24,18.6,0.78,16,0.6666666666666666,41,3.77,0.09,22,0.5365853658536586,3,0.6666666666666666,0.3333333333333333,1.19,0.4,1,0.3333333333333333,2,-0.22,-0.11,0,0.0,1,1.41,1.41,1,1.0,9,2,7,17,5,12,5.78,0.34,0.5294117647058824,0.11764705882352941,0.4117647058823529,0.29411764705882354,0.7058823529411765,41,0.5942028985507246,17.26,0.25,69,6,0.46153846153846156,10.89,0.84,13,401416604,2022,4
26,UCLA Bruins,31,0.5081967213114754,17,0.5666666666666667,14,0.45161290322580644,3,0.5,4,0.4444444444444444,27,0.5294117647058824,51,0.5098039215686274,0.49019607843137253,17.56,0.34,17,0.3333333333333333,26,11.73,0.45,16,0.6153846153846154,25,5.83,0.23,11,0.44,8,0.5,0.5,-0.66,-0.08,2,0.25,4,-0.78,-0.19,1,0.25,4,0.11,0.03,1,0.25,4,1,3,10,4,6,-0.44,-0.04,0.4,0.1,0.3,0.4,0.6,23,0.5,8.9,0.19,46,8,0.5333333333333333,8.22,0.55,15,401403998,2022,4
38,Colorado Buffaloes,32,0.4266666666666667,19,0.41304347826086957,13,0.4482758620689655,4,0.3076923076923077,7,0.4117647058823529,22,0.4074074074074074,54,0.5925925925925926,0.4074074074074074,-8.21,-0.15,9,0.16666666666666666,32,-2.19,-0.07,14,0.4375,22,-6.01,-0.27,8,0.36363636363636365,12,0.6666666666666666,0.3333333333333333,2.24,0.19,5,0.4166666666666667,8,-1.92,-0.24,3,0.375,4,4.16,1.04,2,0.5,10,5,5,21,14,7,10.7,0.51,0.47619047619047616,0.23809523809523808,0.23809523809523808,0.6666666666666666,0.3333333333333333,24,0.4528301886792453,-4.65,-0.09,53,8,0.36363636363636365,7.14,0.32,22,401403998,2022,4
218,Temple Owls,21,0.3559322033898305,12,0.46153846153846156,9,0.2727272727272727,5,0.8333333333333334,3,0.2727272727272727,17,0.3695652173913043,46,0.3695652173913043,0.6304347826086957,-4.31,-0.09,9,0.1956521739130435,17,5.57,0.33,9,0.5294117647058824,29,-9.88,-0.34,8,0.27586206896551724,15,0.3333333333333333,0.6666666666666666,8.18,0.55,10,0.6666666666666666,5,8.64,1.73,5,1.0,10,-0.46,-0.05,5,0.5,4,3,1,13,9,4,-2.87,-0.22,0.3076923076923077,0.23076923076923078,0.07692307692307693,0.6923076923076923,0.3076923076923077,15,0.40540540540540543,2.44,0.07,37,6,0.2727272727272727,-9.62,-0.44,22,401414781,2022,4
113,Massachusetts Minutemen,22,0.30985915492957744,7,0.2413793103448276,15,0.35714285714285715,0,0.0,4,0.23529411764705882,17,0.34,50,0.36,0.64,-17.01,-0.34,8,0.16,18,-12.61,-0.7,6,0.3333333333333333,32,-4.4,-0.14,11,0.34375,8,0.625,0.375,0.11,0.01,4,0.5,5,-0.13,-0.03,2,0.4,3,0.24,0.08,2,0.6666666666666666,5,1,4,21,11,10,-12.87,-0.61,0.23809523809523808,0.047619047619047616,0.19047619047619047,0.5238095238095238,0.47619047619047616,17,0.3953488372093023,-13.24,-0.31,43,5,0.17857142857142858,-16.63,-0.59,28,401414781,2022,4
153,North Carolina Tar Heels,23,0.38333333333333336,13,0.37142857142857144,10,0.4,4,0.3076923076923077,6,0.42857142857142855,15,0.3409090909090909,44,0.5681818181818182,0.4318181818181818,-1.79,-0.04,8,0.18181818181818182,25,5.77,0.23,8,0.32,19,-7.55,-0.4,7,0.3684210526315789,5,0.6,0.4,-7.14,-1.43,0,0.0,3,-2.28,-0.76,0,0.0,2,-4.86,-2.43,0,0.0,8,5,3,16,10,6,14.73,0.92,0.5,0.3125,0.1875,0.625,0.375,17,0.40476190476190477,8.83,0.21,42,6,0.3333333333333333,4.11,0.23,18,401404126,2022,4
87,Notre Dame Fighting Irish,53,0.6385542168674698,22,0.6285714285714286,31,0.6458333333333334,11,0.6111111111111112,9,0.6923076923076923,44,0.6376811594202898,69,0.391304347826087,0.6086956521739131,16.39,0.24,21,0.30434782608695654,27,10.71,0.4,17,0.6296296296296297,42,5.69,0.14,27,0.6428571428571429,23,0.6956521739130435,0.30434782608695654,11.32,0.49,15,0.6521739130434783,16,9.16,0.57,11,0.6875,7,2.16,0.31,4,0.5714285714285714,9,5,4,14,8,6,7.89,0.56,0.6428571428571429,0.35714285714285715,0.2857142857142857,0.5714285714285714,0.42857142857142855,43,0.6323529411764706,13.07,0.19,68,10,0.6666666666666666,11.21,0.75,15,401404126,2022,4
127,Michigan State Spartans,21,0.4772727272727273,15,0.4838709677419355,6,0.46153846153846156,2,0.6666666666666666,2,0.25,18,0.5294117647058824,34,0.7058823529411765,0.29411764705882354,-2.62,-0.08,10,0.29411764705882354,24,4.67,0.19,13,0.5416666666666666,10,-7.29,-0.73,5,0.5,10,0.7,0.3,6.6,0.66,8,0.8,7,5.48,0.78,5,0.7142857142857143,3,1.12,0.37,3,1.0,3,2,1,10,7,3,-1.98,-0.2,0.3,0.2,0.1,0.7,0.3,19,0.6129032258064516,-0.2,-0.01,31,2,0.15384615384615385,-4.4,-0.34,13,401405092,2022,4
135,Minnesota Golden Gophers,40,0.5714285714285714,18,0.6923076923076923,22,0.5,9,0.47368421052631576,10,0.8333333333333334,30,0.5172413793103449,58,0.3793103448275862,0.6206896551724138,9.69,0.17,19,0.3275862068965517,22,12.55,0.57,15,0.6818181818181818,36,-2.85,-0.08,15,0.4166666666666667,6,0.3333333333333333,0.6666666666666666,0.64,0.11,2,0.3333333333333333,2,-0.08,-0.04,1,0.5,4,0.72,0.18,1,0.25,10,3,7,12,4,8,11.71,0.98,0.8333333333333334,0.25,0.5833333333333334,0.3333333333333333,0.6666666666666666,26,0.52,6.11,0.12,50,14,0.7,15.3,0.76,20,401405092,2022,4
2132,Cincinnati Bearcats,24,0.34782608695652173,18,0.43902439024390244,6,0.21428571428571427,3,0.3,5,0.3333333333333333,19,0.3584905660377358,53,0.5283018867924528,0.4716981132075472,-1.08,-0.02,9,0.16981132075471697,28,7.45,0.27,14,0.5,25,-8.53,-0.34,5,0.2,11,0.6363636363636364,0.36363636363636365,4.2,0.38,7,0.6363636363636364,7,4.79,0.68,5,0.7142857142857143,4,-0.59,-0.15,2,0.5,5,4,1,16,13,3,-1.97,-0.12,0.3125,0.25,0.0625,0.8125,0.1875,18,0.391304347826087,3.7,0.08,46,6,0.2608695652173913,-6.76,-0.29,23,401405096,2022,4
84,Indiana Hoosiers,34,0.3333333333333333,24,0.34782608695652173,10,0.3125,6,0.4,12,0.48,22,0.3055555555555556,72,0.625,0.3611111111111111,-19.06,-0.26,8,0.1111111111111111,45,-3.49,-0.08,16,0.35555555555555557,26,-8.49,-0.33,6,0.23076923076923078,12,0.5,0.4166666666666667,-4.1,-0.34,6,0.5,6,2.94,0.49,4,0.6666666666666666,5,0.03,0.01,2,0.4,12,8,4,30,24,6,-8.6,-0.29,0.4,0.26666666666666666,0.13333333333333333,0.8,0.2,18,0.3333333333333333,-10.88,-0.2,54,16,0.3333333333333333,-16.79,-0.35,48,401405096,2022,4
2026,Appalachian State Mountaineers,23,0.3709677419354839,13,0.40625,10,0.3333333333333333,7,0.7777777777777778,5,0.4166666666666667,18,0.375,48,0.4791666666666667,0.5208333333333334,-1.49,-0.03,9,0.1875,23,1.4,0.06,9,0.391304347826087,25,-2.89,-0.12,9,0.36,12,0.4166666666666667,0.5833333333333334,1.33,0.11,4,0.3333333333333333,5,6.67,1.33,3,0.6,7,-5.34,-0.76,1,0.14285714285714285,5,4,1,14,9,5,-2.33,-0.17,0.35714285714285715,0.2857142857142857,0.07142857142857142,0.6428571428571429,0.35714285714285715,13,0.34210526315789475,-10.49,-0.28,38,10,0.4166666666666667,6.67,0.28,24,401415037,2022,4
256,James Madison Dukes,34,0.4857142857142857,13,0.43333333333333335,21,0.525,5,0.35714285714285715,4,0.3076923076923077,27,0.5192307692307693,52,0.38461538461538464,0.6153846153846154,11.24,0.22,13,0.25,20,10.42,0.52,10,0.5,32,0.82,0.03,17,0.53125,7,0.5714285714285714,0.42857142857142855,-0.38,-0.05,2,0.2857142857142857,4,0.52,0.13,1,0.25,3,-0.9,-0.3,1,0.3333333333333333,7,3,4,18,10,8,-6.93,-0.38,0.3888888888888889,0.16666666666666666,0.2222222222222222,0.5555555555555556,0.4444444444444444,25,0.5,-2.45,-0.05,50,9,0.45,6.76,0.34,20,401415037,2022,4
21,San Diego State Aztecs,21,0.375,8,0.32,13,0.41935483870967744,3,1.0,2,0.16666666666666666,19,0.4318181818181818,44,0.36363636363636365,0.6363636363636364,0.58,0.01,11,0.25,16,-6.14,-0.38,6,0.375,28,6.72,0.24,13,0.4642857142857143,9,0.4444444444444444,0.5555555555555556,-4.11,-0.46,2,0.2222222222222222,4,-1.45,-0.36,1,0.25,5,-2.66,-0.53,1,0.2,2,2,0,12,9,3,-10.23,-0.85,0.16666666666666666,0.16666666666666666,0.0,0.75,0.25,14,0.42424242424242425,-2.08,-0.06,33,7,0.30434782608695654,-7.56,-0.33,23,401415224,2022,4
2649,Toledo Rockets,31,0.4305555555555556,19,0.4523809523809524,12,0.4,5,0.4166666666666667,5,0.4166666666666667,26,0.43333333333333335,60,0.5166666666666667,0.48333333333333334,-12.9,-0.21,16,0.26666666666666666,31,-6.29,-0.2,15,0.4838709677419355,29,-6.61,-0.23,11,0.3793103448275862,6,0.3333333333333333,0.6666666666666666,-2.07,-0.35,4,0.6666666666666666,2,-2.4,-1.2,1,0.5,4,0.33,0.08,3,0.75,5,4,1,12,11,1,2.16,0.18,0.4166666666666667,0.3333333333333333,0.08333333333333333,0.9166666666666666,0.08333333333333333,22,0.4489795918367347,-7.37,-0.15,49,9,0.391304347826087,-3.36,-0.15,23,401415224,2022,4
98,Western Kentucky Hilltoppers,41,0.5774647887323944,28,0.6086956521739131,13,0.52,7,0.4666666666666667,4,0.5,37,0.5967741935483871,62,0.6290322580645161,0.3709677419354839,26.66,0.43,23,0.3709677419354839,39,17.91,0.46,24,0.6153846153846154,23,8.75,0.38,13,0.5652173913043478,21,0.7619047619047619,0.23809523809523808,5.11,0.24,15,0.7142857142857143,16,4.36,0.27,12,0.75,5,0.76,0.15,3,0.6,4,4,0,9,7,2,6.28,0.7,0.4444444444444444,0.4444444444444444,0.0,0.7777777777777778,0.2222222222222222,31,0.5961538461538461,21.93,0.42,52,10,0.5263157894736842,11.01,0.58,19,401426565,2022,4
2229,Florida International Panthers,19,0.2676056338028169,11,0.3055555555555556,8,0.24242424242424243,,,4,0.23529411764705882,13,0.26,50,0.48,0.48,-25.2,-0.5,5,0.1,24,-9.3,-0.39,7,0.2916666666666667,24,-7.88,-0.33,6,0.25,13,0.38461538461538464,0.5384615384615384,-5.31,-0.41,3,0.23076923076923078,5,-1.22,-0.24,1,0.2,7,-4.02,-0.57,2,0.2857142857142857,6,4,2,21,12,9,-7.29,-0.35,0.2857142857142857,0.19047619047619047,0.09523809523809523,0.5714285714285714,0.42857142857142855,11,0.2682926829268293,-22.34,-0.54,41,8,0.26666666666666666,-10.16,-0.34,30,401426565,2022,4
249,North Texas Mean Green,34,0.43037974683544306,24,0.47058823529411764,10,0.35714285714285715,5,0.625,3,0.21428571428571427,31,0.484375,64,0.625,0.375,18.13,0.28,15,0.234375,40,22.25,0.56,22,0.55,24,-4.12,-0.17,9,0.375,20,0.6,0.4,-5.4,-0.27,9,0.45,12,-3.35,-0.28,6,0.5,8,-2.05,-0.26,3,0.375,3,2,1,15,11,4,-26.47,-1.76,0.2,0.13333333333333333,0.06666666666666667,0.7333333333333333,0.26666666666666666,21,0.3684210526315789,-13.41,-0.24,57,13,0.5909090909090909,5.07,0.23,22,401426569,2022,4
235,Memphis Tigers,32,0.45714285714285713,11,0.3548387096774194,21,0.5384615384615384,6,0.6666666666666666,2,0.16666666666666666,30,0.5263157894736842,57,0.40350877192982454,0.5964912280701754,5.32,0.09,14,0.24561403508771928,23,-0.9,-0.04,11,0.4782608695652174,34,6.23,0.18,19,0.5588235294117647,5,0.8,0.2,-3.69,-0.74,0,0.0,4,-3.45,-0.86,0,0.0,1,-0.24,-0.24,0,0.0,2,0,2,13,8,5,-14.07,-1.08,0.15384615384615385,0.0,0.15384615384615385,0.6153846153846154,0.38461538461538464,30,0.5357142857142857,-0.75,-0.01,56,2,0.14285714285714285,-8.01,-0.57,14,401426569,2022,4
2640,Texas Southern Tigers,32,0.3950617283950617,13,0.3939393939393939,19,0.3958333333333333,4,0.4444444444444444,9,0.45,23,0.38333333333333336,60,0.4166666666666667,0.5833333333333334,6.97,0.12,12,0.2,25,6.23,0.25,10,0.4,35,0.74,0.02,13,0.37142857142857144,18,0.4444444444444444,0.5555555555555556,10.03,0.56,11,0.6111111111111112,8,5.31,0.66,4,0.5,10,4.72,0.47,7,0.7,9,3,6,21,8,13,-5.83,-0.28,0.42857142857142855,0.14285714285714285,0.2857142857142857,0.38095238095238093,0.6190476190476191,22,0.4074074074074074,0.55,0.01,54,10,0.37037037037037035,0.6,0.02,27,401426572,2022,4
2636,UTSA Roadrunners,31,0.5081967213114754,21,0.6176470588235294,10,0.37037037037037035,3,0.75,2,0.25,28,0.5490196078431373,51,0.5294117647058824,0.47058823529411764,10.75,0.21,15,0.29411764705882354,27,17.03,0.63,19,0.7037037037037037,24,-6.28,-0.26,9,0.375,3,1.0,0.0,5.84,1.95,2,0.6666666666666666,3,5.84,1.95,2,0.6666666666666666,,,,,,3,2,1,10,7,3,-2.17,-0.22,0.3,0.2,0.1,0.7,0.3,26,0.5652173913043478,11.35,0.25,46,5,0.3333333333333333,-2.77,-0.18,15,401426572,2022,4
2116,UCF Knights,29,0.42028985507246375,4,0.23529411764705882,25,0.49019607843137253,5,0.3125,5,0.3125,22,0.43137254901960786,51,0.17647058823529413,0.803921568627451,2.69,0.05,11,0.21568627450980393,9,-2.56,-0.28,3,0.3333333333333333,41,6.08,0.15,19,0.4634146341463415,8,0.375,0.625,-1.5,-0.19,2,0.25,3,-2.19,-0.73,0,0.0,5,0.69,0.14,2,0.4,7,1,6,18,8,10,-2.82,-0.16,0.3888888888888889,0.05555555555555555,0.3333333333333333,0.4444444444444444,0.5555555555555556,26,0.49056603773584906,6.4,0.12,53,3,0.1875,-6.53,-0.41,16,401411122,2022,4
59,Georgia Tech Yellow Jackets,26,0.4126984126984127,15,0.4166666666666667,11,0.4074074074074074,0,0.0,4,0.3076923076923077,22,0.46808510638297873,47,0.5106382978723404,0.48936170212765956,3.55,0.08,16,0.3404255319148936,24,4.74,0.2,13,0.5416666666666666,23,-1.19,-0.05,9,0.391304347826087,12,0.75,0.25,-0.82,-0.07,5,0.4166666666666667,9,-0.68,-0.08,3,0.3333333333333333,3,-0.14,-0.05,2,0.6666666666666666,4,2,2,16,12,4,-10.68,-0.67,0.25,0.125,0.125,0.75,0.25,15,0.4411764705882353,-3.63,-0.11,34,11,0.3793103448275862,-3.51,-0.12,29,401411122,2022,4
36,Colorado State Rams,18,0.35294117647058826,8,0.3333333333333333,10,0.37037037037037035,0,0.0,3,0.23076923076923078,14,0.4,35,0.4,0.6,3.53,0.1,5,0.14285714285714285,14,6.6,0.47,6,0.42857142857142855,21,-3.07,-0.15,8,0.38095238095238093,1,1.0,0.0,5.43,5.43,1,1.0,1,5.43,5.43,1,1.0,,,,,,4,2,2,16,10,6,-11.02,-0.69,0.25,0.125,0.125,0.625,0.375,11,0.34375,-6.84,-0.21,32,7,0.3684210526315789,-0.66,-0.03,19,401415221,2022,4
16,Sacramento State Hornets,41,0.5540540540540541,19,0.5428571428571428,22,0.5641025641025641,11,0.5789473684210527,8,0.6666666666666666,32,0.5245901639344263,61,0.4262295081967213,0.5737704918032787,4.44,0.07,16,0.26229508196721313,26,2.11,0.08,13,0.5,35,2.33,0.07,19,0.5428571428571428,14,0.5,0.5,0.5,0.04,9,0.6428571428571429,7,-1.2,-0.17,4,0.5714285714285714,7,1.69,0.24,5,0.7142857142857143,9,6,3,13,9,4,9.34,0.72,0.6923076923076923,0.46153846153846156,0.23076923076923078,0.6923076923076923,0.3076923076923077,31,0.5849056603773585,10.23,0.19,53,10,0.47619047619047616,3.56,0.17,21,401415221,2022,4
25,California Golden Bears,38,0.5846153846153846,15,0.5357142857142857,23,0.6216216216216216,6,0.6666666666666666,5,0.5555555555555556,32,0.5818181818181818,55,0.36363636363636365,0.6363636363636364,27.49,0.5,14,0.2545454545454545,20,9.53,0.48,11,0.55,35,17.96,0.51,21,0.6,9,0.4444444444444444,0.5555555555555556,4.8,0.53,6,0.6666666666666666,4,3.74,0.94,3,0.75,5,1.06,0.21,3,0.6,6,4,2,10,8,2,6.47,0.65,0.6,0.4,0.2,0.8,0.2,29,0.6170212765957447,25.29,0.54,47,9,0.5,8.66,0.48,18,401403996,2022,4
12,Arizona Wildcats,35,0.49295774647887325,22,0.46808510638297873,13,0.5416666666666666,4,0.5,3,0.3,31,0.5166666666666667,60,0.6166666666666667,0.38333333333333336,18.63,0.31,23,0.38333333333333336,37,13.28,0.36,18,0.4864864864864865,23,5.35,0.23,13,0.5652173913043478,13,0.6153846153846154,0.38461538461538464,-1.44,-0.11,4,0.3076923076923077,8,0.6,0.07,3,0.375,5,-2.04,-0.41,1,0.2,4,4,0,11,10,1,-2.29,-0.21,0.36363636363636365,0.36363636363636365,0.0,0.9090909090909091,0.09090909090909091,24,0.5217391304347826,6.83,0.15,46,11,0.44,9.51,0.38,25,401403996,2022,4
2335,Liberty Flames,24,0.375,11,0.36666666666666664,13,0.38235294117647056,3,0.6,7,0.4375,16,0.3404255319148936,47,0.40425531914893614,0.5957446808510638,-8.0,-0.17,9,0.19148936170212766,19,-0.39,-0.02,6,0.3157894736842105,28,-7.61,-0.27,10,0.35714285714285715,6,0.5,0.5,-3.66,-0.61,2,0.3333333333333333,3,-2.96,-0.99,0,0.0,3,-0.7,-0.23,2,0.6666666666666666,8,5,3,17,11,6,6.72,0.4,0.47058823529411764,0.29411764705882354,0.17647058823529413,0.6470588235294118,0.35294117647058826,16,0.43243243243243246,2.22,0.06,37,8,0.2962962962962963,-3.51,-0.13,27,401404160,2022,4
2006,Akron Zips,28,0.3684210526315789,19,0.35185185185185186,9,0.4090909090909091,2,0.2222222222222222,5,0.29411764705882354,22,0.39285714285714285,56,0.6607142857142857,0.3392857142857143,-10.32,-0.18,12,0.21428571428571427,37,-7.1,-0.19,14,0.3783783783783784,19,-3.22,-0.17,8,0.42105263157894735,23,0.7391304347826086,0.2608695652173913,3.87,0.17,10,0.43478260869565216,17,5.75,0.34,8,0.47058823529411764,6,-1.88,-0.31,2,0.3333333333333333,6,5,1,20,17,3,-6.22,-0.31,0.3,0.25,0.05,0.85,0.15,19,0.41304347826086957,-7.11,-0.15,46,9,0.3,-9.43,-0.31,30,401404160,2022,4
290,Georgia Southern Eagles,33,0.42857142857142855,17,0.4146341463414634,16,0.4444444444444444,6,0.5,9,0.5625,23,0.3898305084745763,59,0.4745762711864407,0.5254237288135594,4.58,0.08,12,0.2033898305084746,28,2.67,0.1,11,0.39285714285714285,31,1.9,0.06,12,0.3870967741935484,6,0.8333333333333334,0.16666666666666666,0.36,0.06,3,0.5,5,1.23,0.25,3,0.6,1,-0.87,-0.87,0,0.0,10,6,4,18,13,5,10.78,0.6,0.5555555555555556,0.3333333333333333,0.2222222222222222,0.7222222222222222,0.2777777777777778,23,0.41818181818181815,1.25,0.02,55,10,0.45454545454545453,14.1,0.64,22,401416605,2022,4
2050,Ball State Cardinals,32,0.41025641025641024,22,0.46808510638297873,10,0.3225806451612903,5,0.3333333333333333,6,0.4,25,0.4032258064516129,62,0.5645161290322581,0.43548387096774194,-0.47,-0.01,15,0.24193548387096775,35,7.56,0.22,18,0.5142857142857142,27,-8.03,-0.3,7,0.25925925925925924,21,0.5238095238095238,0.47619047619047616,3.13,0.15,8,0.38095238095238093,11,5.87,0.53,6,0.5454545454545454,10,-2.73,-0.27,2,0.2,7,4,3,16,12,4,10.94,0.68,0.4375,0.25,0.1875,0.75,0.25,18,0.35294117647058826,-6.2,-0.12,51,14,0.5185185185185185,16.67,0.62,27,401416605,2022,4
295,Old Dominion Monarchs,21,0.3684210526315789,13,0.3939393939393939,8,0.3333333333333333,2,1.0,4,0.2857142857142857,17,0.40476190476190477,42,0.5238095238095238,0.47619047619047616,4.68,0.11,7,0.16666666666666666,22,9.27,0.42,9,0.4090909090909091,20,-4.59,-0.23,8,0.4,10,0.7,0.3,3.99,0.4,4,0.4,7,3.52,0.5,2,0.2857142857142857,3,0.47,0.16,2,0.6666666666666666,4,4,0,15,11,4,-4.82,-0.32,0.26666666666666666,0.26666666666666666,0.0,0.7333333333333333,0.26666666666666666,15,0.4166666666666667,-5.81,-0.16,36,6,0.2857142857142857,5.66,0.27,21,401426335,2022,4
2032,Arkansas State Red Wolves,37,0.4625,21,0.525,16,0.4,2,1.0,7,0.4666666666666667,28,0.45161290322580644,62,0.43548387096774194,0.5645161290322581,3.98,0.06,14,0.22580645161290322,27,11.09,0.41,16,0.5925925925925926,35,-7.11,-0.2,12,0.34285714285714286,4,0.75,0.25,5.45,1.36,3,0.75,3,5.8,1.93,3,1.0,1,-0.35,-0.35,0,0.0,9,5,4,18,13,5,-0.75,-0.04,0.5,0.2777777777777778,0.2222222222222222,0.7222222222222222,0.2777777777777778,25,0.46296296296296297,6.67,0.12,54,12,0.46153846153846156,-3.44,-0.13,26,401426335,2022,4
242,Rice Owls,31,0.49206349206349204,17,0.425,14,0.6363636363636364,3,0.42857142857142855,4,0.36363636363636365,26,0.5098039215686274,51,0.6078431372549019,0.39215686274509803,4.06,0.08,12,0.23529411764705882,31,2.21,0.07,14,0.45161290322580644,20,1.85,0.09,12,0.6,10,0.7,0.3,2.16,0.22,3,0.3,7,0.95,0.14,2,0.2857142857142857,3,1.2,0.4,1,0.3333333333333333,5,3,2,12,9,2,-3.64,-0.3,0.4166666666666667,0.25,0.16666666666666666,0.75,0.16666666666666666,25,0.5555555555555556,2.2,0.05,45,6,0.3333333333333333,-1.79,-0.1,18,401426570,2022,4
248,Houston Cougars,28,0.49122807017543857,14,0.5185185185185185,14,0.4666666666666667,2,0.5,6,0.5,22,0.5,44,0.45454545454545453,0.5454545454545454,10.82,0.25,9,0.20454545454545456,20,5.18,0.26,11,0.55,24,5.64,0.24,11,0.4583333333333333,9,0.5555555555555556,0.4444444444444444,6.35,0.71,6,0.6666666666666666,5,4.45,0.89,4,0.8,4,1.9,0.47,2,0.5,6,3,3,13,7,6,1.23,0.09,0.46153846153846156,0.23076923076923078,0.23076923076923078,0.5384615384615384,0.46153846153846156,19,0.5,6.79,0.18,38,9,0.47368421052631576,5.26,0.28,19,401426570,2022,4
164,Rutgers Scarlet Knights,28,0.3835616438356164,20,0.38461538461538464,8,0.4,3,0.2727272727272727,5,0.3125,21,0.39622641509433965,53,0.6792452830188679,0.32075471698113206,-6.89,-0.13,12,0.22641509433962265,36,-6.09,-0.17,15,0.4166666666666667,17,-0.8,-0.05,6,0.35294117647058826,,,,,,,,,,,,,,,,,,7,5,2,20,16,3,-11.11,-0.56,0.35,0.25,0.1,0.8,0.15,19,0.40425531914893614,-9.19,-0.2,47,9,0.34615384615384615,-8.81,-0.34,26,401405091,2022,4
2294,Iowa Hawkeyes,23,0.42592592592592593,7,0.35,16,0.47058823529411764,1,0.16666666666666666,1,0.1111111111111111,22,0.4888888888888889,45,0.28888888888888886,0.7111111111111111,1.19,0.03,13,0.28888888888888886,13,1.29,0.1,6,0.46153846153846156,32,-0.1,-0.0,16,0.5,11,0.36363636363636365,0.6363636363636364,-0.24,-0.02,5,0.45454545454545453,4,-0.34,-0.09,2,0.5,7,0.1,0.01,3,0.42857142857142855,1,1,0,9,7,2,-7.83,-0.87,0.1111111111111111,0.1111111111111111,0.0,0.7777777777777778,0.2222222222222222,20,0.5555555555555556,1.5,0.04,36,3,0.16666666666666666,-8.14,-0.45,18,401405091,2022,4
2572,Southern Miss Golden Eagles,23,0.46,13,0.52,10,0.4,0,0.0,4,0.3333333333333333,18,0.5,36,0.5277777777777778,0.4722222222222222,2.52,0.07,8,0.2222222222222222,19,6.61,0.35,11,0.5789473684210527,17,-4.09,-0.24,7,0.4117647058823529,3,1.0,0.0,-2.53,-0.84,0,0.0,3,-2.53,-0.84,0,0.0,,,,,,5,2,3,14,6,8,-5.07,-0.36,0.35714285714285715,0.14285714285714285,0.21428571428571427,0.42857142857142855,0.5714285714285714,19,0.5277777777777778,2.76,0.08,36,4,0.2857142857142857,-5.31,-0.38,14,401415040,2022,4
2655,Tulane Green Wave,35,0.4605263157894737,14,0.42424242424242425,21,0.4883720930232558,2,0.25,6,0.375,28,0.49122807017543857,57,0.43859649122807015,0.5614035087719298,14.25,0.25,16,0.2807017543859649,25,10.91,0.44,14,0.56,32,3.34,0.1,14,0.4375,15,0.26666666666666666,0.7333333333333333,2.15,0.14,8,0.5333333333333333,4,0.27,0.07,2,0.5,11,1.88,0.17,6,0.5454545454545454,7,0,7,19,8,11,-12.69,-0.67,0.3684210526315789,0.0,0.3684210526315789,0.42105263157894735,0.5789473684210527,27,0.4909090909090909,3.48,0.06,55,8,0.38095238095238093,-1.92,-0.09,21,401415040,2022,4
2277,Houston Christian Huskies,16,0.2962962962962963,10,0.2564102564102564,6,0.4,,,4,0.2857142857142857,12,0.3076923076923077,39,0.6666666666666666,0.3333333333333333,-14.92,-0.38,3,0.07692307692307693,26,-12.77,-0.49,8,0.3076923076923077,13,-2.15,-0.17,4,0.3076923076923077,8,0.75,0.25,-0.41,-0.05,4,0.5,6,-1.64,-0.27,2,0.3333333333333333,2,1.23,0.62,2,1.0,4,2,2,15,13,2,-8.0,-0.53,0.26666666666666666,0.13333333333333333,0.13333333333333333,0.8666666666666667,0.13333333333333333,12,0.375,-11.5,-0.36,32,4,0.18181818181818182,-11.42,-0.52,22,401418793,2022,4
326,Texas State Bobcats,37,0.47435897435897434,19,0.4418604651162791,18,0.5142857142857142,4,0.4,6,0.42857142857142855,28,0.45901639344262296,61,0.5573770491803278,0.4426229508196721,8.57,0.14,16,0.26229508196721313,34,10.68,0.31,16,0.47058823529411764,27,-2.11,-0.08,12,0.4444444444444444,9,0.6666666666666666,0.3333333333333333,-1.24,-0.14,4,0.4444444444444444,6,-2.42,-0.4,2,0.3333333333333333,3,1.17,0.39,2,0.6666666666666666,9,3,6,17,9,8,3.64,0.21,0.5294117647058824,0.17647058823529413,0.35294117647058826,0.5294117647058824,0.47058823529411764,28,0.509090909090909,7.3,0.13,55,9,0.391304347826087,4.91,0.21,23,401418793,2022,4
276,Marshall Thundering Herd,23,0.34328358208955223,5,0.2,18,0.43902439024390244,2,0.3333333333333333,8,0.4444444444444444,15,0.3125,48,0.2916666666666667,0.6875,-23.93,-0.5,4,0.08333333333333333,14,-9.39,-0.67,3,0.21428571428571427,33,-5.99,-0.18,12,0.36363636363636365,17,0.35294117647058826,0.6470588235294118,-0.56,-0.03,8,0.47058823529411764,6,-1.3,-0.22,2,0.3333333333333333,11,0.74,0.07,6,0.5454545454545454,8,2,6,19,11,8,-1.88,-0.1,0.42105263157894735,0.10526315789473684,0.3157894736842105,0.5789473684210527,0.42105263157894735,16,0.42105263157894735,-6.27,-0.16,38,7,0.2413793103448276,-19.54,-0.67,29,401426393,2022,4
2653,Troy Trojans,16,0.2909090909090909,8,0.2857142857142857,8,0.2962962962962963,3,0.2727272727272727,4,0.2857142857142857,11,0.28205128205128205,39,0.41025641025641024,0.5897435897435898,-1.82,-0.05,7,0.1794871794871795,16,6.21,0.39,5,0.3125,23,-8.04,-0.35,6,0.2608695652173913,3,0.6666666666666666,0.3333333333333333,-2.2,-0.73,0,0.0,2,-1.58,-0.79,0,0.0,1,-0.62,-0.62,0,0.0,5,3,2,16,12,4,-8.13,-0.51,0.3125,0.1875,0.125,0.75,0.25,13,0.3333333333333333,-2.93,-0.08,39,3,0.1875,-7.03,-0.44,16,401426393,2022,4
2348,Louisiana Tech Bulldogs,21,0.3333333333333333,15,0.39473684210526316,6,0.24,1,0.14285714285714285,3,0.2727272727272727,16,0.32653061224489793,49,0.5102040816326531,0.4897959183673469,-15.44,-0.32,11,0.22448979591836735,25,-8.61,-0.34,10,0.4,24,-6.83,-0.28,6,0.25,15,0.3333333333333333,0.6666666666666666,-16.52,-1.1,5,0.3333333333333333,5,-15.36,-3.07,1,0.2,10,-1.16,-0.12,4,0.4,5,5,0,14,13,1,3.97,0.28,0.35714285714285715,0.35714285714285715,0.0,0.9285714285714286,0.07142857142857142,14,0.34146341463414637,-8.36,-0.2,41,7,0.3181818181818182,-3.1,-0.14,22,401426567,2022,4
6,South Alabama Jaguars,25,0.4166666666666667,12,0.46153846153846156,13,0.38235294117647056,4,0.5,5,0.5,20,0.4,50,0.38,0.62,5.35,0.11,15,0.3,19,2.98,0.16,9,0.47368421052631576,31,2.37,0.08,11,0.3548387096774194,12,0.5833333333333334,0.4166666666666667,0.19,0.02,4,0.3333333333333333,7,0.31,0.04,2,0.2857142857142857,5,-0.12,-0.02,2,0.4,5,3,2,10,7,3,6.17,0.62,0.5,0.3,0.2,0.7,0.3,15,0.38461538461538464,0.37,0.01,39,10,0.47619047619047616,11.14,0.53,21,401426567,2022,4
167,New Mexico Lobos,9,0.2727272727272727,4,0.36363636363636365,5,0.22727272727272727,,,2,0.2,7,0.30434782608695654,23,0.30434782608695654,0.6956521739130435,-7.11,-0.31,1,0.043478260869565216,7,-1.29,-0.18,3,0.42857142857142855,16,-5.82,-0.36,4,0.25,4,0.25,0.75,-1.53,-0.38,2,0.5,1,-0.72,-0.72,0,0.0,3,-0.81,-0.27,2,0.6666666666666666,2,1,1,10,4,6,-7.97,-0.8,0.2,0.1,0.1,0.4,0.6,5,0.23809523809523808,-10.36,-0.49,21,4,0.3333333333333333,-4.72,-0.39,12,401403897,2022,4
99,LSU Tigers,48,0.6075949367088608,28,0.6666666666666666,20,0.5405405405405406,9,0.75,8,0.6666666666666666,38,0.59375,64,0.515625,0.484375,17.38,0.27,17,0.265625,33,15.19,0.46,23,0.696969696969697,31,2.19,0.07,15,0.4838709677419355,18,0.5555555555555556,0.4444444444444444,4.9,0.27,10,0.5555555555555556,10,-0.5,-0.05,6,0.6,8,5.4,0.67,4,0.5,10,5,5,15,9,6,10.73,0.72,0.6666666666666666,0.3333333333333333,0.3333333333333333,0.6,0.4,41,0.6212121212121212,28.49,0.43,66,7,0.5384615384615384,-0.38,-0.03,13,401403897,2022,4
193,Miami (OH) RedHawks,25,0.4098360655737705,5,0.22727272727272727,20,0.5128205128205128,2,0.5,7,0.4666666666666667,18,0.4,45,0.3333333333333333,0.6666666666666666,-2.69,-0.06,5,0.1111111111111111,15,-4.21,-0.28,4,0.26666666666666666,30,1.52,0.05,14,0.4666666666666667,5,0.4,0.6,0.72,0.14,1,0.2,2,1.97,0.98,1,0.5,3,-1.25,-0.42,0,0.0,7,1,6,16,7,9,-6.75,-0.42,0.4375,0.0625,0.375,0.4375,0.5625,17,0.4594594594594595,-0.71,-0.02,37,8,0.3333333333333333,-8.72,-0.36,24,401405093,2022,4
77,Northwestern Wildcats,31,0.4189189189189189,19,0.4318181818181818,12,0.4,7,0.875,8,0.47058823529411764,22,0.4,55,0.5272727272727272,0.4727272727272727,-3.64,-0.07,10,0.18181818181818182,29,-0.46,-0.02,14,0.4827586206896552,26,-3.19,-0.12,8,0.3076923076923077,14,0.7142857142857143,0.2857142857142857,-6.12,-0.44,2,0.14285714285714285,10,-4.31,-0.43,2,0.2,4,-1.81,-0.45,0,0.0,9,5,4,19,15,4,-2.38,-0.13,0.47368421052631576,0.2631578947368421,0.21052631578947367,0.7894736842105263,0.21052631578947367,25,0.49019607843137253,2.9,0.06,51,6,0.2608695652173913,-8.92,-0.39,23,401405093,2022,4
2429,Charlotte 49ers,27,0.421875,17,0.4722222222222222,10,0.35714285714285715,2,0.4,9,0.6428571428571429,18,0.36,50,0.54,0.46,-19.31,-0.39,8,0.16,27,-13.54,-0.5,10,0.37037037037037035,23,-5.77,-0.25,8,0.34782608695652173,5,0.6,0.4,-4.73,-0.95,0,0.0,3,-4.0,-1.33,0,0.0,2,-0.73,-0.37,0,0.0,9,7,2,14,9,5,13.21,0.94,0.6428571428571429,0.5,0.14285714285714285,0.6428571428571429,0.35714285714285715,18,0.43902439024390244,-11.18,-0.27,41,9,0.391304347826087,5.08,0.22,23,401426564,2022,4
2579,South Carolina Gamecocks,42,0.6363636363636364,15,0.5555555555555556,27,0.6923076923076923,13,0.5416666666666666,6,0.75,35,0.6140350877192983,57,0.40350877192982454,0.5964912280701754,19.89,0.35,18,0.3157894736842105,23,4.28,0.19,13,0.5652173913043478,34,15.62,0.46,22,0.6470588235294118,13,0.7692307692307693,0.23076923076923078,12.11,0.93,9,0.6923076923076923,10,5.44,0.54,6,0.6,3,6.67,2.22,3,1.0,7,2,5,9,4,5,13.1,1.46,0.7777777777777778,0.2222222222222222,0.5555555555555556,0.4444444444444444,0.5555555555555556,34,0.6071428571428571,19.44,0.35,56,8,0.8,13.56,1.36,10,401426564,2022,4
2226,Florida Atlantic Owls,28,0.39436619718309857,11,0.3793103448275862,17,0.40476190476190477,8,0.4444444444444444,4,0.26666666666666666,23,0.42592592592592593,54,0.3888888888888889,0.6111111111111112,8.55,0.16,11,0.2037037037037037,21,8.76,0.42,9,0.42857142857142855,33,-0.2,-0.01,14,0.42424242424242425,10,0.4,0.6,-1.79,-0.18,5,0.5,4,-2.44,-0.61,1,0.25,6,0.66,0.11,4,0.6666666666666666,5,2,3,17,8,9,-9.47,-0.56,0.29411764705882354,0.11764705882352941,0.17647058823529413,0.47058823529411764,0.5294117647058824,19,0.37254901960784315,-6.0,-0.12,51,9,0.45,5.08,0.25,20,401426566,2022,4
2509,Purdue Boilermakers,28,0.45161290322580644,11,0.3548387096774194,17,0.5483870967741935,6,0.5454545454545454,3,0.2727272727272727,24,0.4897959183673469,49,0.4489795918367347,0.5510204081632653,1.29,0.03,11,0.22448979591836735,22,-4.02,-0.18,8,0.36363636363636365,27,5.31,0.2,16,0.5925925925925926,11,0.7272727272727273,0.2727272727272727,2.31,0.21,6,0.5454545454545454,8,6.07,0.76,5,0.625,3,-3.76,-1.25,1,0.3333333333333333,4,3,1,13,9,4,-4.11,-0.32,0.3076923076923077,0.23076923076923078,0.07692307692307693,0.6923076923076923,0.3076923076923077,22,0.46808510638297873,-7.19,-0.15,47,6,0.4,4.38,0.29,15,401426566,2022,4
166,New Mexico State Aggies,30,0.5357142857142857,6,0.4,24,0.5853658536585366,10,0.5882352941176471,6,0.6,23,0.5111111111111111,45,0.2,0.8,6.05,0.13,11,0.24444444444444444,9,-3.09,-0.34,3,0.3333333333333333,36,9.15,0.25,20,0.5555555555555556,11,0.45454545454545453,0.5454545454545454,1.78,0.16,5,0.45454545454545453,5,0.81,0.16,2,0.4,6,0.97,0.16,3,0.5,7,3,4,11,6,5,10.93,0.99,0.6363636363636364,0.2727272727272727,0.36363636363636365,0.5454545454545454,0.45454545454545453,23,0.5227272727272727,11.2,0.25,44,7,0.5833333333333334,5.79,0.48,12,401409237,2022,4
62,Hawai'i Rainbow Warriors,35,0.4861111111111111,19,0.4634146341463415,16,0.5161290322580645,6,0.46153846153846156,5,0.3333333333333333,27,0.5094339622641509,53,0.5094339622641509,0.49056603773584906,4.54,0.09,13,0.24528301886792453,27,3.9,0.14,13,0.48148148148148145,26,0.64,0.02,14,0.5384615384615384,11,0.8181818181818182,0.18181818181818182,-3.73,-0.34,3,0.2727272727272727,9,-4.25,-0.47,2,0.2222222222222222,2,0.52,0.26,1,0.5,8,6,2,19,14,5,7.94,0.42,0.42105263157894735,0.3157894736842105,0.10526315789473684,0.7368421052631579,0.2631578947368421,27,0.5192307692307693,8.37,0.16,52,8,0.4,4.11,0.21,20,401409237,2022,4
103,Boston College Eagles,26,0.4126984126984127,12,0.3870967741935484,14,0.4375,2,0.6666666666666666,5,0.35714285714285715,21,0.42857142857142855,49,0.40816326530612246,0.5918367346938775,3.47,0.07,11,0.22448979591836735,20,5.6,0.28,9,0.45,29,-2.13,-0.07,12,0.41379310344827586,8,0.25,0.75,-0.6,-0.07,3,0.375,2,0.2,0.1,1,0.5,6,-0.8,-0.13,2,0.3333333333333333,5,3,2,14,11,3,-4.54,-0.32,0.35714285714285715,0.21428571428571427,0.14285714285714285,0.7857142857142857,0.21428571428571427,19,0.5,2.99,0.08,38,7,0.28,-4.07,-0.16,25,401411118,2022,4
52,Florida State Seminoles,26,0.4,14,0.4666666666666667,12,0.34285714285714286,2,0.25,5,0.45454545454545453,20,0.39215686274509803,51,0.37254901960784315,0.6274509803921569,11.24,0.22,11,0.21568627450980393,19,9.74,0.51,9,0.47368421052631576,32,1.5,0.05,11,0.34375,7,1.0,0.0,6.18,0.88,4,0.5714285714285714,7,6.18,0.88,4,0.5714285714285714,,,,,,6,5,1,14,11,3,4.51,0.32,0.42857142857142855,0.35714285714285715,0.07142857142857142,0.7857142857142857,0.21428571428571427,15,0.36585365853658536,-0.11,-0.0,41,11,0.4583333333333333,15.86,0.66,24,401411118,2022,4
309,Louisiana Ragin' Cajuns,28,0.35443037974683544,18,0.4090909090909091,10,0.2857142857142857,4,0.4444444444444444,7,0.3888888888888889,20,0.3448275862068966,58,0.5689655172413793,0.43103448275862066,-11.48,-0.2,11,0.1896551724137931,33,0.57,0.02,14,0.42424242424242425,25,-12.05,-0.48,6,0.24,8,0.375,0.625,-3.02,-0.38,2,0.25,3,-2.07,-0.69,1,0.3333333333333333,5,-0.95,-0.19,1,0.2,8,4,4,21,11,10,-1.23,-0.06,0.38095238095238093,0.19047619047619047,0.19047619047619047,0.5238095238095238,0.47619047619047616,18,0.3829787234042553,-7.28,-0.15,47,10,0.3125,-5.43,-0.17,32,401426336,2022,4
2433,UL Monroe Warhawks,28,0.4307692307692308,8,0.2962962962962963,20,0.5263157894736842,3,0.75,6,0.4,22,0.44,50,0.4,0.6,9.43,0.19,8,0.16,20,-0.99,-0.05,7,0.35,30,10.42,0.35,15,0.5,23,0.43478260869565216,0.5652173913043478,5.55,0.24,14,0.6086956521739131,10,1.93,0.19,5,0.5,13,3.62,0.28,9,0.6923076923076923,6,1,5,15,7,8,-7.43,-0.5,0.4,0.06666666666666667,0.3333333333333333,0.4666666666666667,0.5333333333333333,26,0.5098039215686274,13.42,0.26,51,2,0.14285714285714285,-11.42,-0.82,14,401426336,2022,4
2711,Western Michigan Broncos,23,0.3770491803278688,6,0.375,17,0.37777777777777777,2,0.2222222222222222,6,0.4,17,0.3953488372093023,43,0.23255813953488372,0.7674418604651163,-10.99,-0.26,6,0.13953488372093023,10,-4.98,-0.5,5,0.5,33,-6.01,-0.18,12,0.36363636363636365,7,0.2857142857142857,0.7142857142857143,-6.16,-0.88,1,0.14285714285714285,2,-1.4,-0.7,1,0.5,5,-4.76,-0.95,0,0.0,6,1,5,18,6,12,-10.06,-0.56,0.3333333333333333,0.05555555555555555,0.2777777777777778,0.3333333333333333,0.6666666666666666,18,0.4186046511627907,-12.43,-0.29,43,5,0.2777777777777778,-8.62,-0.48,18,401415225,2022,4
23,San José State Spartans,24,0.47058823529411764,14,0.4666666666666667,10,0.47619047619047616,3,0.3333333333333333,4,0.36363636363636365,19,0.5,38,0.5263157894736842,0.47368421052631576,11.0,0.29,9,0.23684210526315788,20,7.63,0.38,10,0.5,18,3.37,0.19,9,0.5,12,0.75,0.25,6.46,0.54,7,0.5833333333333334,9,5.46,0.61,5,0.5555555555555556,3,1.0,0.33,2,0.6666666666666666,5,4,1,13,10,3,-1.27,-0.1,0.38461538461538464,0.3076923076923077,0.07692307692307693,0.7692307692307693,0.23076923076923078,18,0.5294117647058824,11.09,0.33,34,6,0.35294117647058826,-1.36,-0.08,17,401415225,2022,4
252,BYU Cougars,26,0.45614035087719296,15,0.5172413793103449,11,0.39285714285714285,4,0.36363636363636365,5,0.4166666666666667,21,0.4772727272727273,44,0.5,0.5,12.77,0.29,11,0.25,22,12.85,0.58,13,0.5909090909090909,22,-0.08,-0.0,8,0.36363636363636365,11,0.6363636363636364,0.36363636363636365,7.15,0.65,7,0.6363636363636364,7,6.52,0.93,5,0.7142857142857143,4,0.63,0.16,2,0.5,5,2,3,13,7,6,-0.18,-0.01,0.38461538461538464,0.15384615384615385,0.23076923076923078,0.5384615384615384,0.46153846153846156,20,0.5555555555555556,16.36,0.45,36,6,0.2857142857142857,-3.77,-0.18,21,401415226,2022,5
328,Utah State Aggies,33,0.4125,12,0.35294117647058826,21,0.45652173913043476,4,0.4,6,0.35294117647058826,26,0.4262295081967213,61,0.4098360655737705,0.5901639344262295,6.63,0.11,11,0.18032786885245902,25,2.1,0.08,9,0.36,36,4.53,0.13,17,0.4722222222222222,11,0.7272727272727273,0.2727272727272727,4.5,0.41,5,0.45454545454545453,8,4.69,0.59,4,0.5,3,-0.19,-0.06,1,0.3333333333333333,7,3,4,19,9,10,-16.2,-0.85,0.3684210526315789,0.15789473684210525,0.21052631578947367,0.47368421052631576,0.5263157894736842,27,0.4576271186440678,1.2,0.02,59,6,0.2857142857142857,-10.78,-0.51,21,401415226,2022,5
2569,South Carolina State Bulldogs,18,0.32727272727272727,4,0.2222222222222222,14,0.3783783783783784,3,0.5,2,0.18181818181818182,16,0.36363636363636365,44,0.2727272727272727,0.7272727272727273,-8.8,-0.2,9,0.20454545454545456,12,-5.76,-0.48,4,0.3333333333333333,32,-3.04,-0.09,12,0.375,8,0.25,0.75,7.3,0.91,5,0.625,2,4.84,2.42,2,1.0,6,2.46,0.41,3,0.5,2,0,2,11,6,5,-11.23,-1.02,0.18181818181818182,0.0,0.18181818181818182,0.5454545454545454,0.45454545454545453,14,0.3783783783783784,-10.32,-0.28,37,4,0.2222222222222222,-9.7,-0.54,18,401403908,2022,5
2579,South Carolina Gamecocks,33,0.5689655172413793,16,0.5333333333333333,17,0.6071428571428571,12,0.6,5,0.5,28,0.5957446808510638,47,0.5319148936170213,0.46808510638297873,13.19,0.28,12,0.2553191489361702,25,4.71,0.19,14,0.56,22,8.48,0.39,14,0.6363636363636364,3,0.6666666666666666,0.3333333333333333,-0.43,-0.14,1,0.3333333333333333,2,-0.79,-0.39,0,0.0,1,0.35,0.35,1,1.0,5,2,3,11,5,6,-1.42,-0.13,0.45454545454545453,0.18181818181818182,0.2727272727272727,0.45454545454545453,0.5454545454545454,27,0.6,12.63,0.28,45,6,0.46153846153846156,-0.86,-0.07,13,401403908,2022,5
26,UCLA Bruins,38,0.5428571428571428,20,0.5882352941176471,18,0.5,8,0.4444444444444444,10,0.7142857142857143,28,0.5185185185185185,54,0.42592592592592593,0.5740740740740741,14.08,0.26,13,0.24074074074074073,23,10.8,0.47,13,0.5652173913043478,31,3.28,0.11,15,0.4838709677419355,20,0.5,0.5,3.02,0.15,12,0.6,10,2.28,0.23,5,0.5,10,0.74,0.07,7,0.7,10,7,3,16,11,5,10.11,0.63,0.625,0.4375,0.1875,0.6875,0.3125,30,0.5769230769230769,12.46,0.24,52,8,0.4444444444444444,11.74,0.65,18,401404007,2022,5
264,Washington Huskies,38,0.5277777777777778,28,0.5490196078431373,10,0.47619047619047616,6,0.6666666666666666,8,0.5333333333333333,26,0.49056603773584906,53,0.6981132075471698,0.3018867924528302,1.92,0.04,10,0.18867924528301888,37,3.46,0.09,19,0.5135135135135135,16,-1.55,-0.1,7,0.4375,8,0.75,0.25,-3.16,-0.4,3,0.375,6,-3.04,-0.51,3,0.5,2,-0.13,-0.06,0,0.0,12,9,3,19,14,5,20.98,1.1,0.631578947368421,0.47368421052631576,0.15789473684210525,0.7368421052631579,0.2631578947368421,28,0.5384615384615384,8.46,0.16,52,10,0.5,14.43,0.72,20,401404007,2022,5
2655,Tulane Green Wave,22,0.4074074074074074,11,0.39285714285714285,11,0.4230769230769231,4,0.36363636363636365,6,0.5,15,0.375,40,0.475,0.525,-2.1,-0.05,6,0.15,19,6.61,0.35,7,0.3684210526315789,21,-8.71,-0.41,8,0.38095238095238093,7,0.2857142857142857,0.7142857142857143,0.54,0.08,3,0.42857142857142855,2,-1.22,-0.61,0,0.0,5,1.76,0.35,3,0.6,7,4,3,14,9,5,2.4,0.17,0.5,0.2857142857142857,0.21428571428571427,0.6428571428571429,0.35714285714285715,16,0.43243243243243246,2.25,0.06,37,6,0.35294117647058826,-1.94,-0.11,17,401415625,2022,5
248,Houston Cougars,40,0.5,18,0.5142857142857142,22,0.4888888888888889,9,0.8181818181818182,11,0.6470588235294118,28,0.45161290322580644,62,0.43548387096774194,0.5645161290322581,2.27,0.04,11,0.1774193548387097,27,4.22,0.16,13,0.48148148148148145,35,-1.95,-0.06,15,0.42857142857142855,9,0.4444444444444444,0.5555555555555556,-3.84,-0.43,2,0.2222222222222222,4,-0.54,-0.13,2,0.5,5,-3.31,-0.66,0,0.0,12,5,7,18,8,10,11.34,0.63,0.6666666666666666,0.2777777777777778,0.3888888888888889,0.4444444444444444,0.5555555555555556,29,0.5272727272727272,13.99,0.25,55,11,0.44,-0.39,-0.02,25,401415625,2022,5
2393,Middle Tennessee Blue Raiders,25,0.33783783783783783,21,0.3684210526315789,4,0.23529411764705882,2,0.14285714285714285,8,0.5,16,0.2909090909090909,55,0.7454545454545455,0.2545454545454545,-1.28,-0.02,9,0.16363636363636364,41,4.68,0.11,15,0.36585365853658536,14,-5.96,-0.43,1,0.07142857142857142,9,1.0,0.0,-0.63,-0.07,3,0.3333333333333333,9,-0.63,-0.07,3,0.3333333333333333,,,,,,9,6,3,19,16,3,7.02,0.37,0.47368421052631576,0.3157894736842105,0.15789473684210525,0.8421052631578947,0.15789473684210525,12,0.3,1.9,0.05,40,13,0.38235294117647056,3.85,0.11,34,401426576,2022,5
2636,UTSA Roadrunners,42,0.5316455696202531,24,0.631578947368421,18,0.43902439024390244,7,0.5,9,0.6923076923076923,32,0.49230769230769234,65,0.5076923076923077,0.49230769230769234,-0.37,-0.01,16,0.24615384615384617,33,1.19,0.04,21,0.6363636363636364,32,-1.56,-0.05,11,0.34375,17,0.5882352941176471,0.4117647058823529,5.58,0.33,10,0.5882352941176471,10,4.46,0.45,7,0.7,7,1.12,0.16,3,0.42857142857142855,10,3,7,14,5,9,16.02,1.14,0.7142857142857143,0.21428571428571427,0.5,0.35714285714285715,0.6428571428571429,29,0.5087719298245614,0.96,0.02,57,13,0.5909090909090909,14.7,0.67,22,401426576,2022,5
2439,UNLV Rebels,35,0.5147058823529411,17,0.4722222222222222,18,0.5625,6,0.6666666666666666,4,0.3076923076923077,30,0.5555555555555556,54,0.5555555555555556,0.4444444444444444,-0.13,-0.0,15,0.2777777777777778,30,-5.31,-0.18,16,0.5333333333333333,24,5.18,0.22,14,0.5833333333333334,22,0.6363636363636364,0.36363636363636365,5.79,0.26,15,0.6818181818181818,14,4.14,0.3,9,0.6428571428571429,8,1.65,0.21,6,0.75,5,1,4,14,6,8,-3.37,-0.24,0.35714285714285715,0.07142857142857142,0.2857142857142857,0.42857142857142855,0.5714285714285714,31,0.6078431372549019,-1.08,-0.02,51,4,0.23529411764705882,-2.41,-0.14,17,401415229,2022,5
167,New Mexico Lobos,26,0.41935483870967744,11,0.39285714285714285,15,0.4411764705882353,3,0.21428571428571427,2,0.18181818181818182,24,0.48,50,0.42,0.58,-7.63,-0.15,12,0.24,21,-5.35,-0.25,11,0.5238095238095238,29,-2.27,-0.08,13,0.4482758620689655,3,0.0,1.0,-2.5,-0.83,1,0.3333333333333333,,,,,,3,-2.5,-0.83,1,0.3333333333333333,2,0,2,12,7,5,-13.95,-1.16,0.16666666666666666,0.0,0.16666666666666666,0.5833333333333334,0.4166666666666667,20,0.45454545454545453,-13.66,-0.31,44,6,0.3333333333333333,-7.92,-0.44,18,401415229,2022,5
142,Missouri Tigers,16,0.3018867924528302,11,0.3235294117647059,5,0.2631578947368421,1,0.16666666666666666,3,0.23076923076923078,13,0.325,40,0.55,0.45,-5.2,-0.13,9,0.225,22,-2.56,-0.12,8,0.36363636363636365,18,-2.64,-0.15,5,0.2777777777777778,4,0.75,0.25,-3.74,-0.94,1,0.25,3,-3.24,-1.08,1,0.3333333333333333,1,-0.5,-0.5,0,0.0,3,3,0,13,12,1,-3.84,-0.3,0.23076923076923078,0.23076923076923078,0.0,0.9230769230769231,0.07692307692307693,12,0.36363636363636365,-4.14,-0.13,33,4,0.2,-4.91,-0.25,20,401403907,2022,5
61,Georgia Bulldogs,41,0.5256410256410257,23,0.5111111111111111,18,0.5454545454545454,8,0.4444444444444444,5,0.38461538461538464,34,0.5396825396825397,63,0.5714285714285714,0.42857142857142855,11.81,0.19,19,0.30158730158730157,36,11.44,0.32,19,0.5277777777777778,27,0.37,0.01,15,0.5555555555555556,17,0.7058823529411765,0.29411764705882354,8.64,0.51,11,0.6470588235294118,12,5.64,0.47,8,0.6666666666666666,5,3.01,0.6,3,0.6,7,4,3,15,9,6,-1.2,-0.08,0.4666666666666667,0.26666666666666666,0.2,0.6,0.4,28,0.5185185185185185,1.72,0.03,54,13,0.5416666666666666,8.89,0.37,24,401403907,2022,5
333,Alabama Crimson Tide,31,0.49206349206349204,9,0.391304347826087,22,0.55,7,0.7777777777777778,9,0.6428571428571429,22,0.4583333333333333,48,0.3333333333333333,0.6666666666666666,10.68,0.22,5,0.10416666666666667,16,0.08,0.0,6,0.375,32,10.6,0.33,16,0.5,9,0.4444444444444444,0.5555555555555556,5.72,0.64,5,0.5555555555555556,4,4.53,1.13,2,0.5,5,1.19,0.24,3,0.6,9,3,6,15,7,8,15.91,1.06,0.6,0.2,0.4,0.4666666666666667,0.5333333333333333,19,0.4634146341463415,6.74,0.16,41,12,0.5454545454545454,19.84,0.9,22,401403902,2022,5
8,Arkansas Razorbacks,36,0.4235294117647059,12,0.32432432432432434,24,0.5,5,0.3333333333333333,6,0.35294117647058826,30,0.44776119402985076,67,0.3582089552238806,0.6417910447761194,-2.56,-0.04,17,0.2537313432835821,24,-0.32,-0.01,8,0.3333333333333333,43,-2.23,-0.05,22,0.5116279069767442,14,0.35714285714285715,0.6428571428571429,5.89,0.42,9,0.6428571428571429,5,2.03,0.41,2,0.4,9,3.85,0.43,7,0.7777777777777778,6,4,2,18,13,5,-1.79,-0.1,0.3333333333333333,0.2222222222222222,0.1111111111111111,0.7222222222222222,0.2777777777777778,27,0.46551724137931033,-4.72,-0.08,58,9,0.3333333333333333,0.38,0.01,27,401403902,2022,5
194,Ohio State Buckeyes,29,0.4915254237288136,9,0.34615384615384615,20,0.6060606060606061,8,0.5,5,0.5,22,0.46808510638297873,47,0.425531914893617,0.574468085106383,10.24,0.22,12,0.2553191489361702,20,-0.45,-0.02,6,0.3,27,10.69,0.4,16,0.5925925925925926,7,0.2857142857142857,0.7142857142857143,-3.84,-0.55,2,0.2857142857142857,2,-4.4,-2.2,0,0.0,5,0.56,0.11,2,0.4,7,3,4,12,6,6,9.8,0.82,0.5833333333333334,0.25,0.3333333333333333,0.5,0.5,23,0.5227272727272727,13.37,0.3,44,6,0.4,6.67,0.44,15,401405104,2022,5
164,Rutgers Scarlet Knights,21,0.375,7,0.3333333333333333,14,0.4,3,0.5,1,0.09090909090909091,20,0.46511627906976744,43,0.32558139534883723,0.6744186046511628,-6.5,-0.15,9,0.20930232558139536,14,-2.19,-0.16,6,0.42857142857142855,29,-4.31,-0.15,14,0.4827586206896552,8,0.125,0.875,3.3,0.41,6,0.75,1,3.11,3.11,1,1.0,7,0.19,0.03,5,0.7142857142857143,1,1,0,13,7,6,-16.44,-1.26,0.07692307692307693,0.07692307692307693,0.0,0.5384615384615384,0.46153846153846156,15,0.40540540540540543,-12.7,-0.34,37,6,0.3157894736842105,-10.25,-0.54,19,401405104,2022,5
130,Michigan Wolverines,38,0.5846153846153846,13,0.52,25,0.625,4,0.5,4,0.36363636363636365,33,0.6226415094339622,53,0.41509433962264153,0.5849056603773585,6.48,0.12,18,0.33962264150943394,22,1.26,0.06,12,0.5454545454545454,31,5.22,0.17,21,0.6774193548387096,17,0.47058823529411764,0.5294117647058824,4.86,0.29,11,0.6470588235294118,8,1.83,0.23,4,0.5,9,3.03,0.34,7,0.7777777777777778,5,1,4,12,3,9,2.32,0.19,0.4166666666666667,0.08333333333333333,0.3333333333333333,0.25,0.75,32,0.6274509803921569,6.78,0.13,51,6,0.42857142857142855,2.01,0.14,14,401405100,2022,5
2294,Iowa Hawkeyes,24,0.43636363636363634,16,0.45714285714285713,8,0.4,4,0.4444444444444444,4,0.36363636363636365,20,0.47619047619047616,42,0.5952380952380952,0.40476190476190477,4.78,0.11,10,0.23809523809523808,25,9.02,0.36,14,0.56,17,-4.24,-0.25,6,0.35294117647058826,4,0.75,0.25,-2.71,-0.68,1,0.25,3,-2.94,-0.98,0,0.0,1,0.22,0.22,1,1.0,4,2,2,13,10,3,-3.28,-0.25,0.3076923076923077,0.15384615384615385,0.15384615384615385,0.7692307692307693,0.23076923076923078,19,0.5135135135135135,3.52,0.1,37,5,0.2777777777777778,-2.02,-0.11,18,401405100,2022,5
228,Clemson Tigers,28,0.42424242424242425,14,0.4666666666666667,14,0.3888888888888889,5,0.4166666666666667,7,0.5,21,0.40384615384615385,52,0.40384615384615385,0.5961538461538461,3.41,0.07,12,0.23076923076923078,21,5.41,0.26,10,0.47619047619047616,31,-1.99,-0.06,11,0.3548387096774194,12,0.5,0.5,11.06,0.92,9,0.75,6,5.91,0.98,4,0.6666666666666666,6,5.16,0.86,5,0.8333333333333334,7,4,3,14,9,5,4.88,0.35,0.5,0.2857142857142857,0.21428571428571427,0.6428571428571429,0.35714285714285715,19,0.4418604651162791,5.52,0.13,43,9,0.391304347826087,2.77,0.12,23,401411125,2022,5
152,NC State Wolfpack,28,0.4057971014492754,20,0.39215686274509803,8,0.4444444444444444,3,0.5,6,0.42857142857142855,21,0.39622641509433965,53,0.7358490566037735,0.2641509433962264,-3.09,-0.06,11,0.20754716981132076,39,-3.48,-0.09,15,0.38461538461538464,14,0.38,0.03,6,0.42857142857142855,11,0.7272727272727273,0.2727272727272727,-0.33,-0.03,5,0.45454545454545453,8,-1.17,-0.15,3,0.375,3,0.85,0.28,2,0.6666666666666666,7,5,2,16,12,4,-1.93,-0.12,0.4375,0.3125,0.125,0.75,0.25,20,0.45454545454545453,-1.38,-0.03,44,8,0.32,-3.65,-0.15,25,401411125,2022,5
30,USC Trojans,40,0.6060606060606061,24,0.631578947368421,16,0.5714285714285714,15,0.75,8,0.8888888888888888,32,0.5614035087719298,57,0.5964912280701754,0.40350877192982454,16.02,0.28,19,0.3333333333333333,34,11.26,0.33,21,0.6176470588235294,23,4.76,0.21,11,0.4782608695652174,8,0.625,0.375,0.79,0.1,3,0.375,5,0.32,0.06,2,0.4,3,0.47,0.16,1,0.3333333333333333,8,3,5,9,4,5,13.63,1.51,0.8888888888888888,0.3333333333333333,0.5555555555555556,0.4444444444444444,0.5555555555555556,28,0.5384615384615384,11.71,0.23,52,12,0.8571428571428571,17.95,1.28,14,401404003,2022,5
9,Arizona State Sun Devils,33,0.5409836065573771,22,0.5945945945945946,11,0.4583333333333333,4,0.5,7,0.5384615384615384,25,0.5319148936170213,47,0.5531914893617021,0.44680851063829785,1.06,0.02,10,0.2127659574468085,26,-1.23,-0.05,16,0.6153846153846154,21,2.29,0.11,9,0.42857142857142855,10,0.5,0.5,0.81,0.08,3,0.3,5,0.94,0.19,2,0.4,5,-0.13,-0.03,1,0.2,8,6,2,14,11,3,7.05,0.5,0.5714285714285714,0.42857142857142855,0.14285714285714285,0.7857142857142857,0.21428571428571427,25,0.5813953488372093,10.27,0.24,43,8,0.4444444444444444,-2.16,-0.12,18,401404003,2022,5
96,Kentucky Wildcats,30,0.4918032786885246,13,0.48148148148148145,17,0.5,5,0.7142857142857143,8,0.5714285714285714,21,0.4666666666666667,45,0.3333333333333333,0.6666666666666666,-1.89,-0.04,7,0.15555555555555556,15,-1.3,-0.09,7,0.4666666666666667,30,-0.59,-0.02,14,0.4666666666666667,10,0.6,0.4,1.97,0.2,6,0.6,6,2.76,0.46,4,0.6666666666666666,4,-0.79,-0.2,2,0.5,9,6,3,16,12,4,4.12,0.26,0.5625,0.375,0.1875,0.75,0.25,24,0.5333333333333333,0.83,0.02,45,6,0.375,1.39,0.09,16,401403905,2022,5
145,Ole Miss Rebels,27,0.4090909090909091,11,0.39285714285714285,16,0.42105263157894735,2,0.2222222222222222,7,0.5384615384615384,20,0.38461538461538464,52,0.36538461538461536,0.6346153846153846,-3.19,-0.06,14,0.2692307692307692,19,1.07,0.06,7,0.3684210526315789,33,-4.27,-0.13,13,0.3939393939393939,8,0.75,0.25,-2.67,-0.33,3,0.375,6,-1.65,-0.28,3,0.5,2,-1.02,-0.51,0,0.0,7,4,3,14,9,5,8.48,0.61,0.5,0.2857142857142857,0.21428571428571427,0.6428571428571429,0.35714285714285715,18,0.43902439024390244,5.9,0.14,41,9,0.36,-0.61,-0.02,25,401403905,2022,5
239,Baylor Bears,32,0.45714285714285713,18,0.42857142857142855,14,0.5,5,0.45454545454545453,3,0.2727272727272727,26,0.48148148148148145,54,0.6296296296296297,0.37037037037037035,4.41,0.08,14,0.25925925925925924,34,1.66,0.05,15,0.4411764705882353,20,2.75,0.14,11,0.55,8,0.5,0.5,8.36,1.05,6,0.75,4,5.84,1.46,2,0.5,4,2.53,0.63,4,1.0,6,3,3,16,8,8,6.71,0.42,0.375,0.1875,0.1875,0.5,0.5,23,0.48936170212765956,-1.64,-0.03,47,9,0.391304347826087,12.76,0.55,23,401404083,2022,5
197,Oklahoma State Cowboys,37,0.4868421052631579,14,0.4666666666666667,23,0.5,7,0.4375,6,0.4,30,0.5,60,0.36666666666666664,0.6333333333333333,7.85,0.13,16,0.26666666666666666,22,6.17,0.28,10,0.45454545454545453,38,1.68,0.04,20,0.5263157894736842,13,0.5384615384615384,0.46153846153846156,6.94,0.53,11,0.8461538461538461,7,2.04,0.29,5,0.7142857142857143,6,4.9,0.82,6,1.0,7,4,3,16,8,8,-2.1,-0.13,0.4375,0.25,0.1875,0.5,0.5,30,0.5172413793103449,4.74,0.08,58,7,0.3888888888888889,1.01,0.06,18,401404083,2022,5
213,Penn State Nittany Lions,33,0.42857142857142855,10,0.5,23,0.40350877192982454,3,0.6,4,0.2857142857142857,26,0.43333333333333335,60,0.21666666666666667,0.7833333333333333,-14.09,-0.23,13,0.21666666666666667,13,3.46,0.27,8,0.6153846153846154,47,-17.55,-0.37,18,0.3829787234042553,12,0.08333333333333333,0.9166666666666666,-3.17,-0.26,5,0.4166666666666667,1,1.62,1.62,1,1.0,11,-4.79,-0.44,4,0.36363636363636365,7,2,5,17,7,10,-2.14,-0.13,0.4117647058823529,0.11764705882352941,0.29411764705882354,0.4117647058823529,0.5882352941176471,29,0.48333333333333334,-10.28,-0.17,60,4,0.23529411764705882,-5.95,-0.35,17,401405105,2022,5
77,Northwestern Wildcats,18,0.27692307692307694,13,0.34210526315789475,5,0.18518518518518517,1,0.25,6,0.375,11,0.24444444444444444,45,0.5555555555555556,0.4444444444444444,-16.62,-0.37,4,0.08888888888888889,25,-2.12,-0.08,8,0.32,20,-14.5,-0.72,3,0.15,4,0.5,0.5,-6.51,-1.63,0,0.0,2,-5.1,-2.55,0,0.0,2,-1.41,-0.71,0,0.0,7,5,2,20,13,7,-13.18,-0.66,0.35,0.25,0.1,0.65,0.35,11,0.275,-21.89,-0.55,40,7,0.28,-7.9,-0.32,25,401405105,2022,5
204,Oregon State Beavers,27,0.4153846153846154,11,0.3793103448275862,16,0.4444444444444444,1,0.08333333333333333,3,0.3,23,0.4423076923076923,52,0.4423076923076923,0.5576923076923077,-17.9,-0.34,15,0.28846153846153844,23,-21.49,-0.93,9,0.391304347826087,29,3.59,0.12,14,0.4827586206896552,16,0.5,0.5,4.22,0.26,5,0.3125,8,5.46,0.68,2,0.25,8,-1.24,-0.16,3,0.375,4,2,2,13,6,7,-0.74,-0.06,0.3076923076923077,0.15384615384615385,0.15384615384615385,0.46153846153846156,0.5384615384615384,23,0.45098039215686275,-15.52,-0.3,51,4,0.2857142857142857,-3.13,-0.22,14,401404006,2022,5
254,Utah Utes,30,0.5357142857142857,16,0.64,14,0.45161290322580644,7,0.5384615384615384,5,0.5,25,0.5434782608695652,46,0.45652173913043476,0.5434782608695652,9.77,0.21,14,0.30434782608695654,21,10.77,0.51,15,0.7142857142857143,25,-1.0,-0.04,10,0.4,6,0.6666666666666666,0.3333333333333333,-2.97,-0.5,2,0.3333333333333333,4,-2.03,-0.51,1,0.25,2,-0.95,-0.47,1,0.5,5,1,4,10,4,6,1.59,0.16,0.5,0.1,0.4,0.4,0.6,26,0.5777777777777777,15.07,0.33,45,4,0.36363636363636365,-3.71,-0.34,11,401404006,2022,5
24,Stanford Cardinal,28,0.4,15,0.36585365853658536,13,0.4482758620689655,1,0.25,5,0.3125,22,0.4230769230769231,52,0.5961538461538461,0.40384615384615385,-4.47,-0.09,11,0.21153846153846154,31,-4.65,-0.15,11,0.3548387096774194,21,0.18,0.01,11,0.5238095238095238,8,0.625,0.375,-3.92,-0.49,1,0.125,5,-4.19,-0.84,0,0.0,3,0.27,0.09,1,0.3333333333333333,6,4,2,18,10,8,1.92,0.11,0.3333333333333333,0.2222222222222222,0.1111111111111111,0.5555555555555556,0.4444444444444444,20,0.45454545454545453,2.47,0.06,44,8,0.3076923076923077,-5.02,-0.19,26,401404005,2022,5
2483,Oregon Ducks,35,0.4861111111111111,11,0.3055555555555556,24,0.6666666666666666,8,0.5714285714285714,6,0.4,29,0.5087719298245614,57,0.45614035087719296,0.543859649122807,10.81,0.19,12,0.21052631578947367,26,-3.01,-0.12,10,0.38461538461538464,31,13.82,0.45,19,0.6129032258064516,16,0.4375,0.5625,6.81,0.43,10,0.625,7,-1.64,-0.23,3,0.42857142857142855,9,8.45,0.94,7,0.7777777777777778,6,1,5,15,10,5,3.4,0.23,0.4,0.06666666666666667,0.3333333333333333,0.6666666666666666,0.3333333333333333,27,0.574468085106383,13.86,0.29,47,8,0.32,0.35,0.01,25,401404005,2022,5
344,Mississippi State Bulldogs,33,0.4782608695652174,22,0.4888888888888889,11,0.4583333333333333,5,0.4166666666666667,5,0.4166666666666667,26,0.4727272727272727,55,0.6181818181818182,0.38181818181818183,7.21,0.13,15,0.2727272727272727,34,4.66,0.14,17,0.5,21,2.55,0.12,9,0.42857142857142855,9,0.5555555555555556,0.4444444444444444,6.53,0.73,4,0.4444444444444444,5,6.97,1.39,3,0.6,4,-0.45,-0.11,1,0.25,7,5,2,14,11,3,9.97,0.71,0.5,0.35714285714285715,0.14285714285714285,0.7857142857142857,0.21428571428571427,25,0.4807692307692308,12.62,0.24,52,8,0.47058823529411764,4.56,0.27,17,401403906,2022,5
245,Texas A&M Aggies,35,0.5,19,0.4418604651162791,16,0.5925925925925926,6,0.42857142857142855,3,0.3333333333333333,30,0.5084745762711864,59,0.576271186440678,0.423728813559322,-1.54,-0.03,17,0.288135593220339,34,-4.41,-0.13,16,0.47058823529411764,25,2.86,0.11,14,0.56,14,0.6428571428571429,0.35714285714285715,4.79,0.34,8,0.5714285714285714,9,3.54,0.39,5,0.5555555555555556,5,1.24,0.25,3,0.6,5,3,2,11,9,2,4.91,0.45,0.45454545454545453,0.2727272727272727,0.18181818181818182,0.8181818181818182,0.18181818181818182,25,0.4807692307692308,3.94,0.08,52,10,0.5555555555555556,-0.57,-0.03,18,401403906,2022,5
2628,TCU Horned Frogs,37,0.49333333333333335,14,0.4,23,0.575,5,0.625,7,0.5,30,0.5084745762711864,59,0.4067796610169492,0.5932203389830508,19.49,0.33,14,0.23728813559322035,24,3.27,0.14,10,0.4166666666666667,35,16.22,0.46,20,0.5714285714285714,14,0.6428571428571429,0.35714285714285715,3.93,0.28,7,0.5,9,3.96,0.44,5,0.5555555555555556,5,-0.03,-0.01,2,0.4,7,4,3,16,11,5,3.33,0.21,0.4375,0.25,0.1875,0.6875,0.3125,33,0.5689655172413793,21.71,0.37,58,4,0.23529411764705882,1.11,0.07,17,401404086,2022,5
201,Oklahoma Sooners,32,0.3950617283950617,8,0.2222222222222222,24,0.5333333333333333,4,1.0,6,0.3333333333333333,25,0.4166666666666667,60,0.35,0.65,-1.63,-0.03,13,0.21666666666666667,21,-9.22,-0.44,5,0.23809523809523808,39,7.59,0.19,20,0.5128205128205128,9,0.3333333333333333,0.6666666666666666,-2.4,-0.27,4,0.4444444444444444,3,-0.63,-0.21,1,0.3333333333333333,6,-1.77,-0.29,3,0.5,7,3,4,21,15,6,-2.2,-0.1,0.3333333333333333,0.14285714285714285,0.19047619047619047,0.7142857142857143,0.2857142857142857,28,0.4827586206896552,6.29,0.11,58,4,0.17391304347826086,-10.12,-0.44,23,401404086,2022,5
135,Minnesota Golden Gophers,23,0.3898305084745763,14,0.4,9,0.375,3,0.3333333333333333,4,0.3333333333333333,19,0.41304347826086957,46,0.5652173913043478,0.43478260869565216,-9.02,-0.2,9,0.1956521739130435,26,-4.4,-0.17,11,0.4230769230769231,20,-4.62,-0.23,8,0.4,16,0.625,0.375,1.6,0.1,10,0.625,10,0.2,0.02,5,0.5,6,1.4,0.23,5,0.8333333333333334,4,3,1,13,9,4,-8.01,-0.62,0.3076923076923077,0.23076923076923078,0.07692307692307693,0.6923076923076923,0.3076923076923077,17,0.425,-8.44,-0.21,40,6,0.3157894736842105,-8.59,-0.45,19,401405101,2022,5
2509,Purdue Boilermakers,26,0.3939393939393939,12,0.2926829268292683,14,0.56,3,0.3333333333333333,4,0.3076923076923077,22,0.41509433962264153,53,0.5849056603773585,0.41509433962264153,-0.69,-0.01,12,0.22641509433962265,31,-7.22,-0.23,9,0.2903225806451613,22,6.53,0.3,13,0.5909090909090909,9,0.8888888888888888,0.1111111111111111,-5.42,-0.6,2,0.2222222222222222,8,-5.06,-0.63,2,0.25,1,-0.36,-0.36,0,0.0,4,3,1,13,10,3,-5.81,-0.45,0.3076923076923077,0.23076923076923078,0.07692307692307693,0.7692307692307693,0.23076923076923078,20,0.46511627906976744,-1.37,-0.03,43,6,0.2608695652173913,-5.13,-0.22,23,401405101,2022,5
52,Florida State Seminoles,30,0.47619047619047616,20,0.5555555555555556,10,0.37037037037037035,7,0.5833333333333334,5,0.45454545454545453,24,0.47058823529411764,51,0.5098039215686274,0.49019607843137253,11.1,0.22,14,0.27450980392156865,26,19.68,0.76,16,0.6153846153846154,25,-8.57,-0.34,8,0.32,15,0.4,0.6,3.99,0.27,7,0.4666666666666667,6,3.39,0.56,4,0.6666666666666666,9,0.6,0.07,3,0.3333333333333333,6,4,2,12,10,2,0.07,0.01,0.5,0.3333333333333333,0.16666666666666666,0.8333333333333334,0.16666666666666666,21,0.5121951219512195,8.16,0.2,41,9,0.4090909090909091,3.01,0.14,22,401411127,2022,5
154,Wake Forest Demon Deacons,39,0.46987951807228917,20,0.5263157894736842,19,0.4222222222222222,8,0.42105263157894735,10,0.5555555555555556,26,0.41935483870967744,62,0.43548387096774194,0.5645161290322581,-1.73,-0.03,14,0.22580645161290322,27,-0.17,-0.01,12,0.4444444444444444,35,-1.56,-0.04,14,0.4,8,0.375,0.625,4.55,0.57,6,0.75,3,2.07,0.69,3,1.0,5,2.47,0.49,3,0.6,13,8,5,21,11,10,18.02,0.86,0.6190476190476191,0.38095238095238093,0.23809523809523808,0.5238095238095238,0.47619047619047616,25,0.423728813559322,6.8,0.12,59,14,0.5833333333333334,9.49,0.4,24,401411127,2022,5
59,Georgia Tech Yellow Jackets,22,0.3142857142857143,7,0.22580645161290322,15,0.38461538461538464,5,0.3125,6,0.375,16,0.3018867924528302,53,0.4339622641509434,0.5660377358490566,-2.34,-0.04,8,0.1509433962264151,23,-4.69,-0.2,6,0.2608695652173913,30,2.35,0.08,10,0.3333333333333333,3,0.6666666666666666,0.3333333333333333,-1.25,-0.42,0,0.0,2,-0.9,-0.45,0,0.0,1,-0.35,-0.35,0,0.0,6,1,5,17,8,9,-4.83,-0.28,0.35294117647058826,0.058823529411764705,0.29411764705882354,0.47058823529411764,0.5294117647058824,10,0.2564102564102564,-12.58,-0.32,39,12,0.3870967741935484,5.42,0.17,31,401411129,2022,5
221,Pittsburgh Panthers,33,0.4520547945205479,19,0.4222222222222222,14,0.5,1,1.0,2,0.16666666666666666,30,0.5084745762711864,59,0.6271186440677966,0.3728813559322034,13.23,0.22,18,0.3050847457627119,37,17.79,0.48,19,0.5135135135135135,22,-4.57,-0.21,11,0.5,16,0.5,0.5,6.25,0.39,10,0.625,8,4.14,0.52,4,0.5,8,2.11,0.26,6,0.75,3,0,3,14,8,6,-18.98,-1.36,0.21428571428571427,0.0,0.21428571428571427,0.5714285714285714,0.42857142857142855,25,0.5319148936170213,10.65,0.23,47,8,0.3076923076923077,-16.4,-0.63,26,401411129,2022,5
2641,Texas Tech Red Raiders,39,0.48148148148148145,21,0.39622641509433965,18,0.6428571428571429,6,0.6,5,0.35714285714285715,33,0.515625,64,0.625,0.375,1.67,0.03,17,0.265625,40,-5.52,-0.14,17,0.425,24,7.19,0.3,16,0.6666666666666666,10,0.5,0.5,2.03,0.2,6,0.6,5,0.7,0.14,3,0.6,5,1.34,0.27,3,0.6,6,4,2,17,13,4,-2.13,-0.13,0.35294117647058826,0.23529411764705882,0.11764705882352941,0.7647058823529411,0.23529411764705882,35,0.5555555555555556,2.75,0.04,63,4,0.2222222222222222,-3.2,-0.18,18,401404085,2022,5
2306,Kansas State Wildcats,22,0.4,9,0.4090909090909091,13,0.3939393939393939,5,0.3333333333333333,4,0.3333333333333333,18,0.4186046511627907,43,0.3953488372093023,0.6046511627906976,3.93,0.09,10,0.23255813953488372,17,-0.21,-0.01,8,0.47058823529411764,26,4.13,0.16,10,0.38461538461538464,6,0.6666666666666666,0.3333333333333333,-4.41,-0.74,0,0.0,4,-3.54,-0.88,0,0.0,2,-0.87,-0.44,0,0.0,4,1,3,12,5,7,4.05,0.34,0.3333333333333333,0.08333333333333333,0.25,0.4166666666666667,0.5833333333333334,16,0.4444444444444444,15.48,0.43,36,6,0.3157894736842105,-7.51,-0.4,19,401404085,2022,5
349,Army Black Knights,38,0.5,1,0.125,37,0.5441176470588235,7,0.5384615384615384,9,0.6,29,0.5087719298245614,57,0.10526315789473684,0.8947368421052632,1.32,0.02,15,0.2631578947368421,6,-5.69,-0.95,1,0.16666666666666666,51,7.01,0.14,28,0.5490196078431373,15,0.13333333333333333,0.8666666666666667,3.16,0.21,10,0.6666666666666666,2,-1.16,-0.58,0,0.0,13,4.32,0.33,10,0.7692307692307693,9,0,9,19,2,17,-9.7,-0.51,0.47368421052631576,0.0,0.47368421052631576,0.10526315789473684,0.8947368421052632,34,0.5573770491803278,0.41,0.01,61,4,0.26666666666666666,-8.8,-0.59,15,401404137,2022,5
2247,Georgia State Panthers,29,0.4915254237288136,8,0.6153846153846154,21,0.45652173913043476,3,0.2727272727272727,5,0.45454545454545453,23,0.5,46,0.21739130434782608,0.782608695652174,4.37,0.1,13,0.2826086956521739,10,0.35,0.04,5,0.5,36,4.02,0.11,18,0.5,3,0.0,1.0,-0.07,-0.02,2,0.6666666666666666,,,,,,3,-0.07,-0.02,2,0.6666666666666666,6,3,3,13,3,10,11.25,0.87,0.46153846153846156,0.23076923076923078,0.23076923076923078,0.23076923076923078,0.7692307692307693,21,0.5121951219512195,6.6,0.16,41,8,0.4444444444444444,9.02,0.5,18,401404137,2022,5
356,Illinois Fighting Illini,24,0.38095238095238093,10,0.37037037037037035,14,0.3888888888888889,9,0.4090909090909091,3,0.23076923076923078,20,0.4166666666666667,48,0.375,0.625,4.96,0.1,10,0.20833333333333334,18,2.52,0.14,7,0.3888888888888889,30,2.44,0.08,13,0.43333333333333335,11,0.6363636363636364,0.36363636363636365,1.1,0.1,6,0.5454545454545454,7,1.62,0.23,3,0.42857142857142855,4,-0.52,-0.13,3,0.75,4,3,1,15,9,6,-7.12,-0.47,0.26666666666666666,0.2,0.06666666666666667,0.6,0.4,18,0.43902439024390244,-0.93,-0.02,41,6,0.2727272727272727,-1.23,-0.06,22,401405099,2022,5
275,Wisconsin Badgers,16,0.2909090909090909,15,0.40540540540540543,1,0.05555555555555555,,,4,0.2857142857142857,12,0.3076923076923077,39,0.5897435897435898,0.41025641025641024,-7.31,-0.19,6,0.15384615384615385,23,2.06,0.09,12,0.5217391304347826,16,-9.37,-0.59,0,0.0,3,0.6666666666666666,0.3333333333333333,-1.47,-0.49,0,0.0,2,-0.96,-0.48,0,0.0,1,-0.51,-0.51,0,0.0,4,3,1,16,14,2,-11.02,-0.69,0.25,0.1875,0.0625,0.875,0.125,10,0.3125,-8.8,-0.28,32,6,0.2608695652173913,-9.53,-0.41,23,401405099,2022,5
103,Boston College Eagles,24,0.47058823529411764,14,0.5833333333333334,10,0.37037037037037035,2,0.18181818181818182,3,0.3333333333333333,21,0.5,42,0.42857142857142855,0.5714285714285714,23.65,0.56,11,0.2619047619047619,18,17.89,0.99,12,0.6666666666666666,24,5.77,0.24,9,0.375,7,0.42857142857142855,0.5714285714285714,4.0,0.57,3,0.42857142857142855,3,0.13,0.04,1,0.3333333333333333,4,3.87,0.97,2,0.5,3,2,1,9,6,3,1.05,0.12,0.3333333333333333,0.2222222222222222,0.1111111111111111,0.6666666666666666,0.3333333333333333,17,0.5,10.85,0.32,34,7,0.4117647058823529,13.85,0.81,17,401411124,2022,5
97,Louisville Cardinals,28,0.3888888888888889,12,0.34285714285714286,16,0.43243243243243246,5,0.4166666666666667,6,0.4,22,0.4074074074074074,54,0.48148148148148145,0.5185185185185185,-3.03,-0.06,12,0.2222222222222222,26,1.66,0.06,10,0.38461538461538464,28,-4.69,-0.17,12,0.42857142857142855,16,0.5625,0.4375,-1.1,-0.07,5,0.3125,9,-2.32,-0.26,2,0.2222222222222222,7,1.22,0.17,3,0.42857142857142855,6,2,4,18,9,9,-7.86,-0.44,0.3333333333333333,0.1111111111111111,0.2222222222222222,0.5,0.5,21,0.42857142857142855,-7.16,-0.15,49,7,0.30434782608695654,-3.73,-0.16,23,401411124,2022,5
2426,Navy Midshipmen,19,0.34545454545454546,6,0.3,13,0.37142857142857144,2,0.2,4,0.3333333333333333,15,0.35714285714285715,42,0.3333333333333333,0.6666666666666666,-1.61,-0.04,9,0.21428571428571427,14,2.64,0.19,5,0.35714285714285715,28,-4.25,-0.15,10,0.35714285714285715,6,0.16666666666666666,0.8333333333333334,-2.04,-0.34,2,0.3333333333333333,1,-0.64,-0.64,0,0.0,5,-1.4,-0.28,2,0.4,4,1,3,13,6,7,-4.3,-0.33,0.3076923076923077,0.07692307692307693,0.23076923076923078,0.46153846153846156,0.5384615384615384,12,0.3333333333333333,-8.38,-0.23,36,7,0.3684210526315789,2.47,0.13,19,401415227,2022,5
2005,Air Force Falcons,25,0.44642857142857145,5,0.5,20,0.43478260869565216,3,0.375,3,0.25,22,0.5,44,0.13636363636363635,0.8636363636363636,0.19,0.0,12,0.2727272727272727,6,4.89,0.82,4,0.6666666666666666,38,-4.71,-0.12,18,0.47368421052631576,11,0.18181818181818182,0.8181818181818182,-7.58,-0.69,2,0.18181818181818182,2,-3.44,-1.72,0,0.0,9,-4.14,-0.46,2,0.2222222222222222,3,1,2,12,4,8,-5.11,-0.43,0.25,0.08333333333333333,0.16666666666666666,0.3333333333333333,0.6666666666666666,21,0.5384615384615384,2.03,0.05,39,4,0.23529411764705882,-6.95,-0.41,17,401415227,2022,5
218,Temple Owls,14,0.23728813559322035,11,0.2894736842105263,3,0.14285714285714285,0,0.0,2,0.125,12,0.3,40,0.525,0.475,-2.85,-0.07,5,0.125,21,3.45,0.16,9,0.42857142857142855,19,-6.29,-0.33,3,0.15789473684210525,4,0.25,0.75,-3.08,-0.77,1,0.25,1,0.91,0.91,1,1.0,3,-3.99,-1.33,0,0.0,2,2,0,19,17,2,-25.06,-1.32,0.10526315789473684,0.10526315789473684,0.0,0.8947368421052632,0.10526315789473684,10,0.24390243902439024,-16.82,-0.41,41,4,0.2222222222222222,-11.09,-0.62,18,401415628,2022,5
235,Memphis Tigers,31,0.3563218390804598,19,0.38,12,0.32432432432432434,5,0.3125,9,0.47368421052631576,21,0.328125,64,0.5625,0.4375,-12.72,-0.2,10,0.15625,36,-7.98,-0.22,13,0.3611111111111111,28,-4.74,-0.17,8,0.2857142857142857,8,0.75,0.25,-2.31,-0.29,1,0.125,6,-1.22,-0.2,1,0.16666666666666666,2,-1.09,-0.55,0,0.0,10,6,4,23,14,9,-2.62,-0.11,0.43478260869565216,0.2608695652173913,0.17391304347826086,0.6086956521739131,0.391304347826087,23,0.41818181818181815,-6.5,-0.12,55,8,0.25,-8.84,-0.28,32,401415628,2022,5
326,Texas State Bobcats,19,0.3275862068965517,9,0.3103448275862069,10,0.3448275862068966,2,0.5,3,0.25,16,0.36363636363636365,44,0.4318181818181818,0.5681818181818182,-16.07,-0.37,8,0.18181818181818182,19,-7.11,-0.37,7,0.3684210526315789,25,-8.96,-0.36,9,0.36,4,0.75,0.25,-9.21,-2.3,1,0.25,3,-8.54,-2.85,1,0.3333333333333333,1,-0.67,-0.67,0,0.0,3,2,1,14,10,4,-6.52,-0.47,0.21428571428571427,0.14285714285714285,0.07142857142857142,0.7142857142857143,0.2857142857142857,12,0.34285714285714286,-20.17,-0.58,35,7,0.30434782608695654,-2.41,-0.1,23,401426338,2022,5
256,James Madison Dukes,35,0.4605263157894737,13,0.5,22,0.44,9,0.5,6,0.46153846153846156,29,0.46774193548387094,62,0.2903225806451613,0.7096774193548387,-11.39,-0.18,14,0.22580645161290322,18,-2.04,-0.11,9,0.5,44,-9.36,-0.21,20,0.45454545454545453,12,0.4166666666666667,0.5833333333333334,-2.08,-0.17,5,0.4166666666666667,5,1.16,0.23,2,0.4,7,-3.25,-0.46,3,0.42857142857142855,6,4,2,14,8,6,1.11,0.08,0.42857142857142855,0.2857142857142857,0.14285714285714285,0.5714285714285714,0.42857142857142855,24,0.4528301886792453,-17.8,-0.34,53,11,0.4782608695652174,7.51,0.33,23,401426338,2022,5
2199,Eastern Michigan Eagles,30,0.4411764705882353,10,0.4,20,0.46511627906976744,4,1.0,5,0.35714285714285715,25,0.4716981132075472,53,0.3018867924528302,0.6981132075471698,0.95,0.02,11,0.20754716981132076,16,-0.22,-0.01,8,0.5,37,1.17,0.03,17,0.4594594594594595,16,0.5,0.5,-0.37,-0.02,8,0.5,8,-3.09,-0.39,3,0.375,8,2.73,0.34,5,0.625,5,2,3,15,9,6,-6.38,-0.43,0.3333333333333333,0.13333333333333333,0.2,0.6,0.4,22,0.4782608695652174,-3.71,-0.08,46,8,0.36363636363636365,-1.72,-0.08,22,401414782,2022,5
113,Massachusetts Minutemen,29,0.3972602739726027,7,0.3181818181818182,22,0.43137254901960786,4,0.36363636363636365,7,0.35,21,0.4117647058823529,51,0.13725490196078433,0.8627450980392157,-6.99,-0.14,6,0.11764705882352941,7,-1.07,-0.15,2,0.2857142857142857,44,-5.92,-0.13,19,0.4318181818181818,14,0.35714285714285715,0.6428571428571429,-5.13,-0.37,3,0.21428571428571427,5,-0.52,-0.1,1,0.2,9,-4.6,-0.51,2,0.2222222222222222,8,5,3,22,15,7,-5.37,-0.24,0.36363636363636365,0.22727272727272727,0.13636363636363635,0.6818181818181818,0.3181818181818182,20,0.425531914893617,-3.9,-0.08,47,9,0.34615384615384615,-8.46,-0.33,26,401414782,2022,5
2459,Northern Illinois Huskies,38,0.4935064935064935,13,0.5,25,0.49019607843137253,3,0.25,7,0.4666666666666667,31,0.5081967213114754,61,0.3114754098360656,0.6885245901639344,7.2,0.12,19,0.3114754098360656,19,4.04,0.21,11,0.5789473684210527,42,3.16,0.08,20,0.47619047619047616,18,0.3333333333333333,0.6666666666666666,-1.46,-0.08,9,0.5,6,-4.46,-0.74,3,0.5,12,2.99,0.25,6,0.5,7,2,5,16,7,9,2.35,0.15,0.4375,0.125,0.3125,0.4375,0.5625,31,0.5636363636363636,20.36,0.37,55,7,0.3181818181818182,-10.82,-0.49,22,401416608,2022,5
2050,Ball State Cardinals,41,0.5061728395061729,31,0.543859649122807,10,0.4166666666666667,6,0.46153846153846156,6,0.46153846153846156,33,0.5,66,0.6666666666666666,0.3333333333333333,14.5,0.22,17,0.25757575757575757,44,14.78,0.34,25,0.5681818181818182,22,-0.28,-0.01,8,0.36363636363636365,13,0.7692307692307693,0.23076923076923078,6.36,0.49,7,0.5384615384615384,10,6.0,0.6,6,0.6,3,0.36,0.12,1,0.3333333333333333,8,6,2,15,13,2,0.85,0.06,0.5333333333333333,0.4,0.13333333333333333,0.8666666666666667,0.13333333333333333,33,0.55,17.45,0.29,60,8,0.38095238095238093,-2.1,-0.1,21,401416608,2022,5
2305,Kansas Jayhawks,17,0.37777777777777777,7,0.4666666666666667,10,0.3333333333333333,4,0.6666666666666666,3,0.3,14,0.4,35,0.3142857142857143,0.6857142857142857,-5.45,-0.16,7,0.2,11,2.27,0.21,6,0.5454545454545454,24,-7.71,-0.32,8,0.3333333333333333,11,0.36363636363636365,0.6363636363636364,-0.16,-0.01,5,0.45454545454545453,4,1.42,0.35,2,0.5,7,-1.57,-0.22,3,0.42857142857142855,3,1,2,10,4,6,-2.31,-0.23,0.3,0.1,0.2,0.4,0.6,16,0.5161290322580645,8.2,0.26,31,1,0.07142857142857142,-15.96,-1.14,14,401404084,2022,5
66,Iowa State Cyclones,28,0.358974358974359,18,0.33962264150943394,10,0.4,1,0.14285714285714285,6,0.3333333333333333,18,0.32727272727272727,55,0.6,0.4,-10.27,-0.19,10,0.18181818181818182,33,-2.8,-0.08,11,0.3333333333333333,22,-7.47,-0.34,7,0.3181818181818182,9,0.8888888888888888,0.1111111111111111,7.85,0.87,3,0.3333333333333333,8,8.14,1.02,3,0.375,1,-0.29,-0.29,0,0.0,10,7,3,23,20,3,9.83,0.43,0.43478260869565216,0.30434782608695654,0.13043478260869565,0.8695652173913043,0.13043478260869565,19,0.4222222222222222,0.72,0.02,45,9,0.2727272727272727,-1.15,-0.03,33,401404084,2022,5
41,UConn Huskies,26,0.38235294117647056,8,0.47058823529411764,18,0.35294117647058826,4,0.3076923076923077,8,0.47058823529411764,17,0.34,50,0.14,0.86,-9.46,-0.19,5,0.1,7,3.67,0.52,3,0.42857142857142855,43,-13.13,-0.31,14,0.32558139534883723,9,0.3333333333333333,0.6666666666666666,1.97,0.22,6,0.6666666666666666,3,2.92,0.97,2,0.6666666666666666,6,-0.95,-0.16,4,0.6666666666666666,9,5,4,18,10,8,4.55,0.25,0.5,0.2777777777777778,0.2222222222222222,0.5555555555555556,0.4444444444444444,16,0.37209302325581395,-7.39,-0.17,43,10,0.4,2.49,0.1,25,401404151,2022,5
278,Fresno State Bulldogs,20,0.4166666666666667,10,0.4166666666666667,10,0.4166666666666667,4,0.8,0,0.0,20,0.5128205128205128,39,0.5128205128205128,0.48717948717948717,-14.31,-0.37,10,0.2564102564102564,20,-5.2,-0.26,10,0.5,19,-9.11,-0.48,10,0.5263157894736842,8,0.375,0.625,0.74,0.09,6,0.75,3,1.49,0.5,2,0.6666666666666666,5,-0.75,-0.15,4,0.8,0,0,0,9,4,5,-12.81,-1.42,0.0,0.0,0.0,0.4444444444444444,0.5555555555555556,18,0.4864864864864865,-18.01,-0.49,37,2,0.18181818181818182,-9.11,-0.83,11,401404151,2022,5
127,Michigan State Spartans,31,0.4696969696969697,21,0.4666666666666667,10,0.47619047619047616,3,0.2727272727272727,7,0.5,24,0.47058823529411764,51,0.6666666666666666,0.3333333333333333,4.91,0.1,10,0.19607843137254902,34,4.84,0.14,17,0.5,17,0.07,0.0,7,0.4117647058823529,8,0.875,0.125,-0.26,-0.03,4,0.5,7,-0.72,-0.1,3,0.42857142857142855,1,0.46,0.46,1,1.0,7,4,3,15,11,4,-0.01,-0.0,0.4666666666666667,0.26666666666666666,0.2,0.7333333333333333,0.26666666666666666,23,0.5476190476190477,9.28,0.22,42,8,0.3333333333333333,-4.38,-0.18,24,401405103,2022,5
120,Maryland Terrapins,30,0.4,20,0.4878048780487805,10,0.29411764705882354,7,0.6363636363636364,8,0.47058823529411764,20,0.36363636363636365,55,0.5454545454545454,0.45454545454545453,5.16,0.09,11,0.2,30,4.26,0.14,14,0.4666666666666667,25,0.9,0.04,6,0.24,11,0.5454545454545454,0.45454545454545453,1.58,0.14,6,0.5454545454545454,6,0.73,0.12,3,0.5,5,0.84,0.17,3,0.6,10,6,4,20,11,9,5.75,0.29,0.5,0.3,0.2,0.55,0.45,23,0.4423076923076923,10.33,0.2,52,7,0.30434782608695654,0.58,0.03,23,401405103,2022,5
153,North Carolina Tar Heels,33,0.4520547945205479,21,0.5121951219512195,12,0.375,8,0.5,7,0.4666666666666667,23,0.41818181818181815,55,0.5272727272727272,0.4727272727272727,6.24,0.11,14,0.2545454545454545,29,9.43,0.33,14,0.4827586206896552,26,-3.19,-0.12,9,0.34615384615384615,14,0.7857142857142857,0.21428571428571427,7.37,0.53,9,0.6428571428571429,11,5.29,0.48,7,0.6363636363636364,3,2.09,0.7,2,0.6666666666666666,10,7,3,18,12,6,13.17,0.73,0.5555555555555556,0.3888888888888889,0.16666666666666666,0.6666666666666666,0.3333333333333333,20,0.46511627906976744,9.11,0.21,43,13,0.43333333333333335,10.3,0.34,30,401411128,2022,5
259,Virginia Tech Hokies,31,0.44285714285714284,15,0.40540540540540543,16,0.48484848484848486,3,0.42857142857142855,10,0.5555555555555556,20,0.4,50,0.46,0.54,-11.86,-0.24,6,0.12,23,-9.82,-0.43,8,0.34782608695652173,27,-2.04,-0.08,12,0.4444444444444444,13,0.38461538461538464,0.6153846153846154,2.75,0.21,7,0.5384615384615384,5,2.43,0.49,3,0.6,8,0.33,0.04,4,0.5,11,7,4,20,14,6,5.97,0.3,0.55,0.35,0.2,0.7,0.3,22,0.5238095238095238,-3.38,-0.08,42,9,0.32142857142857145,-2.51,-0.09,28,401411128,2022,5
2117,Central Michigan Chippewas,25,0.352112676056338,21,0.42,4,0.19047619047619047,2,0.18181818181818182,8,0.42105263157894735,14,0.2978723404255319,47,0.6170212765957447,0.3829787234042553,-7.15,-0.15,3,0.06382978723404255,29,0.38,0.01,11,0.3793103448275862,18,-7.52,-0.42,3,0.16666666666666666,17,0.8823529411764706,0.11764705882352941,0.97,0.06,7,0.4117647058823529,15,0.6,0.04,6,0.4,2,0.38,0.19,1,0.5,11,10,1,24,21,3,7.07,0.29,0.4583333333333333,0.4166666666666667,0.041666666666666664,0.875,0.125,11,0.275,-7.39,-0.18,40,14,0.45161290322580644,7.32,0.24,31,401416607,2022,5
2649,Toledo Rockets,31,0.4492753623188406,10,0.43478260869565216,21,0.45652173913043476,7,0.5,10,0.5555555555555556,21,0.4117647058823529,51,0.29411764705882354,0.7058823529411765,-0.73,-0.01,10,0.19607843137254902,15,2.85,0.19,7,0.4666666666666667,36,-3.57,-0.1,14,0.3888888888888889,10,0.4,0.6,1.46,0.15,5,0.5,4,-0.97,-0.24,1,0.25,6,2.44,0.41,4,0.6666666666666666,10,3,7,18,8,10,10.46,0.58,0.5555555555555556,0.16666666666666666,0.3888888888888889,0.4444444444444444,0.5555555555555556,22,0.4888888888888889,6.5,0.14,45,9,0.375,3.23,0.13,24,401416607,2022,5
2006,Akron Zips,15,0.35714285714285715,7,0.3181818181818182,8,0.4,2,0.6666666666666666,5,0.5555555555555556,10,0.3333333333333333,30,0.5,0.5,0.69,0.02,6,0.2,15,4.27,0.28,5,0.3333333333333333,15,-3.58,-0.24,5,0.3333333333333333,3,1.0,0.0,2.99,1.0,2,0.6666666666666666,3,2.99,1.0,2,0.6666666666666666,,,,,,5,2,3,12,7,5,-4.95,-0.41,0.4166666666666667,0.16666666666666666,0.25,0.5833333333333334,0.4166666666666667,10,0.4,0.87,0.03,25,5,0.29411764705882354,-5.13,-0.3,17,401416609,2022,5
189,Bowling Green Falcons,17,0.4594594594594595,10,0.5263157894736842,7,0.3888888888888889,3,0.75,5,0.7142857142857143,12,0.42857142857142855,28,0.5,0.5,1.59,0.06,8,0.2857142857142857,14,1.39,0.11,7,0.5,14,0.2,0.01,5,0.35714285714285715,1,1.0,0.0,1.45,1.45,1,1.0,1,1.45,1.45,1,1.0,,,,,,5,3,2,9,5,4,1.41,0.16,0.5555555555555556,0.3333333333333333,0.2222222222222222,0.5555555555555556,0.4444444444444444,14,0.4827586206896552,0.4,0.01,29,3,0.375,2.6,0.32,8,401416609,2022,5
2084,Buffalo Bulls,13,0.29545454545454547,10,0.38461538461538464,3,0.16666666666666666,4,0.5,2,0.2222222222222222,10,0.29411764705882354,34,0.5588235294117647,0.4411764705882353,-14.72,-0.43,9,0.2647058823529412,19,-4.1,-0.22,8,0.42105263157894735,15,-10.61,-0.71,2,0.13333333333333333,3,0.6666666666666666,0.3333333333333333,-0.04,-0.01,1,0.3333333333333333,2,0.05,0.03,1,0.5,1,-0.1,-0.1,0,0.0,3,2,1,10,7,3,1.77,0.18,0.3,0.2,0.1,0.7,0.3,7,0.2413793103448276,-16.08,-0.55,29,6,0.4,3.13,0.21,15,401416610,2022,5
193,Miami (OH) RedHawks,9,0.21428571428571427,3,0.14285714285714285,6,0.2857142857142857,1,0.3333333333333333,2,0.18181818181818182,7,0.23333333333333334,30,0.43333333333333335,0.5666666666666667,-15.68,-0.52,5,0.16666666666666666,13,-14.62,-1.12,2,0.15384615384615385,17,-1.06,-0.06,5,0.29411764705882354,2,0.0,1.0,0.78,0.39,1,0.5,,,,,,2,0.78,0.39,1,0.5,2,1,1,12,8,4,0.69,0.06,0.16666666666666666,0.08333333333333333,0.08333333333333333,0.6666666666666666,0.3333333333333333,4,0.16666666666666666,-16.75,-0.7,24,5,0.2777777777777778,1.77,0.1,18,401416610,2022,5
195,Ohio Bobcats,30,0.46875,19,0.5,11,0.4230769230769231,3,0.375,4,0.2857142857142857,25,0.5208333333333334,48,0.6041666666666666,0.3958333333333333,15.6,0.33,11,0.22916666666666666,29,12.31,0.42,16,0.5517241379310345,19,3.29,0.17,9,0.47368421052631576,8,0.875,0.125,-3.56,-0.44,2,0.25,7,-2.94,-0.42,2,0.2857142857142857,1,-0.62,-0.62,0,0.0,5,3,2,16,9,7,-8.84,-0.55,0.3125,0.1875,0.125,0.5625,0.4375,23,0.48936170212765956,9.19,0.2,47,7,0.4117647058823529,-2.43,-0.14,17,401416611,2022,5
2309,Kent State Golden Flashes,48,0.5217391304347826,20,0.5405405405405406,28,0.509090909090909,3,0.3333333333333333,9,0.6428571428571429,39,0.5131578947368421,76,0.35526315789473684,0.6447368421052632,11.13,0.15,26,0.34210526315789475,27,7.89,0.29,15,0.5555555555555556,49,3.23,0.07,24,0.4897959183673469,25,0.4,0.6,-1.64,-0.07,14,0.56,10,-3.79,-0.38,4,0.4,15,2.14,0.14,10,0.6666666666666666,9,5,4,16,10,6,4.83,0.3,0.5625,0.3125,0.25,0.625,0.375,34,0.5151515151515151,4.8,0.07,66,14,0.5384615384615384,11.15,0.43,26,401416611,2022,5
2643,The Citadel Bulldogs,24,0.3582089552238806,2,0.2,22,0.38596491228070173,1,0.2,6,0.3333333333333333,15,0.3409090909090909,44,0.13636363636363635,0.8636363636363636,-6.93,-0.16,5,0.11363636363636363,6,-1.5,-0.25,1,0.16666666666666666,38,-5.43,-0.14,14,0.3684210526315789,25,0.12,0.88,6.43,0.26,14,0.56,3,-0.71,-0.24,0,0.0,22,7.14,0.32,14,0.6363636363636364,9,1,8,23,4,19,-13.23,-0.58,0.391304347826087,0.043478260869565216,0.34782608695652173,0.17391304347826086,0.8260869565217391,17,0.38636363636363635,-3.55,-0.08,44,7,0.30434782608695654,-16.61,-0.72,23,401421140,2022,5
2026,Appalachian State Mountaineers,28,0.6086956521739131,12,0.5714285714285714,16,0.64,3,0.5,0,0.0,25,0.6578947368421053,38,0.4473684210526316,0.5526315789473685,31.07,0.82,15,0.39473684210526316,17,18.58,1.09,11,0.6470588235294118,21,12.49,0.59,14,0.6666666666666666,4,0.75,0.25,-1.34,-0.34,1,0.25,3,-1.88,-0.63,0,0.0,1,0.54,0.54,1,1.0,3,1,2,8,4,4,2.54,0.32,0.375,0.125,0.25,0.5,0.5,24,0.6666666666666666,32.83,0.91,36,4,0.4,0.77,0.08,10,401421140,2022,5
276,Marshall Thundering Herd,32,0.37209302325581395,12,0.3333333333333333,20,0.4,5,0.45454545454545453,10,0.47619047619047616,22,0.3492063492063492,63,0.3333333333333333,0.6666666666666666,-5.82,-0.09,9,0.14285714285714285,21,-1.14,-0.05,7,0.3333333333333333,42,-4.67,-0.11,15,0.35714285714285715,16,0.25,0.75,3.42,0.21,9,0.5625,4,1.39,0.35,1,0.25,12,2.03,0.17,8,0.6666666666666666,10,5,5,23,15,8,-6.5,-0.28,0.43478260869565216,0.21739130434782608,0.21739130434782608,0.6521739130434783,0.34782608695652173,18,0.3673469387755102,-6.01,-0.12,49,14,0.3783783783783784,-6.31,-0.17,37,401426339,2022,5
2241,Gardner-Webb Runnin' Bulldogs,10,0.19607843137254902,6,0.17142857142857143,4,0.25,,,3,0.21428571428571427,7,0.1891891891891892,37,0.6216216216216216,0.3783783783783784,-21.84,-0.59,4,0.10810810810810811,23,-16.2,-0.7,4,0.17391304347826086,14,-5.64,-0.4,3,0.21428571428571427,6,0.6666666666666666,0.3333333333333333,-4.7,-0.78,0,0.0,4,-3.54,-0.89,0,0.0,2,-1.16,-0.58,0,0.0,3,2,1,14,12,2,-10.61,-0.76,0.21428571428571427,0.14285714285714285,0.07142857142857142,0.8571428571428571,0.14285714285714285,7,0.2692307692307692,-9.12,-0.35,26,3,0.12,-23.34,-0.93,25,401426339,2022,5
249,North Texas Mean Green,33,0.4647887323943662,11,0.4782608695652174,22,0.4583333333333333,7,0.7777777777777778,4,0.3333333333333333,28,0.4827586206896552,58,0.27586206896551724,0.7241379310344828,-0.06,-0.0,14,0.2413793103448276,16,-0.19,-0.01,9,0.5625,42,0.13,0.0,19,0.4523809523809524,16,0.25,0.75,-7.48,-0.47,6,0.375,4,-8.64,-2.16,1,0.25,12,1.16,0.1,5,0.4166666666666667,5,2,3,13,7,6,1.4,0.11,0.38461538461538464,0.15384615384615385,0.23076923076923078,0.5384615384615384,0.46153846153846156,27,0.5192307692307693,-2.01,-0.04,52,6,0.3157894736842105,3.35,0.18,19,401426575,2022,5
2226,Florida Atlantic Owls,36,0.46153846153846156,21,0.42,15,0.5357142857142857,5,0.45454545454545453,9,0.5,26,0.4482758620689655,58,0.603448275862069,0.39655172413793105,2.56,0.04,13,0.22413793103448276,35,-0.63,-0.02,14,0.4,23,3.19,0.14,12,0.5217391304347826,7,0.7142857142857143,0.2857142857142857,7.81,1.12,4,0.5714285714285714,5,7.03,1.41,2,0.4,2,0.77,0.39,2,1.0,10,7,3,20,15,5,-3.14,-0.16,0.5,0.35,0.15,0.75,0.25,26,0.5,-9.33,-0.18,52,10,0.38461538461538464,8.75,0.34,26,401426575,2022,5
183,Syracuse Orange,41,0.7321428571428571,17,0.9444444444444444,24,0.631578947368421,11,0.55,7,0.7777777777777778,33,0.717391304347826,46,0.3695652173913043,0.6304347826086957,25.18,0.55,18,0.391304347826087,17,13.1,0.77,16,0.9411764705882353,29,12.09,0.42,17,0.5862068965517241,5,0.2,0.8,2.75,0.55,4,0.8,1,-0.9,-0.9,0,0.0,4,3.65,0.91,4,1.0,8,1,7,10,1,9,11.28,1.13,0.8,0.1,0.7,0.1,0.9,37,0.74,33.66,0.67,50,4,0.6666666666666666,2.81,0.47,6,401411130,2022,5
2681,Wagner Seahawks,9,0.24324324324324326,1,0.1111111111111111,8,0.2857142857142857,,,2,0.2,7,0.25925925925925924,27,0.18518518518518517,0.8148148148148148,-14.77,-0.55,2,0.07407407407407407,5,-7.29,-1.46,1,0.2,22,-7.48,-0.34,6,0.2727272727272727,3,0.0,1.0,-0.8,-0.27,0,0.0,,,,,,3,-0.8,-0.27,0,0.0,2,0,2,10,4,6,-7.03,-0.7,0.2,0.0,0.2,0.4,0.6,7,0.3333333333333333,-5.77,-0.27,21,2,0.125,-16.02,-1.0,16,401411130,2022,5
309,Louisiana Ragin' Cajuns,23,0.3484848484848485,11,0.2972972972972973,12,0.41379310344827586,3,0.375,5,0.3125,17,0.3469387755102041,49,0.5510204081632653,0.4489795918367347,-12.13,-0.25,8,0.16326530612244897,27,-12.25,-0.45,9,0.3333333333333333,22,0.12,0.01,8,0.36363636363636365,15,0.7333333333333333,0.26666666666666666,-6.35,-0.42,8,0.5333333333333333,11,-6.9,-0.63,5,0.45454545454545453,4,0.56,0.14,3,0.75,6,2,4,17,10,7,-3.46,-0.2,0.35294117647058826,0.11764705882352941,0.23529411764705882,0.5882352941176471,0.4117647058823529,20,0.45454545454545453,-3.62,-0.08,44,3,0.13636363636363635,-11.97,-0.54,22,401426341,2022,5
6,South Alabama Jaguars,29,0.3815789473684211,15,0.36585365853658536,14,0.4,5,0.38461538461538464,12,0.5714285714285714,16,0.3076923076923077,52,0.5,0.5,-12.83,-0.25,6,0.11538461538461539,26,-7.2,-0.28,8,0.3076923076923077,26,-5.63,-0.22,8,0.3076923076923077,9,0.4444444444444444,0.5555555555555556,-2.54,-0.28,4,0.4444444444444444,4,-0.86,-0.22,2,0.5,5,-1.68,-0.34,2,0.4,13,7,6,24,15,9,8.33,0.35,0.5416666666666666,0.2916666666666667,0.25,0.625,0.375,18,0.34615384615384615,-18.19,-0.35,52,11,0.4583333333333333,13.69,0.57,24,401426341,2022,5
25,California Golden Bears,19,0.3114754098360656,14,0.34146341463414637,5,0.25,0,0.0,5,0.3125,14,0.3181818181818182,44,0.6136363636363636,0.38636363636363635,-6.28,-0.14,8,0.18181818181818182,27,-2.66,-0.1,10,0.37037037037037035,17,-3.63,-0.21,4,0.23529411764705882,7,0.5714285714285714,0.42857142857142855,-3.05,-0.44,1,0.14285714285714285,4,-1.74,-0.43,1,0.25,3,-1.31,-0.44,0,0.0,5,4,1,17,14,3,-0.89,-0.05,0.29411764705882354,0.23529411764705882,0.058823529411764705,0.8235294117647058,0.17647058823529413,13,0.325,-8.69,-0.22,40,6,0.2857142857142857,1.52,0.07,21,401404004,2022,5
265,Washington State Cougars,28,0.45161290322580644,20,0.4878048780487805,8,0.38095238095238093,5,0.45454545454545453,7,0.5384615384615384,19,0.40425531914893614,47,0.6170212765957447,0.3829787234042553,-2.52,-0.05,11,0.23404255319148937,29,0.31,0.01,13,0.4482758620689655,18,-2.83,-0.16,6,0.3333333333333333,13,0.8461538461538461,0.15384615384615385,4.35,0.33,5,0.38461538461538464,11,4.42,0.4,4,0.36363636363636365,2,-0.07,-0.03,1,0.5,9,7,2,15,12,3,10.67,0.71,0.6,0.4666666666666667,0.13333333333333333,0.8,0.2,21,0.4772727272727273,5.37,0.12,44,7,0.3888888888888889,2.77,0.15,18,401404004,2022,5
295,Old Dominion Monarchs,30,0.38961038961038963,19,0.3877551020408163,11,0.39285714285714285,5,0.4166666666666667,6,0.3333333333333333,22,0.39285714285714285,56,0.5714285714285714,0.42857142857142855,3.25,0.06,10,0.17857142857142858,32,4.7,0.15,13,0.40625,24,-1.45,-0.06,9,0.375,3,0.0,1.0,-2.05,-0.68,0,0.0,,,,,,3,-2.05,-0.68,0,0.0,8,6,2,21,17,4,-1.54,-0.07,0.38095238095238093,0.2857142857142857,0.09523809523809523,0.8095238095238095,0.19047619047619047,21,0.4666666666666667,10.91,0.24,45,9,0.28125,-9.2,-0.29,32,401404161,2022,5
2335,Liberty Flames,28,0.4375,15,0.46875,13,0.40625,2,0.3333333333333333,4,0.4,24,0.4444444444444444,54,0.48148148148148145,0.5185185185185185,4.49,0.08,11,0.2037037037037037,26,2.56,0.1,13,0.5,28,1.93,0.07,11,0.39285714285714285,17,0.5294117647058824,0.47058823529411764,-0.66,-0.04,8,0.47058823529411764,9,-0.87,-0.1,5,0.5555555555555556,8,0.21,0.03,3,0.375,4,2,2,10,6,4,4.03,0.4,0.4,0.2,0.2,0.6,0.4,24,0.48,11.12,0.22,50,4,0.2857142857142857,-2.6,-0.19,14,401404161,2022,5
2711,Western Michigan Broncos,19,0.3958333333333333,9,0.375,10,0.4166666666666667,6,0.6,3,0.3,16,0.42105263157894735,38,0.47368421052631576,0.5263157894736842,5.14,0.14,6,0.15789473684210525,18,4.72,0.26,8,0.4444444444444444,20,0.42,0.02,8,0.4,7,0.5714285714285714,0.42857142857142855,-5.26,-0.75,0,0.0,4,-3.89,-0.97,0,0.0,3,-1.37,-0.46,0,0.0,3,1,2,10,6,4,1.18,0.12,0.3,0.1,0.2,0.6,0.4,16,0.5333333333333333,10.18,0.34,30,3,0.16666666666666666,-3.87,-0.21,18,401416612,2022,5
160,New Hampshire Wildcats,22,0.3188405797101449,12,0.3076923076923077,10,0.3333333333333333,0,0.0,2,0.14285714285714285,17,0.3333333333333333,51,0.5294117647058824,0.47058823529411764,-23.66,-0.46,7,0.13725490196078433,27,-18.43,-0.68,10,0.37037037037037035,24,-5.24,-0.22,7,0.2916666666666667,12,0.5833333333333334,0.4166666666666667,4.01,0.33,4,0.3333333333333333,7,1.91,0.27,2,0.2857142857142857,5,2.09,0.42,2,0.4,5,2,3,18,12,6,1.95,0.11,0.2777777777777778,0.1111111111111111,0.16666666666666666,0.6666666666666666,0.3333333333333333,13,0.3023255813953488,-12.17,-0.28,43,9,0.34615384615384615,-9.55,-0.37,26,401416612,2022,5
2638,UTEP Miners,29,0.5087719298245614,8,0.5333333333333333,21,0.5,4,0.36363636363636365,3,0.2727272727272727,23,0.5348837209302325,43,0.20930232558139536,0.7906976744186046,7.98,0.19,12,0.27906976744186046,9,8.71,0.97,6,0.6666666666666666,34,-0.73,-0.02,17,0.5,13,0.3076923076923077,0.6923076923076923,1.43,0.11,6,0.46153846153846156,4,2.3,0.57,1,0.25,9,-0.87,-0.1,5,0.5555555555555556,6,2,4,14,6,8,6.9,0.49,0.42857142857142855,0.14285714285714285,0.2857142857142857,0.42857142857142855,0.5714285714285714,24,0.5333333333333333,5.72,0.13,45,5,0.4166666666666667,9.16,0.76,12,401426573,2022,5
2429,Charlotte 49ers,28,0.4307692307692308,17,0.40476190476190477,11,0.5238095238095238,3,0.375,4,0.4,22,0.41509433962264153,53,0.6415094339622641,0.32075471698113206,-5.47,-0.1,14,0.2641509433962264,34,11.61,0.34,14,0.4117647058823529,17,2.84,0.17,8,0.47058823529411764,7,0.5714285714285714,0.2857142857142857,3.2,0.46,6,0.8571428571428571,4,9.18,2.29,4,1.0,2,1.24,0.62,2,1.0,6,3,3,12,8,4,8.75,0.73,0.5,0.25,0.25,0.6666666666666666,0.3333333333333333,20,0.47619047619047616,1.35,0.03,42,8,0.34782608695652173,1.93,0.08,23,401426573,2022,5
99,LSU Tigers,26,0.3561643835616438,4,0.13793103448275862,22,0.5,2,0.6666666666666666,5,0.35714285714285715,21,0.3559322033898305,59,0.3389830508474576,0.6610169491525424,-3.25,-0.06,11,0.1864406779661017,20,-1.7,-0.09,4,0.2,39,-1.55,-0.04,17,0.4358974358974359,17,0.4117647058823529,0.5882352941176471,4.52,0.27,7,0.4117647058823529,7,0.47,0.07,1,0.14285714285714285,10,4.05,0.4,6,0.6,5,0,5,14,9,5,-6.33,-0.45,0.35714285714285715,0.0,0.35714285714285715,0.6428571428571429,0.35714285714285715,19,0.37254901960784315,-10.14,-0.2,51,7,0.3181818181818182,0.55,0.03,22,401403903,2022,5
2,Auburn Tigers,27,0.391304347826087,14,0.34146341463414637,13,0.4642857142857143,3,0.375,7,0.4666666666666667,19,0.36538461538461536,52,0.5192307692307693,0.4807692307692308,-9.97,-0.19,11,0.21153846153846154,27,-6.19,-0.23,9,0.3333333333333333,25,-3.78,-0.15,10,0.4,7,0.7142857142857143,0.2857142857142857,-2.49,-0.36,1,0.14285714285714285,5,-1.65,-0.33,1,0.2,2,-0.84,-0.42,0,0.0,8,5,3,17,14,3,6.17,0.36,0.47058823529411764,0.29411764705882354,0.17647058823529413,0.8235294117647058,0.17647058823529413,17,0.4146341463414634,-0.79,-0.02,41,10,0.35714285714285715,-3.01,-0.11,28,401403903,2022,5
202,Tulsa Golden Hurricane,30,0.37037037037037035,18,0.3673469387755102,12,0.375,7,0.4666666666666667,12,0.631578947368421,17,0.2833333333333333,60,0.5333333333333333,0.4666666666666667,-21.09,-0.35,6,0.1,32,-16.93,-0.53,9,0.28125,28,-4.15,-0.15,8,0.2857142857142857,11,0.36363636363636365,0.6363636363636364,11.26,1.02,7,0.6363636363636364,4,7.77,1.94,3,0.75,7,3.49,0.5,4,0.5714285714285714,13,9,4,21,17,4,5.53,0.26,0.6190476190476191,0.42857142857142855,0.19047619047619047,0.8095238095238095,0.19047619047619047,22,0.39285714285714285,-7.43,-0.13,56,8,0.32,-8.13,-0.33,25,401415627,2022,5
2132,Cincinnati Bearcats,22,0.3728813559322034,11,0.36666666666666664,11,0.3793103448275862,5,0.45454545454545453,3,0.21428571428571427,16,0.38095238095238093,42,0.4523809523809524,0.5476190476190477,2.54,0.06,9,0.21428571428571427,19,0.28,0.01,7,0.3684210526315789,23,2.26,0.1,9,0.391304347826087,16,0.4375,0.5625,2.49,0.16,9,0.5625,7,-0.46,-0.07,3,0.42857142857142855,9,2.96,0.33,6,0.6666666666666666,6,4,2,17,11,6,-0.11,-0.01,0.35294117647058826,0.23529411764705882,0.11764705882352941,0.6470588235294118,0.35294117647058826,14,0.3783783783783784,8.03,0.22,37,8,0.36363636363636365,-5.6,-0.25,22,401415627,2022,5
324,Coastal Carolina Chanticleers,33,0.5076923076923077,18,0.5,15,0.5172413793103449,3,0.42857142857142855,7,0.5833333333333334,26,0.49056603773584906,53,0.5471698113207547,0.4528301886792453,12.3,0.23,12,0.22641509433962265,29,13.49,0.47,15,0.5172413793103449,24,-1.19,-0.05,11,0.4583333333333333,13,0.6153846153846154,0.38461538461538464,3.17,0.24,7,0.5384615384615384,8,4.28,0.54,5,0.625,5,-1.11,-0.22,2,0.4,7,3,4,12,7,5,10.04,0.84,0.5833333333333334,0.25,0.3333333333333333,0.5833333333333334,0.4166666666666667,25,0.5319148936170213,14.91,0.32,47,8,0.4444444444444444,7.43,0.41,18,401426337,2022,5
290,Georgia Southern Eagles,33,0.44594594594594594,20,0.45454545454545453,13,0.43333333333333335,3,0.2727272727272727,8,0.47058823529411764,24,0.4444444444444444,54,0.5555555555555556,0.4444444444444444,2.67,0.05,13,0.24074074074074073,30,2.26,0.08,13,0.43333333333333335,24,0.41,0.02,11,0.4583333333333333,7,0.42857142857142855,0.5714285714285714,2.63,0.38,3,0.42857142857142855,3,1.9,0.63,1,0.3333333333333333,4,0.72,0.18,2,0.5,9,7,2,20,14,6,5.2,0.26,0.45,0.35,0.1,0.7,0.3,25,0.5,9.78,0.2,50,8,0.3333333333333333,-1.92,-0.08,24,401426337,2022,5
2433,UL Monroe Warhawks,23,0.42592592592592593,6,0.25,17,0.5666666666666667,5,0.7142857142857143,5,0.45454545454545453,18,0.42857142857142855,42,0.40476190476190477,0.5952380952380952,1.12,0.03,7,0.16666666666666666,17,-1.92,-0.11,4,0.23529411764705882,25,3.04,0.12,14,0.56,4,0.25,0.75,-2.4,-0.6,1,0.25,1,-1.66,-1.66,0,0.0,3,-0.74,-0.25,1,0.3333333333333333,5,2,3,12,7,5,2.5,0.21,0.4166666666666667,0.16666666666666666,0.25,0.5833333333333334,0.4166666666666667,18,0.5454545454545454,9.65,0.29,33,5,0.23809523809523808,-6.02,-0.29,21,401426340,2022,5
2032,Arkansas State Red Wolves,28,0.3835616438356164,18,0.5294117647058824,10,0.2564102564102564,7,0.4375,9,0.5625,17,0.3090909090909091,55,0.34545454545454546,0.6545454545454545,-7.98,-0.15,8,0.14545454545454545,19,0.59,0.03,9,0.47368421052631576,36,-8.57,-0.24,8,0.2222222222222222,14,0.42857142857142855,0.5714285714285714,8.31,0.59,7,0.5,6,8.21,1.37,4,0.6666666666666666,8,0.1,0.01,3,0.375,11,9,2,18,15,3,18.28,1.02,0.6111111111111112,0.5,0.1111111111111111,0.8333333333333334,0.16666666666666666,16,0.3404255319148936,-0.21,-0.0,47,12,0.46153846153846156,10.52,0.4,26,401426340,2022,5
2653,Troy Trojans,35,0.5,21,0.525,14,0.4666666666666667,4,0.3333333333333333,5,0.38461538461538464,28,0.5185185185185185,54,0.5185185185185185,0.48148148148148145,11.94,0.22,13,0.24074074074074073,28,10.52,0.38,16,0.5714285714285714,26,1.43,0.05,12,0.46153846153846156,18,0.7222222222222222,0.2777777777777778,7.24,0.4,10,0.5555555555555556,13,6.64,0.51,7,0.5384615384615384,5,0.61,0.12,3,0.6,7,5,2,16,12,4,5.54,0.35,0.4375,0.3125,0.125,0.75,0.25,25,0.5319148936170213,9.98,0.21,47,10,0.43478260869565216,7.51,0.33,23,401426578,2022,5
98,Western Kentucky Hilltoppers,37,0.44047619047619047,27,0.45,10,0.4166666666666667,2,0.3333333333333333,9,0.5625,26,0.40625,64,0.71875,0.28125,5.05,0.08,14,0.21875,46,6.08,0.13,20,0.43478260869565216,18,-1.03,-0.06,6,0.3333333333333333,13,0.6923076923076923,0.3076923076923077,5.02,0.39,7,0.5384615384615384,9,3.12,0.35,5,0.5555555555555556,4,1.91,0.48,2,0.5,11,7,4,20,14,6,2.88,0.14,0.55,0.35,0.2,0.7,0.3,24,0.4,0.41,0.01,60,13,0.5416666666666666,7.52,0.31,24,401426578,2022,5
277,West Virginia Mountaineers,34,0.4358974358974359,22,0.43137254901960786,12,0.4444444444444444,7,0.4666666666666667,11,0.6111111111111112,20,0.36363636363636365,55,0.6181818181818182,0.38181818181818183,-2.02,-0.04,9,0.16363636363636364,34,0.39,0.01,13,0.38235294117647056,21,-2.41,-0.11,7,0.3333333333333333,13,0.7692307692307693,0.23076923076923078,5.42,0.42,5,0.38461538461538464,10,4.51,0.45,4,0.4,3,0.91,0.3,1,0.3333333333333333,14,9,5,23,17,6,8.11,0.35,0.6086956521739131,0.391304347826087,0.21739130434782608,0.7391304347826086,0.2608695652173913,23,0.4423076923076923,2.34,0.04,52,11,0.4230769230769231,3.75,0.14,26,401404087,2022,5
251,Texas Longhorns,36,0.6101694915254238,18,0.6,18,0.6206896551724138,6,0.8571428571428571,5,0.5555555555555556,31,0.62,50,0.54,0.46,19.02,0.38,14,0.28,27,19.17,0.71,18,0.6666666666666666,23,-0.15,-0.01,13,0.5652173913043478,14,0.7142857142857143,0.2857142857142857,1.17,0.08,6,0.42857142857142855,10,-0.9,-0.09,3,0.3,4,2.07,0.52,3,0.75,5,0,5,9,3,6,0.18,0.02,0.5555555555555556,0.0,0.5555555555555556,0.3333333333333333,0.6666666666666666,31,0.6458333333333334,17.03,0.35,48,5,0.45454545454545453,2.17,0.2,11,401404087,2022,5
158,Nebraska Cornhuskers,34,0.4657534246575342,13,0.48148148148148145,21,0.4666666666666667,6,0.6666666666666666,7,0.4375,27,0.47368421052631576,57,0.2982456140350877,0.7017543859649122,3.48,0.06,11,0.19298245614035087,17,3.18,0.19,8,0.47058823529411764,40,0.29,0.01,19,0.475,10,0.4,0.6,-2.04,-0.2,5,0.5,4,-1.26,-0.31,2,0.5,6,-0.78,-0.13,3,0.5,7,5,2,16,10,5,-2.66,-0.17,0.4375,0.3125,0.125,0.625,0.3125,28,0.5283018867924528,4.21,0.08,53,6,0.3,-3.4,-0.17,20,401405102,2022,5
84,Indiana Hoosiers,25,0.36231884057971014,18,0.36,7,0.3684210526315789,2,0.6666666666666666,2,0.14285714285714285,23,0.42592592592592593,54,0.6851851851851852,0.3148148148148148,1.75,0.03,10,0.18518518518518517,37,1.4,0.04,16,0.43243243243243246,17,0.35,0.02,7,0.4117647058823529,11,0.45454545454545453,0.5454545454545454,10.48,0.95,7,0.6363636363636364,5,7.16,1.43,4,0.8,6,3.32,0.55,3,0.5,2,2,0,15,13,2,-13.99,-0.93,0.13333333333333333,0.13333333333333333,0.0,0.8666666666666667,0.13333333333333333,17,0.4146341463414634,0.07,0.0,41,8,0.2857142857142857,-12.31,-0.44,28,401405102,2022,5
150,Duke Blue Devils,34,0.576271186440678,12,0.48,22,0.6470588235294118,11,1.0,5,0.5,27,0.5869565217391305,46,0.43478260869565216,0.5652173913043478,16.46,0.36,12,0.2608695652173913,20,5.0,0.25,10,0.5,26,11.46,0.44,17,0.6538461538461539,3,0.0,1.0,0.04,0.01,1,0.3333333333333333,,,,,,3,0.04,0.01,1,0.3333333333333333,7,2,5,13,5,8,0.35,0.03,0.5384615384615384,0.15384615384615385,0.38461538461538464,0.38461538461538464,0.6153846153846154,29,0.6744186046511628,21.13,0.49,43,5,0.3125,-4.32,-0.27,16,401411126,2022,5
258,Virginia Cavaliers,14,0.3684210526315789,8,0.36363636363636365,6,0.375,3,0.3333333333333333,6,0.5454545454545454,8,0.2962962962962963,27,0.5555555555555556,0.4444444444444444,-9.72,-0.36,3,0.1111111111111111,15,-2.87,-0.19,5,0.3333333333333333,12,-6.85,-0.57,3,0.25,2,0.5,0.5,1.74,0.87,1,0.5,1,3.5,3.5,1,1.0,1,-1.76,-1.76,0,0.0,6,3,3,11,7,4,5.34,0.49,0.5454545454545454,0.2727272727272727,0.2727272727272727,0.6363636363636364,0.36363636363636365,6,0.2857142857142857,-10.87,-0.52,21,8,0.47058823529411764,6.49,0.38,17,401411126,2022,5
2751,Wyoming Cowboys,18,0.33962264150943394,7,0.2916666666666667,11,0.39285714285714285,1,1.0,6,0.42857142857142855,11,0.2972972972972973,37,0.40540540540540543,0.5675675675675675,-11.67,-0.32,2,0.05405405405405406,15,-6.56,-0.44,4,0.26666666666666666,21,-3.81,-0.18,7,0.3333333333333333,6,0.5,0.5,-6.54,-1.09,2,0.3333333333333333,3,-5.62,-1.87,1,0.3333333333333333,3,-0.92,-0.31,1,0.3333333333333333,7,3,4,16,9,7,2.59,0.16,0.4375,0.1875,0.25,0.5625,0.4375,15,0.4166666666666667,0.75,0.02,36,3,0.17647058823529413,-9.82,-0.58,17,401415230,2022,5
23,San José State Spartans,33,0.44,17,0.4473684210526316,16,0.43243243243243246,6,0.3157894736842105,6,0.4,26,0.4406779661016949,59,0.4067796610169492,0.5932203389830508,1.74,0.03,13,0.22033898305084745,24,0.29,0.01,10,0.4166666666666667,35,1.45,0.04,16,0.45714285714285713,13,0.5384615384615384,0.46153846153846156,4.98,0.38,7,0.5384615384615384,7,2.65,0.38,4,0.5714285714285714,6,2.33,0.39,3,0.5,7,7,0,16,14,2,7.09,0.44,0.4375,0.4375,0.0,0.875,0.125,26,0.5,6.73,0.13,52,7,0.30434782608695654,2.1,0.09,23,401415230,2022,5
5,UAB Blazers,32,0.5,13,0.48148148148148145,19,0.5277777777777778,3,0.3333333333333333,8,0.5714285714285714,24,0.4897959183673469,49,0.3877551020408163,0.5918367346938775,-6.46,-0.13,11,0.22448979591836735,19,0.08,0.0,9,0.47368421052631576,29,0.91,0.03,15,0.5172413793103449,13,0.23076923076923078,0.7692307692307693,-2.54,-0.2,5,0.38461538461538464,3,-0.39,-0.13,1,0.3333333333333333,10,-2.15,-0.21,4,0.4,8,4,4,15,8,7,6.98,0.47,0.5333333333333333,0.26666666666666666,0.26666666666666666,0.5333333333333333,0.4666666666666667,24,0.5581395348837209,1.82,0.04,43,8,0.38095238095238093,-1.31,-0.06,21,401426577,2022,5
242,Rice Owls,23,0.4423076923076923,8,0.4,15,0.46875,8,0.6153846153846154,4,0.36363636363636365,17,0.4358974358974359,39,0.358974358974359,0.6410256410256411,-2.99,-0.08,7,0.1794871794871795,14,2.49,0.18,7,0.5,25,-5.48,-0.22,10,0.4,8,0.125,0.875,3.25,0.41,5,0.625,1,1.97,1.97,1,1.0,7,1.28,0.18,4,0.5714285714285714,6,1,5,13,6,7,1.22,0.09,0.46153846153846156,0.07692307692307693,0.38461538461538464,0.46153846153846156,0.5384615384615384,20,0.5263157894736842,3.29,0.09,38,3,0.21428571428571427,-5.06,-0.36,14,401426577,2022,5
166,New Mexico State Aggies,20,0.3448275862068966,9,0.3333333333333333,11,0.3548387096774194,3,0.6,4,0.2857142857142857,14,0.34146341463414637,41,0.3902439024390244,0.6097560975609756,-5.65,-0.14,5,0.12195121951219512,16,1.19,0.07,6,0.375,25,-6.83,-0.27,8,0.32,8,0.75,0.25,-2.16,-0.27,2,0.25,6,-1.95,-0.33,1,0.16666666666666666,2,-0.21,-0.11,1,0.5,6,3,3,17,11,6,-1.35,-0.08,0.35294117647058826,0.17647058823529413,0.17647058823529413,0.6470588235294118,0.35294117647058826,15,0.42857142857142855,-1.49,-0.04,35,5,0.21739130434782608,-5.51,-0.24,23,401426574,2022,5
2229,Florida International Panthers,28,0.45161290322580644,11,0.4782608695652174,17,0.4358974358974359,4,0.4,5,0.45454545454545453,21,0.42857142857142855,49,0.32653061224489793,0.673469387755102,2.39,0.05,11,0.22448979591836735,16,4.13,0.26,7,0.4375,33,-1.74,-0.05,14,0.42424242424242425,8,0.375,0.625,-3.64,-0.46,1,0.125,3,-0.21,-0.07,1,0.3333333333333333,5,-3.43,-0.69,0,0.0,7,4,3,13,7,6,9.04,0.7,0.5384615384615384,0.3076923076923077,0.23076923076923078,0.5384615384615384,0.46153846153846156,19,0.4318181818181818,0.96,0.02,44,9,0.5,10.47,0.58,18,401426574,2022,5
12,Arizona Wildcats,26,0.37681159420289856,16,0.42105263157894735,10,0.3225806451612903,10,0.47619047619047616,6,0.5,19,0.34545454545454546,55,0.5454545454545454,0.45454545454545453,-7.32,-0.13,23,0.41818181818181815,30,4.22,0.14,12,0.4,25,-11.54,-0.46,7,0.28,17,0.5294117647058824,0.47058823529411764,-7.57,-0.45,2,0.11764705882352941,9,0.19,0.02,2,0.2222222222222222,8,-7.75,-0.97,0,0.0,7,4,3,14,8,6,2.55,0.18,0.5,0.2857142857142857,0.21428571428571427,0.5714285714285714,0.42857142857142855,19,0.38,-7.51,-0.15,50,7,0.3684210526315789,2.73,0.14,19,401404002,2022,5
38,Colorado Buffaloes,16,0.34782608695652173,7,0.25,9,0.5,4,0.6666666666666666,6,0.5454545454545454,9,0.2727272727272727,33,0.6060606060606061,0.3939393939393939,2.41,0.07,9,0.2727272727272727,20,-0.85,-0.04,3,0.15,13,3.26,0.25,6,0.46153846153846156,16,0.75,0.25,1.23,0.08,5,0.3125,12,1.19,0.1,4,0.3333333333333333,4,0.04,0.01,1,0.25,7,4,3,13,8,5,-1.22,-0.09,0.5384615384615384,0.3076923076923077,0.23076923076923078,0.6153846153846154,0.38461538461538464,8,0.2962962962962963,-4.2,-0.16,27,8,0.42105263157894735,5.39,0.28,19,401404002,2022,5
57,Florida Gators,34,0.6938775510204082,13,0.5909090909090909,21,0.7777777777777778,6,0.6,3,0.5,31,0.7380952380952381,42,0.40476190476190477,0.5952380952380952,34.65,0.82,13,0.30952380952380953,17,19.26,1.13,11,0.6470588235294118,25,15.39,0.62,20,0.8,9,0.4444444444444444,0.5555555555555556,3.3,0.37,5,0.5555555555555556,4,3.49,0.87,2,0.5,5,-0.19,-0.04,3,0.6,3,2,1,7,5,2,1.99,0.28,0.42857142857142855,0.2857142857142857,0.14285714285714285,0.7142857142857143,0.2857142857142857,29,0.725,28.51,0.71,40,5,0.5555555555555556,8.13,0.9,9,401403904,2022,5
331,Eastern Washington Eagles,37,0.43529411764705883,19,0.4523809523809524,18,0.4186046511627907,0,0.0,8,0.4444444444444444,28,0.4444444444444444,63,0.5079365079365079,0.49206349206349204,-0.76,-0.01,17,0.2698412698412698,32,5.13,0.16,16,0.5,31,-5.9,-0.19,12,0.3870967741935484,18,0.5555555555555556,0.4444444444444444,0.19,0.01,8,0.4444444444444444,10,-1.13,-0.11,4,0.4,8,1.32,0.16,4,0.5,9,3,6,22,10,12,-1.25,-0.06,0.4090909090909091,0.13636363636363635,0.2727272727272727,0.45454545454545453,0.5454545454545454,27,0.43548387096774194,-10.09,-0.16,62,10,0.43478260869565216,8.08,0.35,23,401403904,2022,5
2116,UCF Knights,35,0.49295774647887325,14,0.4375,21,0.5384615384615384,6,0.8571428571428571,5,0.35714285714285715,29,0.5178571428571429,56,0.42857142857142855,0.5714285714285714,15.12,0.27,12,0.21428571428571427,24,12.58,0.52,12,0.5,32,2.54,0.08,17,0.53125,13,0.38461538461538464,0.6153846153846154,0.46,0.04,5,0.38461538461538464,5,0.9,0.18,2,0.4,8,-0.44,-0.06,3,0.375,6,2,4,15,8,7,-2.05,-0.14,0.4,0.13333333333333333,0.26666666666666666,0.5333333333333333,0.4666666666666667,32,0.6153846153846154,21.37,0.41,52,3,0.15789473684210525,-8.29,-0.44,19,401415629,2022,6
2567,SMU Mustangs,37,0.44047619047619047,26,0.48148148148148145,11,0.36666666666666664,4,0.2857142857142857,4,0.25,31,0.49206349206349204,63,0.6031746031746031,0.3968253968253968,7.98,0.13,14,0.2222222222222222,38,11.98,0.32,23,0.6052631578947368,25,-4.0,-0.16,8,0.32,10,0.6,0.4,-3.64,-0.36,4,0.4,6,-1.17,-0.2,3,0.5,4,-2.46,-0.62,1,0.25,6,3,3,21,16,5,-11.84,-0.56,0.2857142857142857,0.14285714285714285,0.14285714285714285,0.7619047619047619,0.23809523809523808,29,0.4603174603174603,2.47,0.04,63,8,0.38095238095238093,-6.33,-0.3,21,401415629,2022,6
164,Rutgers Scarlet Knights,26,0.38235294117647056,11,0.3333333333333333,15,0.42857142857142855,0,0.0,4,0.25,22,0.4230769230769231,52,0.40384615384615385,0.5961538461538461,-2.75,-0.05,10,0.19230769230769232,21,1.57,0.07,9,0.42857142857142855,31,-4.33,-0.14,13,0.41935483870967744,9,0.8888888888888888,0.1111111111111111,2.03,0.23,5,0.5555555555555556,8,1.55,0.19,4,0.5,1,0.48,0.48,1,1.0,4,2,2,16,12,4,-10.27,-0.64,0.25,0.125,0.125,0.75,0.25,21,0.45652173913043476,0.72,0.02,46,5,0.22727272727272727,-13.74,-0.62,22,401405111,2022,6
158,Nebraska Cornhuskers,21,0.3230769230769231,16,0.42105263157894735,5,0.18518518518518517,2,0.5,6,0.4,14,0.2916666666666667,48,0.5416666666666666,0.4583333333333333,-8.86,-0.18,9,0.1875,26,-1.06,-0.04,10,0.38461538461538464,22,-7.81,-0.35,4,0.18181818181818182,10,0.7,0.3,-0.24,-0.02,2,0.2,7,-1.6,-0.23,1,0.14285714285714285,3,1.36,0.45,1,0.3333333333333333,7,6,1,17,12,5,1.05,0.06,0.4117647058823529,0.35294117647058826,0.058823529411764705,0.7058823529411765,0.29411764705882354,13,0.35135135135135137,-2.31,-0.06,37,8,0.2857142857142857,-5.5,-0.2,28,401405111,2022,6
235,Memphis Tigers,32,0.4266666666666667,15,0.39473684210526316,17,0.4594594594594595,4,0.2857142857142857,8,0.5333333333333333,24,0.4,60,0.48333333333333334,0.5166666666666667,-1.36,-0.02,13,0.21666666666666667,29,-0.68,-0.02,11,0.3793103448275862,31,-0.68,-0.02,13,0.41935483870967744,8,0.75,0.25,-5.83,-0.73,1,0.125,6,-5.13,-0.86,1,0.16666666666666666,2,-0.7,-0.35,0,0.0,8,4,4,15,9,6,6.8,0.45,0.5333333333333333,0.26666666666666666,0.26666666666666666,0.6,0.4,22,0.46808510638297873,3.57,0.08,47,10,0.35714285714285715,1.86,0.07,28,401415630,2022,6
248,Houston Cougars,41,0.5061728395061729,29,0.4915254237288136,12,0.5454545454545454,13,0.6190476190476191,7,0.4375,31,0.5081967213114754,61,0.7704918032786885,0.22950819672131148,17.46,0.29,15,0.2459016393442623,47,17.87,0.38,24,0.5106382978723404,14,-0.41,-0.03,7,0.5,20,0.8,0.2,3.09,0.15,11,0.55,16,8.04,0.5,9,0.5625,4,-4.95,-1.24,2,0.5,10,5,5,20,12,8,0.4,0.02,0.5,0.25,0.25,0.6,0.4,29,0.5087719298245614,9.49,0.17,57,12,0.5,8.37,0.35,24,401415630,2022,6
2440,Nevada Wolf Pack,28,0.34146341463414637,17,0.38636363636363635,11,0.2972972972972973,4,0.4,7,0.3684210526315789,20,0.32786885245901637,61,0.45901639344262296,0.5245901639344263,-18.17,-0.3,12,0.19672131147540983,28,-0.96,-0.03,12,0.42857142857142855,32,-8.09,-0.25,8,0.25,16,0.625,0.375,5.51,0.34,6,0.375,10,4.65,0.46,5,0.5,6,0.86,0.14,1,0.16666666666666666,8,5,3,21,16,5,-1.69,-0.08,0.38095238095238093,0.23809523809523808,0.14285714285714285,0.7619047619047619,0.23809523809523808,16,0.32,-18.94,-0.38,50,12,0.375,-0.92,-0.03,32,401415233,2022,6
36,Colorado State Rams,19,0.34545454545454546,5,0.21739130434782608,14,0.4375,,,3,0.25,16,0.37209302325581395,43,0.3023255813953488,0.6976744186046512,-12.63,-0.29,10,0.23255813953488372,13,-6.94,-0.53,3,0.23076923076923078,30,-5.69,-0.19,13,0.43333333333333335,6,0.0,1.0,1.55,0.26,3,0.5,,,,,,6,1.55,0.26,3,0.5,3,2,1,12,10,2,-5.8,-0.48,0.25,0.16666666666666666,0.08333333333333333,0.8333333333333334,0.16666666666666666,14,0.42424242424242425,-8.35,-0.25,33,5,0.22727272727272727,-10.09,-0.46,22,401415233,2022,6
2439,UNLV Rebels,17,0.3148148148148148,11,0.36666666666666664,6,0.25,2,0.2857142857142857,4,0.3333333333333333,13,0.3170731707317073,41,0.5121951219512195,0.4878048780487805,-5.74,-0.14,8,0.1951219512195122,21,2.79,0.13,9,0.42857142857142855,20,-8.53,-0.43,4,0.2,7,0.8571428571428571,0.14285714285714285,-2.01,-0.29,2,0.2857142857142857,6,-1.45,-0.24,2,0.3333333333333333,1,-0.56,-0.56,0,0.0,4,2,2,13,9,4,-3.39,-0.26,0.3076923076923077,0.15384615384615385,0.15384615384615385,0.6923076923076923,0.3076923076923077,11,0.3333333333333333,-5.68,-0.17,33,6,0.2857142857142857,-3.44,-0.16,21,401415236,2022,6
23,San José State Spartans,33,0.5238095238095238,16,0.5161290322580645,17,0.53125,6,0.5,5,0.5,28,0.5283018867924528,53,0.4716981132075472,0.5283018867924528,14.83,0.28,13,0.24528301886792453,25,5.07,0.2,14,0.56,28,9.75,0.35,14,0.5,12,0.5833333333333334,0.4166666666666667,-4.02,-0.34,3,0.25,7,-3.45,-0.49,2,0.2857142857142857,5,-0.58,-0.12,1,0.2,5,2,3,10,6,4,1.85,0.18,0.5,0.2,0.3,0.6,0.4,24,0.5,4.02,0.08,48,9,0.6,12.65,0.84,15,401415236,2022,6
333,Alabama Crimson Tide,28,0.4,8,0.34782608695652173,20,0.425531914893617,1,0.125,6,0.42857142857142855,22,0.39285714285714285,56,0.23214285714285715,0.7678571428571429,-10.95,-0.2,14,0.25,13,-13.23,-1.02,4,0.3076923076923077,43,2.28,0.05,18,0.4186046511627907,14,0.42857142857142855,0.5714285714285714,-3.78,-0.27,5,0.35714285714285715,6,-4.29,-0.71,2,0.3333333333333333,8,0.5,0.06,3,0.375,6,4,2,14,10,4,-0.92,-0.07,0.42857142857142855,0.2857142857142857,0.14285714285714285,0.7142857142857143,0.2857142857142857,19,0.40425531914893614,-16.85,-0.36,47,9,0.391304347826087,4.98,0.22,23,401403909,2022,6
245,Texas A&M Aggies,27,0.38028169014084506,21,0.42,6,0.2857142857142857,6,0.4,5,0.29411764705882354,21,0.40384615384615385,52,0.6538461538461539,0.34615384615384615,3.83,0.07,10,0.19230769230769232,34,6.53,0.19,16,0.47058823529411764,18,-2.7,-0.15,5,0.2777777777777778,10,0.8,0.2,-0.59,-0.06,4,0.4,8,0.27,0.03,4,0.5,2,-0.86,-0.43,0,0.0,6,5,1,19,16,3,-10.2,-0.54,0.3157894736842105,0.2631578947368421,0.05263157894736842,0.8421052631578947,0.15789473684210525,20,0.425531914893617,5.19,0.11,47,7,0.2916666666666667,-11.57,-0.48,24,401403909,2022,6
2,Auburn Tigers,18,0.2857142857142857,9,0.23684210526315788,9,0.36,1,0.3333333333333333,5,0.29411764705882354,13,0.28888888888888886,45,0.6222222222222222,0.37777777777777777,-2.53,-0.06,4,0.08888888888888889,28,1.2,0.04,7,0.25,17,-3.73,-0.22,6,0.35294117647058826,13,0.46153846153846156,0.5384615384615384,-2.57,-0.2,6,0.46153846153846156,6,-0.34,-0.06,2,0.3333333333333333,7,-2.23,-0.32,4,0.5714285714285714,5,2,3,18,10,8,-10.92,-0.61,0.2777777777777778,0.1111111111111111,0.16666666666666666,0.5555555555555556,0.4444444444444444,11,0.3055555555555556,-8.8,-0.24,36,7,0.25925925925925924,-4.65,-0.17,27,401403911,2022,6
61,Georgia Bulldogs,37,0.5285714285714286,14,0.42424242424242425,23,0.6216216216216216,10,0.9090909090909091,6,0.42857142857142855,30,0.5454545454545454,55,0.4,0.6,13.29,0.24,13,0.23636363636363636,22,0.15,0.01,10,0.45454545454545453,33,13.14,0.4,20,0.6060606060606061,9,0.6666666666666666,0.3333333333333333,-7.24,-0.8,2,0.2222222222222222,6,-5.92,-0.99,1,0.16666666666666666,3,-1.33,-0.44,1,0.3333333333333333,7,4,3,15,11,4,2.64,0.18,0.4666666666666667,0.26666666666666666,0.2,0.7333333333333333,0.26666666666666666,30,0.5882352941176471,19.34,0.38,51,7,0.3684210526315789,-3.42,-0.18,19,401403911,2022,6
194,Ohio State Buckeyes,42,0.5675675675675675,20,0.6896551724137931,22,0.4888888888888889,7,0.7,5,0.45454545454545453,35,0.5737704918032787,61,0.3770491803278688,0.6229508196721312,14.62,0.24,17,0.2786885245901639,23,8.1,0.35,15,0.6521739130434783,38,6.52,0.17,20,0.5263157894736842,12,0.4166666666666667,0.5833333333333334,7.41,0.62,8,0.6666666666666666,5,7.2,1.44,4,0.8,7,0.21,0.03,4,0.5714285714285714,7,5,2,13,6,7,14.06,1.08,0.5384615384615384,0.38461538461538464,0.15384615384615385,0.46153846153846156,0.5384615384615384,32,0.5614035087719298,16.07,0.28,57,10,0.5882352941176471,12.61,0.74,17,401405110,2022,6
127,Michigan State Spartans,17,0.3541666666666667,13,0.40625,4,0.25,1,1.0,3,0.2727272727272727,14,0.3783783783783784,37,0.5945945945945946,0.40540540540540543,1.56,0.04,4,0.10810810810810811,22,7.56,0.34,11,0.5,15,-6.0,-0.4,3,0.2,2,1.0,0.0,-0.67,-0.34,0,0.0,2,-0.67,-0.34,0,0.0,,,,,,3,2,1,11,10,1,-8.04,-0.73,0.2727272727272727,0.18181818181818182,0.09090909090909091,0.9090909090909091,0.09090909090909091,13,0.3939393939393939,1.7,0.05,33,4,0.26666666666666666,-8.18,-0.55,15,401405110,2022,6
130,Michigan Wolverines,43,0.5733333333333334,24,0.6666666666666666,19,0.48717948717948717,9,0.6,8,0.6153846153846154,35,0.5737704918032787,61,0.47540983606557374,0.5245901639344263,12.37,0.2,16,0.26229508196721313,29,14.55,0.5,21,0.7241379310344828,32,-2.19,-0.07,14,0.4375,11,0.5454545454545454,0.45454545454545453,-0.91,-0.08,6,0.5454545454545454,6,3.35,0.56,4,0.6666666666666666,5,-4.25,-0.85,2,0.4,8,3,5,14,7,7,0.62,0.04,0.5714285714285714,0.21428571428571427,0.35714285714285715,0.5,0.5,35,0.6140350877192983,12.39,0.22,57,8,0.4444444444444444,0.59,0.03,18,401405108,2022,6
84,Indiana Hoosiers,25,0.33783783783783783,20,0.35714285714285715,5,0.2777777777777778,3,0.375,5,0.3333333333333333,20,0.3448275862068966,58,0.7586206896551724,0.2413793103448276,-11.51,-0.2,13,0.22413793103448276,44,-7.39,-0.17,17,0.38636363636363635,14,-4.12,-0.29,3,0.21428571428571427,14,0.5714285714285714,0.42857142857142855,-4.43,-0.32,3,0.21428571428571427,8,-3.8,-0.47,1,0.125,6,-0.64,-0.11,2,0.3333333333333333,5,3,2,16,12,4,-6.41,-0.4,0.3125,0.1875,0.125,0.75,0.25,16,0.34782608695652173,-8.47,-0.18,46,9,0.32142857142857145,-9.45,-0.34,28,401405108,2022,6
265,Washington State Cougars,30,0.4918032786885246,19,0.5135135135135135,11,0.4583333333333333,3,1.0,4,0.3076923076923077,25,0.5434782608695652,46,0.5434782608695652,0.45652173913043476,7.92,0.17,10,0.21739130434782608,25,4.67,0.19,16,0.64,21,3.25,0.15,9,0.42857142857142855,8,0.25,0.75,-3.6,-0.45,2,0.25,2,-1.55,-0.77,0,0.0,6,-2.05,-0.34,2,0.3333333333333333,5,3,2,15,12,3,-9.29,-0.62,0.3333333333333333,0.2,0.13333333333333333,0.8,0.2,24,0.5581395348837209,5.58,0.13,43,6,0.3333333333333333,-6.94,-0.39,18,401404012,2022,6
30,USC Trojans,30,0.43478260869565216,12,0.4,18,0.46153846153846156,4,0.26666666666666666,6,0.4,23,0.4339622641509434,53,0.37735849056603776,0.6226415094339622,1.94,0.04,12,0.22641509433962265,20,1.25,0.06,9,0.45,33,0.69,0.02,14,0.42424242424242425,11,0.7272727272727273,0.2727272727272727,-2.77,-0.25,3,0.2727272727272727,8,-2.92,-0.37,2,0.25,3,0.15,0.05,1,0.3333333333333333,7,3,4,16,10,6,5.04,0.31,0.4375,0.1875,0.25,0.625,0.375,24,0.5,7.21,0.15,48,6,0.2857142857142857,-0.23,-0.01,21,401404012,2022,6
2641,Texas Tech Red Raiders,42,0.4077669902912621,26,0.3880597014925373,16,0.4444444444444444,5,0.5555555555555556,10,0.47619047619047616,28,0.37333333333333335,75,0.68,0.32,-0.35,-0.0,14,0.18666666666666668,51,0.25,0.0,19,0.37254901960784315,24,-0.61,-0.03,9,0.375,7,0.5714285714285714,0.42857142857142855,3.19,0.46,5,0.7142857142857143,4,1.79,0.45,3,0.75,3,1.4,0.47,2,0.6666666666666666,14,7,7,28,16,12,4.19,0.15,0.5,0.25,0.25,0.5714285714285714,0.42857142857142855,22,0.34375,-2.51,-0.04,64,20,0.5128205128205128,6.35,0.16,39,401404091,2022,6
197,Oklahoma State Cowboys,33,0.38372093023255816,16,0.3333333333333333,17,0.4473684210526316,9,0.42857142857142855,8,0.4444444444444444,24,0.3582089552238806,67,0.5223880597014925,0.47761194029850745,4.14,0.06,13,0.19402985074626866,35,2.31,0.07,12,0.34285714285714286,32,1.83,0.06,12,0.375,13,0.7692307692307693,0.23076923076923078,1.23,0.09,4,0.3076923076923077,10,2.82,0.28,4,0.4,3,-1.59,-0.53,0,0.0,9,4,5,19,13,6,3.52,0.19,0.47368421052631576,0.21052631578947367,0.2631578947368421,0.6842105263157895,0.3157894736842105,21,0.3559322033898305,-3.26,-0.06,59,12,0.4444444444444444,10.91,0.4,27,401404091,2022,6
145,Ole Miss Rebels,36,0.6101694915254238,21,0.6774193548387096,15,0.5357142857142857,8,0.6153846153846154,9,0.8181818181818182,26,0.5652173913043478,46,0.5217391304347826,0.4782608695652174,22.2,0.48,11,0.2391304347826087,24,19.17,0.8,16,0.6666666666666666,22,3.04,0.14,10,0.45454545454545453,13,0.5384615384615384,0.46153846153846156,9.64,0.74,11,0.8461538461538461,7,6.63,0.95,6,0.8571428571428571,6,3.01,0.5,5,0.8333333333333334,10,5,5,13,7,6,13.67,1.05,0.7692307692307693,0.38461538461538464,0.38461538461538464,0.5384615384615384,0.46153846153846156,28,0.6222222222222222,22.71,0.5,45,8,0.5714285714285714,13.16,0.94,14,401403915,2022,6
238,Vanderbilt Commodores,32,0.42105263157894735,17,0.4594594594594595,15,0.38461538461538464,5,0.35714285714285715,7,0.4117647058823529,22,0.4,55,0.41818181818181815,0.5818181818181818,-1.42,-0.03,8,0.14545454545454545,23,8.3,0.36,11,0.4782608695652174,32,-9.72,-0.3,11,0.34375,8,0.375,0.625,1.89,0.24,3,0.375,3,-1.53,-0.51,1,0.3333333333333333,5,3.42,0.68,2,0.4,10,6,4,21,14,7,8.28,0.39,0.47619047619047616,0.2857142857142857,0.19047619047619047,0.6666666666666666,0.3333333333333333,26,0.5098039215686274,19.74,0.39,51,6,0.24,-12.89,-0.52,25,401403915,2022,6
26,UCLA Bruins,34,0.576271186440678,15,0.6,19,0.5588235294117647,12,0.631578947368421,6,0.6,28,0.5833333333333334,48,0.375,0.625,26.41,0.55,14,0.2916666666666667,18,15.26,0.85,11,0.6111111111111112,30,11.15,0.37,17,0.5666666666666667,14,0.2857142857142857,0.7142857142857143,4.47,0.32,8,0.5714285714285714,4,-1.16,-0.29,2,0.5,10,5.63,0.56,6,0.6,6,4,2,11,7,4,-2.04,-0.19,0.5454545454545454,0.36363636363636365,0.18181818181818182,0.6363636363636364,0.36363636363636365,22,0.5365853658536586,6.64,0.16,41,12,0.6666666666666666,17.73,0.99,18,401404011,2022,6
254,Utah Utes,45,0.5844155844155844,22,0.6111111111111112,23,0.5609756097560976,5,0.7142857142857143,7,0.5384615384615384,38,0.6129032258064516,62,0.4838709677419355,0.5161290322580645,17.88,0.29,20,0.3225806451612903,30,8.47,0.28,19,0.6333333333333333,32,9.41,0.29,19,0.59375,11,0.7272727272727273,0.2727272727272727,7.51,0.68,9,0.8181818181818182,8,4.7,0.59,6,0.75,3,2.82,0.94,3,1.0,7,3,4,15,6,9,-6.06,-0.4,0.4666666666666667,0.2,0.26666666666666666,0.4,0.6,39,0.6610169491525424,11.33,0.19,59,6,0.3333333333333333,0.49,0.03,18,401404011,2022,6
2483,Oregon Ducks,45,0.6617647058823529,19,0.6551724137931034,26,0.6666666666666666,8,0.8888888888888888,4,0.5,41,0.6833333333333333,60,0.4,0.6,25.72,0.43,22,0.36666666666666664,24,11.83,0.49,18,0.75,36,13.9,0.39,23,0.6388888888888888,16,0.375,0.625,8.94,0.56,12,0.75,6,4.74,0.79,5,0.8333333333333334,10,4.21,0.42,7,0.7,4,1,3,8,5,3,0.76,0.09,0.5,0.125,0.375,0.625,0.375,41,0.7321428571428571,24.57,0.44,56,4,0.3333333333333333,1.92,0.16,12,401404008,2022,6
12,Arizona Wildcats,29,0.43283582089552236,19,0.4318181818181818,10,0.43478260869565216,2,0.2222222222222222,10,0.5882352941176471,19,0.38,50,0.58,0.42,-8.12,-0.16,7,0.14,29,-2.98,-0.1,11,0.3793103448275862,21,-5.14,-0.24,8,0.38095238095238093,7,0.7142857142857143,0.2857142857142857,6.17,0.88,3,0.42857142857142855,5,-1.49,-0.3,1,0.2,2,7.66,3.83,2,1.0,10,8,2,17,15,2,10.19,0.6,0.5882352941176471,0.47058823529411764,0.11764705882352941,0.8823529411764706,0.11764705882352941,19,0.4418604651162791,-0.46,-0.01,43,10,0.4166666666666667,2.53,0.11,24,401404008,2022,6
52,Florida State Seminoles,21,0.375,10,0.3333333333333333,11,0.4230769230769231,2,1.0,5,0.38461538461538464,16,0.38095238095238093,42,0.47619047619047616,0.5238095238095238,4.38,0.1,7,0.16666666666666666,20,3.78,0.19,9,0.45,22,0.6,0.03,7,0.3181818181818182,3,0.6666666666666666,0.3333333333333333,6.59,2.2,3,1.0,2,3.76,1.88,2,1.0,1,2.83,2.83,1,1.0,5,1,4,14,10,4,-3.43,-0.24,0.35714285714285715,0.07142857142857142,0.2857142857142857,0.7142857142857143,0.2857142857142857,13,0.40625,3.65,0.11,32,8,0.3333333333333333,-2.69,-0.11,24,401411134,2022,6
152,NC State Wolfpack,27,0.39705882352941174,8,0.3333333333333333,19,0.4318181818181818,2,0.25,2,0.15384615384615385,25,0.46296296296296297,54,0.3148148148148148,0.6851851851851852,6.43,0.12,13,0.24074074074074073,17,7.58,0.45,8,0.47058823529411764,37,-1.16,-0.03,17,0.4594594594594595,12,0.4166666666666667,0.5833333333333334,4.25,0.35,6,0.5,5,4.85,0.97,3,0.6,7,-0.6,-0.09,3,0.42857142857142855,2,0,2,14,7,7,-14.39,-1.03,0.14285714285714285,0.0,0.14285714285714285,0.5,0.5,18,0.4,-12.82,-0.28,45,9,0.391304347826087,4.86,0.21,23,401411134,2022,6
154,Wake Forest Demon Deacons,35,0.5645161290322581,14,0.6086956521739131,21,0.5384615384615384,7,0.4666666666666667,5,0.5555555555555556,29,0.58,50,0.32,0.68,11.0,0.22,20,0.4,16,7.2,0.45,10,0.625,34,3.8,0.11,19,0.5588235294117647,7,0.5714285714285714,0.42857142857142855,7.39,1.06,6,0.8571428571428571,4,4.14,1.03,3,0.75,3,3.25,1.08,3,1.0,6,4,2,12,7,5,3.44,0.29,0.5,0.3333333333333333,0.16666666666666666,0.5833333333333334,0.4166666666666667,30,0.6,15.04,0.3,50,5,0.4166666666666667,-0.6,-0.05,12,401404138,2022,6
349,Army Black Knights,37,0.5,9,0.375,28,0.56,2,0.25,8,0.47058823529411764,27,0.5094339622641509,53,0.32075471698113206,0.6792452830188679,-1.54,-0.03,9,0.16981132075471697,17,0.09,0.01,7,0.4117647058823529,36,-1.64,-0.05,20,0.5555555555555556,22,0.22727272727272727,0.7727272727272727,2.37,0.11,13,0.5909090909090909,5,-1.46,-0.29,3,0.6,17,3.83,0.23,10,0.5882352941176471,10,2,8,21,7,14,3.54,0.17,0.47619047619047616,0.09523809523809523,0.38095238095238093,0.3333333333333333,0.6666666666666666,30,0.6122448979591837,13.0,0.27,49,7,0.28,-11.0,-0.44,25,401404138,2022,6
2628,TCU Horned Frogs,33,0.5238095238095238,18,0.5294117647058824,15,0.5172413793103449,5,0.7142857142857143,6,0.5454545454545454,27,0.5294117647058824,51,0.5294117647058824,0.47058823529411764,16.7,0.33,13,0.2549019607843137,27,9.09,0.34,14,0.5185185185185185,24,7.62,0.32,13,0.5416666666666666,10,0.7,0.3,0.05,0.01,5,0.5,7,-3.28,-0.47,2,0.2857142857142857,3,3.33,1.11,3,1.0,6,4,2,12,7,5,-5.65,-0.47,0.5,0.3333333333333333,0.16666666666666666,0.5833333333333334,0.4166666666666667,24,0.5106382978723404,6.71,0.14,47,9,0.5625,4.34,0.27,16,401404089,2022,6
2305,Kansas Jayhawks,34,0.4788732394366197,16,0.45714285714285713,18,0.5,4,0.36363636363636365,6,0.42857142857142855,27,0.5,54,0.4444444444444444,0.5555555555555556,16.68,0.31,13,0.24074074074074073,24,18.15,0.76,12,0.5,30,-1.47,-0.05,15,0.5,13,0.5384615384615384,0.46153846153846156,7.91,0.61,7,0.5384615384615384,7,5.64,0.81,4,0.5714285714285714,6,2.27,0.38,3,0.5,7,4,3,17,11,6,-4.08,-0.24,0.4117647058823529,0.23529411764705882,0.17647058823529413,0.6470588235294118,0.35294117647058826,27,0.5625,26.23,0.55,48,7,0.30434782608695654,-13.62,-0.59,23,401404089,2022,6
2306,Kansas State Wildcats,25,0.43859649122807015,11,0.4782608695652174,14,0.4117647058823529,1,0.2,4,0.3076923076923077,21,0.4772727272727273,44,0.36363636363636365,0.6363636363636364,0.78,0.02,11,0.25,16,3.48,0.22,10,0.625,28,-2.71,-0.1,11,0.39285714285714285,14,0.42857142857142855,0.5714285714285714,-0.56,-0.04,8,0.5714285714285714,6,-1.08,-0.18,4,0.6666666666666666,8,0.53,0.07,4,0.5,4,1,3,13,7,6,-1.2,-0.09,0.3076923076923077,0.07692307692307693,0.23076923076923078,0.5384615384615384,0.46153846153846156,20,0.4878048780487805,-3.56,-0.09,41,5,0.3125,3.14,0.2,16,401404088,2022,6
66,Iowa State Cyclones,23,0.3770491803278688,14,0.358974358974359,9,0.4090909090909091,0,0.0,6,0.4,17,0.37777777777777777,45,0.5333333333333333,0.4666666666666667,-7.4,-0.16,7,0.15555555555555556,24,-4.19,-0.17,8,0.3333333333333333,21,-3.21,-0.15,9,0.42857142857142855,5,0.8,0.2,-2.16,-0.43,2,0.4,4,-1.45,-0.36,2,0.5,1,-0.71,-0.71,0,0.0,6,6,0,16,15,1,-3.94,-0.25,0.375,0.375,0.0,0.9375,0.0625,18,0.42857142857142855,-4.16,-0.1,42,5,0.2631578947368421,-7.18,-0.38,19,401404088,2022,6
264,Washington Huskies,42,0.4827586206896552,25,0.45454545454545453,17,0.53125,7,0.35,7,0.5,33,0.4782608695652174,69,0.6376811594202898,0.36231884057971014,9.26,0.13,21,0.30434782608695654,44,1.85,0.04,22,0.5,25,7.41,0.3,11,0.44,16,0.625,0.375,2.68,0.17,9,0.5625,10,-3.64,-0.36,6,0.6,6,6.32,1.05,3,0.5,9,3,6,18,11,7,6.01,0.33,0.5,0.16666666666666666,0.3333333333333333,0.6111111111111112,0.3888888888888889,35,0.5555555555555556,26.04,0.41,63,7,0.2916666666666667,-10.77,-0.45,24,401404009,2022,6
9,Arizona State Sun Devils,30,0.5,16,0.5517241379310345,14,0.45161290322580644,7,0.7,9,0.75,21,0.4375,48,0.4375,0.5625,9.39,0.2,11,0.22916666666666666,21,5.73,0.27,9,0.42857142857142855,27,3.67,0.14,12,0.4444444444444444,8,0.375,0.625,1.62,0.2,5,0.625,3,1.55,0.52,2,0.6666666666666666,5,0.08,0.02,3,0.6,9,7,2,12,8,4,14.94,1.25,0.75,0.5833333333333334,0.16666666666666666,0.6666666666666666,0.3333333333333333,21,0.4666666666666667,6.87,0.15,45,9,0.6,17.47,1.16,15,401404009,2022,6
8,Arkansas Razorbacks,27,0.40298507462686567,8,0.32,19,0.4523809523809524,3,0.25,7,0.4375,20,0.4166666666666667,48,0.3125,0.6875,12.07,0.25,9,0.1875,15,3.64,0.24,5,0.3333333333333333,33,8.43,0.26,15,0.45454545454545453,15,0.3333333333333333,0.6666666666666666,7.53,0.5,7,0.4666666666666667,5,5.89,1.18,3,0.6,10,1.63,0.16,4,0.4,7,3,4,19,10,9,-10.69,-0.56,0.3684210526315789,0.15789473684210525,0.21052631578947367,0.5263157894736842,0.47368421052631576,19,0.3958333333333333,-4.1,-0.09,48,8,0.42105263157894735,5.49,0.29,19,401403914,2022,6
344,Mississippi State Bulldogs,47,0.573170731707317,26,0.5652173913043478,21,0.5833333333333334,7,0.4375,4,0.36363636363636365,40,0.5970149253731343,67,0.5522388059701493,0.44776119402985076,20.58,0.31,18,0.26865671641791045,37,14.49,0.39,23,0.6216216216216216,30,6.09,0.2,17,0.5666666666666667,12,0.8333333333333334,0.16666666666666666,1.58,0.13,6,0.5,10,1.46,0.15,5,0.5,2,0.12,0.06,1,0.5,7,3,4,15,9,6,5.36,0.36,0.4666666666666667,0.2,0.26666666666666666,0.6,0.4,36,0.5454545454545454,12.66,0.19,66,11,0.6875,13.28,0.83,16,401403914,2022,6
58,South Florida Bulls,29,0.4603174603174603,8,0.4,21,0.4883720930232558,4,0.4,7,0.4666666666666667,22,0.46808510638297873,47,0.2978723404255319,0.7021276595744681,5.57,0.12,9,0.19148936170212766,14,1.5,0.11,6,0.42857142857142855,33,4.07,0.12,16,0.48484848484848486,5,0.2,0.8,-0.94,-0.19,1,0.2,1,0.59,0.59,1,1.0,4,-1.53,-0.38,0,0.0,7,2,5,16,6,10,2.65,0.17,0.4375,0.125,0.3125,0.375,0.625,23,0.5111111111111111,5.91,0.13,45,6,0.3333333333333333,2.32,0.13,18,401415633,2022,6
2132,Cincinnati Bearcats,35,0.5932203389830508,15,0.6,20,0.5882352941176471,4,0.5714285714285714,2,0.2857142857142857,32,0.64,50,0.44,0.56,18.83,0.38,15,0.3,22,8.16,0.37,14,0.6363636363636364,28,10.67,0.38,18,0.6428571428571429,12,0.5833333333333334,0.4166666666666667,7.1,0.59,10,0.8333333333333334,7,3.93,0.56,5,0.7142857142857143,5,3.18,0.64,5,1.0,3,1,2,9,3,6,-2.06,-0.23,0.3333333333333333,0.1111111111111111,0.2222222222222222,0.3333333333333333,0.6666666666666666,28,0.5833333333333334,9.01,0.19,48,7,0.6363636363636364,7.76,0.71,11,401415633,2022,6
57,Florida Gators,14,0.3333333333333333,5,0.3333333333333333,9,0.3333333333333333,2,0.4,3,0.3,10,0.3225806451612903,31,0.2903225806451613,0.7096774193548387,2.8,0.09,8,0.25806451612903225,9,-1.46,-0.16,3,0.3333333333333333,22,4.26,0.19,7,0.3181818181818182,8,0.5,0.5,-4.13,-0.52,2,0.25,4,-4.54,-1.13,1,0.25,4,0.41,0.1,1,0.25,4,2,2,11,6,5,-0.2,-0.02,0.36363636363636365,0.18181818181818182,0.18181818181818182,0.5454545454545454,0.45454545454545453,13,0.4642857142857143,12.86,0.46,28,1,0.07142857142857142,-10.26,-0.73,14,401403910,2022,6
142,Missouri Tigers,31,0.4305555555555556,16,0.47058823529411764,15,0.39473684210526316,6,0.46153846153846156,9,0.5294117647058824,22,0.4074074074074074,54,0.3888888888888889,0.6111111111111112,-0.57,-0.01,11,0.2037037037037037,21,0.08,0.0,9,0.42857142857142855,33,-0.65,-0.02,13,0.3939393939393939,13,0.3076923076923077,0.6923076923076923,-1.39,-0.11,6,0.46153846153846156,4,-2.45,-0.61,1,0.25,9,1.06,0.12,5,0.5555555555555556,9,7,2,18,13,5,-2.54,-0.14,0.5,0.3888888888888889,0.1111111111111111,0.7222222222222222,0.2777777777777778,18,0.4186046511627907,-5.22,-0.12,43,13,0.4482758620689655,2.11,0.07,29,401403910,2022,6
2633,Tennessee Volunteers,38,0.5,15,0.5357142857142857,23,0.4791666666666667,7,0.5833333333333334,7,0.4375,28,0.49122807017543857,57,0.3333333333333333,0.6666666666666666,12.26,0.22,11,0.19298245614035087,19,7.49,0.39,10,0.5263157894736842,38,4.77,0.13,18,0.47368421052631576,20,0.5,0.5,8.86,0.44,14,0.7,10,3.63,0.36,5,0.5,10,5.23,0.52,9,0.9,10,5,5,19,9,10,5.49,0.29,0.5263157894736842,0.2631578947368421,0.2631578947368421,0.47368421052631576,0.5263157894736842,31,0.5344827586206896,15.55,0.27,58,7,0.3888888888888889,2.2,0.12,18,401403913,2022,6
99,LSU Tigers,32,0.4383561643835616,24,0.48,8,0.34782608695652173,4,0.25,7,0.4666666666666667,25,0.45454545454545453,55,0.6363636363636364,0.36363636363636365,1.7,0.03,14,0.2545454545454545,35,0.69,0.02,18,0.5142857142857142,20,1.0,0.05,7,0.35,10,0.8,0.2,2.11,0.21,4,0.4,8,1.91,0.24,3,0.375,2,0.2,0.1,1,0.5,7,6,1,18,15,3,-2.27,-0.13,0.3888888888888889,0.3333333333333333,0.05555555555555555,0.8333333333333334,0.16666666666666666,23,0.46938775510204084,-7.14,-0.15,49,9,0.375,6.57,0.27,24,401403913,2022,6
201,Oklahoma Sooners,17,0.288135593220339,4,0.2,13,0.3333333333333333,2,0.3333333333333333,3,0.2,12,0.3,40,0.225,0.775,-11.15,-0.28,6,0.15,9,-8.56,-0.95,2,0.2222222222222222,31,-2.58,-0.08,10,0.3225806451612903,9,0.4444444444444444,0.5555555555555556,-5.87,-0.65,4,0.4444444444444444,4,-7.45,-1.86,1,0.25,5,1.58,0.32,3,0.6,5,2,3,19,11,8,-9.69,-0.51,0.2631578947368421,0.10526315789473684,0.15789473684210525,0.5789473684210527,0.42105263157894735,15,0.39473684210526316,-6.03,-0.16,38,2,0.09523809523809523,-14.81,-0.71,21,401404090,2022,6
251,Texas Longhorns,41,0.5061728395061729,16,0.5161290322580645,25,0.5,8,0.5714285714285714,10,0.6666666666666666,31,0.4696969696969697,66,0.3939393939393939,0.6060606060606061,20.4,0.31,18,0.2727272727272727,26,17.78,0.68,14,0.5384615384615384,40,2.63,0.07,17,0.425,15,0.26666666666666666,0.7333333333333333,6.62,0.44,8,0.5333333333333333,4,4.69,1.17,2,0.5,11,1.93,0.18,6,0.5454545454545454,10,2,8,15,5,10,5.9,0.39,0.6666666666666666,0.13333333333333333,0.5333333333333333,0.3333333333333333,0.6666666666666666,31,0.5254237288135594,21.66,0.37,59,10,0.45454545454545453,4.65,0.21,22,401404090,2022,6
120,Maryland Terrapins,28,0.4444444444444444,18,0.43902439024390244,10,0.45454545454545453,6,0.75,8,0.5333333333333333,20,0.425531914893617,47,0.6382978723404256,0.3617021276595745,4.98,0.11,8,0.1702127659574468,30,4.82,0.16,13,0.43333333333333335,17,0.15,0.01,7,0.4117647058823529,13,0.6153846153846154,0.38461538461538464,2.4,0.18,5,0.38461538461538464,8,1.82,0.23,2,0.25,5,0.58,0.12,3,0.6,8,5,3,16,11,5,-0.12,-0.01,0.5,0.3125,0.1875,0.6875,0.3125,23,0.5609756097560976,13.16,0.32,41,5,0.22727272727272727,-8.3,-0.38,22,401405109,2022,6
2509,Purdue Boilermakers,31,0.4305555555555556,25,0.5434782608695652,6,0.23076923076923078,8,0.47058823529411764,8,0.6153846153846154,23,0.3898305084745763,59,0.5932203389830508,0.4067796610169492,-8.65,-0.15,14,0.23728813559322035,35,0.13,0.0,19,0.5428571428571428,24,-8.78,-0.37,4,0.16666666666666666,8,0.5,0.5,-0.43,-0.05,2,0.25,4,-1.11,-0.28,1,0.25,4,0.69,0.17,1,0.25,8,6,2,13,11,2,10.48,0.81,0.6153846153846154,0.46153846153846156,0.15384615384615385,0.8461538461538461,0.15384615384615385,22,0.44,1.76,0.04,50,9,0.4090909090909091,0.07,0.0,22,401405109,2022,6
97,Louisville Cardinals,32,0.4266666666666667,16,0.5333333333333333,16,0.35555555555555557,6,0.46153846153846156,8,0.5333333333333333,23,0.3898305084745763,59,0.3728813559322034,0.6271186440677966,-3.19,-0.05,11,0.1864406779661017,22,1.52,0.07,12,0.5454545454545454,37,-4.72,-0.13,11,0.2972972972972973,14,0.5714285714285714,0.42857142857142855,5.04,0.36,7,0.5,8,7.35,0.92,5,0.625,6,-2.32,-0.39,2,0.3333333333333333,9,4,5,16,8,8,11.95,0.75,0.5625,0.25,0.3125,0.5,0.5,24,0.4067796610169492,2.43,0.04,59,8,0.5,6.33,0.4,16,401411136,2022,6
258,Virginia Cavaliers,22,0.3793103448275862,20,0.5128205128205128,2,0.10526315789473684,3,0.6,4,0.3333333333333333,17,0.3953488372093023,43,0.627906976744186,0.37209302325581395,-11.36,-0.26,10,0.23255813953488372,27,-1.52,-0.06,15,0.5555555555555556,16,-9.84,-0.61,2,0.125,4,1.0,0.0,-6.7,-1.68,1,0.25,4,-6.7,-1.68,1,0.25,,,,,,5,5,0,15,12,3,-2.09,-0.14,0.3333333333333333,0.3333333333333333,0.0,0.8,0.2,14,0.3783783783783784,-22.77,-0.62,37,8,0.38095238095238093,9.32,0.44,21,401411136,2022,6
2711,Western Michigan Broncos,28,0.3076923076923077,16,0.2909090909090909,12,0.3333333333333333,2,0.25,7,0.3181818181818182,19,0.2835820895522388,67,0.4925373134328358,0.5074626865671642,-15.07,-0.22,10,0.14925373134328357,33,-11.38,-0.34,7,0.21212121212121213,34,-3.68,-0.11,12,0.35294117647058826,24,0.5,0.5,-0.5,-0.02,6,0.25,12,4.66,0.39,3,0.25,12,-5.16,-0.43,3,0.25,9,9,0,24,22,2,7.77,0.32,0.375,0.375,0.0,0.9166666666666666,0.08333333333333333,19,0.35185185185185186,-6.41,-0.12,54,9,0.24324324324324326,-0.88,-0.02,37,401416614,2022,6
2199,Eastern Michigan Eagles,54,0.5567010309278351,26,0.5777777777777777,28,0.5384615384615384,7,0.3684210526315789,11,0.6470588235294118,43,0.5375,80,0.425,0.575,13.24,0.17,21,0.2625,34,19.06,0.56,20,0.5882352941176471,46,-5.82,-0.13,23,0.5,16,0.5625,0.4375,8.36,0.52,10,0.625,9,4.41,0.49,5,0.5555555555555556,7,3.95,0.56,5,0.7142857142857143,11,6,5,17,11,6,5.64,0.33,0.6470588235294118,0.35294117647058826,0.29411764705882354,0.6470588235294118,0.35294117647058826,41,0.5540540540540541,13.71,0.19,74,13,0.5652173913043478,5.16,0.22,23,401416614,2022,6
2084,Buffalo Bulls,32,0.47058823529411764,10,0.5,22,0.4583333333333333,6,0.5,5,0.38461538461538464,26,0.49056603773584906,53,0.3018867924528302,0.6981132075471698,8.2,0.15,13,0.24528301886792453,16,7.9,0.49,10,0.625,37,0.3,0.01,16,0.43243243243243246,15,0.4666666666666667,0.5333333333333333,8.62,0.57,7,0.4666666666666667,7,0.67,0.1,3,0.42857142857142855,8,7.95,0.99,4,0.5,6,0,6,15,4,11,0.59,0.04,0.4,0.0,0.4,0.26666666666666666,0.7333333333333333,24,0.48,8.69,0.17,50,8,0.4444444444444444,0.1,0.01,18,401416617,2022,6
189,Bowling Green Falcons,27,0.391304347826087,17,0.38636363636363635,10,0.4166666666666667,3,0.2727272727272727,3,0.21428571428571427,24,0.46153846153846156,52,0.6153846153846154,0.38461538461538464,6.15,0.12,14,0.2692307692307692,32,10.3,0.32,15,0.46875,20,-4.14,-0.21,9,0.45,18,0.6666666666666666,0.3333333333333333,-0.37,-0.02,7,0.3888888888888889,12,4.5,0.38,5,0.4166666666666667,6,-4.88,-0.81,2,0.3333333333333333,3,2,1,17,12,4,-24.97,-1.47,0.17647058823529413,0.11764705882352941,0.058823529411764705,0.7058823529411765,0.23529411764705882,21,0.5121951219512195,-3.85,-0.09,41,6,0.21428571428571427,-14.96,-0.53,28,401416617,2022,6
2006,Akron Zips,44,0.5569620253164557,30,0.5555555555555556,14,0.5833333333333334,9,0.5,4,0.4,37,0.5692307692307692,65,0.6923076923076923,0.2923076923076923,11.87,0.18,24,0.36923076923076925,45,11.91,0.26,25,0.5555555555555556,19,4.49,0.24,12,0.631578947368421,18,0.7777777777777778,0.2222222222222222,12.75,0.71,12,0.6666666666666666,14,8.1,0.58,9,0.6428571428571429,4,4.65,1.16,3,0.75,7,5,2,14,9,5,7.32,0.52,0.5,0.35714285714285715,0.14285714285714285,0.6428571428571429,0.35714285714285715,34,0.5862068965517241,12.46,0.21,58,10,0.47619047619047616,6.74,0.32,21,401416616,2022,6
195,Ohio Bobcats,34,0.6296296296296297,21,0.7777777777777778,13,0.48148148148148145,6,0.6,3,0.6,30,0.6382978723404256,47,0.5106382978723404,0.48936170212765956,27.81,0.59,17,0.3617021276595745,24,21.28,0.89,19,0.7916666666666666,23,6.53,0.28,11,0.4782608695652174,12,0.5,0.5,5.26,0.44,8,0.6666666666666666,6,4.69,0.78,6,1.0,6,0.57,0.1,2,0.3333333333333333,4,2,2,7,3,4,3.31,0.47,0.5714285714285714,0.2857142857142857,0.2857142857142857,0.42857142857142855,0.5714285714285714,26,0.6341463414634146,19.74,0.48,41,8,0.6153846153846154,11.38,0.88,13,401416616,2022,6
113,Massachusetts Minutemen,20,0.36363636363636365,4,0.2,16,0.45714285714285713,5,0.5555555555555556,2,0.15384615384615385,17,0.4146341463414634,41,0.3170731707317073,0.6829268292682927,-0.53,-0.01,6,0.14634146341463414,13,-5.93,-0.46,4,0.3076923076923077,28,5.4,0.19,13,0.4642857142857143,6,0.6666666666666666,0.3333333333333333,-3.21,-0.54,1,0.16666666666666666,4,-2.91,-0.73,0,0.0,2,-0.3,-0.15,1,0.5,3,0,3,14,7,7,-10.12,-0.72,0.21428571428571427,0.0,0.21428571428571427,0.5,0.5,16,0.4444444444444444,-0.93,-0.03,36,4,0.21052631578947367,-9.72,-0.51,19,401404164,2022,6
2335,Liberty Flames,27,0.39705882352941174,8,0.3333333333333333,19,0.4418604651162791,8,0.5714285714285714,5,0.38461538461538464,22,0.41509433962264153,53,0.32075471698113206,0.660377358490566,-4.21,-0.08,10,0.18867924528301888,17,2.72,0.16,6,0.35294117647058826,35,2.99,0.09,16,0.45714285714285713,7,0.42857142857142855,0.5714285714285714,1.23,0.18,3,0.42857142857142855,3,3.9,1.3,2,0.6666666666666666,4,-2.67,-0.67,1,0.25,5,2,3,15,7,8,-5.04,-0.34,0.3333333333333333,0.13333333333333333,0.2,0.4666666666666667,0.5333333333333333,21,0.40384615384615385,-11.84,-0.23,52,6,0.375,2.58,0.16,16,401404164,2022,6
275,Wisconsin Badgers,40,0.5970149253731343,18,0.6,22,0.5945945945945946,4,0.5,10,0.7142857142857143,30,0.5660377358490566,53,0.37735849056603776,0.6226415094339622,10.08,0.19,13,0.24528301886792453,20,7.73,0.39,11,0.55,33,2.35,0.07,19,0.5757575757575758,7,0.5714285714285714,0.42857142857142855,2.48,0.35,4,0.5714285714285714,4,1.74,0.43,2,0.5,3,0.74,0.25,2,0.6666666666666666,10,7,3,14,10,4,17.23,1.23,0.7142857142857143,0.5,0.21428571428571427,0.7142857142857143,0.2857142857142857,34,0.6538461538461539,16.71,0.32,52,6,0.4,10.59,0.71,15,401405107,2022,6
77,Northwestern Wildcats,26,0.3880597014925373,18,0.43902439024390244,8,0.3076923076923077,4,0.3076923076923077,4,0.3076923076923077,20,0.39215686274509803,51,0.5686274509803921,0.43137254901960786,2.51,0.05,12,0.23529411764705882,29,7.07,0.24,14,0.4827586206896552,22,-4.56,-0.21,6,0.2727272727272727,17,0.7647058823529411,0.23529411764705882,7.26,0.43,7,0.4117647058823529,13,7.96,0.61,6,0.46153846153846156,4,-0.7,-0.17,1,0.25,6,4,2,16,12,4,-3.76,-0.24,0.375,0.25,0.125,0.75,0.25,19,0.3958333333333333,-3.91,-0.08,48,7,0.3684210526315789,2.66,0.14,19,401405107,2022,6
221,Pittsburgh Panthers,28,0.4,9,0.32142857142857145,19,0.4523809523809524,4,0.8,5,0.35714285714285715,23,0.41818181818181815,55,0.3090909090909091,0.6909090909090909,12.78,0.23,11,0.2,17,0.63,0.04,6,0.35294117647058826,38,12.15,0.32,17,0.4473684210526316,11,0.45454545454545453,0.5454545454545454,-1.67,-0.15,4,0.36363636363636365,5,-1.16,-0.23,2,0.4,6,-0.52,-0.09,2,0.3333333333333333,5,3,2,15,11,4,-4.24,-0.28,0.3333333333333333,0.2,0.13333333333333333,0.7333333333333333,0.26666666666666666,23,0.4791666666666667,15.37,0.32,48,5,0.22727272727272727,-6.83,-0.31,22,401411135,2022,6
259,Virginia Tech Hokies,27,0.36,15,0.3125,12,0.4444444444444444,2,0.2,4,0.26666666666666666,23,0.38333333333333336,60,0.6,0.4,4.4,0.07,10,0.16666666666666666,36,2.04,0.06,13,0.3611111111111111,24,2.36,0.1,10,0.4166666666666667,15,0.6,0.4,-2.89,-0.19,5,0.3333333333333333,9,-2.98,-0.33,2,0.2222222222222222,6,0.09,0.01,3,0.5,4,2,2,15,12,3,-9.88,-0.66,0.26666666666666666,0.13333333333333333,0.13333333333333333,0.8,0.2,20,0.4166666666666667,4.16,0.09,48,7,0.25925925925925924,-9.65,-0.36,27,401411135,2022,6
151,East Carolina Pirates,34,0.4594594594594595,22,0.4230769230769231,12,0.5454545454545454,0,0.0,7,0.4375,26,0.4727272727272727,55,0.6363636363636364,0.36363636363636365,1.49,0.03,14,0.2545454545454545,35,-2.1,-0.06,15,0.42857142857142855,20,3.59,0.18,11,0.55,9,0.7777777777777778,0.2222222222222222,0.35,0.04,4,0.4444444444444444,7,0.33,0.05,3,0.42857142857142855,2,0.02,0.01,1,0.5,8,7,1,19,17,2,-4.72,-0.25,0.42105263157894735,0.3684210526315789,0.05263157894736842,0.8947368421052632,0.10526315789473684,28,0.56,3.09,0.06,50,6,0.25,-6.32,-0.26,24,401415631,2022,6
2655,Tulane Green Wave,29,0.4393939393939394,21,0.525,8,0.3076923076923077,6,0.6,6,0.46153846153846156,23,0.4339622641509434,53,0.6226415094339622,0.37735849056603776,2.66,0.05,14,0.2641509433962264,33,7.96,0.24,19,0.5757575757575758,20,-5.3,-0.27,4,0.2,11,0.6363636363636364,0.36363636363636365,-3.11,-0.28,2,0.18181818181818182,7,-4.51,-0.64,1,0.14285714285714285,4,1.4,0.35,1,0.25,6,2,4,13,7,6,4.14,0.32,0.46153846153846156,0.15384615384615385,0.3076923076923077,0.5384615384615384,0.46153846153846156,21,0.4772727272727273,5.82,0.13,44,8,0.36363636363636365,0.98,0.04,22,401415631,2022,6
2426,Navy Midshipmen,32,0.42105263157894735,2,0.25,30,0.4411764705882353,5,0.3333333333333333,6,0.375,24,0.41379310344827586,58,0.10344827586206896,0.896551724137931,14.16,0.24,11,0.1896551724137931,6,1.94,0.32,2,0.3333333333333333,52,12.23,0.24,22,0.4230769230769231,22,0.22727272727272727,0.7727272727272727,5.02,0.23,11,0.5,5,-0.77,-0.15,1,0.2,17,5.79,0.34,10,0.5882352941176471,8,0,8,18,2,16,-1.9,-0.11,0.4444444444444444,0.0,0.4444444444444444,0.1111111111111111,0.8888888888888888,26,0.4642857142857143,23.31,0.42,56,6,0.3,-11.05,-0.55,20,401415632,2022,6
202,Tulsa Golden Hurricane,21,0.42857142857142855,16,0.47058823529411764,5,0.3333333333333333,2,1.0,3,0.3,18,0.46153846153846156,39,0.6923076923076923,0.3076923076923077,8.08,0.21,8,0.20512820512820512,27,11.32,0.42,14,0.5185185185185185,12,-3.24,-0.27,4,0.3333333333333333,2,1.0,0.0,7.02,3.51,1,0.5,2,7.02,3.51,1,0.5,,,,,,3,2,1,10,7,3,-11.11,-1.11,0.3,0.2,0.1,0.7,0.3,15,0.4411764705882353,-10.09,-0.3,34,6,0.4,7.06,0.47,15,401415632,2022,6
2050,Ball State Cardinals,27,0.42857142857142855,11,0.3793103448275862,16,0.47058823529411764,6,0.5454545454545454,1,0.08333333333333333,25,0.5102040816326531,49,0.40816326530612246,0.5918367346938775,-2.31,-0.05,14,0.2857142857142857,20,-1.68,-0.08,11,0.55,29,-0.63,-0.02,14,0.4827586206896552,16,0.5,0.5,0.44,0.03,8,0.5,8,-0.6,-0.07,3,0.375,8,1.04,0.13,5,0.625,2,0,2,14,9,5,-14.97,-1.07,0.14285714285714285,0.0,0.14285714285714285,0.6428571428571429,0.35714285714285715,24,0.4897959183673469,-10.58,-0.22,49,3,0.21428571428571427,-6.71,-0.48,14,401416613,2022,6
2117,Central Michigan Chippewas,33,0.34375,18,0.391304347826087,15,0.30612244897959184,3,0.42857142857142855,5,0.23809523809523808,25,0.36231884057971014,69,0.37681159420289856,0.6086956521739131,-12.0,-0.17,12,0.17391304347826086,26,1.02,0.04,12,0.46153846153846156,42,-6.4,-0.15,13,0.30952380952380953,12,0.5,0.5,-5.98,-0.5,3,0.25,6,0.29,0.05,2,0.3333333333333333,6,-6.27,-1.04,1,0.16666666666666666,8,6,2,27,20,7,-10.12,-0.37,0.2962962962962963,0.2222222222222222,0.07407407407407407,0.7407407407407407,0.25925925925925924,19,0.3275862068965517,-10.53,-0.18,58,14,0.3684210526315789,-11.59,-0.3,38,401416613,2022,6
2649,Toledo Rockets,27,0.4909090909090909,13,0.5652173913043478,14,0.4375,8,0.5,4,0.4444444444444444,21,0.4772727272727273,44,0.38636363636363635,0.6136363636363636,11.52,0.26,13,0.29545454545454547,17,10.16,0.6,10,0.5882352941176471,27,1.37,0.05,11,0.4074074074074074,3,0.6666666666666666,0.3333333333333333,-3.12,-1.04,0,0.0,2,-2.41,-1.2,0,0.0,1,-0.72,-0.72,0,0.0,6,3,3,11,6,5,3.97,0.36,0.5454545454545454,0.2727272727272727,0.2727272727272727,0.5454545454545454,0.45454545454545453,20,0.4878048780487805,12.71,0.31,41,7,0.5,2.78,0.2,14,401416615,2022,6
2459,Northern Illinois Huskies,43,0.48314606741573035,25,0.49019607843137253,18,0.47368421052631576,9,0.6923076923076923,8,0.47058823529411764,33,0.4714285714285714,70,0.5428571428571428,0.45714285714285713,0.1,0.0,18,0.2571428571428571,38,-1.54,-0.04,19,0.5,32,1.64,0.05,14,0.4375,23,0.8260869565217391,0.17391304347826086,-10.98,-0.48,8,0.34782608695652173,19,-9.85,-0.52,7,0.3684210526315789,4,-1.13,-0.28,1,0.25,10,6,4,19,13,6,2.4,0.13,0.5263157894736842,0.3157894736842105,0.21052631578947367,0.6842105263157895,0.3157894736842105,32,0.5161290322580645,10.02,0.16,62,11,0.4074074074074074,-7.52,-0.28,27,401416615,2022,6
2393,Middle Tennessee Blue Raiders,36,0.4444444444444444,19,0.41304347826086957,17,0.4857142857142857,4,0.36363636363636365,10,0.5263157894736842,24,0.42105263157894735,57,0.543859649122807,0.45614035087719296,-4.1,-0.07,9,0.15789473684210525,31,-4.94,-0.16,13,0.41935483870967744,26,0.84,0.03,11,0.4230769230769231,8,0.625,0.375,-2.97,-0.37,2,0.25,5,-3.08,-0.62,1,0.2,3,0.11,0.04,1,0.3333333333333333,12,6,6,24,15,9,4.75,0.2,0.5,0.25,0.25,0.625,0.375,23,0.4339622641509434,-11.98,-0.23,53,13,0.4642857142857143,12.64,0.45,28,401426581,2022,6
5,UAB Blazers,34,0.5230769230769231,14,0.5185185185185185,20,0.5263157894736842,5,0.38461538461538464,6,0.5,27,0.5192307692307693,52,0.38461538461538464,0.6153846153846154,15.12,0.29,14,0.2692307692307692,20,7.59,0.38,9,0.45,32,7.53,0.24,18,0.5625,9,0.4444444444444444,0.5555555555555556,5.92,0.66,4,0.4444444444444444,4,5.32,1.33,2,0.5,5,0.6,0.12,2,0.4,7,5,2,13,7,6,8.97,0.69,0.5384615384615384,0.38461538461538464,0.15384615384615385,0.5384615384615384,0.46153846153846156,25,0.5555555555555556,21.0,0.47,45,9,0.45,3.08,0.15,20,401426581,2022,6
59,Georgia Tech Yellow Jackets,36,0.5142857142857142,18,0.5142857142857142,18,0.5142857142857142,2,0.2857142857142857,6,0.5,30,0.5172413793103449,58,0.46551724137931033,0.5344827586206896,9.15,0.16,15,0.25862068965517243,27,7.01,0.26,15,0.5555555555555556,31,2.14,0.07,15,0.4838709677419355,10,0.8,0.2,2.98,0.3,6,0.6,8,1.9,0.24,4,0.5,2,1.07,0.54,2,1.0,6,3,3,12,8,4,-1.49,-0.12,0.5,0.25,0.25,0.6666666666666666,0.3333333333333333,28,0.5490196078431373,8.78,0.17,51,8,0.42105263157894735,-1.13,-0.06,19,401411132,2022,6
150,Duke Blue Devils,30,0.410958904109589,14,0.3181818181818182,16,0.5517241379310345,1,0.1111111111111111,8,0.47058823529411764,21,0.3888888888888889,54,0.5555555555555556,0.4444444444444444,-3.22,-0.06,9,0.16666666666666666,30,-8.25,-0.27,8,0.26666666666666666,24,5.02,0.21,13,0.5416666666666666,13,0.38461538461538464,0.6153846153846154,1.76,0.14,6,0.46153846153846156,5,-0.24,-0.05,1,0.2,8,2.0,0.25,5,0.625,9,6,3,19,14,5,-2.55,-0.13,0.47368421052631576,0.3157894736842105,0.15789473684210525,0.7368421052631579,0.2631578947368421,22,0.44,1.55,0.03,50,8,0.34782608695652173,-7.32,-0.32,23,401411132,2022,6
153,North Carolina Tar Heels,35,0.5,17,0.5151515151515151,18,0.4864864864864865,4,0.25,7,0.5,26,0.49056603773584906,53,0.4528301886792453,0.5471698113207547,4.82,0.09,13,0.24528301886792453,24,4.84,0.2,12,0.5,29,-0.02,-0.0,14,0.4827586206896552,10,1.0,0.0,2.84,0.28,4,0.4,10,2.84,0.28,4,0.4,,,,,,9,5,4,17,9,8,11.86,0.7,0.5294117647058824,0.29411764705882354,0.23529411764705882,0.5294117647058824,0.47058823529411764,26,0.52,11.25,0.23,50,9,0.45,5.42,0.27,20,401411133,2022,6
2390,Miami Hurricanes,42,0.525,34,0.5862068965517241,8,0.36363636363636365,5,0.5,7,0.4666666666666667,32,0.5423728813559322,59,0.6949152542372882,0.3050847457627119,17.91,0.3,17,0.288135593220339,41,19.18,0.47,24,0.5853658536585366,18,-1.27,-0.07,8,0.4444444444444444,18,0.7777777777777778,0.2222222222222222,5.48,0.3,11,0.6111111111111112,14,6.46,0.46,9,0.6428571428571429,4,-0.98,-0.25,2,0.5,10,10,0,21,17,4,0.36,0.02,0.47619047619047616,0.47619047619047616,0.0,0.8095238095238095,0.19047619047619047,33,0.5409836065573771,12.46,0.2,61,9,0.47368421052631576,5.81,0.31,19,401411133,2022,6
98,Western Kentucky Hilltoppers,33,0.4520547945205479,24,0.4897959183673469,9,0.375,4,1.0,7,0.5384615384615384,25,0.44642857142857145,56,0.6607142857142857,0.3392857142857143,15.55,0.28,15,0.26785714285714285,37,18.5,0.5,21,0.5675675675675675,19,-2.95,-0.16,4,0.21052631578947367,13,0.6923076923076923,0.3076923076923077,-4.96,-0.38,2,0.15384615384615385,9,-5.21,-0.58,1,0.1111111111111111,4,0.25,0.06,1,0.25,8,3,5,17,12,5,-1.4,-0.08,0.47058823529411764,0.17647058823529413,0.29411764705882354,0.7058823529411765,0.29411764705882354,25,0.5102040816326531,16.92,0.35,49,8,0.3333333333333333,-2.77,-0.12,24,401426582,2022,6
2636,UTSA Roadrunners,40,0.5263157894736842,19,0.5428571428571428,21,0.5121951219512195,8,0.6666666666666666,8,0.6153846153846154,30,0.5,60,0.4166666666666667,0.5833333333333334,8.87,0.15,17,0.2833333333333333,25,7.68,0.31,12,0.48,35,1.2,0.03,18,0.5142857142857142,17,0.5294117647058824,0.47058823529411764,7.45,0.44,10,0.5882352941176471,9,2.44,0.27,4,0.4444444444444444,8,5.01,0.63,6,0.75,10,7,3,16,10,6,6.72,0.42,0.625,0.4375,0.1875,0.625,0.375,29,0.5576923076923077,9.81,0.19,52,11,0.4583333333333333,5.78,0.24,24,401426582,2022,6
328,Utah State Aggies,32,0.5614035087719298,14,0.6086956521739131,18,0.5294117647058824,1,0.25,6,0.6,24,0.5333333333333333,45,0.3111111111111111,0.6888888888888889,4.14,0.09,10,0.2222222222222222,14,0.35,0.02,8,0.5714285714285714,31,3.79,0.12,16,0.5161290322580645,8,0.625,0.375,-3.03,-0.38,3,0.375,5,-1.71,-0.34,2,0.4,3,-1.32,-0.44,1,0.3333333333333333,8,6,2,12,9,3,14.38,1.2,0.6666666666666666,0.5,0.16666666666666666,0.75,0.25,24,0.6,15.34,0.38,40,8,0.47058823529411764,3.18,0.19,17,401415231,2022,6
2005,Air Force Falcons,32,0.48484848484848486,5,0.4166666666666667,27,0.5,8,0.8,9,0.6923076923076923,21,0.4117647058823529,51,0.17647058823529413,0.8235294117647058,-4.83,-0.09,9,0.17647058823529413,9,-0.93,-0.1,3,0.3333333333333333,42,-3.9,-0.09,18,0.42857142857142855,12,0.08333333333333333,0.9166666666666666,-1.7,-0.14,3,0.25,1,-0.76,-0.76,0,0.0,11,-0.94,-0.09,3,0.2727272727272727,11,2,9,15,3,12,12.43,0.83,0.7333333333333333,0.13333333333333333,0.6,0.2,0.8,25,0.5319148936170213,10.52,0.22,47,7,0.3684210526315789,-2.92,-0.15,19,401415231,2022,6
167,New Mexico Lobos,32,0.4507042253521127,11,0.3793103448275862,21,0.5,3,0.3333333333333333,4,0.3076923076923077,27,0.47368421052631576,57,0.40350877192982454,0.5964912280701754,4.52,0.08,15,0.2631578947368421,23,0.12,0.01,10,0.43478260869565216,34,4.4,0.13,17,0.5,11,0.5454545454545454,0.45454545454545453,1.42,0.13,6,0.5454545454545454,6,0.52,0.09,3,0.5,5,0.91,0.18,3,0.6,5,1,4,14,6,8,-12.08,-0.86,0.35714285714285715,0.07142857142857142,0.2857142857142857,0.42857142857142855,0.5714285714285714,22,0.5116279069767442,0.98,0.02,43,10,0.35714285714285715,-8.54,-0.3,28,401415234,2022,6
2751,Wyoming Cowboys,21,0.3559322033898305,8,0.36363636363636365,13,0.35135135135135137,0,0.0,6,0.375,15,0.3488372093023256,43,0.23255813953488372,0.7674418604651163,-2.1,-0.05,7,0.16279069767441862,10,2.13,0.21,5,0.5,33,-4.23,-0.13,10,0.30303030303030304,11,0.18181818181818182,0.8181818181818182,4.62,0.42,7,0.6363636363636364,2,2.2,1.1,1,0.5,9,2.41,0.27,6,0.6666666666666666,6,3,3,16,12,4,0.64,0.04,0.375,0.1875,0.1875,0.75,0.25,16,0.37209302325581395,1.43,0.03,43,5,0.3125,-2.89,-0.18,16,401415234,2022,6
2032,Arkansas State Red Wolves,16,0.3076923076923077,10,0.3225806451612903,6,0.2857142857142857,2,0.16666666666666666,4,0.3076923076923077,11,0.2894736842105263,38,0.5,0.5,-3.73,-0.1,4,0.10526315789473684,19,3.34,0.18,6,0.3157894736842105,19,-7.07,-0.37,5,0.2631578947368421,13,0.5384615384615384,0.46153846153846156,2.09,0.16,7,0.5384615384615384,7,2.62,0.37,3,0.42857142857142855,6,-0.53,-0.09,4,0.6666666666666666,5,4,1,14,12,2,5.34,0.38,0.35714285714285715,0.2857142857142857,0.07142857142857142,0.8571428571428571,0.14285714285714285,10,0.38461538461538464,1.49,0.06,26,6,0.23076923076923078,0.13,0.0,26,401426343,2022,6
256,James Madison Dukes,44,0.5714285714285714,24,0.6486486486486487,20,0.5,5,0.45454545454545453,6,0.5454545454545454,37,0.5692307692307692,65,0.47692307692307695,0.5230769230769231,29.59,0.46,21,0.3230769230769231,31,25.55,0.82,22,0.7096774193548387,34,4.05,0.12,15,0.4411764705882353,2,0.5,0.5,2.93,1.46,1,0.5,1,2.95,2.95,1,1.0,1,-0.03,-0.03,0,0.0,7,2,5,12,6,6,7.04,0.59,0.5833333333333334,0.16666666666666666,0.4166666666666667,0.5,0.5,34,0.5964912280701754,25.25,0.44,57,10,0.5,11.38,0.57,20,401426343,2022,6
2026,Appalachian State Mountaineers,34,0.4788732394366197,29,0.5576923076923077,5,0.2631578947368421,4,0.2857142857142857,7,0.4666666666666667,25,0.5,50,0.68,0.32,8.53,0.17,11,0.22,34,16.54,0.49,20,0.5882352941176471,16,-8.01,-0.5,5,0.3125,17,0.7058823529411765,0.29411764705882354,3.97,0.23,7,0.4117647058823529,12,6.04,0.5,7,0.5833333333333334,5,-2.07,-0.41,0,0.0,9,9,0,21,18,3,-3.63,-0.17,0.42857142857142855,0.42857142857142855,0.0,0.8571428571428571,0.14285714285714285,27,0.5294117647058824,12.18,0.24,51,7,0.35,-7.28,-0.36,20,401426345,2022,6
326,Texas State Bobcats,30,0.4918032786885246,20,0.5555555555555556,10,0.4,6,0.4,10,0.7142857142857143,20,0.425531914893617,47,0.574468085106383,0.425531914893617,-2.42,-0.05,9,0.19148936170212766,27,1.79,0.07,14,0.5185185185185185,20,-4.21,-0.21,6,0.3,2,1.0,0.0,4.02,2.01,1,0.5,2,4.02,2.01,1,0.5,,,,,,10,6,4,14,9,5,8.87,0.63,0.7142857142857143,0.42857142857142855,0.2857142857142857,0.6428571428571429,0.35714285714285715,22,0.5238095238095238,3.5,0.08,42,8,0.42105263157894735,2.95,0.16,19,401426345,2022,6
2572,Southern Miss Golden Eagles,23,0.3898305084745763,15,0.375,8,0.42105263157894735,2,0.4,7,0.5384615384615384,15,0.3333333333333333,45,0.6666666666666666,0.3333333333333333,-16.99,-0.38,6,0.13333333333333333,30,-14.25,-0.48,9,0.3,15,-2.73,-0.18,6,0.4,9,0.5555555555555556,0.4444444444444444,-2.71,-0.3,2,0.2222222222222222,5,-1.36,-0.27,1,0.2,4,-1.35,-0.34,1,0.25,8,6,2,14,10,4,5.57,0.4,0.5714285714285714,0.42857142857142855,0.14285714285714285,0.7142857142857143,0.2857142857142857,16,0.42105263157894735,-12.51,-0.33,38,7,0.3333333333333333,1.09,0.05,21,401426346,2022,6
2653,Troy Trojans,23,0.39655172413793105,15,0.5555555555555556,8,0.25806451612903225,4,0.4,6,0.5,17,0.3695652173913043,46,0.391304347826087,0.6086956521739131,-8.15,-0.18,11,0.2391304347826087,18,-4.66,-0.26,10,0.5555555555555556,28,-3.49,-0.12,7,0.25,10,0.4,0.6,3.6,0.36,4,0.4,4,0.67,0.17,1,0.25,6,2.93,0.49,3,0.5,6,5,1,12,9,3,1.98,0.17,0.5,0.4166666666666667,0.08333333333333333,0.75,0.25,15,0.40540540540540543,-2.2,-0.06,37,8,0.38095238095238093,-3.96,-0.19,21,401426346,2022,6
2229,Florida International Panthers,25,0.373134328358209,18,0.391304347826087,7,0.3333333333333333,1,0.14285714285714285,5,0.3333333333333333,18,0.4,45,0.6888888888888889,0.3111111111111111,-1.2,-0.03,10,0.2222222222222222,31,3.41,0.11,15,0.4838709677419355,14,-4.62,-0.33,3,0.21428571428571427,6,0.8333333333333334,0.16666666666666666,2.26,0.38,3,0.5,5,-6.09,-1.22,2,0.4,1,8.36,8.36,1,1.0,7,3,4,22,15,7,-10.82,-0.49,0.3181818181818182,0.13636363636363635,0.18181818181818182,0.6818181818181818,0.3181818181818182,18,0.46153846153846156,4.42,0.11,39,7,0.25,-16.44,-0.59,28,401426579,2022,6
41,UConn Huskies,27,0.421875,9,0.4090909090909091,18,0.43902439024390244,6,0.46153846153846156,7,0.5384615384615384,19,0.38,50,0.28,0.72,0.66,0.01,12,0.24,14,-4.77,-0.34,4,0.2857142857142857,36,5.43,0.15,15,0.4166666666666667,16,0.4375,0.5625,-0.45,-0.03,4,0.25,7,-1.05,-0.15,2,0.2857142857142857,9,0.6,0.07,2,0.2222222222222222,8,5,3,14,8,5,11.57,0.83,0.5714285714285714,0.35714285714285715,0.21428571428571427,0.5714285714285714,0.35714285714285715,16,0.42105263157894735,0.82,0.02,38,11,0.4230769230769231,11.41,0.44,26,401426579,2022,6
2638,UTEP Miners,36,0.4044943820224719,20,0.38461538461538464,16,0.43243243243243246,5,0.3125,7,0.4375,23,0.35384615384615387,65,0.5076923076923077,0.49230769230769234,-13.75,-0.21,12,0.18461538461538463,33,-15.86,-0.48,10,0.30303030303030304,32,2.11,0.07,13,0.40625,28,0.5714285714285714,0.42857142857142855,-4.36,-0.16,12,0.42857142857142855,16,-7.3,-0.46,7,0.4375,12,2.94,0.24,5,0.4166666666666667,13,10,3,24,19,5,11.7,0.49,0.5416666666666666,0.4166666666666667,0.125,0.7916666666666666,0.20833333333333334,24,0.4444444444444444,12.83,0.24,54,12,0.34285714285714286,-14.88,-0.43,35,401426580,2022,6
2348,Louisiana Tech Bulldogs,24,0.42857142857142855,14,0.5,10,0.35714285714285715,6,0.6,4,0.36363636363636365,19,0.4318181818181818,44,0.45454545454545453,0.5454545454545454,-4.19,-0.1,8,0.18181818181818182,20,1.48,0.07,9,0.45,24,-5.67,-0.24,10,0.4166666666666667,,,,,,,,,,,,,,,,,,5,5,0,12,8,4,6.09,0.51,0.4166666666666667,0.4166666666666667,0.0,0.6666666666666666,0.3333333333333333,15,0.4166666666666667,3.71,0.1,36,9,0.45,-1.81,-0.09,20,401426580,2022,6
2579,South Carolina Gamecocks,23,0.3770491803278688,9,0.42857142857142855,14,0.35,2,0.4,7,0.5,16,0.35555555555555557,45,0.26666666666666666,0.7333333333333333,-0.69,-0.02,7,0.15555555555555556,12,-2.5,-0.21,3,0.25,33,1.81,0.05,13,0.3939393939393939,11,0.5454545454545454,0.45454545454545453,3.93,0.36,5,0.45454545454545453,6,3.8,0.63,2,0.3333333333333333,5,0.13,0.03,3,0.6,7,6,1,16,9,7,-1.63,-0.1,0.4375,0.375,0.0625,0.5625,0.4375,16,0.38095238095238093,-0.06,-0.0,42,7,0.3684210526315789,-2.25,-0.12,19,401403912,2022,6
96,Kentucky Wildcats,27,0.42857142857142855,11,0.3333333333333333,16,0.5333333333333333,2,0.4,5,0.4166666666666667,20,0.40816326530612246,49,0.46938775510204084,0.5306122448979592,-10.89,-0.22,11,0.22448979591836735,23,-9.67,-0.42,6,0.2608695652173913,26,-1.22,-0.05,14,0.5384615384615384,7,0.5714285714285714,0.42857142857142855,-3.22,-0.46,1,0.14285714285714285,4,-1.84,-0.46,1,0.25,3,-1.38,-0.46,0,0.0,7,5,2,14,10,4,7.06,0.5,0.5,0.35714285714285715,0.14285714285714285,0.7142857142857143,0.2857142857142857,16,0.42105263157894735,-9.98,-0.26,38,11,0.44,6.15,0.25,25,401403912,2022,6
87,Notre Dame Fighting Irish,38,0.5352112676056338,18,0.6428571428571429,20,0.46511627906976744,2,0.16666666666666666,11,0.6875,27,0.5,54,0.2962962962962963,0.7037037037037037,2.55,0.05,12,0.2222222222222222,16,1.3,0.08,10,0.625,38,1.25,0.03,17,0.4473684210526316,12,0.5,0.5,5.46,0.45,7,0.5833333333333334,6,6.41,1.07,5,0.8333333333333334,6,-0.96,-0.16,2,0.3333333333333333,11,8,3,17,12,5,11.42,0.67,0.6470588235294118,0.47058823529411764,0.17647058823529413,0.7058823529411765,0.29411764705882354,29,0.5272727272727272,4.51,0.08,55,9,0.5625,9.47,0.59,16,401404127,2022,6
252,BYU Cougars,20,0.43478260869565216,7,0.3888888888888889,13,0.48148148148148145,2,0.4,4,0.4444444444444444,15,0.42857142857142855,35,0.37142857142857144,0.6,4.88,0.14,8,0.22857142857142856,13,1.88,0.14,5,0.38461538461538464,21,4.67,0.22,10,0.47619047619047616,5,0.6,0.4,0.26,0.05,2,0.4,3,-0.66,-0.22,0,0.0,2,0.92,0.46,2,1.0,5,2,3,11,5,6,-1.59,-0.14,0.45454545454545453,0.18181818181818182,0.2727272727272727,0.45454545454545453,0.5454545454545454,16,0.42105263157894735,0.83,0.02,38,4,0.5,2.46,0.31,8,401404127,2022,6
356,Illinois Fighting Illini,29,0.4027777777777778,7,0.2413793103448276,22,0.5116279069767442,2,0.2222222222222222,4,0.25,22,0.41509433962264153,53,0.37735849056603776,0.6226415094339622,-8.65,-0.16,10,0.18867924528301888,20,-10.95,-0.55,5,0.25,33,2.29,0.07,17,0.5151515151515151,6,0.5,0.5,-4.49,-0.75,1,0.16666666666666666,3,-2.4,-0.8,1,0.3333333333333333,3,-2.08,-0.69,0,0.0,7,2,5,19,9,10,-5.36,-0.28,0.3684210526315789,0.10526315789473684,0.2631578947368421,0.47368421052631576,0.5263157894736842,26,0.5,0.47,0.01,52,3,0.15,-14.48,-0.72,20,401405106,2022,6
2294,Iowa Hawkeyes,19,0.30158730158730157,13,0.325,6,0.2608695652173913,0,0.0,6,0.375,13,0.2765957446808511,47,0.574468085106383,0.425531914893617,-17.17,-0.37,7,0.14893617021276595,27,-13.53,-0.5,8,0.2962962962962963,20,-3.64,-0.18,5,0.25,15,0.8666666666666667,0.13333333333333333,-4.73,-0.32,4,0.26666666666666666,13,-4.22,-0.32,4,0.3076923076923077,2,-0.5,-0.25,0,0.0,6,5,1,16,13,3,1.21,0.08,0.375,0.3125,0.0625,0.8125,0.1875,14,0.3684210526315789,-10.17,-0.27,38,5,0.2,-5.78,-0.23,25,401405106,2022,6
103,Boston College Eagles,24,0.3333333333333333,15,0.32608695652173914,9,0.34615384615384615,2,0.6666666666666666,6,0.3333333333333333,17,0.3269230769230769,52,0.5769230769230769,0.4230769230769231,-17.77,-0.34,8,0.15384615384615385,30,-13.17,-0.44,9,0.3,22,-4.6,-0.21,8,0.36363636363636365,10,0.8,0.2,-4.12,-0.41,5,0.5,8,-3.58,-0.45,4,0.5,2,-0.54,-0.27,1,0.5,7,6,1,20,16,4,-4.85,-0.24,0.35,0.3,0.05,0.8,0.2,17,0.3953488372093023,-11.09,-0.26,43,7,0.2413793103448276,-11.53,-0.4,29,401411131,2022,6
228,Clemson Tigers,29,0.4603174603174603,15,0.45454545454545453,14,0.4666666666666667,6,0.6,5,0.35714285714285715,24,0.4897959183673469,49,0.46938775510204084,0.5306122448979592,0.31,0.01,11,0.22448979591836735,23,4.05,0.18,13,0.5652173913043478,26,-3.74,-0.14,11,0.4230769230769231,12,0.3333333333333333,0.6666666666666666,8.61,0.72,9,0.75,4,4.4,1.1,2,0.5,8,4.21,0.53,7,0.875,5,2,3,14,10,4,-2.16,-0.15,0.35714285714285715,0.14285714285714285,0.21428571428571427,0.7142857142857143,0.2857142857142857,23,0.575,8.52,0.21,40,6,0.2608695652173913,-10.37,-0.45,23,401411131,2022,6
2433,UL Monroe Warhawks,35,0.5072463768115942,20,0.5882352941176471,15,0.42857142857142855,4,0.3333333333333333,8,0.6153846153846154,27,0.5,54,0.46296296296296297,0.5370370370370371,7.52,0.14,14,0.25925925925925924,25,10.63,0.43,15,0.6,29,-3.11,-0.11,12,0.41379310344827586,19,0.5263157894736842,0.47368421052631576,13.81,0.73,12,0.631578947368421,10,14.23,1.42,9,0.9,9,-0.43,-0.05,3,0.3333333333333333,8,5,3,15,9,6,-0.51,-0.03,0.5333333333333333,0.3333333333333333,0.2,0.6,0.4,23,0.4791666666666667,-4.5,-0.09,48,12,0.5714285714285714,11.51,0.55,21,401426344,2022,6
324,Coastal Carolina Chanticleers,29,0.5178571428571429,15,0.5357142857142857,14,0.5,4,0.8,7,0.5384615384615384,22,0.5116279069767442,43,0.4883720930232558,0.5116279069767442,10.18,0.24,10,0.23255813953488372,21,8.3,0.4,12,0.5714285714285714,22,1.88,0.09,10,0.45454545454545453,6,0.5,0.5,0.6,0.1,3,0.5,3,-3.01,-1.0,0,0.0,3,3.61,1.2,3,1.0,7,3,4,13,7,6,6.9,0.53,0.5384615384615384,0.23076923076923078,0.3076923076923077,0.5384615384615384,0.46153846153846156,21,0.5675675675675675,13.13,0.35,37,8,0.42105263157894735,3.95,0.21,19,401426344,2022,6
278,Fresno State Bulldogs,26,0.4482758620689655,10,0.38461538461538464,16,0.5,4,0.3333333333333333,8,0.5714285714285714,18,0.4090909090909091,44,0.45454545454545453,0.5454545454545454,-12.97,-0.29,7,0.1590909090909091,20,-9.29,-0.46,9,0.45,24,-3.68,-0.15,9,0.375,21,0.47619047619047616,0.5238095238095238,6.17,0.29,13,0.6190476190476191,10,1.43,0.14,6,0.6,11,4.74,0.43,7,0.6363636363636364,8,1,7,14,6,8,4.4,0.31,0.5714285714285714,0.07142857142857142,0.5,0.42857142857142855,0.5714285714285714,22,0.5365853658536586,1.79,0.04,41,4,0.23529411764705882,-10.36,-0.61,17,401415232,2022,6
68,Boise State Broncos,34,0.4857142857142857,8,0.4,26,0.52,7,0.35,11,0.6111111111111112,22,0.43137254901960786,51,0.19607843137254902,0.803921568627451,2.41,0.05,10,0.19607843137254902,10,-0.28,-0.03,3,0.3,41,2.69,0.07,19,0.4634146341463415,6,0.16666666666666666,0.8333333333333334,3.76,0.63,4,0.6666666666666666,1,-2.1,-2.1,0,0.0,5,5.86,1.17,4,0.8,12,5,7,19,10,9,10.52,0.55,0.631578947368421,0.2631578947368421,0.3684210526315789,0.5263157894736842,0.47368421052631576,24,0.48,7.55,0.15,50,10,0.5,5.37,0.27,20,401415232,2022,6
62,Hawai'i Rainbow Warriors,23,0.41818181818181815,13,0.3939393939393939,10,0.45454545454545453,,,3,0.3,20,0.4444444444444444,45,0.5555555555555556,0.4444444444444444,2.41,0.05,12,0.26666666666666666,25,-1.98,-0.08,11,0.44,20,4.4,0.22,9,0.45,3,0.6666666666666666,0.3333333333333333,-2.36,-0.79,0,0.0,2,-2.13,-1.06,0,0.0,1,-0.23,-0.23,0,0.0,3,2,1,10,8,2,1.32,0.13,0.3,0.2,0.1,0.8,0.2,18,0.45,2.18,0.05,40,5,0.3333333333333333,1.56,0.1,15,401415235,2022,6
21,San Diego State Aztecs,32,0.45714285714285713,22,0.5789473684210527,10,0.3125,1,0.125,7,0.4375,24,0.4528301886792453,53,0.5094339622641509,0.49056603773584906,-0.17,-0.0,12,0.22641509433962265,27,6.85,0.25,16,0.5925925925925926,26,-7.03,-0.27,8,0.3076923076923077,14,0.7142857142857143,0.2857142857142857,0.89,0.06,7,0.5,10,-1.45,-0.15,4,0.4,4,2.35,0.59,3,0.75,8,6,2,17,11,6,9.16,0.54,0.47058823529411764,0.35294117647058826,0.11764705882352941,0.6470588235294118,0.35294117647058826,22,0.5,-0.74,-0.02,44,10,0.38461538461538464,9.73,0.37,26,401415235,2022,6
204,Oregon State Beavers,32,0.463768115942029,16,0.48484848484848486,16,0.4444444444444444,4,0.5,5,0.35714285714285715,25,0.4716981132075472,53,0.4339622641509434,0.5660377358490566,9.13,0.17,12,0.22641509433962265,23,7.42,0.32,12,0.5217391304347826,30,1.71,0.06,13,0.43333333333333335,10,0.6,0.4,0.57,0.06,4,0.4,6,-0.31,-0.05,3,0.5,4,0.87,0.22,1,0.25,7,4,3,16,10,6,9.45,0.59,0.4375,0.25,0.1875,0.625,0.375,24,0.5217391304347826,16.61,0.36,46,8,0.34782608695652173,1.97,0.09,23,401404010,2022,6
24,Stanford Cardinal,27,0.4426229508196721,14,0.4,13,0.5,6,0.8571428571428571,5,0.4166666666666667,22,0.4489795918367347,49,0.5714285714285714,0.42857142857142855,5.54,0.11,10,0.20408163265306123,28,7.07,0.25,13,0.4642857142857143,21,-1.52,-0.07,9,0.42857142857142855,14,0.8571428571428571,0.14285714285714285,3.22,0.23,5,0.35714285714285715,12,2.14,0.18,4,0.3333333333333333,2,1.09,0.54,1,0.5,5,1,4,12,7,5,-1.93,-0.16,0.4166666666666667,0.08333333333333333,0.3333333333333333,0.5833333333333334,0.4166666666666667,21,0.4883720930232558,6.84,0.16,43,6,0.3333333333333333,-3.23,-0.18,18,401404010,2022,6
276,Marshall Thundering Herd,32,0.48484848484848486,11,0.4074074074074074,21,0.5384615384615384,6,0.75,2,0.18181818181818182,28,0.5490196078431373,51,0.39215686274509803,0.6078431372549019,-2.02,-0.04,12,0.23529411764705882,20,-2.86,-0.14,10,0.5,31,0.84,0.03,18,0.5806451612903226,9,0.3333333333333333,0.6666666666666666,-4.45,-0.49,4,0.4444444444444444,3,-5.24,-1.75,0,0.0,6,0.79,0.13,4,0.6666666666666666,4,1,3,15,7,8,-9.15,-0.61,0.26666666666666666,0.06666666666666667,0.2,0.4666666666666667,0.5333333333333333,29,0.5918367346938775,1.3,0.03,49,3,0.17647058823529413,-12.47,-0.73,17,401426347,2022,7
309,Louisiana Ragin' Cajuns,26,0.4126984126984127,12,0.375,14,0.45161290322580644,1,0.2,6,0.4,18,0.4,45,0.4666666666666667,0.5333333333333333,2.54,0.06,8,0.17777777777777778,21,7.83,0.37,9,0.42857142857142855,24,-5.28,-0.22,9,0.375,8,0.625,0.375,0.54,0.07,3,0.375,5,-1.75,-0.35,1,0.2,3,2.29,0.76,2,0.6666666666666666,8,3,5,18,11,7,-0.78,-0.04,0.4444444444444444,0.16666666666666666,0.2777777777777778,0.6111111111111112,0.3888888888888889,16,0.42105263157894735,2.81,0.07,38,10,0.4,-1.05,-0.04,25,401426347,2022,7
239,Baylor Bears,34,0.4857142857142857,19,0.5135135135135135,15,0.46875,6,0.5,4,0.36363636363636365,27,0.48214285714285715,56,0.4642857142857143,0.5178571428571429,0.22,0.0,16,0.2857142857142857,26,12.81,0.49,15,0.5769230769230769,29,-2.06,-0.07,12,0.41379310344827586,10,0.6,0.3,-5.7,-0.57,4,0.4,6,3.63,0.61,2,0.3333333333333333,3,1.2,0.4,2,0.6666666666666666,7,4,3,14,11,3,7.9,0.56,0.5,0.2857142857142857,0.21428571428571427,0.7857142857142857,0.21428571428571427,24,0.47058823529411764,-0.14,-0.0,51,10,0.5263157894736842,8.26,0.43,19,401404092,2022,7
277,West Virginia Mountaineers,42,0.5526315789473685,23,0.5897435897435898,19,0.5135135135135135,6,0.6,7,0.5,35,0.5737704918032787,61,0.47540983606557374,0.5245901639344263,17.27,0.28,16,0.26229508196721313,29,10.41,0.36,18,0.6206896551724138,32,6.86,0.21,17,0.53125,15,0.5333333333333333,0.4666666666666667,2.79,0.19,8,0.5333333333333333,8,1.88,0.24,4,0.5,7,0.91,0.13,4,0.5714285714285714,7,5,2,15,10,5,1.75,0.12,0.4666666666666667,0.3333333333333333,0.13333333333333333,0.6666666666666666,0.3333333333333333,29,0.5178571428571429,1.68,0.03,56,13,0.65,17.34,0.87,20,401404092,2022,7
2116,UCF Knights,46,0.6764705882352942,21,0.7241379310344828,25,0.6410256410256411,12,0.8571428571428571,8,0.8888888888888888,38,0.6440677966101694,59,0.4067796610169492,0.5932203389830508,35.13,0.6,15,0.2542372881355932,24,20.59,0.86,17,0.7083333333333334,35,14.54,0.42,21,0.6,19,0.6842105263157895,0.3157894736842105,19.43,1.02,13,0.6842105263157895,13,16.04,1.23,10,0.7692307692307693,6,3.39,0.56,3,0.5,8,4,4,9,5,4,15.14,1.68,0.8888888888888888,0.4444444444444444,0.4444444444444444,0.5555555555555556,0.4444444444444444,37,0.6851851851851852,42.36,0.78,54,9,0.6428571428571429,7.9,0.56,14,401415634,2022,7
218,Temple Owls,25,0.352112676056338,19,0.4318181818181818,6,0.2222222222222222,3,0.5,7,0.4117647058823529,18,0.34615384615384615,52,0.5384615384615384,0.46153846153846156,-3.52,-0.07,9,0.17307692307692307,28,5.76,0.21,13,0.4642857142857143,24,-9.28,-0.39,5,0.20833333333333334,5,0.8,0.2,-2.35,-0.47,1,0.2,4,-1.72,-0.43,1,0.25,1,-0.63,-0.63,0,0.0,7,6,1,19,16,3,-0.85,-0.04,0.3684210526315789,0.3157894736842105,0.05263157894736842,0.8421052631578947,0.15789473684210525,17,0.40476190476190477,-3.17,-0.08,42,8,0.27586206896551724,-1.19,-0.04,29,401415634,2022,7
2567,SMU Mustangs,18,0.391304347826087,11,0.4074074074074074,7,0.3684210526315789,4,0.36363636363636365,4,0.4444444444444444,14,0.3783783783783784,37,0.5675675675675675,0.43243243243243246,13.7,0.37,8,0.21621621621621623,21,13.67,0.65,9,0.42857142857142855,16,0.03,0.0,5,0.3125,5,0.8,0.2,-0.35,-0.07,2,0.4,4,0.25,0.06,2,0.5,1,-0.59,-0.59,0,0.0,4,2,2,9,6,3,5.62,0.62,0.4444444444444444,0.2222222222222222,0.2222222222222222,0.6666666666666666,0.3333333333333333,10,0.38461538461538464,7.59,0.29,26,8,0.4,11.72,0.59,20,401415635,2022,7
2426,Navy Midshipmen,48,0.48484848484848486,8,0.3333333333333333,40,0.5333333333333333,6,0.5,13,0.6190476190476191,31,0.4305555555555556,72,0.2638888888888889,0.7361111111111112,10.88,0.15,14,0.19444444444444445,19,5.15,0.27,6,0.3157894736842105,53,5.72,0.11,25,0.4716981132075472,15,0.2,0.8,11.23,0.75,11,0.7333333333333333,3,4.18,1.39,2,0.6666666666666666,12,7.05,0.59,9,0.75,17,2,15,27,5,22,11.04,0.41,0.6296296296296297,0.07407407407407407,0.5555555555555556,0.18518518518518517,0.8148148148148148,35,0.5,14.56,0.21,70,13,0.4482758620689655,7.35,0.25,29,401415635,2022,7
2229,Florida International Panthers,24,0.32,12,0.27906976744186046,12,0.375,2,0.3333333333333333,2,0.125,21,0.3888888888888889,54,0.48148148148148145,0.5185185185185185,2.1,0.04,14,0.25925925925925924,26,0.51,0.02,10,0.38461538461538464,28,1.59,0.06,11,0.39285714285714285,14,0.7857142857142857,0.21428571428571427,-4.87,-0.35,3,0.21428571428571427,11,-5.14,-0.47,2,0.18181818181818182,3,0.27,0.09,1,0.3333333333333333,3,2,1,21,17,4,-18.55,-0.88,0.14285714285714285,0.09523809523809523,0.047619047619047616,0.8095238095238095,0.19047619047619047,18,0.43902439024390244,2.06,0.05,41,6,0.17647058823529413,-18.5,-0.54,34,401426584,2022,7
2636,UTSA Roadrunners,37,0.5211267605633803,24,0.6,13,0.41935483870967744,4,0.4,6,0.42857142857142855,30,0.5454545454545454,55,0.6,0.4,3.58,0.07,15,0.2727272727272727,33,2.31,0.07,21,0.6363636363636364,22,1.27,0.06,9,0.4090909090909091,16,0.8125,0.1875,6.37,0.4,10,0.625,13,5.37,0.41,7,0.5384615384615384,3,1.0,0.33,3,1.0,7,3,4,16,7,9,1.19,0.07,0.4375,0.1875,0.25,0.4375,0.5625,28,0.5185185185185185,1.34,0.02,54,9,0.5294117647058824,3.43,0.2,17,401426584,2022,7
238,Vanderbilt Commodores,13,0.2765957446808511,7,0.28,6,0.2727272727272727,0,0.0,5,0.38461538461538464,8,0.24242424242424243,33,0.45454545454545453,0.5454545454545454,-12.66,-0.38,3,0.09090909090909091,15,-5.97,-0.4,4,0.26666666666666666,18,-6.69,-0.37,4,0.2222222222222222,11,0.9090909090909091,0.09090909090909091,-0.07,-0.01,4,0.36363636363636365,10,0.18,0.02,4,0.4,1,-0.25,-0.25,0,0.0,5,3,2,14,10,4,-2.65,-0.19,0.35714285714285715,0.21428571428571427,0.14285714285714285,0.7142857142857143,0.2857142857142857,9,0.32142857142857145,-6.89,-0.25,28,4,0.21052631578947367,-8.43,-0.44,19,401403918,2022,7
61,Georgia Bulldogs,45,0.5769230769230769,27,0.627906976744186,18,0.5142857142857142,9,0.36,8,0.6153846153846154,36,0.5625,64,0.515625,0.484375,11.05,0.17,20,0.3125,33,7.0,0.21,19,0.5757575757575758,31,4.05,0.13,17,0.5483870967741935,13,0.5384615384615384,0.46153846153846156,5.64,0.43,8,0.6153846153846154,7,3.76,0.54,4,0.5714285714285714,6,1.88,0.31,4,0.6666666666666666,9,8,1,14,10,4,20.03,1.43,0.6428571428571429,0.5714285714285714,0.07142857142857142,0.7142857142857143,0.2857142857142857,38,0.6229508196721312,22.69,0.37,61,7,0.4117647058823529,8.39,0.49,17,401403918,2022,7
333,Alabama Crimson Tide,41,0.4939759036144578,29,0.5471698113207547,12,0.4,9,0.5625,6,0.46153846153846156,34,0.4927536231884058,69,0.5942028985507246,0.4057971014492754,26.25,0.38,20,0.2898550724637681,41,23.69,0.58,24,0.5853658536585366,28,2.56,0.09,10,0.35714285714285715,9,0.6666666666666666,0.3333333333333333,7.31,0.81,4,0.4444444444444444,6,5.48,0.91,3,0.5,3,1.84,0.61,1,0.3333333333333333,7,5,2,14,12,2,6.1,0.44,0.5,0.35714285714285715,0.14285714285714285,0.8571428571428571,0.14285714285714285,31,0.5081967213114754,14.83,0.24,61,10,0.45454545454545453,17.52,0.8,22,401403921,2022,7
2633,Tennessee Volunteers,39,0.5571428571428572,17,0.53125,22,0.5945945945945946,8,0.8,5,0.5,34,0.5862068965517241,58,0.4482758620689655,0.5344827586206896,18.01,0.31,16,0.27586206896551724,26,18.84,0.72,15,0.5769230769230769,31,6.08,0.2,19,0.6129032258064516,15,0.5333333333333333,0.4666666666666667,-6.41,-0.43,6,0.4,8,-4.94,-0.62,3,0.375,7,-1.48,-0.21,3,0.42857142857142855,5,2,3,12,6,6,-2.89,-0.24,0.4166666666666667,0.16666666666666666,0.25,0.5,0.5,35,0.6481481481481481,27.76,0.51,54,4,0.25,-12.65,-0.79,16,401403921,2022,7
228,Clemson Tigers,31,0.4696969696969697,13,0.5,18,0.45,3,0.42857142857142855,10,0.5882352941176471,20,0.4166666666666667,48,0.375,0.625,8.14,0.17,6,0.125,18,6.66,0.37,9,0.5,30,1.48,0.05,11,0.36666666666666664,15,0.4666666666666667,0.5333333333333333,8.64,0.58,9,0.6,7,2.99,0.43,4,0.5714285714285714,8,5.65,0.71,5,0.625,11,4,7,18,8,10,5.68,0.32,0.6111111111111112,0.2222222222222222,0.3888888888888889,0.4444444444444444,0.5555555555555556,24,0.5217391304347826,18.87,0.41,46,7,0.35,-5.05,-0.25,20,401411138,2022,7
52,Florida State Seminoles,37,0.4868421052631579,16,0.36363636363636365,21,0.65625,7,0.4375,8,0.6153846153846154,28,0.4745762711864407,59,0.6101694915254238,0.3898305084745763,7.23,0.12,17,0.288135593220339,36,-1.22,-0.03,13,0.3611111111111111,23,8.44,0.37,15,0.6521739130434783,11,0.5454545454545454,0.45454545454545453,-5.81,-0.53,3,0.2727272727272727,6,-3.8,-0.63,1,0.16666666666666666,5,-2.01,-0.4,2,0.4,9,3,6,17,8,9,0.92,0.05,0.5294117647058824,0.17647058823529413,0.35294117647058826,0.47058823529411764,0.5294117647058824,31,0.543859649122807,9.76,0.17,57,6,0.3157894736842105,-1.62,-0.09,19,401411138,2022,7
130,Michigan Wolverines,45,0.569620253164557,13,0.52,32,0.5925925925925926,10,0.47619047619047616,11,0.6470588235294118,33,0.5409836065573771,61,0.29508196721311475,0.7049180327868853,17.61,0.29,13,0.21311475409836064,18,2.18,0.12,9,0.5,43,15.43,0.36,24,0.5581395348837209,13,0.23076923076923078,0.7692307692307693,7.74,0.6,6,0.46153846153846156,3,-0.34,-0.11,1,0.3333333333333333,10,8.08,0.81,5,0.5,12,4,8,18,7,11,6.3,0.35,0.6666666666666666,0.2222222222222222,0.4444444444444444,0.3888888888888889,0.6111111111111112,33,0.5689655172413793,10.68,0.18,58,12,0.5714285714285714,13.23,0.63,21,401405115,2022,7
213,Penn State Nittany Lions,17,0.34,10,0.3225806451612903,7,0.3684210526315789,2,0.2857142857142857,5,0.4166666666666667,11,0.3235294117647059,34,0.6176470588235294,0.38235294117647056,-3.19,-0.09,5,0.14705882352941177,21,0.14,0.01,7,0.3333333333333333,13,-3.33,-0.26,4,0.3076923076923077,9,0.7777777777777778,0.2222222222222222,3.03,0.34,3,0.3333333333333333,7,3.75,0.54,3,0.42857142857142855,2,-0.72,-0.36,0,0.0,6,3,3,16,10,6,-1.6,-0.1,0.375,0.1875,0.1875,0.625,0.375,11,0.34375,-2.76,-0.09,32,6,0.3333333333333333,-2.04,-0.11,18,401405115,2022,7
254,Utah Utes,44,0.5714285714285714,26,0.5777777777777777,18,0.5625,12,0.5714285714285714,8,0.5714285714285714,33,0.55,60,0.55,0.45,19.7,0.33,16,0.26666666666666666,33,14.95,0.45,19,0.5757575757575758,27,4.75,0.18,14,0.5185185185185185,12,0.6666666666666666,0.3333333333333333,14.17,1.18,10,0.8333333333333334,8,11.94,1.49,7,0.875,4,2.23,0.56,3,0.75,11,7,4,17,12,5,16.65,0.98,0.6470588235294118,0.4117647058823529,0.23529411764705882,0.7058823529411765,0.29411764705882354,33,0.6,26.1,0.47,55,11,0.5,10.25,0.47,22,401404017,2022,7
30,USC Trojans,37,0.5362318840579711,24,0.5217391304347826,13,0.5652173913043478,8,0.6666666666666666,5,0.5555555555555556,31,0.5344827586206896,58,0.6379310344827587,0.3620689655172414,17.28,0.3,21,0.3620689655172414,37,9.74,0.26,19,0.5135135135135135,21,7.54,0.36,12,0.5714285714285714,16,0.75,0.25,12.0,0.75,9,0.5625,12,12.29,1.02,8,0.6666666666666666,4,-0.29,-0.07,1,0.25,6,5,1,11,9,2,11.64,1.06,0.5454545454545454,0.45454545454545453,0.09090909090909091,0.8181818181818182,0.18181818181818182,28,0.6086956521739131,14.76,0.32,46,9,0.391304347826087,14.16,0.62,23,401404017,2022,7
2628,TCU Horned Frogs,42,0.5060240963855421,17,0.4146341463414634,25,0.5952380952380952,8,0.4,4,0.3076923076923077,38,0.5507246376811594,69,0.42028985507246375,0.5797101449275363,28.25,0.41,22,0.3188405797101449,29,14.42,0.5,14,0.4827586206896552,40,13.83,0.35,24,0.6,8,0.25,0.75,3.78,0.47,5,0.625,2,0.62,0.31,1,0.5,6,3.17,0.53,4,0.6666666666666666,4,3,1,14,12,2,-6.45,-0.46,0.2857142857142857,0.21428571428571427,0.07142857142857142,0.8571428571428571,0.14285714285714285,33,0.559322033898305,19.54,0.33,59,9,0.375,2.26,0.09,24,401404095,2022,7
197,Oklahoma State Cowboys,32,0.4266666666666667,16,0.42105263157894735,16,0.43243243243243246,3,0.2727272727272727,7,0.4117647058823529,24,0.42105263157894735,57,0.45614035087719296,0.543859649122807,4.27,0.07,11,0.19298245614035087,26,1.24,0.05,11,0.4230769230769231,31,3.03,0.1,13,0.41935483870967744,10,0.5,0.5,-1.32,-0.13,4,0.4,5,0.83,0.17,3,0.6,5,-2.15,-0.43,1,0.2,8,5,3,18,12,6,1.05,0.06,0.4444444444444444,0.2777777777777778,0.16666666666666666,0.6666666666666666,0.3333333333333333,23,0.48936170212765956,8.27,0.18,47,9,0.32142857142857145,-2.95,-0.11,28,401404095,2022,7
145,Ole Miss Rebels,47,0.5465116279069767,8,0.4,39,0.5909090909090909,9,0.6,11,0.6111111111111112,35,0.5303030303030303,66,0.25757575757575757,0.7424242424242424,16.34,0.25,16,0.24242424242424243,17,4.03,0.24,7,0.4117647058823529,49,12.31,0.25,28,0.5714285714285714,12,0.3333333333333333,0.6666666666666666,1.18,0.1,8,0.6666666666666666,4,-1.86,-0.46,2,0.5,8,3.03,0.38,6,0.75,12,1,11,20,3,17,4.64,0.23,0.6,0.05,0.55,0.15,0.85,38,0.5428571428571428,13.78,0.2,70,9,0.5625,7.2,0.45,16,401403920,2022,7
2,Auburn Tigers,25,0.38461538461538464,5,0.25,20,0.4444444444444444,5,0.5555555555555556,6,0.4,17,0.3617021276595745,47,0.14893617021276595,0.851063829787234,2.2,0.05,8,0.1702127659574468,7,-4.35,-0.62,1,0.14285714285714285,40,6.55,0.16,16,0.4,9,0.3333333333333333,0.6666666666666666,4.33,0.48,3,0.3333333333333333,3,0.55,0.18,1,0.3333333333333333,6,3.78,0.63,2,0.3333333333333333,8,4,4,18,13,5,10.78,0.6,0.4444444444444444,0.2222222222222222,0.2222222222222222,0.7222222222222222,0.2777777777777778,16,0.38095238095238093,-3.59,-0.09,42,9,0.391304347826087,16.58,0.72,23,401403920,2022,7
152,NC State Wolfpack,32,0.463768115942029,15,0.42857142857142855,17,0.5,4,0.2857142857142857,7,0.4117647058823529,22,0.4583333333333333,48,0.5208333333333334,0.4791666666666667,-5.94,-0.12,7,0.14583333333333334,25,-1.59,-0.06,11,0.44,23,-4.35,-0.19,11,0.4782608695652174,15,0.3333333333333333,0.6666666666666666,3.13,0.21,7,0.4666666666666667,5,0.88,0.18,1,0.2,10,2.26,0.23,6,0.6,10,4,6,21,10,11,4.16,0.2,0.47619047619047616,0.19047619047619047,0.2857142857142857,0.47619047619047616,0.5238095238095238,25,0.5102040816326531,0.27,0.01,49,7,0.35,-2.05,-0.1,20,401411139,2022,7
183,Syracuse Orange,31,0.5636363636363636,14,0.56,17,0.5666666666666667,4,0.4,5,0.5555555555555556,25,0.5555555555555556,45,0.4666666666666667,0.5333333333333333,7.55,0.17,13,0.28888888888888886,21,1.24,0.06,12,0.5714285714285714,24,6.31,0.26,13,0.5416666666666666,5,0.8,0.2,-6.61,-1.32,1,0.2,4,-6.27,-1.57,1,0.25,1,-0.35,-0.35,0,0.0,6,2,4,10,4,6,5.71,0.57,0.6,0.2,0.4,0.4,0.6,19,0.5,-0.84,-0.02,38,12,0.7058823529411765,14.1,0.83,17,401411139,2022,7
66,Iowa State Cyclones,27,0.421875,19,0.5135135135135135,8,0.2962962962962963,5,0.4166666666666667,10,0.6666666666666666,16,0.3333333333333333,48,0.5,0.5,-7.19,-0.15,8,0.16666666666666666,24,4.27,0.18,10,0.4166666666666667,24,-11.46,-0.48,6,0.25,1,0.0,1.0,0.23,0.23,1,1.0,,,,,,1,0.23,0.23,1,1.0,11,9,2,16,13,3,16.41,1.03,0.6875,0.5625,0.125,0.8125,0.1875,16,0.41025641025641024,3.77,0.1,39,11,0.44,5.45,0.22,25,401404093,2022,7
251,Texas Longhorns,36,0.5373134328358209,13,0.5,23,0.5609756097560976,6,0.5,6,0.46153846153846156,29,0.5576923076923077,52,0.3269230769230769,0.6730769230769231,8.21,0.16,15,0.28846153846153844,17,4.72,0.28,8,0.47058823529411764,35,3.49,0.1,21,0.6,19,0.3157894736842105,0.6842105263157895,10.98,0.58,15,0.7894736842105263,6,6.89,1.15,5,0.8333333333333334,13,4.09,0.31,10,0.7692307692307693,7,5,2,15,9,6,2.0,0.13,0.4666666666666667,0.3333333333333333,0.13333333333333333,0.6,0.4,31,0.6326530612244898,13.89,0.28,49,5,0.2777777777777778,-3.68,-0.2,18,401404093,2022,7
356,Illinois Fighting Illini,39,0.4642857142857143,17,0.53125,22,0.4230769230769231,4,0.2222222222222222,6,0.35294117647058826,29,0.4603174603174603,63,0.30158730158730157,0.6984126984126984,6.7,0.11,15,0.23809523809523808,19,11.22,0.59,12,0.631578947368421,44,-4.52,-0.1,17,0.38636363636363635,9,0.4444444444444444,0.5555555555555556,4.21,0.47,6,0.6666666666666666,4,1.16,0.29,2,0.5,5,3.05,0.61,4,0.8,10,5,5,21,13,8,9.22,0.44,0.47619047619047616,0.23809523809523808,0.23809523809523808,0.6190476190476191,0.38095238095238093,27,0.48214285714285715,9.77,0.17,56,12,0.42857142857142855,6.15,0.22,28,401405112,2022,7
135,Minnesota Golden Gophers,15,0.375,4,0.21052631578947367,11,0.5238095238095238,2,0.6666666666666666,3,0.5,11,0.3333333333333333,33,0.48484848484848486,0.5151515151515151,-4.64,-0.14,6,0.18181818181818182,16,-14.69,-0.92,3,0.1875,17,10.05,0.59,8,0.47058823529411764,6,0.5,0.5,-0.78,-0.13,2,0.3333333333333333,3,-3.17,-1.06,0,0.0,3,2.39,0.8,2,0.6666666666666666,4,1,3,7,3,4,0.49,0.07,0.5714285714285714,0.14285714285714285,0.42857142857142855,0.42857142857142855,0.5714285714285714,10,0.3448275862068966,-6.53,-0.23,29,5,0.45454545454545453,2.39,0.22,11,401405112,2022,7
290,Georgia Southern Eagles,31,0.40789473684210525,28,0.45901639344262296,3,0.2,2,0.25,7,0.4117647058823529,23,0.39655172413793105,58,0.7931034482758621,0.20689655172413793,12.28,0.21,13,0.22413793103448276,46,19.81,0.43,22,0.4782608695652174,12,-7.53,-0.63,1,0.08333333333333333,8,0.875,0.125,5.08,0.64,4,0.5,7,4.99,0.71,3,0.42857142857142855,1,0.09,0.09,1,1.0,8,6,2,18,15,3,3.28,0.18,0.4444444444444444,0.3333333333333333,0.1111111111111111,0.8333333333333334,0.16666666666666666,20,0.425531914893617,8.68,0.18,47,11,0.3793103448275862,6.88,0.24,29,401426349,2022,7
256,James Madison Dukes,42,0.4827586206896552,24,0.48,18,0.4864864864864865,5,0.3125,7,0.4375,34,0.5,68,0.5441176470588235,0.45588235294117646,11.59,0.17,18,0.2647058823529412,37,9.9,0.27,21,0.5675675675675675,31,1.69,0.05,13,0.41935483870967744,16,0.625,0.375,-0.92,-0.06,9,0.5625,10,-4.25,-0.43,5,0.5,6,3.33,0.56,4,0.6666666666666666,8,3,5,19,13,6,-3.06,-0.16,0.42105263157894735,0.15789473684210525,0.2631578947368421,0.6842105263157895,0.3157894736842105,30,0.4918032786885246,6.82,0.11,61,12,0.46153846153846156,1.71,0.07,26,401426349,2022,7
349,Army Black Knights,36,0.6206896551724138,0,0.0,36,0.6545454545454545,13,0.8666666666666667,9,0.8181818181818182,27,0.574468085106383,47,0.0425531914893617,0.9574468085106383,16.07,0.34,10,0.2127659574468085,2,-1.09,-0.54,0,0.0,45,17.16,0.38,27,0.6,19,0.05263157894736842,0.9473684210526315,-0.87,-0.05,9,0.47368421052631576,1,-0.57,-0.57,0,0.0,18,-0.3,-0.02,9,0.5,9,0,9,11,1,10,8.42,0.77,0.8181818181818182,0.0,0.8181818181818182,0.09090909090909091,0.9090909090909091,30,0.6521739130434783,20.12,0.44,46,6,0.5,4.37,0.36,12,401404139,2022,7
2142,Colgate Raiders,27,0.421875,11,0.3333333333333333,16,0.5161290322580645,5,0.45454545454545453,8,0.5714285714285714,18,0.3829787234042553,47,0.46808510638297873,0.5319148936170213,-1.0,-0.02,8,0.1702127659574468,22,-1.99,-0.09,7,0.3181818181818182,25,0.99,0.04,11,0.44,10,0.5,0.5,1.81,0.18,5,0.5,5,3.37,0.67,2,0.4,5,-1.55,-0.31,3,0.6,9,4,5,17,11,6,0.22,0.01,0.5294117647058824,0.23529411764705882,0.29411764705882354,0.6470588235294118,0.35294117647058826,20,0.47619047619047616,5.25,0.13,42,7,0.3181818181818182,-6.04,-0.27,22,401404139,2022,7
193,Miami (OH) RedHawks,13,0.26,6,0.3,7,0.23333333333333334,1,1.0,6,0.4,7,0.20588235294117646,34,0.38235294117647056,0.6176470588235294,-17.06,-0.5,1,0.029411764705882353,13,-7.55,-0.58,4,0.3076923076923077,21,-9.52,-0.45,3,0.14285714285714285,7,0.5714285714285714,0.42857142857142855,3.13,0.45,4,0.5714285714285714,4,2.06,0.52,2,0.5,3,1.07,0.36,2,0.6666666666666666,6,2,4,16,7,9,-2.49,-0.16,0.375,0.125,0.25,0.4375,0.5625,8,0.2962962962962963,-11.08,-0.41,27,5,0.21739130434782608,-8.47,-0.37,23,401416622,2022,7
189,Bowling Green Falcons,34,0.5,14,0.42424242424242425,20,0.5714285714285714,8,0.5333333333333333,7,0.5,25,0.4807692307692308,52,0.4423076923076923,0.5576923076923077,-2.95,-0.06,9,0.17307692307692307,23,-4.02,-0.17,11,0.4782608695652174,29,1.07,0.04,14,0.4827586206896552,10,0.6,0.4,-4.17,-0.42,3,0.3,6,-3.19,-0.53,2,0.3333333333333333,4,-0.98,-0.25,1,0.25,9,3,6,16,10,6,5.11,0.32,0.5625,0.1875,0.375,0.625,0.375,23,0.46938775510204084,-1.28,-0.03,49,11,0.5789473684210527,3.44,0.18,19,401416622,2022,7
324,Coastal Carolina Chanticleers,35,0.4117647058823529,20,0.425531914893617,15,0.39473684210526316,2,0.18181818181818182,8,0.4444444444444444,24,0.4,60,0.5166666666666667,0.48333333333333334,-2.05,-0.03,8,0.13333333333333333,31,1.55,0.05,12,0.3870967741935484,29,-3.6,-0.12,12,0.41379310344827586,16,0.8125,0.1875,1.99,0.12,8,0.5,13,2.9,0.22,7,0.5384615384615384,3,-0.92,-0.31,1,0.3333333333333333,11,8,3,25,16,9,13.49,0.54,0.44,0.32,0.12,0.64,0.36,23,0.4107142857142857,0.81,0.01,56,12,0.41379310344827586,10.63,0.37,29,401426348,2022,7
295,Old Dominion Monarchs,32,0.6666666666666666,12,0.6666666666666666,20,0.6666666666666666,3,0.6,3,0.5,28,0.6829268292682927,41,0.36585365853658536,0.6341463414634146,28.65,0.7,13,0.3170731707317073,15,9.24,0.62,10,0.6666666666666666,26,19.42,0.75,18,0.6923076923076923,6,0.5,0.5,7.19,1.2,4,0.6666666666666666,3,1.82,0.61,2,0.6666666666666666,3,5.37,1.79,2,0.6666666666666666,4,2,2,7,3,4,3.49,0.5,0.5714285714285714,0.2857142857142857,0.2857142857142857,0.42857142857142855,0.5714285714285714,26,0.6666666666666666,25.74,0.66,39,6,0.6666666666666666,6.4,0.71,9,401426348,2022,7
2390,Miami Hurricanes,27,0.421875,18,0.4090909090909091,9,0.45,3,0.3,7,0.4666666666666667,20,0.40816326530612246,49,0.6938775510204082,0.30612244897959184,6.04,0.12,12,0.24489795918367346,34,10.93,0.32,15,0.4411764705882353,15,-4.89,-0.33,5,0.3333333333333333,15,0.7333333333333333,0.26666666666666666,-0.51,-0.03,6,0.4,11,-0.99,-0.09,4,0.36363636363636365,4,0.47,0.12,2,0.5,7,3,4,15,10,5,1.69,0.11,0.4666666666666667,0.2,0.26666666666666666,0.6666666666666666,0.3333333333333333,17,0.4473684210526316,2.36,0.06,38,10,0.38461538461538464,5.37,0.21,26,401411140,2022,7
259,Virginia Tech Hokies,17,0.288135593220339,10,0.2702702702702703,7,0.3181818181818182,1,0.2,6,0.42857142857142855,11,0.24444444444444444,45,0.5777777777777777,0.4222222222222222,-9.3,-0.21,8,0.17777777777777778,26,-6.52,-0.25,7,0.2692307692307692,19,-2.78,-0.15,4,0.21052631578947367,4,0.5,0.5,-2.42,-0.6,1,0.25,2,-2.27,-1.13,0,0.0,2,-0.15,-0.08,1,0.5,6,3,3,14,11,3,0.81,0.06,0.42857142857142855,0.21428571428571427,0.21428571428571427,0.7857142857142857,0.21428571428571427,9,0.2647058823529412,-8.01,-0.24,34,8,0.32,-0.48,-0.02,25,401411140,2022,7
2084,Buffalo Bulls,28,0.4307692307692308,15,0.4838709677419355,13,0.38235294117647056,2,0.5,7,0.5384615384615384,20,0.39215686274509803,51,0.43137254901960786,0.5686274509803921,0.47,0.01,10,0.19607843137254902,22,-0.5,-0.02,9,0.4090909090909091,29,0.97,0.03,11,0.3793103448275862,15,0.6,0.4,-2.95,-0.2,6,0.4,9,-1.58,-0.18,4,0.4444444444444444,6,-1.37,-0.23,2,0.3333333333333333,8,6,2,14,9,5,12.11,0.87,0.5714285714285714,0.42857142857142855,0.14285714285714285,0.6428571428571429,0.35714285714285715,21,0.4666666666666667,4.72,0.1,45,7,0.35,7.85,0.39,20,401414783,2022,7
113,Massachusetts Minutemen,17,0.3090909090909091,5,0.25,12,0.34285714285714286,2,0.3333333333333333,4,0.3333333333333333,13,0.30952380952380953,42,0.2857142857142857,0.7142857142857143,-15.47,-0.37,8,0.19047619047619047,12,-4.35,-0.36,3,0.25,30,-11.12,-0.37,10,0.3333333333333333,4,0.25,0.75,-1.47,-0.37,1,0.25,1,-1.03,-1.03,0,0.0,3,-0.44,-0.15,1,0.3333333333333333,4,2,2,13,8,5,1.17,0.09,0.3076923076923077,0.15384615384615385,0.15384615384615385,0.6153846153846154,0.38461538461538464,12,0.4,-2.54,-0.08,30,5,0.2,-11.77,-0.47,25,401414783,2022,7
38,Colorado Buffaloes,26,0.3880597014925373,12,0.35294117647058826,14,0.42424242424242425,4,0.3076923076923077,8,0.47058823529411764,18,0.3673469387755102,49,0.4897959183673469,0.5102040816326531,-15.35,-0.31,8,0.16326530612244897,24,-9.43,-0.39,9,0.375,25,-5.92,-0.24,9,0.36,14,0.7857142857142857,0.21428571428571427,-3.58,-0.26,6,0.42857142857142855,11,-3.48,-0.32,5,0.45454545454545453,3,-0.1,-0.03,1,0.3333333333333333,8,3,5,18,10,8,1.7,0.09,0.4444444444444444,0.16666666666666666,0.2777777777777778,0.5555555555555556,0.4444444444444444,21,0.44680851063829785,-12.34,-0.26,47,5,0.25,-1.31,-0.07,20,401404014,2022,7
25,California Golden Bears,24,0.3333333333333333,21,0.39622641509433965,3,0.15789473684210525,4,0.26666666666666666,6,0.35294117647058826,17,0.32075471698113206,53,0.7169811320754716,0.2830188679245283,-9.48,-0.18,9,0.16981132075471697,38,-6.03,-0.16,14,0.3684210526315789,15,-3.45,-0.23,3,0.2,5,0.6,0.4,-4.88,-0.98,0,0.0,3,-1.82,-0.61,0,0.0,2,-3.06,-1.53,0,0.0,7,7,0,19,15,4,-4.78,-0.25,0.3684210526315789,0.3684210526315789,0.0,0.7894736842105263,0.21052631578947367,16,0.32653061224489793,-8.3,-0.17,49,8,0.34782608695652173,-5.96,-0.26,23,401404014,2022,7
41,UConn Huskies,27,0.43548387096774194,8,0.3076923076923077,19,0.5277777777777778,3,0.75,5,0.35714285714285715,21,0.45652173913043476,46,0.32608695652173914,0.6739130434782609,0.96,0.02,9,0.1956521739130435,15,-4.05,-0.27,5,0.3333333333333333,31,5.01,0.16,16,0.5161290322580645,12,0.16666666666666666,0.8333333333333334,1.81,0.15,8,0.6666666666666666,2,-4.13,-2.07,1,0.5,10,5.95,0.59,7,0.7,6,3,3,16,11,5,-7.18,-0.45,0.375,0.1875,0.1875,0.6875,0.3125,23,0.5227272727272727,7.95,0.18,44,4,0.2222222222222222,-14.17,-0.79,18,401404153,2022,7
2050,Ball State Cardinals,36,0.45569620253164556,13,0.3333333333333333,23,0.575,6,0.6666666666666666,11,0.5789473684210527,24,0.41379310344827586,58,0.4482758620689655,0.5517241379310345,-6.96,-0.12,9,0.15517241379310345,26,-9.35,-0.36,8,0.3076923076923077,32,2.4,0.07,16,0.5,13,0.5384615384615384,0.46153846153846156,-0.59,-0.05,5,0.38461538461538464,7,-0.23,-0.03,2,0.2857142857142857,6,-0.36,-0.06,3,0.5,12,5,7,21,13,8,9.57,0.46,0.5714285714285714,0.23809523809523808,0.3333333333333333,0.6190476190476191,0.38095238095238093,26,0.4642857142857143,2.53,0.05,56,10,0.43478260869565216,0.08,0.0,23,401404153,2022,7
8,Arkansas Razorbacks,45,0.5487804878048781,24,0.6,21,0.5,8,0.47058823529411764,12,0.8,33,0.5,66,0.42424242424242425,0.5757575757575758,20.06,0.3,18,0.2727272727272727,28,11.53,0.41,14,0.5,38,8.53,0.22,19,0.5,9,0.8888888888888888,0.1111111111111111,10.7,1.19,6,0.6666666666666666,8,10.16,1.27,5,0.625,1,0.55,0.55,1,1.0,12,10,2,16,12,4,18.6,1.16,0.75,0.625,0.125,0.75,0.25,32,0.5333333333333333,24.28,0.4,60,13,0.5909090909090909,14.39,0.65,22,401403916,2022,7
252,BYU Cougars,36,0.5070422535211268,21,0.5121951219512195,15,0.5,3,0.75,8,0.6153846153846154,27,0.4909090909090909,55,0.5454545454545454,0.45454545454545453,9.09,0.17,14,0.2545454545454545,30,7.54,0.25,16,0.5333333333333333,25,1.55,0.06,11,0.44,15,0.5333333333333333,0.4666666666666667,2.78,0.19,10,0.6666666666666666,8,0.21,0.03,5,0.625,7,2.57,0.37,5,0.7142857142857143,9,5,4,16,11,5,5.94,0.37,0.5625,0.3125,0.25,0.6875,0.3125,27,0.5625,12.43,0.26,48,9,0.391304347826087,2.6,0.11,23,401403916,2022,7
2335,Liberty Flames,19,0.31666666666666665,10,0.2702702702702703,9,0.391304347826087,5,0.625,1,0.08333333333333333,17,0.3695652173913043,46,0.5217391304347826,0.4782608695652174,-4.11,-0.09,10,0.21739130434782608,24,1.21,0.05,9,0.375,22,-5.32,-0.24,8,0.36363636363636365,3,0.3333333333333333,0.6666666666666666,-3.4,-1.13,0,0.0,1,-1.97,-1.97,0,0.0,2,-1.42,-0.71,0,0.0,2,1,1,14,13,1,-12.4,-0.89,0.14285714285714285,0.07142857142857142,0.07142857142857142,0.9285714285714286,0.07142857142857142,18,0.47368421052631576,8.67,0.23,38,1,0.045454545454545456,-25.18,-1.14,22,401404162,2022,7
2241,Gardner-Webb Runnin' Bulldogs,26,0.3333333333333333,17,0.3469387755102041,9,0.3103448275862069,3,0.3,5,0.35714285714285715,21,0.328125,64,0.59375,0.40625,-18.89,-0.3,12,0.1875,38,-9.43,-0.25,14,0.3684210526315789,26,-9.47,-0.36,7,0.2692307692307692,19,0.631578947368421,0.3684210526315789,2.59,0.14,7,0.3684210526315789,12,3.42,0.29,6,0.5,7,-0.83,-0.12,1,0.14285714285714285,5,3,2,14,11,3,3.3,0.24,0.35714285714285715,0.21428571428571427,0.14285714285714285,0.7857142857142857,0.21428571428571427,16,0.3333333333333333,-19.26,-0.4,48,10,0.3333333333333333,3.67,0.12,30,401404162,2022,7
120,Maryland Terrapins,37,0.4625,21,0.4772727272727273,16,0.4444444444444444,8,0.6153846153846154,8,0.47058823529411764,27,0.4426229508196721,61,0.5081967213114754,0.4918032786885246,7.92,0.13,12,0.19672131147540983,31,5.73,0.18,14,0.45161290322580644,30,2.2,0.07,13,0.43333333333333335,20,0.6,0.4,2.49,0.12,9,0.45,12,3.23,0.27,6,0.5,8,-0.74,-0.09,3,0.375,10,7,3,19,13,6,6.82,0.36,0.5263157894736842,0.3684210526315789,0.15789473684210525,0.6842105263157895,0.3157894736842105,30,0.5263157894736842,18.1,0.32,57,7,0.30434782608695654,-3.36,-0.15,23,401405114,2022,7
84,Indiana Hoosiers,36,0.48,25,0.5434782608695652,11,0.3793103448275862,6,0.5454545454545454,8,0.6153846153846154,25,0.423728813559322,59,0.6271186440677966,0.3728813559322034,-8.68,-0.15,11,0.1864406779661017,37,-1.69,-0.05,19,0.5135135135135135,22,-6.99,-0.32,6,0.2727272727272727,8,0.625,0.375,-3.34,-0.42,3,0.375,5,-1.19,-0.24,3,0.6,3,-2.16,-0.72,0,0.0,11,6,5,16,9,7,9.45,0.59,0.6875,0.375,0.3125,0.5625,0.4375,25,0.49019607843137253,-0.81,-0.02,51,11,0.4583333333333333,1.59,0.07,24,401405114,2022,7
2199,Eastern Michigan Eagles,12,0.24489795918367346,7,0.25925925925925924,5,0.22727272727272727,,,3,0.25,8,0.23529411764705882,34,0.47058823529411764,0.5294117647058824,-2.28,-0.07,6,0.17647058823529413,16,2.32,0.14,5,0.3125,18,-4.6,-0.26,3,0.16666666666666666,8,0.625,0.375,-1.87,-0.23,3,0.375,5,-0.43,-0.09,2,0.4,3,-1.44,-0.48,1,0.3333333333333333,4,2,2,15,11,4,-14.97,-1.0,0.26666666666666666,0.13333333333333333,0.13333333333333333,0.7333333333333333,0.26666666666666666,11,0.34375,4.97,0.16,32,1,0.058823529411764705,-22.23,-1.31,17,401416620,2022,7
2459,Northern Illinois Huskies,25,0.4032258064516129,8,0.4444444444444444,17,0.38636363636363635,2,0.2857142857142857,9,0.5625,16,0.34782608695652173,46,0.1956521739130435,0.8043478260869565,-1.5,-0.03,7,0.15217391304347827,9,-0.98,-0.11,4,0.4444444444444444,37,-0.53,-0.01,12,0.32432432432432434,7,0.7142857142857143,0.2857142857142857,-0.8,-0.11,3,0.42857142857142855,5,0.72,0.14,3,0.6,2,-1.52,-0.76,0,0.0,9,4,5,16,9,7,9.91,0.62,0.5625,0.25,0.3125,0.5625,0.4375,15,0.39473684210526316,6.48,0.17,38,10,0.4166666666666667,1.93,0.08,24,401416620,2022,7
2309,Kent State Golden Flashes,33,0.4583333333333333,12,0.4444444444444444,21,0.4666666666666667,6,0.4,5,0.35714285714285715,28,0.49122807017543857,57,0.3684210526315789,0.631578947368421,5.02,0.09,16,0.2807017543859649,21,4.43,0.21,11,0.5238095238095238,36,0.59,0.02,17,0.4722222222222222,14,0.21428571428571427,0.7857142857142857,-0.81,-0.06,6,0.42857142857142855,3,-2.81,-0.94,0,0.0,11,2.0,0.18,6,0.5454545454545454,5,1,4,15,6,9,-4.53,-0.3,0.3333333333333333,0.06666666666666667,0.26666666666666666,0.4,0.6,27,0.5294117647058824,5.08,0.1,51,6,0.2857142857142857,-4.59,-0.22,21,401416621,2022,7
2649,Toledo Rockets,40,0.5714285714285714,13,0.5652173913043478,27,0.574468085106383,3,0.5,7,0.5833333333333334,32,0.5614035087719298,57,0.3508771929824561,0.6491228070175439,18.05,0.32,12,0.21052631578947367,20,17.19,0.86,11,0.55,37,0.86,0.02,21,0.5675675675675675,11,0.5454545454545454,0.45454545454545453,1.07,0.1,4,0.36363636363636365,6,5.31,0.89,3,0.5,5,-4.25,-0.85,1,0.2,8,2,6,13,3,10,9.28,0.71,0.6153846153846154,0.15384615384615385,0.46153846153846156,0.23076923076923078,0.7692307692307693,35,0.603448275862069,20.81,0.36,58,5,0.4166666666666667,6.52,0.54,12,401416621,2022,7
2711,Western Michigan Broncos,26,0.4262295081967213,12,0.34285714285714286,14,0.5384615384615384,1,0.16666666666666666,4,0.4,22,0.4583333333333333,48,0.5208333333333334,0.4791666666666667,-8.62,-0.18,10,0.20833333333333334,25,-10.47,-0.42,8,0.32,23,1.85,0.08,14,0.6086956521739131,13,0.5384615384615384,0.46153846153846156,5.49,0.42,7,0.5384615384615384,7,8.74,1.25,4,0.5714285714285714,6,-3.26,-0.54,3,0.5,4,4,0,13,10,3,-12.43,-0.96,0.3076923076923077,0.3076923076923077,0.0,0.7692307692307693,0.23076923076923078,20,0.4878048780487805,-8.78,-0.21,41,6,0.3,-12.28,-0.61,20,401416623,2022,7
195,Ohio Bobcats,27,0.391304347826087,16,0.45714285714285713,11,0.3235294117647059,6,0.3333333333333333,5,0.38461538461538464,22,0.4074074074074074,54,0.48148148148148145,0.5185185185185185,-0.74,-0.01,13,0.24074074074074073,26,2.29,0.09,13,0.5,28,-3.03,-0.11,9,0.32142857142857145,11,0.7272727272727273,0.2727272727272727,-2.91,-0.26,2,0.18181818181818182,8,-0.77,-0.1,2,0.25,3,-2.14,-0.71,0,0.0,5,3,2,15,9,6,-4.03,-0.27,0.3333333333333333,0.2,0.13333333333333333,0.6,0.4,20,0.4,-10.54,-0.21,50,7,0.3684210526315789,5.77,0.3,19,401416623,2022,7
326,Texas State Bobcats,21,0.3620689655172414,11,0.3548387096774194,10,0.37037037037037035,1,1.0,6,0.4,15,0.35714285714285715,42,0.5,0.5,-6.15,-0.15,7,0.16666666666666666,21,-1.84,-0.09,8,0.38095238095238093,21,-4.31,-0.21,7,0.3333333333333333,15,0.8,0.2,8.6,0.57,7,0.4666666666666667,12,8.25,0.69,6,0.5,3,0.36,0.12,1,0.3333333333333333,6,3,3,16,10,6,-3.61,-0.23,0.375,0.1875,0.1875,0.625,0.375,18,0.45,2.37,0.06,40,3,0.16666666666666666,-12.14,-0.67,18,401426352,2022,7
2653,Troy Trojans,23,0.3770491803278688,10,0.3225806451612903,13,0.43333333333333335,0,0.0,4,0.3333333333333333,19,0.3877551020408163,49,0.42857142857142855,0.5714285714285714,5.31,0.11,13,0.2653061224489796,21,7.73,0.37,8,0.38095238095238093,28,-2.42,-0.09,11,0.39285714285714285,7,0.42857142857142855,0.5714285714285714,-1.92,-0.27,4,0.5714285714285714,3,-1.08,-0.36,1,0.3333333333333333,4,-0.84,-0.21,3,0.75,4,2,2,12,10,2,-7.83,-0.65,0.3333333333333333,0.16666666666666666,0.16666666666666666,0.8333333333333334,0.16666666666666666,19,0.4418604651162791,4.13,0.1,43,4,0.2222222222222222,-6.65,-0.37,18,401426352,2022,7
5,UAB Blazers,40,0.5333333333333333,12,0.5,28,0.5490196078431373,9,0.4090909090909091,6,0.46153846153846156,31,0.5344827586206896,58,0.3103448275862069,0.6896551724137931,17.53,0.3,17,0.29310344827586204,18,5.94,0.33,9,0.5,40,11.59,0.29,22,0.55,11,0.36363636363636365,0.6363636363636364,0.0,0.0,5,0.45454545454545453,4,0.56,0.14,2,0.5,7,-0.55,-0.08,3,0.42857142857142855,9,3,6,17,6,11,3.61,0.21,0.5294117647058824,0.17647058823529413,0.35294117647058826,0.35294117647058826,0.6470588235294118,32,0.5818181818181818,14.6,0.27,55,8,0.4,6.54,0.33,20,401426583,2022,7
2429,Charlotte 49ers,24,0.48,10,0.37037037037037035,14,0.6086956521739131,1,0.5,4,0.4,19,0.5135135135135135,37,0.5135135135135135,0.4864864864864865,-1.52,-0.04,8,0.21621621621621623,19,-3.87,-0.2,8,0.42105263157894735,18,2.35,0.13,11,0.6111111111111112,11,0.2727272727272727,0.7272727272727273,-2.1,-0.19,6,0.5454545454545454,3,-4.35,-1.45,1,0.3333333333333333,8,2.25,0.28,5,0.625,5,2,3,13,8,5,1.0,0.08,0.38461538461538464,0.15384615384615385,0.23076923076923078,0.6153846153846154,0.38461538461538464,22,0.55,1.64,0.04,40,2,0.2,-2.15,-0.22,10,401426583,2022,7
2393,Middle Tennessee Blue Raiders,21,0.28378378378378377,14,0.2857142857142857,7,0.28,3,0.375,3,0.1875,17,0.3090909090909091,55,0.6181818181818182,0.38181818181818183,-18.11,-0.33,10,0.18181818181818182,34,-13.23,-0.39,11,0.3235294117647059,21,-4.89,-0.23,6,0.2857142857142857,18,0.5,0.5,-0.04,-0.0,7,0.3888888888888889,9,-1.64,-0.18,3,0.3333333333333333,9,1.6,0.18,4,0.4444444444444444,4,3,1,19,15,4,-8.48,-0.45,0.21052631578947367,0.15789473684210525,0.05263157894736842,0.7894736842105263,0.21052631578947367,18,0.42857142857142855,-6.44,-0.15,42,3,0.09375,-20.15,-0.63,32,401426587,2022,7
98,Western Kentucky Hilltoppers,38,0.4523809523809524,24,0.4897959183673469,14,0.4,6,0.5,6,0.35294117647058826,30,0.4838709677419355,62,0.6290322580645161,0.3709677419354839,1.04,0.02,13,0.20967741935483872,39,5.22,0.13,20,0.5128205128205128,23,-4.18,-0.18,10,0.43478260869565216,12,0.5833333333333334,0.4166666666666667,6.32,0.53,7,0.5833333333333334,7,1.93,0.28,4,0.5714285714285714,5,4.39,0.88,3,0.6,8,4,4,22,10,12,-11.04,-0.5,0.36363636363636365,0.18181818181818182,0.18181818181818182,0.45454545454545453,0.5454545454545454,31,0.4696969696969697,-9.26,-0.14,66,7,0.3888888888888889,-0.74,-0.04,18,401426587,2022,7
127,Michigan State Spartans,30,0.46875,15,0.4838709677419355,15,0.45454545454545453,5,0.4166666666666667,7,0.5,23,0.4791666666666667,48,0.3958333333333333,0.6041666666666666,13.8,0.29,6,0.125,19,14.31,0.75,10,0.5263157894736842,29,-0.51,-0.02,13,0.4482758620689655,6,0.6666666666666666,0.3333333333333333,-1.44,-0.24,2,0.3333333333333333,4,-2.57,-0.64,1,0.25,2,1.14,0.57,1,0.5,7,5,2,16,12,4,-0.9,-0.06,0.4375,0.3125,0.125,0.75,0.25,18,0.43902439024390244,-1.9,-0.05,41,12,0.5217391304347826,14.8,0.64,23,401405116,2022,7
275,Wisconsin Badgers,28,0.45161290322580644,13,0.48148148148148145,15,0.42857142857142855,5,0.38461538461538464,4,0.3333333333333333,22,0.4583333333333333,48,0.3958333333333333,0.6041666666666666,-7.2,-0.15,12,0.25,19,-9.38,-0.49,9,0.47368421052631576,29,2.19,0.08,13,0.4482758620689655,6,0.5,0.5,-3.57,-0.6,1,0.16666666666666666,3,-2.11,-0.7,1,0.3333333333333333,3,-1.46,-0.49,0,0.0,6,4,2,14,8,6,8.12,0.58,0.42857142857142855,0.2857142857142857,0.14285714285714285,0.5714285714285714,0.42857142857142855,20,0.4878048780487805,2.02,0.05,41,8,0.38095238095238093,-1.1,-0.05,21,401405116,2022,7
58,South Florida Bulls,20,0.4,11,0.4583333333333333,9,0.34615384615384615,5,0.5555555555555556,2,0.2222222222222222,18,0.43902439024390244,41,0.3902439024390244,0.6097560975609756,9.27,0.23,8,0.1951219512195122,16,16.72,1.05,10,0.625,25,-7.45,-0.3,8,0.32,4,0.75,0.25,-0.11,-0.03,1,0.25,3,-1.19,-0.4,0,0.0,1,1.08,1.08,1,1.0,2,1,1,9,8,1,-5.52,-0.61,0.2222222222222222,0.1111111111111111,0.1111111111111111,0.8888888888888888,0.1111111111111111,15,0.42857142857142855,6.19,0.18,35,5,0.3333333333333333,-2.43,-0.16,15,401415636,2022,7
2655,Tulane Green Wave,43,0.5119047619047619,22,0.55,21,0.4772727272727273,9,0.391304347826087,10,0.5882352941176471,30,0.47619047619047616,63,0.4444444444444444,0.5555555555555556,11.77,0.19,19,0.30158730158730157,28,8.08,0.29,16,0.5714285714285714,35,3.69,0.11,14,0.4,13,0.7692307692307693,0.23076923076923078,3.98,0.31,6,0.46153846153846156,10,2.28,0.23,4,0.4,3,1.7,0.57,2,0.6666666666666666,13,6,7,21,12,9,13.72,0.65,0.6190476190476191,0.2857142857142857,0.3333333333333333,0.5714285714285714,0.42857142857142855,31,0.5166666666666667,16.07,0.27,60,12,0.5,9.41,0.39,24,401415636,2022,7
2348,Louisiana Tech Bulldogs,38,0.5205479452054794,22,0.5116279069767442,16,0.5333333333333333,2,0.2857142857142857,10,0.625,27,0.4909090909090909,55,0.6181818181818182,0.38181818181818183,6.51,0.12,12,0.21818181818181817,34,7.28,0.21,17,0.5,21,-0.77,-0.04,10,0.47619047619047616,12,0.5,0.5,3.01,0.25,5,0.4166666666666667,6,2.97,0.49,3,0.5,6,0.04,0.01,2,0.3333333333333333,11,5,6,18,9,9,14.04,0.78,0.6111111111111112,0.2777777777777778,0.3333333333333333,0.5,0.5,31,0.5740740740740741,24.73,0.46,54,7,0.3684210526315789,-4.17,-0.22,19,401426586,2022,7
249,North Texas Mean Green,32,0.47761194029850745,9,0.45,23,0.48936170212765956,5,0.35714285714285715,5,0.45454545454545453,24,0.4528301886792453,53,0.24528301886792453,0.7547169811320755,18.04,0.34,14,0.2641509433962264,13,1.8,0.14,5,0.38461538461538464,40,16.24,0.41,19,0.475,12,0.5,0.5,-3.33,-0.28,4,0.3333333333333333,6,-1.93,-0.32,2,0.3333333333333333,6,-1.39,-0.23,2,0.3333333333333333,8,4,4,14,7,7,12.32,0.88,0.5714285714285714,0.2857142857142857,0.2857142857142857,0.5,0.5,26,0.5306122448979592,27.19,0.55,49,6,0.3333333333333333,3.17,0.18,18,401426586,2022,7
12,Arizona Wildcats,39,0.582089552238806,23,0.5897435897435898,16,0.5714285714285714,4,0.4444444444444444,4,0.4,34,0.6181818181818182,55,0.5454545454545454,0.45454545454545453,29.24,0.53,19,0.34545454545454546,30,23.09,0.77,20,0.6666666666666666,25,6.14,0.25,14,0.56,9,0.6666666666666666,0.3333333333333333,10.43,1.16,8,0.8888888888888888,6,8.69,1.45,6,1.0,3,1.74,0.58,2,0.6666666666666666,5,3,2,12,9,3,1.49,0.12,0.4166666666666667,0.25,0.16666666666666666,0.75,0.25,35,0.660377358490566,31.53,0.59,53,4,0.2857142857142857,-0.8,-0.06,14,401404013,2022,7
264,Washington Huskies,46,0.647887323943662,31,0.7045454545454546,15,0.5555555555555556,10,0.7692307692307693,8,0.8,38,0.6440677966101694,59,0.6610169491525424,0.3389830508474576,28.45,0.48,19,0.3220338983050847,39,27.12,0.7,26,0.6666666666666666,20,1.33,0.07,12,0.6,22,0.7272727272727273,0.2727272727272727,14.05,0.64,16,0.7272727272727273,16,13.37,0.84,11,0.6875,6,0.68,0.11,5,0.8333333333333334,8,5,3,12,5,7,2.52,0.21,0.6666666666666666,0.4166666666666667,0.25,0.4166666666666667,0.5833333333333334,36,0.631578947368421,25.69,0.45,57,10,0.7142857142857143,5.28,0.38,14,401404013,2022,7
99,LSU Tigers,41,0.6029411764705882,22,0.6666666666666666,19,0.5428571428571428,9,0.6923076923076923,10,0.8333333333333334,29,0.5370370370370371,54,0.4444444444444444,0.5555555555555556,13.27,0.25,14,0.25925925925925924,24,8.0,0.33,14,0.5833333333333334,30,5.27,0.18,15,0.5,8,0.375,0.625,10.84,1.35,5,0.625,3,6.47,2.16,2,0.6666666666666666,5,4.37,0.87,3,0.6,12,8,4,14,9,5,23.65,1.69,0.8571428571428571,0.5714285714285714,0.2857142857142857,0.6428571428571429,0.35714285714285715,27,0.574468085106383,14.22,0.3,47,14,0.6666666666666666,22.7,1.08,21,401403917,2022,7
57,Florida Gators,25,0.423728813559322,10,0.37037037037037035,15,0.46875,4,0.3333333333333333,8,0.6666666666666666,17,0.38636363636363635,44,0.4090909090909091,0.5909090909090909,22.23,0.51,8,0.18181818181818182,18,11.77,0.65,8,0.4444444444444444,26,10.46,0.4,9,0.34615384615384615,9,0.6666666666666666,0.3333333333333333,4.85,0.54,4,0.4444444444444444,6,5.94,0.99,4,0.6666666666666666,3,-1.1,-0.37,0,0.0,8,2,6,15,9,6,-1.05,-0.07,0.5333333333333333,0.13333333333333333,0.4,0.6,0.4,16,0.38095238095238093,3.47,0.08,42,9,0.5294117647058824,17.71,1.04,17,401403917,2022,7
36,Colorado State Rams,20,0.30303030303030304,10,0.2857142857142857,10,0.3225806451612903,1,0.14285714285714285,5,0.3333333333333333,14,0.2916666666666667,48,0.4791666666666667,0.5208333333333334,-8.06,-0.17,8,0.16666666666666666,23,-4.66,-0.2,6,0.2608695652173913,25,-3.4,-0.14,8,0.32,13,0.7692307692307693,0.23076923076923078,-4.0,-0.31,3,0.23076923076923078,10,-2.76,-0.28,3,0.3,3,-1.24,-0.41,0,0.0,6,4,2,18,12,6,-10.61,-0.59,0.3333333333333333,0.2222222222222222,0.1111111111111111,0.6666666666666666,0.3333333333333333,13,0.325,-6.28,-0.16,40,7,0.2692307692307692,-12.38,-0.48,26,401415238,2022,7
328,Utah State Aggies,33,0.4125,12,0.375,21,0.4375,1,0.3333333333333333,6,0.375,27,0.421875,64,0.359375,0.640625,-7.25,-0.11,16,0.25,23,-4.35,-0.19,11,0.4782608695652174,41,-2.9,-0.07,16,0.3902439024390244,11,0.45454545454545453,0.5454545454545454,-1.85,-0.17,4,0.36363636363636365,5,-0.2,-0.04,2,0.4,6,-1.65,-0.27,2,0.3333333333333333,6,1,5,16,9,7,-3.61,-0.23,0.375,0.0625,0.3125,0.5625,0.4375,26,0.45614035087719296,0.65,0.01,57,7,0.30434782608695654,-11.52,-0.5,23,401415238,2022,7
2433,UL Monroe Warhawks,20,0.35714285714285715,14,0.4666666666666667,6,0.23076923076923078,4,0.4,4,0.3333333333333333,14,0.3333333333333333,42,0.47619047619047616,0.5238095238095238,9.91,0.24,9,0.21428571428571427,20,15.93,0.8,10,0.5,22,-6.02,-0.27,4,0.18181818181818182,5,0.2,0.8,-1.99,-0.4,1,0.2,1,-0.71,-0.71,0,0.0,4,-1.28,-0.32,1,0.25,6,4,2,14,10,4,1.1,0.08,0.42857142857142855,0.2857142857142857,0.14285714285714285,0.7142857142857143,0.2857142857142857,13,0.38235294117647056,14.84,0.44,34,7,0.3181818181818182,-3.84,-0.17,22,401426350,2022,7
6,South Alabama Jaguars,33,0.4714285714285714,20,0.5714285714285714,13,0.37142857142857144,5,0.2777777777777778,6,0.46153846153846156,27,0.48214285714285715,56,0.4642857142857143,0.5357142857142857,22.22,0.4,16,0.2857142857142857,26,18.81,0.72,17,0.6538461538461539,30,3.41,0.11,10,0.3333333333333333,13,0.6153846153846154,0.38461538461538464,5.31,0.41,7,0.5384615384615384,8,7.05,0.88,6,0.75,5,-1.74,-0.35,1,0.2,6,3,3,14,9,5,2.57,0.18,0.42857142857142855,0.21428571428571427,0.21428571428571427,0.6428571428571429,0.35714285714285715,24,0.5106382978723404,17.36,0.37,47,9,0.391304347826087,7.43,0.32,23,401426350,2022,7
2032,Arkansas State Red Wolves,25,0.3968253968253968,18,0.4864864864864865,7,0.2692307692307692,2,0.3333333333333333,6,0.42857142857142855,19,0.3958333333333333,48,0.5,0.5,-0.2,-0.0,11,0.22916666666666666,24,9.28,0.39,14,0.5833333333333334,24,-9.48,-0.4,5,0.20833333333333334,9,0.5555555555555556,0.4444444444444444,4.25,0.47,6,0.6666666666666666,5,5.07,1.01,5,1.0,4,-0.82,-0.21,1,0.25,6,4,2,15,13,2,-5.24,-0.35,0.4,0.26666666666666666,0.13333333333333333,0.8666666666666667,0.13333333333333333,16,0.4,-1.73,-0.04,40,9,0.391304347826087,-3.71,-0.16,23,401426351,2022,7
2572,Southern Miss Golden Eagles,33,0.4925373134328358,13,0.3939393939393939,20,0.5882352941176471,3,0.42857142857142855,6,0.42857142857142855,24,0.48,50,0.5,0.5,-1.08,-0.02,10,0.2,25,0.96,0.04,11,0.44,25,-2.03,-0.08,13,0.52,13,0.5384615384615384,0.46153846153846156,-0.98,-0.08,8,0.6153846153846154,7,-0.45,-0.06,4,0.5714285714285714,6,-0.53,-0.09,4,0.6666666666666666,9,2,7,17,8,9,5.9,0.35,0.5294117647058824,0.11764705882352941,0.4117647058823529,0.47058823529411764,0.5294117647058824,25,0.5681818181818182,2.46,0.06,44,8,0.34782608695652173,2.36,0.1,23,401426351,2022,7
96,Kentucky Wildcats,36,0.4931506849315068,9,0.34615384615384615,27,0.574468085106383,9,0.6923076923076923,7,0.4666666666666667,25,0.4716981132075472,53,0.2641509433962264,0.7358490566037735,5.23,0.1,10,0.18867924528301888,14,-4.55,-0.32,3,0.21428571428571427,39,9.77,0.25,22,0.5641025641025641,13,0.7692307692307693,0.23076923076923078,3.11,0.24,5,0.38461538461538464,10,2.73,0.27,3,0.3,3,0.38,0.13,2,0.6666666666666666,11,6,5,20,12,8,11.49,0.57,0.55,0.3,0.25,0.6,0.4,29,0.5471698113207547,12.54,0.24,53,7,0.35,4.18,0.21,20,401403919,2022,7
344,Mississippi State Bulldogs,18,0.3829787234042553,15,0.39473684210526316,3,0.3333333333333333,2,0.5,3,0.2727272727272727,14,0.4117647058823529,34,0.7647058823529411,0.23529411764705882,1.53,0.04,8,0.23529411764705882,26,1.91,0.07,11,0.4230769230769231,8,-0.38,-0.05,3,0.375,11,0.9090909090909091,0.09090909090909091,0.68,0.06,6,0.5454545454545454,10,0.48,0.05,5,0.5,1,0.2,0.2,1,1.0,4,4,0,13,12,1,-6.21,-0.48,0.3076923076923077,0.3076923076923077,0.0,0.9230769230769231,0.07692307692307693,15,0.5172413793103449,7.47,0.26,29,3,0.16666666666666666,-12.16,-0.68,18,401403919,2022,7
87,Notre Dame Fighting Irish,27,0.4426229508196721,12,0.41379310344827586,15,0.46875,1,0.3333333333333333,4,0.3333333333333333,21,0.4666666666666667,45,0.4,0.6,1.66,0.04,9,0.2,18,3.81,0.21,9,0.5,27,-2.15,-0.08,12,0.4444444444444444,9,0.6666666666666666,0.3333333333333333,-0.74,-0.08,4,0.4444444444444444,6,-0.05,-0.01,3,0.5,3,-0.69,-0.23,1,0.3333333333333333,6,3,3,16,11,5,-6.47,-0.4,0.375,0.1875,0.1875,0.6875,0.3125,22,0.4888888888888889,-1.6,-0.04,45,5,0.3125,-3.21,-0.2,16,401404016,2022,7
24,Stanford Cardinal,32,0.4050632911392405,20,0.5,12,0.3076923076923077,2,1.0,8,0.5,24,0.39344262295081966,61,0.45901639344262296,0.5409836065573771,-2.21,-0.04,14,0.22950819672131148,28,4.47,0.16,14,0.5,33,-6.67,-0.2,10,0.30303030303030304,20,0.65,0.35,-3.79,-0.19,8,0.4,13,-2.51,-0.19,6,0.46153846153846156,7,-1.27,-0.18,2,0.2857142857142857,8,6,2,18,12,6,-0.78,-0.04,0.4444444444444444,0.3333333333333333,0.1111111111111111,0.6666666666666666,0.3333333333333333,20,0.38461538461538464,-8.02,-0.15,52,12,0.4444444444444444,5.04,0.19,27,401404016,2022,7
2509,Purdue Boilermakers,54,0.5567010309278351,30,0.5660377358490566,24,0.5454545454545454,6,0.46153846153846156,8,0.5,44,0.5569620253164557,79,0.5063291139240507,0.4936708860759494,7.72,0.1,25,0.31645569620253167,40,5.12,0.13,23,0.575,39,2.6,0.07,21,0.5384615384615384,15,0.26666666666666666,0.7333333333333333,2.52,0.17,8,0.5333333333333333,4,0.64,0.16,3,0.75,11,1.88,0.17,5,0.45454545454545453,10,7,3,18,13,5,11.67,0.65,0.5555555555555556,0.3888888888888889,0.16666666666666666,0.7222222222222222,0.2777777777777778,46,0.6133333333333333,22.54,0.3,75,8,0.36363636363636365,-3.15,-0.14,22,401405113,2022,7
158,Nebraska Cornhuskers,26,0.5,14,0.42424242424242425,12,0.631578947368421,6,0.46153846153846156,3,0.3333333333333333,23,0.5348837209302325,43,0.6046511627906976,0.3953488372093023,15.54,0.36,9,0.20930232558139536,26,8.81,0.34,13,0.5,17,6.72,0.4,10,0.5882352941176471,8,0.625,0.375,10.16,1.27,6,0.75,5,7.34,1.47,3,0.6,3,2.82,0.94,3,1.0,3,1,2,9,7,2,-2.42,-0.27,0.3333333333333333,0.1111111111111111,0.2222222222222222,0.7777777777777778,0.2222222222222222,22,0.5789473684210527,16.68,0.44,38,4,0.2857142857142857,-3.57,-0.25,14,401405113,2022,7
151,East Carolina Pirates,40,0.5405405405405406,19,0.5277777777777778,21,0.5526315789473685,10,0.5882352941176471,10,0.6666666666666666,30,0.5263157894736842,57,0.42105263157894735,0.5789473684210527,12.75,0.22,10,0.17543859649122806,24,6.51,0.27,13,0.5416666666666666,33,6.24,0.19,17,0.5151515151515151,2,0.5,0.5,3.81,1.91,2,1.0,1,2.03,2.03,1,1.0,1,1.78,1.78,1,1.0,10,6,4,17,12,5,7.15,0.42,0.5882352941176471,0.35294117647058826,0.23529411764705882,0.7058823529411765,0.29411764705882354,31,0.5740740740740741,12.02,0.22,54,9,0.45,7.89,0.39,20,401415637,2022,7
235,Memphis Tigers,44,0.5866666666666667,25,0.6097560975609756,16,0.5161290322580645,17,0.7727272727272727,11,0.7333333333333333,30,0.5263157894736842,57,0.543859649122807,0.45614035087719296,12.59,0.22,15,0.2631578947368421,31,8.63,0.28,18,0.5806451612903226,26,3.97,0.15,12,0.46153846153846156,17,0.4117647058823529,0.5882352941176471,-4.38,-0.26,6,0.35294117647058826,7,-2.4,-0.34,3,0.42857142857142855,10,-1.98,-0.2,3,0.3,11,7,4,15,10,5,3.1,0.21,0.7333333333333333,0.4666666666666667,0.26666666666666666,0.6666666666666666,0.3333333333333333,31,0.6078431372549019,21.24,0.42,51,10,0.47619047619047616,-5.54,-0.26,21,401415637,2022,7
167,New Mexico Lobos,24,0.34285714285714286,10,0.3125,14,0.3684210526315789,0,0.0,3,0.2,19,0.3584905660377358,53,0.4339622641509434,0.5660377358490566,-5.39,-0.1,10,0.18867924528301888,23,-0.63,-0.03,8,0.34782608695652173,30,-4.76,-0.16,11,0.36666666666666664,9,0.3333333333333333,0.6666666666666666,-5.03,-0.56,1,0.1111111111111111,3,-2.12,-0.71,0,0.0,6,-2.91,-0.48,1,0.16666666666666666,5,2,3,17,9,8,-6.09,-0.36,0.29411764705882354,0.11764705882352941,0.17647058823529413,0.5294117647058824,0.47058823529411764,19,0.40425531914893614,4.74,0.1,47,5,0.21739130434782608,-16.21,-0.7,23,401409239,2022,7
166,New Mexico State Aggies,15,0.3409090909090909,6,0.375,9,0.32142857142857145,2,0.5,2,0.2,13,0.38235294117647056,34,0.29411764705882354,0.7058823529411765,3.47,0.1,5,0.14705882352941177,10,7.88,0.79,6,0.6,24,-4.42,-0.18,7,0.2916666666666667,4,0.5,0.5,0.16,0.04,1,0.25,2,1.2,0.6,1,0.5,2,-1.04,-0.52,0,0.0,2,0,2,10,6,4,-10.5,-1.05,0.2,0.0,0.2,0.6,0.4,13,0.41935483870967744,4.55,0.15,31,2,0.15384615384615385,-11.58,-0.89,13,401409239,2022,7
150,Duke Blue Devils,37,0.5362318840579711,13,0.43333333333333335,24,0.6153846153846154,9,0.6,4,0.4444444444444444,32,0.5517241379310345,58,0.43103448275862066,0.5689655172413793,29.02,0.5,19,0.3275862068965517,25,8.54,0.34,11,0.44,33,20.47,0.62,21,0.6363636363636364,7,0.2857142857142857,0.7142857142857143,1.56,0.22,4,0.5714285714285714,2,0.64,0.32,1,0.5,5,0.92,0.18,3,0.6,5,2,3,11,5,6,5.52,0.5,0.45454545454545453,0.18181818181818182,0.2727272727272727,0.45454545454545453,0.5454545454545454,27,0.54,13.32,0.27,50,10,0.5263157894736842,21.21,1.12,19,401411137,2022,7
153,North Carolina Tar Heels,41,0.5694444444444444,24,0.5853658536585366,17,0.5483870967741935,8,0.5714285714285714,8,0.6153846153846154,32,0.5517241379310345,58,0.5344827586206896,0.46551724137931033,9.66,0.17,18,0.3103448275862069,31,7.76,0.25,17,0.5483870967741935,27,1.91,0.07,15,0.5555555555555556,15,0.6,0.4,11.95,0.8,11,0.7333333333333333,9,9.16,1.02,6,0.6666666666666666,6,2.79,0.46,5,0.8333333333333334,9,7,2,14,10,4,13.87,0.99,0.6428571428571429,0.5,0.14285714285714285,0.7142857142857143,0.2857142857142857,27,0.5510204081632653,6.5,0.13,49,14,0.6086956521739131,17.04,0.74,23,401411137,2022,7
265,Washington State Cougars,26,0.35135135135135137,21,0.35,5,0.35714285714285715,1,0.2,7,0.4117647058823529,19,0.3584905660377358,53,0.7924528301886793,0.20754716981132076,-3.07,-0.06,12,0.22641509433962265,42,-2.1,-0.05,14,0.3333333333333333,11,-0.97,-0.09,5,0.45454545454545453,16,0.625,0.375,-2.78,-0.17,6,0.375,10,-3.96,-0.4,2,0.2,6,1.18,0.2,4,0.6666666666666666,7,7,0,21,18,3,-4.26,-0.2,0.3333333333333333,0.3333333333333333,0.0,0.8571428571428571,0.14285714285714285,15,0.3488372093023256,-10.38,-0.24,43,11,0.3548387096774194,3.06,0.1,31,401404015,2022,7
204,Oregon State Beavers,34,0.5,11,0.44,23,0.5348837209302325,6,0.6,6,0.42857142857142855,27,0.5094339622641509,53,0.32075471698113206,0.6792452830188679,5.04,0.1,13,0.24528301886792453,17,3.63,0.21,8,0.47058823529411764,36,1.41,0.04,19,0.5277777777777778,8,0.625,0.375,-1.6,-0.2,2,0.25,5,-1.92,-0.38,1,0.2,3,0.32,0.11,1,0.3333333333333333,7,3,4,15,8,7,-1.8,-0.12,0.4666666666666667,0.2,0.26666666666666666,0.5333333333333333,0.4666666666666667,27,0.5510204081632653,5.81,0.12,49,7,0.3684210526315789,-2.57,-0.14,19,401404015,2022,7
2005,Air Force Falcons,23,0.5227272727272727,0,0.0,23,0.5476190476190477,8,0.6666666666666666,3,0.6,19,0.5135135135135135,37,0.02702702702702703,0.972972972972973,5.48,0.15,9,0.24324324324324326,1,-0.11,-0.11,0,0.0,36,5.6,0.16,19,0.5277777777777778,4,0.25,0.75,-0.57,-0.14,1,0.25,1,-0.11,-0.11,0,0.0,3,-0.45,-0.15,1,0.3333333333333333,4,0,4,7,1,6,0.89,0.13,0.5714285714285714,0.0,0.5714285714285714,0.14285714285714285,0.8571428571428571,23,0.5476190476190477,11.5,0.27,42,0,0.0,-5.13,-2.57,2,401415237,2022,7
2439,UNLV Rebels,10,0.45454545454545453,6,0.6,4,0.3333333333333333,0,0.0,1,0.3333333333333333,9,0.5,18,0.3888888888888889,0.6111111111111112,-3.59,-0.2,4,0.2222222222222222,7,0.19,0.03,5,0.7142857142857143,11,-3.78,-0.34,4,0.36363636363636365,5,0.8,0.2,6.15,1.23,5,1.0,4,6.04,1.51,4,1.0,1,0.11,0.11,1,1.0,1,1,0,4,3,1,-1.5,-0.38,0.25,0.25,0.0,0.75,0.25,9,0.47368421052631576,-6.03,-0.32,19,1,0.3333333333333333,0.93,0.31,3,401415237,2022,7
278,Fresno State Bulldogs,24,0.36363636363636365,12,0.35294117647058826,12,0.375,3,0.5,3,0.25,21,0.39622641509433965,53,0.49056603773584906,0.5094339622641509,-3.0,-0.06,12,0.22641509433962265,26,1.64,0.06,11,0.4230769230769231,27,-4.64,-0.17,10,0.37037037037037035,7,0.5714285714285714,0.42857142857142855,-4.2,-0.6,3,0.42857142857142855,4,-1.98,-0.5,1,0.25,3,-2.22,-0.74,2,0.6666666666666666,3,1,2,13,8,5,-11.84,-0.91,0.23076923076923078,0.07692307692307693,0.15384615384615385,0.6153846153846154,0.38461538461538464,19,0.3958333333333333,-7.59,-0.16,48,5,0.2777777777777778,-7.26,-0.4,18,401415239,2022,7
23,San José State Spartans,24,0.36923076923076925,19,0.3877551020408163,5,0.3125,2,0.25,4,0.2857142857142857,20,0.4,50,0.74,0.26,-5.34,-0.11,11,0.22,37,-2.41,-0.07,16,0.43243243243243246,13,-2.93,-0.23,4,0.3076923076923077,10,0.7,0.3,3.28,0.33,3,0.3,7,4.78,0.68,3,0.42857142857142855,3,-1.51,-0.5,0,0.0,4,3,1,15,12,3,-7.52,-0.5,0.26666666666666666,0.2,0.06666666666666667,0.8,0.2,16,0.42105263157894735,-1.84,-0.05,38,8,0.2962962962962963,-11.01,-0.41,27,401415239,2022,7
62,Hawai'i Rainbow Warriors,33,0.5,9,0.34615384615384615,24,0.6,8,0.6666666666666666,8,0.47058823529411764,21,0.4666666666666667,45,0.4,0.6,0.51,0.01,4,0.08888888888888889,18,-3.5,-0.19,5,0.2777777777777778,27,4.01,0.15,16,0.5925925925925926,13,0.38461538461538464,0.6153846153846154,-1.87,-0.14,6,0.46153846153846156,5,-3.93,-0.79,0,0.0,8,2.06,0.26,6,0.75,12,4,8,21,8,13,11.96,0.57,0.5714285714285714,0.19047619047619047,0.38095238095238093,0.38095238095238093,0.6190476190476191,27,0.5294117647058824,10.34,0.2,51,6,0.4,2.13,0.14,15,401415240,2022,7
2440,Nevada Wolf Pack,25,0.3787878787878788,17,0.4358974358974359,8,0.2962962962962963,4,0.3333333333333333,4,0.3076923076923077,19,0.38,50,0.54,0.46,-4.97,-0.1,13,0.26,27,0.88,0.03,14,0.5185185185185185,23,-5.85,-0.25,5,0.21739130434782608,6,0.6666666666666666,0.3333333333333333,-1.1,-0.18,2,0.3333333333333333,4,-1.42,-0.36,1,0.25,2,0.32,0.16,1,0.5,6,3,3,16,12,4,2.93,0.18,0.375,0.1875,0.1875,0.75,0.25,16,0.36363636363636365,-5.15,-0.12,44,9,0.4090909090909091,3.11,0.14,22,401415240,2022,7
2247,Georgia State Panthers,21,0.328125,5,0.1724137931034483,16,0.45714285714285713,2,0.6666666666666666,5,0.35714285714285715,16,0.32,50,0.36,0.64,-5.97,-0.12,12,0.24,18,-11.84,-0.66,3,0.16666666666666666,32,5.88,0.18,13,0.40625,7,0.2857142857142857,0.7142857142857143,-4.99,-0.71,2,0.2857142857142857,2,-4.58,-2.29,0,0.0,5,-0.41,-0.08,2,0.4,5,2,3,14,11,3,-7.72,-0.55,0.35714285714285715,0.14285714285714285,0.21428571428571427,0.7857142857142857,0.21428571428571427,14,0.3783783783783784,-4.42,-0.12,37,7,0.25925925925925924,-9.26,-0.34,27,401426353,2022,8
2026,Appalachian State Mountaineers,44,0.5365853658536586,4,0.23529411764705882,40,0.6153846153846154,11,0.6111111111111112,4,0.3076923076923077,37,0.5692307692307692,65,0.18461538461538463,0.8153846153846154,12.29,0.19,17,0.26153846153846155,12,-2.81,-0.23,4,0.3333333333333333,53,15.1,0.28,33,0.6226415094339622,17,0.17647058823529413,0.8235294117647058,5.6,0.33,10,0.5882352941176471,3,-0.23,-0.08,1,0.3333333333333333,14,5.83,0.42,9,0.6428571428571429,7,0,7,17,5,12,10.82,0.64,0.4117647058823529,0.0,0.4117647058823529,0.29411764705882354,0.7058823529411765,35,0.546875,13.45,0.21,64,9,0.5,9.66,0.54,18,401426353,2022,8
59,Georgia Tech Yellow Jackets,21,0.2876712328767123,11,0.25,10,0.3448275862068966,3,0.3333333333333333,6,0.2857142857142857,15,0.29411764705882354,51,0.5294117647058824,0.47058823529411764,-10.85,-0.21,6,0.11764705882352941,27,-8.64,-0.32,8,0.2962962962962963,24,-2.2,-0.09,7,0.2916666666666667,11,0.5454545454545454,0.45454545454545453,0.49,0.04,5,0.45454545454545453,6,-2.71,-0.45,1,0.16666666666666666,5,3.2,0.64,4,0.8,6,3,3,22,17,5,-20.28,-0.92,0.2727272727272727,0.13636363636363635,0.13636363636363635,0.7727272727272727,0.22727272727272727,14,0.34146341463414637,-8.9,-0.22,41,7,0.21875,-22.23,-0.69,32,401411141,2022,8
258,Virginia Cavaliers,25,0.352112676056338,14,0.4,11,0.3055555555555556,3,0.3333333333333333,2,0.14285714285714285,22,0.4,55,0.41818181818181815,0.5818181818181818,-2.0,-0.04,12,0.21818181818181817,23,1.37,0.06,12,0.5217391304347826,32,-3.37,-0.11,10,0.3125,13,0.46153846153846156,0.5384615384615384,0.53,0.04,8,0.6153846153846154,6,1.88,0.31,4,0.6666666666666666,7,-1.35,-0.19,4,0.5714285714285714,3,2,1,16,12,4,-15.43,-0.96,0.1875,0.125,0.0625,0.75,0.25,15,0.3191489361702128,-16.08,-0.34,47,10,0.4166666666666667,-1.35,-0.06,24,401411141,2022,8
2653,Troy Trojans,26,0.4262295081967213,9,0.36,17,0.4722222222222222,2,1.0,1,0.07692307692307693,23,0.5,46,0.32608695652173914,0.6739130434782609,-1.94,-0.04,11,0.2391304347826087,15,-2.21,-0.15,7,0.4666666666666667,31,0.27,0.01,16,0.5161290322580645,6,0.3333333333333333,0.6666666666666666,-5.31,-0.88,0,0.0,2,-1.32,-0.66,0,0.0,4,-3.98,-1.0,0,0.0,3,2,1,15,10,5,-10.02,-0.67,0.2,0.13333333333333333,0.06666666666666667,0.6666666666666666,0.3333333333333333,23,0.5227272727272727,2.14,0.05,44,3,0.17647058823529413,-14.1,-0.83,17,401426354,2022,8
6,South Alabama Jaguars,28,0.4444444444444444,23,0.5348837209302325,5,0.25,1,0.3333333333333333,4,0.3076923076923077,23,0.46938775510204084,49,0.6530612244897959,0.3469387755102041,-7.49,-0.15,10,0.20408163265306123,32,1.7,0.05,19,0.59375,17,-9.2,-0.54,4,0.23529411764705882,15,0.6666666666666666,0.3333333333333333,0.38,0.03,5,0.3333333333333333,10,2.76,0.28,4,0.4,5,-2.37,-0.47,1,0.2,5,4,1,14,11,3,-1.3,-0.09,0.35714285714285715,0.2857142857142857,0.07142857142857142,0.7857142857142857,0.21428571428571427,20,0.5,-1.63,-0.04,40,8,0.34782608695652173,-7.17,-0.31,23,401426354,2022,8
202,Tulsa Golden Hurricane,30,0.4411764705882353,11,0.3793103448275862,19,0.48717948717948717,2,0.3333333333333333,2,0.2,28,0.4827586206896552,58,0.3448275862068966,0.6551724137931034,-1.8,-0.03,17,0.29310344827586204,20,-8.41,-0.42,9,0.45,38,6.62,0.17,19,0.5,17,0.5882352941176471,0.4117647058823529,5.58,0.33,10,0.5882352941176471,10,4.65,0.46,6,0.6,7,0.94,0.13,4,0.5714285714285714,2,2,0,10,9,1,-5.21,-0.52,0.2,0.2,0.0,0.9,0.1,24,0.5106382978723404,-0.05,-0.0,47,6,0.2857142857142857,-6.95,-0.33,21,401415638,2022,8
218,Temple Owls,18,0.2465753424657534,12,0.25,6,0.24,0,0.0,4,0.2222222222222222,12,0.23529411764705882,51,0.5882352941176471,0.4117647058823529,-11.9,-0.23,7,0.13725490196078433,30,-4.35,-0.15,7,0.23333333333333334,21,-7.54,-0.36,5,0.23809523809523808,6,0.3333333333333333,0.6666666666666666,-2.48,-0.41,1,0.16666666666666666,2,-1.76,-0.88,0,0.0,4,-0.72,-0.18,1,0.25,6,5,1,22,18,4,-7.38,-0.34,0.2727272727272727,0.22727272727272727,0.045454545454545456,0.8181818181818182,0.18181818181818182,9,0.2571428571428571,-11.12,-0.32,35,9,0.23684210526315788,-8.16,-0.21,38,401415638,2022,8
98,Western Kentucky Hilltoppers,30,0.46875,9,0.375,21,0.525,3,0.75,4,0.3333333333333333,25,0.49019607843137253,51,0.39215686274509803,0.6078431372549019,0.75,0.01,15,0.29411764705882354,20,1.25,0.06,9,0.45,31,-0.5,-0.02,16,0.5161290322580645,19,0.42105263157894735,0.5789473684210527,1.62,0.09,8,0.42105263157894735,8,0.86,0.11,4,0.5,11,0.76,0.07,4,0.36363636363636365,5,0,5,13,4,9,-1.44,-0.11,0.38461538461538464,0.0,0.38461538461538464,0.3076923076923077,0.6923076923076923,24,0.5581395348837209,8.13,0.19,43,6,0.2857142857142857,-8.82,-0.42,21,401426592,2022,8
5,UAB Blazers,18,0.3673469387755102,4,0.26666666666666666,14,0.4117647058823529,1,0.14285714285714285,4,0.36363636363636365,14,0.3684210526315789,38,0.23684210526315788,0.7631578947368421,-14.49,-0.38,4,0.10526315789473684,9,0.52,0.06,3,0.3333333333333333,29,-15.01,-0.52,11,0.3793103448275862,9,0.3333333333333333,0.6666666666666666,-3.64,-0.4,3,0.3333333333333333,3,-2.99,-1.0,0,0.0,6,-0.66,-0.11,3,0.5,4,1,3,11,6,5,3.72,0.34,0.36363636363636365,0.09090909090909091,0.2727272727272727,0.5454545454545454,0.45454545454545453,14,0.4375,-9.78,-0.31,32,4,0.23529411764705882,-0.99,-0.06,17,401426592,2022,8
194,Ohio State Buckeyes,30,0.4918032786885246,18,0.5625,12,0.42857142857142855,8,0.38095238095238093,3,0.23076923076923078,24,0.5333333333333333,45,0.5333333333333333,0.4444444444444444,-2.63,-0.06,10,0.2222222222222222,24,7.51,0.31,15,0.625,20,-2.12,-0.11,9,0.45,7,0.2857142857142857,0.7142857142857143,-8.65,-1.24,1,0.14285714285714285,2,-4.41,-2.21,0,0.0,5,-4.24,-0.85,1,0.2,6,3,3,16,8,8,-0.76,-0.05,0.375,0.1875,0.1875,0.5,0.5,27,0.5510204081632653,1.72,0.04,49,3,0.25,-5.11,-0.43,12,401405119,2022,8
2294,Iowa Hawkeyes,14,0.23728813559322035,7,0.2413793103448276,7,0.23333333333333334,,,4,0.3076923076923077,9,0.21428571428571427,42,0.42857142857142855,0.5714285714285714,-33.47,-0.8,5,0.11904761904761904,18,-20.84,-1.16,5,0.2777777777777778,24,-12.62,-0.53,4,0.16666666666666666,10,0.8,0.2,-17.77,-1.78,3,0.3,8,-11.49,-1.44,3,0.375,2,-6.28,-3.14,0,0.0,5,2,3,17,11,6,-17.96,-1.06,0.29411764705882354,0.11764705882352941,0.17647058823529413,0.6470588235294118,0.35294117647058826,9,0.2571428571428571,-31.55,-0.9,35,5,0.20833333333333334,-19.87,-0.83,24,401405119,2022,8
2633,Tennessee Volunteers,42,0.5060240963855421,22,0.5641025641025641,20,0.45454545454545453,10,0.625,15,0.75,26,0.41935483870967744,62,0.5161290322580645,0.4838709677419355,11.06,0.18,7,0.11290322580645161,32,16.98,0.53,18,0.5625,30,-5.92,-0.2,8,0.26666666666666666,8,0.5,0.5,9.31,1.16,4,0.5,4,9.92,2.48,3,0.75,4,-0.61,-0.15,1,0.25,16,4,12,21,7,14,26.0,1.24,0.7619047619047619,0.19047619047619047,0.5714285714285714,0.3333333333333333,0.6666666666666666,33,0.5076923076923077,16.9,0.26,65,9,0.5,20.16,1.12,18,401403926,2022,8
2630,UT Martin Skyhawks,33,0.4342105263157895,22,0.4489795918367347,11,0.4074074074074074,4,0.36363636363636365,4,0.3333333333333333,29,0.46774193548387094,62,0.5967741935483871,0.4032258064516129,3.24,0.05,16,0.25806451612903225,37,12.61,0.34,19,0.5135135135135135,25,-9.37,-0.37,10,0.4,15,0.6666666666666666,0.3333333333333333,-4.16,-0.28,4,0.26666666666666666,10,-3.33,-0.33,2,0.2,5,-0.83,-0.17,2,0.4,4,3,1,14,12,2,-5.6,-0.4,0.2857142857142857,0.21428571428571427,0.07142857142857142,0.8571428571428571,0.14285714285714285,28,0.5384615384615384,1.52,0.03,52,5,0.20833333333333334,-3.89,-0.16,24,401403926,2022,8
228,Clemson Tigers,41,0.4880952380952381,11,0.4074074074074074,30,0.5357142857142857,7,0.5384615384615384,6,0.4,32,0.49230769230769234,65,0.27692307692307694,0.7076923076923077,-5.55,-0.09,16,0.24615384615384617,18,-0.06,-0.0,8,0.4444444444444444,46,7.24,0.16,24,0.5217391304347826,14,0.7142857142857143,0.2857142857142857,-0.17,-0.01,8,0.5714285714285714,10,-0.89,-0.09,5,0.5,4,0.71,0.18,3,0.75,9,3,6,19,9,10,2.52,0.13,0.47368421052631576,0.15789473684210525,0.3157894736842105,0.47368421052631576,0.5263157894736842,35,0.5223880597014925,0.49,0.01,67,6,0.35294117647058826,-3.52,-0.21,17,401411142,2022,8
183,Syracuse Orange,23,0.4339622641509434,11,0.3548387096774194,12,0.5454545454545454,3,0.75,2,0.2,21,0.5,42,0.5714285714285714,0.42857142857142855,6.87,0.16,13,0.30952380952380953,24,3.32,0.14,11,0.4583333333333333,18,3.55,0.2,10,0.5555555555555556,8,0.125,0.875,4.93,0.62,4,0.5,1,-0.01,-0.01,0,0.0,7,4.95,0.71,4,0.5714285714285714,2,0,2,11,7,4,-7.49,-0.68,0.18181818181818182,0.0,0.18181818181818182,0.6363636363636364,0.36363636363636365,17,0.4594594594594595,-0.96,-0.03,37,6,0.375,0.33,0.02,16,401411142,2022,8
344,Mississippi State Bulldogs,33,0.3793103448275862,22,0.3384615384615385,11,0.5,4,0.6666666666666666,7,0.3181818181818182,23,0.3898305084745763,59,0.7457627118644068,0.2542372881355932,-5.06,-0.09,8,0.13559322033898305,44,-7.69,-0.17,16,0.36363636363636365,15,2.63,0.18,7,0.4666666666666667,18,0.9444444444444444,0.05555555555555555,2.55,0.14,8,0.4444444444444444,17,2.19,0.13,7,0.4117647058823529,1,0.36,0.36,1,1.0,10,6,4,28,21,7,-2.9,-0.1,0.35714285714285715,0.21428571428571427,0.14285714285714285,0.75,0.25,23,0.40350877192982454,-4.74,-0.08,57,10,0.3333333333333333,-3.22,-0.11,30,401403922,2022,8
333,Alabama Crimson Tide,22,0.34375,17,0.4358974358974359,5,0.2,3,0.3,8,0.47058823529411764,14,0.2978723404255319,47,0.5106382978723404,0.48936170212765956,-9.69,-0.21,7,0.14893617021276595,24,0.19,0.01,10,0.4166666666666667,23,-9.88,-0.43,4,0.17391304347826086,11,0.6363636363636364,0.36363636363636365,-5.54,-0.5,1,0.09090909090909091,7,-3.11,-0.44,1,0.14285714285714285,4,-2.43,-0.61,0,0.0,8,7,1,17,15,2,6.4,0.38,0.47058823529411764,0.4117647058823529,0.058823529411764705,0.8823529411764706,0.11764705882352941,14,0.358974358974359,-3.64,-0.09,39,8,0.32,0.34,0.01,25,401403922,2022,8
99,LSU Tigers,55,0.7236842105263158,20,0.625,35,0.7954545454545454,10,0.6666666666666666,7,0.6363636363636364,47,0.734375,64,0.390625,0.609375,28.18,0.44,23,0.359375,25,9.98,0.4,16,0.64,39,18.2,0.47,31,0.7948717948717948,14,0.5,0.5,-2.18,-0.16,8,0.5714285714285714,7,-3.48,-0.5,3,0.42857142857142855,7,1.3,0.19,5,0.7142857142857143,8,4,4,12,7,5,6.18,0.51,0.6666666666666666,0.3333333333333333,0.3333333333333333,0.5833333333333334,0.4166666666666667,50,0.7575757575757576,32.58,0.49,66,5,0.5,1.78,0.18,10,401403923,2022,8
145,Ole Miss Rebels,33,0.4583333333333333,16,0.42105263157894735,17,0.5,3,0.25,5,0.38461538461538464,27,0.47368421052631576,57,0.5263157894736842,0.47368421052631576,6.17,0.11,16,0.2807017543859649,30,4.6,0.15,14,0.4666666666666667,27,1.57,0.06,13,0.48148148148148145,5,0.4,0.6,-2.95,-0.59,1,0.2,2,-2.34,-1.17,0,0.0,3,-0.61,-0.2,1,0.3333333333333333,6,2,4,15,8,7,-4.18,-0.28,0.4,0.13333333333333333,0.26666666666666666,0.5333333333333333,0.4666666666666667,26,0.52,10.8,0.22,50,7,0.3181818181818182,-8.82,-0.4,22,401403923,2022,8
2628,TCU Horned Frogs,35,0.4430379746835443,12,0.41379310344827586,23,0.46,7,0.5384615384615384,9,0.5294117647058824,24,0.41379310344827586,58,0.3103448275862069,0.6896551724137931,0.2,0.0,13,0.22413793103448276,18,-1.6,-0.09,6,0.3333333333333333,40,1.8,0.04,18,0.45,18,0.4444444444444444,0.5555555555555556,12.79,0.71,11,0.6111111111111112,8,9.38,1.17,5,0.625,10,3.41,0.34,6,0.6,11,6,5,21,11,10,13.9,0.66,0.5238095238095238,0.2857142857142857,0.23809523809523808,0.5238095238095238,0.47619047619047616,27,0.5094339622641509,13.89,0.26,53,8,0.3076923076923077,0.21,0.01,26,401404097,2022,8
2306,Kansas State Wildcats,20,0.38461538461538464,11,0.4782608695652174,9,0.3103448275862069,2,0.6666666666666666,3,0.3333333333333333,16,0.3902439024390244,41,0.3902439024390244,0.6097560975609756,2.33,0.06,9,0.21951219512195122,16,2.53,0.16,7,0.4375,25,-0.21,-0.01,9,0.36,,,,,,,,,,,,,,,,,,4,4,0,11,7,4,4.29,0.39,0.36363636363636365,0.36363636363636365,0.0,0.6363636363636364,0.36363636363636365,13,0.3939393939393939,1.05,0.03,33,7,0.3684210526315789,5.56,0.29,19,401404097,2022,8
2483,Oregon Ducks,43,0.581081081081081,16,0.5714285714285714,27,0.5869565217391305,6,0.6,6,0.5454545454545454,34,0.576271186440678,59,0.3728813559322034,0.6271186440677966,20.01,0.34,18,0.3050847457627119,22,13.55,0.62,13,0.5909090909090909,37,6.46,0.17,21,0.5675675675675675,10,0.6,0.4,8.2,0.82,9,0.9,6,6.63,1.11,5,0.8333333333333334,4,1.57,0.39,4,1.0,9,3,6,15,6,9,16.89,1.13,0.6,0.2,0.4,0.4,0.6,36,0.6666666666666666,32.48,0.6,54,7,0.35,4.42,0.22,20,401404021,2022,8
26,UCLA Bruins,40,0.5882352941176471,22,0.5641025641025641,18,0.6206896551724138,3,0.3,6,0.5,32,0.6037735849056604,53,0.49056603773584906,0.5094339622641509,18.51,0.35,15,0.2830188679245283,26,10.21,0.39,16,0.6153846153846154,27,8.3,0.31,16,0.5925925925925926,11,0.5454545454545454,0.45454545454545453,2.44,0.22,5,0.45454545454545453,6,1.63,0.27,3,0.5,5,0.81,0.16,2,0.4,8,6,2,15,13,2,4.94,0.33,0.5333333333333333,0.4,0.13333333333333333,0.8666666666666667,0.13333333333333333,30,0.6122448979591837,17.09,0.35,49,10,0.5263157894736842,6.36,0.33,19,401404021,2022,8
197,Oklahoma State Cowboys,44,0.4489795918367347,28,0.4666666666666667,16,0.42105263157894735,6,0.6,8,0.42105263157894735,36,0.45569620253164556,79,0.6075949367088608,0.3924050632911392,8.18,0.1,17,0.21518987341772153,48,9.03,0.19,25,0.5208333333333334,31,-0.85,-0.03,11,0.3548387096774194,20,0.6,0.4,4.42,0.22,12,0.6,12,0.38,0.03,7,0.5833333333333334,8,4.03,0.5,5,0.625,8,3,5,19,12,7,0.55,0.03,0.42105263157894735,0.15789473684210525,0.2631578947368421,0.631578947368421,0.3684210526315789,32,0.49230769230769234,9.52,0.15,65,12,0.36363636363636365,-0.79,-0.02,33,401404098,2022,8
251,Texas Longhorns,28,0.345679012345679,16,0.32,12,0.3870967741935484,1,0.14285714285714285,4,0.23529411764705882,24,0.3870967741935484,62,0.532258064516129,0.46774193548387094,11.56,0.19,15,0.24193548387096775,33,6.77,0.21,12,0.36363636363636365,29,4.79,0.17,12,0.41379310344827586,7,0.5714285714285714,0.42857142857142855,-0.45,-0.06,1,0.14285714285714285,4,-4.57,-1.14,0,0.0,3,4.12,1.37,1,0.3333333333333333,4,4,0,19,17,2,-18.69,-0.98,0.21052631578947367,0.21052631578947367,0.0,0.8947368421052632,0.10526315789473684,18,0.3673469387755102,-1.3,-0.03,49,10,0.3125,-5.84,-0.18,32,401404098,2022,8
154,Wake Forest Demon Deacons,32,0.43243243243243246,22,0.5238095238095238,10,0.3125,9,0.5,6,0.5,25,0.4098360655737705,61,0.5245901639344263,0.47540983606557374,3.93,0.06,16,0.26229508196721313,32,6.54,0.2,17,0.53125,29,-2.61,-0.09,8,0.27586206896551724,14,0.6428571428571429,0.35714285714285715,0.95,0.07,4,0.2857142857142857,9,0.49,0.05,2,0.2222222222222222,5,0.46,0.09,2,0.4,7,5,2,13,10,3,11.59,0.89,0.5384615384615384,0.38461538461538464,0.15384615384615385,0.7692307692307693,0.23076923076923078,17,0.37777777777777777,1.24,0.03,45,15,0.5172413793103449,14.28,0.49,29,401411145,2022,8
103,Boston College Eagles,26,0.38235294117647056,17,0.3617021276595745,9,0.42857142857142855,4,0.4,6,0.35294117647058826,19,0.3958333333333333,48,0.6458333333333334,0.3541666666666667,-1.6,-0.03,8,0.16666666666666666,31,6.16,0.2,14,0.45161290322580644,17,-7.76,-0.46,5,0.29411764705882354,10,0.8,0.2,-3.41,-0.34,3,0.3,8,-2.97,-0.37,2,0.25,2,-0.44,-0.22,1,0.5,7,3,4,20,16,4,-5.96,-0.3,0.35,0.15,0.2,0.8,0.2,17,0.40476190476190477,-13.07,-0.31,42,9,0.34615384615384615,5.51,0.21,26,401411145,2022,8
135,Minnesota Golden Gophers,28,0.417910447761194,7,0.30434782608695654,21,0.4772727272727273,6,0.42857142857142855,2,0.15384615384615385,24,0.47058823529411764,51,0.3137254901960784,0.6862745098039216,-0.01,-0.0,13,0.2549019607843137,16,-0.93,-0.06,5,0.3125,35,0.93,0.03,19,0.5428571428571428,19,0.42105263157894735,0.5789473684210527,5.13,0.27,9,0.47368421052631576,8,2.95,0.37,3,0.375,11,2.18,0.2,6,0.5454545454545454,4,2,2,16,7,9,-4.07,-0.25,0.25,0.125,0.125,0.4375,0.5625,23,0.5609756097560976,12.03,0.29,41,5,0.19230769230769232,-16.11,-0.62,26,401405120,2022,8
213,Penn State Nittany Lions,33,0.4925373134328358,17,0.5151515151515151,16,0.47058823529411764,3,1.0,5,0.45454545454545453,27,0.4909090909090909,55,0.4727272727272727,0.5272727272727272,9.61,0.17,11,0.2,26,8.87,0.34,14,0.5384615384615384,29,0.73,0.03,13,0.4482758620689655,9,0.7777777777777778,0.2222222222222222,3.16,0.35,6,0.6666666666666666,7,2.1,0.3,4,0.5714285714285714,2,1.06,0.53,2,1.0,6,3,3,12,7,5,5.06,0.42,0.5,0.25,0.25,0.5833333333333334,0.4166666666666667,26,0.5306122448979592,10.9,0.22,49,7,0.3888888888888889,3.77,0.21,18,401405120,2022,8
2132,Cincinnati Bearcats,26,0.3611111111111111,12,0.3333333333333333,14,0.3888888888888889,4,0.3333333333333333,9,0.45,16,0.32,50,0.42,0.58,-4.09,-0.08,4,0.08,21,-4.31,-0.21,5,0.23809523809523808,29,0.22,0.01,11,0.3793103448275862,6,0.0,1.0,0.93,0.15,3,0.5,,,,,,6,0.93,0.15,3,0.5,10,7,3,22,15,7,-0.77,-0.03,0.45454545454545453,0.3181818181818182,0.13636363636363635,0.6818181818181818,0.3181818181818182,17,0.3695652173913043,-1.64,-0.04,46,9,0.34615384615384615,-3.21,-0.12,26,401415641,2022,8
2567,SMU Mustangs,22,0.3283582089552239,12,0.27906976744186046,10,0.4166666666666667,6,0.6666666666666666,1,0.07142857142857142,17,0.3541666666666667,48,0.625,0.375,-4.93,-0.1,9,0.1875,30,-8.68,-0.29,10,0.3333333333333333,18,3.75,0.21,7,0.3888888888888889,13,0.6153846153846154,0.38461538461538464,5.57,0.43,7,0.5384615384615384,8,1.43,0.18,4,0.5,5,4.14,0.83,3,0.6,5,2,3,19,13,6,-9.61,-0.51,0.2631578947368421,0.10526315789473684,0.15789473684210525,0.6842105263157895,0.3157894736842105,16,0.37209302325581395,-5.41,-0.13,43,6,0.25,-9.13,-0.38,24,401415641,2022,8
235,Memphis Tigers,39,0.527027027027027,21,0.4883720930232558,18,0.5806451612903226,9,0.6,7,0.5,28,0.5,56,0.5892857142857143,0.4107142857142857,8.06,0.14,12,0.21428571428571427,33,6.24,0.19,17,0.5151515151515151,23,1.82,0.08,11,0.4782608695652174,14,0.42857142857142855,0.5714285714285714,1.16,0.08,10,0.7142857142857143,6,-2.6,-0.43,4,0.6666666666666666,8,3.76,0.47,6,0.75,11,4,7,18,10,8,5.77,0.32,0.6111111111111112,0.2222222222222222,0.3888888888888889,0.5555555555555556,0.4444444444444444,29,0.5087719298245614,0.6,0.01,57,10,0.5882352941176471,13.22,0.78,17,401415639,2022,8
2655,Tulane Green Wave,31,0.4492753623188406,12,0.4,19,0.48717948717948717,10,0.7142857142857143,6,0.42857142857142855,24,0.4528301886792453,53,0.41509433962264153,0.5849056603773585,6.24,0.12,11,0.20754716981132076,22,1.39,0.06,8,0.36363636363636365,31,4.85,0.16,16,0.5161290322580645,10,0.6,0.4,5.68,0.57,7,0.7,6,4.26,0.71,4,0.6666666666666666,4,1.42,0.35,3,0.75,7,4,3,16,8,8,-2.57,-0.16,0.4375,0.25,0.1875,0.5,0.5,21,0.4375,-3.56,-0.07,48,10,0.47619047619047616,7.23,0.34,21,401415639,2022,8
2305,Kansas Jayhawks,18,0.375,10,0.35714285714285715,8,0.4,4,0.4444444444444444,7,0.6363636363636364,11,0.3055555555555556,36,0.5277777777777778,0.4722222222222222,-10.87,-0.3,5,0.1388888888888889,19,-8.58,-0.45,5,0.2631578947368421,17,-2.29,-0.13,6,0.35294117647058826,4,0.75,0.25,-3.89,-0.97,1,0.25,3,-3.87,-1.29,1,0.3333333333333333,1,-0.02,-0.02,0,0.0,7,5,2,12,9,3,10.15,0.85,0.5833333333333334,0.4166666666666667,0.16666666666666666,0.75,0.25,11,0.3793103448275862,-3.85,-0.13,29,7,0.3684210526315789,3.13,0.16,19,401404096,2022,8
239,Baylor Bears,41,0.5125,14,0.4827586206896552,27,0.5294117647058824,9,0.45,9,0.6,29,0.47540983606557374,61,0.32786885245901637,0.6721311475409836,0.77,0.01,14,0.22950819672131148,20,-7.47,-0.37,8,0.4,41,8.24,0.2,21,0.5121951219512195,19,0.47368421052631576,0.5263157894736842,4.75,0.25,9,0.47368421052631576,9,0.7,0.08,4,0.4444444444444444,10,4.05,0.41,5,0.5,12,6,6,19,9,10,13.75,0.72,0.631578947368421,0.3157894736842105,0.3157894736842105,0.47368421052631576,0.5263157894736842,31,0.5344827586206896,9.63,0.17,58,10,0.45454545454545453,4.89,0.22,22,401404096,2022,8
349,Army Black Knights,40,0.625,2,0.5,38,0.6333333333333333,9,0.6923076923076923,3,0.375,35,0.6481481481481481,54,0.05555555555555555,0.9444444444444444,21.73,0.4,18,0.3333333333333333,3,1.93,0.64,2,0.6666666666666666,51,19.8,0.39,33,0.6470588235294118,10,0.1,0.9,1.17,0.12,6,0.6,1,-1.06,-1.06,0,0.0,9,2.22,0.25,6,0.6666666666666666,5,0,5,10,1,9,12.26,1.23,0.5,0.0,0.5,0.1,0.9,35,0.6730769230769231,22.73,0.44,52,5,0.4166666666666667,11.26,0.94,12,401404140,2022,8
2433,UL Monroe Warhawks,27,0.5192307692307693,11,0.39285714285714285,16,0.6666666666666666,3,0.3,4,0.4444444444444444,23,0.5609756097560976,41,0.5365853658536586,0.4634146341463415,9.79,0.24,9,0.21951219512195122,22,-0.41,-0.02,10,0.45454545454545453,19,10.2,0.54,13,0.6842105263157895,2,0.5,0.5,-0.2,-0.1,0,0.0,1,-0.1,-0.1,0,0.0,1,-0.1,-0.1,0,0.0,4,1,3,11,6,5,-7.47,-0.68,0.36363636363636365,0.09090909090909091,0.2727272727272727,0.5454545454545454,0.45454545454545453,25,0.5952380952380952,10.3,0.25,42,2,0.2,-7.99,-0.8,10,401404140,2022,8
84,Indiana Hoosiers,25,0.423728813559322,17,0.4146341463414634,8,0.4444444444444444,2,0.6666666666666666,2,0.16666666666666666,23,0.48936170212765956,47,0.6808510638297872,0.3191489361702128,-6.73,-0.14,12,0.2553191489361702,32,-4.69,-0.15,16,0.5,15,-2.04,-0.14,7,0.4666666666666667,3,0.0,1.0,-0.19,-0.06,1,0.3333333333333333,,,,,,3,-0.19,-0.06,1,0.3333333333333333,2,1,1,12,9,3,-9.88,-0.82,0.16666666666666666,0.08333333333333333,0.08333333333333333,0.75,0.25,23,0.6052631578947368,5.38,0.14,38,2,0.09523809523809523,-21.98,-1.05,21,401405121,2022,8
164,Rutgers Scarlet Knights,31,0.4305555555555556,10,0.4166666666666667,21,0.4375,6,0.8571428571428571,5,0.29411764705882354,24,0.4528301886792453,53,0.2641509433962264,0.7358490566037735,2.13,0.04,8,0.1509433962264151,14,1.84,0.13,6,0.42857142857142855,39,0.29,0.01,18,0.46153846153846156,18,0.5,0.5,-2.18,-0.12,5,0.2777777777777778,9,-0.73,-0.08,3,0.3333333333333333,9,-1.45,-0.16,2,0.2222222222222222,7,4,3,19,10,9,-1.9,-0.1,0.3684210526315789,0.21052631578947367,0.15789473684210525,0.5263157894736842,0.47368421052631576,23,0.4791666666666667,2.52,0.05,48,8,0.3333333333333333,-2.3,-0.1,24,401405121,2022,8
248,Houston Cougars,32,0.5079365079365079,18,0.6,14,0.4375,13,0.52,6,0.5,24,0.4897959183673469,49,0.4897959183673469,0.4897959183673469,-6.98,-0.14,11,0.22448979591836735,24,7.24,0.3,14,0.5833333333333334,24,-5.82,-0.24,10,0.4166666666666667,7,0.7142857142857143,0.2857142857142857,-5.34,-0.76,3,0.42857142857142855,5,-5.18,-1.04,2,0.4,2,-0.16,-0.08,1,0.5,8,4,4,14,6,8,9.83,0.7,0.5714285714285714,0.2857142857142857,0.2857142857142857,0.42857142857142855,0.5714285714285714,27,0.5510204081632653,-3.44,-0.07,49,5,0.35714285714285715,6.28,0.45,14,401415640,2022,8
2426,Navy Midshipmen,26,0.4126984126984127,4,0.2857142857142857,22,0.4489795918367347,,,7,0.5,18,0.391304347826087,46,0.2391304347826087,0.7608695652173914,-3.09,-0.07,6,0.13043478260869565,11,-6.0,-0.55,3,0.2727272727272727,35,2.91,0.08,15,0.42857142857142855,9,0.1111111111111111,0.8888888888888888,-6.07,-0.67,1,0.1111111111111111,1,-0.85,-0.85,0,0.0,8,-5.22,-0.65,1,0.125,8,1,7,17,3,14,-2.03,-0.12,0.47058823529411764,0.058823529411764705,0.4117647058823529,0.17647058823529413,0.8235294117647058,19,0.4222222222222222,-10.26,-0.23,45,7,0.3888888888888889,5.14,0.29,18,401415640,2022,8
2309,Kent State Golden Flashes,27,0.43548387096774194,12,0.5,15,0.39473684210526316,3,0.3333333333333333,4,0.3333333333333333,22,0.4489795918367347,49,0.32653061224489793,0.673469387755102,8.13,0.17,13,0.2653061224489796,16,2.8,0.18,9,0.5625,33,5.33,0.16,13,0.3939393939393939,14,0.42857142857142855,0.5714285714285714,9.86,0.7,7,0.5,6,8.87,1.48,4,0.6666666666666666,8,0.99,0.12,3,0.375,5,3,2,13,8,5,4.31,0.33,0.38461538461538464,0.23076923076923078,0.15384615384615385,0.6153846153846154,0.38461538461538464,20,0.5128205128205128,5.57,0.14,39,7,0.30434782608695654,6.87,0.3,23,401416628,2022,8
2006,Akron Zips,42,0.5,24,0.5,18,0.5,4,0.3333333333333333,10,0.5882352941176471,29,0.4603174603174603,63,0.5396825396825397,0.4603174603174603,-2.49,-0.04,13,0.20634920634920634,34,-4.99,-0.15,14,0.4117647058823529,29,2.5,0.09,15,0.5172413793103449,10,0.6,0.4,-3.54,-0.35,6,0.6,6,-6.19,-1.03,2,0.3333333333333333,4,2.65,0.66,4,1.0,13,10,3,21,14,7,10.48,0.5,0.6190476190476191,0.47619047619047616,0.14285714285714285,0.6666666666666666,0.3333333333333333,31,0.49206349206349204,1.26,0.02,63,11,0.5238095238095238,6.74,0.32,21,401416628,2022,8
2390,Miami Hurricanes,36,0.5294117647058824,25,0.5813953488372093,11,0.44,3,0.5,9,0.75,26,0.49056603773584906,53,0.6226415094339622,0.37735849056603776,-9.83,-0.19,13,0.24528301886792453,33,-9.9,-0.3,18,0.5454545454545454,20,0.08,0.0,8,0.4,12,0.5833333333333334,0.4166666666666667,9.33,0.78,6,0.5,7,9.67,1.38,4,0.5714285714285714,5,-0.33,-0.07,2,0.4,10,7,3,15,10,5,10.47,0.7,0.6666666666666666,0.4666666666666667,0.2,0.6666666666666666,0.3333333333333333,22,0.46808510638297873,-19.64,-0.42,47,14,0.6666666666666666,20.29,0.97,21,401411144,2022,8
150,Duke Blue Devils,28,0.4307692307692308,10,0.35714285714285715,18,0.4864864864864865,13,0.52,7,0.4666666666666667,19,0.3958333333333333,48,0.4375,0.5625,-7.65,-0.16,8,0.16666666666666666,21,-12.11,-0.58,7,0.3333333333333333,27,4.46,0.17,12,0.4444444444444444,9,0.5555555555555556,0.4444444444444444,-5.24,-0.58,2,0.2222222222222222,5,-3.01,-0.6,2,0.4,4,-2.23,-0.56,0,0.0,9,3,6,17,7,10,12.75,0.75,0.5294117647058824,0.17647058823529413,0.35294117647058826,0.4117647058823529,0.5882352941176471,20,0.47619047619047616,0.58,0.01,42,8,0.34782608695652173,4.52,0.2,23,401411144,2022,8
2117,Central Michigan Chippewas,24,0.4,16,0.41025641025641024,8,0.4,1,0.16666666666666666,4,0.3333333333333333,19,0.41304347826086957,46,0.6304347826086957,0.3695652173913043,-8.83,-0.19,9,0.1956521739130435,29,-4.74,-0.16,13,0.4482758620689655,17,-4.09,-0.24,6,0.35294117647058826,3,1.0,0.0,2.56,0.85,3,1.0,3,2.56,0.85,3,1.0,,,,,,5,3,2,14,10,3,-4.23,-0.3,0.35714285714285715,0.21428571428571427,0.14285714285714285,0.7142857142857143,0.21428571428571427,16,0.4,-7.38,-0.18,40,8,0.4,-5.68,-0.28,20,401416629,2022,8
189,Bowling Green Falcons,25,0.4032258064516129,12,0.48,13,0.35135135135135137,5,0.3333333333333333,3,0.21428571428571427,20,0.43478260869565216,46,0.3695652173913043,0.6304347826086957,-1.73,-0.04,13,0.2826086956521739,17,0.94,0.06,8,0.47058823529411764,29,-2.66,-0.09,12,0.41379310344827586,13,0.6153846153846154,0.38461538461538464,-0.19,-0.01,7,0.5384615384615384,8,5.85,0.73,5,0.625,5,-6.04,-1.21,2,0.4,5,4,1,16,8,8,2.9,0.18,0.3125,0.25,0.0625,0.5,0.5,20,0.5,2.56,0.06,40,5,0.22727272727272727,-1.39,-0.06,22,401416629,2022,8
2199,Eastern Michigan Eagles,36,0.46153846153846156,18,0.47368421052631576,18,0.45,3,0.5,9,0.5625,26,0.4406779661016949,59,0.4915254237288136,0.5084745762711864,3.05,0.05,13,0.22033898305084745,29,5.08,0.18,15,0.5172413793103449,30,-2.03,-0.07,11,0.36666666666666664,6,0.8333333333333334,0.16666666666666666,-1.27,-0.21,2,0.3333333333333333,5,-1.49,-0.3,1,0.2,1,0.22,0.22,1,1.0,10,3,7,19,9,10,2.61,0.14,0.5263157894736842,0.15789473684210525,0.3684210526315789,0.47368421052631576,0.5263157894736842,28,0.5283018867924528,7.37,0.14,53,8,0.32,-1.71,-0.07,25,401416624,2022,8
2050,Ball State Cardinals,26,0.43333333333333335,12,0.4444444444444444,14,0.42424242424242425,4,0.4444444444444444,6,0.46153846153846156,20,0.425531914893617,47,0.3404255319148936,0.6595744680851063,-11.74,-0.25,8,0.1702127659574468,16,-2.3,-0.14,8,0.5,31,-9.44,-0.3,12,0.3870967741935484,20,0.6,0.4,-10.99,-0.55,9,0.45,12,-11.96,-1.0,4,0.3333333333333333,8,0.97,0.12,5,0.625,6,4,2,13,11,2,-2.05,-0.16,0.46153846153846156,0.3076923076923077,0.15384615384615385,0.8461538461538461,0.15384615384615385,22,0.4583333333333333,-16.04,-0.33,48,4,0.3333333333333333,2.26,0.19,12,401416624,2022,8
2459,Northern Illinois Huskies,27,0.421875,6,0.35294117647058826,21,0.44680851063829785,3,0.42857142857142855,4,0.2857142857142857,21,0.45652173913043476,46,0.15217391304347827,0.8478260869565217,7.15,0.16,10,0.21739130434782608,7,-1.08,-0.15,2,0.2857142857142857,39,8.22,0.21,19,0.48717948717948717,8,0.125,0.875,1.1,0.14,4,0.5,1,-1.58,-1.58,0,0.0,7,2.68,0.38,4,0.5714285714285714,6,4,2,18,10,8,-3.58,-0.2,0.3333333333333333,0.2222222222222222,0.1111111111111111,0.5555555555555556,0.4444444444444444,20,0.43478260869565216,0.56,0.01,46,7,0.3888888888888889,3.01,0.17,18,401416625,2022,8
195,Ohio Bobcats,25,0.43103448275862066,12,0.42857142857142855,13,0.43333333333333335,3,0.375,9,0.6428571428571429,16,0.36363636363636365,44,0.45454545454545453,0.5454545454545454,0.75,0.02,10,0.22727272727272727,20,3.96,0.2,8,0.4,24,-3.21,-0.13,8,0.3333333333333333,2,0.5,0.5,-0.59,-0.29,1,0.5,1,-1.04,-1.04,0,0.0,1,0.45,0.45,1,1.0,9,4,5,14,8,6,10.14,0.72,0.6428571428571429,0.2857142857142857,0.35714285714285715,0.5714285714285714,0.42857142857142855,16,0.43243243243243246,6.78,0.18,37,9,0.42857142857142855,4.11,0.2,21,401416625,2022,8
2439,UNLV Rebels,21,0.3559322033898305,10,0.2857142857142857,11,0.4583333333333333,6,0.5,1,0.1,18,0.391304347826087,46,0.6521739130434783,0.34782608695652173,3.58,0.08,10,0.21739130434782608,30,-3.08,-0.1,10,0.3333333333333333,16,6.66,0.42,8,0.5,14,0.7857142857142857,0.21428571428571427,0.78,0.06,7,0.5,11,-2.7,-0.25,5,0.45454545454545453,3,3.48,1.16,2,0.6666666666666666,3,0,3,13,5,8,-4.94,-0.38,0.23076923076923078,0.0,0.23076923076923078,0.38461538461538464,0.6153846153846154,14,0.3684210526315789,3.07,0.08,38,7,0.3333333333333333,-4.43,-0.21,21,401404128,2022,8
87,Notre Dame Fighting Irish,37,0.5068493150684932,10,0.37037037037037035,27,0.5869565217391305,11,0.5789473684210527,9,0.5294117647058824,28,0.509090909090909,55,0.3090909090909091,0.6909090909090909,3.51,0.06,11,0.2,17,6.89,0.41,9,0.5294117647058824,38,-3.38,-0.09,19,0.5,12,0.5,0.5,-2.18,-0.18,6,0.5,6,-3.59,-0.6,2,0.3333333333333333,6,1.4,0.23,4,0.6666666666666666,9,1,8,18,10,8,-3.73,-0.21,0.5,0.05555555555555555,0.4444444444444444,0.5555555555555556,0.4444444444444444,32,0.5614035087719298,4.6,0.08,57,5,0.3125,-4.82,-0.3,16,401404128,2022,8
2641,Texas Tech Red Raiders,45,0.45918367346938777,23,0.46938775510204084,22,0.4489795918367347,7,0.4666666666666667,9,0.45,31,0.4305555555555556,72,0.4861111111111111,0.5138888888888888,4.1,0.06,15,0.20833333333333334,35,7.57,0.22,17,0.4857142857142857,37,-3.47,-0.09,14,0.3783783783783784,10,0.3,0.7,3.36,0.34,4,0.4,3,2.89,0.96,1,0.3333333333333333,7,0.46,0.07,3,0.42857142857142855,14,6,8,26,14,12,12.29,0.47,0.5384615384615384,0.23076923076923078,0.3076923076923077,0.5384615384615384,0.46153846153846156,32,0.48484848484848486,13.66,0.21,66,13,0.40625,2.73,0.09,32,401404099,2022,8
277,West Virginia Mountaineers,28,0.42424242424242425,17,0.4146341463414634,11,0.44,1,0.5,4,0.2857142857142857,23,0.46,50,0.62,0.38,2.03,0.04,11,0.22,31,5.5,0.18,16,0.5161290322580645,19,-3.47,-0.18,7,0.3684210526315789,17,0.7058823529411765,0.29411764705882354,-5.75,-0.34,7,0.4117647058823529,12,-5.56,-0.46,5,0.4166666666666667,5,-0.19,-0.04,2,0.4,5,1,4,16,10,6,-7.82,-0.49,0.3125,0.0625,0.25,0.625,0.375,21,0.5,8.45,0.2,42,7,0.2916666666666667,-14.24,-0.59,24,401404099,2022,8
242,Rice Owls,33,0.4647887323943662,12,0.4444444444444444,21,0.4772727272727273,6,0.4,7,0.5384615384615384,23,0.42592592592592593,54,0.37037037037037035,0.6296296296296297,14.32,0.27,10,0.18518518518518517,20,11.32,0.57,9,0.45,34,3.0,0.09,14,0.4117647058823529,9,0.3333333333333333,0.6666666666666666,8.87,0.99,6,0.6666666666666666,3,4.73,1.58,3,1.0,6,4.14,0.69,3,0.5,10,3,7,17,7,10,6.96,0.41,0.5882352941176471,0.17647058823529413,0.4117647058823529,0.4117647058823529,0.5882352941176471,23,0.5111111111111111,9.57,0.21,45,10,0.38461538461538464,11.71,0.45,26,401426590,2022,8
2348,Louisiana Tech Bulldogs,31,0.41333333333333333,17,0.4146341463414634,14,0.4117647058823529,4,0.6666666666666666,5,0.29411764705882354,22,0.41509433962264153,53,0.5283018867924528,0.4716981132075472,-1.93,-0.04,4,0.07547169811320754,28,2.99,0.11,12,0.42857142857142855,25,-4.92,-0.2,10,0.4,16,0.4375,0.5625,2.39,0.15,9,0.5625,7,4.44,0.63,5,0.7142857142857143,9,-2.05,-0.23,4,0.4444444444444444,9,5,4,22,13,9,6.05,0.28,0.4090909090909091,0.22727272727272727,0.18181818181818182,0.5909090909090909,0.4090909090909091,21,0.44680851063829785,9.97,0.21,47,10,0.35714285714285715,-5.85,-0.21,28,401426590,2022,8
2335,Liberty Flames,41,0.5466666666666666,19,0.6551724137931034,22,0.4782608695652174,3,0.2727272727272727,7,0.5833333333333334,32,0.5245901639344263,61,0.4098360655737705,0.5901639344262295,14.5,0.24,18,0.29508196721311475,25,5.51,0.22,15,0.6,36,9.0,0.25,17,0.4722222222222222,18,0.4444444444444444,0.5555555555555556,5.22,0.29,9,0.5,8,2.77,0.35,4,0.5,10,2.45,0.25,5,0.5,9,4,5,14,4,10,9.71,0.69,0.6428571428571429,0.2857142857142857,0.35714285714285715,0.2857142857142857,0.7142857142857143,32,0.5517241379310345,17.52,0.3,58,9,0.5294117647058824,6.69,0.39,17,401404163,2022,8
252,BYU Cougars,17,0.34,10,0.2777777777777778,7,0.5,1,1.0,3,0.2727272727272727,14,0.3888888888888889,36,0.7222222222222222,0.2777777777777778,-2.68,-0.07,7,0.19444444444444445,26,-4.51,-0.17,8,0.3076923076923077,10,1.83,0.18,6,0.6,1,1.0,0.0,-2.31,-2.31,0,0.0,1,-2.31,-2.31,0,0.0,,,,,,3,2,1,14,10,4,-5.52,-0.39,0.21428571428571427,0.14285714285714285,0.07142857142857142,0.7142857142857143,0.2857142857142857,10,0.35714285714285715,-6.2,-0.22,28,7,0.3181818181818182,-2.0,-0.09,22,401404163,2022,8
275,Wisconsin Badgers,23,0.4791666666666667,11,0.5,12,0.46153846153846156,2,0.4,2,0.2857142857142857,21,0.5121951219512195,41,0.43902439024390244,0.5609756097560976,14.15,0.35,11,0.2682926829268293,18,9.0,0.5,10,0.5555555555555556,23,5.15,0.22,11,0.4782608695652174,14,0.5714285714285714,0.42857142857142855,-0.35,-0.02,5,0.35714285714285715,8,-1.52,-0.19,3,0.375,6,1.18,0.2,2,0.3333333333333333,2,1,1,7,4,3,-3.42,-0.49,0.2857142857142857,0.14285714285714285,0.14285714285714285,0.5714285714285714,0.42857142857142855,19,0.5757575757575758,11.11,0.34,33,4,0.26666666666666666,-0.39,-0.03,15,401405117,2022,8
2509,Purdue Boilermakers,35,0.4605263157894737,22,0.46808510638297873,13,0.4482758620689655,5,0.3125,6,0.375,26,0.45614035087719296,57,0.5614035087719298,0.43859649122807015,8.6,0.15,12,0.21052631578947367,32,6.53,0.2,16,0.5,25,2.06,0.08,10,0.4,8,0.625,0.375,-6.07,-0.76,1,0.125,5,-6.0,-1.2,0,0.0,3,-0.07,-0.02,1,0.3333333333333333,9,6,3,19,15,4,-0.99,-0.05,0.47368421052631576,0.3157894736842105,0.15789473684210525,0.7894736842105263,0.21052631578947367,25,0.44642857142857145,5.74,0.1,56,10,0.5,1.86,0.09,20,401405117,2022,8
77,Northwestern Wildcats,34,0.4927536231884058,11,0.44,23,0.5227272727272727,6,0.5454545454545454,9,0.6428571428571429,25,0.46296296296296297,54,0.37037037037037035,0.6296296296296297,-8.84,-0.16,11,0.2037037037037037,20,-10.55,-0.53,9,0.45,34,1.72,0.05,16,0.47058823529411764,6,0.6666666666666666,0.3333333333333333,-9.0,-1.5,4,0.6666666666666666,4,-10.2,-2.55,2,0.5,2,1.2,0.6,2,1.0,9,2,7,15,5,10,4.01,0.27,0.6,0.13333333333333333,0.4666666666666667,0.3333333333333333,0.6666666666666666,29,0.5471698113207547,1.77,0.03,53,5,0.3125,-6.6,-0.41,16,401405118,2022,8
120,Maryland Terrapins,33,0.4342105263157895,11,0.34375,22,0.5,4,0.4,8,0.5333333333333333,24,0.4067796610169492,59,0.3898305084745763,0.6101694915254238,10.47,0.18,9,0.15254237288135594,23,1.33,0.06,8,0.34782608695652173,36,9.14,0.25,16,0.4444444444444444,13,0.6153846153846154,0.38461538461538464,1.35,0.1,7,0.5384615384615384,8,-2.4,-0.3,3,0.375,5,3.75,0.75,4,0.8,9,3,6,17,9,8,4.63,0.27,0.5294117647058824,0.17647058823529413,0.35294117647058826,0.5294117647058824,0.47058823529411764,28,0.5,16.98,0.3,56,5,0.25,-1.89,-0.09,20,401405118,2022,8
193,Miami (OH) RedHawks,7,0.3181818181818182,5,0.3333333333333333,2,0.2857142857142857,2,1.0,1,0.2,4,0.2857142857142857,14,0.6428571428571429,0.35714285714285715,-5.45,-0.39,5,0.35714285714285715,9,-1.01,-0.11,3,0.3333333333333333,5,-4.44,-0.89,1,0.2,7,0.42857142857142855,0.5714285714285714,-5.06,-0.72,0,0.0,3,-1.38,-0.46,0,0.0,4,-3.68,-0.92,0,0.0,3,2,1,8,6,2,1.66,0.21,0.375,0.25,0.125,0.75,0.25,3,0.3,-1.55,-0.15,10,4,0.3333333333333333,-2.24,-0.19,12,401416627,2022,8
2711,Western Michigan Broncos,6,0.21428571428571427,4,0.3076923076923077,2,0.13333333333333333,1,1.0,1,0.125,5,0.25,20,0.5,0.5,-4.99,-0.25,2,0.1,10,-3.56,-0.36,3,0.3,10,-1.43,-0.14,2,0.2,23,0.5652173913043478,0.43478260869565216,-7.49,-0.33,5,0.21739130434782608,13,-2.51,-0.19,4,0.3076923076923077,10,-4.98,-0.5,1,0.1,1,1,0,8,3,5,-3.84,-0.48,0.125,0.125,0.0,0.375,0.625,4,0.26666666666666666,-2.01,-0.13,15,2,0.15384615384615385,-6.82,-0.52,13,401416627,2022,8
256,James Madison Dukes,16,0.2222222222222222,8,0.1951219512195122,8,0.26666666666666666,1,0.25,1,0.058823529411764705,15,0.28846153846153844,52,0.5,0.5,-12.83,-0.25,8,0.15384615384615385,26,-8.78,-0.34,7,0.2692307692307692,26,-4.04,-0.16,8,0.3076923076923077,8,0.5,0.5,-8.14,-1.02,1,0.125,4,-8.02,-2.0,0,0.0,4,-0.12,-0.03,1,0.25,1,1,0,19,15,4,-26.57,-1.4,0.05263157894736842,0.05263157894736842,0.0,0.7894736842105263,0.21052631578947367,11,0.275,-18.82,-0.47,40,5,0.16129032258064516,-20.57,-0.66,31,401426355,2022,8
276,Marshall Thundering Herd,20,0.2702702702702703,8,0.23529411764705882,12,0.3,1,0.3333333333333333,3,0.16666666666666666,16,0.2962962962962963,54,0.5185185185185185,0.48148148148148145,-18.03,-0.33,5,0.09259259259259259,28,-14.61,-0.52,8,0.2857142857142857,26,-3.43,-0.13,8,0.3076923076923077,8,0.75,0.25,0.12,0.01,2,0.25,6,1.24,0.21,2,0.3333333333333333,2,-1.12,-0.56,0,0.0,4,0,4,20,6,14,-10.5,-0.52,0.2,0.0,0.2,0.3,0.7,11,0.28205128205128205,-14.8,-0.38,39,9,0.2571428571428571,-13.72,-0.39,35,401426355,2022,8
295,Old Dominion Monarchs,24,0.39344262295081966,14,0.35,10,0.47619047619047616,4,0.2857142857142857,2,0.2,21,0.44680851063829785,47,0.5957446808510638,0.40425531914893614,8.14,0.17,11,0.23404255319148937,28,2.32,0.08,11,0.39285714285714285,19,5.82,0.31,10,0.5263157894736842,6,1.0,0.0,3.87,0.65,4,0.6666666666666666,6,3.87,0.65,4,0.6666666666666666,,,,,,3,3,0,14,12,2,-8.03,-0.57,0.21428571428571427,0.21428571428571427,0.0,0.8571428571428571,0.14285714285714285,18,0.42857142857142855,5.2,0.12,42,6,0.3157894736842105,-5.09,-0.27,19,401426356,2022,8
290,Georgia Southern Eagles,38,0.5,14,0.5185185185185185,24,0.4897959183673469,3,0.75,8,0.5333333333333333,29,0.5,58,0.3103448275862069,0.6896551724137931,7.78,0.13,14,0.2413793103448276,18,2.4,0.13,8,0.4444444444444444,40,5.38,0.13,21,0.525,9,0.4444444444444444,0.5555555555555556,4.04,0.45,5,0.5555555555555556,4,0.72,0.18,1,0.25,5,3.32,0.66,4,0.8,9,6,3,18,9,9,1.91,0.11,0.5,0.3333333333333333,0.16666666666666666,0.5,0.5,33,0.515625,12.05,0.19,64,5,0.4166666666666667,-2.36,-0.2,12,401426356,2022,8
2429,Charlotte 49ers,29,0.4142857142857143,18,0.375,11,0.5,3,0.3,6,0.42857142857142855,22,0.4230769230769231,52,0.6730769230769231,0.3269230769230769,2.12,0.04,12,0.23076923076923078,35,1.72,0.05,15,0.42857142857142855,17,0.4,0.02,7,0.4117647058823529,8,0.75,0.25,-1.85,-0.23,4,0.5,6,-2.94,-0.49,2,0.3333333333333333,2,1.09,0.54,2,1.0,7,3,4,18,13,5,-8.11,-0.45,0.3888888888888889,0.16666666666666666,0.2222222222222222,0.7222222222222222,0.2777777777777778,24,0.5106382978723404,13.25,0.28,47,5,0.21739130434782608,-19.24,-0.84,23,401426588,2022,8
2229,Florida International Panthers,35,0.49295774647887325,19,0.59375,16,0.41025641025641024,12,0.5454545454545454,6,0.5,28,0.5,56,0.4107142857142857,0.5892857142857143,6.48,0.12,14,0.25,23,9.49,0.41,16,0.6956521739130435,33,-3.01,-0.09,12,0.36363636363636365,14,0.35714285714285715,0.6428571428571429,-0.52,-0.04,6,0.42857142857142855,5,-0.24,-0.05,2,0.4,9,-0.28,-0.03,4,0.4444444444444444,7,3,4,15,9,6,-3.0,-0.2,0.4666666666666667,0.2,0.26666666666666666,0.6,0.4,30,0.5454545454545454,2.71,0.05,55,5,0.3125,0.77,0.05,16,401426588,2022,8
2636,UTSA Roadrunners,47,0.5164835164835165,17,0.3953488372093023,30,0.625,8,0.47058823529411764,10,0.5555555555555556,35,0.5,70,0.4714285714285714,0.5285714285714286,6.6,0.09,17,0.24285714285714285,33,-0.4,-0.01,13,0.3939393939393939,37,7.0,0.19,22,0.5945945945945946,16,0.5,0.5,4.46,0.28,9,0.5625,8,1.15,0.14,3,0.375,8,3.3,0.41,6,0.75,12,4,8,21,10,11,7.99,0.38,0.5714285714285714,0.19047619047619047,0.38095238095238093,0.47619047619047616,0.5238095238095238,39,0.5735294117647058,18.47,0.27,68,8,0.34782608695652173,-3.88,-0.17,23,401426591,2022,8
249,North Texas Mean Green,15,0.29411764705882354,13,0.40625,2,0.10526315789473684,3,0.75,7,0.5,8,0.21621621621621623,37,0.5135135135135135,0.4864864864864865,-3.58,-0.1,5,0.13513513513513514,19,6.9,0.36,7,0.3684210526315789,18,-10.48,-0.58,1,0.05555555555555555,7,0.5714285714285714,0.42857142857142855,-5.03,-0.72,1,0.14285714285714285,4,-3.8,-0.95,1,0.25,3,-1.24,-0.41,0,0.0,7,6,1,14,13,1,7.38,0.53,0.5,0.42857142857142855,0.07142857142857142,0.9285714285714286,0.07142857142857142,10,0.3333333333333333,1.65,0.05,30,5,0.23809523809523808,2.16,0.1,21,401426591,2022,8
238,Vanderbilt Commodores,22,0.30985915492957744,15,0.3333333333333333,7,0.2692307692307692,1,0.2,8,0.4444444444444444,12,0.24489795918367346,49,0.6326530612244898,0.3673469387755102,-16.6,-0.34,5,0.10204081632653061,31,-7.07,-0.23,9,0.2903225806451613,18,-9.53,-0.53,3,0.16666666666666666,12,0.5,0.5,-5.12,-0.43,4,0.3333333333333333,6,-3.63,-0.61,3,0.5,6,-1.49,-0.25,1,0.16666666666666666,10,6,4,22,14,8,1.22,0.06,0.45454545454545453,0.2727272727272727,0.18181818181818182,0.6363636363636364,0.36363636363636365,13,0.325,-9.21,-0.23,40,9,0.2903225806451613,-6.18,-0.2,31,401403924,2022,8
142,Missouri Tigers,25,0.3968253968253968,14,0.5185185185185185,11,0.3142857142857143,1,0.5,8,0.5714285714285714,17,0.3469387755102041,49,0.3877551020408163,0.6122448979591837,-10.83,-0.22,9,0.1836734693877551,19,-1.27,-0.07,9,0.47368421052631576,30,-9.57,-0.32,8,0.26666666666666666,10,0.9,0.1,2.25,0.23,7,0.7,9,1.99,0.22,6,0.6666666666666666,1,0.27,0.27,1,1.0,8,5,3,14,8,5,-3.39,-0.24,0.5714285714285714,0.35714285714285715,0.21428571428571427,0.5714285714285714,0.35714285714285715,17,0.4146341463414634,-4.84,-0.12,41,8,0.36363636363636365,-9.38,-0.43,22,401403924,2022,8
24,Stanford Cardinal,33,0.4125,24,0.4,9,0.45,0,0.0,8,0.47058823529411764,25,0.4032258064516129,62,0.7096774193548387,0.2903225806451613,1.0,0.02,16,0.25806451612903225,44,0.29,0.01,18,0.4090909090909091,18,0.71,0.04,7,0.3888888888888889,13,0.8461538461538461,0.15384615384615385,-1.47,-0.11,6,0.46153846153846156,11,-2.72,-0.25,4,0.36363636363636365,2,1.25,0.63,2,1.0,8,6,2,18,16,2,-6.79,-0.38,0.4444444444444444,0.3333333333333333,0.1111111111111111,0.8888888888888888,0.1111111111111111,24,0.47058823529411764,5.46,0.11,51,9,0.3103448275862069,-11.25,-0.39,29,401404018,2022,8
9,Arizona State Sun Devils,24,0.4,10,0.3333333333333333,14,0.4666666666666667,1,1.0,5,0.38461538461538464,18,0.4,45,0.4,0.6,-2.08,-0.05,9,0.2,18,-2.83,-0.16,5,0.2777777777777778,27,0.75,0.03,13,0.48148148148148145,7,0.42857142857142855,0.5714285714285714,-1.81,-0.26,3,0.42857142857142855,3,-2.39,-0.8,1,0.3333333333333333,4,0.57,0.14,2,0.5,6,5,1,15,12,3,0.58,0.04,0.4,0.3333333333333333,0.06666666666666667,0.8,0.2,18,0.46153846153846156,-2.76,-0.07,39,6,0.2857142857142857,1.25,0.06,21,401404018,2022,8
62,Hawai'i Rainbow Warriors,21,0.4117647058823529,15,0.5,6,0.2857142857142857,5,0.4166666666666667,5,0.4166666666666667,16,0.41025641025641024,39,0.5384615384615384,0.46153846153846156,-1.03,-0.03,10,0.2564102564102564,21,3.31,0.16,12,0.5714285714285714,18,-4.34,-0.24,4,0.2222222222222222,9,0.7777777777777778,0.2222222222222222,1.66,0.18,4,0.4444444444444444,7,-0.24,-0.03,2,0.2857142857142857,2,1.91,0.95,2,1.0,5,3,2,12,9,3,-3.68,-0.31,0.4166666666666667,0.25,0.16666666666666666,0.75,0.25,19,0.5588235294117647,6.33,0.19,34,2,0.11764705882352941,-11.04,-0.65,17,401415242,2022,8
36,Colorado State Rams,26,0.4126984126984127,11,0.4583333333333333,15,0.38461538461538464,6,0.35294117647058826,3,0.25,20,0.4444444444444444,45,0.28888888888888886,0.7111111111111111,7.9,0.18,13,0.28888888888888886,13,4.86,0.37,7,0.5384615384615384,32,3.04,0.09,13,0.40625,12,0.25,0.75,-2.34,-0.2,5,0.4166666666666667,3,1.69,0.56,2,0.6666666666666666,9,-4.04,-0.45,3,0.3333333333333333,6,4,2,18,11,7,-3.72,-0.21,0.3333333333333333,0.2222222222222222,0.1111111111111111,0.6111111111111112,0.3888888888888889,19,0.4418604651162791,4.29,0.1,43,7,0.35,-0.11,-0.01,20,401415242,2022,8
2638,UTEP Miners,29,0.43283582089552236,13,0.4642857142857143,16,0.41025641025641024,4,0.4,7,0.5384615384615384,22,0.4074074074074074,54,0.37037037037037035,0.6296296296296297,-2.36,-0.04,11,0.2037037037037037,20,-6.18,-0.31,10,0.5,34,3.83,0.11,12,0.35294117647058826,11,0.8181818181818182,0.18181818181818182,-1.17,-0.11,3,0.2727272727272727,9,-2.61,-0.29,2,0.2222222222222222,2,1.44,0.72,1,0.5,7,3,4,13,8,5,6.66,0.51,0.5384615384615384,0.23076923076923078,0.3076923076923077,0.6153846153846154,0.38461538461538464,19,0.4634146341463415,5.67,0.14,41,10,0.38461538461538464,-1.37,-0.05,26,401426589,2022,8
2226,Florida Atlantic Owls,27,0.46551724137931033,9,0.391304347826087,18,0.5142857142857142,1,0.25,4,0.36363636363636365,23,0.5,46,0.30434782608695654,0.6956521739130435,13.51,0.29,13,0.2826086956521739,14,6.74,0.48,7,0.5,32,6.76,0.21,16,0.5,8,0.125,0.875,1.78,0.22,4,0.5,1,-1.74,-1.74,0,0.0,7,3.52,0.5,4,0.5714285714285714,4,2,2,12,9,3,-14.45,-1.2,0.3333333333333333,0.16666666666666666,0.16666666666666666,0.75,0.25,20,0.45454545454545453,-7.38,-0.17,44,7,0.5,6.43,0.46,14,401426589,2022,8
309,Louisiana Ragin' Cajuns,40,0.46511627906976744,16,0.42105263157894735,24,0.5106382978723404,3,0.75,10,0.5555555555555556,29,0.43283582089552236,67,0.417910447761194,0.582089552238806,0.53,0.01,12,0.1791044776119403,28,2.86,0.1,11,0.39285714285714285,39,-2.33,-0.06,18,0.46153846153846156,13,0.38461538461538464,0.6153846153846154,10.45,0.8,8,0.6153846153846154,5,6.7,1.34,2,0.4,8,3.75,0.47,6,0.75,11,5,6,19,10,8,7.63,0.4,0.5789473684210527,0.2631578947368421,0.3157894736842105,0.5263157894736842,0.42105263157894735,28,0.509090909090909,11.36,0.21,55,12,0.3870967741935484,-3.19,-0.1,31,401426357,2022,8
2032,Arkansas State Red Wolves,17,0.32075471698113206,10,0.2857142857142857,7,0.3888888888888889,0,0.0,1,0.09090909090909091,16,0.38095238095238093,42,0.5952380952380952,0.40476190476190477,3.69,0.09,10,0.23809523809523808,25,2.2,0.09,9,0.36,17,1.49,0.09,7,0.4117647058823529,8,0.625,0.375,-1.06,-0.13,3,0.375,5,-0.88,-0.18,2,0.4,3,-0.18,-0.06,1,0.3333333333333333,1,1,0,11,10,1,-10.21,-0.93,0.09090909090909091,0.09090909090909091,0.0,0.9090909090909091,0.09090909090909091,14,0.4375,5.12,0.16,32,3,0.14285714285714285,-11.64,-0.55,21,401426357,2022,8
326,Texas State Bobcats,17,0.2833333333333333,15,0.3409090909090909,2,0.125,2,0.5,2,0.15384615384615385,15,0.3333333333333333,45,0.7555555555555555,0.24444444444444444,-7.24,-0.16,8,0.17777777777777778,34,-2.8,-0.08,13,0.38235294117647056,11,-4.43,-0.4,2,0.18181818181818182,6,0.5,0.5,1.31,0.22,2,0.3333333333333333,3,2.21,0.74,2,0.6666666666666666,3,-0.9,-0.3,0,0.0,2,2,0,15,10,5,-8.07,-0.54,0.13333333333333333,0.13333333333333333,0.0,0.6666666666666666,0.3333333333333333,9,0.2571428571428571,-13.81,-0.39,35,8,0.32,-1.5,-0.06,25,401426358,2022,8
2572,Southern Miss Golden Eagles,29,0.3918918918918919,13,0.4482758620689655,16,0.35555555555555557,1,0.5,7,0.3684210526315789,21,0.3888888888888889,54,0.3148148148148148,0.6851851851851852,-11.08,-0.21,8,0.14814814814814814,17,-5.04,-0.3,8,0.47058823529411764,37,-6.04,-0.16,13,0.35135135135135137,17,0.4117647058823529,0.5882352941176471,-1.38,-0.08,8,0.47058823529411764,7,1.6,0.23,5,0.7142857142857143,10,-2.98,-0.3,3,0.3,8,5,3,20,12,8,-3.65,-0.18,0.4,0.25,0.15,0.6,0.4,21,0.42857142857142855,-6.24,-0.13,49,8,0.32,-8.48,-0.34,25,401426358,2022,8
167,New Mexico Lobos,12,0.2727272727272727,3,0.15,9,0.375,2,0.2222222222222222,2,0.16666666666666666,10,0.3125,32,0.4375,0.5625,-8.46,-0.26,6,0.1875,14,-5.11,-0.36,3,0.21428571428571427,18,-3.35,-0.19,7,0.3888888888888889,7,0.0,1.0,-2.33,-0.33,2,0.2857142857142857,,,,,,7,-2.33,-0.33,2,0.2857142857142857,2,0,2,12,6,6,-9.31,-0.78,0.16666666666666666,0.0,0.16666666666666666,0.5,0.5,8,0.32,-10.07,-0.4,25,4,0.21052631578947367,-7.7,-0.41,19,401415243,2022,8
278,Fresno State Bulldogs,37,0.5285714285714286,11,0.4583333333333333,26,0.5777777777777777,6,0.6,9,0.6,28,0.509090909090909,55,0.3090909090909091,0.6727272727272727,7.92,0.14,10,0.18181818181818182,17,3.08,0.18,7,0.4117647058823529,37,5.62,0.15,21,0.5675675675675675,2,0.5,0.5,5.26,2.63,2,1.0,1,5.12,5.12,1,1.0,1,0.14,0.14,1,1.0,9,4,5,15,7,8,2.43,0.16,0.6,0.26666666666666666,0.3333333333333333,0.4666666666666667,0.5333333333333333,33,0.5892857142857143,18.43,0.33,56,4,0.2857142857142857,-8.08,-0.58,14,401415243,2022,8
2005,Air Force Falcons,23,0.3898305084745763,5,0.45454545454545453,18,0.375,6,0.6,6,0.42857142857142855,17,0.38636363636363635,44,0.1590909090909091,0.8409090909090909,-1.6,-0.04,7,0.1590909090909091,7,5.53,0.79,4,0.5714285714285714,37,-7.13,-0.19,13,0.35135135135135137,10,0.2,0.8,0.05,0.0,4,0.4,2,-0.64,-0.32,1,0.5,8,0.69,0.09,3,0.375,6,1,5,15,4,11,-2.21,-0.15,0.4,0.06666666666666667,0.3333333333333333,0.26666666666666666,0.7333333333333333,18,0.45,1.4,0.04,40,5,0.2631578947368421,-5.2,-0.27,19,401415241,2022,8
68,Boise State Broncos,28,0.4745762711864407,13,0.5652173913043478,15,0.4166666666666667,4,0.4444444444444444,5,0.4166666666666667,22,0.4782608695652174,46,0.32608695652173914,0.6739130434782609,1.85,0.04,10,0.21739130434782608,15,6.33,0.42,10,0.6666666666666666,31,-4.48,-0.14,12,0.3870967741935484,6,0.3333333333333333,0.6666666666666666,1.24,0.21,3,0.5,2,2.64,1.32,2,1.0,4,-1.39,-0.35,1,0.25,6,3,3,13,8,5,2.34,0.18,0.46153846153846156,0.23076923076923078,0.23076923076923078,0.6153846153846154,0.38461538461538464,18,0.43902439024390244,-0.62,-0.02,41,10,0.5555555555555556,4.81,0.27,18,401415241,2022,8
245,Texas A&M Aggies,33,0.4342105263157895,19,0.3958333333333333,14,0.5,5,0.5555555555555556,5,0.35714285714285715,28,0.45901639344262296,61,0.5901639344262295,0.4098360655737705,-16.95,-0.28,15,0.2459016393442623,36,-10.9,-0.3,16,0.4444444444444444,25,-6.04,-0.24,12,0.48,9,0.8888888888888888,0.1111111111111111,3.83,0.43,5,0.5555555555555556,8,3.68,0.46,4,0.5,1,0.15,0.15,1,1.0,5,3,2,15,12,3,0.25,0.02,0.3333333333333333,0.2,0.13333333333333333,0.8,0.2,25,0.5,-10.09,-0.2,50,8,0.3076923076923077,-6.61,-0.25,26,401403925,2022,8
2579,South Carolina Gamecocks,22,0.3728813559322034,9,0.34615384615384615,13,0.3939393939393939,7,0.4666666666666667,8,0.5333333333333333,14,0.32558139534883723,43,0.3953488372093023,0.6046511627906976,-17.36,-0.4,4,0.09302325581395349,17,-9.17,-0.54,5,0.29411764705882354,26,-8.18,-0.31,9,0.34615384615384615,15,0.8,0.2,-0.81,-0.05,5,0.3333333333333333,12,2.54,0.21,5,0.4166666666666667,3,-3.35,-1.12,0,0.0,8,4,4,16,9,7,0.38,0.02,0.5,0.25,0.25,0.5625,0.4375,15,0.38461538461538464,-15.98,-0.41,39,7,0.35,-1.0,-0.05,20,401403925,2022,8
151,East Carolina Pirates,34,0.5074626865671642,20,0.5405405405405406,14,0.4666666666666667,6,0.35294117647058826,10,0.7142857142857143,23,0.4423076923076923,52,0.4807692307692308,0.5192307692307693,7.69,0.15,11,0.21153846153846154,25,7.08,0.28,12,0.48,27,0.61,0.02,11,0.4074074074074074,7,0.8571428571428571,0.14285714285714285,6.81,0.97,3,0.42857142857142855,6,7.02,1.17,3,0.5,1,-0.2,-0.2,0,0.0,11,8,3,15,12,3,14.98,1.0,0.7333333333333333,0.5333333333333333,0.2,0.8,0.2,26,0.5531914893617021,20.44,0.43,47,8,0.4,2.23,0.11,20,401415642,2022,8
2116,UCF Knights,36,0.5294117647058824,22,0.5365853658536586,14,0.5185185185185185,1,0.16666666666666666,6,0.5,28,0.5283018867924528,53,0.6226415094339622,0.37735849056603776,-3.73,-0.07,16,0.3018867924528302,33,1.24,0.04,20,0.6060606060606061,20,-4.97,-0.25,8,0.4,15,0.5333333333333333,0.4666666666666667,7.08,0.47,9,0.6,8,5.81,0.73,6,0.75,7,1.27,0.18,3,0.42857142857142855,8,2,6,15,8,7,7.5,0.5,0.5333333333333333,0.13333333333333333,0.4,0.5333333333333333,0.4666666666666667,29,0.5686274509803921,11.52,0.23,51,7,0.4117647058823529,-7.75,-0.46,17,401415642,2022,8
204,Oregon State Beavers,36,0.5625,11,0.4782608695652174,25,0.6097560975609756,8,0.6666666666666666,6,0.5454545454545454,29,0.5686274509803921,51,0.39215686274509803,0.6078431372549019,9.15,0.18,14,0.27450980392156865,20,7.15,0.36,10,0.5,31,2.01,0.06,19,0.6129032258064516,8,0.5,0.5,6.76,0.84,5,0.625,4,6.1,1.53,3,0.75,4,0.65,0.16,2,0.5,7,1,6,13,3,10,4.44,0.34,0.5384615384615384,0.07692307692307693,0.46153846153846156,0.23076923076923078,0.7692307692307693,25,0.5319148936170213,4.13,0.09,47,11,0.6470588235294118,9.46,0.56,17,401404020,2022,8
38,Colorado Buffaloes,20,0.3508771929824561,10,0.3333333333333333,10,0.37037037037037035,2,0.16666666666666666,2,0.18181818181818182,18,0.4090909090909091,44,0.4772727272727273,0.5227272727272727,-5.73,-0.13,11,0.25,21,3.92,0.19,10,0.47619047619047616,23,-9.66,-0.42,8,0.34782608695652173,11,0.8181818181818182,0.18181818181818182,-8.94,-0.81,2,0.18181818181818182,9,-7.94,-0.88,1,0.1111111111111111,2,-1.0,-0.5,1,0.5,2,0,2,13,9,4,-14.48,-1.11,0.15384615384615385,0.0,0.15384615384615385,0.6923076923076923,0.3076923076923077,15,0.40540540540540543,-7.72,-0.21,37,5,0.25,-12.5,-0.62,20,401404020,2022,8
97,Louisville Cardinals,19,0.34545454545454546,11,0.3793103448275862,8,0.3076923076923077,1,0.5,5,0.4166666666666667,14,0.34146341463414637,41,0.4146341463414634,0.5853658536585366,-2.39,-0.06,7,0.17073170731707318,17,-1.57,-0.09,7,0.4117647058823529,24,-0.82,-0.03,7,0.2916666666666667,13,0.6923076923076923,0.3076923076923077,-7.05,-0.54,2,0.15384615384615385,9,-6.05,-0.67,1,0.1111111111111111,4,-1.0,-0.25,1,0.25,5,4,1,14,12,2,-2.67,-0.19,0.35714285714285715,0.2857142857142857,0.07142857142857142,0.8571428571428571,0.14285714285714285,9,0.2903225806451613,-8.72,-0.28,31,10,0.4166666666666667,3.67,0.15,24,401411143,2022,8
221,Pittsburgh Panthers,24,0.36923076923076925,10,0.3333333333333333,14,0.4117647058823529,1,0.3333333333333333,4,0.36363636363636365,20,0.38461538461538464,52,0.40384615384615385,0.5769230769230769,-16.65,-0.32,12,0.23076923076923078,21,-5.53,-0.26,8,0.38095238095238093,30,-1.69,-0.06,12,0.4,11,0.2727272727272727,0.7272727272727273,-7.5,-0.68,4,0.36363636363636365,3,-7.26,-2.42,0,0.0,8,-0.24,-0.03,4,0.5,4,2,2,13,9,4,-8.89,-0.68,0.3076923076923077,0.15384615384615385,0.15384615384615385,0.6923076923076923,0.3076923076923077,18,0.4186046511627907,-17.8,-0.41,43,6,0.2727272727272727,-7.74,-0.35,22,401411143,2022,8
328,Utah State Aggies,20,0.3225806451612903,9,0.28125,11,0.36666666666666664,2,0.4,5,0.3333333333333333,14,0.3111111111111111,45,0.4444444444444444,0.5555555555555556,-7.81,-0.17,6,0.13333333333333333,20,-7.66,-0.38,5,0.25,25,-0.15,-0.01,9,0.36,7,0.7142857142857143,0.2857142857142857,-1.62,-0.23,2,0.2857142857142857,5,-3.31,-0.66,1,0.2,2,1.69,0.84,1,0.5,6,4,2,17,12,5,-2.26,-0.13,0.35294117647058826,0.23529411764705882,0.11764705882352941,0.7058823529411765,0.29411764705882354,13,0.34210526315789475,-5.58,-0.15,38,7,0.2916666666666667,-4.49,-0.19,24,401415244,2022,8
2751,Wyoming Cowboys,41,0.5466666666666666,12,0.42857142857142855,29,0.6170212765957447,3,0.6,7,0.5,34,0.5573770491803278,61,0.32786885245901637,0.6721311475409836,11.78,0.19,21,0.3442622950819672,20,2.63,0.13,10,0.5,41,9.15,0.22,24,0.5853658536585366,16,0.4375,0.5625,-0.06,-0.0,9,0.5625,7,0.48,0.07,4,0.5714285714285714,9,-0.54,-0.06,5,0.5555555555555556,7,2,5,14,8,6,4.61,0.33,0.5,0.14285714285714285,0.35714285714285715,0.5714285714285714,0.42857142857142855,33,0.6226415094339622,18.27,0.34,53,8,0.36363636363636365,-1.88,-0.09,22,401415244,2022,8
25,California Golden Bears,28,0.4307692307692308,17,0.4358974358974359,11,0.4230769230769231,6,0.6,7,0.4666666666666667,19,0.40425531914893614,47,0.48936170212765956,0.5106382978723404,-1.68,-0.04,9,0.19148936170212766,23,1.92,0.08,10,0.43478260869565216,24,-3.61,-0.15,9,0.375,21,0.5238095238095238,0.47619047619047616,3.21,0.15,11,0.5238095238095238,11,3.19,0.29,6,0.5454545454545454,10,0.02,0.0,5,0.5,9,7,2,18,16,2,9.63,0.53,0.5,0.3888888888888889,0.1111111111111111,0.8888888888888888,0.1111111111111111,18,0.46153846153846156,1.59,0.04,39,10,0.38461538461538464,6.35,0.24,26,401404019,2022,8
264,Washington Huskies,48,0.5853658536585366,32,0.6037735849056604,16,0.5517241379310345,3,0.42857142857142855,10,0.5882352941176471,38,0.59375,64,0.640625,0.359375,9.88,0.15,17,0.265625,41,6.49,0.16,26,0.6341463414634146,23,3.39,0.15,12,0.5217391304347826,8,1.0,0.0,1.24,0.16,5,0.625,8,1.24,0.16,5,0.625,,,,,,10,6,4,18,12,6,11.72,0.65,0.5555555555555556,0.3333333333333333,0.2222222222222222,0.6666666666666666,0.3333333333333333,43,0.671875,17.74,0.28,64,5,0.2777777777777778,3.86,0.21,18,401404019,2022,8
2440,Nevada Wolf Pack,17,0.288135593220339,13,0.3023255813953488,4,0.26666666666666666,0,0.0,3,0.25,13,0.28888888888888886,45,0.6888888888888889,0.28888888888888886,-19.31,-0.43,6,0.13333333333333333,31,-6.77,-0.22,10,0.3225806451612903,13,-5.33,-0.41,3,0.23076923076923078,3,1.0,0.0,1.0,0.33,1,0.3333333333333333,3,1.0,0.33,1,0.3333333333333333,,,,,,4,3,1,14,12,2,-5.75,-0.41,0.2857142857142857,0.21428571428571427,0.07142857142857142,0.8571428571428571,0.14285714285714285,10,0.30303030303030304,-6.72,-0.2,33,7,0.2692307692307692,-18.35,-0.71,26,401415245,2022,8
21,San Diego State Aztecs,23,0.359375,10,0.37037037037037035,13,0.35135135135135137,4,0.36363636363636365,6,0.375,17,0.3541666666666667,48,0.375,0.625,-6.7,-0.14,9,0.1875,18,-3.79,-0.21,5,0.2777777777777778,30,-2.91,-0.1,12,0.4,12,0.6666666666666666,0.3333333333333333,-1.46,-0.12,3,0.25,8,-0.15,-0.02,2,0.25,4,-1.32,-0.33,1,0.25,6,5,1,16,9,7,2.21,0.14,0.375,0.3125,0.0625,0.5625,0.4375,16,0.4,-8.26,-0.21,40,7,0.2916666666666667,3.77,0.16,24,401415245,2022,8
254,Utah Utes,31,0.4492753623188406,12,0.42857142857142855,19,0.4634146341463415,7,0.7777777777777778,7,0.4666666666666667,23,0.4423076923076923,52,0.34615384615384615,0.6538461538461539,-7.09,-0.14,8,0.15384615384615385,18,-0.13,-0.01,7,0.3888888888888889,34,-6.96,-0.2,16,0.47058823529411764,12,0.5,0.5,-0.24,-0.02,4,0.3333333333333333,6,0.49,0.08,1,0.16666666666666666,6,-0.73,-0.12,3,0.5,8,5,3,17,10,7,6.75,0.4,0.47058823529411764,0.29411764705882354,0.17647058823529413,0.5882352941176471,0.4117647058823529,27,0.5294117647058824,3.51,0.07,51,4,0.2222222222222222,-3.86,-0.21,18,401404026,2022,9
265,Washington State Cougars,20,0.4,12,0.34285714285714286,8,0.5333333333333333,1,0.3333333333333333,3,0.3,17,0.4473684210526316,38,0.7631578947368421,0.23684210526315788,8.46,0.22,9,0.23684210526315788,29,7.02,0.24,12,0.41379310344827586,9,1.43,0.16,5,0.5555555555555556,10,0.7,0.3,0.92,0.09,5,0.5,7,2.28,0.33,4,0.5714285714285714,3,-1.37,-0.46,1,0.3333333333333333,3,0,3,12,6,6,-11.43,-0.95,0.25,0.0,0.25,0.5,0.5,15,0.45454545454545453,4.08,0.12,33,5,0.29411764705882354,-7.05,-0.41,17,401404026,2022,9
152,NC State Wolfpack,29,0.37662337662337664,18,0.4,11,0.34375,3,0.42857142857142855,9,0.47368421052631576,19,0.3333333333333333,57,0.5789473684210527,0.42105263157894735,-0.39,-0.01,9,0.15789473684210525,33,6.71,0.2,13,0.3939393939393939,24,-7.11,-0.3,6,0.25,15,0.6,0.4,2.35,0.16,6,0.4,9,2.84,0.32,3,0.3333333333333333,6,-0.49,-0.08,3,0.5,10,5,5,20,12,8,4.16,0.21,0.5,0.25,0.25,0.6,0.4,21,0.4375,7.02,0.15,48,8,0.27586206896551724,-3.25,-0.11,29,401411146,2022,9
259,Virginia Tech Hokies,16,0.3333333333333333,7,0.2692307692307692,9,0.4090909090909091,2,0.5,2,0.18181818181818182,14,0.3783783783783784,37,0.5675675675675675,0.43243243243243246,1.21,0.03,5,0.13513513513513514,21,4.51,0.21,7,0.3333333333333333,16,-3.31,-0.21,7,0.4375,9,0.5555555555555556,0.4444444444444444,2.82,0.31,6,0.6666666666666666,5,1.96,0.39,3,0.6,4,0.85,0.21,3,0.75,2,0,2,11,5,6,-4.86,-0.44,0.18181818181818182,0.0,0.18181818181818182,0.45454545454545453,0.5454545454545454,10,0.38461538461538464,-2.66,-0.1,26,6,0.2727272727272727,-0.99,-0.05,22,401411146,2022,9
2572,Southern Miss Golden Eagles,24,0.36923076923076925,6,0.3157894736842105,18,0.391304347826087,4,0.4,7,0.4375,17,0.3469387755102041,49,0.22448979591836735,0.7755102040816326,-12.08,-0.25,6,0.12244897959183673,11,-0.04,-0.0,3,0.2727272727272727,38,-12.04,-0.32,14,0.3684210526315789,14,0.14285714285714285,0.8571428571428571,-5.24,-0.37,3,0.21428571428571427,2,-1.31,-0.66,0,0.0,12,-3.92,-0.33,3,0.25,7,3,4,16,8,8,3.01,0.19,0.4375,0.1875,0.25,0.5,0.5,18,0.4186046511627907,-4.78,-0.11,43,6,0.2727272727272727,-4.28,-0.19,22,401426359,2022,9
309,Louisiana Ragin' Cajuns,29,0.38666666666666666,16,0.3333333333333333,12,0.46153846153846156,6,0.46153846153846156,4,0.3076923076923077,25,0.43859649122807015,57,0.5964912280701754,0.38596491228070173,-6.26,-0.11,11,0.19298245614035087,34,-2.38,-0.07,14,0.4117647058823529,22,-3.96,-0.18,10,0.45454545454545453,11,0.6363636363636364,0.36363636363636365,6.19,0.56,6,0.5454545454545454,7,9.79,1.4,4,0.5714285714285714,4,-3.59,-0.9,2,0.5,4,2,2,18,14,4,-20.0,-1.11,0.2222222222222222,0.1111111111111111,0.1111111111111111,0.7777777777777778,0.2222222222222222,21,0.4117647058823529,-20.62,-0.4,51,8,0.3333333333333333,-5.64,-0.24,24,401426359,2022,9
252,BYU Cougars,34,0.5074626865671642,13,0.52,21,0.5,3,0.375,7,0.5,27,0.5294117647058824,51,0.35294117647058826,0.6470588235294118,7.85,0.15,12,0.23529411764705882,18,3.66,0.2,10,0.5555555555555556,33,4.19,0.13,17,0.5151515151515151,11,0.45454545454545453,0.5454545454545454,0.74,0.07,7,0.6363636363636364,5,1.53,0.31,4,0.8,6,-0.79,-0.13,3,0.5,7,3,4,16,7,9,-4.18,-0.26,0.4375,0.1875,0.25,0.4375,0.5625,25,0.5102040816326531,-0.06,-0.0,49,9,0.5,3.72,0.21,18,401415645,2022,9
151,East Carolina Pirates,32,0.5517241379310345,12,0.5454545454545454,20,0.5555555555555556,7,0.5,2,0.25,30,0.6122448979591837,49,0.32653061224489793,0.673469387755102,20.32,0.41,16,0.32653061224489793,16,10.41,0.65,11,0.6875,33,9.91,0.3,19,0.5757575757575758,5,0.2,0.8,2.21,0.44,3,0.6,1,-0.1,-0.1,0,0.0,4,2.31,0.58,3,0.75,2,1,1,9,6,3,-5.92,-0.66,0.2222222222222222,0.1111111111111111,0.1111111111111111,0.6666666666666666,0.3333333333333333,28,0.5957446808510638,14.84,0.32,47,4,0.36363636363636365,-0.44,-0.04,11,401415645,2022,9
2229,Florida International Panthers,29,0.42028985507246375,21,0.45652173913043476,8,0.34782608695652173,2,0.4,7,0.5,22,0.4074074074074074,54,0.6111111111111112,0.3888888888888889,1.54,0.03,10,0.18518518518518517,33,8.37,0.25,16,0.48484848484848486,21,-6.83,-0.33,6,0.2857142857142857,13,0.46153846153846156,0.5384615384615384,-1.65,-0.13,5,0.38461538461538464,6,-0.68,-0.11,3,0.5,7,-0.97,-0.14,2,0.2857142857142857,7,5,2,15,13,2,-2.57,-0.17,0.4666666666666667,0.3333333333333333,0.13333333333333333,0.8666666666666667,0.13333333333333333,18,0.43902439024390244,7.78,0.19,41,11,0.39285714285714285,-8.81,-0.31,28,401426594,2022,9
2348,Louisiana Tech Bulldogs,38,0.48717948717948717,19,0.5,19,0.475,6,0.42857142857142855,10,0.5882352941176471,28,0.4666666666666667,60,0.43333333333333335,0.5666666666666667,2.14,0.04,11,0.18333333333333332,26,2.38,0.09,14,0.5384615384615384,34,-0.24,-0.01,14,0.4117647058823529,7,0.5714285714285714,0.42857142857142855,0.9,0.13,3,0.42857142857142855,4,2.01,0.5,2,0.5,3,-1.11,-0.37,1,0.3333333333333333,10,5,5,18,12,6,12.51,0.69,0.5555555555555556,0.2777777777777778,0.2777777777777778,0.6666666666666666,0.3333333333333333,29,0.5370370370370371,14.11,0.26,54,9,0.375,0.54,0.02,24,401426594,2022,9
61,Georgia Bulldogs,38,0.4935064935064935,17,0.4473684210526316,21,0.5384615384615384,5,0.625,6,0.5,30,0.4838709677419355,62,0.4838709677419355,0.5161290322580645,9.66,0.16,16,0.25806451612903225,30,9.02,0.3,14,0.4666666666666667,32,0.65,0.02,16,0.5,13,0.9230769230769231,0.07692307692307693,4.46,0.34,6,0.46153846153846156,12,3.57,0.3,5,0.4166666666666667,1,0.89,0.89,1,1.0,8,3,5,15,8,7,6.48,0.43,0.5333333333333333,0.2,0.3333333333333333,0.5333333333333333,0.4666666666666667,29,0.4915254237288136,9.56,0.16,59,9,0.5,6.58,0.37,18,401403928,2022,9
57,Florida Gators,21,0.29577464788732394,12,0.3,9,0.2903225806451613,2,0.15384615384615385,6,0.375,15,0.28846153846153844,52,0.5576923076923077,0.4423076923076923,-6.5,-0.13,11,0.21153846153846154,29,-5.66,-0.2,9,0.3103448275862069,23,-0.84,-0.04,6,0.2608695652173913,15,0.4,0.6,-2.1,-0.14,5,0.3333333333333333,6,-1.85,-0.31,2,0.3333333333333333,9,-0.25,-0.03,3,0.3333333333333333,6,3,3,19,11,8,-1.16,-0.06,0.3157894736842105,0.15789473684210525,0.15789473684210525,0.5789473684210527,0.42105263157894735,10,0.2702702702702703,-8.13,-0.22,37,11,0.3235294117647059,0.47,0.01,34,401403928,2022,9
194,Ohio State Buckeyes,27,0.4576271186440678,18,0.5,9,0.391304347826087,2,0.2857142857142857,4,0.3333333333333333,22,0.4782608695652174,46,0.5869565217391305,0.41304347826086957,13.53,0.29,13,0.2826086956521739,27,11.25,0.42,14,0.5185185185185185,19,2.28,0.12,8,0.42105263157894735,9,0.8888888888888888,0.1111111111111111,0.38,0.04,3,0.3333333333333333,8,0.46,0.06,3,0.375,1,-0.08,-0.08,0,0.0,5,4,1,13,9,4,3.24,0.25,0.38461538461538464,0.3076923076923077,0.07692307692307693,0.6923076923076923,0.3076923076923077,22,0.5641025641025641,20.12,0.52,39,5,0.25,-3.35,-0.17,20,401405126,2022,9
213,Penn State Nittany Lions,37,0.4625,23,0.46,14,0.4666666666666667,6,0.6,6,0.375,28,0.4666666666666667,60,0.6333333333333333,0.36666666666666664,-5.14,-0.09,13,0.21666666666666667,38,-4.63,-0.12,18,0.47368421052631576,22,-0.51,-0.02,10,0.45454545454545453,16,0.625,0.375,0.81,0.05,6,0.375,10,-1.87,-0.19,2,0.2,6,2.68,0.45,4,0.6666666666666666,9,5,4,20,12,8,0.88,0.04,0.45,0.25,0.2,0.6,0.4,32,0.5245901639344263,-0.54,-0.01,61,5,0.2631578947368421,-3.72,-0.2,19,401405126,2022,9
96,Kentucky Wildcats,20,0.3225806451612903,8,0.25806451612903225,12,0.3870967741935484,3,0.42857142857142855,3,0.23076923076923078,15,0.32608695652173914,46,0.391304347826087,0.6086956521739131,-6.75,-0.15,10,0.21739130434782608,18,-4.98,-0.28,5,0.2777777777777778,28,-1.77,-0.06,10,0.35714285714285715,8,0.75,0.25,-3.08,-0.39,1,0.125,6,-3.64,-0.61,0,0.0,2,0.56,0.28,1,0.5,5,3,2,16,13,3,-9.92,-0.62,0.3125,0.1875,0.125,0.8125,0.1875,14,0.3888888888888889,1.55,0.04,36,6,0.23076923076923078,-18.23,-0.7,26,401403930,2022,9
2633,Tennessee Volunteers,35,0.5384615384615384,17,0.6296296296296297,18,0.47368421052631576,10,0.5263157894736842,5,0.4166666666666667,28,0.5490196078431373,51,0.43137254901960786,0.5686274509803921,16.26,0.32,9,0.17647058823529413,22,13.05,0.59,15,0.6818181818181818,29,3.21,0.11,13,0.4482758620689655,9,0.5555555555555556,0.4444444444444444,4.36,0.48,6,0.6666666666666666,5,4.07,0.81,3,0.6,4,0.29,0.07,3,0.75,7,2,5,14,5,9,2.71,0.19,0.5,0.14285714285714285,0.35714285714285715,0.35714285714285715,0.6428571428571429,31,0.5849056603773585,23.55,0.44,53,4,0.3333333333333333,-4.58,-0.38,12,401403930,2022,9
130,Michigan Wolverines,41,0.5256410256410257,12,0.46153846153846156,29,0.5576923076923077,6,0.375,9,0.5625,31,0.5081967213114754,61,0.3114754098360656,0.6885245901639344,4.34,0.07,16,0.26229508196721313,19,-0.23,-0.01,10,0.5263157894736842,42,4.56,0.11,21,0.5,13,0.23076923076923078,0.7692307692307693,1.8,0.14,6,0.46153846153846156,3,-1.86,-0.62,1,0.3333333333333333,10,3.66,0.37,5,0.5,10,2,8,17,7,10,5.58,0.33,0.5882352941176471,0.11764705882352941,0.47058823529411764,0.4117647058823529,0.5882352941176471,36,0.5625,12.66,0.2,64,5,0.35714285714285715,-2.74,-0.2,14,401405125,2022,9
127,Michigan State Spartans,18,0.33962264150943394,11,0.34375,7,0.3333333333333333,0,0.0,2,0.18181818181818182,15,0.39473684210526316,38,0.5789473684210527,0.42105263157894735,-4.67,-0.12,7,0.18421052631578946,22,-2.85,-0.13,8,0.36363636363636365,16,-1.83,-0.11,7,0.4375,5,0.8,0.2,-0.62,-0.12,1,0.2,4,-0.78,-0.2,0,0.0,1,0.16,0.16,1,1.0,3,3,0,15,10,5,-7.62,-0.51,0.2,0.2,0.0,0.6666666666666666,0.3333333333333333,14,0.4117647058823529,-4.25,-0.12,34,4,0.21052631578947367,-8.04,-0.42,19,401405125,2022,9
277,West Virginia Mountaineers,36,0.45569620253164556,19,0.4523809523809524,17,0.4594594594594595,9,0.391304347826087,9,0.5294117647058824,25,0.423728813559322,59,0.5084745762711864,0.4915254237288136,4.0,0.07,13,0.22033898305084745,30,2.93,0.1,13,0.43333333333333335,29,1.08,0.04,12,0.41379310344827586,18,0.5,0.5,1.35,0.08,7,0.3888888888888889,9,4.15,0.46,4,0.4444444444444444,9,-2.8,-0.31,3,0.3333333333333333,11,6,5,20,12,8,5.76,0.29,0.55,0.3,0.25,0.6,0.4,27,0.47368421052631576,8.61,0.15,57,9,0.4090909090909091,1.15,0.05,22,401404103,2022,9
2628,TCU Horned Frogs,27,0.4909090909090909,13,0.4482758620689655,14,0.5384615384615384,3,0.5,6,0.5,19,0.4634146341463415,41,0.4878048780487805,0.5121951219512195,20.23,0.49,7,0.17073170731707318,20,9.98,0.5,7,0.35,21,10.25,0.49,12,0.5714285714285714,7,0.8571428571428571,0.14285714285714285,6.78,0.97,4,0.5714285714285714,6,2.7,0.45,3,0.5,1,4.08,4.08,1,1.0,8,6,2,14,9,5,6.95,0.5,0.5714285714285714,0.42857142857142855,0.14285714285714285,0.6428571428571429,0.35714285714285715,17,0.4594594594594595,13.58,0.37,37,10,0.5555555555555556,13.6,0.76,18,401404103,2022,9
2483,Oregon Ducks,46,0.6133333333333333,24,0.6857142857142857,22,0.55,11,0.4782608695652174,7,0.6363636363636364,38,0.6229508196721312,61,0.47540983606557374,0.5245901639344263,19.49,0.32,19,0.3114754098360656,29,18.05,0.62,22,0.7586206896551724,32,1.45,0.05,16,0.5,10,0.8,0.2,10.02,1.0,8,0.8,8,10.24,1.28,7,0.875,2,-0.22,-0.11,1,0.5,8,2,6,14,6,8,3.23,0.23,0.5714285714285714,0.14285714285714285,0.42857142857142855,0.42857142857142855,0.5714285714285714,43,0.671875,27.63,0.43,64,3,0.2727272727272727,-4.9,-0.45,11,401404024,2022,9
25,California Golden Bears,26,0.37142857142857144,17,0.3695652173913043,9,0.375,3,0.3,4,0.26666666666666666,20,0.37735849056603776,53,0.6037735849056604,0.39622641509433965,9.62,0.18,12,0.22641509433962265,32,9.96,0.31,13,0.40625,21,-0.35,-0.02,7,0.3333333333333333,14,0.42857142857142855,0.5714285714285714,-1.44,-0.1,4,0.2857142857142857,6,-3.8,-0.63,1,0.16666666666666666,8,2.36,0.3,3,0.375,6,4,2,17,14,3,-3.97,-0.23,0.35294117647058826,0.23529411764705882,0.11764705882352941,0.8235294117647058,0.17647058823529413,18,0.391304347826087,4.16,0.09,46,8,0.3333333333333333,1.49,0.06,24,401404024,2022,9
197,Oklahoma State Cowboys,15,0.24193548387096775,10,0.2777777777777778,5,0.19230769230769232,,,5,0.3333333333333333,9,0.20930232558139536,43,0.5348837209302325,0.46511627906976744,-19.07,-0.44,5,0.11627906976744186,23,-12.51,-0.54,6,0.2608695652173913,20,-6.57,-0.33,3,0.15,5,0.6,0.4,-1.49,-0.3,2,0.4,3,-0.79,-0.26,2,0.6666666666666666,2,-0.7,-0.35,0,0.0,6,4,2,19,13,6,-7.67,-0.4,0.3157894736842105,0.21052631578947367,0.10526315789473684,0.6842105263157895,0.3157894736842105,8,0.24242424242424243,-13.23,-0.4,33,7,0.2413793103448276,-13.52,-0.47,29,401404102,2022,9
2306,Kansas State Wildcats,28,0.3888888888888889,16,0.43243243243243246,12,0.34285714285714286,7,0.4375,6,0.42857142857142855,19,0.34545454545454546,55,0.41818181818181815,0.5818181818181818,8.28,0.15,12,0.21818181818181817,23,2.65,0.12,9,0.391304347826087,32,5.63,0.18,10,0.3125,13,0.5384615384615384,0.46153846153846156,6.48,0.5,5,0.38461538461538464,7,5.63,0.8,3,0.42857142857142855,6,0.85,0.14,2,0.3333333333333333,9,7,2,17,14,3,13.41,0.79,0.5294117647058824,0.4117647058823529,0.11764705882352941,0.8235294117647058,0.17647058823529413,15,0.32608695652173914,-0.08,-0.0,46,13,0.5,21.77,0.84,26,401404102,2022,9
154,Wake Forest Demon Deacons,38,0.4222222222222222,21,0.40384615384615385,17,0.4473684210526316,6,0.35294117647058826,8,0.5,29,0.4142857142857143,70,0.5285714285714286,0.4714285714285714,-25.66,-0.37,17,0.24285714285714285,37,-26.74,-0.72,14,0.3783783783783784,33,1.08,0.03,15,0.45454545454545453,17,0.5882352941176471,0.4117647058823529,-12.69,-0.75,7,0.4117647058823529,10,-13.76,-1.38,3,0.3,7,1.08,0.15,4,0.5714285714285714,9,7,2,20,15,5,-6.72,-0.34,0.45,0.35,0.1,0.75,0.25,30,0.5,3.16,0.05,60,8,0.26666666666666666,-35.55,-1.19,30,401411148,2022,9
97,Louisville Cardinals,32,0.5,14,0.5,18,0.5,3,0.3333333333333333,4,0.3333333333333333,28,0.56,50,0.38,0.62,14.08,0.28,13,0.26,19,6.67,0.35,11,0.5789473684210527,31,7.41,0.24,17,0.5483870967741935,10,0.5,0.5,-1.81,-0.18,3,0.3,5,-1.61,-0.32,1,0.2,5,-0.2,-0.04,2,0.4,4,3,1,14,9,5,-6.04,-0.43,0.2857142857142857,0.21428571428571427,0.07142857142857142,0.6428571428571429,0.35714285714285715,25,0.5555555555555556,8.99,0.2,45,7,0.3684210526315789,-0.95,-0.05,19,401411148,2022,9
12,Arizona Wildcats,34,0.4927536231884058,18,0.4,16,0.6666666666666666,4,0.2857142857142857,7,0.5384615384615384,26,0.48148148148148145,54,0.6111111111111112,0.3888888888888889,8.62,0.16,17,0.3148148148148148,33,-0.47,-0.01,12,0.36363636363636365,21,9.1,0.43,14,0.6666666666666666,14,0.7142857142857143,0.2857142857142857,0.56,0.04,4,0.2857142857142857,10,-0.78,-0.08,2,0.2,4,1.34,0.34,2,0.5,8,6,2,15,12,3,13.42,0.89,0.5333333333333333,0.4,0.13333333333333333,0.8,0.2,23,0.5,5.97,0.13,46,11,0.4782608695652174,16.08,0.7,23,401404022,2022,9
30,USC Trojans,45,0.5921052631578947,23,0.5111111111111111,22,0.7096774193548387,8,0.5714285714285714,11,0.6470588235294118,32,0.5614035087719298,57,0.5789473684210527,0.42105263157894735,18.51,0.32,11,0.19298245614035087,33,9.11,0.28,15,0.45454545454545453,24,9.4,0.39,17,0.7083333333333334,12,0.8333333333333334,0.16666666666666666,3.3,0.27,6,0.5,10,3.41,0.34,5,0.5,2,-0.12,-0.06,1,0.5,13,8,5,19,12,7,15.43,0.81,0.6842105263157895,0.42105263157894735,0.2631578947368421,0.631578947368421,0.3684210526315789,37,0.6379310344827587,24.23,0.42,58,8,0.4444444444444444,9.71,0.54,18,401404022,2022,9
24,Stanford Cardinal,27,0.4153846153846154,12,0.34285714285714286,15,0.5,2,0.2,4,0.3076923076923077,22,0.43137254901960786,51,0.49019607843137253,0.5098039215686274,-5.54,-0.11,12,0.23529411764705882,25,-10.3,-0.41,9,0.36,26,4.76,0.18,13,0.5,10,0.6,0.4,-2.09,-0.21,2,0.2,6,-0.57,-0.09,1,0.16666666666666666,4,-1.52,-0.38,1,0.25,5,3,2,14,10,4,0.97,0.07,0.35714285714285715,0.21428571428571427,0.14285714285714285,0.7142857142857143,0.2857142857142857,20,0.45454545454545453,-4.19,-0.1,44,7,0.3333333333333333,-0.38,-0.02,21,401404025,2022,9
26,UCLA Bruins,35,0.47297297297297297,13,0.40625,22,0.5238095238095238,3,0.2727272727272727,6,0.4,24,0.4444444444444444,54,0.4074074074074074,0.5925925925925926,14.01,0.26,14,0.25925925925925924,22,7.39,0.34,10,0.45454545454545453,32,6.62,0.21,14,0.4375,16,0.75,0.25,1.21,0.08,7,0.4375,12,-0.92,-0.08,4,0.3333333333333333,4,2.13,0.53,3,0.75,11,3,8,20,10,10,12.94,0.65,0.55,0.15,0.4,0.5,0.5,28,0.5384615384615384,25.16,0.48,52,7,0.3181818181818182,1.79,0.08,22,401404025,2022,9
245,Texas A&M Aggies,33,0.4520547945205479,22,0.4782608695652174,11,0.4074074074074074,6,0.5454545454545454,5,0.35714285714285715,27,0.4909090909090909,55,0.5636363636363636,0.43636363636363634,12.61,0.23,18,0.32727272727272727,31,11.29,0.36,16,0.5161290322580645,24,1.32,0.05,11,0.4583333333333333,12,0.6666666666666666,0.3333333333333333,-2.13,-0.18,5,0.4166666666666667,8,-0.97,-0.12,3,0.375,4,-1.16,-0.29,2,0.5,6,6,0,18,15,3,-1.68,-0.09,0.3333333333333333,0.3333333333333333,0.0,0.8333333333333334,0.16666666666666666,28,0.5283018867924528,14.88,0.28,53,5,0.25,-3.95,-0.2,20,401403931,2022,9
145,Ole Miss Rebels,34,0.4146341463414634,7,0.3333333333333333,27,0.4426229508196721,9,0.6,8,0.5,24,0.3870967741935484,62,0.1935483870967742,0.8064516129032258,8.11,0.13,15,0.24193548387096775,12,2.34,0.19,4,0.3333333333333333,50,5.77,0.12,20,0.4,8,0.25,0.75,-1.71,-0.21,1,0.125,2,-0.79,-0.4,0,0.0,6,-0.92,-0.15,1,0.16666666666666666,10,3,7,20,9,11,3.6,0.18,0.5,0.15,0.35,0.45,0.55,22,0.4074074074074074,4.49,0.08,54,12,0.42857142857142855,7.23,0.26,28,401403931,2022,9
183,Syracuse Orange,23,0.3770491803278688,14,0.35,9,0.42857142857142855,3,0.75,5,0.35714285714285715,18,0.4,45,0.6222222222222222,0.37777777777777777,-8.46,-0.19,8,0.17777777777777778,28,-6.38,-0.23,11,0.39285714285714285,17,-2.08,-0.12,7,0.4117647058823529,9,0.6666666666666666,0.3333333333333333,-7.71,-0.86,1,0.1111111111111111,6,-6.48,-1.08,0,0.0,3,-1.23,-0.41,1,0.3333333333333333,5,3,2,16,12,4,-6.07,-0.38,0.3125,0.1875,0.125,0.75,0.25,15,0.4411764705882353,-6.58,-0.19,34,8,0.2962962962962963,-7.94,-0.29,27,401404129,2022,9
87,Notre Dame Fighting Irish,37,0.5,10,0.5,27,0.5,10,0.625,6,0.4,30,0.5172413793103449,58,0.1896551724137931,0.8103448275862069,8.17,0.14,13,0.22413793103448276,11,4.33,0.39,8,0.7272727272727273,47,3.84,0.08,22,0.46808510638297873,17,0.47058823529411764,0.5294117647058824,1.55,0.09,8,0.47058823529411764,8,0.97,0.12,5,0.625,9,0.57,0.06,3,0.3333333333333333,7,2,5,16,9,7,-5.06,-0.32,0.4375,0.125,0.3125,0.5625,0.4375,33,0.559322033898305,7.55,0.13,59,4,0.26666666666666666,-4.44,-0.3,15,401404129,2022,9
356,Illinois Fighting Illini,28,0.4117647058823529,11,0.4583333333333333,17,0.38636363636363635,5,0.8333333333333334,7,0.4666666666666667,21,0.39622641509433965,53,0.3018867924528302,0.6981132075471698,0.55,0.01,12,0.22641509433962265,16,-1.53,-0.1,7,0.4375,37,2.08,0.06,14,0.3783783783783784,12,0.4166666666666667,0.5833333333333334,1.6,0.13,9,0.75,5,-1.29,-0.26,3,0.6,7,2.89,0.41,6,0.8571428571428571,7,4,3,15,8,7,1.45,0.1,0.4666666666666667,0.26666666666666666,0.2,0.5333333333333333,0.4666666666666667,21,0.44680851063829785,1.76,0.04,47,7,0.3333333333333333,0.23,0.01,21,401405124,2022,9
158,Nebraska Cornhuskers,13,0.2765957446808511,6,0.23076923076923078,7,0.3333333333333333,1,0.3333333333333333,2,0.16666666666666666,11,0.3142857142857143,35,0.4857142857142857,0.5142857142857142,-5.25,-0.15,6,0.17142857142857143,17,0.7,0.04,4,0.23529411764705882,18,-5.95,-0.33,7,0.3888888888888889,8,0.5,0.5,-1.74,-0.22,3,0.375,4,-1.43,-0.36,1,0.25,4,-0.31,-0.08,2,0.5,2,2,0,12,9,3,-13.27,-1.11,0.16666666666666666,0.16666666666666666,0.0,0.75,0.25,6,0.24,-6.55,-0.26,25,7,0.3181818181818182,-11.97,-0.54,22,401405124,2022,9
2116,UCF Knights,43,0.5180722891566265,18,0.5454545454545454,25,0.5,6,0.42857142857142855,7,0.4666666666666667,36,0.5294117647058824,68,0.39705882352941174,0.6029411764705882,7.21,0.11,21,0.3088235294117647,27,8.18,0.3,16,0.5925925925925926,41,-0.98,-0.02,20,0.4878048780487805,8,0.25,0.75,-1.25,-0.16,3,0.375,2,1.93,0.96,2,1.0,6,-3.18,-0.53,1,0.16666666666666666,7,2,5,15,6,9,-1.35,-0.09,0.4666666666666667,0.13333333333333333,0.3333333333333333,0.4,0.6,33,0.515625,3.94,0.06,64,10,0.5263157894736842,1.92,0.1,19,401415644,2022,9
2132,Cincinnati Bearcats,26,0.40625,21,0.42857142857142855,5,0.35714285714285715,2,0.2857142857142857,4,0.2857142857142857,22,0.4489795918367347,49,0.7959183673469388,0.20408163265306123,6.04,0.12,13,0.2653061224489796,39,9.09,0.23,19,0.48717948717948717,10,-3.05,-0.31,3,0.3,11,0.8181818181818182,0.18181818181818182,-0.87,-0.08,5,0.45454545454545453,9,-1.13,-0.13,4,0.4444444444444444,2,0.26,0.13,1,0.5,4,2,2,15,10,4,-2.91,-0.19,0.26666666666666666,0.13333333333333333,0.13333333333333333,0.6666666666666666,0.26666666666666666,19,0.4523809523809524,8.55,0.2,42,7,0.3181818181818182,-5.42,-0.25,22,401415644,2022,9
221,Pittsburgh Panthers,27,0.4426229508196721,11,0.34375,16,0.5517241379310345,3,0.75,6,0.4,21,0.4666666666666667,45,0.5111111111111111,0.4888888888888889,7.82,0.17,7,0.15555555555555556,23,4.06,0.18,9,0.391304347826087,22,3.76,0.17,12,0.5454545454545454,9,0.3333333333333333,0.6666666666666666,-1.36,-0.15,4,0.4444444444444444,3,0.49,0.16,2,0.6666666666666666,6,-1.85,-0.31,2,0.3333333333333333,6,2,4,16,9,7,-6.28,-0.39,0.375,0.125,0.25,0.5625,0.4375,21,0.5121951219512195,3.93,0.1,41,6,0.3,-2.39,-0.12,20,401411149,2022,9
153,North Carolina Tar Heels,40,0.547945205479452,28,0.5957446808510638,12,0.46153846153846156,9,0.6,4,0.36363636363636365,34,0.576271186440678,59,0.6610169491525424,0.3389830508474576,22.09,0.37,15,0.2542372881355932,39,24.1,0.62,26,0.6666666666666666,20,-2.01,-0.1,8,0.4,12,0.6666666666666666,0.3333333333333333,-2.15,-0.18,5,0.4166666666666667,8,-1.29,-0.16,4,0.5,4,-0.86,-0.21,1,0.25,6,2,4,14,8,6,3.89,0.28,0.42857142857142855,0.14285714285714285,0.2857142857142857,0.5714285714285714,0.42857142857142855,30,0.5660377358490566,15.3,0.29,53,10,0.5,10.69,0.53,20,401411149,2022,9
2579,South Carolina Gamecocks,19,0.3584905660377358,11,0.3235294117647059,8,0.42105263157894735,4,0.8,5,0.38461538461538464,14,0.35,40,0.65,0.35,-13.55,-0.34,7,0.175,26,-7.12,-0.27,10,0.38461538461538464,14,-6.44,-0.46,4,0.2857142857142857,9,0.3333333333333333,0.6666666666666666,-1.04,-0.12,3,0.3333333333333333,3,-1.4,-0.47,1,0.3333333333333333,6,0.36,0.06,2,0.3333333333333333,5,1,4,13,8,5,-2.06,-0.16,0.38461538461538464,0.07692307692307693,0.3076923076923077,0.6153846153846154,0.38461538461538464,14,0.4,-7.88,-0.23,35,5,0.2777777777777778,-7.73,-0.43,18,401403929,2022,9
142,Missouri Tigers,34,0.53125,13,0.5,21,0.5526315789473685,7,0.3684210526315789,8,0.5714285714285714,26,0.52,50,0.38,0.62,4.74,0.09,11,0.22,19,3.32,0.17,9,0.47368421052631576,31,1.42,0.05,17,0.5483870967741935,5,0.4,0.6,-0.83,-0.17,2,0.4,2,-0.59,-0.29,1,0.5,3,-0.25,-0.08,1,0.3333333333333333,8,4,4,14,7,7,4.61,0.33,0.5714285714285714,0.2857142857142857,0.2857142857142857,0.5,0.5,27,0.574468085106383,7.38,0.16,47,7,0.4117647058823529,1.97,0.12,17,401403929,2022,9
2,Auburn Tigers,30,0.4225352112676056,16,0.4444444444444444,14,0.4,3,0.42857142857142855,11,0.5789473684210527,19,0.36538461538461536,52,0.46153846153846156,0.5384615384615384,8.23,0.16,8,0.15384615384615385,24,6.2,0.26,11,0.4583333333333333,28,2.03,0.07,8,0.2857142857142857,22,0.5909090909090909,0.4090909090909091,7.23,0.33,10,0.45454545454545453,13,2.0,0.15,6,0.46153846153846156,9,5.23,0.58,4,0.4444444444444444,11,5,6,19,12,7,8.44,0.44,0.5789473684210527,0.2631578947368421,0.3157894736842105,0.631578947368421,0.3684210526315789,18,0.4,13.24,0.29,45,12,0.46153846153846156,3.42,0.13,26,401403927,2022,9
8,Arkansas Razorbacks,33,0.4852941176470588,10,0.4166666666666667,23,0.5227272727272727,11,0.4583333333333333,9,0.6428571428571429,24,0.4444444444444444,54,0.3333333333333333,0.6666666666666666,10.41,0.19,15,0.2777777777777778,18,4.42,0.25,7,0.3888888888888889,36,5.99,0.17,17,0.4722222222222222,8,1.0,0.0,-0.27,-0.03,1,0.125,8,-0.27,-0.03,1,0.125,,,,,,9,3,6,14,6,8,10.24,0.73,0.6428571428571429,0.21428571428571427,0.42857142857142855,0.42857142857142855,0.5714285714285714,24,0.5106382978723404,11.47,0.24,47,9,0.42857142857142855,9.18,0.44,21,401403927,2022,9
66,Iowa State Cyclones,31,0.36904761904761907,24,0.41379310344827586,7,0.2692307692307692,3,0.23076923076923078,8,0.4,20,0.3389830508474576,59,0.6101694915254238,0.3898305084745763,-15.13,-0.26,10,0.1694915254237288,36,-10.03,-0.28,14,0.3888888888888889,23,-5.1,-0.22,6,0.2608695652173913,12,0.8333333333333334,0.16666666666666666,-1.13,-0.09,4,0.3333333333333333,10,-0.08,-0.01,4,0.4,2,-1.05,-0.52,0,0.0,11,10,1,25,22,3,2.09,0.08,0.44,0.4,0.04,0.88,0.12,18,0.34615384615384615,-19.26,-0.37,52,13,0.40625,6.21,0.19,32,401404100,2022,9
201,Oklahoma Sooners,31,0.4305555555555556,12,0.42857142857142855,19,0.4318181818181818,5,0.45454545454545453,7,0.4375,23,0.41818181818181815,55,0.3090909090909091,0.6909090909090909,-8.51,-0.15,11,0.2,17,-1.27,-0.07,7,0.4117647058823529,38,-7.24,-0.19,16,0.42105263157894735,11,0.45454545454545453,0.5454545454545454,-4.16,-0.38,3,0.2727272727272727,5,-3.56,-0.71,1,0.2,6,-0.6,-0.1,2,0.3333333333333333,8,5,3,17,11,6,5.07,0.3,0.47058823529411764,0.29411764705882354,0.17647058823529413,0.6470588235294118,0.35294117647058826,23,0.5,1.79,0.04,46,8,0.3076923076923077,-5.23,-0.2,26,401404100,2022,9
52,Florida State Seminoles,42,0.5185185185185185,19,0.48717948717948717,23,0.5476190476190477,7,0.4117647058823529,9,0.6428571428571429,32,0.49230769230769234,65,0.46153846153846156,0.5384615384615384,17.87,0.27,15,0.23076923076923078,30,14.39,0.48,14,0.4666666666666667,35,3.49,0.1,18,0.5142857142857142,19,0.7368421052631579,0.2631578947368421,7.5,0.39,8,0.42105263157894735,14,7.16,0.51,5,0.35714285714285715,5,0.34,0.07,3,0.6,10,5,5,16,9,7,-1.41,-0.09,0.625,0.3125,0.3125,0.5625,0.4375,29,0.47540983606557374,-8.02,-0.13,61,13,0.65,24.49,1.22,20,401411147,2022,9
59,Georgia Tech Yellow Jackets,23,0.3770491803278688,14,0.3888888888888889,9,0.36,4,0.36363636363636365,4,0.3076923076923077,17,0.37777777777777777,45,0.5777777777777777,0.4222222222222222,-0.56,-0.01,12,0.26666666666666666,26,-1.78,-0.07,11,0.4230769230769231,19,1.22,0.06,6,0.3157894736842105,9,0.4444444444444444,0.5555555555555556,3.98,0.44,4,0.4444444444444444,4,5.05,1.26,2,0.5,5,-1.07,-0.21,2,0.4,6,3,3,16,10,6,2.99,0.19,0.375,0.1875,0.1875,0.625,0.375,14,0.42424242424242425,-0.28,-0.01,33,9,0.32142857142857145,2.71,0.1,28,401411147,2022,9
58,South Florida Bulls,27,0.4153846153846154,16,0.43243243243243246,11,0.39285714285714285,7,0.6363636363636364,4,0.36363636363636365,22,0.44,50,0.48,0.52,11.91,0.24,12,0.24,24,8.47,0.35,12,0.5,26,3.44,0.13,10,0.38461538461538464,11,0.6363636363636364,0.36363636363636365,3.46,0.31,4,0.36363636363636365,7,0.05,0.01,2,0.2857142857142857,4,3.41,0.85,2,0.5,5,4,1,15,13,2,-2.35,-0.16,0.3333333333333333,0.26666666666666666,0.06666666666666667,0.8666666666666667,0.13333333333333333,20,0.5,11.53,0.29,40,7,0.28,-1.96,-0.08,25,401415643,2022,9
248,Houston Cougars,38,0.6551724137931034,27,0.6923076923076923,11,0.5789473684210527,7,0.7,7,0.7,31,0.6595744680851063,47,0.6808510638297872,0.3191489361702128,21.9,0.47,14,0.2978723404255319,32,17.6,0.55,22,0.6875,15,4.3,0.29,9,0.6,7,0.8571428571428571,0.14285714285714285,3.42,0.49,4,0.5714285714285714,6,5.15,0.86,4,0.6666666666666666,1,-1.72,-1.72,0,0.0,7,5,2,11,7,4,5.89,0.54,0.6363636363636364,0.45454545454545453,0.18181818181818182,0.6363636363636364,0.36363636363636365,28,0.6222222222222222,21.53,0.48,45,10,0.7692307692307693,6.26,0.48,13,401415643,2022,9
2649,Toledo Rockets,26,0.4482758620689655,12,0.4444444444444444,14,0.45161290322580644,2,0.25,5,0.4166666666666667,20,0.45454545454545453,44,0.4090909090909091,0.5909090909090909,2.04,0.05,9,0.20454545454545456,18,7.78,0.43,9,0.5,26,-5.74,-0.22,11,0.4230769230769231,8,0.25,0.75,-0.08,-0.01,4,0.5,2,5.01,2.51,2,1.0,6,-5.1,-0.85,2,0.3333333333333333,6,3,3,14,9,5,3.63,0.26,0.42857142857142855,0.21428571428571427,0.21428571428571427,0.6428571428571429,0.35714285714285715,21,0.5121951219512195,5.06,0.12,41,5,0.29411764705882354,0.61,0.04,17,401416630,2022,9
2199,Eastern Michigan Eagles,24,0.35294117647058826,6,0.23076923076923078,18,0.42857142857142855,7,0.5384615384615384,7,0.4375,16,0.32,50,0.3,0.7,-11.23,-0.22,6,0.12,15,-3.99,-0.27,4,0.26666666666666666,35,-7.24,-0.21,12,0.34285714285714286,9,0.3333333333333333,0.6666666666666666,-5.34,-0.59,2,0.2222222222222222,3,-3.41,-1.14,0,0.0,6,-1.94,-0.32,2,0.3333333333333333,8,2,6,18,11,7,-1.83,-0.1,0.4444444444444444,0.1111111111111111,0.3333333333333333,0.6111111111111112,0.3888888888888889,18,0.4090909090909091,-2.43,-0.06,44,6,0.25,-10.63,-0.44,24,401416630,2022,9
2006,Akron Zips,31,0.4246575342465753,20,0.38461538461538464,11,0.5238095238095238,3,0.2727272727272727,6,0.4,24,0.42857142857142855,56,0.7142857142857143,0.2857142857142857,-16.15,-0.29,13,0.23214285714285715,40,-17.77,-0.44,15,0.375,16,1.62,0.1,9,0.5625,9,0.8888888888888888,0.1111111111111111,0.07,0.01,4,0.4444444444444444,8,0.86,0.11,4,0.5,1,-0.79,-0.79,0,0.0,7,5,2,17,12,5,0.48,0.03,0.4117647058823529,0.29411764705882354,0.11764705882352941,0.7058823529411765,0.29411764705882354,24,0.48,-6.73,-0.13,50,7,0.30434782608695654,-8.94,-0.39,23,401416631,2022,9
193,Miami (OH) RedHawks,19,0.3333333333333333,9,0.36,10,0.3125,4,0.26666666666666666,2,0.16666666666666666,17,0.37777777777777777,45,0.4666666666666667,0.5333333333333333,0.13,0.0,11,0.24444444444444444,21,2.39,0.11,8,0.38095238095238093,24,-2.26,-0.09,9,0.375,8,0.625,0.375,-0.19,-0.02,2,0.25,5,0.53,0.11,1,0.2,3,-0.72,-0.24,1,0.3333333333333333,2,1,1,12,4,8,-8.04,-0.67,0.16666666666666666,0.08333333333333333,0.08333333333333333,0.3333333333333333,0.6666666666666666,14,0.35,-6.21,-0.16,40,5,0.29411764705882354,-1.7,-0.1,17,401416631,2022,9
2390,Miami Hurricanes,28,0.4307692307692308,12,0.375,15,0.46875,3,0.42857142857142855,5,0.3333333333333333,22,0.4489795918367347,49,0.5102040816326531,0.4897959183673469,1.02,0.02,11,0.22448979591836735,25,-0.12,-0.0,11,0.44,24,1.14,0.05,11,0.4583333333333333,5,0.2,0.8,0.53,0.11,2,0.4,1,1.6,1.6,1,1.0,4,-1.07,-0.27,1,0.25,5,1,4,15,7,8,-9.15,-0.61,0.3333333333333333,0.06666666666666667,0.26666666666666666,0.4666666666666667,0.5333333333333333,23,0.48936170212765956,2.38,0.05,47,4,0.23529411764705882,-10.5,-0.62,17,401411150,2022,9
258,Virginia Cavaliers,19,0.3584905660377358,8,0.2857142857142857,11,0.44,1,0.1,5,0.35714285714285715,14,0.3684210526315789,38,0.5263157894736842,0.47368421052631576,-4.96,-0.13,8,0.21052631578947367,20,-2.8,-0.14,6,0.3,18,-2.16,-0.12,8,0.4444444444444444,10,0.5,0.5,0.34,0.03,3,0.3,5,3.17,0.63,2,0.4,5,-2.83,-0.57,1,0.2,5,2,3,15,8,7,2.54,0.17,0.3333333333333333,0.13333333333333333,0.2,0.5333333333333333,0.4666666666666667,10,0.3225806451612903,-12.24,-0.39,31,9,0.4090909090909091,9.82,0.45,22,401411150,2022,9
2429,Charlotte 49ers,34,0.5396825396825397,16,0.6956521739130435,18,0.45,9,0.75,3,0.3333333333333333,29,0.5686274509803921,51,0.35294117647058826,0.6470588235294118,20.45,0.4,14,0.27450980392156865,18,9.59,0.53,12,0.6666666666666666,33,10.86,0.33,17,0.5151515151515151,16,0.5,0.5,15.82,0.99,11,0.6875,8,14.73,1.84,7,0.875,8,1.09,0.14,4,0.5,5,4,1,12,5,7,7.86,0.65,0.4166666666666667,0.3333333333333333,0.08333333333333333,0.4166666666666667,0.5833333333333334,27,0.5625,17.7,0.37,48,7,0.4666666666666667,10.61,0.71,15,401426593,2022,9
242,Rice Owls,25,0.4032258064516129,14,0.3783783783783784,11,0.44,0,0.0,3,0.2727272727272727,21,0.42857142857142855,49,0.5510204081632653,0.4489795918367347,-5.16,-0.11,12,0.24489795918367346,27,-9.28,-0.34,11,0.4074074074074074,22,4.13,0.19,10,0.45454545454545453,5,0.6,0.4,-5.41,-1.08,0,0.0,3,-2.45,-0.82,0,0.0,2,-2.96,-1.48,0,0.0,4,3,1,13,10,3,3.91,0.3,0.3076923076923077,0.23076923076923078,0.07692307692307693,0.7692307692307693,0.23076923076923078,20,0.4878048780487805,-4.8,-0.12,41,5,0.23809523809523808,3.55,0.17,21,401426593,2022,9
135,Minnesota Golden Gophers,35,0.4794520547945205,8,0.38095238095238093,27,0.5192307692307693,10,0.5555555555555556,12,0.631578947368421,22,0.41509433962264153,53,0.2830188679245283,0.7169811320754716,2.92,0.06,7,0.1320754716981132,15,0.39,0.03,6,0.4,38,2.53,0.07,16,0.42105263157894735,14,0.35714285714285715,0.6428571428571429,-5.72,-0.41,1,0.07142857142857142,5,-4.42,-0.88,0,0.0,9,-1.3,-0.14,1,0.1111111111111111,13,2,11,20,6,14,7.86,0.39,0.65,0.1,0.55,0.3,0.7,28,0.5283018867924528,12.73,0.24,53,7,0.35,-1.95,-0.1,20,401405123,2022,9
164,Rutgers Scarlet Knights,10,0.2222222222222222,6,0.24,4,0.2,,,2,0.2,7,0.21212121212121213,33,0.48484848484848486,0.5151515151515151,-15.45,-0.47,3,0.09090909090909091,16,-10.46,-0.65,3,0.1875,17,-4.99,-0.29,4,0.23529411764705882,4,0.25,0.75,-6.09,-1.52,0,0.0,1,-0.44,-0.44,0,0.0,3,-5.65,-1.88,0,0.0,3,3,0,12,9,3,-4.75,-0.4,0.25,0.25,0.0,0.75,0.25,5,0.23809523809523808,-9.63,-0.46,21,5,0.20833333333333334,-10.57,-0.44,24,401405123,2022,9
2247,Georgia State Panthers,33,0.4177215189873418,10,0.47619047619047616,23,0.39655172413793105,7,0.5384615384615384,8,0.47058823529411764,22,0.3793103448275862,58,0.2413793103448276,0.7586206896551724,-5.7,-0.1,11,0.1896551724137931,14,-0.19,-0.01,7,0.5,44,-5.51,-0.13,15,0.3409090909090909,7,0.2857142857142857,0.7142857142857143,-1.94,-0.28,3,0.42857142857142855,2,-0.57,-0.28,1,0.5,5,-1.37,-0.27,2,0.4,11,3,8,21,7,14,9.78,0.47,0.5238095238095238,0.14285714285714285,0.38095238095238093,0.3333333333333333,0.6666666666666666,21,0.40384615384615385,-4.77,-0.09,52,12,0.4444444444444444,8.86,0.33,27,401426361,2022,9
295,Old Dominion Monarchs,19,0.3392857142857143,13,0.325,6,0.375,1,0.3333333333333333,6,0.42857142857142855,13,0.325,40,0.7,0.3,-0.38,-0.01,5,0.125,28,1.84,0.07,9,0.32142857142857145,12,-2.22,-0.18,4,0.3333333333333333,6,0.5,0.5,-3.1,-0.52,2,0.3333333333333333,3,-3.7,-1.23,0,0.0,3,0.6,0.2,2,0.6666666666666666,6,4,2,16,12,4,-1.46,-0.09,0.375,0.25,0.125,0.75,0.25,12,0.36363636363636365,-6.95,-0.21,33,7,0.30434782608695654,5.12,0.22,23,401426361,2022,9
2294,Iowa Hawkeyes,36,0.5454545454545454,18,0.5806451612903226,18,0.5142857142857142,7,0.4117647058823529,5,0.45454545454545453,30,0.5555555555555556,54,0.42592592592592593,0.5740740740740741,13.23,0.24,18,0.3333333333333333,23,8.0,0.35,14,0.6086956521739131,31,5.23,0.17,16,0.5161290322580645,9,0.6666666666666666,0.3333333333333333,3.48,0.39,6,0.6666666666666666,6,2.71,0.45,4,0.6666666666666666,3,0.76,0.25,2,0.6666666666666666,6,4,2,12,8,4,2.14,0.18,0.5,0.3333333333333333,0.16666666666666666,0.6666666666666666,0.3333333333333333,26,0.5306122448979592,11.92,0.24,49,10,0.5882352941176471,3.46,0.2,17,401405122,2022,9
77,Northwestern Wildcats,30,0.44776119402985076,18,0.4864864864864865,12,0.4,6,0.6,8,0.47058823529411764,18,0.391304347826087,46,0.5652173913043478,0.43478260869565216,-2.82,-0.06,6,0.13043478260869565,26,2.01,0.08,12,0.46153846153846156,20,-4.83,-0.24,6,0.3,15,0.4666666666666667,0.5333333333333333,-1.4,-0.09,6,0.4,7,-3.08,-0.44,2,0.2857142857142857,8,1.68,0.21,4,0.5,12,6,6,21,11,10,5.72,0.27,0.5714285714285714,0.2857142857142857,0.2857142857142857,0.5238095238095238,0.47619047619047616,23,0.48936170212765956,9.67,0.21,47,7,0.35,-6.77,-0.34,20,401405122,2022,9
113,Massachusetts Minutemen,17,0.288135593220339,8,0.2857142857142857,8,0.26666666666666666,,,3,0.2,13,0.30952380952380953,42,0.42857142857142855,0.5476190476190477,-4.45,-0.11,6,0.14285714285714285,18,-8.28,-0.46,6,0.3333333333333333,23,1.56,0.07,6,0.2608695652173913,13,0.6153846153846154,0.38461538461538464,-3.75,-0.29,4,0.3076923076923077,8,-2.7,-0.34,3,0.375,5,-1.06,-0.21,1,0.2,4,2,2,17,10,7,-10.75,-0.63,0.23529411764705882,0.11764705882352941,0.11764705882352941,0.5882352941176471,0.4117647058823529,10,0.2777777777777778,-13.51,-0.38,36,7,0.30434782608695654,-1.68,-0.07,23,401409242,2022,9
166,New Mexico State Aggies,21,0.39622641509433965,9,0.3333333333333333,12,0.46153846153846156,1,0.25,0,0.0,20,0.4878048780487805,41,0.4146341463414634,0.5853658536585366,10.44,0.25,10,0.24390243902439024,17,9.51,0.56,8,0.47058823529411764,24,0.93,0.04,12,0.5,7,0.42857142857142855,0.5714285714285714,7.7,1.1,5,0.7142857142857143,3,6.77,2.26,3,1.0,4,0.94,0.23,2,0.5,1,1,0,12,10,2,-13.79,-1.15,0.08333333333333333,0.08333333333333333,0.0,0.8333333333333334,0.16666666666666666,16,0.47058823529411764,6.34,0.19,34,5,0.2631578947368421,-9.7,-0.51,19,401409242,2022,9
2567,SMU Mustangs,31,0.41333333333333333,11,0.3793103448275862,20,0.43478260869565216,7,0.5384615384615384,8,0.5333333333333333,22,0.3793103448275862,58,0.3103448275862069,0.6896551724137931,3.46,0.06,11,0.1896551724137931,18,9.84,0.55,6,0.3333333333333333,40,-6.38,-0.16,16,0.4,6,0.8333333333333334,0.16666666666666666,3.02,0.5,2,0.3333333333333333,5,3.77,0.75,2,0.4,1,-0.75,-0.75,0,0.0,9,5,4,17,11,6,7.58,0.45,0.5294117647058824,0.29411764705882354,0.23529411764705882,0.6470588235294118,0.35294117647058826,21,0.44680851063829785,8.05,0.17,47,10,0.35714285714285715,3.0,0.11,28,401415647,2022,9
202,Tulsa Golden Hurricane,28,0.42424242424242425,14,0.4,14,0.4666666666666667,6,0.46153846153846156,4,0.3076923076923077,21,0.42857142857142855,49,0.46938775510204084,0.5102040816326531,4.85,0.1,12,0.24489795918367346,23,4.83,0.21,11,0.4782608695652174,25,6.36,0.25,10,0.4,8,0.25,0.75,7.03,0.88,5,0.625,2,2.42,1.21,2,1.0,6,4.61,0.77,3,0.5,7,3,4,17,12,5,5.6,0.33,0.4117647058823529,0.17647058823529413,0.23529411764705882,0.7058823529411765,0.29411764705882354,21,0.4772727272727273,11.93,0.27,44,7,0.3181818181818182,-1.49,-0.07,22,401415647,2022,9
2026,Appalachian State Mountaineers,37,0.5138888888888888,14,0.4666666666666667,23,0.5476190476190477,9,0.6923076923076923,5,0.45454545454545453,32,0.5333333333333333,60,0.4166666666666667,0.5833333333333334,16.32,0.27,19,0.31666666666666665,25,8.78,0.35,13,0.52,35,7.55,0.22,19,0.5428571428571428,15,0.6,0.4,11.7,0.78,10,0.6666666666666666,9,8.2,0.91,5,0.5555555555555556,6,3.5,0.58,5,0.8333333333333334,5,1,4,12,5,7,-3.52,-0.29,0.4166666666666667,0.08333333333333333,0.3333333333333333,0.4166666666666667,0.5833333333333334,28,0.56,12.17,0.24,50,9,0.4090909090909091,0.64,0.03,22,401426360,2022,9
2523,Robert Morris Colonials,10,0.17857142857142858,2,0.06060606060606061,8,0.34782608695652173,,,4,0.23529411764705882,5,0.13157894736842105,38,0.5789473684210527,0.42105263157894735,-24.3,-0.64,1,0.02631578947368421,22,-19.05,-0.87,1,0.045454545454545456,16,-5.25,-0.33,4,0.25,6,0.5,0.5,-6.26,-1.04,0,0.0,3,-3.31,-1.1,0,0.0,3,-2.96,-0.99,0,0.0,5,1,4,18,11,7,-1.14,-0.06,0.2777777777777778,0.05555555555555555,0.2222222222222222,0.6111111111111112,0.3888888888888889,6,0.2,-14.37,-0.48,30,4,0.15384615384615385,-11.07,-0.43,26,401426360,2022,9
2032,Arkansas State Red Wolves,11,0.1896551724137931,9,0.20930232558139536,2,0.13333333333333333,0,0.0,3,0.21428571428571427,7,0.16666666666666666,42,0.6666666666666666,0.3333333333333333,-20.58,-0.49,6,0.14285714285714285,28,-14.14,-0.51,5,0.17857142857142858,14,-6.44,-0.46,2,0.14285714285714285,15,0.8,0.2,-7.02,-0.47,3,0.2,12,-5.81,-0.48,2,0.16666666666666666,3,-1.21,-0.4,1,0.3333333333333333,4,4,0,16,15,1,-7.79,-0.49,0.25,0.25,0.0,0.9375,0.0625,8,0.27586206896551724,-2.86,-0.1,29,3,0.10344827586206896,-25.51,-0.88,29,401426363,2022,9
6,South Alabama Jaguars,23,0.323943661971831,8,0.3333333333333333,15,0.3191489361702128,8,0.5333333333333333,4,0.26666666666666666,17,0.3269230769230769,52,0.3269230769230769,0.6730769230769231,3.36,0.06,10,0.19230769230769232,17,3.28,0.19,7,0.4117647058823529,35,0.08,0.0,10,0.2857142857142857,20,0.3,0.7,-2.98,-0.15,7,0.35,6,0.14,0.02,3,0.5,14,-3.11,-0.22,4,0.2857142857142857,6,1,5,19,7,12,-11.15,-0.59,0.3157894736842105,0.05263157894736842,0.2631578947368421,0.3684210526315789,0.631578947368421,20,0.4166666666666667,7.08,0.15,48,3,0.13043478260869565,-14.87,-0.65,23,401426363,2022,9
36,Colorado State Rams,13,0.2826086956521739,6,0.1935483870967742,7,0.4666666666666667,1,0.25,3,0.25,9,0.28125,32,0.5625,0.4375,-8.96,-0.28,3,0.09375,18,-4.6,-0.26,3,0.16666666666666666,14,-4.36,-0.31,6,0.42857142857142855,6,0.6666666666666666,0.3333333333333333,5.87,0.98,3,0.5,4,6.61,1.65,2,0.5,2,-0.74,-0.37,1,0.5,4,3,1,14,13,1,-2.62,-0.19,0.2857142857142857,0.21428571428571427,0.07142857142857142,0.9285714285714286,0.07142857142857142,9,0.375,-6.77,-0.28,24,4,0.18181818181818182,-4.81,-0.22,22,401415246,2022,9
68,Boise State Broncos,43,0.5733333333333334,19,0.6129032258064516,24,0.5454545454545454,14,0.7368421052631579,5,0.5555555555555556,38,0.5757575757575758,66,0.36363636363636365,0.6363636363636364,13.99,0.21,22,0.3333333333333333,24,6.61,0.28,14,0.5833333333333334,42,7.37,0.18,24,0.5714285714285714,15,0.5333333333333333,0.4666666666666667,6.83,0.46,7,0.4666666666666667,8,5.45,0.68,4,0.5,7,1.38,0.2,3,0.42857142857142855,5,5,0,9,7,2,4.18,0.46,0.5555555555555556,0.5555555555555556,0.0,0.7777777777777778,0.2222222222222222,34,0.576271186440678,11.24,0.19,59,9,0.5625,6.93,0.43,16,401415246,2022,9
38,Colorado Buffaloes,29,0.43283582089552236,11,0.3235294117647059,18,0.5454545454545454,5,0.45454545454545453,10,0.5882352941176471,18,0.3673469387755102,49,0.4489795918367347,0.5510204081632653,-9.57,-0.2,9,0.1836734693877551,22,-8.32,-0.38,5,0.22727272727272727,27,-1.24,-0.05,13,0.48148148148148145,8,0.75,0.25,4.49,0.56,3,0.375,6,5.49,0.91,2,0.3333333333333333,2,-1.0,-0.5,1,0.5,11,6,5,18,12,6,15.6,0.87,0.6111111111111112,0.3333333333333333,0.2777777777777778,0.6666666666666666,0.3333333333333333,21,0.4772727272727273,4.94,0.11,44,8,0.34782608695652173,1.1,0.05,23,401404023,2022,9
9,Arizona State Sun Devils,36,0.5,25,0.5813953488372093,11,0.3793103448275862,8,0.6666666666666666,7,0.5384615384615384,29,0.4915254237288136,59,0.5423728813559322,0.4576271186440678,15.38,0.26,14,0.23728813559322035,32,19.98,0.62,20,0.625,27,-4.6,-0.17,9,0.3333333333333333,14,0.5714285714285714,0.42857142857142855,5.26,0.38,9,0.6428571428571429,8,4.11,0.51,5,0.625,6,1.15,0.19,4,0.6666666666666666,7,5,2,13,11,2,4.33,0.33,0.5384615384615384,0.38461538461538464,0.15384615384615385,0.8461538461538461,0.15384615384615385,20,0.425531914893617,1.23,0.03,47,16,0.64,18.47,0.74,25,401404023,2022,9
239,Baylor Bears,39,0.43820224719101125,13,0.41935483870967744,26,0.4482758620689655,10,0.6666666666666666,12,0.6,25,0.38461538461538464,65,0.36923076923076925,0.6307692307692307,-6.56,-0.1,11,0.16923076923076924,24,2.02,0.08,10,0.4166666666666667,41,-8.58,-0.21,15,0.36585365853658536,18,0.5,0.5,7.99,0.44,8,0.4444444444444444,9,4.16,0.46,4,0.4444444444444444,9,3.83,0.43,4,0.4444444444444444,14,3,11,24,7,17,13.14,0.55,0.5833333333333334,0.125,0.4583333333333333,0.2916666666666667,0.7083333333333334,25,0.4098360655737705,-0.91,-0.01,61,14,0.5,7.49,0.27,28,401404101,2022,9
2641,Texas Tech Red Raiders,30,0.410958904109589,11,0.2558139534883721,19,0.6333333333333333,3,0.2727272727272727,8,0.5333333333333333,20,0.37037037037037035,54,0.5740740740740741,0.42592592592592593,-25.59,-0.47,11,0.2037037037037037,31,-29.75,-0.96,7,0.22580645161290322,23,4.16,0.18,13,0.5652173913043478,8,0.5,0.5,-4.92,-0.61,3,0.375,4,-4.97,-1.24,1,0.25,4,0.05,0.01,2,0.5,10,4,6,19,12,7,10.4,0.55,0.5263157894736842,0.21052631578947367,0.3157894736842105,0.631578947368421,0.3684210526315789,20,0.40816326530612246,-22.78,-0.46,49,10,0.4166666666666667,7.59,0.32,24,401404101,2022,9
2393,Middle Tennessee Blue Raiders,28,0.45901639344262296,15,0.5,13,0.41935483870967744,3,0.375,3,0.3,23,0.46938775510204084,49,0.46938775510204084,0.5306122448979592,0.55,0.01,10,0.20408163265306123,23,10.19,0.44,12,0.5217391304347826,26,-9.64,-0.37,11,0.4230769230769231,10,0.6,0.4,0.33,0.03,4,0.4,6,-0.84,-0.14,2,0.3333333333333333,4,1.17,0.29,2,0.5,5,3,2,12,7,5,1.54,0.13,0.4166666666666667,0.25,0.16666666666666666,0.5833333333333334,0.4166666666666667,22,0.4782608695652174,6.67,0.14,46,6,0.4,-4.58,-0.31,15,401426596,2022,9
2638,UTEP Miners,31,0.44285714285714284,17,0.4146341463414634,14,0.4827586206896552,1,0.25,6,0.35294117647058826,25,0.49019607843137253,51,0.5294117647058824,0.47058823529411764,3.85,0.08,14,0.27450980392156865,27,2.72,0.1,13,0.48148148148148145,24,1.13,0.05,12,0.5,17,0.7647058823529411,0.23529411764705882,4.03,0.24,9,0.5294117647058824,13,2.63,0.2,6,0.46153846153846156,4,1.41,0.35,3,0.75,6,4,2,19,14,5,-16.51,-0.87,0.3157894736842105,0.21052631578947367,0.10526315789473684,0.7368421052631579,0.2631578947368421,26,0.5909090909090909,8.5,0.19,44,5,0.19230769230769232,-21.16,-0.81,26,401426596,2022,9
21,San Diego State Aztecs,32,0.5333333333333333,19,0.76,13,0.37142857142857144,4,0.6666666666666666,8,0.7272727272727273,22,0.4782608695652174,46,0.391304347826087,0.6086956521739131,-3.23,-0.07,9,0.1956521739130435,18,3.63,0.2,12,0.6666666666666666,28,-6.87,-0.25,10,0.35714285714285715,16,0.375,0.625,9.48,0.59,11,0.6875,6,8.06,1.34,5,0.8333333333333334,10,1.42,0.14,6,0.6,10,7,3,14,7,7,20.42,1.46,0.7142857142857143,0.5,0.21428571428571427,0.5,0.5,24,0.5106382978723404,-0.02,-0.0,47,8,0.6153846153846154,17.21,1.32,13,401415248,2022,9
278,Fresno State Bulldogs,33,0.4782608695652174,28,0.5384615384615384,5,0.29411764705882354,4,0.25,8,0.5714285714285714,25,0.46296296296296297,54,0.7407407407407407,0.25925925925925924,-9.5,-0.18,12,0.2222222222222222,40,-8.77,-0.22,21,0.525,14,-0.73,-0.05,4,0.2857142857142857,4,0.75,0.25,-0.97,-0.24,2,0.5,3,-0.63,-0.21,2,0.6666666666666666,1,-0.33,-0.33,0,0.0,8,7,1,15,12,3,9.01,0.6,0.5333333333333333,0.4666666666666667,0.06666666666666667,0.8,0.2,23,0.4791666666666667,-12.75,-0.27,48,10,0.47619047619047616,12.26,0.58,21,401415248,2022,9
2440,Nevada Wolf Pack,22,0.34375,13,0.3611111111111111,9,0.32142857142857145,4,0.36363636363636365,6,0.4,15,0.3125,48,0.5833333333333334,0.4166666666666667,-9.23,-0.19,7,0.14583333333333334,28,-3.0,-0.11,11,0.39285714285714285,20,-6.22,-0.31,4,0.2,15,0.5333333333333333,0.4666666666666667,2.91,0.19,5,0.3333333333333333,8,4.24,0.53,4,0.5,7,-1.33,-0.19,1,0.14285714285714285,7,2,5,16,8,8,6.48,0.4,0.4375,0.125,0.3125,0.5,0.5,14,0.358974358974359,-0.17,-0.0,39,8,0.32,-2.57,-0.1,25,401415249,2022,9
23,San José State Spartans,37,0.5285714285714286,28,0.5833333333333334,9,0.4090909090909091,8,0.5714285714285714,8,0.7272727272727273,27,0.48214285714285715,56,0.6428571428571429,0.35714285714285715,3.87,0.07,15,0.26785714285714285,36,8.46,0.24,19,0.5277777777777778,20,-4.6,-0.23,8,0.4,7,0.8571428571428571,0.14285714285714285,1.47,0.21,4,0.5714285714285714,6,2.38,0.4,4,0.6666666666666666,1,-0.91,-0.91,0,0.0,10,9,1,14,12,2,17.25,1.23,0.7142857142857143,0.6428571428571429,0.07142857142857142,0.8571428571428571,0.14285714285714285,24,0.5,2.9,0.06,48,13,0.5909090909090909,18.21,0.83,22,401415249,2022,9
62,Hawai'i Rainbow Warriors,27,0.3698630136986301,13,0.2826086956521739,14,0.5185185185185185,4,0.36363636363636365,7,0.4117647058823529,18,0.33962264150943394,53,0.5660377358490566,0.4339622641509434,-4.81,-0.09,11,0.20754716981132076,30,-7.07,-0.24,7,0.23333333333333334,23,2.26,0.1,11,0.4782608695652174,3,0.6666666666666666,0.3333333333333333,-2.51,-0.84,0,0.0,2,-1.31,-0.65,0,0.0,1,-1.2,-1.2,0,0.0,9,6,3,20,16,4,1.61,0.08,0.45,0.3,0.15,0.8,0.2,16,0.35555555555555557,-3.88,-0.09,45,11,0.39285714285714285,0.67,0.02,28,401415247,2022,9
2751,Wyoming Cowboys,29,0.5087719298245614,5,0.2777777777777778,24,0.6153846153846154,1,0.3333333333333333,4,0.36363636363636365,25,0.5434782608695652,46,0.21739130434782608,0.782608695652174,10.91,0.24,13,0.2826086956521739,10,-4.78,-0.48,3,0.3,36,15.69,0.44,22,0.6111111111111112,13,0.38461538461538464,0.6153846153846154,0.64,0.05,8,0.6153846153846154,5,-3.73,-0.75,0,0.0,8,4.37,0.55,8,1.0,4,2,2,11,8,3,1.19,0.11,0.36363636363636365,0.18181818181818182,0.18181818181818182,0.7272727272727273,0.2727272727272727,22,0.5365853658536586,8.71,0.21,41,7,0.4375,3.38,0.21,16,401415247,2022,9
2309,Kent State Golden Flashes,41,0.4659090909090909,17,0.40476190476190477,24,0.5217391304347826,4,0.5714285714285714,8,0.4444444444444444,32,0.47761194029850745,67,0.4626865671641791,0.5373134328358209,2.51,0.04,13,0.19402985074626866,31,-0.74,-0.02,13,0.41935483870967744,36,3.24,0.09,19,0.5277777777777778,10,0.7,0.3,-0.32,-0.03,5,0.5,7,1.09,0.16,4,0.5714285714285714,3,-1.41,-0.47,1,0.3333333333333333,9,4,5,21,11,10,-7.81,-0.37,0.42857142857142855,0.19047619047619047,0.23809523809523808,0.5238095238095238,0.47619047619047616,28,0.45901639344262296,-3.96,-0.06,61,13,0.48148148148148145,-1.34,-0.05,27,401416632,2022,10
2050,Ball State Cardinals,36,0.48,19,0.475,17,0.4857142857142857,3,0.2727272727272727,7,0.4375,29,0.4915254237288136,59,0.4576271186440678,0.5423728813559322,5.73,0.1,14,0.23728813559322035,27,6.27,0.23,15,0.5555555555555556,32,-0.53,-0.02,14,0.4375,14,0.7857142857142857,0.21428571428571427,0.02,0.0,6,0.42857142857142855,11,-0.52,-0.05,4,0.36363636363636365,3,0.55,0.18,2,0.6666666666666666,7,4,3,16,13,3,-0.23,-0.01,0.4375,0.25,0.1875,0.8125,0.1875,29,0.5272727272727272,8.75,0.16,55,7,0.35,-3.24,-0.16,20,401416632,2022,10
2084,Buffalo Bulls,25,0.32894736842105265,19,0.35185185185185186,6,0.2727272727272727,3,0.23076923076923078,9,0.47368421052631576,14,0.25925925925925924,54,0.6296296296296297,0.37037037037037035,-14.45,-0.27,6,0.1111111111111111,34,-5.63,-0.17,9,0.2647058823529412,20,-8.82,-0.44,5,0.25,11,0.7272727272727273,0.2727272727272727,2.91,0.26,3,0.2727272727272727,8,3.96,0.5,3,0.375,3,-1.05,-0.35,0,0.0,11,10,1,22,20,2,8.16,0.37,0.5,0.45454545454545453,0.045454545454545456,0.9090909090909091,0.09090909090909091,13,0.3023255813953488,-10.69,-0.25,43,12,0.36363636363636365,4.4,0.13,33,401416633,2022,10
195,Ohio Bobcats,26,0.4406779661016949,18,0.6206896551724138,8,0.26666666666666666,9,0.6,4,0.4444444444444444,22,0.44,50,0.44,0.56,10.28,0.21,13,0.26,22,16.52,0.75,15,0.6818181818181818,28,-6.24,-0.22,7,0.25,13,0.6153846153846154,0.38461538461538464,-6.64,-0.51,4,0.3076923076923077,8,-6.69,-0.84,3,0.375,5,0.06,0.01,1,0.2,4,3,1,9,7,2,-4.38,-0.49,0.4444444444444444,0.3333333333333333,0.1111111111111111,0.7777777777777778,0.2222222222222222,19,0.4418604651162791,0.24,0.01,43,7,0.4375,5.66,0.35,16,401416633,2022,10
2117,Central Michigan Chippewas,42,0.5316455696202531,16,0.5925925925925926,26,0.5098039215686274,5,0.7142857142857143,9,0.5294117647058824,31,0.5166666666666667,60,0.3,0.7,-0.56,-0.01,11,0.18333333333333332,18,4.32,0.24,12,0.6666666666666666,42,-4.87,-0.12,19,0.4523809523809524,17,0.35294117647058826,0.6470588235294118,-0.07,-0.0,8,0.47058823529411764,6,-2.06,-0.34,3,0.5,11,1.99,0.18,5,0.45454545454545453,11,4,7,19,9,9,-3.1,-0.16,0.5789473684210527,0.21052631578947367,0.3684210526315789,0.47368421052631576,0.47368421052631576,35,0.6363636363636364,4.07,0.07,55,7,0.2916666666666667,-7.73,-0.32,24,401416634,2022,10
2459,Northern Illinois Huskies,22,0.3333333333333333,11,0.3333333333333333,11,0.34375,1,0.125,6,0.4,15,0.3191489361702128,47,0.44680851063829785,0.5531914893617021,-5.5,-0.12,8,0.1702127659574468,21,-5.03,-0.24,6,0.2857142857142857,26,-0.46,-0.02,9,0.34615384615384615,3,0.0,1.0,-0.91,-0.3,1,0.3333333333333333,,,,,,3,-0.91,-0.3,1,0.3333333333333333,7,5,2,19,12,6,-3.82,-0.2,0.3684210526315789,0.2631578947368421,0.10526315789473684,0.631578947368421,0.3157894736842105,16,0.37209302325581395,0.91,0.02,43,6,0.2608695652173913,-10.23,-0.44,23,401416634,2022,10
189,Bowling Green Falcons,25,0.4032258064516129,13,0.38235294117647056,12,0.42857142857142855,5,0.4166666666666667,4,0.2857142857142857,20,0.425531914893617,47,0.5106382978723404,0.48936170212765956,-7.02,-0.15,11,0.23404255319148937,24,-2.15,-0.09,10,0.4166666666666667,23,-4.87,-0.21,10,0.43478260869565216,9,0.3333333333333333,0.6666666666666666,3.3,0.37,5,0.5555555555555556,3,-1.21,-0.4,1,0.3333333333333333,6,4.51,0.75,4,0.6666666666666666,5,3,2,15,10,5,-6.79,-0.45,0.3333333333333333,0.2,0.13333333333333333,0.6666666666666666,0.3333333333333333,15,0.39473684210526316,-12.06,-0.32,38,10,0.4166666666666667,-1.75,-0.07,24,401416635,2022,10
2711,Western Michigan Broncos,22,0.3492063492063492,11,0.39285714285714285,11,0.3142857142857143,0,0.0,6,0.4,15,0.3333333333333333,45,0.4444444444444444,0.5555555555555556,-9.28,-0.21,7,0.15555555555555556,20,3.11,0.16,7,0.35,25,-12.39,-0.5,8,0.32,11,0.36363636363636365,0.6363636363636364,1.74,0.16,6,0.5454545454545454,4,1.07,0.27,1,0.25,7,0.67,0.1,5,0.7142857142857143,7,4,3,18,8,10,-4.1,-0.23,0.3888888888888889,0.2222222222222222,0.16666666666666666,0.4444444444444444,0.5555555555555556,11,0.28205128205128205,-19.14,-0.49,39,11,0.4583333333333333,5.76,0.24,24,401416635,2022,10
2638,UTEP Miners,26,0.40625,11,0.3793103448275862,15,0.42857142857142855,4,0.5714285714285714,9,0.5625,17,0.3541666666666667,48,0.3541666666666667,0.6458333333333334,-4.0,-0.08,5,0.10416666666666667,17,-4.67,-0.27,4,0.23529411764705882,31,0.68,0.02,13,0.41935483870967744,5,0.2,0.8,0.56,0.11,3,0.6,1,1.73,1.73,1,1.0,4,-1.17,-0.29,2,0.5,9,7,2,16,12,4,12.75,0.8,0.5625,0.4375,0.125,0.75,0.25,16,0.41025641025641024,3.4,0.09,39,10,0.4,5.35,0.21,25,401426601,2022,10
242,Rice Owls,35,0.5555555555555556,20,0.6060606060606061,15,0.5,4,0.36363636363636365,8,0.6153846153846154,27,0.54,50,0.46,0.54,10.89,0.22,13,0.26,23,8.53,0.37,14,0.6086956521739131,27,2.36,0.09,13,0.48148148148148145,17,0.5882352941176471,0.4117647058823529,1.28,0.08,7,0.4117647058823529,10,0.57,0.06,4,0.4,7,0.71,0.1,3,0.42857142857142855,8,6,2,13,10,3,9.79,0.75,0.6153846153846154,0.46153846153846156,0.15384615384615385,0.7692307692307693,0.23076923076923078,27,0.5869565217391305,15.81,0.34,46,8,0.47058823529411764,4.88,0.29,17,401426601,2022,10
2026,Appalachian State Mountaineers,25,0.45454545454545453,14,0.4666666666666667,11,0.44,4,0.5714285714285714,5,0.45454545454545453,20,0.46511627906976744,43,0.5581395348837209,0.4418604651162791,1.89,0.04,7,0.16279069767441862,24,5.85,0.24,11,0.4583333333333333,19,-3.96,-0.21,9,0.47368421052631576,8,0.5,0.5,-0.36,-0.05,4,0.5,4,-0.14,-0.03,2,0.5,4,-0.22,-0.06,2,0.5,5,3,2,12,6,6,0.88,0.07,0.4166666666666667,0.25,0.16666666666666666,0.5,0.5,20,0.47619047619047616,-0.39,-0.01,42,5,0.38461538461538464,3.16,0.24,13,401426364,2022,10
324,Coastal Carolina Chanticleers,35,0.4861111111111111,17,0.5862068965517241,18,0.4186046511627907,5,0.5,10,0.6666666666666666,25,0.44642857142857145,56,0.3392857142857143,0.6607142857142857,2.34,0.04,11,0.19642857142857142,19,6.94,0.37,11,0.5789473684210527,37,-4.61,-0.12,14,0.3783783783783784,15,0.6666666666666666,0.3333333333333333,-0.66,-0.04,7,0.4666666666666667,10,0.81,0.08,5,0.5,5,-1.46,-0.29,2,0.4,10,6,4,16,10,6,10.67,0.67,0.625,0.375,0.25,0.625,0.375,26,0.52,8.7,0.17,50,9,0.4090909090909091,4.3,0.2,22,401426364,2022,10
264,Washington Huskies,32,0.42105263157894735,23,0.4423076923076923,9,0.375,6,0.5,12,0.6666666666666666,19,0.3392857142857143,56,0.6607142857142857,0.3392857142857143,-10.88,-0.19,12,0.21428571428571427,37,-10.86,-0.29,13,0.35135135135135137,19,-0.02,-0.0,6,0.3157894736842105,12,0.75,0.25,-9.81,-0.82,4,0.3333333333333333,9,-7.68,-0.85,4,0.4444444444444444,3,-2.14,-0.71,0,0.0,13,10,3,20,15,5,17.1,0.86,0.65,0.5,0.15,0.75,0.25,18,0.391304347826087,-4.57,-0.1,46,14,0.4666666666666667,10.79,0.36,30,401404031,2022,10
204,Oregon State Beavers,27,0.46551724137931033,7,0.35,20,0.5263157894736842,4,0.4444444444444444,4,0.4,23,0.5,46,0.32608695652173914,0.6739130434782609,1.08,0.02,11,0.2391304347826087,15,-1.63,-0.11,6,0.4,31,2.72,0.09,17,0.5483870967741935,7,0.5714285714285714,0.42857142857142855,-4.92,-0.7,1,0.14285714285714285,4,-2.52,-0.63,1,0.25,3,-2.4,-0.8,0,0.0,4,1,3,12,5,7,-7.51,-0.63,0.3333333333333333,0.08333333333333333,0.25,0.4166666666666667,0.5833333333333334,23,0.5227272727272727,-2.8,-0.06,44,4,0.2857142857142857,-3.63,-0.26,14,401404031,2022,10
41,UConn Huskies,25,0.43103448275862066,3,0.2,22,0.5116279069767442,6,0.375,4,0.3333333333333333,21,0.45652173913043476,46,0.15217391304347827,0.8478260869565217,9.65,0.21,10,0.21739130434782608,7,-3.38,-0.48,1,0.14285714285714285,39,13.03,0.33,20,0.5128205128205128,10,0.3,0.7,-1.48,-0.15,4,0.4,3,0.2,0.07,1,0.3333333333333333,7,-1.68,-0.24,3,0.42857142857142855,4,2,2,12,8,4,-5.01,-0.42,0.3333333333333333,0.16666666666666666,0.16666666666666666,0.6666666666666666,0.3333333333333333,22,0.55,14.29,0.36,40,3,0.16666666666666666,-9.66,-0.54,18,401404155,2022,10
113,Massachusetts Minutemen,25,0.3787878787878788,13,0.37142857142857144,12,0.3870967741935484,2,0.3333333333333333,4,0.3076923076923077,20,0.39215686274509803,51,0.5098039215686274,0.49019607843137253,-6.61,-0.13,9,0.17647058823529413,26,6.89,0.26,11,0.4230769230769231,25,-13.5,-0.54,9,0.36,9,0.6666666666666666,0.3333333333333333,-2.17,-0.24,3,0.3333333333333333,6,-1.8,-0.3,2,0.3333333333333333,3,-0.38,-0.13,1,0.3333333333333333,5,2,3,15,9,6,-4.94,-0.33,0.3333333333333333,0.13333333333333333,0.2,0.6,0.4,15,0.36585365853658536,-11.15,-0.27,41,10,0.4,-0.41,-0.02,25,401404155,2022,10
103,Boston College Eagles,35,0.4794520547945205,26,0.52,9,0.391304347826087,4,0.5,4,0.2857142857142857,29,0.5178571428571429,56,0.6428571428571429,0.35714285714285715,10.19,0.18,13,0.23214285714285715,36,12.55,0.35,22,0.6111111111111112,20,-2.37,-0.12,7,0.35,11,0.5454545454545454,0.45454545454545453,0.92,0.08,5,0.45454545454545453,6,1.42,0.24,3,0.5,5,-0.5,-0.1,2,0.4,6,4,2,17,14,3,-0.84,-0.05,0.35294117647058826,0.23529411764705882,0.11764705882352941,0.8235294117647058,0.17647058823529413,30,0.5454545454545454,11.33,0.21,55,5,0.2777777777777778,-1.99,-0.11,18,401411151,2022,10
150,Duke Blue Devils,30,0.46153846153846156,11,0.4230769230769231,19,0.48717948717948717,6,0.75,5,0.4166666666666667,25,0.4716981132075472,53,0.37735849056603776,0.6226415094339622,13.59,0.26,11,0.20754716981132076,20,5.48,0.27,10,0.5,33,8.11,0.25,15,0.45454545454545453,6,0.6666666666666666,0.3333333333333333,1.34,0.22,2,0.3333333333333333,4,0.0,0.0,1,0.25,2,1.33,0.67,1,0.5,5,1,4,12,6,6,-1.6,-0.13,0.4166666666666667,0.08333333333333333,0.3333333333333333,0.5,0.5,20,0.4444444444444444,0.44,0.01,45,10,0.5,11.56,0.58,20,401411151,2022,10
2633,Tennessee Volunteers,31,0.41333333333333333,17,0.4358974358974359,14,0.3888888888888889,2,0.25,2,0.14285714285714285,26,0.4642857142857143,56,0.4642857142857143,0.5357142857142857,-5.32,-0.1,12,0.21428571428571427,26,-1.56,-0.06,14,0.5384615384615384,30,-3.76,-0.13,12,0.4,10,0.4,0.6,0.37,0.04,4,0.4,4,-0.2,-0.05,2,0.5,6,0.57,0.1,2,0.3333333333333333,5,3,2,19,13,6,-9.52,-0.5,0.2631578947368421,0.15789473684210525,0.10526315789473684,0.6842105263157895,0.3157894736842105,28,0.49122807017543857,-2.23,-0.04,57,3,0.16666666666666666,-12.61,-0.7,18,401403933,2022,10
61,Georgia Bulldogs,28,0.45901639344262296,15,0.6,13,0.3611111111111111,6,0.6,7,0.5833333333333334,21,0.42857142857142855,49,0.3877551020408163,0.6122448979591837,-0.61,-0.01,10,0.20408163265306123,19,14.42,0.76,12,0.631578947368421,30,-15.02,-0.5,9,0.3,9,0.7777777777777778,0.2222222222222222,5.04,0.56,6,0.6666666666666666,7,5.79,0.83,6,0.8571428571428571,2,-0.75,-0.37,0,0.0,7,3,4,12,6,6,5.99,0.5,0.5833333333333334,0.25,0.3333333333333333,0.5,0.5,19,0.4523809523809524,-1.56,-0.04,42,9,0.47368421052631576,6.95,0.37,19,401403933,2022,10
194,Ohio State Buckeyes,23,0.3770491803278688,8,0.3076923076923077,15,0.42857142857142855,3,1.0,4,0.26666666666666666,17,0.40476190476190477,42,0.42857142857142855,0.5714285714285714,1.21,0.03,6,0.14285714285714285,18,-5.09,-0.28,6,0.3333333333333333,24,6.3,0.26,11,0.4583333333333333,4,0.0,1.0,4.89,1.22,3,0.75,,,,,,4,4.89,1.22,3,0.75,6,2,4,19,8,11,-2.94,-0.15,0.3157894736842105,0.10526315789473684,0.21052631578947367,0.42105263157894735,0.5789473684210527,15,0.39473684210526316,1.44,0.04,38,8,0.34782608695652173,-3.17,-0.14,23,401405129,2022,10
77,Northwestern Wildcats,27,0.35526315789473684,6,0.35294117647058826,21,0.3559322033898305,2,1.0,10,0.5,17,0.3269230769230769,52,0.1346153846153846,0.8653846153846154,-6.13,-0.12,7,0.1346153846153846,7,0.4,0.06,3,0.42857142857142855,45,-6.54,-0.15,14,0.3111111111111111,12,0.0,1.0,-0.89,-0.07,5,0.4166666666666667,,,,,,12,-0.89,-0.07,5,0.4166666666666667,10,3,7,24,10,14,-7.96,-0.33,0.4166666666666667,0.125,0.2916666666666667,0.4166666666666667,0.5833333333333334,22,0.4583333333333333,2.77,0.06,48,5,0.17857142857142858,-16.87,-0.6,28,401405129,2022,10
87,Notre Dame Fighting Irish,33,0.5238095238095238,6,0.3333333333333333,27,0.6,5,0.7142857142857143,6,0.5,27,0.5294117647058824,51,0.23529411764705882,0.7647058823529411,10.68,0.21,16,0.3137254901960784,12,4.13,0.34,6,0.5,39,6.55,0.17,21,0.5384615384615384,11,0.18181818181818182,0.8181818181818182,9.39,0.85,10,0.9090909090909091,2,2.46,1.23,2,1.0,9,6.93,0.77,8,0.8888888888888888,6,0,6,12,6,6,-1.15,-0.1,0.5,0.0,0.5,0.5,0.5,29,0.58,11.65,0.23,50,4,0.3076923076923077,-2.12,-0.16,13,401404130,2022,10
228,Clemson Tigers,25,0.38461538461538464,16,0.36363636363636365,9,0.42857142857142855,2,0.3333333333333333,4,0.36363636363636365,21,0.39622641509433965,53,0.6415094339622641,0.3584905660377358,-14.22,-0.27,14,0.2641509433962264,34,-13.82,-0.41,13,0.38235294117647056,19,-0.39,-0.02,8,0.42105263157894735,5,0.8,0.2,-0.14,-0.03,1,0.2,4,0.22,0.05,1,0.25,1,-0.36,-0.36,0,0.0,4,3,1,12,10,2,0.99,0.08,0.3333333333333333,0.25,0.08333333333333333,0.8333333333333334,0.16666666666666666,19,0.4523809523809524,-0.52,-0.01,42,6,0.2608695652173913,-12.72,-0.55,23,401404130,2022,10
130,Michigan Wolverines,39,0.5,12,0.42857142857142855,27,0.54,15,0.6,8,0.47058823529411764,28,0.4827586206896552,58,0.3103448275862069,0.6896551724137931,11.47,0.2,12,0.20689655172413793,18,1.42,0.08,7,0.3888888888888889,40,10.04,0.25,21,0.525,10,0.8,0.2,2.12,0.21,6,0.6,8,1.55,0.19,4,0.5,2,0.57,0.28,2,1.0,11,5,6,20,10,10,6.84,0.34,0.55,0.25,0.3,0.5,0.5,29,0.5087719298245614,12.02,0.21,57,10,0.47619047619047616,6.29,0.3,21,401405133,2022,10
164,Rutgers Scarlet Knights,9,0.1875,6,0.1875,3,0.1875,3,0.375,3,0.23076923076923078,5,0.15151515151515152,33,0.5757575757575758,0.42424242424242425,-31.12,-0.94,1,0.030303030303030304,19,-25.31,-1.33,2,0.10526315789473684,14,-5.81,-0.41,3,0.21428571428571427,9,1.0,0.0,4.49,0.5,3,0.3333333333333333,9,4.49,0.5,3,0.3333333333333333,,,,,,4,4,0,15,13,2,2.7,0.18,0.26666666666666666,0.26666666666666666,0.0,0.8666666666666667,0.13333333333333333,5,0.19230769230769232,-19.48,-0.75,26,4,0.18181818181818182,-8.94,-0.41,22,401405133,2022,10
99,LSU Tigers,31,0.47692307692307695,17,0.4473684210526316,14,0.5185185185185185,5,0.5555555555555556,5,0.4166666666666667,26,0.49056603773584906,53,0.5660377358490566,0.4339622641509434,2.04,0.04,11,0.20754716981132076,30,3.33,0.11,15,0.5,23,-1.29,-0.06,11,0.4782608695652174,1,1.0,0.0,-1.49,-1.49,0,0.0,1,-1.49,-1.49,0,0.0,,,,,,5,2,3,12,8,4,1.3,0.11,0.4166666666666667,0.16666666666666666,0.25,0.6666666666666666,0.3333333333333333,21,0.4772727272727273,-1.88,-0.04,44,10,0.47619047619047616,5.22,0.25,21,401403934,2022,10
333,Alabama Crimson Tide,34,0.41975308641975306,19,0.3584905660377358,15,0.5357142857142857,7,0.4666666666666667,7,0.4375,25,0.3968253968253968,63,0.6190476190476191,0.38095238095238093,-5.77,-0.09,16,0.25396825396825395,39,-8.96,-0.23,13,0.3333333333333333,24,3.19,0.13,12,0.5,19,0.6842105263157895,0.3157894736842105,2.72,0.14,8,0.42105263157894735,13,1.02,0.08,5,0.38461538461538464,6,1.7,0.28,3,0.5,9,6,3,18,14,4,14.03,0.78,0.5,0.3333333333333333,0.16666666666666666,0.7777777777777778,0.2222222222222222,24,0.48,4.05,0.08,50,10,0.3225806451612903,4.2,0.14,31,401403934,2022,10
2641,Texas Tech Red Raiders,26,0.36619718309859156,9,0.25,17,0.4857142857142857,3,0.5,3,0.1875,20,0.40816326530612246,49,0.5306122448979592,0.46938775510204084,5.03,0.1,9,0.1836734693877551,26,-2.39,-0.09,8,0.3076923076923077,23,7.42,0.32,12,0.5217391304347826,5,0.6,0.4,-3.59,-0.72,0,0.0,3,-2.9,-0.97,0,0.0,2,-0.69,-0.34,0,0.0,6,1,5,22,10,12,-9.66,-0.44,0.2727272727272727,0.045454545454545456,0.22727272727272727,0.45454545454545453,0.5454545454545454,21,0.42,4.94,0.1,50,5,0.23809523809523808,-9.57,-0.46,21,401404108,2022,10
2628,TCU Horned Frogs,31,0.4305555555555556,9,0.3333333333333333,22,0.4888888888888889,4,0.23529411764705882,6,0.42857142857142855,25,0.45454545454545453,55,0.34545454545454546,0.6545454545454545,5.21,0.09,15,0.2727272727272727,19,2.57,0.14,7,0.3684210526315789,36,2.64,0.07,18,0.5,16,0.5,0.5,-1.75,-0.11,6,0.375,8,0.4,0.05,3,0.375,8,-2.15,-0.27,3,0.375,6,2,4,17,8,9,-5.05,-0.3,0.35294117647058826,0.11764705882352941,0.23529411764705882,0.47058823529411764,0.5294117647058824,25,0.49019607843137253,-1.61,-0.03,51,6,0.2857142857142857,1.78,0.08,21,401404108,2022,10
38,Colorado Buffaloes,30,0.42857142857142855,17,0.5,13,0.3611111111111111,0,0.0,8,0.5333333333333333,22,0.4230769230769231,52,0.5,0.5,-11.19,-0.22,10,0.19230769230769232,26,-6.8,-0.26,13,0.5,26,-4.39,-0.17,9,0.34615384615384615,9,0.6666666666666666,0.3333333333333333,3.79,0.42,7,0.7777777777777778,6,2.49,0.41,5,0.8333333333333334,3,1.3,0.43,2,0.6666666666666666,8,4,4,18,8,10,3.02,0.17,0.4444444444444444,0.2222222222222222,0.2222222222222222,0.4444444444444444,0.5555555555555556,21,0.44680851063829785,-13.11,-0.28,47,9,0.391304347826087,4.94,0.21,23,401404030,2022,10
2483,Oregon Ducks,37,0.5606060606060606,16,0.5925925925925926,21,0.5384615384615384,16,0.5925925925925926,6,0.5454545454545454,29,0.5686274509803921,51,0.45098039215686275,0.5490196078431373,22.94,0.45,12,0.23529411764705882,23,17.61,0.77,14,0.6086956521739131,28,5.34,0.19,15,0.5357142857142857,9,0.4444444444444444,0.5555555555555556,10.18,1.13,6,0.6666666666666666,4,6.45,1.61,3,0.75,5,3.73,0.75,3,0.6,8,2,6,15,4,11,0.97,0.06,0.5333333333333333,0.13333333333333333,0.4,0.26666666666666666,0.7333333333333333,30,0.6122448979591837,18.37,0.37,49,7,0.4117647058823529,5.54,0.33,17,401404030,2022,10
25,California Golden Bears,34,0.4657534246575342,24,0.46153846153846156,10,0.47619047619047616,7,0.6363636363636364,8,0.5333333333333333,25,0.44642857142857145,56,0.6607142857142857,0.3392857142857143,5.35,0.1,8,0.14285714285714285,37,4.19,0.11,16,0.43243243243243246,19,1.15,0.06,9,0.47368421052631576,8,0.625,0.375,-6.53,-0.82,3,0.375,5,-4.71,-0.94,3,0.6,3,-1.82,-0.61,0,0.0,9,8,1,17,15,2,9.01,0.53,0.5294117647058824,0.47058823529411764,0.058823529411764705,0.8823529411764706,0.11764705882352941,25,0.5319148936170213,6.05,0.13,47,9,0.34615384615384615,8.31,0.32,26,401404029,2022,10
30,USC Trojans,37,0.5522388059701493,22,0.5365853658536586,15,0.5769230769230769,8,0.8,5,0.45454545454545453,31,0.5636363636363636,55,0.5818181818181818,0.41818181818181815,20.85,0.38,17,0.3090909090909091,32,17.23,0.54,19,0.59375,23,3.62,0.16,12,0.5217391304347826,13,0.7692307692307693,0.23076923076923078,9.66,0.74,6,0.46153846153846156,10,10.24,1.02,5,0.5,3,-0.58,-0.19,1,0.3333333333333333,6,3,3,12,9,3,2.62,0.22,0.5,0.25,0.25,0.75,0.25,28,0.6086956521739131,17.31,0.38,46,9,0.42857142857142855,6.16,0.29,21,401404029,2022,10
26,UCLA Bruins,35,0.5833333333333334,10,0.45454545454545453,25,0.6578947368421053,7,0.7,9,0.8181818181818182,26,0.5306122448979592,49,0.3469387755102041,0.6530612244897959,10.97,0.22,13,0.2653061224489796,17,-2.89,-0.17,6,0.35294117647058826,32,13.86,0.43,20,0.625,9,0.3333333333333333,0.6666666666666666,6.2,0.69,5,0.5555555555555556,3,4.34,1.45,2,0.6666666666666666,6,1.85,0.31,3,0.5,9,4,5,11,5,6,17.51,1.59,0.8181818181818182,0.36363636363636365,0.45454545454545453,0.45454545454545453,0.5454545454545454,30,0.6122448979591837,23.91,0.49,49,5,0.45454545454545453,4.57,0.42,11,401404028,2022,10
9,Arizona State Sun Devils,47,0.5802469135802469,28,0.5283018867924528,19,0.6785714285714286,13,0.5909090909090909,7,0.5,38,0.5846153846153846,65,0.6153846153846154,0.38461538461538464,13.19,0.2,21,0.3230769230769231,40,8.29,0.21,22,0.55,25,4.91,0.2,16,0.64,8,0.75,0.25,-1.35,-0.17,4,0.5,6,-1.43,-0.24,3,0.5,2,0.08,0.04,1,0.5,9,6,3,16,13,3,10.78,0.67,0.5625,0.375,0.1875,0.8125,0.1875,37,0.5873015873015873,21.11,0.34,63,10,0.5555555555555556,2.87,0.16,18,401404028,2022,10
251,Texas Longhorns,37,0.5285714285714286,17,0.5483870967741935,20,0.5128205128205128,6,0.375,8,0.5333333333333333,29,0.5370370370370371,54,0.4074074074074074,0.5925925925925926,9.49,0.18,14,0.25925925925925924,22,5.85,0.27,12,0.5454545454545454,32,3.63,0.11,17,0.53125,16,0.4375,0.5625,7.59,0.47,8,0.5,7,2.01,0.29,3,0.42857142857142855,9,5.57,0.62,5,0.5555555555555556,8,5,3,16,9,7,4.85,0.3,0.5,0.3125,0.1875,0.5625,0.4375,28,0.5384615384615384,11.88,0.23,52,9,0.5,2.46,0.14,18,401404107,2022,10
2306,Kansas State Wildcats,33,0.4647887323943662,17,0.4473684210526316,16,0.48484848484848486,3,0.3,5,0.4166666666666667,27,0.47368421052631576,57,0.47368421052631576,0.5263157894736842,8.14,0.14,15,0.2631578947368421,27,5.28,0.2,12,0.4444444444444444,30,2.86,0.1,15,0.5,8,0.5,0.5,-7.63,-0.95,3,0.375,4,-7.42,-1.85,1,0.25,4,-0.21,-0.05,2,0.5,6,5,1,14,11,3,5.46,0.39,0.42857142857142855,0.35714285714285715,0.07142857142857142,0.7857142857142857,0.21428571428571427,25,0.4716981132075472,2.29,0.04,53,8,0.4444444444444444,11.3,0.63,18,401404107,2022,10
12,Arizona Wildcats,22,0.39285714285714285,10,0.30303030303030304,12,0.5454545454545454,3,0.375,3,0.2727272727272727,19,0.4523809523809524,42,0.5,0.5,-0.21,-0.0,11,0.2619047619047619,21,2.02,0.1,8,0.38095238095238093,21,-2.23,-0.11,11,0.5238095238095238,7,0.7142857142857143,0.2857142857142857,2.25,0.32,3,0.42857142857142855,5,1.2,0.24,2,0.4,2,1.05,0.52,1,0.5,3,2,1,14,12,1,-6.73,-0.48,0.21428571428571427,0.14285714285714285,0.07142857142857142,0.8571428571428571,0.07142857142857142,18,0.46153846153846156,-2.28,-0.06,39,4,0.23529411764705882,-4.65,-0.27,17,401404027,2022,10
254,Utah Utes,40,0.5063291139240507,8,0.3076923076923077,32,0.6037735849056604,11,0.5789473684210527,8,0.6666666666666666,31,0.4696969696969697,66,0.3333333333333333,0.6666666666666666,-0.28,-0.0,15,0.22727272727272727,22,-4.37,-0.2,6,0.2727272727272727,44,4.09,0.09,25,0.5681818181818182,13,0.23076923076923078,0.7692307692307693,4.39,0.34,7,0.5384615384615384,3,-0.25,-0.08,0,0.0,10,4.64,0.46,7,0.7,9,2,7,13,4,9,8.06,0.62,0.6923076923076923,0.15384615384615385,0.5384615384615384,0.3076923076923077,0.6923076923076923,31,0.5254237288135594,5.78,0.1,59,9,0.45,2.0,0.1,20,401404027,2022,10
84,Indiana Hoosiers,20,0.31746031746031744,9,0.2571428571428571,11,0.39285714285714285,5,0.45454545454545453,5,0.3333333333333333,15,0.3191489361702128,47,0.5319148936170213,0.46808510638297873,-14.58,-0.31,6,0.1276595744680851,25,-10.29,-0.41,7,0.28,22,-4.29,-0.19,8,0.36363636363636365,9,0.5555555555555556,0.4444444444444444,-6.4,-0.71,2,0.2222222222222222,5,-5.79,-1.16,0,0.0,4,-0.61,-0.15,2,0.5,5,2,3,16,10,6,-3.87,-0.24,0.3125,0.125,0.1875,0.625,0.375,16,0.4,-13.24,-0.33,40,4,0.17391304347826086,-5.2,-0.23,23,401405132,2022,10
213,Penn State Nittany Lions,40,0.47619047619047616,19,0.5277777777777778,21,0.4375,12,0.7058823529411765,7,0.4375,31,0.4696969696969697,66,0.3787878787878788,0.6212121212121212,6.73,0.1,16,0.24242424242424243,25,3.88,0.16,13,0.52,41,2.84,0.07,18,0.43902439024390244,12,0.4166666666666667,0.5833333333333334,-3.53,-0.29,2,0.16666666666666666,5,-3.09,-0.62,0,0.0,7,-0.44,-0.06,2,0.2857142857142857,9,6,3,18,11,7,7.98,0.44,0.5,0.3333333333333333,0.16666666666666666,0.6111111111111112,0.3888888888888889,29,0.5087719298245614,6.78,0.12,57,11,0.4074074074074074,7.92,0.29,27,401405132,2022,10
356,Illinois Fighting Illini,42,0.5,24,0.6,18,0.4090909090909091,3,0.21428571428571427,8,0.47058823529411764,33,0.5409836065573771,61,0.39344262295081966,0.6065573770491803,11.63,0.19,16,0.26229508196721313,24,15.71,0.65,16,0.6666666666666666,37,-4.08,-0.11,17,0.4594594594594595,16,0.5625,0.4375,-1.75,-0.11,10,0.625,9,-2.37,-0.26,5,0.5555555555555556,7,0.62,0.09,5,0.7142857142857143,9,8,1,23,16,7,-13.9,-0.6,0.391304347826087,0.34782608695652173,0.043478260869565216,0.6956521739130435,0.30434782608695654,31,0.5,-2.76,-0.04,62,11,0.5,0.49,0.02,22,401405127,2022,10
127,Michigan State Spartans,25,0.43103448275862066,15,0.5,10,0.35714285714285715,7,0.4375,3,0.2727272727272727,21,0.45652173913043476,46,0.45652173913043476,0.5434782608695652,2.25,0.05,11,0.2391304347826087,21,4.07,0.19,12,0.5714285714285714,25,-1.82,-0.07,9,0.36,7,0.5714285714285714,0.42857142857142855,-1.99,-0.28,3,0.42857142857142855,4,-3.05,-0.76,1,0.25,3,1.06,0.35,2,0.6666666666666666,4,3,1,12,9,3,-2.06,-0.17,0.3333333333333333,0.25,0.08333333333333333,0.75,0.25,20,0.46511627906976744,1.77,0.04,43,5,0.3333333333333333,-1.58,-0.11,15,401405127,2022,10
153,North Carolina Tar Heels,38,0.5066666666666667,21,0.5121951219512195,17,0.5,7,0.5833333333333334,7,0.5,29,0.5,58,0.5172413793103449,0.4827586206896552,10.81,0.19,16,0.27586206896551724,30,3.14,0.1,14,0.4666666666666667,28,7.67,0.27,15,0.5357142857142857,13,0.6153846153846154,0.38461538461538464,4.67,0.36,7,0.5384615384615384,8,3.38,0.42,4,0.5,5,1.29,0.26,3,0.6,9,7,2,17,11,6,8.8,0.52,0.5294117647058824,0.4117647058823529,0.11764705882352941,0.6470588235294118,0.35294117647058826,29,0.5087719298245614,7.86,0.14,57,9,0.5,11.75,0.65,18,401411156,2022,10
258,Virginia Cavaliers,39,0.527027027027027,17,0.4722222222222222,22,0.5789473684210527,7,0.6363636363636364,8,0.6153846153846154,30,0.5,60,0.48333333333333334,0.5166666666666667,8.39,0.14,17,0.2833333333333333,29,2.35,0.08,13,0.4482758620689655,31,6.04,0.19,17,0.5483870967741935,15,0.4,0.6,3.78,0.25,7,0.4666666666666667,6,2.06,0.34,2,0.3333333333333333,9,1.72,0.19,5,0.5555555555555556,9,4,5,14,7,7,10.16,0.73,0.6428571428571429,0.2857142857142857,0.35714285714285715,0.5,0.5,29,0.5918367346938775,14.64,0.3,49,10,0.4,3.91,0.16,25,401411156,2022,10
197,Oklahoma State Cowboys,38,0.5135135135135135,25,0.5813953488372093,13,0.41935483870967744,4,0.5,6,0.5454545454545454,32,0.5161290322580645,62,0.5806451612903226,0.41935483870967744,8.81,0.14,17,0.27419354838709675,36,11.05,0.31,22,0.6111111111111112,26,-2.25,-0.09,10,0.38461538461538464,4,0.75,0.25,-2.54,-0.64,3,0.75,3,1.25,0.42,3,1.0,1,-3.79,-3.79,0,0.0,6,3,3,12,7,5,-9.05,-0.75,0.5,0.25,0.25,0.5833333333333334,0.4166666666666667,26,0.4642857142857143,-11.06,-0.2,56,12,0.6666666666666666,10.81,0.6,18,401404106,2022,10
2305,Kansas Jayhawks,35,0.5,16,0.6666666666666666,19,0.41304347826086957,8,0.47058823529411764,7,0.4666666666666667,26,0.49056603773584906,53,0.22641509433962265,0.7735849056603774,17.77,0.34,13,0.24528301886792453,12,4.74,0.39,8,0.6666666666666666,41,13.03,0.32,18,0.43902439024390244,14,0.35714285714285715,0.6428571428571429,10.12,0.72,8,0.5714285714285714,5,5.72,1.14,3,0.6,9,4.4,0.49,5,0.5555555555555556,9,8,1,17,12,5,8.22,0.48,0.5294117647058824,0.47058823529411764,0.058823529411764705,0.7058823529411765,0.29411764705882354,28,0.5384615384615384,12.41,0.24,52,7,0.3888888888888889,13.57,0.75,18,401404106,2022,10
202,Tulsa Golden Hurricane,20,0.3448275862068966,8,0.27586206896551724,12,0.41379310344827586,,,6,0.42857142857142855,13,0.3023255813953488,43,0.46511627906976744,0.5348837209302325,-0.96,-0.02,8,0.18604651162790697,20,0.58,0.03,6,0.3,23,-1.54,-0.07,7,0.30434782608695654,7,0.42857142857142855,0.5714285714285714,2.36,0.34,3,0.42857142857142855,3,3.43,1.14,1,0.3333333333333333,4,-1.07,-0.27,2,0.5,7,2,5,15,9,6,2.06,0.14,0.4666666666666667,0.13333333333333333,0.3333333333333333,0.6,0.4,16,0.42105263157894735,4.39,0.12,38,4,0.2,-3.29,-0.16,20,401415649,2022,10
2655,Tulane Green Wave,32,0.4444444444444444,8,0.38095238095238093,24,0.47058823529411764,4,0.3333333333333333,8,0.5333333333333333,22,0.4,55,0.3090909090909091,0.6909090909090909,7.55,0.14,11,0.2,17,-2.26,-0.13,6,0.35294117647058826,38,9.82,0.26,16,0.42105263157894735,14,0.35714285714285715,0.6428571428571429,-0.69,-0.05,5,0.35714285714285715,5,-3.53,-0.71,1,0.2,9,2.84,0.32,4,0.4444444444444444,10,2,8,17,4,13,6.36,0.37,0.5882352941176471,0.11764705882352941,0.47058823529411764,0.23529411764705882,0.7647058823529411,21,0.40384615384615385,2.69,0.05,52,11,0.55,11.22,0.56,20,401415649,2022,10
183,Syracuse Orange,11,0.23404255319148937,6,0.21428571428571427,5,0.2777777777777778,1,0.3333333333333333,3,0.21428571428571427,8,0.24242424242424243,33,0.5757575757575758,0.3939393939393939,-9.54,-0.29,3,0.09090909090909091,19,-2.56,-0.13,5,0.2631578947368421,13,-5.06,-0.39,3,0.23076923076923078,6,0.5,0.5,-4.34,-0.72,0,0.0,3,-2.35,-0.78,0,0.0,3,-2.0,-0.67,0,0.0,3,1,2,14,9,5,-10.8,-0.77,0.21428571428571427,0.07142857142857142,0.14285714285714285,0.6428571428571429,0.35714285714285715,8,0.3076923076923077,-6.88,-0.26,26,3,0.14285714285714285,-13.46,-0.64,21,401411155,2022,10
221,Pittsburgh Panthers,36,0.5217391304347826,12,0.48,24,0.5454545454545454,5,0.625,7,0.4666666666666667,29,0.5370370370370371,54,0.3333333333333333,0.6666666666666666,1.25,0.02,11,0.2037037037037037,18,0.35,0.02,10,0.5555555555555556,36,0.9,0.02,19,0.5277777777777778,13,0.5384615384615384,0.46153846153846156,0.04,0.0,7,0.5384615384615384,7,2.15,0.31,4,0.5714285714285714,6,-2.11,-0.35,3,0.5,7,2,5,15,7,8,-6.53,-0.44,0.4666666666666667,0.13333333333333333,0.3333333333333333,0.4666666666666667,0.5333333333333333,28,0.5490196078431373,-3.72,-0.07,51,8,0.4444444444444444,-1.56,-0.09,18,401411155,2022,10
152,NC State Wolfpack,27,0.391304347826087,14,0.4375,13,0.35135135135135137,5,0.4166666666666667,6,0.42857142857142855,21,0.38181818181818183,55,0.41818181818181815,0.5818181818181818,-1.8,-0.03,13,0.23636363636363636,23,-0.06,-0.0,10,0.43478260869565216,32,-1.74,-0.05,11,0.34375,16,0.3125,0.6875,5.82,0.36,8,0.5,5,4.04,0.81,3,0.6,11,1.78,0.16,5,0.45454545454545453,6,4,2,14,9,5,7.75,0.55,0.42857142857142855,0.2857142857142857,0.14285714285714285,0.6428571428571429,0.35714285714285715,15,0.35714285714285715,-1.55,-0.04,42,12,0.4444444444444444,7.5,0.28,27,401411154,2022,10
154,Wake Forest Demon Deacons,28,0.3835616438356164,25,0.4807692307692308,3,0.14285714285714285,1,0.25,7,0.4666666666666667,19,0.35185185185185186,54,0.6666666666666666,0.3333333333333333,-11.6,-0.21,11,0.2037037037037037,36,-1.34,-0.04,17,0.4722222222222222,18,-10.26,-0.57,2,0.1111111111111111,6,0.8333333333333334,0.16666666666666666,-2.89,-0.48,1,0.16666666666666666,5,-1.17,-0.23,1,0.2,1,-1.72,-1.72,0,0.0,9,8,1,19,16,3,13.88,0.73,0.47368421052631576,0.42105263157894735,0.05263157894736842,0.8421052631578947,0.15789473684210525,15,0.32608695652173914,-8.13,-0.18,46,13,0.48148148148148145,10.4,0.39,27,401411154,2022,10
235,Memphis Tigers,40,0.5333333333333333,20,0.5128205128205128,20,0.5555555555555556,12,0.5217391304347826,9,0.6428571428571429,31,0.5254237288135594,59,0.4915254237288136,0.5084745762711864,1.58,0.03,15,0.2542372881355932,29,-2.79,-0.1,13,0.4482758620689655,30,4.37,0.15,18,0.6,15,0.6666666666666666,0.3333333333333333,3.08,0.21,7,0.4666666666666667,10,6.03,0.6,6,0.6,5,-2.95,-0.59,1,0.2,9,7,2,16,10,6,8.41,0.53,0.5625,0.4375,0.125,0.625,0.375,31,0.5849056603773585,3.16,0.06,53,9,0.4090909090909091,6.83,0.31,22,401415651,2022,10
2116,UCF Knights,35,0.5,19,0.6129032258064516,16,0.41025641025641024,2,0.2857142857142857,7,0.5,28,0.5,56,0.35714285714285715,0.6428571428571429,10.42,0.19,13,0.23214285714285715,20,7.38,0.37,13,0.65,36,3.05,0.08,15,0.4166666666666667,11,0.7272727272727273,0.2727272727272727,-2.12,-0.19,5,0.45454545454545453,8,-0.22,-0.03,5,0.625,3,-1.9,-0.63,0,0.0,7,6,1,14,11,3,4.9,0.35,0.5,0.42857142857142855,0.07142857142857142,0.7857142857142857,0.21428571428571427,27,0.5294117647058824,14.22,0.28,51,8,0.42105263157894735,1.1,0.06,19,401415651,2022,10
349,Army Black Knights,14,0.2857142857142857,3,0.1875,11,0.3333333333333333,1,0.3333333333333333,4,0.2857142857142857,9,0.28125,32,0.21875,0.78125,-6.84,-0.21,3,0.09375,7,0.9,0.13,3,0.42857142857142855,25,-7.74,-0.31,6,0.24,7,0.42857142857142855,0.5714285714285714,-5.16,-0.74,1,0.14285714285714285,3,-1.76,-0.59,1,0.3333333333333333,4,-3.4,-0.85,0,0.0,5,0,5,17,9,8,-8.79,-0.52,0.29411764705882354,0.0,0.29411764705882354,0.5294117647058824,0.47058823529411764,12,0.34285714285714286,-5.32,-0.15,35,2,0.14285714285714285,-10.31,-0.74,14,401404141,2022,10
2005,Air Force Falcons,32,0.48484848484848486,5,0.35714285714285715,27,0.5192307692307693,3,0.2727272727272727,6,0.42857142857142855,26,0.5,52,0.1346153846153846,0.8653846153846154,2.77,0.05,11,0.21153846153846154,7,2.02,0.29,3,0.42857142857142855,45,0.75,0.02,23,0.5111111111111111,12,0.25,0.75,0.16,0.01,7,0.5833333333333334,3,-2.84,-0.95,1,0.3333333333333333,9,3.0,0.33,6,0.6666666666666666,6,2,4,14,7,7,-3.75,-0.27,0.42857142857142855,0.14285714285714285,0.2857142857142857,0.5,0.5,27,0.5294117647058824,2.38,0.05,51,5,0.3333333333333333,-3.37,-0.22,15,401404141,2022,10
96,Kentucky Wildcats,19,0.3220338983050847,9,0.375,10,0.2857142857142857,4,0.5714285714285714,7,0.4375,12,0.27906976744186046,43,0.3023255813953488,0.6976744186046512,-9.3,-0.22,8,0.18604651162790697,13,-2.91,-0.22,4,0.3076923076923077,30,-6.39,-0.21,8,0.26666666666666666,8,0.25,0.75,-1.23,-0.15,3,0.375,2,-2.11,-1.06,0,0.0,6,0.88,0.15,3,0.5,7,5,2,16,11,5,2.34,0.15,0.4375,0.3125,0.125,0.6875,0.3125,13,0.37142857142857144,-0.8,-0.02,35,6,0.25,-6.16,-0.26,24,401403936,2022,10
142,Missouri Tigers,18,0.3050847457627119,9,0.32142857142857145,9,0.2903225806451613,4,0.5,2,0.15384615384615385,15,0.3488372093023256,43,0.4186046511627907,0.5813953488372093,-5.54,-0.13,8,0.18604651162790697,18,-1.42,-0.08,7,0.3888888888888889,25,-4.11,-0.16,8,0.32,5,0.4,0.6,-6.73,-1.35,0,0.0,2,-1.61,-0.8,0,0.0,3,-5.12,-1.71,0,0.0,3,2,1,16,10,6,-14.9,-0.93,0.1875,0.125,0.0625,0.625,0.375,11,0.3235294117647059,-11.58,-0.34,34,7,0.28,-8.86,-0.35,25,401403936,2022,10
245,Texas A&M Aggies,29,0.4142857142857143,20,0.425531914893617,9,0.391304347826087,4,0.3333333333333333,4,0.3076923076923077,25,0.44642857142857145,56,0.6071428571428571,0.39285714285714285,6.63,0.12,17,0.30357142857142855,34,2.65,0.08,16,0.47058823529411764,22,3.98,0.18,9,0.4090909090909091,15,0.6,0.4,-1.98,-0.13,6,0.4,9,-1.97,-0.22,3,0.3333333333333333,6,-0.02,-0.0,3,0.5,4,4,0,14,13,1,-9.78,-0.7,0.2857142857142857,0.2857142857142857,0.0,0.9285714285714286,0.07142857142857142,19,0.4318181818181818,7.07,0.16,44,10,0.38461538461538464,-10.21,-0.39,26,401403937,2022,10
57,Florida Gators,36,0.4675324675324675,14,0.4666666666666667,22,0.46808510638297873,8,0.38095238095238093,5,0.4166666666666667,30,0.47619047619047616,63,0.3333333333333333,0.6666666666666666,16.73,0.27,20,0.31746031746031744,21,7.16,0.34,11,0.5238095238095238,42,9.57,0.23,19,0.4523809523809524,10,0.6,0.4,-1.77,-0.18,4,0.4,6,0.29,0.05,2,0.3333333333333333,4,-2.06,-0.52,2,0.5,6,3,3,14,9,5,1.87,0.13,0.42857142857142855,0.21428571428571427,0.21428571428571427,0.6428571428571429,0.35714285714285715,24,0.47058823529411764,2.18,0.04,51,12,0.46153846153846156,16.42,0.63,26,401403937,2022,10
158,Nebraska Cornhuskers,19,0.31666666666666665,8,0.27586206896551724,11,0.3548387096774194,3,0.3,5,0.3333333333333333,13,0.3023255813953488,43,0.3953488372093023,0.6046511627906976,-9.37,-0.22,7,0.16279069767441862,17,-5.14,-0.3,6,0.35294117647058826,26,-4.23,-0.16,7,0.2692307692307692,3,0.3333333333333333,0.6666666666666666,-1.77,-0.59,0,0.0,1,-0.8,-0.8,0,0.0,2,-0.97,-0.49,0,0.0,6,2,4,17,12,5,-2.69,-0.16,0.35294117647058826,0.11764705882352941,0.23529411764705882,0.7058823529411765,0.29411764705882354,15,0.40540540540540543,-0.99,-0.03,37,4,0.17391304347826086,-11.07,-0.48,23,401405128,2022,10
135,Minnesota Golden Gophers,29,0.46774193548387094,11,0.5,18,0.45,6,1.0,3,0.3,26,0.5,52,0.3269230769230769,0.6730769230769231,12.76,0.25,15,0.28846153846153844,17,12.18,0.72,11,0.6470588235294118,35,0.58,0.02,15,0.42857142857142855,11,0.5454545454545454,0.45454545454545453,1.29,0.12,7,0.6363636363636364,6,1.11,0.19,3,0.5,5,0.18,0.04,4,0.8,3,0,3,10,5,5,-5.46,-0.55,0.3,0.0,0.3,0.5,0.5,24,0.5217391304347826,11.91,0.26,46,5,0.3125,-4.61,-0.29,16,401405128,2022,10
2294,Iowa Hawkeyes,21,0.3620689655172414,9,0.34615384615384615,12,0.375,2,0.3333333333333333,4,0.2857142857142857,17,0.38636363636363635,44,0.36363636363636365,0.6363636363636364,3.76,0.09,7,0.1590909090909091,16,4.12,0.26,7,0.4375,28,-0.36,-0.01,10,0.35714285714285715,8,0.5,0.5,1.69,0.21,2,0.25,4,-3.0,-0.75,0,0.0,4,4.7,1.17,2,0.5,4,2,2,14,10,4,-7.28,-0.52,0.2857142857142857,0.14285714285714285,0.14285714285714285,0.7142857142857143,0.2857142857142857,15,0.38461538461538464,-3.26,-0.08,39,6,0.3157894736842105,-0.26,-0.01,19,401405130,2022,10
2509,Purdue Boilermakers,25,0.3424657534246575,11,0.24444444444444444,14,0.5,1,0.25,3,0.2,19,0.3584905660377358,53,0.5283018867924528,0.4716981132075472,-12.99,-0.25,9,0.16981132075471697,28,-10.51,-0.38,7,0.25,25,-2.48,-0.1,12,0.48,17,0.6470588235294118,0.35294117647058826,-1.89,-0.11,7,0.4117647058823529,11,-2.78,-0.25,4,0.36363636363636365,6,0.89,0.15,3,0.5,6,4,2,20,17,3,-17.28,-0.86,0.3,0.2,0.1,0.85,0.15,18,0.375,-14.32,-0.3,48,7,0.28,-15.95,-0.64,25,401405130,2022,10
120,Maryland Terrapins,17,0.2698412698412698,6,0.21428571428571427,11,0.3142857142857143,2,1.0,7,0.4117647058823529,9,0.20930232558139536,43,0.3953488372093023,0.6046511627906976,-17.78,-0.41,3,0.06976744186046512,17,-11.61,-0.68,2,0.11764705882352941,26,-6.17,-0.24,7,0.2692307692307692,12,0.5,0.5,1.01,0.08,4,0.3333333333333333,6,-1.79,-0.3,1,0.16666666666666666,6,2.8,0.47,3,0.5,8,4,4,20,11,9,-1.91,-0.1,0.4,0.2,0.2,0.55,0.45,8,0.23529411764705882,-10.11,-0.3,34,9,0.3103448275862069,-9.58,-0.33,29,401405131,2022,10
275,Wisconsin Badgers,19,0.31666666666666665,4,0.21052631578947367,15,0.36585365853658536,4,0.25,4,0.26666666666666666,15,0.3409090909090909,44,0.22727272727272727,0.7727272727272727,1.77,0.04,7,0.1590909090909091,10,-3.31,-0.33,2,0.2,34,5.08,0.15,13,0.38235294117647056,13,0.5384615384615384,0.46153846153846156,-3.89,-0.3,4,0.3076923076923077,7,-2.53,-0.36,2,0.2857142857142857,6,-1.36,-0.23,2,0.3333333333333333,4,2,2,16,9,7,-9.93,-0.62,0.25,0.125,0.125,0.5625,0.4375,15,0.3488372093023256,-0.29,-0.01,43,4,0.23529411764705882,-7.88,-0.46,17,401405131,2022,10
98,Western Kentucky Hilltoppers,29,0.5087719298245614,21,0.5,8,0.5333333333333333,8,0.4444444444444444,5,0.5555555555555556,24,0.5217391304347826,46,0.6956521739130435,0.30434782608695654,26.23,0.57,17,0.3695652173913043,32,20.09,0.63,16,0.5,14,6.13,0.44,8,0.5714285714285714,3,1.0,0.0,5.42,1.81,2,0.6666666666666666,3,5.42,1.81,2,0.6666666666666666,,,,,,5,5,0,11,10,1,4.37,0.4,0.45454545454545453,0.45454545454545453,0.0,0.9090909090909091,0.09090909090909091,20,0.5405405405405406,17.2,0.46,37,9,0.45,13.4,0.67,20,401426598,2022,10
2429,Charlotte 49ers,36,0.45569620253164556,18,0.47368421052631576,18,0.43902439024390244,1,0.5,7,0.5,28,0.45901639344262296,61,0.5081967213114754,0.4918032786885246,-14.17,-0.23,14,0.22950819672131148,31,-9.51,-0.31,15,0.4838709677419355,30,-4.67,-0.16,13,0.43333333333333335,15,0.4666666666666667,0.5333333333333333,3.85,0.26,9,0.6,7,2.39,0.34,4,0.5714285714285714,8,1.46,0.18,5,0.625,8,3,5,18,7,11,1.72,0.1,0.4444444444444444,0.16666666666666666,0.2777777777777778,0.3888888888888889,0.6111111111111112,27,0.5094339622641509,-10.58,-0.2,53,9,0.34615384615384615,-1.87,-0.07,26,401426598,2022,10
259,Virginia Tech Hokies,19,0.296875,7,0.22580645161290322,12,0.3870967741935484,3,0.375,3,0.25,16,0.3076923076923077,52,0.4423076923076923,0.5192307692307693,-37.0,-0.71,13,0.25,23,-14.22,-0.62,6,0.2608695652173913,27,-16.22,-0.6,10,0.37037037037037035,15,0.5333333333333333,0.4666666666666667,-14.31,-0.95,2,0.13333333333333333,8,-10.89,-1.36,0,0.0,7,-3.42,-0.49,2,0.2857142857142857,3,1,2,12,8,4,-9.47,-0.79,0.25,0.08333333333333333,0.16666666666666666,0.6666666666666666,0.3333333333333333,15,0.3333333333333333,-31.26,-0.69,45,4,0.21052631578947367,-15.21,-0.8,19,401411157,2022,10
59,Georgia Tech Yellow Jackets,30,0.38461538461538464,12,0.3157894736842105,18,0.45,3,0.2727272727272727,7,0.4375,22,0.36666666666666664,60,0.4666666666666667,0.5333333333333333,-9.3,-0.15,14,0.23333333333333334,28,-11.06,-0.39,7,0.25,32,1.76,0.06,15,0.46875,20,0.65,0.35,4.07,0.2,9,0.45,13,1.85,0.14,6,0.46153846153846156,7,2.22,0.32,3,0.42857142857142855,8,5,3,18,10,8,7.65,0.43,0.4444444444444444,0.2777777777777778,0.16666666666666666,0.5555555555555556,0.4444444444444444,16,0.3076923076923077,-18.65,-0.36,52,14,0.5384615384615384,17.01,0.65,26,401411157,2022,10
218,Temple Owls,36,0.5538461538461539,22,0.6111111111111112,14,0.4827586206896552,5,0.29411764705882354,7,0.6363636363636364,28,0.5283018867924528,53,0.4716981132075472,0.5283018867924528,28.65,0.54,15,0.2830188679245283,25,15.21,0.61,15,0.6,28,13.43,0.48,13,0.4642857142857143,16,0.375,0.625,19.05,1.19,12,0.75,6,3.87,0.64,4,0.6666666666666666,10,15.18,1.52,8,0.8,8,7,1,12,11,1,11.47,0.96,0.6666666666666666,0.5833333333333334,0.08333333333333333,0.9166666666666666,0.08333333333333333,29,0.58,36.53,0.73,50,7,0.4666666666666667,3.58,0.24,15,401415648,2022,10
58,South Florida Bulls,33,0.4714285714285714,11,0.39285714285714285,22,0.5238095238095238,6,0.5,7,0.4666666666666667,25,0.4807692307692308,52,0.36538461538461536,0.6346153846153846,2.78,0.05,12,0.23076923076923078,19,-2.54,-0.13,7,0.3684210526315789,33,5.33,0.16,18,0.5454545454545454,12,0.4166666666666667,0.5833333333333334,11.32,0.94,8,0.6666666666666666,5,2.82,0.56,3,0.6,7,8.5,1.21,5,0.7142857142857143,8,4,4,18,9,9,2.64,0.15,0.4444444444444444,0.2222222222222222,0.2222222222222222,0.5,0.5,26,0.5652173913043478,15.68,0.34,46,7,0.2916666666666667,-10.26,-0.43,24,401415648,2022,10
276,Marshall Thundering Herd,29,0.3670886075949367,9,0.36,20,0.37037037037037035,2,0.15384615384615385,6,0.3157894736842105,23,0.38333333333333336,60,0.35,0.65,-13.07,-0.22,12,0.2,21,-8.57,-0.41,8,0.38095238095238093,39,-4.5,-0.12,15,0.38461538461538464,17,0.29411764705882354,0.7058823529411765,0.22,0.01,7,0.4117647058823529,5,-1.75,-0.35,2,0.4,12,1.97,0.16,5,0.4166666666666667,6,1,5,19,4,15,-4.93,-0.26,0.3157894736842105,0.05263157894736842,0.2631578947368421,0.21052631578947367,0.7894736842105263,24,0.46153846153846156,-1.68,-0.03,52,5,0.18518518518518517,-16.32,-0.6,27,401426366,2022,10
295,Old Dominion Monarchs,14,0.23333333333333334,13,0.2653061224489796,1,0.09090909090909091,,,2,0.14285714285714285,12,0.2727272727272727,44,0.7727272727272727,0.22727272727272727,-22.08,-0.5,8,0.18181818181818182,34,-17.51,-0.52,11,0.3235294117647059,10,-4.56,-0.46,1,0.1,8,0.875,0.125,-1.71,-0.21,3,0.375,7,-1.58,-0.23,3,0.42857142857142855,1,-0.13,-0.13,0,0.0,2,2,0,16,15,1,-17.65,-1.1,0.125,0.125,0.0,0.9375,0.0625,8,0.24242424242424243,-24.09,-0.73,33,6,0.2222222222222222,-15.63,-0.58,27,401426366,2022,10
201,Oklahoma Sooners,9,0.34615384615384615,6,0.46153846153846156,3,0.23076923076923078,4,0.6666666666666666,2,0.4,7,0.35,20,0.45,0.55,-3.69,-0.18,7,0.35,9,4.35,0.48,5,0.5555555555555556,11,-8.04,-0.73,2,0.18181818181818182,5,0.8,0.2,-4.49,-0.9,2,0.4,4,-1.04,-0.26,2,0.5,1,-3.45,-3.45,0,0.0,2,1,1,6,4,2,-1.42,-0.24,0.3333333333333333,0.16666666666666666,0.16666666666666666,0.6666666666666666,0.3333333333333333,6,0.3,-6.5,-0.33,20,3,0.5,1.39,0.23,6,401404104,2022,10
239,Baylor Bears,17,0.6538461538461539,3,0.6,14,0.6666666666666666,6,0.6666666666666666,3,0.6,13,0.65,20,0.2,0.8,2.26,0.11,5,0.25,4,-3.75,-0.94,2,0.5,16,6.0,0.38,11,0.6875,1,1.0,0.0,-3.83,-3.83,0,0.0,1,-3.83,-3.83,0,0.0,,,,,,4,1,3,6,1,5,7.75,1.29,0.6666666666666666,0.16666666666666666,0.5,0.16666666666666666,0.8333333333333334,15,0.7142857142857143,14.26,0.68,21,2,0.4,-4.26,-0.85,5,401404104,2022,10
2247,Georgia State Panthers,37,0.4868421052631579,10,0.4166666666666667,27,0.5192307692307693,9,0.8181818181818182,5,0.4166666666666667,32,0.5079365079365079,63,0.2857142857142857,0.7142857142857143,10.98,0.17,20,0.31746031746031744,18,-1.88,-0.1,8,0.4444444444444444,45,12.86,0.29,24,0.5333333333333333,7,0.2857142857142857,0.7142857142857143,7.02,1.0,4,0.5714285714285714,2,1.05,0.52,1,0.5,5,5.97,1.19,3,0.6,5,2,3,13,6,7,-5.85,-0.45,0.38461538461538464,0.15384615384615385,0.23076923076923078,0.46153846153846156,0.5384615384615384,31,0.5254237288135594,8.26,0.14,59,6,0.35294117647058826,-3.13,-0.18,17,401426369,2022,10
2572,Southern Miss Golden Eagles,17,0.2833333333333333,11,0.28205128205128205,6,0.2857142857142857,2,0.6666666666666666,3,0.21428571428571427,12,0.2727272727272727,44,0.6136363636363636,0.38636363636363635,-9.75,-0.22,7,0.1590909090909091,27,-9.95,-0.37,7,0.25925925925925924,17,0.19,0.01,5,0.29411764705882354,15,0.6666666666666666,0.3333333333333333,-5.5,-0.37,6,0.4,10,-5.07,-0.51,4,0.4,5,-0.43,-0.09,2,0.4,5,4,1,16,12,4,-0.6,-0.04,0.3125,0.25,0.0625,0.75,0.25,10,0.3125,-13.37,-0.42,32,7,0.25,3.02,0.11,28,401426369,2022,10
2393,Middle Tennessee Blue Raiders,31,0.37349397590361444,16,0.35555555555555557,15,0.39473684210526316,5,0.2631578947368421,5,0.3125,23,0.3770491803278688,61,0.45901639344262296,0.5409836065573771,5.95,0.1,11,0.18032786885245902,28,3.8,0.14,12,0.42857142857142855,33,2.16,0.07,11,0.3333333333333333,9,0.5555555555555556,0.4444444444444444,3.1,0.34,6,0.6666666666666666,5,2.13,0.43,4,0.8,4,0.97,0.24,2,0.5,8,4,4,22,17,5,-8.85,-0.4,0.36363636363636365,0.18181818181818182,0.18181818181818182,0.7727272727272727,0.22727272727272727,20,0.36363636363636365,-6.19,-0.11,55,11,0.39285714285714285,3.29,0.12,28,401426600,2022,10
2348,Louisiana Tech Bulldogs,25,0.35714285714285715,13,0.3333333333333333,12,0.3870967741935484,4,0.21052631578947367,5,0.3333333333333333,20,0.37735849056603776,53,0.5094339622641509,0.49056603773584906,5.36,0.1,11,0.20754716981132076,27,7.06,0.26,10,0.37037037037037035,26,-1.71,-0.07,10,0.38461538461538464,6,0.6666666666666666,0.3333333333333333,1.65,0.27,4,0.6666666666666666,4,1.48,0.37,2,0.5,2,0.17,0.08,2,1.0,5,3,2,17,12,5,-3.36,-0.2,0.29411764705882354,0.17647058823529413,0.11764705882352941,0.7058823529411765,0.29411764705882354,16,0.36363636363636365,1.08,0.02,44,9,0.34615384615384615,0.91,0.04,26,401426600,2022,10
265,Washington State Cougars,36,0.5373134328358209,14,0.42424242424242425,22,0.6470588235294118,5,0.35714285714285715,5,0.45454545454545453,30,0.5454545454545454,55,0.5272727272727272,0.4727272727272727,16.45,0.3,14,0.2545454545454545,29,1.54,0.05,13,0.4482758620689655,26,14.91,0.57,17,0.6538461538461539,9,0.4444444444444444,0.5555555555555556,6.32,0.7,3,0.3333333333333333,4,2.5,0.63,1,0.25,5,3.82,0.76,2,0.4,6,1,5,12,4,8,1.14,0.09,0.5,0.08333333333333333,0.4166666666666667,0.3333333333333333,0.6666666666666666,31,0.62,21.34,0.43,50,5,0.29411764705882354,-3.75,-0.22,17,401404032,2022,10
24,Stanford Cardinal,29,0.42028985507246375,15,0.3409090909090909,14,0.5833333333333334,2,0.2222222222222222,4,0.3333333333333333,25,0.45454545454545453,55,0.6727272727272727,0.3090909090909091,-2.96,-0.05,12,0.21818181818181817,37,-0.26,-0.01,14,0.3783783783783784,17,4.22,0.25,11,0.6470588235294118,12,0.5,0.5,3.4,0.28,9,0.75,6,0.83,0.14,4,0.6666666666666666,6,2.58,0.43,5,0.8333333333333334,4,1,3,14,7,7,-15.15,-1.08,0.2857142857142857,0.07142857142857142,0.21428571428571427,0.5,0.5,22,0.4489795918367347,-14.48,-0.3,49,7,0.35,-3.62,-0.18,20,401404032,2022,10
277,West Virginia Mountaineers,20,0.40816326530612246,10,0.3448275862068966,10,0.5,1,1.0,2,0.16666666666666666,18,0.4864864864864865,37,0.5675675675675675,0.43243243243243246,1.69,0.05,6,0.16216216216216217,21,1.71,0.08,9,0.42857142857142855,16,-0.03,-0.0,9,0.5625,8,0.5,0.5,7.28,0.91,6,0.75,4,6.1,1.52,3,0.75,4,1.18,0.3,3,0.75,2,1,1,12,8,4,-10.21,-0.85,0.16666666666666666,0.08333333333333333,0.08333333333333333,0.6666666666666666,0.3333333333333333,16,0.47058823529411764,-2.9,-0.09,34,4,0.26666666666666666,-5.63,-0.38,15,401404105,2022,10
66,Iowa State Cyclones,32,0.4444444444444444,17,0.4358974358974359,15,0.45454545454545453,6,0.42857142857142855,4,0.3076923076923077,27,0.46551724137931033,58,0.4482758620689655,0.5517241379310345,10.43,0.18,16,0.27586206896551724,26,5.38,0.21,13,0.5,32,5.06,0.16,14,0.4375,13,0.6153846153846154,0.38461538461538464,0.84,0.06,6,0.46153846153846156,8,-0.27,-0.03,4,0.5,5,1.11,0.22,2,0.4,5,4,1,14,13,1,-3.05,-0.22,0.35714285714285715,0.2857142857142857,0.07142857142857142,0.9285714285714286,0.07142857142857142,23,0.45098039215686275,6.43,0.13,51,9,0.42857142857142855,0.96,0.05,21,401404105,2022,10
167,New Mexico Lobos,19,0.296875,2,0.09523809523809523,17,0.40476190476190477,0,0.0,6,0.375,13,0.2765957446808511,47,0.23404255319148937,0.7446808510638298,-14.63,-0.31,8,0.1702127659574468,11,-6.93,-0.63,0,0.0,35,1.58,0.05,13,0.37142857142857144,2,1.0,0.0,-0.26,-0.13,0,0.0,2,-0.26,-0.13,0,0.0,,,,,,6,2,4,17,10,7,-5.69,-0.33,0.35294117647058826,0.11764705882352941,0.23529411764705882,0.5882352941176471,0.4117647058823529,16,0.3404255319148936,-9.86,-0.21,47,3,0.17647058823529413,-10.46,-0.62,17,401415252,2022,10
328,Utah State Aggies,21,0.3,9,0.3103448275862069,12,0.2926829268292683,2,0.3333333333333333,4,0.25,13,0.26,50,0.4,0.6,-14.73,-0.29,5,0.1,20,-4.29,-0.21,6,0.3,30,-10.44,-0.35,7,0.23333333333333334,15,0.5333333333333333,0.4666666666666667,-2.15,-0.14,5,0.3333333333333333,8,-0.95,-0.12,3,0.375,7,-1.2,-0.17,2,0.2857142857142857,8,3,5,20,9,11,3.53,0.18,0.4,0.15,0.25,0.45,0.55,16,0.34782608695652173,-2.27,-0.05,46,5,0.20833333333333334,-8.93,-0.37,24,401415252,2022,10
5,UAB Blazers,33,0.4852941176470588,19,0.5135135135135135,14,0.45161290322580644,5,0.3333333333333333,5,0.4166666666666667,25,0.4807692307692308,52,0.4807692307692308,0.5192307692307693,17.56,0.34,13,0.25,25,9.21,0.37,13,0.52,27,8.35,0.31,12,0.4444444444444444,21,0.5714285714285714,0.42857142857142855,7.93,0.38,10,0.47619047619047616,12,6.82,0.57,5,0.4166666666666667,9,1.11,0.12,5,0.5555555555555556,8,6,2,16,12,4,9.61,0.6,0.5,0.375,0.125,0.75,0.25,23,0.5476190476190477,8.09,0.19,42,10,0.38461538461538464,19.08,0.73,26,401426602,2022,10
2636,UTSA Roadrunners,31,0.484375,17,0.5862068965517241,14,0.4,5,0.4166666666666667,8,0.5714285714285714,23,0.46,50,0.4,0.6,7.83,0.16,13,0.26,20,7.97,0.4,12,0.6,30,-0.13,-0.0,11,0.36666666666666664,6,0.5,0.5,-1.25,-0.21,3,0.5,3,-1.65,-0.55,1,0.3333333333333333,3,0.4,0.13,2,0.6666666666666666,8,5,3,14,9,5,9.62,0.69,0.5714285714285714,0.35714285714285715,0.21428571428571427,0.6428571428571429,0.35714285714285715,24,0.5454545454545454,11.96,0.27,44,7,0.35,5.5,0.27,20,401426602,2022,10
2335,Liberty Flames,24,0.39344262295081966,12,0.41379310344827586,12,0.375,3,0.6,7,0.4666666666666667,17,0.37777777777777777,45,0.5111111111111111,0.4888888888888889,-1.63,-0.04,7,0.15555555555555556,23,2.85,0.12,10,0.43478260869565216,22,-4.48,-0.2,7,0.3181818181818182,11,0.5454545454545454,0.45454545454545453,5.14,0.47,5,0.45454545454545453,6,6.65,1.11,3,0.5,5,-1.5,-0.3,2,0.4,7,2,5,16,6,10,-2.2,-0.14,0.4375,0.125,0.3125,0.375,0.625,15,0.35714285714285715,-9.95,-0.24,42,9,0.47368421052631576,6.12,0.32,19,401403932,2022,10
8,Arkansas Razorbacks,28,0.358974358974359,15,0.375,13,0.34210526315789475,3,0.6,4,0.25,20,0.35714285714285715,56,0.375,0.625,-13.66,-0.24,12,0.21428571428571427,21,-5.3,-0.25,8,0.38095238095238093,35,-8.36,-0.24,12,0.34285714285714286,2,1.0,0.0,0.28,0.14,1,0.5,2,0.28,0.14,1,0.5,,,,,,8,7,1,22,19,3,9.53,0.43,0.36363636363636365,0.3181818181818182,0.045454545454545456,0.8636363636363636,0.13636363636363635,19,0.4222222222222222,-2.71,-0.06,45,9,0.2727272727272727,-1.43,-0.04,33,401403932,2022,10
2132,Cincinnati Bearcats,23,0.4339622641509434,18,0.5142857142857142,5,0.2777777777777778,1,0.2,3,0.2727272727272727,18,0.45,40,0.675,0.325,2.01,0.05,10,0.25,27,6.62,0.25,15,0.5555555555555556,13,-4.6,-0.35,3,0.23076923076923078,12,0.6666666666666666,0.3333333333333333,4.09,0.34,6,0.5,8,4.18,0.52,4,0.5,4,-0.08,-0.02,2,0.5,5,3,2,13,8,5,6.23,0.48,0.38461538461538464,0.23076923076923078,0.15384615384615385,0.6153846153846154,0.38461538461538464,12,0.3870967741935484,-0.38,-0.01,31,11,0.5,8.63,0.39,22,401415650,2022,10
2426,Navy Midshipmen,24,0.4067796610169492,4,0.5,20,0.39215686274509803,3,0.23076923076923078,6,0.42857142857142855,16,0.37209302325581395,43,0.11627906976744186,0.8837209302325582,-3.04,-0.07,7,0.16279069767441862,5,2.55,0.51,3,0.6,38,-5.59,-0.15,13,0.34210526315789475,4,0.25,0.75,-1.65,-0.41,1,0.25,1,-0.05,-0.05,0,0.0,3,-1.6,-0.53,1,0.3333333333333333,8,1,7,16,3,13,7.21,0.45,0.5,0.0625,0.4375,0.1875,0.8125,19,0.4523809523809524,1.75,0.04,42,5,0.29411764705882354,2.42,0.14,17,401415650,2022,10
290,Georgia Southern Eagles,27,0.43548387096774194,22,0.4888888888888889,5,0.29411764705882354,3,0.3333333333333333,4,0.3333333333333333,23,0.46938775510204084,49,0.7551020408163265,0.24489795918367346,-0.86,-0.02,10,0.20408163265306123,37,2.55,0.07,20,0.5405405405405406,12,-3.41,-0.28,3,0.25,22,0.8181818181818182,0.18181818181818182,-1.46,-0.07,11,0.5,18,1.89,0.11,10,0.5555555555555556,4,-3.35,-0.84,1,0.25,4,2,2,13,8,5,-3.65,-0.28,0.3076923076923077,0.15384615384615385,0.15384615384615385,0.6153846153846154,0.38461538461538464,19,0.4634146341463415,-2.62,-0.06,41,8,0.38095238095238093,-1.89,-0.09,21,401426365,2022,10
6,South Alabama Jaguars,43,0.5375,12,0.3870967741935484,31,0.6326530612244898,9,0.5294117647058824,7,0.5,35,0.5384615384615384,65,0.36923076923076925,0.6307692307692307,11.81,0.18,18,0.27692307692307694,24,-2.17,-0.09,10,0.4166666666666667,41,13.98,0.34,25,0.6097560975609756,8,0.75,0.25,-1.75,-0.22,3,0.375,6,-3.89,-0.65,1,0.16666666666666666,2,2.14,1.07,2,1.0,8,2,6,15,7,8,11.36,0.76,0.5333333333333333,0.13333333333333333,0.4,0.4666666666666667,0.5333333333333333,35,0.5932203389830508,26.48,0.45,59,8,0.38095238095238093,-3.31,-0.16,21,401426365,2022,10
2229,Florida International Panthers,19,0.296875,11,0.28205128205128205,8,0.32,3,1.0,5,0.3125,12,0.2608695652173913,46,0.5869565217391305,0.41304347826086957,-15.26,-0.33,5,0.10869565217391304,27,-16.79,-0.62,6,0.2222222222222222,19,1.53,0.08,6,0.3157894736842105,15,0.6666666666666666,0.3333333333333333,-0.79,-0.05,5,0.3333333333333333,10,1.61,0.16,5,0.5,5,-2.4,-0.48,0,0.0,7,5,2,18,12,6,11.18,0.62,0.3888888888888889,0.2777777777777778,0.1111111111111111,0.6666666666666666,0.3333333333333333,12,0.35294117647058826,-0.39,-0.01,34,7,0.23333333333333334,-3.68,-0.12,30,401426599,2022,10
249,North Texas Mean Green,37,0.4868421052631579,19,0.5428571428571428,18,0.43902439024390244,9,0.5,12,0.8,25,0.4098360655737705,61,0.4262295081967213,0.5737704918032787,2.67,0.04,12,0.19672131147540983,26,6.64,0.26,13,0.5,35,-3.97,-0.11,12,0.34285714285714286,10,0.5,0.5,-6.52,-0.65,4,0.4,5,-6.15,-1.23,2,0.4,5,-0.37,-0.07,2,0.4,12,6,6,15,9,6,12.81,0.85,0.8,0.4,0.4,0.6,0.4,26,0.45614035087719296,3.51,0.06,57,11,0.5789473684210527,11.98,0.63,19,401426599,2022,10
2653,Troy Trojans,28,0.4057971014492754,14,0.3684210526315789,14,0.45161290322580644,3,0.3,5,0.35714285714285715,21,0.39622641509433965,53,0.5283018867924528,0.4716981132075472,3.17,0.06,11,0.20754716981132076,28,-1.01,-0.04,10,0.35714285714285715,25,4.18,0.17,11,0.44,3,0.6666666666666666,0.3333333333333333,-1.24,-0.41,0,0.0,2,-0.75,-0.37,0,0.0,1,-0.5,-0.5,0,0.0,7,4,3,16,10,6,7.79,0.49,0.4375,0.25,0.1875,0.625,0.375,18,0.3829787234042553,1.55,0.03,47,10,0.45454545454545453,9.41,0.43,22,401426367,2022,10
309,Louisiana Ragin' Cajuns,29,0.4027777777777778,8,0.25806451612903225,21,0.5121951219512195,5,0.45454545454545453,7,0.4375,21,0.38181818181818183,55,0.43636363636363634,0.5636363636363636,-0.61,-0.01,10,0.18181818181818182,24,-2.02,-0.08,8,0.3333333333333333,31,1.41,0.05,13,0.41935483870967744,21,0.47619047619047616,0.5238095238095238,1.96,0.09,10,0.47619047619047616,10,-1.96,-0.2,4,0.4,11,3.92,0.36,6,0.5454545454545454,8,0,8,17,7,10,-1.04,-0.06,0.47058823529411764,0.0,0.47058823529411764,0.4117647058823529,0.5882352941176471,25,0.49019607843137253,6.3,0.12,51,4,0.19047619047619047,-7.95,-0.38,21,401426367,2022,10
326,Texas State Bobcats,30,0.410958904109589,15,0.35714285714285715,15,0.4838709677419355,5,0.5,10,0.5555555555555556,20,0.37735849056603776,53,0.5094339622641509,0.49056603773584906,-1.25,-0.02,7,0.1320754716981132,27,-1.89,-0.07,7,0.25925925925925924,26,0.64,0.02,13,0.5,13,0.6923076923076923,0.3076923076923077,-6.34,-0.49,3,0.23076923076923078,9,-2.44,-0.27,2,0.2222222222222222,4,-3.9,-0.97,1,0.25,10,8,2,20,15,5,1.47,0.07,0.5,0.4,0.1,0.75,0.25,23,0.46,2.04,0.04,50,7,0.30434782608695654,-1.81,-0.08,23,401426368,2022,10
2433,UL Monroe Warhawks,27,0.39705882352941174,19,0.4318181818181818,8,0.3333333333333333,5,0.3333333333333333,7,0.5,19,0.3584905660377358,53,0.6981132075471698,0.3018867924528302,-0.91,-0.02,9,0.16981132075471697,37,4.72,0.13,14,0.3783783783783784,16,-5.63,-0.35,5,0.3125,19,0.7368421052631579,0.2631578947368421,3.24,0.17,9,0.47368421052631576,14,1.32,0.09,6,0.42857142857142855,5,1.93,0.39,3,0.6,8,5,3,15,7,8,6.79,0.45,0.5333333333333333,0.3333333333333333,0.2,0.4666666666666667,0.5333333333333333,13,0.35135135135135137,1.7,0.05,37,14,0.45161290322580644,4.18,0.13,31,401426368,2022,10
2439,UNLV Rebels,22,0.36065573770491804,11,0.36666666666666664,11,0.3548387096774194,0,0.0,5,0.35714285714285715,17,0.3617021276595745,47,0.425531914893617,0.574468085106383,-11.24,-0.24,8,0.1702127659574468,20,-4.44,-0.22,8,0.4,27,-6.8,-0.25,9,0.3333333333333333,8,0.5,0.5,-2.56,-0.32,3,0.375,4,-2.2,-0.55,2,0.5,4,-0.36,-0.09,1,0.25,5,3,2,14,10,4,-5.03,-0.36,0.35714285714285715,0.21428571428571427,0.14285714285714285,0.7142857142857143,0.2857142857142857,17,0.4146341463414634,1.41,0.03,41,5,0.25,-17.69,-0.88,20,401415254,2022,10
21,San Diego State Aztecs,28,0.4,14,0.3783783783783784,14,0.42424242424242425,,,4,0.2857142857142857,23,0.42592592592592593,54,0.5185185185185185,0.48148148148148145,0.97,0.02,12,0.2222222222222222,28,3.2,0.11,13,0.4642857142857143,26,-2.23,-0.09,10,0.38461538461538464,17,0.7647058823529411,0.23529411764705882,0.66,0.04,7,0.4117647058823529,13,1.73,0.13,6,0.46153846153846156,4,-1.07,-0.27,1,0.25,5,1,4,16,9,7,-10.95,-0.68,0.3125,0.0625,0.25,0.5625,0.4375,21,0.4375,-4.65,-0.1,48,7,0.3181818181818182,-5.33,-0.24,22,401415254,2022,10
248,Houston Cougars,45,0.6338028169014085,34,0.6071428571428571,11,0.7333333333333333,6,0.5454545454545454,1,0.2,41,0.6612903225806451,62,0.7741935483870968,0.22580645161290322,28.88,0.47,25,0.4032258064516129,48,11.63,0.24,30,0.625,14,17.25,1.23,11,0.7857142857142857,13,0.8461538461538461,0.15384615384615385,14.93,1.15,12,0.9230769230769231,11,13.36,1.21,10,0.9090909090909091,2,1.57,0.79,2,1.0,4,4,0,9,8,1,14.79,1.64,0.4444444444444444,0.4444444444444444,0.0,0.8888888888888888,0.1111111111111111,36,0.6923076923076923,26.53,0.51,52,9,0.47368421052631576,17.14,0.9,19,401415652,2022,10
2567,SMU Mustangs,43,0.5375,21,0.5675675675675675,22,0.5116279069767442,13,0.5,9,0.6923076923076923,31,0.484375,64,0.46875,0.53125,19.79,0.31,17,0.265625,30,16.52,0.55,16,0.5333333333333333,34,3.27,0.1,15,0.4411764705882353,15,0.6666666666666666,0.3333333333333333,7.65,0.51,8,0.5333333333333333,10,6.05,0.6,6,0.6,5,1.6,0.32,2,0.4,12,5,7,16,7,9,18.22,1.14,0.75,0.3125,0.4375,0.4375,0.5625,30,0.5084745762711864,21.86,0.37,59,13,0.6190476190476191,16.15,0.77,21,401415652,2022,10
344,Mississippi State Bulldogs,32,0.4050632911392405,27,0.4090909090909091,5,0.38461538461538464,3,0.5,6,0.375,24,0.4,60,0.85,0.15,3.24,0.05,12,0.2,51,2.87,0.06,20,0.39215686274509803,9,0.37,0.04,4,0.4444444444444444,14,0.9285714285714286,0.07142857142857142,-5.42,-0.39,4,0.2857142857142857,13,-1.4,-0.11,4,0.3076923076923077,1,-4.02,-4.02,0,0.0,7,7,0,18,15,3,-6.02,-0.33,0.3888888888888889,0.3888888888888889,0.0,0.8333333333333334,0.16666666666666666,21,0.44680851063829785,3.29,0.07,47,10,0.3225806451612903,-6.07,-0.2,31,401403935,2022,10
2,Auburn Tigers,22,0.3235294117647059,5,0.19230769230769232,17,0.40476190476190477,5,0.38461538461538464,9,0.5,13,0.2708333333333333,48,0.3333333333333333,0.6666666666666666,-5.27,-0.11,5,0.10416666666666667,16,-5.55,-0.35,3,0.1875,32,0.29,0.01,10,0.3125,9,0.6666666666666666,0.3333333333333333,-4.38,-0.49,1,0.1111111111111111,6,-2.17,-0.36,1,0.16666666666666666,3,-2.21,-0.74,0,0.0,9,2,7,20,10,10,-1.42,-0.07,0.45,0.1,0.35,0.5,0.5,13,0.34210526315789475,1.37,0.04,38,9,0.3,-8.07,-0.27,30,401403935,2022,10
2579,South Carolina Gamecocks,26,0.45614035087719296,13,0.4642857142857143,13,0.4482758620689655,2,0.3333333333333333,6,0.5,20,0.45454545454545453,44,0.4318181818181818,0.5681818181818182,9.97,0.23,9,0.20454545454545456,19,8.47,0.45,9,0.47368421052631576,25,1.49,0.06,11,0.44,11,0.6363636363636364,0.36363636363636365,4.95,0.45,6,0.5454545454545454,7,4.66,0.67,4,0.5714285714285714,4,0.29,0.07,2,0.5,6,4,2,13,9,4,4.77,0.37,0.46153846153846156,0.3076923076923077,0.15384615384615385,0.6923076923076923,0.3076923076923077,18,0.5,12.26,0.34,36,8,0.38095238095238093,2.48,0.12,21,401403938,2022,10
238,Vanderbilt Commodores,35,0.5,12,0.36363636363636365,23,0.6216216216216216,5,0.7142857142857143,3,0.3333333333333333,31,0.5254237288135594,59,0.4406779661016949,0.559322033898305,9.11,0.15,15,0.2542372881355932,26,1.06,0.04,11,0.4230769230769231,33,8.06,0.24,20,0.6060606060606061,12,0.25,0.75,-1.11,-0.09,6,0.5,3,-2.76,-0.92,1,0.3333333333333333,9,1.64,0.18,5,0.5555555555555556,4,1,3,11,7,4,-5.54,-0.5,0.36363636363636365,0.09090909090909091,0.2727272727272727,0.6363636363636364,0.36363636363636365,29,0.5370370370370371,2.32,0.04,54,6,0.375,1.25,0.08,16,401403938,2022,10
97,Louisville Cardinals,29,0.46774193548387094,14,0.6363636363636364,15,0.375,6,0.46153846153846156,5,0.4166666666666667,23,0.4791666666666667,48,0.3125,0.6875,13.91,0.29,13,0.2708333333333333,15,7.97,0.53,10,0.6666666666666666,33,5.94,0.18,13,0.3939393939393939,16,0.375,0.625,5.45,0.34,8,0.5,6,5.84,0.97,4,0.6666666666666666,10,-0.38,-0.04,4,0.4,6,4,2,14,7,7,1.4,0.1,0.42857142857142855,0.2857142857142857,0.14285714285714285,0.5,0.5,23,0.5,10.69,0.23,46,6,0.375,4.62,0.29,16,401411152,2022,10
256,James Madison Dukes,14,0.27450980392156865,3,0.2,11,0.3055555555555556,3,0.6,4,0.3076923076923077,10,0.2702702702702703,37,0.16216216216216217,0.8378378378378378,-6.88,-0.19,5,0.13513513513513514,6,-3.5,-0.58,0,0.0,31,-3.38,-0.11,10,0.3225806451612903,4,0.0,1.0,3.74,0.94,4,1.0,,,,,,4,3.74,0.94,4,1.0,4,3,1,14,9,5,-7.57,-0.54,0.2857142857142857,0.21428571428571427,0.07142857142857142,0.6428571428571429,0.35714285714285715,10,0.3333333333333333,-6.11,-0.2,30,4,0.19047619047619047,-8.35,-0.4,21,401411152,2022,10
52,Florida State Seminoles,32,0.5079365079365079,9,0.47368421052631576,23,0.5227272727272727,10,0.5263157894736842,6,0.5454545454545454,25,0.49019607843137253,51,0.27450980392156865,0.7254901960784313,10.51,0.21,11,0.21568627450980393,14,8.38,0.6,7,0.5,37,2.13,0.06,18,0.4864864864864865,8,0.625,0.375,2.48,0.31,3,0.375,5,3.69,0.74,2,0.4,3,-1.21,-0.4,1,0.3333333333333333,7,2,5,12,5,7,6.73,0.56,0.5833333333333334,0.16666666666666666,0.4166666666666667,0.4166666666666667,0.5833333333333334,27,0.5869565217391305,21.27,0.46,46,5,0.29411764705882354,-4.03,-0.24,17,401411153,2022,10
2390,Miami Hurricanes,19,0.36538461538461536,6,0.2727272727272727,13,0.43333333333333335,3,0.42857142857142855,5,0.38461538461538464,14,0.358974358974359,39,0.41025641025641024,0.5897435897435898,-5.91,-0.15,8,0.20512820512820512,16,-9.31,-0.58,5,0.3125,23,3.39,0.15,9,0.391304347826087,8,0.375,0.625,-2.34,-0.29,2,0.25,3,-0.62,-0.21,1,0.3333333333333333,5,-1.72,-0.34,1,0.2,5,1,4,13,6,7,-12.62,-0.97,0.38461538461538464,0.07692307692307693,0.3076923076923077,0.46153846153846156,0.5384615384615384,14,0.42424242424242425,-3.69,-0.11,33,5,0.2631578947368421,-14.84,-0.78,19,401411153,2022,10
36,Colorado State Rams,31,0.4025974025974026,15,0.30612244897959184,16,0.5714285714285714,3,0.23076923076923078,5,0.35714285714285715,24,0.4,60,0.5833333333333334,0.4166666666666667,-0.15,-0.0,18,0.3,35,-8.76,-0.25,11,0.3142857142857143,25,8.61,0.34,13,0.52,6,0.6666666666666666,0.3333333333333333,2.84,0.47,3,0.5,4,-0.28,-0.07,1,0.25,2,3.12,1.56,2,1.0,7,4,3,17,14,3,7.7,0.45,0.4117647058823529,0.23529411764705882,0.17647058823529413,0.8235294117647058,0.17647058823529413,23,0.4423076923076923,1.37,0.03,52,8,0.32,6.17,0.25,25,401415251,2022,10
23,San José State Spartans,29,0.4603174603174603,20,0.45454545454545453,9,0.47368421052631576,5,0.5555555555555556,3,0.2727272727272727,24,0.48,50,0.66,0.34,10.79,0.22,15,0.3,33,6.14,0.19,16,0.48484848484848486,17,4.64,0.27,8,0.47058823529411764,13,0.6923076923076923,0.3076923076923077,3.25,0.25,7,0.5384615384615384,9,1.0,0.11,4,0.4444444444444444,4,2.25,0.56,3,0.75,5,4,1,13,11,2,1.34,0.1,0.38461538461538464,0.3076923076923077,0.07692307692307693,0.8461538461538461,0.15384615384615385,23,0.5,11.47,0.25,46,6,0.35294117647058826,0.66,0.04,17,401415251,2022,10
278,Fresno State Bulldogs,42,0.6268656716417911,21,0.7,21,0.5675675675675675,4,0.36363636363636365,8,0.6666666666666666,33,0.6111111111111112,54,0.42592592592592593,0.5740740740740741,20.98,0.39,15,0.2777777777777778,23,15.97,0.69,16,0.6956521739130435,31,5.02,0.16,17,0.5483870967741935,18,0.3333333333333333,0.6666666666666666,7.08,0.39,12,0.6666666666666666,6,5.49,0.91,4,0.6666666666666666,12,1.59,0.13,8,0.6666666666666666,9,5,4,13,7,6,9.65,0.74,0.6923076923076923,0.38461538461538464,0.3076923076923077,0.5384615384615384,0.46153846153846156,32,0.6153846153846154,21.68,0.42,52,10,0.6666666666666666,8.95,0.6,15,401415253,2022,10
62,Hawai'i Rainbow Warriors,31,0.4305555555555556,13,0.3170731707317073,18,0.5806451612903226,4,0.8,6,0.4,24,0.4528301886792453,53,0.5283018867924528,0.4716981132075472,-5.83,-0.11,13,0.24528301886792453,28,-10.46,-0.37,9,0.32142857142857145,25,4.63,0.19,15,0.6,,,,,,,,,,,,,,,,,,7,4,3,19,13,6,-2.63,-0.14,0.3684210526315789,0.21052631578947367,0.15789473684210525,0.6842105263157895,0.3157894736842105,22,0.5,-1.93,-0.04,44,9,0.32142857142857145,-6.53,-0.23,28,401415253,2022,10
195,Ohio Bobcats,40,0.5128205128205128,21,0.5675675675675675,19,0.4634146341463415,8,0.4444444444444444,11,0.6875,29,0.46774193548387094,62,0.41935483870967744,0.5806451612903226,11.59,0.19,15,0.24193548387096775,26,11.26,0.43,13,0.5,36,0.33,0.01,16,0.4444444444444444,15,0.3333333333333333,0.6666666666666666,2.89,0.19,9,0.6,5,3.03,0.61,3,0.6,10,-0.14,-0.01,6,0.6,11,8,3,16,11,5,13.59,0.85,0.6875,0.5,0.1875,0.6875,0.3125,23,0.46,7.7,0.15,50,17,0.6071428571428571,17.48,0.62,28,401416638,2022,11
193,Miami (OH) RedHawks,25,0.5319148936170213,17,0.5862068965517241,8,0.4444444444444444,3,0.6,2,0.2857142857142857,23,0.6052631578947368,38,0.6052631578947368,0.39473684210526316,17.82,0.47,11,0.2894736842105263,23,15.67,0.68,16,0.6956521739130435,15,2.16,0.14,7,0.4666666666666667,,,,,,,,,,,,,,,,,,2,1,1,9,6,3,-9.52,-1.06,0.2222222222222222,0.1111111111111111,0.1111111111111111,0.6666666666666666,0.3333333333333333,20,0.5555555555555556,7.81,0.22,36,5,0.45454545454545453,0.49,0.04,11,401416638,2022,11
2649,Toledo Rockets,37,0.47435897435897434,17,0.425,20,0.5263157894736842,5,0.8333333333333334,8,0.42105263157894735,29,0.4915254237288136,59,0.4915254237288136,0.5084745762711864,11.43,0.19,11,0.1864406779661017,29,14.84,0.51,15,0.5172413793103449,30,-3.4,-0.11,14,0.4666666666666667,16,0.4375,0.5625,-0.16,-0.01,8,0.5,7,-0.61,-0.09,3,0.42857142857142855,9,0.45,0.05,5,0.5555555555555556,8,2,6,19,11,8,-11.05,-0.58,0.42105263157894735,0.10526315789473684,0.3157894736842105,0.5789473684210527,0.42105263157894735,31,0.5535714285714286,8.68,0.16,56,6,0.2727272727272727,-8.3,-0.38,22,401416636,2022,11
2050,Ball State Cardinals,19,0.2602739726027397,5,0.1282051282051282,14,0.4117647058823529,1,1.0,5,0.25,14,0.2692307692307692,52,0.4230769230769231,0.5769230769230769,-9.25,-0.18,6,0.11538461538461539,22,-11.5,-0.52,3,0.13636363636363635,30,2.25,0.08,11,0.36666666666666664,8,0.625,0.375,3.19,0.4,5,0.625,5,-2.14,-0.43,2,0.4,3,5.33,1.78,3,1.0,5,2,3,21,17,4,-10.47,-0.5,0.23809523809523808,0.09523809523809523,0.14285714285714285,0.8095238095238095,0.19047619047619047,14,0.35,2.1,0.05,40,5,0.15151515151515152,-21.82,-0.66,33,401416636,2022,11
2711,Western Michigan Broncos,27,0.38571428571428573,13,0.35135135135135137,14,0.42424242424242425,2,0.6666666666666666,5,0.3333333333333333,21,0.4117647058823529,51,0.5294117647058824,0.47058823529411764,-6.93,-0.14,11,0.21568627450980393,27,-5.87,-0.22,11,0.4074074074074074,24,-1.06,-0.04,10,0.4166666666666667,15,0.5333333333333333,0.4666666666666667,-4.45,-0.3,5,0.3333333333333333,8,-7.02,-0.88,2,0.25,7,2.56,0.37,3,0.42857142857142855,6,2,4,19,10,9,-5.08,-0.27,0.3157894736842105,0.10526315789473684,0.21052631578947367,0.5263157894736842,0.47368421052631576,19,0.41304347826086957,-5.52,-0.12,46,8,0.3333333333333333,-6.5,-0.27,24,401416639,2022,11
2459,Northern Illinois Huskies,28,0.4666666666666667,7,0.4375,21,0.4772727272727273,5,0.625,5,0.4166666666666667,23,0.4791666666666667,48,0.16666666666666666,0.8333333333333334,5.21,0.11,10,0.20833333333333334,8,2.11,0.26,3,0.375,40,3.1,0.08,20,0.5,9,0.2222222222222222,0.7777777777777778,8.66,0.96,8,0.8888888888888888,2,6.0,3.0,2,1.0,7,2.66,0.38,6,0.8571428571428571,5,4,1,12,8,4,0.27,0.02,0.4166666666666667,0.3333333333333333,0.08333333333333333,0.6666666666666666,0.3333333333333333,23,0.5227272727272727,5.67,0.13,44,5,0.3125,-0.2,-0.01,16,401416639,2022,11
2117,Central Michigan Chippewas,22,0.4230769230769231,5,0.2777777777777778,17,0.5,4,0.4444444444444444,4,0.4444444444444444,18,0.42857142857142855,42,0.2619047619047619,0.7380952380952381,15.14,0.36,11,0.2619047619047619,11,-4.12,-0.37,3,0.2727272727272727,31,19.26,0.62,15,0.4838709677419355,12,0.5,0.5,8.55,0.71,6,0.5,6,1.44,0.24,3,0.5,6,7.1,1.18,3,0.5,4,2,2,10,7,3,-6.44,-0.64,0.4,0.2,0.2,0.7,0.3,16,0.43243243243243246,-1.42,-0.04,37,6,0.4,10.13,0.68,15,401416640,2022,11
2084,Buffalo Bulls,36,0.4090909090909091,13,0.38235294117647056,23,0.42592592592592593,3,0.75,9,0.45,24,0.38095238095238093,63,0.3492063492063492,0.6507936507936508,-4.38,-0.07,11,0.1746031746031746,22,-5.0,-0.23,9,0.4090909090909091,41,0.62,0.02,15,0.36585365853658536,15,0.5333333333333333,0.4666666666666667,-3.99,-0.27,4,0.26666666666666666,8,-5.65,-0.71,1,0.125,7,1.66,0.24,3,0.42857142857142855,12,4,8,25,12,13,3.54,0.14,0.48,0.16,0.32,0.48,0.52,25,0.4098360655737705,2.38,0.04,61,11,0.4074074074074074,-3.23,-0.12,27,401416640,2022,11
189,Bowling Green Falcons,32,0.4050632911392405,20,0.43478260869565216,12,0.36363636363636365,,,6,0.375,25,0.43859649122807015,57,0.5789473684210527,0.42105263157894735,-0.22,-0.0,12,0.21052631578947367,33,6.16,0.19,17,0.5151515151515151,24,-6.38,-0.27,8,0.3333333333333333,13,0.8461538461538461,0.15384615384615385,1.36,0.1,7,0.5384615384615384,11,-0.76,-0.07,5,0.45454545454545453,2,2.12,1.06,2,1.0,7,3,4,22,13,9,-19.84,-0.9,0.3181818181818182,0.13636363636363635,0.18181818181818182,0.5909090909090909,0.4090909090909091,24,0.46153846153846156,-5.19,-0.1,52,8,0.2962962962962963,-14.87,-0.55,27,401416641,2022,11
2309,Kent State Golden Flashes,36,0.5142857142857142,15,0.5,21,0.525,4,0.26666666666666666,3,0.25,30,0.5660377358490566,53,0.4528301886792453,0.5471698113207547,13.82,0.26,15,0.2830188679245283,24,10.19,0.42,15,0.625,29,3.63,0.13,15,0.5172413793103449,10,0.6,0.4,3.69,0.37,5,0.5,6,2.8,0.47,3,0.5,4,0.89,0.22,2,0.5,6,0,6,17,6,11,-10.45,-0.61,0.35294117647058826,0.0,0.35294117647058826,0.35294117647058826,0.6470588235294118,30,0.5769230769230769,10.4,0.2,52,6,0.3333333333333333,-7.02,-0.39,18,401416641,2022,11
202,Tulsa Golden Hurricane,20,0.3333333333333333,14,0.35,6,0.3,1,0.14285714285714285,3,0.2,16,0.37209302325581395,43,0.6046511627906976,0.3953488372093023,-6.33,-0.15,6,0.13953488372093023,26,-1.46,-0.06,11,0.4230769230769231,17,-4.87,-0.29,5,0.29411764705882354,9,0.5555555555555556,0.4444444444444444,-5.62,-0.62,3,0.3333333333333333,5,-4.82,-0.96,1,0.2,4,-0.79,-0.2,2,0.5,4,3,1,17,14,3,-12.92,-0.76,0.23529411764705882,0.17647058823529413,0.058823529411764705,0.8235294117647058,0.17647058823529413,15,0.42857142857142855,-4.25,-0.12,35,5,0.2,-15.0,-0.6,25,401415653,2022,11
235,Memphis Tigers,23,0.3150684931506849,14,0.3684210526315789,9,0.2571428571428571,2,0.25,8,0.4,14,0.2692307692307692,52,0.40384615384615385,0.5961538461538461,-17.42,-0.33,7,0.1346153846153846,21,-10.06,-0.48,7,0.3333333333333333,31,-7.35,-0.24,7,0.22580645161290322,11,0.7272727272727273,0.2727272727272727,2.15,0.2,5,0.45454545454545453,8,3.24,0.41,4,0.5,3,-1.09,-0.36,1,0.3333333333333333,9,7,2,21,17,4,3.68,0.18,0.42857142857142855,0.3333333333333333,0.09523809523809523,0.8095238095238095,0.19047619047619047,16,0.3333333333333333,-11.53,-0.24,48,7,0.28,-2.21,-0.09,25,401415653,2022,11
309,Louisiana Ragin' Cajuns,32,0.45714285714285713,14,0.42424242424242425,18,0.4864864864864865,3,0.25,3,0.21428571428571427,25,0.49019607843137253,51,0.4117647058823529,0.5882352941176471,12.18,0.24,12,0.23529411764705882,21,6.49,0.31,11,0.5238095238095238,30,5.69,0.19,14,0.4666666666666667,16,0.625,0.375,4.1,0.26,10,0.625,10,1.16,0.12,6,0.6,6,2.94,0.49,4,0.6666666666666666,7,3,4,19,12,7,-1.78,-0.09,0.3684210526315789,0.15789473684210525,0.21052631578947367,0.631578947368421,0.3684210526315789,25,0.49019607843137253,14.75,0.29,51,7,0.3684210526315789,-4.34,-0.23,19,401426370,2022,11
290,Georgia Southern Eagles,34,0.4358974358974359,22,0.4,12,0.5217391304347826,1,0.14285714285714285,3,0.21428571428571427,28,0.4745762711864407,59,0.6779661016949152,0.3220338983050847,13.59,0.23,15,0.2542372881355932,40,13.37,0.33,18,0.45,19,0.22,0.01,10,0.5263157894736842,10,0.8,0.2,-0.62,-0.06,6,0.6,8,-0.79,-0.1,4,0.5,2,0.18,0.09,2,1.0,6,4,2,19,15,4,-9.5,-0.5,0.3157894736842105,0.21052631578947367,0.10526315789473684,0.7894736842105263,0.21052631578947367,25,0.49019607843137253,7.2,0.14,51,9,0.3333333333333333,-3.11,-0.12,27,401426370,2022,11
38,Colorado Buffaloes,25,0.45454545454545453,12,0.5,13,0.41935483870967744,5,0.45454545454545453,4,0.3333333333333333,20,0.4878048780487805,41,0.4146341463414634,0.5853658536585366,2.54,0.06,9,0.21951219512195122,17,-1.01,-0.06,10,0.5882352941176471,24,3.55,0.15,10,0.4166666666666667,5,0.8,0.2,-0.05,-0.01,3,0.6,4,-0.28,-0.07,2,0.5,1,0.23,0.23,1,1.0,5,2,3,14,7,7,2.09,0.15,0.35714285714285715,0.14285714285714285,0.21428571428571427,0.5,0.5,19,0.475,1.59,0.04,40,6,0.4,3.04,0.2,15,401404033,2022,11
30,USC Trojans,44,0.6027397260273972,19,0.5428571428571428,25,0.6578947368421053,8,0.6666666666666666,8,0.6666666666666666,36,0.6,60,0.45,0.55,16.8,0.28,14,0.23333333333333334,27,14.11,0.52,15,0.5555555555555556,33,2.68,0.08,21,0.6363636363636364,17,0.5294117647058824,0.47058823529411764,8.96,0.53,11,0.6470588235294118,9,5.57,0.62,6,0.6666666666666666,8,3.4,0.42,5,0.625,8,4,4,13,8,5,9.56,0.74,0.6153846153846154,0.3076923076923077,0.3076923076923077,0.6153846153846154,0.38461538461538464,36,0.6545454545454545,19.76,0.36,55,8,0.4444444444444444,6.6,0.37,18,401404033,2022,11
151,East Carolina Pirates,33,0.4177215189873418,20,0.43478260869565216,13,0.3939393939393939,3,0.6,7,0.4117647058823529,25,0.4166666666666667,60,0.5,0.5,4.04,0.07,13,0.21666666666666667,30,4.57,0.15,15,0.5,30,-0.53,-0.02,10,0.3333333333333333,12,0.5833333333333334,0.4166666666666667,4.11,0.34,8,0.6666666666666666,7,1.53,0.22,4,0.5714285714285714,5,2.58,0.52,4,0.8,8,5,3,19,16,3,2.97,0.16,0.42105263157894735,0.2631578947368421,0.15789473684210525,0.8421052631578947,0.15789473684210525,18,0.391304347826087,-2.56,-0.06,46,15,0.45454545454545453,9.57,0.29,33,401415654,2022,11
2132,Cincinnati Bearcats,18,0.3157894736842105,12,0.36363636363636365,6,0.25,1,0.2,7,0.5,11,0.2558139534883721,43,0.4883720930232558,0.5116279069767442,-6.63,-0.15,5,0.11627906976744186,21,-1.92,-0.09,5,0.23809523809523808,22,-4.71,-0.21,6,0.2727272727272727,8,0.5,0.5,-0.6,-0.07,2,0.25,4,0.19,0.05,1,0.25,4,-0.79,-0.2,1,0.25,7,7,0,14,12,2,6.22,0.44,0.5,0.5,0.0,0.8571428571428571,0.14285714285714285,7,0.21875,-9.95,-0.31,32,11,0.44,9.55,0.38,25,401415654,2022,11
2439,UNLV Rebels,19,0.27941176470588236,5,0.15151515151515152,14,0.4,2,0.18181818181818182,8,0.47058823529411764,9,0.1875,48,0.5625,0.4375,-25.03,-0.52,4,0.08333333333333333,27,-20.95,-0.78,3,0.1111111111111111,21,-4.08,-0.19,6,0.2857142857142857,18,0.3888888888888889,0.6111111111111112,-9.7,-0.54,3,0.16666666666666666,7,-3.84,-0.55,1,0.14285714285714285,11,-5.86,-0.53,2,0.18181818181818182,10,2,8,20,6,14,5.33,0.27,0.5,0.1,0.4,0.3,0.7,10,0.25,-17.51,-0.44,40,9,0.32142857142857145,-2.19,-0.08,28,401415259,2022,11
278,Fresno State Bulldogs,19,0.3333333333333333,11,0.3333333333333333,8,0.3333333333333333,7,0.3684210526315789,6,0.5,10,0.25,40,0.625,0.375,-22.66,-0.57,5,0.125,25,-7.94,-0.32,7,0.28,15,-14.72,-0.98,3,0.2,8,0.625,0.375,-5.07,-0.63,0,0.0,5,-2.6,-0.52,0,0.0,3,-2.47,-0.82,0,0.0,9,4,5,17,8,9,5.59,0.33,0.5294117647058824,0.23529411764705882,0.29411764705882354,0.47058823529411764,0.5294117647058824,13,0.325,-8.92,-0.22,40,6,0.35294117647058826,-8.15,-0.48,17,401415259,2022,11
344,Mississippi State Bulldogs,26,0.3880597014925373,22,0.41509433962264153,4,0.2857142857142857,2,0.16666666666666666,3,0.21428571428571427,23,0.46,50,0.8,0.2,2.34,0.05,11,0.22,40,2.38,0.06,19,0.475,10,-0.04,-0.0,4,0.4,8,1.0,0.0,-0.97,-0.12,2,0.25,8,-0.97,-0.12,2,0.25,,,,,,3,3,0,17,13,4,-19.02,-1.12,0.17647058823529413,0.17647058823529413,0.0,0.7647058823529411,0.23529411764705882,21,0.4772727272727273,-4.74,-0.11,44,5,0.21739130434782608,-11.94,-0.52,23,401403944,2022,11
61,Georgia Bulldogs,30,0.42857142857142855,20,0.5405405405405406,10,0.30303030303030304,7,0.3888888888888889,6,0.46153846153846156,23,0.4107142857142857,56,0.4642857142857143,0.5357142857142857,12.14,0.22,11,0.19642857142857142,26,8.33,0.32,14,0.5384615384615384,30,3.81,0.13,9,0.3,14,0.6428571428571429,0.35714285714285715,13.25,0.95,9,0.6428571428571429,9,6.37,0.71,5,0.5555555555555556,5,6.88,1.38,4,0.8,7,6,1,14,11,3,1.82,0.13,0.5,0.42857142857142855,0.07142857142857142,0.7857142857142857,0.21428571428571427,22,0.41509433962264153,11.37,0.21,53,8,0.47058823529411764,2.59,0.15,17,401403944,2022,11
84,Indiana Hoosiers,21,0.328125,7,0.25,14,0.3888888888888889,2,0.4,3,0.17647058823529413,18,0.391304347826087,46,0.34782608695652173,0.6521739130434783,4.71,0.1,7,0.15217391304347827,16,4.66,0.29,6,0.375,30,0.06,0.0,12,0.4,15,0.4666666666666667,0.5333333333333333,0.8,0.05,7,0.4666666666666667,7,-2.81,-0.4,3,0.42857142857142855,8,3.61,0.45,4,0.5,3,1,2,18,12,6,-15.71,-0.87,0.16666666666666666,0.05555555555555555,0.1111111111111111,0.6666666666666666,0.3333333333333333,13,0.3023255813953488,-16.07,-0.37,43,8,0.38095238095238093,5.08,0.24,21,401405139,2022,11
194,Ohio State Buckeyes,39,0.5416666666666666,17,0.5666666666666667,22,0.5238095238095238,7,0.5833333333333334,7,0.5384615384615384,32,0.5517241379310345,58,0.39655172413793105,0.603448275862069,20.86,0.36,15,0.25862068965517243,23,10.46,0.45,13,0.5652173913043478,35,10.41,0.3,19,0.5428571428571428,10,0.2,0.8,-4.34,-0.43,3,0.3,2,1.32,0.66,1,0.5,8,-5.66,-0.71,2,0.25,7,4,3,14,7,7,4.02,0.29,0.5,0.2857142857142857,0.21428571428571427,0.5,0.5,30,0.5357142857142857,12.77,0.23,56,9,0.5625,12.12,0.76,16,401405139,2022,11
251,Texas Longhorns,16,0.26229508196721313,11,0.2682926829268293,5,0.25,0,0.0,2,0.15384615384615385,13,0.29545454545454547,44,0.6136363636363636,0.38636363636363635,-12.66,-0.29,10,0.22727272727272727,27,-4.18,-0.15,10,0.37037037037037035,17,-8.48,-0.5,3,0.17647058823529413,9,0.7777777777777778,0.2222222222222222,-2.84,-0.32,2,0.2222222222222222,7,-1.18,-0.17,2,0.2857142857142857,2,-1.66,-0.83,0,0.0,3,1,2,17,14,3,-14.76,-0.87,0.17647058823529413,0.058823529411764705,0.11764705882352941,0.8235294117647058,0.17647058823529413,12,0.35294117647058826,-10.3,-0.3,34,4,0.14814814814814814,-17.12,-0.63,27,401404113,2022,11
2628,TCU Horned Frogs,26,0.3611111111111111,10,0.29411764705882354,16,0.42105263157894735,0,0.0,8,0.4444444444444444,18,0.3333333333333333,54,0.35185185185185186,0.6481481481481481,-13.63,-0.25,9,0.16666666666666666,19,-13.99,-0.74,3,0.15789473684210525,35,0.36,0.01,15,0.42857142857142855,9,0.6666666666666666,0.3333333333333333,-0.88,-0.1,2,0.2222222222222222,6,1.24,0.21,2,0.3333333333333333,3,-2.12,-0.71,0,0.0,8,7,1,18,15,3,1.8,0.1,0.4444444444444444,0.3888888888888889,0.05555555555555555,0.8333333333333334,0.16666666666666666,19,0.4222222222222222,-3.17,-0.07,45,7,0.25925925925925924,-8.66,-0.32,27,401404113,2022,11
2633,Tennessee Volunteers,40,0.5333333333333333,20,0.47619047619047616,20,0.6060606060606061,8,0.6666666666666666,5,0.45454545454545453,34,0.5573770491803278,61,0.5081967213114754,0.4918032786885246,33.94,0.56,19,0.3114754098360656,31,19.38,0.63,16,0.5161290322580645,30,14.57,0.49,18,0.6,12,0.8333333333333334,0.16666666666666666,-0.79,-0.07,5,0.4166666666666667,10,-2.76,-0.28,3,0.3,2,1.96,0.98,2,1.0,6,4,2,14,11,3,7.52,0.54,0.42857142857142855,0.2857142857142857,0.14285714285714285,0.7857142857142857,0.21428571428571427,31,0.5961538461538461,35.27,0.68,52,9,0.391304347826087,6.2,0.27,23,401403945,2022,11
142,Missouri Tigers,33,0.4714285714285714,16,0.4444444444444444,17,0.5,4,0.6666666666666666,7,0.4117647058823529,24,0.48,50,0.5,0.5,6.78,0.14,7,0.14,25,2.29,0.09,10,0.4,25,4.49,0.18,14,0.56,9,0.4444444444444444,0.5555555555555556,3.42,0.38,6,0.6666666666666666,4,-1.34,-0.34,2,0.5,5,4.76,0.95,4,0.8,9,6,3,20,11,9,4.12,0.21,0.45,0.3,0.15,0.55,0.45,19,0.37254901960784315,-6.19,-0.12,51,14,0.7368421052631579,17.09,0.9,19,401403945,2022,11
264,Washington Huskies,29,0.5272727272727272,19,0.5588235294117647,10,0.47619047619047616,2,0.16666666666666666,5,0.5555555555555556,24,0.5217391304347826,46,0.6521739130434783,0.34782608695652173,15.86,0.34,14,0.30434782608695654,30,12.89,0.43,16,0.5333333333333333,16,2.96,0.19,8,0.5,11,0.5454545454545454,0.45454545454545453,2.57,0.23,6,0.5454545454545454,6,0.45,0.08,3,0.5,5,2.12,0.42,3,0.6,5,3,2,9,4,5,9.66,1.07,0.5555555555555556,0.3333333333333333,0.2222222222222222,0.4444444444444444,0.5555555555555556,20,0.47619047619047616,1.07,0.03,42,9,0.6923076923076923,24.45,1.88,13,401404037,2022,11
2483,Oregon Ducks,49,0.620253164556962,15,0.5172413793103449,34,0.68,6,0.5,8,0.5714285714285714,38,0.6229508196721312,61,0.39344262295081966,0.6065573770491803,29.11,0.48,18,0.29508196721311475,24,14.69,0.61,13,0.5416666666666666,37,14.42,0.39,25,0.6756756756756757,12,0.6666666666666666,0.3333333333333333,7.62,0.63,8,0.6666666666666666,8,4.81,0.6,4,0.5,4,2.8,0.7,4,1.0,11,2,9,18,5,13,0.2,0.01,0.6111111111111112,0.1111111111111111,0.5,0.2777777777777778,0.7222222222222222,39,0.639344262295082,17.14,0.28,61,10,0.5555555555555556,12.17,0.68,18,401404037,2022,11
99,LSU Tigers,25,0.390625,8,0.36363636363636365,17,0.40476190476190477,3,0.375,6,0.42857142857142855,18,0.375,48,0.3125,0.6875,-14.65,-0.31,10,0.20833333333333334,15,-12.4,-0.83,5,0.3333333333333333,33,-2.25,-0.07,13,0.3939393939393939,6,0.0,1.0,-1.37,-0.23,2,0.3333333333333333,,,,,,6,-1.37,-0.23,2,0.3333333333333333,7,3,4,16,7,9,-2.93,-0.18,0.4375,0.1875,0.25,0.4375,0.5625,20,0.4444444444444444,-9.02,-0.2,45,5,0.2631578947368421,-8.57,-0.45,19,401403939,2022,11
8,Arkansas Razorbacks,23,0.3382352941176471,5,0.19230769230769232,18,0.42857142857142855,1,0.14285714285714285,6,0.35294117647058826,17,0.3469387755102041,49,0.3673469387755102,0.6326530612244898,-7.55,-0.15,8,0.16326530612244897,18,-2.38,-0.13,4,0.2222222222222222,31,-5.17,-0.17,13,0.41935483870967744,13,0.38461538461538464,0.6153846153846154,-1.77,-0.14,6,0.46153846153846156,5,-4.2,-0.84,0,0.0,8,2.43,0.3,6,0.75,6,1,5,19,8,11,-14.26,-0.75,0.3157894736842105,0.05263157894736842,0.2631578947368421,0.42105263157894735,0.5789473684210527,15,0.3333333333333333,-19.32,-0.43,45,8,0.34782608695652173,-2.49,-0.11,23,401403939,2022,11
333,Alabama Crimson Tide,31,0.4696969696969697,16,0.45714285714285713,15,0.4838709677419355,7,0.4666666666666667,7,0.5,24,0.47058823529411764,51,0.47058823529411764,0.5294117647058824,-2.62,-0.05,11,0.21568627450980393,24,0.16,0.01,12,0.5,27,-2.78,-0.1,12,0.4444444444444444,12,0.5833333333333334,0.4166666666666667,4.01,0.33,6,0.5,7,4.2,0.6,3,0.42857142857142855,5,-0.19,-0.04,3,0.6,7,4,3,15,11,4,-0.45,-0.03,0.4666666666666667,0.26666666666666666,0.2,0.7333333333333333,0.26666666666666666,21,0.45652173913043476,-9.32,-0.2,46,10,0.5,6.25,0.31,20,401403943,2022,11
145,Ole Miss Rebels,35,0.4375,15,0.42857142857142855,20,0.4444444444444444,12,0.4,8,0.5,27,0.4426229508196721,61,0.4098360655737705,0.5901639344262295,-1.4,-0.02,14,0.22950819672131148,25,3.02,0.12,12,0.48,36,-4.42,-0.12,15,0.4166666666666667,12,0.4166666666666667,0.5833333333333334,-2.44,-0.2,7,0.5833333333333334,5,2.0,0.4,3,0.6,7,-4.44,-0.63,4,0.5714285714285714,8,3,5,19,10,9,-6.6,-0.35,0.42105263157894735,0.15789473684210525,0.2631578947368421,0.5263157894736842,0.47368421052631576,29,0.5087719298245614,1.53,0.03,57,6,0.2608695652173913,-9.53,-0.41,23,401403943,2022,11
97,Louisville Cardinals,24,0.3582089552238806,17,0.4146341463414634,7,0.2692307692307692,1,0.16666666666666666,5,0.3333333333333333,17,0.3541666666666667,48,0.5625,0.4375,-8.05,-0.17,9,0.1875,27,0.88,0.03,12,0.4444444444444444,21,-8.93,-0.43,5,0.23809523809523808,8,0.75,0.25,-0.53,-0.07,5,0.625,6,2.23,0.37,5,0.8333333333333334,2,-2.77,-1.38,0,0.0,7,5,2,19,14,5,0.42,0.02,0.3684210526315789,0.2631578947368421,0.10526315789473684,0.7368421052631579,0.2631578947368421,15,0.38461538461538464,-6.43,-0.16,39,9,0.32142857142857145,-1.2,-0.04,28,401411158,2022,11
228,Clemson Tigers,39,0.5342465753424658,14,0.4666666666666667,25,0.5813953488372093,6,0.6666666666666666,4,0.3076923076923077,35,0.5833333333333334,60,0.36666666666666664,0.6333333333333333,18.15,0.3,19,0.31666666666666665,22,3.72,0.17,12,0.5454545454545454,38,14.43,0.38,23,0.6052631578947368,15,0.6,0.4,9.15,0.61,10,0.6666666666666666,9,6.07,0.67,6,0.6666666666666666,6,3.08,0.51,4,0.6666666666666666,4,2,2,13,8,5,-15.05,-1.16,0.3076923076923077,0.15384615384615385,0.15384615384615385,0.6153846153846154,0.38461538461538464,35,0.6140350877192983,14.16,0.25,57,4,0.25,-11.06,-0.69,16,401411158,2022,11
12,Arizona Wildcats,36,0.5538461538461539,17,0.53125,19,0.5757575757575758,8,0.47058823529411764,6,0.5,28,0.5490196078431373,51,0.47058823529411764,0.5294117647058824,7.0,0.14,15,0.29411764705882354,24,5.62,0.23,13,0.5416666666666666,27,1.38,0.05,15,0.5555555555555556,3,0.3333333333333333,0.6666666666666666,1.86,0.62,1,0.3333333333333333,1,-0.73,-0.73,0,0.0,2,2.59,1.29,1,0.5,8,4,4,14,8,6,10.11,0.72,0.5714285714285714,0.2857142857142857,0.2857142857142857,0.5714285714285714,0.42857142857142855,31,0.5849056603773585,13.15,0.25,53,5,0.4166666666666667,3.96,0.33,12,401404034,2022,11
26,UCLA Bruins,38,0.5,17,0.40476190476190477,21,0.6176470588235294,5,0.7142857142857143,4,0.3333333333333333,32,0.5423728813559322,59,0.5084745762711864,0.4915254237288136,16.91,0.29,18,0.3050847457627119,30,4.66,0.16,14,0.4666666666666667,29,12.25,0.42,18,0.6206896551724138,20,0.65,0.35,-0.3,-0.02,11,0.55,13,1.09,0.08,7,0.5384615384615384,7,-1.4,-0.2,4,0.5714285714285714,6,3,3,17,12,5,-2.18,-0.13,0.35294117647058826,0.17647058823529413,0.17647058823529413,0.7058823529411765,0.29411764705882354,29,0.5576923076923077,10.9,0.21,52,9,0.375,3.83,0.16,24,401404034,2022,11
24,Stanford Cardinal,16,0.32,9,0.2903225806451613,7,0.3684210526315789,2,1.0,4,0.3076923076923077,11,0.3142857142857143,35,0.6285714285714286,0.37142857142857144,-12.12,-0.35,3,0.08571428571428572,22,-9.75,-0.44,6,0.2727272727272727,13,-2.36,-0.18,5,0.38461538461538464,8,0.875,0.125,-2.35,-0.29,2,0.25,7,-1.69,-0.24,2,0.2857142857142857,1,-0.67,-0.67,0,0.0,5,3,2,15,9,6,-1.15,-0.08,0.3333333333333333,0.2,0.13333333333333333,0.6,0.4,9,0.32142857142857145,-9.61,-0.34,28,7,0.3181818181818182,-3.66,-0.17,22,401404038,2022,11
254,Utah Utes,37,0.5362318840579711,17,0.4857142857142857,20,0.5882352941176471,5,0.8333333333333334,6,0.5,27,0.5094339622641509,53,0.5094339622641509,0.49056603773584906,5.23,0.1,13,0.24528301886792453,27,-2.81,-0.1,13,0.48148148148148145,26,8.03,0.31,14,0.5384615384615384,7,0.42857142857142855,0.5714285714285714,-1.81,-0.26,3,0.42857142857142855,3,-4.65,-1.55,1,0.3333333333333333,4,2.84,0.71,2,0.5,10,4,6,16,8,8,18.34,1.15,0.625,0.25,0.375,0.5,0.5,27,0.574468085106383,6.66,0.14,47,10,0.45454545454545453,16.9,0.77,22,401404038,2022,11
213,Penn State Nittany Lions,29,0.4027777777777778,11,0.3793103448275862,18,0.4186046511627907,2,0.2857142857142857,5,0.3333333333333333,22,0.4,55,0.38181818181818183,0.6181818181818182,-5.35,-0.1,12,0.21818181818181817,21,-0.41,-0.02,7,0.3333333333333333,34,-4.94,-0.15,15,0.4411764705882353,20,0.45,0.55,-1.49,-0.07,9,0.45,9,1.01,0.11,5,0.5555555555555556,11,-2.51,-0.23,4,0.36363636363636365,7,4,3,17,8,9,3.4,0.2,0.4117647058823529,0.23529411764705882,0.17647058823529413,0.47058823529411764,0.5294117647058824,22,0.44,3.61,0.07,50,7,0.3181818181818182,-5.56,-0.25,22,401405140,2022,11
120,Maryland Terrapins,15,0.2542372881355932,4,0.13793103448275862,11,0.36666666666666664,0,0.0,4,0.26666666666666666,11,0.2682926829268293,41,0.4634146341463415,0.5365853658536586,-14.22,-0.35,6,0.14634146341463414,19,-9.05,-0.48,4,0.21052631578947367,22,-5.17,-0.24,7,0.3181818181818182,6,0.5,0.5,-3.27,-0.55,0,0.0,3,-2.18,-0.73,0,0.0,3,-1.09,-0.36,0,0.0,4,0,4,18,10,8,-14.9,-0.83,0.2222222222222222,0.0,0.2222222222222222,0.5555555555555556,0.4444444444444444,13,0.40625,-8.3,-0.26,32,2,0.07407407407407407,-20.82,-0.77,27,401405140,2022,11
153,North Carolina Tar Heels,47,0.5529411764705883,28,0.5490196078431373,19,0.5588235294117647,12,0.5454545454545454,10,0.625,37,0.5522388059701493,67,0.6268656716417911,0.373134328358209,23.53,0.35,18,0.26865671641791045,42,20.19,0.48,24,0.5714285714285714,25,3.33,0.13,13,0.52,16,0.8125,0.1875,0.19,0.01,7,0.4375,13,1.96,0.15,6,0.46153846153846156,3,-1.77,-0.59,1,0.3333333333333333,10,4,6,18,9,9,-0.52,-0.03,0.5555555555555556,0.2222222222222222,0.3333333333333333,0.5,0.5,30,0.4918032786885246,3.33,0.05,61,17,0.7083333333333334,19.68,0.82,24,401411164,2022,11
154,Wake Forest Demon Deacons,35,0.49295774647887325,15,0.46875,20,0.5128205128205128,4,0.36363636363636365,4,0.3333333333333333,27,0.5094339622641509,53,0.41509433962264153,0.5849056603773585,8.74,0.16,11,0.20754716981132076,22,8.26,0.38,11,0.5,31,0.48,0.02,16,0.5161290322580645,13,0.38461538461538464,0.6153846153846154,0.79,0.06,8,0.6153846153846154,5,-2.96,-0.59,1,0.2,8,3.75,0.47,7,0.875,8,4,4,18,10,8,8.97,0.5,0.4444444444444444,0.2222222222222222,0.2222222222222222,0.5555555555555556,0.4444444444444444,30,0.5769230769230769,22.03,0.42,52,5,0.2631578947368421,-4.32,-0.23,19,401411164,2022,11
103,Boston College Eagles,24,0.34782608695652173,22,0.41509433962264153,2,0.125,2,0.3333333333333333,5,0.29411764705882354,18,0.36,50,0.76,0.24,-4.85,-0.1,8,0.16,38,0.79,0.02,16,0.42105263157894735,12,-5.64,-0.47,2,0.16666666666666666,12,0.75,0.25,1.26,0.11,7,0.5833333333333334,9,1.34,0.15,6,0.6666666666666666,3,-0.08,-0.03,1,0.3333333333333333,6,6,0,19,15,4,-0.06,-0.0,0.3157894736842105,0.3157894736842105,0.0,0.7894736842105263,0.21052631578947367,13,0.30952380952380953,-11.23,-0.27,42,11,0.4074074074074074,6.32,0.23,27,401411161,2022,11
152,NC State Wolfpack,26,0.3880597014925373,9,0.34615384615384615,17,0.4146341463414634,3,0.6,4,0.36363636363636365,22,0.4,55,0.32727272727272727,0.6727272727272727,-13.86,-0.25,12,0.21818181818181817,18,-8.07,-0.45,6,0.3333333333333333,37,-5.79,-0.16,16,0.43243243243243246,8,0.375,0.625,-4.75,-0.59,1,0.125,3,-2.96,-0.99,0,0.0,5,-1.78,-0.36,1,0.2,4,3,1,12,8,4,-9.48,-0.79,0.3333333333333333,0.25,0.08333333333333333,0.6666666666666666,0.3333333333333333,20,0.45454545454545453,-11.68,-0.27,44,6,0.2608695652173913,-11.66,-0.51,23,401411161,2022,11
2655,Tulane Green Wave,31,0.4696969696969697,19,0.4634146341463415,12,0.48,10,0.5263157894736842,7,0.5833333333333334,23,0.4339622641509434,53,0.5471698113207547,0.4528301886792453,0.25,0.0,13,0.24528301886792453,29,0.98,0.03,12,0.41379310344827586,24,-0.73,-0.03,11,0.4583333333333333,12,0.5,0.5,-1.25,-0.1,6,0.5,6,-3.76,-0.63,2,0.3333333333333333,6,2.51,0.42,4,0.6666666666666666,8,7,1,13,12,1,10.78,0.83,0.6153846153846154,0.5384615384615384,0.07692307692307693,0.9230769230769231,0.07692307692307693,21,0.4883720930232558,8.83,0.21,43,10,0.43478260869565216,2.2,0.1,23,401415657,2022,11
2116,UCF Knights,40,0.47619047619047616,13,0.43333333333333335,27,0.5,10,0.47619047619047616,10,0.5555555555555556,29,0.4603174603174603,63,0.30158730158730157,0.6984126984126984,15.25,0.24,10,0.15873015873015872,19,3.26,0.17,9,0.47368421052631576,44,11.99,0.27,20,0.45454545454545453,12,0.5833333333333334,0.4166666666666667,-3.52,-0.29,1,0.08333333333333333,7,-3.84,-0.55,0,0.0,5,0.32,0.06,1,0.2,11,4,7,21,11,10,3.44,0.16,0.5238095238095238,0.19047619047619047,0.3333333333333333,0.5238095238095238,0.47619047619047616,33,0.5238095238095238,15.52,0.25,63,7,0.3333333333333333,3.17,0.15,21,401415657,2022,11
2306,Kansas State Wildcats,37,0.49333333333333335,19,0.5277777777777778,18,0.46153846153846156,4,0.3333333333333333,8,0.6153846153846154,28,0.4666666666666667,60,0.43333333333333335,0.5666666666666667,9.91,0.17,16,0.26666666666666666,26,8.05,0.31,13,0.5,34,1.85,0.05,15,0.4411764705882353,4,0.75,0.25,1.29,0.32,1,0.25,3,1.58,0.53,1,0.3333333333333333,1,-0.29,-0.29,0,0.0,9,6,3,15,10,5,4.88,0.33,0.6,0.4,0.2,0.6666666666666666,0.3333333333333333,23,0.46938775510204084,3.6,0.07,49,14,0.5384615384615384,11.19,0.43,26,401404109,2022,11
239,Baylor Bears,26,0.41935483870967744,16,0.41025641025641024,10,0.43478260869565216,0,0.0,4,0.3333333333333333,22,0.46808510638297873,47,0.6382978723404256,0.3617021276595745,2.02,0.04,12,0.2553191489361702,30,3.73,0.12,15,0.5,17,-1.7,-0.1,7,0.4117647058823529,18,0.6666666666666666,0.3333333333333333,1.58,0.09,8,0.4444444444444444,12,0.39,0.03,5,0.4166666666666667,6,1.19,0.2,3,0.5,4,1,3,15,9,6,-11.03,-0.74,0.26666666666666666,0.06666666666666667,0.2,0.6,0.4,22,0.5365853658536586,7.04,0.17,41,4,0.19047619047619047,-16.04,-0.76,21,401404109,2022,11
2426,Navy Midshipmen,21,0.3559322033898305,5,0.35714285714285715,16,0.35555555555555557,2,0.2222222222222222,3,0.2727272727272727,17,0.3617021276595745,47,0.2127659574468085,0.7872340425531915,9.45,0.2,8,0.1702127659574468,10,4.09,0.41,4,0.4,37,5.36,0.14,13,0.35135135135135137,13,0.07692307692307693,0.9230769230769231,-5.33,-0.41,3,0.23076923076923078,1,-3.88,-3.88,0,0.0,12,-1.45,-0.12,3,0.25,4,1,3,12,4,8,1.56,0.13,0.3333333333333333,0.08333333333333333,0.25,0.3333333333333333,0.6666666666666666,13,0.325,-1.04,-0.03,40,8,0.42105263157894735,12.05,0.63,19,401404131,2022,11
87,Notre Dame Fighting Irish,18,0.3333333333333333,11,0.4230769230769231,7,0.25,3,0.6,6,0.46153846153846156,11,0.275,40,0.45,0.55,1.62,0.04,4,0.1,18,4.85,0.27,7,0.3888888888888889,22,-3.23,-0.15,4,0.18181818181818182,4,0.25,0.75,9.19,2.3,3,0.75,1,4.52,4.52,1,1.0,3,4.67,1.56,2,0.6666666666666666,7,4,3,14,8,6,6.51,0.46,0.5,0.2857142857142857,0.21428571428571427,0.5714285714285714,0.42857142857142855,10,0.29411764705882354,2.24,0.07,34,8,0.4,5.89,0.29,20,401404131,2022,11
356,Illinois Fighting Illini,24,0.38095238095238093,14,0.42424242424242425,10,0.3333333333333333,8,0.6666666666666666,5,0.4166666666666667,19,0.37254901960784315,51,0.47058823529411764,0.5294117647058824,-2.83,-0.06,12,0.23529411764705882,24,1.7,0.07,11,0.4583333333333333,27,-4.53,-0.17,8,0.2962962962962963,12,0.4166666666666667,0.5833333333333334,-4.67,-0.39,2,0.16666666666666666,5,-1.18,-0.24,1,0.2,7,-3.49,-0.5,1,0.14285714285714285,5,3,2,12,9,3,-0.72,-0.06,0.4166666666666667,0.25,0.16666666666666666,0.75,0.25,17,0.38636363636363635,0.11,0.0,44,7,0.3684210526315789,-3.66,-0.19,19,401405134,2022,11
2509,Purdue Boilermakers,26,0.3561643835616438,15,0.36585365853658536,11,0.34375,5,0.45454545454545453,5,0.38461538461538464,20,0.3448275862068966,58,0.5,0.5,-3.01,-0.05,13,0.22413793103448276,29,-3.34,-0.12,10,0.3448275862068966,29,0.33,0.01,10,0.3448275862068966,11,0.6363636363636364,0.36363636363636365,4.13,0.38,7,0.6363636363636364,7,1.29,0.18,4,0.5714285714285714,4,2.84,0.71,3,0.75,6,5,1,15,12,3,4.07,0.27,0.4,0.3333333333333333,0.06666666666666667,0.8,0.2,20,0.40816326530612246,4.2,0.09,49,6,0.25,-3.14,-0.13,24,401405134,2022,11
183,Syracuse Orange,14,0.32558139534883723,2,0.10526315789473684,12,0.5,3,0.5,0,0.0,14,0.4117647058823529,34,0.35294117647058826,0.6470588235294118,-8.01,-0.24,5,0.14705882352941177,12,-7.26,-0.6,2,0.16666666666666666,22,-0.76,-0.03,12,0.5454545454545454,3,0.6666666666666666,0.3333333333333333,-1.25,-0.42,1,0.3333333333333333,2,-1.56,-0.78,0,0.0,1,0.31,0.31,1,1.0,0,0,0,9,7,2,-10.37,-1.15,0.0,0.0,0.0,0.7777777777777778,0.2222222222222222,11,0.4230769230769231,-5.18,-0.2,26,3,0.17647058823529413,-13.21,-0.78,17,401411162,2022,11
52,Florida State Seminoles,32,0.45714285714285713,15,0.45454545454545453,17,0.4594594594594595,8,0.5333333333333333,3,0.3333333333333333,28,0.4745762711864407,59,0.4067796610169492,0.5932203389830508,12.44,0.21,19,0.3220338983050847,24,6.0,0.25,12,0.5,35,6.44,0.18,16,0.45714285714285713,10,0.5,0.5,2.54,0.25,5,0.5,5,2.25,0.45,3,0.6,5,0.29,0.06,2,0.4,4,3,1,11,9,2,-0.64,-0.06,0.36363636363636365,0.2727272727272727,0.09090909090909091,0.8181818181818182,0.18181818181818182,25,0.4807692307692308,10.55,0.2,52,7,0.3888888888888889,1.25,0.07,18,401411162,2022,11
96,Kentucky Wildcats,21,0.39622641509433965,8,0.2962962962962963,13,0.5,3,0.2,4,0.3333333333333333,15,0.38461538461538464,39,0.41025641025641024,0.5897435897435898,5.63,0.14,8,0.20512820512820512,16,-2.87,-0.18,4,0.25,23,8.5,0.37,11,0.4782608695652174,3,0.6666666666666666,0.3333333333333333,-3.06,-1.02,0,0.0,2,-2.46,-1.23,0,0.0,1,-0.6,-0.6,0,0.0,6,4,2,14,11,3,-0.05,-0.0,0.42857142857142855,0.2857142857142857,0.14285714285714285,0.7857142857142857,0.21428571428571427,16,0.47058823529411764,10.9,0.32,34,5,0.2631578947368421,-5.32,-0.28,19,401403942,2022,11
238,Vanderbilt Commodores,23,0.359375,8,0.36363636363636365,15,0.35714285714285715,4,0.36363636363636365,9,0.6,13,0.2826086956521739,46,0.2391304347826087,0.7608695652173914,-8.91,-0.19,5,0.10869565217391304,11,-7.7,-0.7,4,0.36363636363636365,35,-1.21,-0.03,9,0.2571428571428571,15,0.3333333333333333,0.6666666666666666,4.39,0.29,8,0.5333333333333333,5,4.42,0.88,3,0.6,10,-0.04,-0.0,5,0.5,10,4,6,18,11,7,12.28,0.68,0.5555555555555556,0.2222222222222222,0.3333333333333333,0.6111111111111112,0.3888888888888889,16,0.37209302325581395,-8.85,-0.21,43,7,0.3333333333333333,12.22,0.58,21,401403942,2022,11
201,Oklahoma Sooners,34,0.5,13,0.41935483870967744,21,0.5675675675675675,4,0.8,1,0.09090909090909091,33,0.6,55,0.43636363636363634,0.5636363636363636,17.39,0.32,18,0.32727272727272727,24,5.14,0.21,13,0.5416666666666666,31,12.25,0.4,20,0.6451612903225806,16,0.4375,0.5625,3.08,0.19,7,0.4375,7,2.98,0.43,3,0.42857142857142855,9,0.1,0.01,4,0.4444444444444444,1,0,1,13,7,6,-17.64,-1.36,0.07692307692307693,0.0,0.07692307692307693,0.5384615384615384,0.46153846153846156,30,0.6,11.47,0.23,50,4,0.2222222222222222,-11.72,-0.65,18,401404112,2022,11
277,West Virginia Mountaineers,40,0.46511627906976744,14,0.4,26,0.52,7,0.7777777777777778,7,0.3888888888888889,29,0.46774193548387094,62,0.3870967741935484,0.6129032258064516,2.75,0.04,12,0.1935483870967742,24,3.48,0.14,10,0.4166666666666667,38,-0.73,-0.02,19,0.5,9,0.5555555555555556,0.3333333333333333,-0.93,-0.1,4,0.4444444444444444,5,-4.17,-0.83,1,0.2,3,4.4,1.47,3,1.0,11,4,7,23,11,12,-1.01,-0.04,0.4782608695652174,0.17391304347826086,0.30434782608695654,0.4782608695652174,0.5217391304347826,30,0.5172413793103449,1.22,0.02,58,10,0.37037037037037035,0.51,0.02,27,401404112,2022,11
41,UConn Huskies,22,0.3793103448275862,6,0.2727272727272727,16,0.4444444444444444,3,1.0,4,0.3076923076923077,17,0.3953488372093023,43,0.27906976744186046,0.7209302325581395,1.87,0.04,6,0.13953488372093023,12,-0.91,-0.08,3,0.25,31,2.79,0.09,14,0.45161290322580644,6,0.6666666666666666,0.3333333333333333,-7.32,-1.22,0,0.0,4,-6.06,-1.52,0,0.0,2,-1.26,-0.63,0,0.0,5,3,2,15,10,5,-5.83,-0.39,0.3333333333333333,0.2,0.13333333333333333,0.6666666666666666,0.3333333333333333,16,0.43243243243243246,-4.67,-0.13,37,6,0.2857142857142857,0.71,0.03,21,401404156,2022,11
2335,Liberty Flames,41,0.5189873417721519,19,0.475,22,0.5789473684210527,7,0.5,7,0.4666666666666667,33,0.5409836065573771,61,0.4918032786885246,0.5081967213114754,9.06,0.15,19,0.3114754098360656,30,-0.93,-0.03,15,0.5,31,9.99,0.32,18,0.5806451612903226,15,0.26666666666666666,0.7333333333333333,7.21,0.48,13,0.8666666666666667,4,3.11,0.78,4,1.0,11,4.1,0.37,9,0.8181818181818182,8,4,4,18,10,7,-9.47,-0.53,0.4444444444444444,0.2222222222222222,0.2222222222222222,0.5555555555555556,0.3888888888888889,36,0.6,12.85,0.21,60,5,0.2631578947368421,-13.26,-0.7,19,401404156,2022,11
164,Rutgers Scarlet Knights,37,0.49333333333333335,16,0.45714285714285713,21,0.525,3,0.6,8,0.5333333333333333,28,0.4745762711864407,59,0.4406779661016949,0.559322033898305,7.56,0.13,15,0.2542372881355932,26,2.79,0.11,12,0.46153846153846156,33,4.78,0.14,16,0.48484848484848486,11,0.2727272727272727,0.7272727272727273,-0.15,-0.01,5,0.45454545454545453,3,-2.02,-0.67,1,0.3333333333333333,8,1.87,0.23,4,0.5,9,4,5,16,9,7,11.66,0.73,0.5625,0.25,0.3125,0.5625,0.4375,29,0.5686274509803921,11.88,0.23,51,8,0.3333333333333333,7.35,0.31,24,401405138,2022,11
127,Michigan State Spartans,33,0.5,14,0.4117647058823529,19,0.59375,1,0.2,4,0.36363636363636365,29,0.5471698113207547,53,0.4528301886792453,0.5471698113207547,12.21,0.23,16,0.3018867924528302,24,5.74,0.24,11,0.4583333333333333,29,6.47,0.22,18,0.6206896551724138,5,0.2,0.8,4.22,0.84,5,1.0,1,1.48,1.48,1,1.0,4,2.75,0.69,4,1.0,4,3,1,13,10,3,-6.21,-0.48,0.3076923076923077,0.23076923076923078,0.07692307692307693,0.7692307692307693,0.23076923076923078,27,0.5869565217391305,9.74,0.21,46,6,0.3,-3.74,-0.19,20,401405138,2022,11
150,Duke Blue Devils,30,0.42857142857142855,14,0.45161290322580644,16,0.41025641025641024,5,0.5555555555555556,8,0.5,20,0.39215686274509803,51,0.43137254901960786,0.5686274509803921,0.58,0.01,9,0.17647058823529413,22,4.05,0.18,9,0.4090909090909091,29,-3.47,-0.12,11,0.3793103448275862,10,0.7,0.3,4.96,0.5,6,0.6,7,2.85,0.41,3,0.42857142857142855,3,2.1,0.7,3,1.0,10,5,5,19,9,10,10.02,0.53,0.5263157894736842,0.2631578947368421,0.2631578947368421,0.47368421052631576,0.5263157894736842,21,0.5,7.65,0.18,42,9,0.32142857142857145,2.96,0.11,28,401411159,2022,11
259,Virginia Tech Hokies,22,0.4074074074074074,11,0.36666666666666664,11,0.4583333333333333,,,4,0.3333333333333333,18,0.45,40,0.475,0.525,6.52,0.16,8,0.2,19,3.62,0.19,7,0.3684210526315789,21,2.9,0.14,11,0.5238095238095238,13,0.6923076923076923,0.3076923076923077,0.34,0.03,7,0.5384615384615384,9,-1.26,-0.14,3,0.3333333333333333,4,1.59,0.4,4,1.0,4,4,0,14,11,3,-11.8,-0.84,0.2857142857142857,0.2857142857142857,0.0,0.7857142857142857,0.21428571428571427,15,0.40540540540540543,-4.93,-0.13,37,7,0.4117647058823529,-0.35,-0.02,17,401411159,2022,11
258,Virginia Cavaliers,21,0.3684210526315789,15,0.36585365853658536,6,0.375,1,0.25,2,0.15384615384615385,18,0.42857142857142855,42,0.6904761904761905,0.30952380952380953,-14.51,-0.35,10,0.23809523809523808,29,-15.12,-0.52,13,0.4482758620689655,13,0.61,0.05,5,0.38461538461538464,3,1.0,0.0,-2.08,-0.69,1,0.3333333333333333,3,-2.08,-0.69,1,0.3333333333333333,,,,,,3,2,1,15,12,3,-10.07,-0.67,0.2,0.13333333333333333,0.06666666666666667,0.8,0.2,16,0.4444444444444444,-12.22,-0.34,36,5,0.23809523809523808,-12.36,-0.59,21,401411163,2022,11
221,Pittsburgh Panthers,31,0.4492753623188406,9,0.391304347826087,22,0.4782608695652174,3,0.25,7,0.4666666666666667,23,0.4339622641509434,53,0.24528301886792453,0.7547169811320755,-2.62,-0.05,13,0.24528301886792453,13,-0.39,-0.03,4,0.3076923076923077,40,-2.23,-0.06,19,0.475,15,0.4,0.6,-2.2,-0.15,6,0.4,6,0.41,0.07,2,0.3333333333333333,9,-2.61,-0.29,4,0.4444444444444444,8,5,3,16,10,6,2.24,0.14,0.5,0.3125,0.1875,0.625,0.375,26,0.52,3.18,0.06,50,5,0.2631578947368421,-3.56,-0.19,19,401411163,2022,11
2567,SMU Mustangs,37,0.5441176470588235,12,0.4444444444444444,25,0.6097560975609756,7,0.7,5,0.45454545454545453,31,0.5740740740740741,54,0.3148148148148148,0.6851851851851852,22.17,0.41,18,0.3333333333333333,17,13.26,0.78,10,0.5882352941176471,37,8.92,0.24,21,0.5675675675675675,8,0.625,0.375,-2.56,-0.32,2,0.25,5,-2.27,-0.45,1,0.2,3,-0.29,-0.1,1,0.3333333333333333,6,2,4,14,10,4,-5.2,-0.37,0.42857142857142855,0.14285714285714285,0.2857142857142857,0.7142857142857143,0.2857142857142857,33,0.6,18.03,0.33,55,4,0.3076923076923077,-1.06,-0.08,13,401415656,2022,11
58,South Florida Bulls,33,0.44,11,0.3055555555555556,22,0.5641025641025641,4,0.2857142857142857,7,0.4117647058823529,24,0.4444444444444444,54,0.3888888888888889,0.6111111111111112,2.72,0.05,12,0.2222222222222222,21,-0.21,-0.01,6,0.2857142857142857,33,2.93,0.09,18,0.5454545454545454,16,0.5,0.5,3.78,0.24,8,0.5,8,5.41,0.68,4,0.5,8,-1.63,-0.2,4,0.5,9,5,4,21,15,6,-0.63,-0.03,0.42857142857142855,0.23809523809523808,0.19047619047619047,0.7142857142857143,0.2857142857142857,24,0.48,2.3,0.05,50,9,0.36,-0.2,-0.01,25,401415656,2022,11
2433,UL Monroe Warhawks,19,0.3584905660377358,11,0.36666666666666664,8,0.34782608695652173,2,0.3333333333333333,4,0.3333333333333333,15,0.36585365853658536,41,0.5365853658536586,0.4634146341463415,3.67,0.09,11,0.2682926829268293,22,8.77,0.4,9,0.4090909090909091,19,-5.11,-0.27,6,0.3157894736842105,4,0.75,0.25,-0.4,-0.1,1,0.25,3,-1.73,-0.58,0,0.0,1,1.32,1.32,1,1.0,4,2,2,12,8,4,-6.19,-0.52,0.3333333333333333,0.16666666666666666,0.16666666666666666,0.6666666666666666,0.3333333333333333,13,0.3939393939393939,-0.2,-0.01,33,6,0.3,-2.33,-0.12,20,401426372,2022,11
2247,Georgia State Panthers,39,0.40625,16,0.36363636363636365,23,0.4423076923076923,5,0.7142857142857143,13,0.5416666666666666,22,0.3384615384615385,65,0.4307692307692308,0.5692307692307692,-14.5,-0.22,10,0.15384615384615385,28,-7.63,-0.27,9,0.32142857142857145,37,-6.87,-0.19,13,0.35135135135135137,20,0.6,0.4,-2.53,-0.13,7,0.35,12,-2.52,-0.21,4,0.3333333333333333,8,-0.0,-0.0,3,0.375,17,7,10,31,16,15,9.58,0.31,0.5483870967741935,0.22580645161290322,0.3225806451612903,0.5161290322580645,0.4838709677419355,30,0.4838709677419355,4.24,0.07,62,9,0.2647058823529412,-9.16,-0.27,34,401426372,2022,11
295,Old Dominion Monarchs,22,0.4,10,0.3333333333333333,12,0.48,2,0.5,5,0.38461538461538464,16,0.4,40,0.55,0.45,-20.71,-0.52,6,0.15,22,-14.49,-0.66,9,0.4090909090909091,18,-6.22,-0.35,7,0.3888888888888889,6,0.8333333333333334,0.16666666666666666,0.74,0.12,4,0.6666666666666666,5,-0.55,-0.11,3,0.6,1,1.29,1.29,1,1.0,6,1,5,15,8,7,3.13,0.21,0.4,0.06666666666666667,0.3333333333333333,0.5333333333333333,0.4666666666666667,15,0.45454545454545453,-13.21,-0.4,33,7,0.3181818181818182,-4.36,-0.2,22,401426374,2022,11
256,James Madison Dukes,34,0.4927536231884058,16,0.6666666666666666,18,0.4,7,0.3684210526315789,5,0.4166666666666667,28,0.5,56,0.3392857142857143,0.6607142857142857,2.26,0.04,14,0.25,19,2.37,0.12,13,0.6842105263157895,37,-0.1,-0.0,15,0.40540540540540543,15,0.3333333333333333,0.6666666666666666,-10.25,-0.68,5,0.3333333333333333,5,-8.72,-1.74,2,0.4,10,-1.54,-0.15,3,0.3,6,3,3,13,5,8,1.86,0.14,0.46153846153846156,0.23076923076923078,0.23076923076923078,0.38461538461538464,0.6153846153846154,30,0.5660377358490566,8.8,0.17,53,4,0.25,-4.68,-0.29,16,401426374,2022,11
98,Western Kentucky Hilltoppers,29,0.5272727272727272,19,0.5757575757575758,10,0.45454545454545453,4,0.5714285714285714,9,0.8181818181818182,19,0.4523809523809524,42,0.6190476190476191,0.38095238095238093,5.8,0.14,10,0.23809523809523808,26,6.69,0.26,13,0.5,16,-0.89,-0.06,6,0.375,4,1.0,0.0,4.97,1.24,3,0.75,4,4.97,1.24,3,0.75,,,,,,10,6,4,13,7,6,11.89,0.91,0.7692307692307693,0.46153846153846156,0.3076923076923077,0.5384615384615384,0.46153846153846156,21,0.5384615384615384,9.62,0.25,39,8,0.5,8.06,0.5,16,401426607,2022,11
242,Rice Owls,37,0.5441176470588235,15,0.4838709677419355,22,0.6111111111111112,5,0.5555555555555556,7,0.6363636363636364,30,0.5263157894736842,57,0.42105263157894735,0.5789473684210527,-13.59,-0.24,16,0.2807017543859649,24,-15.75,-0.66,10,0.4166666666666667,33,2.17,0.07,20,0.6060606060606061,13,0.23076923076923078,0.7692307692307693,7.49,0.58,11,0.8461538461538461,3,-0.39,-0.13,1,0.3333333333333333,10,7.88,0.79,10,1.0,7,5,2,11,7,3,4.07,0.37,0.6363636363636364,0.45454545454545453,0.18181818181818182,0.6363636363636364,0.2727272727272727,31,0.6078431372549019,-3.94,-0.08,51,6,0.35294117647058826,-5.57,-0.33,17,401426607,2022,11
2032,Arkansas State Red Wolves,13,0.3170731707317073,7,0.3333333333333333,6,0.3,3,0.6,0,0.0,12,0.375,32,0.4375,0.5625,4.64,0.15,5,0.15625,14,1.45,0.1,6,0.42857142857142855,18,3.2,0.18,6,0.3333333333333333,9,0.4444444444444444,0.5555555555555556,2.19,0.24,3,0.3333333333333333,4,5.29,1.32,3,0.75,5,-3.11,-0.62,0,0.0,1,1,0,9,7,2,-6.12,-0.68,0.1111111111111111,0.1111111111111111,0.0,0.7777777777777778,0.2222222222222222,8,0.3333333333333333,-2.69,-0.11,24,5,0.29411764705882354,1.21,0.07,17,401414784,2022,11
113,Massachusetts Minutemen,35,0.38461538461538464,17,0.40476190476190477,18,0.3673469387755102,4,0.36363636363636365,11,0.5238095238095238,23,0.34328358208955223,67,0.3880597014925373,0.6119402985074627,-6.86,-0.1,11,0.16417910447761194,26,-0.78,-0.03,9,0.34615384615384615,41,-6.09,-0.15,14,0.34146341463414637,14,0.5714285714285714,0.42857142857142855,5.41,0.39,5,0.35714285714285715,8,4.39,0.55,3,0.375,6,1.02,0.17,2,0.3333333333333333,12,8,4,24,16,8,8.14,0.34,0.5,0.3333333333333333,0.16666666666666666,0.6666666666666666,0.3333333333333333,22,0.4074074074074074,4.45,0.08,54,13,0.35135135135135137,-3.18,-0.09,37,401414784,2022,11
248,Houston Cougars,34,0.5151515151515151,21,0.5,13,0.5416666666666666,5,0.625,7,0.5384615384615384,24,0.48,50,0.6,0.4,12.72,0.25,11,0.22,30,-1.29,-0.04,13,0.43333333333333335,20,14.01,0.7,11,0.55,16,0.4375,0.5625,8.99,0.56,10,0.625,7,5.61,0.8,6,0.8571428571428571,9,3.38,0.38,4,0.4444444444444444,10,8,2,16,12,4,13.03,0.81,0.625,0.5,0.125,0.75,0.25,23,0.48936170212765956,10.4,0.22,47,11,0.5789473684210527,15.36,0.81,19,401415655,2022,11
218,Temple Owls,42,0.5060240963855421,37,0.6379310344827587,5,0.2,8,0.4,10,0.625,29,0.4603174603174603,63,0.6507936507936508,0.3492063492063492,7.26,0.12,17,0.2698412698412698,41,16.16,0.39,26,0.6341463414634146,22,-8.9,-0.4,3,0.13636363636363635,13,0.5384615384615384,0.46153846153846156,-0.56,-0.04,5,0.38461538461538464,7,-0.86,-0.12,3,0.42857142857142855,6,0.3,0.05,2,0.3333333333333333,13,11,2,20,17,3,18.83,0.94,0.65,0.55,0.1,0.85,0.15,22,0.41509433962264153,-1.22,-0.02,53,20,0.6666666666666666,27.31,0.91,30,401415655,2022,11
265,Washington State Cougars,33,0.4714285714285714,19,0.475,14,0.4666666666666667,8,0.4444444444444444,7,0.5,25,0.4716981132075472,53,0.6037735849056604,0.39622641509433965,0.58,0.01,13,0.24528301886792453,32,-0.9,-0.03,15,0.46875,21,1.48,0.07,10,0.47619047619047616,20,0.6,0.4,4.22,0.21,10,0.5,12,-2.08,-0.17,5,0.4166666666666667,8,6.3,0.79,5,0.625,8,4,4,17,8,9,-1.01,-0.06,0.47058823529411764,0.23529411764705882,0.23529411764705882,0.47058823529411764,0.5294117647058824,27,0.54,7.06,0.14,50,6,0.3,-7.49,-0.37,20,401404035,2022,11
9,Arizona State Sun Devils,26,0.3880597014925373,12,0.32432432432432434,14,0.4666666666666667,3,0.3,3,0.21428571428571427,21,0.42,50,0.48,0.52,-3.65,-0.07,13,0.26,24,-2.85,-0.12,9,0.375,26,-0.8,-0.03,12,0.46153846153846156,4,0.5,0.5,-2.84,-0.71,0,0.0,2,-1.98,-0.99,0,0.0,2,-0.86,-0.43,0,0.0,5,3,2,17,13,4,-3.25,-0.19,0.29411764705882354,0.17647058823529413,0.11764705882352941,0.7647058823529411,0.23529411764705882,19,0.4523809523809524,0.75,0.02,42,7,0.28,-7.65,-0.31,25,401404035,2022,11
66,Iowa State Cyclones,27,0.34177215189873417,19,0.40425531914893614,8,0.25,3,0.5,6,0.35294117647058826,20,0.3333333333333333,60,0.5166666666666667,0.48333333333333334,-22.14,-0.37,12,0.2,31,-10.01,-0.32,13,0.41935483870967744,29,-12.13,-0.42,7,0.2413793103448276,9,0.4444444444444444,0.5555555555555556,4.69,0.52,5,0.5555555555555556,4,4.37,1.09,3,0.75,5,0.33,0.07,2,0.4,7,6,1,19,16,3,-0.0,-0.0,0.3684210526315789,0.3157894736842105,0.05263157894736842,0.8421052631578947,0.15789473684210525,15,0.3191489361702128,-19.2,-0.41,47,12,0.375,-2.95,-0.09,32,401404110,2022,11
197,Oklahoma State Cowboys,15,0.2631578947368421,9,0.36,6,0.1875,2,0.6666666666666666,1,0.07142857142857142,13,0.30952380952380953,42,0.38095238095238093,0.6190476190476191,0.45,0.01,7,0.16666666666666666,16,10.47,0.65,9,0.5625,26,-10.02,-0.39,4,0.15384615384615385,4,0.25,0.75,-3.3,-0.82,0,0.0,1,-0.46,-0.46,0,0.0,3,-2.83,-0.94,0,0.0,2,0,2,15,9,6,-16.14,-1.08,0.13333333333333333,0.0,0.13333333333333333,0.6,0.4,11,0.3142857142857143,-9.47,-0.27,35,4,0.18181818181818182,-6.22,-0.28,22,401404110,2022,11
349,Army Black Knights,32,0.463768115942029,4,0.4,28,0.4745762711864407,4,0.25,6,0.42857142857142855,25,0.4716981132075472,53,0.1320754716981132,0.8679245283018868,3.57,0.07,13,0.24528301886792453,7,1.03,0.15,2,0.2857142857142857,46,2.54,0.06,23,0.5,7,0.2857142857142857,0.7142857142857143,0.61,0.09,3,0.42857142857142855,2,-1.29,-0.64,0,0.0,5,1.9,0.38,3,0.6,7,2,5,16,3,13,-4.37,-0.27,0.4375,0.125,0.3125,0.1875,0.8125,27,0.5,-2.12,-0.04,54,5,0.3333333333333333,1.32,0.09,15,401404142,2022,11
2653,Troy Trojans,20,0.38461538461538464,14,0.42424242424242425,6,0.3157894736842105,2,0.18181818181818182,1,0.1111111111111111,18,0.42857142857142855,42,0.5714285714285714,0.42857142857142855,1.21,0.03,14,0.3333333333333333,24,8.39,0.35,12,0.5,18,-7.19,-0.4,6,0.3333333333333333,13,0.9230769230769231,0.07692307692307693,1.44,0.11,6,0.46153846153846156,12,2.32,0.19,6,0.5,1,-0.88,-0.88,0,0.0,2,2,0,10,9,1,-10.15,-1.01,0.2,0.2,0.0,0.9,0.1,13,0.34210526315789475,-8.04,-0.21,38,7,0.5,-0.9,-0.06,14,401404142,2022,11
275,Wisconsin Badgers,17,0.26153846153846155,9,0.23684210526315788,8,0.2962962962962963,1,0.25,6,0.375,11,0.22916666666666666,48,0.5,0.5,-23.47,-0.49,5,0.10416666666666667,24,-14.02,-0.58,5,0.20833333333333334,24,-9.45,-0.39,6,0.25,13,0.5384615384615384,0.46153846153846156,-2.09,-0.16,7,0.5384615384615384,7,-4.47,-0.64,2,0.2857142857142857,6,2.38,0.4,5,0.8333333333333334,6,4,2,17,14,3,1.85,0.11,0.35294117647058826,0.23529411764705882,0.11764705882352941,0.8235294117647058,0.17647058823529413,11,0.34375,-6.27,-0.2,32,6,0.18181818181818182,-15.35,-0.47,33,401405135,2022,11
2294,Iowa Hawkeyes,23,0.3382352941176471,11,0.3793103448275862,12,0.3076923076923077,5,0.5555555555555556,7,0.3684210526315789,15,0.3125,48,0.3333333333333333,0.6666666666666666,-13.9,-0.29,5,0.10416666666666667,16,-6.58,-0.41,5,0.3125,32,-7.32,-0.23,10,0.3125,8,0.5,0.5,-5.6,-0.7,3,0.375,4,-4.43,-1.11,1,0.25,4,-1.17,-0.29,2,0.5,8,6,2,20,13,7,-4.36,-0.22,0.4,0.3,0.1,0.65,0.35,16,0.38095238095238093,-4.63,-0.11,42,7,0.2692307692307692,-13.63,-0.52,26,401405135,2022,11
77,Northwestern Wildcats,17,0.3269230769230769,8,0.25,9,0.45,0,0.0,4,0.3333333333333333,13,0.34210526315789475,38,0.6578947368421053,0.34210526315789475,-6.4,-0.17,5,0.13157894736842105,25,-2.89,-0.12,8,0.32,13,-3.52,-0.27,5,0.38461538461538464,10,1.0,0.0,-4.74,-0.47,2,0.2,10,-4.74,-0.47,2,0.2,,,,,,4,0,4,14,7,7,-12.59,-0.9,0.2857142857142857,0.0,0.2857142857142857,0.5,0.5,12,0.375,-11.5,-0.36,32,5,0.25,-7.5,-0.37,20,401405136,2022,11
135,Minnesota Golden Gophers,36,0.5217391304347826,5,0.4166666666666667,31,0.543859649122807,11,0.8461538461538461,5,0.38461538461538464,31,0.5535714285714286,56,0.14285714285714285,0.8571428571428571,3.48,0.06,12,0.21428571428571427,8,0.31,0.04,5,0.625,48,3.17,0.07,26,0.5416666666666666,7,0.0,1.0,-0.91,-0.13,2,0.2857142857142857,,,,,,7,-0.91,-0.13,2,0.2857142857142857,5,0,5,13,4,9,-3.58,-0.28,0.38461538461538464,0.0,0.38461538461538464,0.3076923076923077,0.6923076923076923,32,0.5818181818181818,5.68,0.1,55,4,0.2857142857142857,-5.78,-0.41,14,401405136,2022,11
130,Michigan Wolverines,41,0.5942028985507246,10,0.45454545454545453,31,0.6595744680851063,6,0.8571428571428571,4,0.4,35,0.6140350877192983,57,0.2807017543859649,0.7192982456140351,16.53,0.29,19,0.3333333333333333,16,4.57,0.29,8,0.5,41,11.96,0.29,27,0.6585365853658537,19,0.3157894736842105,0.6842105263157895,4.85,0.26,12,0.631578947368421,6,1.1,0.18,3,0.5,13,3.75,0.29,9,0.6923076923076923,6,2,4,12,6,6,1.19,0.1,0.5,0.16666666666666666,0.3333333333333333,0.5,0.5,38,0.6440677966101694,22.77,0.39,59,3,0.3,-5.05,-0.51,10,401405137,2022,11
158,Nebraska Cornhuskers,13,0.2765957446808511,5,0.23809523809523808,8,0.3076923076923077,0,0.0,7,0.4666666666666667,5,0.16129032258064516,31,0.3870967741935484,0.6129032258064516,-12.47,-0.4,1,0.03225806451612903,12,-7.92,-0.66,1,0.08333333333333333,19,-4.55,-0.24,4,0.21052631578947367,,,,,,,,,,,,,,,,,,8,4,4,16,9,7,1.76,0.11,0.5,0.25,0.25,0.5625,0.4375,7,0.25,-7.03,-0.25,28,6,0.3157894736842105,-3.68,-0.19,19,401405137,2022,11
2390,Miami Hurricanes,29,0.4915254237288136,9,0.47368421052631576,20,0.5,7,0.7777777777777778,7,0.5833333333333334,22,0.46808510638297873,47,0.2978723404255319,0.7021276595744681,9.23,0.2,12,0.2553191489361702,14,4.82,0.34,6,0.42857142857142855,33,4.42,0.13,16,0.48484848484848486,3,0.3333333333333333,0.6666666666666666,-2.6,-0.87,0,0.0,1,-0.32,-0.32,0,0.0,2,-2.28,-1.14,0,0.0,7,3,4,12,5,7,3.52,0.29,0.5833333333333334,0.25,0.3333333333333333,0.4166666666666667,0.5833333333333334,21,0.4772727272727273,4.76,0.11,44,8,0.5333333333333333,7.99,0.53,15,401411160,2022,11
59,Georgia Tech Yellow Jackets,28,0.417910447761194,17,0.3953488372093023,11,0.4583333333333333,5,0.45454545454545453,4,0.3333333333333333,23,0.4339622641509434,53,0.660377358490566,0.33962264150943394,-10.69,-0.2,12,0.22641509433962265,35,-9.61,-0.27,16,0.45714285714285713,18,-1.08,-0.06,7,0.3888888888888889,12,0.6666666666666666,0.3333333333333333,2.67,0.22,5,0.4166666666666667,8,0.12,0.02,3,0.375,4,2.54,0.64,2,0.5,5,1,4,14,8,6,-5.58,-0.4,0.35714285714285715,0.07142857142857142,0.2857142857142857,0.5714285714285714,0.42857142857142855,21,0.4375,-14.25,-0.3,48,7,0.3684210526315789,-2.02,-0.11,19,401411160,2022,11
167,New Mexico Lobos,15,0.3333333333333333,7,0.28,8,0.4,0,0.0,5,0.4166666666666667,10,0.3225806451612903,31,0.5483870967741935,0.45161290322580644,-7.4,-0.24,4,0.12903225806451613,17,-3.83,-0.23,5,0.29411764705882354,14,-3.57,-0.25,5,0.35714285714285715,,,,,,,,,,,,,,,,,,5,2,3,14,8,6,-7.08,-0.51,0.35714285714285715,0.14285714285714285,0.21428571428571427,0.5714285714285714,0.42857142857142855,12,0.41379310344827586,-6.25,-0.22,29,3,0.1875,-8.23,-0.51,16,401415256,2022,11
2005,Air Force Falcons,40,0.5714285714285714,2,0.6666666666666666,38,0.5671641791044776,3,0.5,8,0.5333333333333333,28,0.5490196078431373,51,0.0392156862745098,0.9607843137254902,4.78,0.09,9,0.17647058823529413,2,1.63,0.81,1,0.5,49,3.16,0.06,27,0.5510204081632653,15,0.13333333333333333,0.8666666666666667,2.28,0.15,10,0.6666666666666666,2,-0.83,-0.42,1,0.5,13,3.11,0.24,9,0.6923076923076923,12,1,11,19,1,18,15.08,0.79,0.631578947368421,0.05263157894736842,0.5789473684210527,0.05263157894736842,0.9473684210526315,34,0.5964912280701754,17.62,0.31,57,6,0.46153846153846156,2.25,0.17,13,401415256,2022,11
276,Marshall Thundering Herd,26,0.40625,14,0.4827586206896552,12,0.34285714285714286,6,0.5454545454545454,6,0.4,19,0.40425531914893614,47,0.44680851063829785,0.5531914893617021,-8.86,-0.19,11,0.23404255319148937,21,-5.98,-0.28,9,0.42857142857142855,26,-2.88,-0.11,10,0.38461538461538464,9,0.6666666666666666,0.3333333333333333,-4.11,-0.46,3,0.3333333333333333,6,-3.36,-0.56,2,0.3333333333333333,3,-0.75,-0.25,1,0.3333333333333333,7,5,2,17,8,9,5.83,0.34,0.4117647058823529,0.29411764705882354,0.11764705882352941,0.47058823529411764,0.5294117647058824,17,0.40476190476190477,-8.3,-0.2,42,9,0.4090909090909091,5.27,0.24,22,401426373,2022,11
2026,Appalachian State Mountaineers,25,0.3424657534246575,11,0.3142857142857143,14,0.3684210526315789,5,0.5555555555555556,7,0.4117647058823529,15,0.3,50,0.32,0.68,-10.22,-0.2,6,0.12,16,-6.18,-0.39,3,0.1875,34,-4.04,-0.12,12,0.35294117647058826,5,0.6,0.4,2.97,0.59,2,0.4,3,1.02,0.34,1,0.3333333333333333,2,1.95,0.97,1,0.5,10,8,2,23,19,4,-0.84,-0.04,0.43478260869565216,0.34782608695652173,0.08695652173913043,0.8260869565217391,0.17391304347826086,17,0.3695652173913043,-12.28,-0.27,46,8,0.2962962962962963,1.23,0.05,27,401426373,2022,11
2429,Charlotte 49ers,36,0.46153846153846156,21,0.42,15,0.5357142857142857,2,0.25,6,0.375,29,0.5,58,0.6206896551724138,0.3793103448275862,0.4,0.01,12,0.20689655172413793,36,-0.18,-0.0,16,0.4444444444444444,22,0.58,0.03,13,0.5909090909090909,16,0.5625,0.4375,-0.18,-0.01,7,0.4375,9,1.08,0.12,4,0.4444444444444444,7,-1.26,-0.18,3,0.42857142857142855,7,5,2,20,14,6,-6.34,-0.32,0.35,0.25,0.1,0.7,0.3,27,0.4909090909090909,-4.08,-0.07,55,9,0.391304347826087,-1.86,-0.08,23,401426603,2022,11
2393,Middle Tennessee Blue Raiders,24,0.3870967741935484,12,0.375,12,0.4,4,0.36363636363636365,3,0.25,20,0.40816326530612246,49,0.5102040816326531,0.4897959183673469,-4.17,-0.09,9,0.1836734693877551,25,-4.61,-0.18,9,0.36,24,0.45,0.02,11,0.4583333333333333,10,0.7,0.3,-4.66,-0.47,3,0.3,7,-4.09,-0.58,2,0.2857142857142857,3,-0.57,-0.19,1,0.3333333333333333,4,3,1,13,7,6,-0.63,-0.05,0.3076923076923077,0.23076923076923078,0.07692307692307693,0.5384615384615384,0.46153846153846156,19,0.48717948717948717,-0.76,-0.02,39,5,0.21739130434782608,-4.04,-0.18,23,401426603,2022,11
2636,UTSA Roadrunners,33,0.4647887323943662,17,0.5666666666666667,16,0.3902439024390244,5,0.35714285714285715,8,0.6153846153846154,24,0.42105263157894735,57,0.38596491228070173,0.6140350877192983,10.25,0.18,13,0.22807017543859648,22,4.72,0.21,12,0.5454545454545454,35,5.54,0.16,12,0.34285714285714286,6,0.6666666666666666,0.3333333333333333,-2.02,-0.34,2,0.3333333333333333,4,-3.23,-0.81,1,0.25,2,1.21,0.61,1,0.5,9,5,4,14,8,6,9.35,0.67,0.6428571428571429,0.35714285714285715,0.2857142857142857,0.5714285714285714,0.42857142857142855,21,0.4375,6.65,0.14,48,12,0.5217391304347826,12.95,0.56,23,401426605,2022,11
2348,Louisiana Tech Bulldogs,26,0.4262295081967213,13,0.41935483870967744,13,0.43333333333333335,1,0.25,6,0.46153846153846156,20,0.4444444444444444,45,0.4888888888888889,0.5111111111111111,-6.97,-0.15,8,0.17777777777777778,22,-2.03,-0.09,10,0.45454545454545453,23,-4.93,-0.21,10,0.43478260869565216,10,0.7,0.3,-4.73,-0.47,2,0.2,7,-1.16,-0.17,2,0.2857142857142857,3,-3.57,-1.19,0,0.0,6,3,3,16,9,7,-7.91,-0.49,0.375,0.1875,0.1875,0.5625,0.4375,19,0.4222222222222222,-11.36,-0.25,45,7,0.4375,-3.53,-0.22,16,401426605,2022,11
5,UAB Blazers,40,0.547945205479452,13,0.5416666666666666,27,0.5510204081632653,14,0.5,14,0.8235294117647058,25,0.46296296296296297,54,0.3148148148148148,0.6851851851851852,-5.33,-0.1,13,0.24074074074074073,17,-6.49,-0.38,8,0.47058823529411764,37,1.16,0.03,17,0.4594594594594595,15,0.4,0.6,1.39,0.09,8,0.5333333333333333,6,1.27,0.21,3,0.5,9,0.12,0.01,5,0.5555555555555556,15,5,10,19,7,12,25.9,1.36,0.7894736842105263,0.2631578947368421,0.5263157894736842,0.3684210526315789,0.631578947368421,30,0.5454545454545454,6.25,0.11,55,10,0.5555555555555556,14.31,0.8,18,401426606,2022,11
249,North Texas Mean Green,28,0.45901639344262296,11,0.3235294117647059,17,0.6296296296296297,5,0.5555555555555556,8,0.5333333333333333,18,0.4186046511627907,43,0.6046511627906976,0.3953488372093023,4.72,0.11,6,0.13953488372093023,26,1.14,0.04,9,0.34615384615384615,17,3.58,0.21,9,0.5294117647058824,3,0.3333333333333333,0.6666666666666666,-1.45,-0.48,1,0.3333333333333333,1,0.22,0.22,1,1.0,2,-1.67,-0.84,0,0.0,10,2,8,18,8,10,0.27,0.02,0.5555555555555556,0.1111111111111111,0.4444444444444444,0.4444444444444444,0.5555555555555556,19,0.4318181818181818,5.28,0.12,44,9,0.5294117647058824,-0.28,-0.02,17,401426606,2022,11
2579,South Carolina Gamecocks,17,0.3541666666666667,10,0.35714285714285715,7,0.35,1,0.25,4,0.36363636363636365,12,0.34285714285714286,35,0.5142857142857142,0.4857142857142857,-14.74,-0.42,6,0.17142857142857143,18,-7.2,-0.4,7,0.3888888888888889,17,-7.54,-0.44,5,0.29411764705882354,4,0.5,0.5,0.4,0.1,1,0.25,2,2.24,1.12,1,0.5,2,-1.84,-0.92,0,0.0,5,3,2,13,10,3,1.11,0.09,0.38461538461538464,0.23076923076923078,0.15384615384615385,0.7692307692307693,0.23076923076923078,8,0.3333333333333333,-11.57,-0.48,24,9,0.375,-2.06,-0.09,24,401403941,2022,11
57,Florida Gators,34,0.4358974358974359,11,0.39285714285714285,23,0.46,9,0.4090909090909091,9,0.6,24,0.39344262295081966,61,0.3442622950819672,0.6557377049180327,3.65,0.06,13,0.21311475409836064,21,-1.71,-0.08,8,0.38095238095238093,40,5.36,0.13,16,0.4,12,0.3333333333333333,0.6666666666666666,-1.99,-0.17,3,0.25,4,-2.48,-0.62,0,0.0,8,0.49,0.06,3,0.375,10,3,7,17,7,10,7.03,0.41,0.5882352941176471,0.17647058823529413,0.4117647058823529,0.4117647058823529,0.5882352941176471,25,0.4716981132075472,9.06,0.17,53,9,0.36,1.62,0.06,25,401403941,2022,11
6,South Alabama Jaguars,29,0.3717948717948718,17,0.425,12,0.3157894736842105,6,0.4,5,0.2631578947368421,17,0.3269230769230769,52,0.4230769230769231,0.5769230769230769,-4.16,-0.08,4,0.07692307692307693,22,0.51,0.02,7,0.3181818181818182,30,-4.66,-0.16,10,0.3333333333333333,6,0.6666666666666666,0.3333333333333333,-0.82,-0.14,2,0.3333333333333333,4,-0.3,-0.08,1,0.25,2,-0.52,-0.26,1,0.5,12,10,2,26,18,8,14.78,0.57,0.46153846153846156,0.38461538461538464,0.07692307692307693,0.6923076923076923,0.3076923076923077,25,0.43859649122807015,13.2,0.23,57,4,0.19047619047619047,-2.58,-0.12,21,401426375,2022,11
326,Texas State Bobcats,22,0.3492063492063492,10,0.23255813953488372,12,0.6,5,0.38461538461538464,3,0.23076923076923078,17,0.3617021276595745,47,0.6382978723404256,0.3617021276595745,-13.14,-0.28,12,0.2553191489361702,30,-16.92,-0.56,7,0.23333333333333334,17,3.77,0.22,10,0.5882352941176471,8,0.75,0.25,-0.66,-0.08,2,0.25,6,-0.39,-0.06,2,0.3333333333333333,2,-0.27,-0.14,0,0.0,5,3,2,16,13,3,-0.66,-0.04,0.3125,0.1875,0.125,0.8125,0.1875,18,0.43902439024390244,-2.67,-0.07,41,4,0.18181818181818182,-11.14,-0.51,22,401426375,2022,11
2641,Texas Tech Red Raiders,38,0.475,11,0.3235294117647059,27,0.5869565217391305,7,0.4117647058823529,8,0.5714285714285714,29,0.4603174603174603,63,0.4603174603174603,0.5396825396825397,11.62,0.18,16,0.25396825396825395,29,3.73,0.13,10,0.3448275862068966,34,7.89,0.23,19,0.5588235294117647,11,0.5454545454545454,0.45454545454545453,-3.68,-0.33,4,0.36363636363636365,6,1.49,0.25,2,0.3333333333333333,5,-5.18,-1.04,2,0.4,9,1,8,17,5,12,0.69,0.04,0.5294117647058824,0.058823529411764705,0.47058823529411764,0.29411764705882354,0.7058823529411765,27,0.48214285714285715,7.95,0.14,56,11,0.4583333333333333,4.36,0.18,24,401404111,2022,11
2305,Kansas Jayhawks,31,0.4696969696969697,14,0.3783783783783784,17,0.5862068965517241,3,0.3,6,0.5454545454545454,24,0.47058823529411764,51,0.5490196078431373,0.45098039215686275,16.36,0.32,12,0.23529411764705882,28,2.69,0.1,11,0.39285714285714285,23,13.66,0.59,13,0.5652173913043478,19,0.5263157894736842,0.47368421052631576,-0.37,-0.02,8,0.42105263157894735,10,-2.98,-0.3,3,0.3,9,2.61,0.29,5,0.5555555555555556,7,3,4,15,9,6,6.91,0.46,0.4666666666666667,0.2,0.26666666666666666,0.6,0.4,20,0.425531914893617,9.61,0.2,47,11,0.5789473684210527,13.65,0.72,19,401404111,2022,11
36,Colorado State Rams,22,0.38596491228070173,10,0.3333333333333333,12,0.4444444444444444,1,0.125,7,0.5384615384615384,14,0.32558139534883723,43,0.5116279069767442,0.4883720930232558,-6.38,-0.15,10,0.23255813953488372,22,-6.37,-0.29,6,0.2727272727272727,21,-0.01,-0.0,8,0.38095238095238093,9,0.4444444444444444,0.5555555555555556,-0.43,-0.05,3,0.3333333333333333,4,-1.33,-0.33,1,0.25,5,0.9,0.18,2,0.4,8,4,4,14,8,6,3.69,0.26,0.5714285714285714,0.2857142857142857,0.2857142857142857,0.5714285714285714,0.42857142857142855,15,0.42857142857142855,0.6,0.02,35,7,0.3181818181818182,-3.29,-0.15,22,401415258,2022,11
2751,Wyoming Cowboys,20,0.39215686274509803,6,0.35294117647058826,14,0.4117647058823529,1,0.5,5,0.38461538461538464,15,0.39473684210526316,38,0.2894736842105263,0.7105263157894737,-2.91,-0.08,6,0.15789473684210525,11,0.18,0.02,5,0.45454545454545453,27,-3.09,-0.11,10,0.37037037037037035,1,0.0,1.0,3.24,3.24,1,1.0,,,,,,1,3.24,3.24,1,1.0,5,1,4,13,6,7,1.36,0.1,0.38461538461538464,0.07692307692307693,0.3076923076923077,0.46153846153846156,0.5384615384615384,12,0.41379310344827586,-0.65,-0.02,29,8,0.36363636363636365,-0.89,-0.04,22,401415258,2022,11
2226,Florida Atlantic Owls,57,0.4418604651162791,15,0.36585365853658536,42,0.4772727272727273,18,0.43902439024390244,11,0.4230769230769231,42,0.42857142857142855,98,0.23469387755102042,0.7653061224489796,-3.95,-0.04,15,0.15306122448979592,23,-6.88,-0.3,7,0.30434782608695654,75,2.93,0.04,35,0.4666666666666667,20,0.45,0.55,-6.17,-0.31,7,0.35,9,-2.9,-0.32,2,0.2222222222222222,11,-3.27,-0.3,5,0.45454545454545453,15,8,7,31,18,13,7.28,0.23,0.4838709677419355,0.25806451612903225,0.22580645161290322,0.5806451612903226,0.41935483870967744,48,0.5052631578947369,4.57,0.05,95,9,0.2647058823529412,-1.25,-0.04,34,401426604,2022,11
2229,Florida International Panthers,28,0.3076923076923077,8,0.18604651162790697,20,0.4166666666666667,,,7,0.30434782608695654,21,0.3230769230769231,65,0.47692307692307695,0.5230769230769231,-16.13,-0.25,9,0.13846153846153847,31,-11.21,-0.37,7,0.22580645161290322,34,-4.92,-0.14,14,0.4117647058823529,29,0.4482758620689655,0.5517241379310345,-7.89,-0.27,8,0.27586206896551724,13,-6.89,-0.53,3,0.23076923076923078,16,-1.0,-0.06,5,0.3125,7,1,6,26,12,14,-15.12,-0.58,0.2692307692307692,0.038461538461538464,0.23076923076923078,0.46153846153846156,0.5384615384615384,16,0.2857142857142857,-17.66,-0.32,56,12,0.34285714285714286,-13.58,-0.39,35,401426604,2022,11
2,Auburn Tigers,21,0.3230769230769231,4,0.2857142857142857,17,0.3333333333333333,2,0.5,6,0.4,15,0.30612244897959184,49,0.16326530612244897,0.8367346938775511,-9.33,-0.19,10,0.20408163265306123,8,-1.11,-0.14,2,0.25,41,-8.22,-0.2,13,0.3170731707317073,8,0.375,0.625,-1.96,-0.25,1,0.125,3,-2.74,-0.91,0,0.0,5,0.78,0.16,1,0.2,6,2,4,16,6,10,-1.65,-0.1,0.375,0.125,0.25,0.375,0.625,16,0.41025641025641024,4.06,0.1,39,5,0.19230769230769232,-15.04,-0.58,26,401403940,2022,11
245,Texas A&M Aggies,16,0.2711864406779661,7,0.18421052631578946,9,0.42857142857142855,1,1.0,5,0.3125,11,0.2558139534883721,43,0.627906976744186,0.37209302325581395,-8.68,-0.2,4,0.09302325581395349,27,-5.53,-0.2,6,0.2222222222222222,16,-3.15,-0.2,5,0.3125,3,1.0,0.0,-2.82,-0.94,0,0.0,3,-2.82,-0.94,0,0.0,,,,,,5,1,4,16,11,5,-4.48,-0.28,0.3125,0.0625,0.25,0.6875,0.3125,9,0.28125,-4.33,-0.14,32,7,0.25925925925925924,-8.83,-0.33,27,401403940,2022,11
324,Coastal Carolina Chanticleers,18,0.3333333333333333,7,0.4375,11,0.2894736842105263,3,0.375,4,0.36363636363636365,13,0.30952380952380953,42,0.21428571428571427,0.7857142857142857,4.3,0.1,8,0.19047619047619047,9,6.19,0.69,4,0.4444444444444444,33,-1.88,-0.06,9,0.2727272727272727,7,0.5714285714285714,0.42857142857142855,-1.4,-0.2,2,0.2857142857142857,4,-1.45,-0.36,1,0.25,3,0.04,0.01,1,0.3333333333333333,5,3,2,12,7,5,3.49,0.29,0.4166666666666667,0.25,0.16666666666666666,0.5833333333333334,0.4166666666666667,8,0.2857142857142857,0.39,0.01,28,10,0.38461538461538464,7.4,0.28,26,401426371,2022,11
2572,Southern Miss Golden Eagles,23,0.3484848484848485,16,0.36363636363636365,7,0.3181818181818182,4,0.26666666666666666,5,0.35714285714285715,17,0.34,50,0.62,0.38,-3.53,-0.07,13,0.26,31,-1.03,-0.03,11,0.3548387096774194,19,-2.5,-0.13,6,0.3157894736842105,8,0.75,0.25,2.04,0.25,4,0.5,6,2.34,0.39,3,0.5,2,-0.3,-0.15,1,0.5,6,5,1,16,13,3,4.77,0.3,0.375,0.3125,0.0625,0.8125,0.1875,14,0.35,-4.99,-0.12,40,9,0.34615384615384615,6.23,0.24,26,401426371,2022,11
25,California Golden Bears,14,0.2857142857142857,11,0.3142857142857143,3,0.21428571428571427,2,0.3333333333333333,5,0.38461538461538464,9,0.2571428571428571,35,0.6571428571428571,0.34285714285714286,-7.91,-0.23,6,0.17142857142857143,23,-4.19,-0.18,7,0.30434782608695654,12,-3.72,-0.31,2,0.16666666666666666,3,1.0,0.0,-1.49,-0.5,0,0.0,3,-1.49,-0.5,0,0.0,,,,,,5,4,1,14,12,2,-3.72,-0.27,0.35714285714285715,0.2857142857142857,0.07142857142857142,0.8571428571428571,0.14285714285714285,9,0.3103448275862069,-8.94,-0.31,29,5,0.25,-2.69,-0.13,20,401404036,2022,11
204,Oregon State Beavers,36,0.5294117647058824,15,0.5555555555555556,21,0.525,8,0.5333333333333333,8,0.5333333333333333,25,0.5,50,0.34,0.66,-0.79,-0.02,10,0.2,17,0.83,0.05,9,0.5294117647058824,33,-1.62,-0.05,16,0.48484848484848486,12,0.5,0.4166666666666667,-10.78,-0.9,4,0.3333333333333333,6,-0.46,-0.08,3,0.5,5,-1.9,-0.38,1,0.2,11,6,5,18,10,7,3.18,0.18,0.6111111111111112,0.3333333333333333,0.2777777777777778,0.5555555555555556,0.3888888888888889,27,0.5192307692307693,-0.85,-0.02,52,9,0.5625,3.25,0.2,16,401404036,2022,11
68,Boise State Broncos,31,0.4246575342465753,11,0.4074074074074074,20,0.43478260869565216,4,0.17391304347826086,4,0.3333333333333333,25,0.44642857142857145,56,0.3392857142857143,0.6607142857142857,16.31,0.29,14,0.25,19,7.43,0.39,8,0.42105263157894735,37,8.88,0.24,17,0.4594594594594595,5,0.4,0.6,-1.15,-0.23,2,0.4,2,-1.25,-0.63,0,0.0,3,0.1,0.03,2,0.6666666666666666,6,3,3,17,8,9,-3.81,-0.22,0.35294117647058826,0.17647058823529413,0.17647058823529413,0.47058823529411764,0.5294117647058824,21,0.4666666666666667,12.73,0.28,45,10,0.35714285714285715,-0.23,-0.01,28,401415255,2022,11
2440,Nevada Wolf Pack,20,0.2898550724637681,7,0.2,13,0.38235294117647056,2,0.5,5,0.2777777777777778,13,0.2826086956521739,46,0.45652173913043476,0.5434782608695652,-12.62,-0.27,6,0.13043478260869565,21,-8.91,-0.42,4,0.19047619047619047,25,-3.71,-0.15,9,0.36,13,0.5384615384615384,0.46153846153846156,-1.61,-0.12,6,0.46153846153846156,7,0.42,0.06,4,0.5714285714285714,6,-2.02,-0.34,2,0.3333333333333333,7,3,4,23,14,9,-11.05,-0.48,0.30434782608695654,0.13043478260869565,0.17391304347826086,0.6086956521739131,0.391304347826087,15,0.38461538461538464,-8.39,-0.22,39,5,0.16666666666666666,-15.28,-0.51,30,401415255,2022,11
23,San José State Spartans,20,0.37735849056603776,13,0.3611111111111111,7,0.4375,5,0.625,7,0.5833333333333334,13,0.3170731707317073,41,0.7073170731707317,0.2682926829268293,-7.75,-0.19,5,0.12195121951219512,29,-3.53,-0.12,10,0.3448275862068966,11,-2.24,-0.2,3,0.2727272727272727,,,,,,,,,,,,,,,,,,7,3,4,12,7,5,6.16,0.51,0.5833333333333334,0.25,0.3333333333333333,0.5833333333333334,0.4166666666666667,12,0.36363636363636365,-2.25,-0.07,33,8,0.4,0.67,0.03,20,401415260,2022,11
21,San Diego State Aztecs,31,0.4696969696969697,15,0.6,16,0.3902439024390244,4,0.36363636363636365,6,0.46153846153846156,24,0.46153846153846156,52,0.3269230769230769,0.6730769230769231,6.87,0.13,14,0.2692307692307692,17,11.14,0.66,11,0.6470588235294118,35,-4.27,-0.12,13,0.37142857142857144,10,0.2,0.8,0.77,0.08,5,0.5,2,0.3,0.15,1,0.5,8,0.47,0.06,4,0.5,7,4,3,14,8,6,7.32,0.52,0.5,0.2857142857142857,0.21428571428571427,0.5714285714285714,0.42857142857142855,22,0.4782608695652174,3.31,0.07,46,9,0.45,10.87,0.54,20,401415260,2022,11
62,Hawai'i Rainbow Warriors,37,0.44047619047619047,19,0.38,18,0.5294117647058824,2,0.25,5,0.3125,29,0.453125,64,0.578125,0.421875,-3.24,-0.05,16,0.25,37,-1.85,-0.05,16,0.43243243243243246,27,-1.38,-0.05,13,0.48148148148148145,15,0.5333333333333333,0.4666666666666667,-2.58,-0.17,4,0.26666666666666666,8,-3.61,-0.45,1,0.125,7,1.03,0.15,3,0.42857142857142855,8,3,5,20,13,7,10.6,0.53,0.4,0.15,0.25,0.65,0.35,27,0.47368421052631576,12.09,0.21,57,10,0.37037037037037035,-4.72,-0.17,27,401415257,2022,11
328,Utah State Aggies,23,0.3382352941176471,11,0.36666666666666664,12,0.3157894736842105,1,0.1,5,0.3125,17,0.3333333333333333,51,0.35294117647058826,0.6470588235294118,0.18,0.0,7,0.13725490196078433,18,6.68,0.37,7,0.3888888888888889,33,-6.5,-0.2,10,0.30303030303030304,10,0.5,0.5,2.03,0.2,3,0.3,5,1.84,0.37,1,0.2,5,0.19,0.04,2,0.4,6,4,2,17,12,5,1.37,0.08,0.35294117647058826,0.23529411764705882,0.11764705882352941,0.7058823529411765,0.29411764705882354,14,0.32558139534883723,3.07,0.07,43,9,0.36,-1.52,-0.06,25,401415257,2022,11
189,Bowling Green Falcons,19,0.3584905660377358,14,0.4,5,0.2777777777777778,1,0.5,4,0.3333333333333333,15,0.38461538461538464,39,0.5897435897435898,0.41025641025641024,-7.68,-0.2,8,0.20512820512820512,23,-7.18,-0.31,10,0.43478260869565216,16,-0.51,-0.03,5,0.3125,13,0.8461538461538461,0.15384615384615385,-5.86,-0.45,5,0.38461538461538464,11,-6.9,-0.63,4,0.36363636363636365,2,1.04,0.52,1,0.5,4,4,0,14,12,2,-3.36,-0.24,0.2857142857142857,0.2857142857142857,0.0,0.8571428571428571,0.14285714285714285,13,0.41935483870967744,0.13,0.0,31,6,0.2727272727272727,-11.17,-0.51,22,401416649,2022,13
195,Ohio Bobcats,32,0.4266666666666667,8,0.38095238095238093,24,0.4444444444444444,10,0.5555555555555556,11,0.6111111111111112,21,0.375,56,0.30357142857142855,0.6964285714285714,3.05,0.05,8,0.14285714285714285,17,5.6,0.33,6,0.35294117647058826,39,-2.55,-0.07,15,0.38461538461538464,15,0.2,0.8,2.33,0.16,7,0.4666666666666667,3,-0.87,-0.29,0,0.0,12,3.2,0.27,7,0.5833333333333334,11,2,9,19,4,15,7.95,0.42,0.5789473684210527,0.10526315789473684,0.47368421052631576,0.21052631578947367,0.7894736842105263,22,0.4583333333333333,9.04,0.19,48,10,0.37037037037037035,1.96,0.07,27,401416649,2022,13
344,Mississippi State Bulldogs,35,0.45454545454545453,24,0.5454545454545454,11,0.3333333333333333,3,0.3,8,0.5,27,0.45,60,0.55,0.45,-13.92,-0.23,11,0.18333333333333332,33,-7.57,-0.23,18,0.5454545454545454,27,-6.35,-0.24,9,0.3333333333333333,19,0.7368421052631579,0.2631578947368421,8.4,0.44,11,0.5789473684210527,14,8.27,0.59,9,0.6428571428571429,5,0.13,0.03,2,0.4,8,6,2,17,11,6,5.72,0.34,0.47058823529411764,0.35294117647058826,0.11764705882352941,0.6470588235294118,0.35294117647058826,28,0.49122807017543857,-7.55,-0.13,57,7,0.35,-0.65,-0.03,20,401403956,2022,13
145,Ole Miss Rebels,35,0.44871794871794873,21,0.5121951219512195,14,0.3783783783783784,4,0.2857142857142857,5,0.29411764705882354,27,0.47368421052631576,57,0.49122807017543857,0.5087719298245614,-3.25,-0.06,12,0.21052631578947367,28,6.59,0.24,15,0.5357142857142857,29,-9.84,-0.34,12,0.41379310344827586,9,0.5555555555555556,0.4444444444444444,1.47,0.16,3,0.3333333333333333,5,0.15,0.03,2,0.4,4,1.32,0.33,1,0.25,8,6,2,21,13,8,-4.8,-0.23,0.38095238095238093,0.2857142857142857,0.09523809523809523,0.6190476190476191,0.38095238095238093,25,0.46296296296296297,-7.63,-0.14,54,10,0.4166666666666667,-0.41,-0.02,24,401403956,2022,13
57,Florida Gators,29,0.3972602739726027,8,0.2857142857142857,21,0.4666666666666667,5,0.5555555555555556,9,0.5625,19,0.35185185185185186,54,0.37037037037037035,0.6296296296296297,4.09,0.08,9,0.16666666666666666,20,3.61,0.18,7,0.35,34,0.48,0.01,12,0.35294117647058826,13,0.38461538461538464,0.6153846153846154,-2.81,-0.22,3,0.23076923076923078,5,-3.65,-0.73,0,0.0,8,0.84,0.11,3,0.375,10,1,9,19,8,11,7.65,0.4,0.5263157894736842,0.05263157894736842,0.47368421052631576,0.42105263157894735,0.5789473684210527,23,0.46,13.14,0.26,50,6,0.2608695652173913,-1.4,-0.06,23,401403958,2022,13
52,Florida State Seminoles,30,0.410958904109589,11,0.34375,19,0.4634146341463415,7,0.4117647058823529,9,0.5625,20,0.36363636363636365,55,0.38181818181818183,0.6181818181818182,5.62,0.1,12,0.21818181818181817,21,4.12,0.2,8,0.38095238095238093,34,1.49,0.04,12,0.35294117647058826,9,0.4444444444444444,0.5555555555555556,2.17,0.24,3,0.3333333333333333,4,2.83,0.71,1,0.25,5,-0.66,-0.13,2,0.4,10,3,7,18,11,7,13.96,0.78,0.5555555555555556,0.16666666666666666,0.3888888888888889,0.6111111111111112,0.3888888888888889,21,0.4772727272727273,16.67,0.38,44,9,0.3103448275862069,2.91,0.1,29,401403958,2022,13
152,NC State Wolfpack,30,0.45454545454545453,22,0.5238095238095238,8,0.3333333333333333,5,0.5,6,0.375,23,0.46938775510204084,49,0.6122448979591837,0.3877551020408163,0.91,0.02,10,0.20408163265306123,30,7.36,0.25,17,0.5666666666666667,19,-6.45,-0.34,6,0.3157894736842105,13,0.6153846153846154,0.38461538461538464,-2.24,-0.17,7,0.5384615384615384,8,1.79,0.22,5,0.625,5,-4.03,-0.81,2,0.4,7,5,2,17,12,5,-0.81,-0.05,0.4117647058823529,0.29411764705882354,0.11764705882352941,0.7058823529411765,0.29411764705882354,20,0.4878048780487805,1.6,0.04,41,10,0.4,-1.51,-0.06,25,401411172,2022,13
153,North Carolina Tar Heels,36,0.4044943820224719,19,0.37254901960784315,17,0.4473684210526316,8,0.34782608695652173,6,0.3,27,0.4090909090909091,66,0.48484848484848486,0.5151515151515151,-7.56,-0.11,13,0.19696969696969696,32,-5.18,-0.16,13,0.40625,34,-2.38,-0.07,14,0.4117647058823529,9,0.6666666666666666,0.3333333333333333,-1.69,-0.19,3,0.3333333333333333,6,-0.94,-0.16,3,0.5,3,-0.75,-0.25,0,0.0,9,6,3,23,19,4,6.1,0.27,0.391304347826087,0.2608695652173913,0.13043478260869565,0.8260869565217391,0.17391304347826086,26,0.4406779661016949,2.19,0.04,59,10,0.3333333333333333,-3.65,-0.12,30,401411172,2022,13
26,UCLA Bruins,54,0.6,18,0.6,36,0.6,13,0.65,7,0.4375,45,0.6338028169014085,71,0.28169014084507044,0.7183098591549296,20.68,0.29,21,0.29577464788732394,20,6.77,0.34,14,0.7,51,13.91,0.27,31,0.6078431372549019,16,0.5,0.5,11.92,0.74,11,0.6875,8,7.87,0.98,7,0.875,8,4.05,0.51,4,0.5,9,4,5,19,10,9,3.84,0.2,0.47368421052631576,0.21052631578947367,0.2631578947368421,0.5263157894736842,0.47368421052631576,49,0.6712328767123288,25.38,0.35,73,5,0.29411764705882354,-0.86,-0.05,17,401404046,2022,13
25,California Golden Bears,23,0.45098039215686275,18,0.5294117647058824,5,0.29411764705882354,1,1.0,3,0.3,18,0.46153846153846156,39,0.5897435897435898,0.41025641025641024,16.87,0.43,7,0.1794871794871795,23,19.61,0.85,14,0.6086956521739131,16,-2.74,-0.17,4,0.25,11,0.9090909090909091,0.09090909090909091,3.33,0.3,6,0.5454545454545454,10,3.94,0.39,6,0.6,1,-0.61,-0.61,0,0.0,5,4,1,12,11,1,1.1,0.09,0.4166666666666667,0.3333333333333333,0.08333333333333333,0.9166666666666666,0.08333333333333333,17,0.5151515151515151,21.31,0.65,33,6,0.3333333333333333,-3.35,-0.19,18,401404046,2022,13
2655,Tulane Green Wave,35,0.5072463768115942,9,0.391304347826087,26,0.5652173913043478,5,0.625,4,0.3076923076923077,31,0.5636363636363636,55,0.34545454545454546,0.6545454545454545,14.44,0.26,14,0.2545454545454545,19,5.18,0.27,9,0.47368421052631576,36,9.26,0.26,22,0.6111111111111112,12,0.3333333333333333,0.6666666666666666,-0.99,-0.08,5,0.4166666666666667,4,-1.72,-0.43,1,0.25,8,0.73,0.09,4,0.5,4,0,4,14,4,10,-11.0,-0.79,0.2857142857142857,0.0,0.2857142857142857,0.2857142857142857,0.7142857142857143,28,0.5833333333333334,10.43,0.22,48,7,0.3333333333333333,-7.0,-0.33,21,401415665,2022,13
2132,Cincinnati Bearcats,32,0.463768115942029,9,0.3333333333333333,23,0.5476190476190477,6,0.6666666666666666,6,0.4,23,0.46,50,0.36,0.64,5.77,0.12,8,0.16,18,-5.02,-0.28,6,0.3333333333333333,32,10.79,0.34,17,0.53125,7,0.2857142857142857,0.7142857142857143,5.78,0.83,4,0.5714285714285714,2,1.45,0.72,2,1.0,5,4.33,0.87,2,0.4,9,3,6,19,9,10,0.97,0.05,0.47368421052631576,0.15789473684210525,0.3157894736842105,0.47368421052631576,0.5263157894736842,25,0.5208333333333334,7.51,0.16,48,7,0.3333333333333333,-0.77,-0.04,21,401415665,2022,13
251,Texas Longhorns,41,0.640625,12,0.5714285714285714,29,0.6744186046511628,13,0.65,6,0.6666666666666666,35,0.6363636363636364,55,0.2909090909090909,0.7090909090909091,19.07,0.35,17,0.3090909090909091,16,3.55,0.22,9,0.5625,39,15.51,0.4,26,0.6666666666666666,10,0.7,0.3,-5.53,-0.55,3,0.3,7,-4.68,-0.67,3,0.42857142857142855,3,-0.85,-0.28,0,0.0,6,3,3,9,5,4,2.41,0.27,0.6666666666666666,0.3333333333333333,0.3333333333333333,0.5555555555555556,0.4444444444444444,37,0.6607142857142857,21.81,0.39,56,4,0.5,-0.33,-0.04,8,401404119,2022,13
239,Baylor Bears,25,0.3333333333333333,12,0.3076923076923077,13,0.3611111111111111,2,0.3333333333333333,5,0.2777777777777778,16,0.3076923076923077,52,0.5,0.5,-5.18,-0.1,7,0.1346153846153846,26,-0.33,-0.01,8,0.3076923076923077,26,-4.85,-0.19,8,0.3076923076923077,11,0.8181818181818182,0.18181818181818182,0.26,0.02,4,0.36363636363636365,9,1.03,0.11,4,0.4444444444444444,2,-0.77,-0.39,0,0.0,9,4,5,23,13,10,-2.66,-0.12,0.391304347826087,0.17391304347826086,0.21739130434782608,0.5652173913043478,0.43478260869565216,19,0.4222222222222222,9.45,0.21,45,6,0.2,-17.29,-0.58,30,401404119,2022,13
68,Boise State Broncos,24,0.4067796610169492,12,0.5,12,0.34285714285714286,2,0.4,8,0.5333333333333333,16,0.36363636363636365,44,0.36363636363636365,0.6363636363636364,2.92,0.07,5,0.11363636363636363,16,4.1,0.26,8,0.5,28,-1.18,-0.04,8,0.2857142857142857,,,,,,,,,,,,,,,,,,8,4,4,15,8,7,7.19,0.48,0.5333333333333333,0.26666666666666666,0.26666666666666666,0.5333333333333333,0.4666666666666667,15,0.3488372093023256,-6.85,-0.16,43,9,0.5625,16.97,1.06,16,401415269,2022,13
328,Utah State Aggies,35,0.4166666666666667,18,0.4186046511627907,17,0.4146341463414634,6,0.4,7,0.3684210526315789,26,0.43333333333333335,60,0.45,0.55,8.36,0.14,13,0.21666666666666667,27,11.01,0.41,13,0.48148148148148145,33,-2.64,-0.08,13,0.3939393939393939,13,0.46153846153846156,0.5384615384615384,5.94,0.46,6,0.46153846153846156,6,1.43,0.24,3,0.5,7,4.52,0.65,3,0.42857142857142855,9,5,4,24,16,8,-8.8,-0.37,0.375,0.20833333333333334,0.16666666666666666,0.6666666666666666,0.3333333333333333,25,0.46296296296296297,9.88,0.18,54,10,0.3333333333333333,-10.32,-0.34,30,401415269,2022,13
2117,Central Michigan Chippewas,18,0.35294117647058826,4,0.19047619047619047,14,0.4666666666666667,5,0.625,3,0.3,15,0.375,40,0.375,0.625,-8.31,-0.21,8,0.2,15,-17.58,-1.17,3,0.2,25,9.27,0.37,12,0.48,13,0.46153846153846156,0.5384615384615384,-1.45,-0.11,5,0.38461538461538464,6,-2.56,-0.43,1,0.16666666666666666,7,1.12,0.16,4,0.5714285714285714,3,1,2,11,6,5,-4.61,-0.42,0.2727272727272727,0.09090909090909091,0.18181818181818182,0.5454545454545454,0.45454545454545453,13,0.3611111111111111,-18.5,-0.51,36,5,0.3333333333333333,5.58,0.37,15,401416650,2022,13
2199,Eastern Michigan Eagles,34,0.4473684210526316,19,0.5,15,0.39473684210526316,3,0.3333333333333333,5,0.38461538461538464,28,0.45901639344262296,61,0.4426229508196721,0.5573770491803278,7.69,0.13,15,0.2459016393442623,27,4.77,0.18,13,0.48148148148148145,34,2.92,0.09,15,0.4411764705882353,11,0.45454545454545453,0.5454545454545454,2.74,0.25,5,0.45454545454545453,5,0.46,0.09,2,0.4,6,2.28,0.38,3,0.5,6,6,0,15,11,4,1.77,0.12,0.4,0.4,0.0,0.7333333333333333,0.26666666666666666,22,0.4230769230769231,-5.62,-0.11,52,12,0.5,15.08,0.63,24,401416650,2022,13
2711,Western Michigan Broncos,10,0.15384615384615385,4,0.14814814814814814,6,0.15789473684210525,0,0.0,2,0.10526315789473684,8,0.17391304347826086,46,0.32608695652173914,0.6739130434782609,-17.67,-0.38,6,0.13043478260869565,15,-4.95,-0.33,3,0.2,31,-12.71,-0.41,5,0.16129032258064516,12,0.5833333333333334,0.4166666666666667,-4.85,-0.4,2,0.16666666666666666,7,-3.61,-0.52,1,0.14285714285714285,5,-1.23,-0.25,1,0.2,2,1,1,19,12,7,-15.62,-0.82,0.10526315789473684,0.05263157894736842,0.05263157894736842,0.631578947368421,0.3684210526315789,6,0.20689655172413793,-4.14,-0.14,29,4,0.1111111111111111,-29.15,-0.81,36,401416651,2022,13
2649,Toledo Rockets,22,0.2857142857142857,12,0.24489795918367346,10,0.35714285714285715,2,1.0,4,0.26666666666666666,18,0.3050847457627119,59,0.6101694915254238,0.3898305084745763,-21.75,-0.37,9,0.15254237288135594,36,-14.1,-0.39,10,0.2777777777777778,23,-7.65,-0.33,8,0.34782608695652173,15,0.5333333333333333,0.4666666666666667,-1.62,-0.11,5,0.3333333333333333,8,-1.96,-0.24,2,0.25,7,0.34,0.05,3,0.42857142857142855,4,2,2,18,13,5,-17.79,-0.99,0.2222222222222222,0.1111111111111111,0.1111111111111111,0.7222222222222222,0.2777777777777778,17,0.34,-16.73,-0.33,50,5,0.18518518518518517,-22.81,-0.84,27,401416651,2022,13
12,Arizona Wildcats,25,0.5102040816326531,10,0.4166666666666667,15,0.6,5,0.45454545454545453,5,0.5,20,0.5263157894736842,38,0.42105263157894735,0.5789473684210527,14.15,0.37,8,0.21052631578947367,16,-2.02,-0.13,6,0.375,22,16.17,0.74,14,0.6363636363636364,10,0.6,0.4,5.36,0.54,5,0.5,6,2.21,0.37,2,0.3333333333333333,4,3.15,0.79,3,0.75,5,4,1,11,8,3,4.3,0.39,0.45454545454545453,0.36363636363636365,0.09090909090909091,0.7272727272727273,0.2727272727272727,19,0.5135135135135135,15.99,0.43,37,6,0.5,2.46,0.2,12,401404045,2022,13
9,Arizona State Sun Devils,44,0.5301204819277109,26,0.5531914893617021,18,0.5,9,0.5294117647058824,5,0.5555555555555556,37,0.5138888888888888,72,0.5833333333333334,0.4166666666666667,7.23,0.1,27,0.375,42,7.83,0.19,23,0.5476190476190477,30,-0.61,-0.02,14,0.4666666666666667,6,0.5,0.5,2.42,0.4,3,0.5,3,4.4,1.47,3,1.0,3,-1.97,-0.66,0,0.0,7,3,4,11,5,6,12.37,1.12,0.6363636363636364,0.2727272727272727,0.36363636363636365,0.45454545454545453,0.5454545454545454,35,0.546875,11.54,0.18,64,9,0.47368421052631576,8.06,0.42,19,401404045,2022,13
142,Missouri Tigers,26,0.4,12,0.42857142857142855,14,0.3783783783783784,3,0.3,5,0.35714285714285715,20,0.4,50,0.38,0.62,7.6,0.15,11,0.22,19,1.82,0.1,8,0.42105263157894735,31,5.78,0.19,12,0.3870967741935484,13,0.6153846153846154,0.38461538461538464,4.0,0.31,6,0.46153846153846156,8,5.59,0.7,4,0.5,5,-1.6,-0.32,2,0.4,6,4,2,15,9,6,6.78,0.45,0.4,0.26666666666666666,0.13333333333333333,0.6,0.4,18,0.46153846153846156,13.55,0.35,39,8,0.3076923076923077,0.83,0.03,26,401403961,2022,13
8,Arkansas Razorbacks,28,0.4375,14,0.4,14,0.4827586206896552,4,0.4444444444444444,6,0.5,22,0.4230769230769231,52,0.4807692307692308,0.5192307692307693,2.68,0.05,15,0.28846153846153844,25,0.71,0.03,10,0.4,27,1.97,0.07,12,0.4444444444444444,5,0.4,0.6,4.9,0.98,3,0.6,2,4.94,2.47,2,1.0,3,-0.03,-0.01,1,0.3333333333333333,6,4,2,12,10,2,1.63,0.14,0.5,0.3333333333333333,0.16666666666666666,0.8333333333333334,0.16666666666666666,18,0.4090909090909091,-0.54,-0.01,44,10,0.5,4.85,0.24,20,401403961,2022,13
36,Colorado State Rams,23,0.39655172413793105,13,0.43333333333333335,10,0.35714285714285715,0,0.0,3,0.25,20,0.43478260869565216,46,0.43478260869565216,0.5652173913043478,-8.31,-0.18,10,0.21739130434782608,20,-0.22,-0.01,10,0.5,26,-8.09,-0.31,10,0.38461538461538464,11,0.5454545454545454,0.45454545454545453,-0.63,-0.06,6,0.5454545454545454,6,4.36,0.73,4,0.6666666666666666,5,-4.99,-1.0,2,0.4,3,3,0,12,10,2,-0.76,-0.06,0.25,0.25,0.0,0.8333333333333334,0.16666666666666666,16,0.41025641025641024,-2.67,-0.07,39,7,0.3684210526315789,-6.39,-0.34,19,401415268,2022,13
167,New Mexico Lobos,19,0.3064516129032258,9,0.2727272727272727,10,0.3448275862068966,,,4,0.23529411764705882,14,0.3333333333333333,42,0.38095238095238093,0.6190476190476191,-8.72,-0.21,5,0.11904761904761904,16,-3.85,-0.24,5,0.3125,26,-4.87,-0.19,9,0.34615384615384615,12,0.5833333333333334,0.4166666666666667,-3.24,-0.27,4,0.3333333333333333,7,-0.61,-0.09,3,0.42857142857142855,5,-2.62,-0.52,1,0.2,5,4,1,20,17,3,-7.43,-0.37,0.25,0.2,0.05,0.85,0.15,13,0.34210526315789475,-10.28,-0.27,38,6,0.25,-5.86,-0.24,24,401415268,2022,13
158,Nebraska Cornhuskers,22,0.3548387096774194,17,0.5666666666666667,5,0.15625,4,0.4,6,0.42857142857142855,16,0.3333333333333333,48,0.4166666666666667,0.5833333333333334,-4.54,-0.09,7,0.14583333333333334,20,12.74,0.64,12,0.6,28,-17.28,-0.62,4,0.14285714285714285,15,0.6,0.4,0.57,0.04,7,0.4666666666666667,9,2.07,0.23,5,0.5555555555555556,6,-1.5,-0.25,2,0.3333333333333333,6,5,1,14,10,4,-3.3,-0.24,0.42857142857142855,0.35714285714285715,0.07142857142857142,0.7142857142857143,0.2857142857142857,14,0.358974358974359,-6.84,-0.18,39,8,0.34782608695652173,-0.99,-0.04,23,401405148,2022,13
2294,Iowa Hawkeyes,31,0.44285714285714284,13,0.3170731707317073,18,0.6206896551724138,2,0.6666666666666666,8,0.5,22,0.43137254901960786,51,0.5098039215686274,0.49019607843137253,4.05,0.08,9,0.17647058823529413,26,-0.95,-0.04,8,0.3076923076923077,25,5.0,0.2,14,0.56,6,0.16666666666666666,0.8333333333333334,4.11,0.69,5,0.8333333333333334,1,2.51,2.51,1,1.0,5,1.6,0.32,4,0.8,9,5,4,19,15,4,-0.21,-0.01,0.47368421052631576,0.2631578947368421,0.21052631578947367,0.7894736842105263,0.21052631578947367,19,0.4634146341463415,5.81,0.14,41,12,0.41379310344827586,-1.97,-0.07,29,401405148,2022,13
2751,Wyoming Cowboys,17,0.2982456140350877,8,0.27586206896551724,9,0.32142857142857145,1,0.25,3,0.23076923076923078,14,0.32558139534883723,43,0.4883720930232558,0.5116279069767442,-5.35,-0.12,7,0.16279069767441862,21,-4.01,-0.19,6,0.2857142857142857,22,-1.34,-0.06,8,0.36363636363636365,11,0.6363636363636364,0.36363636363636365,-3.46,-0.31,4,0.36363636363636365,7,-2.2,-0.31,2,0.2857142857142857,4,-1.26,-0.31,2,0.5,3,2,1,14,8,6,-13.99,-1.0,0.21428571428571427,0.14285714285714285,0.07142857142857142,0.5714285714285714,0.42857142857142855,13,0.325,-12.78,-0.32,40,4,0.23529411764705882,-6.56,-0.39,17,401415270,2022,13
278,Fresno State Bulldogs,27,0.421875,13,0.38235294117647056,14,0.4666666666666667,8,0.6153846153846154,5,0.4166666666666667,22,0.43137254901960786,51,0.49019607843137253,0.5098039215686274,-0.37,-0.01,12,0.23529411764705882,25,-1.03,-0.04,10,0.4,26,0.66,0.03,12,0.46153846153846156,10,0.6,0.4,-3.51,-0.35,1,0.1,6,-2.45,-0.41,1,0.16666666666666666,4,-1.05,-0.26,0,0.0,5,3,2,13,9,4,-1.69,-0.13,0.38461538461538464,0.23076923076923078,0.15384615384615385,0.6923076923076923,0.3076923076923077,21,0.4772727272727273,-1.14,-0.03,44,6,0.3,-0.92,-0.05,20,401415270,2022,13
59,Georgia Tech Yellow Jackets,22,0.34375,14,0.35,8,0.3333333333333333,1,0.5,3,0.23076923076923078,17,0.3617021276595745,47,0.574468085106383,0.425531914893617,-8.57,-0.18,9,0.19148936170212766,27,-1.82,-0.07,10,0.37037037037037035,20,-6.75,-0.34,7,0.35,7,0.7142857142857143,0.2857142857142857,1.26,0.18,3,0.42857142857142855,5,0.64,0.13,2,0.4,2,0.61,0.31,1,0.5,5,4,1,17,13,4,-3.23,-0.19,0.29411764705882354,0.23529411764705882,0.058823529411764705,0.7647058823529411,0.23529411764705882,16,0.4,0.09,0.0,40,6,0.25,-11.89,-0.5,24,401403959,2022,13
61,Georgia Bulldogs,26,0.4406779661016949,7,0.35,19,0.48717948717948717,6,0.3333333333333333,6,0.46153846153846156,18,0.4186046511627907,43,0.2558139534883721,0.7441860465116279,7.81,0.18,8,0.18604651162790697,11,1.69,0.15,2,0.18181818181818182,32,6.12,0.19,16,0.5,12,0.25,0.75,-0.2,-0.02,5,0.4166666666666667,3,0.77,0.26,1,0.3333333333333333,9,-0.97,-0.11,4,0.4444444444444444,8,5,3,16,9,7,5.22,0.33,0.5,0.3125,0.1875,0.5625,0.4375,22,0.4583333333333333,11.87,0.25,48,4,0.36363636363636365,1.16,0.11,11,401403959,2022,13
130,Michigan Wolverines,22,0.3793103448275862,9,0.34615384615384615,13,0.40625,2,0.2857142857142857,7,0.4666666666666667,14,0.3333333333333333,42,0.40476190476190477,0.5952380952380952,3.24,0.08,3,0.07142857142857142,17,1.0,0.06,5,0.29411764705882354,25,2.24,0.09,9,0.36,13,0.46153846153846156,0.5384615384615384,5.28,0.41,6,0.46153846153846156,6,3.9,0.65,3,0.5,7,1.39,0.2,3,0.42857142857142855,8,4,4,16,9,7,19.66,1.23,0.5,0.25,0.25,0.5625,0.4375,17,0.4473684210526316,18.9,0.5,38,5,0.25,4.01,0.2,20,401405153,2022,13
194,Ohio State Buckeyes,39,0.5131578947368421,26,0.5306122448979592,13,0.48148148148148145,3,0.2,6,0.375,33,0.559322033898305,59,0.6101694915254238,0.3898305084745763,12.65,0.21,17,0.288135593220339,36,10.24,0.28,22,0.6111111111111112,23,2.4,0.1,11,0.4782608695652174,6,0.6666666666666666,0.3333333333333333,2.69,0.45,2,0.3333333333333333,4,3.33,0.83,2,0.5,2,-0.64,-0.32,0,0.0,6,4,2,17,13,4,-8.14,-0.48,0.35294117647058826,0.23529411764705882,0.11764705882352941,0.7647058823529411,0.23529411764705882,34,0.5964912280701754,11.54,0.2,57,5,0.2631578947368421,-7.04,-0.37,19,401405153,2022,13
66,Iowa State Cyclones,27,0.391304347826087,13,0.3333333333333333,14,0.4666666666666667,3,0.375,4,0.3076923076923077,22,0.41509433962264153,53,0.5283018867924528,0.4716981132075472,-10.47,-0.2,10,0.18867924528301888,28,-17.1,-0.61,10,0.35714285714285715,25,6.63,0.27,12,0.48,16,0.375,0.625,0.56,0.03,7,0.4375,6,4.79,0.8,4,0.6666666666666666,10,-4.23,-0.42,3,0.3,5,3,2,16,11,5,-2.9,-0.18,0.3125,0.1875,0.125,0.6875,0.3125,22,0.4489795918367347,-8.93,-0.18,49,5,0.25,-4.44,-0.22,20,401404120,2022,13
2628,TCU Horned Frogs,31,0.45588235294117646,17,0.5666666666666667,14,0.3684210526315789,8,0.5,5,0.38461538461538464,23,0.4423076923076923,52,0.40384615384615385,0.5961538461538461,8.28,0.16,12,0.23076923076923078,21,7.01,0.33,11,0.5238095238095238,31,1.27,0.04,12,0.3870967741935484,6,0.3333333333333333,0.6666666666666666,4.63,0.77,3,0.5,2,2.02,1.01,1,0.5,4,2.61,0.65,2,0.5,8,6,2,16,9,7,12.07,0.75,0.5,0.375,0.125,0.5625,0.4375,22,0.43137254901960786,9.13,0.18,51,9,0.5294117647058824,11.21,0.66,17,401404120,2022,13
245,Texas A&M Aggies,35,0.5303030303030303,11,0.6111111111111112,24,0.5,8,0.6153846153846154,11,0.7333333333333333,24,0.47058823529411764,51,0.2549019607843137,0.7450980392156863,7.43,0.15,12,0.23529411764705882,13,6.54,0.5,9,0.6923076923076923,38,0.89,0.02,15,0.39473684210526316,9,0.4444444444444444,0.5555555555555556,3.1,0.34,5,0.5555555555555556,4,1.15,0.29,2,0.5,5,1.95,0.39,3,0.6,11,2,9,15,5,10,11.76,0.78,0.7333333333333333,0.13333333333333333,0.6,0.3333333333333333,0.6666666666666666,27,0.54,10.06,0.2,50,8,0.5,9.13,0.57,16,401403963,2022,13
99,LSU Tigers,39,0.5735294117647058,20,0.5405405405405406,19,0.6129032258064516,5,0.7142857142857143,4,0.36363636363636365,35,0.625,56,0.5178571428571429,0.48214285714285715,18.39,0.33,17,0.30357142857142855,29,7.05,0.24,19,0.6551724137931034,27,11.34,0.42,16,0.5925925925925926,11,0.6363636363636364,0.36363636363636365,3.84,0.35,7,0.6363636363636364,7,0.85,0.12,4,0.5714285714285714,4,2.99,0.75,3,0.75,4,1,3,12,8,4,-4.56,-0.38,0.3333333333333333,0.08333333333333333,0.25,0.6666666666666666,0.3333333333333333,30,0.6122448979591837,12.42,0.25,49,9,0.47368421052631576,1.42,0.07,19,401403963,2022,13
87,Notre Dame Fighting Irish,32,0.6153846153846154,19,0.6785714285714286,13,0.5416666666666666,2,1.0,5,0.7142857142857143,27,0.6136363636363636,44,0.5909090909090909,0.4090909090909091,16.06,0.37,12,0.2727272727272727,26,17.6,0.68,17,0.6538461538461539,18,-1.54,-0.09,10,0.5555555555555556,9,0.5555555555555556,0.4444444444444444,-1.57,-0.17,5,0.5555555555555556,5,3.4,0.68,3,0.6,4,-4.98,-1.24,2,0.5,5,2,3,8,2,6,1.3,0.16,0.625,0.25,0.375,0.25,0.75,26,0.5909090909090909,10.35,0.24,44,6,0.75,7.02,0.88,8,401404133,2022,13
30,USC Trojans,36,0.6,14,0.5833333333333334,22,0.6111111111111112,9,0.6428571428571429,9,0.75,26,0.5531914893617021,47,0.3617021276595745,0.6382978723404256,8.3,0.18,12,0.2553191489361702,17,1.15,0.07,9,0.5294117647058824,30,7.15,0.24,17,0.5666666666666667,7,0.2857142857142857,0.7142857142857143,6.87,0.98,6,0.8571428571428571,2,3.0,1.5,2,1.0,5,3.87,0.77,4,0.8,10,5,5,13,7,6,20.38,1.57,0.7692307692307693,0.38461538461538464,0.38461538461538464,0.5384615384615384,0.46153846153846156,28,0.6086956521739131,16.66,0.36,46,8,0.5714285714285714,12.03,0.86,14,401404133,2022,13
333,Alabama Crimson Tide,39,0.609375,19,0.6333333333333333,20,0.5882352941176471,7,0.6363636363636364,6,0.6666666666666666,33,0.6,55,0.41818181818181815,0.5818181818181818,21.72,0.39,14,0.2545454545454545,23,15.36,0.67,14,0.6086956521739131,32,6.36,0.2,19,0.59375,15,0.4666666666666667,0.5333333333333333,6.81,0.45,8,0.5333333333333333,7,5.46,0.78,4,0.5714285714285714,8,1.35,0.17,4,0.5,6,5,1,9,7,2,8.9,0.99,0.6666666666666666,0.5555555555555556,0.1111111111111111,0.7777777777777778,0.2222222222222222,30,0.6122448979591837,13.46,0.27,49,9,0.6,17.16,1.14,15,401403957,2022,13
2,Auburn Tigers,33,0.5,7,0.25925925925925924,26,0.6666666666666666,2,0.25,6,0.42857142857142855,25,0.5,50,0.38,0.62,-2.51,-0.05,13,0.26,19,-6.2,-0.33,6,0.3157894736842105,31,3.7,0.12,19,0.6129032258064516,4,0.75,0.25,0.33,0.08,2,0.5,3,-0.34,-0.11,1,0.3333333333333333,1,0.68,0.68,1,1.0,8,1,7,16,8,8,17.61,1.1,0.5,0.0625,0.4375,0.5,0.5,24,0.5581395348837209,8.81,0.2,43,9,0.391304347826087,6.29,0.27,23,401403957,2022,13
2579,South Carolina Gamecocks,23,0.3333333333333333,16,0.3902439024390244,7,0.25925925925925924,7,0.4375,3,0.23076923076923078,18,0.3333333333333333,54,0.5370370370370371,0.4444444444444444,-8.5,-0.16,10,0.18518518518518517,29,-5.07,-0.17,11,0.3793103448275862,24,-2.6,-0.11,7,0.2916666666666667,8,0.5,0.5,-3.92,-0.49,3,0.375,4,-4.9,-1.23,1,0.25,4,0.98,0.24,2,0.5,5,5,0,15,12,3,5.93,0.4,0.3333333333333333,0.3333333333333333,0.0,0.8,0.2,18,0.3673469387755102,-0.98,-0.02,49,5,0.25,-1.59,-0.08,20,401403962,2022,13
228,Clemson Tigers,25,0.38461538461538464,5,0.16666666666666666,20,0.5714285714285714,3,0.375,7,0.4375,18,0.3673469387755102,49,0.3877551020408163,0.6122448979591837,-1.42,-0.03,8,0.16326530612244897,19,-8.91,-0.47,2,0.10526315789473684,30,7.49,0.25,16,0.5333333333333333,13,0.38461538461538464,0.6153846153846154,-2.65,-0.2,5,0.38461538461538464,5,-3.82,-0.76,0,0.0,8,1.17,0.15,5,0.625,7,3,4,16,11,5,-0.58,-0.04,0.4375,0.1875,0.25,0.6875,0.3125,17,0.37777777777777777,-2.47,-0.05,45,8,0.4,0.46,0.02,20,401403962,2022,13
204,Oregon State Beavers,31,0.5849056603773585,5,0.35714285714285715,26,0.6666666666666666,9,0.5625,3,0.375,27,0.627906976744186,43,0.23255813953488372,0.7674418604651163,4.73,0.11,13,0.3023255813953488,10,-17.04,-1.7,4,0.4,33,21.76,0.66,23,0.696969696969697,4,0.5,0.5,-9.13,-2.28,1,0.25,2,-8.54,-4.27,0,0.0,2,-0.59,-0.3,1,0.5,4,1,3,10,4,6,-3.64,-0.36,0.4,0.1,0.3,0.4,0.6,29,0.6041666666666666,3.33,0.07,48,2,0.4,-2.24,-0.45,5,401404047,2022,13
2483,Oregon Ducks,34,0.40963855421686746,18,0.42857142857142855,16,0.3902439024390244,7,0.35,5,0.35714285714285715,29,0.453125,64,0.453125,0.546875,13.03,0.2,17,0.265625,29,11.44,0.39,14,0.4827586206896552,35,1.59,0.05,15,0.42857142857142855,20,0.65,0.35,7.62,0.38,12,0.6,13,6.95,0.53,8,0.6153846153846154,7,0.67,0.1,4,0.5714285714285714,5,4,1,19,13,6,-16.33,-0.86,0.2631578947368421,0.21052631578947367,0.05263157894736842,0.6842105263157895,0.3157894736842105,28,0.49122807017543857,3.59,0.06,57,6,0.23076923076923078,-6.89,-0.27,26,401404047,2022,13
2633,Tennessee Volunteers,27,0.5094339622641509,10,0.45454545454545453,17,0.5483870967741935,5,0.625,0,0.0,25,0.5813953488372093,43,0.3953488372093023,0.6046511627906976,24.74,0.58,10,0.23255813953488372,17,5.51,0.32,9,0.5294117647058824,26,19.23,0.74,16,0.6153846153846154,6,0.16666666666666666,0.8333333333333334,3.06,0.51,4,0.6666666666666666,1,0.05,0.05,1,1.0,5,3.01,0.6,3,0.6,2,1,1,10,5,5,-4.76,-0.48,0.2,0.1,0.1,0.5,0.5,22,0.5641025641025641,17.45,0.45,39,5,0.35714285714285715,2.53,0.18,14,401403964,2022,13
238,Vanderbilt Commodores,29,0.37662337662337664,11,0.3333333333333333,18,0.4090909090909091,0,0.0,3,0.17647058823529413,26,0.4642857142857143,56,0.3392857142857143,0.6607142857142857,-6.57,-0.12,12,0.21428571428571427,19,-1.47,-0.08,10,0.5263157894736842,37,-5.1,-0.14,16,0.43243243243243246,11,0.2727272727272727,0.7272727272727273,-7.27,-0.66,3,0.2727272727272727,3,-1.63,-0.54,1,0.3333333333333333,8,-5.65,-0.71,2,0.25,3,1,2,21,14,7,-19.82,-0.94,0.14285714285714285,0.047619047619047616,0.09523809523809523,0.6666666666666666,0.3333333333333333,24,0.47058823529411764,-10.44,-0.2,51,5,0.19230769230769232,-15.95,-0.61,26,401403964,2022,13
213,Penn State Nittany Lions,32,0.45714285714285713,15,0.5357142857142857,17,0.40476190476190477,4,0.3076923076923077,8,0.5,22,0.4230769230769231,52,0.34615384615384615,0.6538461538461539,6.92,0.13,9,0.17307692307692307,18,12.08,0.67,10,0.5555555555555556,34,-5.15,-0.15,12,0.35294117647058826,9,0.3333333333333333,0.6666666666666666,-4.48,-0.5,1,0.1111111111111111,3,-2.92,-0.97,0,0.0,6,-1.55,-0.26,1,0.16666666666666666,10,5,5,18,10,8,8.51,0.47,0.5555555555555556,0.2777777777777778,0.2777777777777778,0.5555555555555556,0.4444444444444444,24,0.48,11.84,0.24,50,8,0.4,3.59,0.18,20,401405154,2022,13
127,Michigan State Spartans,24,0.34782608695652173,17,0.3617021276595745,7,0.3181818181818182,1,0.3333333333333333,4,0.2857142857142857,18,0.34615384615384615,52,0.6538461538461539,0.34615384615384615,-8.39,-0.16,10,0.19230769230769232,34,2.34,0.07,14,0.4117647058823529,18,-10.73,-0.6,4,0.2222222222222222,13,0.8461538461538461,0.15384615384615385,-2.13,-0.16,4,0.3076923076923077,11,-3.61,-0.33,2,0.18181818181818182,2,1.47,0.74,2,1.0,6,3,3,17,13,4,-3.07,-0.18,0.35294117647058826,0.17647058823529413,0.17647058823529413,0.7647058823529411,0.23529411764705882,14,0.3333333333333333,-13.14,-0.31,42,10,0.37037037037037035,1.67,0.06,27,401405154,2022,13
2305,Kansas Jayhawks,30,0.4838709677419355,14,0.42424242424242425,16,0.5517241379310345,7,0.7777777777777778,7,0.6363636363636364,22,0.44,50,0.5,0.5,5.13,0.1,8,0.16,25,1.37,0.05,9,0.36,25,3.76,0.15,13,0.52,11,0.6363636363636364,0.36363636363636365,-8.04,-0.73,2,0.18181818181818182,7,-1.57,-0.22,2,0.2857142857142857,4,-6.47,-1.62,0,0.0,8,5,3,12,8,4,6.84,0.57,0.6666666666666666,0.4166666666666667,0.25,0.6666666666666666,0.3333333333333333,21,0.45652173913043476,7.29,0.16,46,9,0.5625,4.68,0.29,16,401404121,2022,13
2306,Kansas State Wildcats,26,0.4262295081967213,8,0.36363636363636365,18,0.46153846153846156,7,0.4117647058823529,7,0.5384615384615384,18,0.3829787234042553,47,0.2978723404255319,0.7021276595744681,6.34,0.13,8,0.1702127659574468,14,0.52,0.04,4,0.2857142857142857,33,5.82,0.18,14,0.42424242424242425,15,0.3333333333333333,0.6666666666666666,-2.67,-0.18,4,0.26666666666666666,5,-3.21,-0.64,1,0.2,10,0.54,0.05,3,0.3,8,4,4,14,8,6,12.81,0.92,0.5714285714285714,0.2857142857142857,0.2857142857142857,0.5714285714285714,0.42857142857142855,20,0.4444444444444444,8.52,0.19,45,6,0.375,10.64,0.66,16,401404121,2022,13
265,Washington State Cougars,32,0.37209302325581395,23,0.39655172413793105,9,0.32142857142857145,5,0.4166666666666667,8,0.42105263157894735,20,0.3225806451612903,62,0.6451612903225806,0.3548387096774194,-4.04,-0.07,10,0.16129032258064516,40,-1.0,-0.03,14,0.35,22,-3.03,-0.14,6,0.2727272727272727,16,0.6875,0.3125,1.37,0.09,6,0.375,11,-1.31,-0.12,3,0.2727272727272727,5,2.68,0.54,3,0.6,12,9,3,24,18,6,15.24,0.64,0.5,0.375,0.125,0.75,0.25,18,0.3333333333333333,-1.83,-0.03,54,14,0.4375,13.04,0.41,32,401404051,2022,13
264,Washington Huskies,39,0.6,20,0.47619047619047616,19,0.8260869565217391,3,0.42857142857142855,11,0.9166666666666666,28,0.5283018867924528,53,0.6792452830188679,0.32075471698113206,18.19,0.34,14,0.2641509433962264,36,3.87,0.11,15,0.4166666666666667,17,14.32,0.84,13,0.7647058823529411,8,0.75,0.25,6.55,0.82,6,0.75,6,4.19,0.7,4,0.6666666666666666,2,2.36,1.18,2,1.0,11,5,6,12,6,6,18.87,1.57,0.9166666666666666,0.4166666666666667,0.5,0.5,0.5,28,0.5833333333333334,23.26,0.48,48,11,0.6470588235294118,13.8,0.81,17,401404051,2022,13
38,Colorado Buffaloes,18,0.34615384615384615,9,0.32142857142857145,9,0.375,3,0.75,1,0.08333333333333333,16,0.42105263157894735,38,0.47368421052631576,0.5263157894736842,-1.91,-0.05,7,0.18421052631578946,18,1.27,0.07,8,0.4444444444444444,20,-3.19,-0.16,8,0.4,6,0.5,0.5,2.05,0.34,4,0.6666666666666666,3,-0.41,-0.14,1,0.3333333333333333,3,2.47,0.82,3,1.0,2,1,1,14,10,4,-7.57,-0.54,0.14285714285714285,0.07142857142857142,0.07142857142857142,0.7142857142857143,0.2857142857142857,16,0.45714285714285713,0.75,0.02,35,2,0.11764705882352941,-10.24,-0.6,17,401404048,2022,13
254,Utah Utes,40,0.625,14,0.6086956521739131,26,0.6341463414634146,8,0.8888888888888888,0,0.0,39,0.6724137931034483,58,0.3448275862068966,0.6551724137931034,23.23,0.4,21,0.3620689655172414,20,9.96,0.5,14,0.7,38,13.27,0.35,25,0.6578947368421053,15,0.6,0.4,5.01,0.33,12,0.8,9,2.4,0.27,7,0.7777777777777778,6,2.6,0.43,5,0.8333333333333334,1,0,1,6,3,3,-3.24,-0.54,0.16666666666666666,0.0,0.16666666666666666,0.5,0.5,36,0.6923076923076923,21.99,0.42,52,4,0.3333333333333333,-2.0,-0.17,12,401404048,2022,13
2116,UCF Knights,42,0.5526315789473685,15,0.5,27,0.5869565217391305,8,0.5,9,0.75,33,0.515625,64,0.375,0.625,-3.65,-0.06,19,0.296875,24,3.74,0.16,12,0.5,40,-7.39,-0.18,21,0.525,7,0.5714285714285714,0.42857142857142855,0.04,0.01,3,0.42857142857142855,4,-1.35,-0.34,1,0.25,3,1.39,0.46,2,0.6666666666666666,9,3,6,12,6,6,21.63,1.8,0.75,0.25,0.5,0.5,0.5,34,0.5666666666666667,9.08,0.15,60,8,0.5,8.9,0.56,16,401415667,2022,13
58,South Florida Bulls,33,0.5238095238095238,11,0.5238095238095238,22,0.5238095238095238,7,0.5,5,0.5555555555555556,26,0.5,52,0.28846153846153844,0.7115384615384616,8.4,0.16,14,0.2692307692307692,15,2.27,0.15,8,0.5333333333333333,37,6.13,0.17,18,0.4864864864864865,15,0.3333333333333333,0.6666666666666666,2.23,0.15,9,0.6,5,2.42,0.48,3,0.6,10,-0.19,-0.02,6,0.6,7,3,4,11,6,5,8.72,0.79,0.6363636363636364,0.2727272727272727,0.36363636363636365,0.5454545454545454,0.45454545454545453,28,0.5957446808510638,21.92,0.47,47,5,0.3125,-4.8,-0.3,16,401415667,2022,13
96,Kentucky Wildcats,28,0.5,11,0.55,17,0.4722222222222222,4,0.36363636363636365,4,0.4,24,0.5217391304347826,46,0.32608695652173914,0.6739130434782609,7.76,0.17,13,0.2826086956521739,15,8.54,0.57,8,0.5333333333333333,31,-0.79,-0.03,16,0.5161290322580645,11,0.36363636363636365,0.6363636363636364,0.01,0.0,4,0.36363636363636365,4,-0.01,-0.0,1,0.25,7,0.02,0.0,3,0.42857142857142855,4,3,1,10,5,5,-2.61,-0.26,0.4,0.3,0.1,0.5,0.5,23,0.575,5.88,0.15,40,5,0.3125,-0.73,-0.05,16,401403960,2022,13
97,Louisville Cardinals,31,0.5,12,0.3870967741935484,19,0.6129032258064516,2,0.6666666666666666,7,0.5833333333333334,22,0.46808510638297873,47,0.5106382978723404,0.48936170212765956,-3.06,-0.07,10,0.2127659574468085,24,-11.76,-0.49,7,0.2916666666666667,23,8.7,0.38,15,0.6521739130434783,13,0.46153846153846156,0.5384615384615384,3.82,0.29,8,0.6153846153846154,6,-1.04,-0.17,3,0.5,7,4.86,0.69,5,0.7142857142857143,9,5,4,15,7,8,6.89,0.46,0.6,0.3333333333333333,0.26666666666666666,0.4666666666666667,0.5333333333333333,21,0.5121951219512195,3.19,0.08,41,10,0.47619047619047616,0.64,0.03,21,401403960,2022,13
197,Oklahoma State Cowboys,28,0.3373493975903614,10,0.2222222222222222,18,0.47368421052631576,4,0.26666666666666666,10,0.5,18,0.3,60,0.5,0.5,-9.55,-0.16,9,0.15,30,-6.64,-0.22,6,0.2,30,-2.91,-0.1,12,0.4,15,0.5333333333333333,0.4666666666666667,0.16,0.01,5,0.3333333333333333,8,-1.24,-0.16,1,0.125,7,1.4,0.2,4,0.5714285714285714,10,4,6,23,15,8,-8.51,-0.37,0.43478260869565216,0.17391304347826086,0.2608695652173913,0.6521739130434783,0.34782608695652173,16,0.32,-8.82,-0.18,50,12,0.36363636363636365,-9.24,-0.28,33,401404123,2022,13
277,West Virginia Mountaineers,19,0.3064516129032258,5,0.20833333333333334,14,0.3684210526315789,0,0.0,4,0.26666666666666666,14,0.3111111111111111,45,0.3111111111111111,0.6888888888888889,-2.96,-0.07,5,0.1111111111111111,14,-11.67,-0.83,2,0.14285714285714285,31,8.71,0.28,12,0.3870967741935484,7,0.2857142857142857,0.7142857142857143,6.86,0.98,4,0.5714285714285714,2,1.14,0.57,2,1.0,5,5.72,1.14,2,0.4,5,3,2,17,10,7,-6.43,-0.38,0.29411764705882354,0.17647058823529413,0.11764705882352941,0.5882352941176471,0.4117647058823529,14,0.3333333333333333,-0.86,-0.02,42,5,0.25,-8.52,-0.43,20,401404123,2022,13
349,Army Black Knights,29,0.47540983606557374,2,0.4,27,0.48214285714285715,12,0.5454545454545454,7,0.5,21,0.45652173913043476,46,0.06521739130434782,0.9347826086956522,12.05,0.26,8,0.17391304347826086,3,1.01,0.34,1,0.3333333333333333,43,11.04,0.26,20,0.46511627906976744,7,0.0,1.0,-1.79,-0.26,1,0.14285714285714285,,,,,,7,-1.79,-0.26,1,0.14285714285714285,8,1,7,15,2,13,3.94,0.26,0.5333333333333333,0.06666666666666667,0.4666666666666667,0.13333333333333333,0.8666666666666667,25,0.5208333333333334,17.94,0.37,48,4,0.3076923076923077,-1.95,-0.15,13,401404144,2022,13
113,Massachusetts Minutemen,19,0.34545454545454546,10,0.38461538461538464,9,0.3103448275862069,2,0.25,3,0.25,16,0.38095238095238093,42,0.4523809523809524,0.5476190476190477,-8.24,-0.2,10,0.23809523809523808,19,-4.87,-0.26,8,0.42105263157894735,23,-3.37,-0.15,8,0.34782608695652173,10,0.4,0.6,-0.81,-0.08,4,0.4,4,2.89,0.72,3,0.75,6,-3.7,-0.62,1,0.16666666666666666,3,2,1,13,7,6,-13.56,-1.04,0.23076923076923078,0.15384615384615385,0.07692307692307693,0.5384615384615384,0.46153846153846156,14,0.4117647058823529,-7.1,-0.21,34,5,0.23809523809523808,-14.7,-0.7,21,401404144,2022,13
2335,Liberty Flames,35,0.4794520547945205,20,0.45454545454545453,15,0.5172413793103449,4,0.8,5,0.4166666666666667,29,0.5,58,0.5344827586206896,0.46551724137931033,-11.38,-0.2,14,0.2413793103448276,31,-5.33,-0.17,14,0.45161290322580644,27,-6.05,-0.22,15,0.5555555555555556,14,0.7142857142857143,0.2857142857142857,-2.27,-0.16,8,0.5714285714285714,10,-3.92,-0.39,4,0.4,4,1.65,0.41,4,1.0,6,6,0,15,13,2,-2.35,-0.16,0.4,0.4,0.0,0.8666666666666667,0.13333333333333333,26,0.52,-16.95,-0.34,50,9,0.391304347826087,3.22,0.14,23,401404166,2022,13
166,New Mexico State Aggies,31,0.49206349206349204,12,0.5454545454545454,19,0.4634146341463415,3,0.42857142857142855,8,0.6666666666666666,21,0.42857142857142855,49,0.3673469387755102,0.6326530612244898,5.49,0.11,6,0.12244897959183673,18,6.59,0.37,9,0.5,31,-1.1,-0.04,12,0.3870967741935484,13,0.38461538461538464,0.6153846153846154,7.34,0.56,7,0.5384615384615384,5,4.01,0.8,2,0.4,8,3.33,0.42,5,0.625,10,3,7,14,4,10,10.27,0.73,0.7142857142857143,0.21428571428571427,0.5,0.2857142857142857,0.7142857142857143,19,0.4634146341463415,10.19,0.25,41,12,0.5454545454545454,5.56,0.25,22,401404166,2022,13
164,Rutgers Scarlet Knights,12,0.2727272727272727,5,0.21739130434782608,7,0.3333333333333333,,,1,0.09090909090909091,11,0.34375,32,0.40625,0.59375,-4.27,-0.13,5,0.15625,13,-0.06,-0.0,4,0.3076923076923077,19,-4.21,-0.22,7,0.3684210526315789,9,0.4444444444444444,0.5555555555555556,-3.36,-0.37,3,0.3333333333333333,4,-2.07,-0.52,1,0.25,5,-1.29,-0.26,2,0.4,1,1,0,12,10,2,-17.69,-1.47,0.08333333333333333,0.08333333333333333,0.0,0.8333333333333334,0.16666666666666666,6,0.2222222222222222,-16.28,-0.6,27,6,0.35294117647058826,-5.68,-0.33,17,401405152,2022,13
120,Maryland Terrapins,37,0.43023255813953487,19,0.3958333333333333,18,0.47368421052631576,7,0.4666666666666667,6,0.35294117647058826,27,0.4153846153846154,65,0.5846153846153846,0.4153846153846154,-6.26,-0.1,15,0.23076923076923078,38,-0.18,-0.0,16,0.42105263157894735,27,-6.08,-0.23,11,0.4074074074074074,18,0.6666666666666666,0.3333333333333333,6.56,0.36,9,0.5,12,5.03,0.42,6,0.5,6,1.53,0.26,3,0.5,10,3,7,21,10,11,6.76,0.32,0.47619047619047616,0.14285714285714285,0.3333333333333333,0.47619047619047616,0.5238095238095238,31,0.5254237288135594,10.1,0.17,59,6,0.2222222222222222,-9.6,-0.36,27,401405152,2022,13
324,Coastal Carolina Chanticleers,20,0.3076923076923077,9,0.2903225806451613,11,0.3235294117647059,,,6,0.35294117647058826,12,0.26666666666666666,45,0.4444444444444444,0.5555555555555556,-13.69,-0.3,4,0.08888888888888889,20,-4.98,-0.25,7,0.35,25,-8.71,-0.35,5,0.2,8,0.5,0.5,-3.39,-0.42,2,0.25,4,-1.61,-0.4,2,0.5,4,-1.78,-0.45,0,0.0,8,2,6,20,11,9,1.01,0.05,0.4,0.1,0.3,0.55,0.45,15,0.40540540540540543,1.82,0.05,37,5,0.17857142857142858,-14.5,-0.52,28,401426383,2022,13
256,James Madison Dukes,30,0.45454545454545453,16,0.48484848484848486,14,0.42424242424242425,5,0.38461538461538464,5,0.4166666666666667,25,0.46296296296296297,54,0.48148148148148145,0.5185185185185185,15.65,0.29,15,0.2777777777777778,26,13.22,0.51,14,0.5384615384615384,28,2.43,0.09,11,0.39285714285714285,10,0.5,0.5,9.56,0.96,8,0.8,5,5.82,1.16,3,0.6,5,3.74,0.75,5,1.0,5,2,3,12,7,5,3.37,0.28,0.4166666666666667,0.16666666666666666,0.25,0.5833333333333334,0.4166666666666667,21,0.4772727272727273,11.02,0.25,44,9,0.4090909090909091,7.99,0.36,22,401426383,2022,13
6,South Alabama Jaguars,38,0.5066666666666667,15,0.5,23,0.5111111111111111,4,0.4,10,0.625,25,0.44642857142857145,56,0.35714285714285715,0.6428571428571429,3.74,0.07,12,0.21428571428571427,20,3.23,0.16,9,0.45,36,0.51,0.01,16,0.4444444444444444,3,0.6666666666666666,0.3333333333333333,-2.91,-0.97,0,0.0,2,-2.63,-1.31,0,0.0,1,-0.28,-0.28,0,0.0,13,6,7,19,10,9,15.1,0.79,0.6842105263157895,0.3157894736842105,0.3684210526315789,0.5263157894736842,0.47368421052631576,29,0.5272727272727272,16.67,0.3,55,9,0.45,2.18,0.11,20,401426389,2022,13
295,Old Dominion Monarchs,28,0.4666666666666667,18,0.47368421052631576,10,0.45454545454545453,5,0.4166666666666667,9,0.6428571428571429,18,0.4090909090909091,44,0.6136363636363636,0.38636363636363635,1.12,0.03,7,0.1590909090909091,27,1.73,0.06,12,0.4444444444444444,17,-0.61,-0.04,6,0.35294117647058826,18,0.5555555555555556,0.4444444444444444,0.5,0.03,7,0.3888888888888889,10,4.24,0.42,6,0.6,8,-3.73,-0.47,1,0.125,10,6,4,16,11,5,7.44,0.46,0.625,0.375,0.25,0.6875,0.3125,18,0.4864864864864865,10.85,0.29,37,10,0.43478260869565216,-2.29,-0.1,23,401426389,2022,13
2247,Georgia State Panthers,24,0.34782608695652173,15,0.45454545454545453,9,0.25,5,0.625,7,0.4375,16,0.3137254901960784,51,0.37254901960784315,0.6274509803921569,-7.58,-0.15,10,0.19607843137254902,19,1.64,0.09,7,0.3684210526315789,32,-9.22,-0.29,9,0.28125,11,0.5454545454545454,0.45454545454545453,3.79,0.34,5,0.45454545454545453,6,5.75,0.96,4,0.6666666666666666,5,-1.96,-0.39,1,0.2,8,8,0,18,14,4,7.1,0.39,0.4444444444444444,0.4444444444444444,0.0,0.7777777777777778,0.2222222222222222,14,0.35,-3.2,-0.08,40,10,0.3448275862068966,2.71,0.09,29,401426390,2022,13
276,Marshall Thundering Herd,30,0.45454545454545453,12,0.4,18,0.5,4,0.4444444444444444,7,0.5384615384615384,22,0.43137254901960786,51,0.43137254901960786,0.5686274509803921,12.99,0.25,13,0.2549019607843137,22,3.51,0.16,8,0.36363636363636365,29,9.48,0.33,14,0.4827586206896552,4,0.75,0.25,-1.52,-0.38,1,0.25,3,-1.15,-0.38,1,0.3333333333333333,1,-0.37,-0.37,0,0.0,8,4,4,15,8,7,6.83,0.46,0.5333333333333333,0.26666666666666666,0.26666666666666666,0.5333333333333333,0.4666666666666667,22,0.5,18.03,0.41,44,8,0.36363636363636365,1.78,0.08,22,401426390,2022,13
98,Western Kentucky Hilltoppers,14,0.5185185185185185,11,0.5238095238095238,3,0.5,3,0.42857142857142855,2,0.5,10,0.5263157894736842,19,0.6842105263157895,0.3157894736842105,5.35,0.28,2,0.10526315789473684,13,3.19,0.25,7,0.5384615384615384,6,2.16,0.36,3,0.5,3,1.0,0.0,5.41,1.8,2,0.6666666666666666,3,5.41,1.8,2,0.6666666666666666,,,,,,4,4,0,8,8,0,4.63,0.58,0.5,0.5,0.0,1.0,0.0,10,0.5555555555555556,9.04,0.5,18,4,0.4444444444444444,0.93,0.1,9,401426615,2022,13
2226,Florida Atlantic Owls,12,0.3870967741935484,5,0.2777777777777778,7,0.5384615384615384,3,0.75,4,0.5,8,0.34782608695652173,23,0.5652173913043478,0.43478260869565216,1.5,0.07,6,0.2608695652173913,13,0.82,0.06,4,0.3076923076923077,10,0.67,0.07,4,0.4,10,0.7,0.3,-2.72,-0.27,1,0.1,7,-1.92,-0.27,1,0.14285714285714285,3,-0.81,-0.27,0,0.0,4,1,3,8,5,3,5.61,0.7,0.5,0.125,0.375,0.625,0.375,7,0.3333333333333333,1.23,0.06,21,5,0.5,5.88,0.59,10,401426615,2022,13
151,East Carolina Pirates,37,0.5441176470588235,20,0.5263157894736842,17,0.5666666666666667,6,0.5454545454545454,7,0.6363636363636364,30,0.5357142857142857,56,0.5,0.5,21.82,0.39,14,0.25,28,12.2,0.44,14,0.5,28,9.62,0.34,16,0.5714285714285714,13,0.7692307692307693,0.23076923076923078,11.19,0.86,7,0.5384615384615384,10,7.07,0.71,4,0.4,3,4.12,1.37,3,1.0,7,6,1,12,10,2,4.0,0.33,0.5833333333333334,0.5,0.08333333333333333,0.8333333333333334,0.16666666666666666,26,0.5652173913043478,17.12,0.37,46,11,0.5,8.7,0.4,22,401415664,2022,13
218,Temple Owls,39,0.5,35,0.5555555555555556,4,0.26666666666666666,6,0.5454545454545454,8,0.5333333333333333,31,0.5,62,0.7903225806451613,0.20967741935483872,18.55,0.3,17,0.27419354838709675,49,19.86,0.41,28,0.5714285714285714,13,-1.31,-0.1,3,0.23076923076923078,14,0.9285714285714286,0.07142857142857142,1.14,0.08,8,0.5714285714285714,13,0.55,0.04,7,0.5384615384615384,1,0.59,0.59,1,1.0,8,7,1,16,14,2,4.38,0.27,0.5,0.4375,0.0625,0.875,0.125,30,0.5172413793103449,18.5,0.32,58,9,0.45,4.43,0.22,20,401415664,2022,13
2309,Kent State Golden Flashes,28,0.35,11,0.28205128205128205,17,0.4146341463414634,4,0.3333333333333333,6,0.3333333333333333,18,0.3157894736842105,57,0.49122807017543857,0.5087719298245614,-10.46,-0.19,10,0.17543859649122806,28,-10.26,-0.38,7,0.25,29,-0.21,-0.01,11,0.3793103448275862,26,0.6153846153846154,0.38461538461538464,-6.57,-0.25,6,0.23076923076923078,16,-8.26,-0.52,4,0.25,10,1.69,0.17,2,0.2,10,4,6,23,11,12,11.23,0.49,0.43478260869565216,0.17391304347826086,0.2608695652173913,0.4782608695652174,0.5217391304347826,14,0.2857142857142857,-12.48,-0.26,49,14,0.45161290322580644,13.25,0.43,31,401416653,2022,13
2084,Buffalo Bulls,45,0.5294117647058824,19,0.5588235294117647,26,0.5098039215686274,5,0.5,10,0.5555555555555556,33,0.515625,64,0.375,0.625,-9.44,-0.15,14,0.21875,24,0.68,0.03,13,0.5416666666666666,40,-10.12,-0.25,20,0.5,15,0.26666666666666666,0.7333333333333333,-17.3,-1.15,4,0.26666666666666666,4,-2.03,-0.51,2,0.5,11,-15.27,-1.39,2,0.18181818181818182,12,6,6,21,10,11,-4.18,-0.2,0.5714285714285714,0.2857142857142857,0.2857142857142857,0.47619047619047616,0.5238095238095238,32,0.5333333333333333,-5.07,-0.08,60,13,0.52,-8.55,-0.34,25,401416653,2022,13
2006,Akron Zips,37,0.5606060606060606,18,0.5625,19,0.5588235294117647,5,0.2777777777777778,3,0.375,33,0.5789473684210527,57,0.47368421052631576,0.5263157894736842,19.92,0.35,20,0.3508771929824561,27,14.84,0.55,17,0.6296296296296297,30,5.08,0.17,16,0.5333333333333333,17,0.47058823529411764,0.5294117647058824,1.85,0.11,8,0.47058823529411764,8,2.93,0.37,5,0.625,9,-1.08,-0.12,3,0.3333333333333333,4,1,3,9,5,4,-0.12,-0.01,0.4444444444444444,0.1111111111111111,0.3333333333333333,0.5555555555555556,0.4444444444444444,26,0.5416666666666666,0.92,0.02,48,11,0.6111111111111112,18.88,1.05,18,401416652,2022,13
2459,Northern Illinois Huskies,22,0.3055555555555556,12,0.3157894736842105,10,0.29411764705882354,4,0.26666666666666666,4,0.2222222222222222,15,0.29411764705882354,51,0.49019607843137253,0.5098039215686274,-17.41,-0.34,9,0.17647058823529413,25,-7.42,-0.3,10,0.4,26,-9.99,-0.38,5,0.19230769230769232,6,0.5,0.5,-4.73,-0.79,0,0.0,3,-3.05,-1.02,0,0.0,3,-1.68,-0.56,0,0.0,7,2,5,21,13,8,-2.55,-0.12,0.3333333333333333,0.09523809523809523,0.23809523809523808,0.6190476190476191,0.38095238095238093,16,0.37209302325581395,-10.63,-0.25,43,6,0.20689655172413793,-9.33,-0.32,29,401416652,2022,13
249,North Texas Mean Green,24,0.42105263157894735,13,0.4482758620689655,11,0.39285714285714285,3,0.6,8,0.5333333333333333,16,0.38095238095238093,42,0.42857142857142855,0.5714285714285714,1.05,0.03,7,0.16666666666666666,18,4.93,0.27,9,0.5,24,-3.88,-0.16,7,0.2916666666666667,9,0.6666666666666666,0.3333333333333333,-3.02,-0.34,2,0.2222222222222222,6,-3.59,-0.6,1,0.16666666666666666,3,0.57,0.19,1,0.3333333333333333,8,4,4,15,11,4,6.41,0.43,0.5333333333333333,0.26666666666666666,0.26666666666666666,0.7333333333333333,0.26666666666666666,18,0.45,3.75,0.09,40,6,0.35294117647058826,3.7,0.22,17,401426617,2022,13
242,Rice Owls,30,0.45454545454545453,11,0.4583333333333333,19,0.4523809523809524,4,0.4,4,0.3076923076923077,25,0.49019607843137253,51,0.3333333333333333,0.6666666666666666,9.92,0.19,13,0.2549019607843137,17,7.4,0.44,8,0.47058823529411764,34,2.52,0.07,17,0.5,11,0.2727272727272727,0.7272727272727273,4.14,0.38,7,0.6363636363636364,3,4.44,1.48,2,0.6666666666666666,8,-0.3,-0.04,5,0.625,5,3,2,15,7,8,-8.79,-0.59,0.3333333333333333,0.2,0.13333333333333333,0.4666666666666667,0.5333333333333333,21,0.5,0.31,0.01,42,9,0.375,0.81,0.03,24,401426617,2022,13
77,Northwestern Wildcats,26,0.3333333333333333,11,0.34375,15,0.3333333333333333,0,0.0,6,0.375,19,0.3220338983050847,59,0.288135593220339,0.6949152542372882,-17.73,-0.3,12,0.2033898305084746,17,-3.55,-0.21,6,0.35294117647058826,41,-4.94,-0.12,13,0.3170731707317073,16,0.5,0.5,-4.98,-0.31,5,0.3125,8,-1.49,-0.19,3,0.375,8,-3.48,-0.44,2,0.25,7,5,2,19,15,4,-9.72,-0.51,0.3684210526315789,0.2631578947368421,0.10526315789473684,0.7894736842105263,0.21052631578947367,19,0.41304347826086957,-9.24,-0.2,46,7,0.21875,-18.21,-0.57,32,401405149,2022,13
356,Illinois Fighting Illini,26,0.49056603773584906,9,0.45,17,0.5151515151515151,7,0.7,4,0.4444444444444444,21,0.4883720930232558,43,0.27906976744186046,0.7209302325581395,-1.49,-0.03,10,0.23255813953488372,12,-1.1,-0.09,6,0.5,31,-0.4,-0.01,15,0.4838709677419355,10,0.5,0.5,1.85,0.19,7,0.7,5,-0.1,-0.02,3,0.6,5,1.96,0.39,4,0.8,5,3,2,10,8,2,2.82,0.28,0.5,0.3,0.2,0.8,0.2,18,0.5,3.13,0.09,36,8,0.47058823529411764,-1.81,-0.11,17,401405149,2022,13
275,Wisconsin Badgers,24,0.36363636363636365,14,0.42424242424242425,10,0.30303030303030304,1,0.16666666666666666,6,0.375,17,0.3541666666666667,48,0.4166666666666667,0.5833333333333334,2.23,0.05,9,0.1875,20,4.02,0.2,9,0.45,28,-1.79,-0.06,8,0.2857142857142857,,,,,,,,,,,,,,,,,,7,5,2,18,13,5,-3.67,-0.2,0.3888888888888889,0.2777777777777778,0.1111111111111111,0.7222222222222222,0.2777777777777778,19,0.4222222222222222,2.88,0.06,45,5,0.23809523809523808,-4.32,-0.21,21,401405150,2022,13
135,Minnesota Golden Gophers,26,0.3939393939393939,17,0.53125,9,0.2647058823529412,5,0.38461538461538464,6,0.42857142857142855,20,0.39215686274509803,51,0.5098039215686274,0.49019607843137253,5.74,0.11,14,0.27450980392156865,26,15.89,0.61,15,0.5769230769230769,25,-10.14,-0.41,5,0.2,18,0.3888888888888889,0.6111111111111112,2.62,0.15,8,0.4444444444444444,7,2.34,0.33,4,0.5714285714285714,11,0.27,0.02,4,0.36363636363636365,6,2,4,15,6,9,-2.72,-0.18,0.4,0.13333333333333333,0.26666666666666666,0.4,0.6,15,0.39473684210526316,-5.35,-0.14,38,11,0.39285714285714285,8.38,0.3,28,401405150,2022,13
84,Indiana Hoosiers,38,0.4367816091954023,16,0.34782608695652173,22,0.5365853658536586,2,0.2222222222222222,7,0.3888888888888889,28,0.4444444444444444,63,0.5079365079365079,0.49206349206349204,4.28,0.07,11,0.1746031746031746,32,3.4,0.11,14,0.4375,31,0.87,0.03,14,0.45161290322580644,8,0.125,0.875,-2.1,-0.26,3,0.375,1,-1.5,-1.5,0,0.0,7,-0.6,-0.09,3,0.42857142857142855,10,2,8,24,14,10,-8.6,-0.36,0.4166666666666667,0.08333333333333333,0.3333333333333333,0.5833333333333334,0.4166666666666667,33,0.532258064516129,17.95,0.29,62,5,0.2,-22.27,-0.89,25,401405151,2022,13
2509,Purdue Boilermakers,23,0.45098039215686275,15,0.46875,8,0.42105263157894735,1,0.25,2,0.2222222222222222,21,0.5,42,0.6190476190476191,0.38095238095238093,14.88,0.35,15,0.35714285714285715,26,13.75,0.53,14,0.5384615384615384,16,1.13,0.07,7,0.4375,7,0.8571428571428571,0.14285714285714285,4.71,0.67,5,0.7142857142857143,6,4.06,0.68,4,0.6666666666666666,1,0.66,0.66,1,1.0,2,1,1,9,6,3,-5.66,-0.63,0.2222222222222222,0.1111111111111111,0.1111111111111111,0.6666666666666666,0.3333333333333333,20,0.5,12.72,0.32,40,3,0.2727272727272727,-3.5,-0.32,11,401405151,2022,13
150,Duke Blue Devils,34,0.4788732394366197,21,0.5,13,0.4482758620689655,1,0.25,7,0.5384615384615384,27,0.47368421052631576,57,0.543859649122807,0.45614035087719296,10.79,0.19,16,0.2807017543859649,31,14.06,0.45,16,0.5161290322580645,26,-3.27,-0.13,11,0.4230769230769231,12,0.8333333333333334,0.16666666666666666,-0.72,-0.06,5,0.4166666666666667,10,0.1,0.01,4,0.4,2,-0.82,-0.41,1,0.5,7,5,2,14,11,3,10.91,0.78,0.5,0.35714285714285715,0.14285714285714285,0.7857142857142857,0.21428571428571427,21,0.4666666666666667,5.57,0.12,45,13,0.5,16.13,0.62,26,401411174,2022,13
154,Wake Forest Demon Deacons,40,0.5555555555555556,24,0.5454545454545454,16,0.5714285714285714,5,0.35714285714285715,9,0.6,31,0.5535714285714286,56,0.5535714285714286,0.44642857142857145,12.15,0.22,17,0.30357142857142855,31,10.9,0.35,18,0.5806451612903226,25,1.25,0.05,13,0.52,8,0.625,0.375,-4.03,-0.5,2,0.25,5,-3.84,-0.77,1,0.2,3,-0.19,-0.06,1,0.3333333333333333,9,6,3,16,13,3,9.01,0.56,0.5625,0.375,0.1875,0.8125,0.1875,31,0.5849056603773585,12.07,0.23,53,9,0.47368421052631576,9.1,0.48,19,401411174,2022,13
62,Hawai'i Rainbow Warriors,31,0.44285714285714284,20,0.4166666666666667,11,0.5,2,0.2,7,0.4375,22,0.44,50,0.64,0.36,0.15,0.0,8,0.16,32,3.12,0.1,14,0.4375,18,-2.98,-0.17,8,0.4444444444444444,9,0.6666666666666666,0.3333333333333333,-2.33,-0.26,2,0.2222222222222222,6,-1.13,-0.19,2,0.3333333333333333,3,-1.2,-0.4,0,0.0,9,6,3,20,16,4,-4.2,-0.21,0.45,0.3,0.15,0.8,0.2,24,0.4897959183673469,5.27,0.11,49,7,0.3333333333333333,-9.32,-0.44,21,401415271,2022,13
23,San José State Spartans,31,0.49206349206349204,12,0.4444444444444444,19,0.5277777777777778,7,0.4375,6,0.5,24,0.4897959183673469,49,0.40816326530612246,0.5918367346938775,5.65,0.12,11,0.22448979591836735,20,1.57,0.08,9,0.45,29,4.08,0.14,15,0.5172413793103449,13,0.46153846153846156,0.5384615384615384,6.24,0.48,8,0.6153846153846154,6,4.27,0.71,3,0.5,7,1.97,0.28,5,0.7142857142857143,7,3,4,14,7,7,1.14,0.08,0.5,0.21428571428571427,0.2857142857142857,0.5,0.5,22,0.46808510638297873,-0.82,-0.02,47,9,0.5625,7.61,0.48,16,401415271,2022,13
2567,SMU Mustangs,36,0.4864864864864865,21,0.5526315789473685,15,0.4166666666666667,7,0.4117647058823529,12,0.6666666666666666,22,0.4074074074074074,54,0.46296296296296297,0.5370370370370371,-4.27,-0.08,6,0.1111111111111111,25,-0.39,-0.02,11,0.44,29,-3.87,-0.13,11,0.3793103448275862,17,0.5294117647058824,0.47058823529411764,6.41,0.38,10,0.5882352941176471,9,6.16,0.68,6,0.6666666666666666,8,0.25,0.03,4,0.5,14,10,4,20,13,7,20.5,1.03,0.7,0.5,0.2,0.65,0.35,28,0.56,12.65,0.25,50,8,0.3333333333333333,3.58,0.15,24,401415666,2022,13
235,Memphis Tigers,36,0.47368421052631576,20,0.45454545454545453,16,0.5,8,0.47058823529411764,10,0.6666666666666666,25,0.4166666666666667,60,0.5833333333333334,0.4166666666666667,5.88,0.1,13,0.21666666666666667,35,3.7,0.11,15,0.42857142857142855,25,2.18,0.09,10,0.4,5,0.4,0.6,1.6,0.32,3,0.6,2,1.04,0.52,1,0.5,3,0.57,0.19,2,0.6666666666666666,11,5,6,16,9,7,11.56,0.72,0.6875,0.3125,0.375,0.5625,0.4375,24,0.47058823529411764,10.62,0.21,51,12,0.48,6.83,0.27,25,401415666,2022,13
2653,Troy Trojans,37,0.578125,8,0.4444444444444444,29,0.6304347826086957,8,0.6666666666666666,5,0.45454545454545453,29,0.58,50,0.24,0.76,12.51,0.25,11,0.22,12,1.62,0.14,6,0.5,38,10.88,0.29,23,0.6052631578947368,5,0.4,0.6,-1.09,-0.22,2,0.4,2,-0.43,-0.22,1,0.5,3,-0.66,-0.22,1,0.3333333333333333,8,2,6,14,6,8,3.8,0.27,0.5714285714285714,0.14285714285714285,0.42857142857142855,0.42857142857142855,0.5714285714285714,32,0.6274509803921569,19.53,0.38,51,5,0.38461538461538464,-3.22,-0.25,13,401426384,2022,13
2032,Arkansas State Red Wolves,22,0.3548387096774194,14,0.35,8,0.36363636363636365,3,0.3,5,0.38461538461538464,16,0.3404255319148936,47,0.6170212765957447,0.3829787234042553,-22.01,-0.47,10,0.2127659574468085,29,-13.91,-0.48,11,0.3793103448275862,18,-8.1,-0.45,5,0.2777777777777778,9,0.4444444444444444,0.5555555555555556,-0.36,-0.04,2,0.2222222222222222,4,-3.98,-0.99,0,0.0,5,3.62,0.72,2,0.4,6,3,3,15,11,4,-2.06,-0.14,0.4,0.2,0.2,0.7333333333333333,0.26666666666666666,16,0.4,-9.02,-0.23,40,6,0.2727272727272727,-15.05,-0.68,22,401426384,2022,13
2348,Louisiana Tech Bulldogs,28,0.3684210526315789,15,0.32608695652173914,13,0.43333333333333335,4,0.3333333333333333,3,0.2,22,0.4,55,0.5636363636363636,0.43636363636363634,9.82,0.18,14,0.2545454545454545,31,-2.27,-0.07,11,0.3548387096774194,24,12.09,0.5,11,0.4583333333333333,12,0.75,0.25,-0.96,-0.08,6,0.5,9,-0.16,-0.02,5,0.5555555555555556,3,-0.8,-0.27,1,0.3333333333333333,6,4,2,21,15,6,-8.34,-0.4,0.2857142857142857,0.19047619047619047,0.09523809523809523,0.7142857142857143,0.2857142857142857,20,0.38461538461538464,0.06,0.0,52,8,0.3333333333333333,1.42,0.06,24,401426616,2022,13
5,UAB Blazers,24,0.4444444444444444,2,0.14285714285714285,22,0.55,2,0.5,3,0.3,21,0.4772727272727273,44,0.13636363636363635,0.8636363636363636,19.01,0.43,11,0.25,6,-0.33,-0.06,1,0.16666666666666666,38,19.34,0.51,20,0.5263157894736842,9,0.1111111111111111,0.8888888888888888,4.53,0.5,5,0.5555555555555556,1,-0.37,-0.37,0,0.0,8,4.9,0.61,5,0.625,3,1,2,10,8,2,-5.11,-0.51,0.3,0.1,0.2,0.8,0.2,20,0.5,13.95,0.35,40,4,0.2857142857142857,-0.05,-0.0,14,401426616,2022,13
2636,UTSA Roadrunners,23,0.41818181818181815,15,0.5555555555555556,8,0.2857142857142857,2,0.5,3,0.3,19,0.4418604651162791,43,0.5116279069767442,0.4883720930232558,15.33,0.36,13,0.3023255813953488,22,19.82,0.9,14,0.6363636363636364,21,-4.5,-0.21,5,0.23809523809523808,5,0.2,0.8,4.59,0.92,3,0.6,1,4.15,4.15,1,1.0,4,0.44,0.11,2,0.5,4,1,3,12,5,7,-3.64,-0.3,0.3333333333333333,0.08333333333333333,0.25,0.4166666666666667,0.5833333333333334,16,0.43243243243243246,9.4,0.25,37,7,0.3888888888888889,2.28,0.13,18,401426618,2022,13
2638,UTEP Miners,32,0.49230769230769234,12,0.5,20,0.4878048780487805,3,0.375,5,0.45454545454545453,26,0.49056603773584906,53,0.3584905660377358,0.6415094339622641,9.94,0.19,14,0.2641509433962264,19,3.86,0.2,10,0.5263157894736842,34,6.08,0.18,16,0.47058823529411764,14,0.35714285714285715,0.6428571428571429,-5.48,-0.39,8,0.5714285714285714,5,-8.79,-1.76,2,0.4,9,3.31,0.37,6,0.6666666666666666,6,2,4,12,5,7,-1.27,-0.11,0.5,0.16666666666666666,0.3333333333333333,0.4166666666666667,0.5833333333333334,20,0.4878048780487805,8.56,0.21,41,12,0.5,0.11,0.0,24,401426618,2022,13
2433,UL Monroe Warhawks,20,0.3333333333333333,9,0.2903225806451613,11,0.3793103448275862,0,0.0,8,0.47058823529411764,11,0.2682926829268293,41,0.36585365853658536,0.6341463414634146,-12.8,-0.31,5,0.12195121951219512,15,-8.62,-0.57,2,0.13333333333333333,26,-4.18,-0.16,9,0.34615384615384615,3,0.6666666666666666,0.3333333333333333,-2.19,-0.73,0,0.0,2,-1.5,-0.75,0,0.0,1,-0.69,-0.69,0,0.0,9,7,2,19,16,3,3.86,0.2,0.47368421052631576,0.3684210526315789,0.10526315789473684,0.8421052631578947,0.15789473684210525,13,0.41935483870967744,-1.42,-0.05,31,7,0.2413793103448276,-7.53,-0.26,29,401426385,2022,13
2572,Southern Miss Golden Eagles,27,0.46551724137931033,6,0.35294117647058826,21,0.5121951219512195,3,0.3,1,0.1111111111111111,26,0.5416666666666666,48,0.22916666666666666,0.7708333333333334,14.18,0.3,16,0.3333333333333333,11,3.93,0.36,5,0.45454545454545453,37,10.25,0.28,21,0.5675675675675675,14,0.35714285714285715,0.6428571428571429,1.63,0.12,8,0.5714285714285714,5,-1.21,-0.24,2,0.4,9,2.84,0.32,6,0.6666666666666666,1,1,0,10,6,4,-11.39,-1.14,0.1,0.1,0.0,0.6,0.4,20,0.4878048780487805,2.08,0.05,41,7,0.4117647058823529,0.71,0.04,17,401426385,2022,13
326,Texas State Bobcats,24,0.375,10,0.3448275862068966,14,0.4,1,0.2,7,0.4666666666666667,16,0.3333333333333333,48,0.375,0.625,-10.2,-0.21,7,0.14583333333333334,18,-13.52,-0.75,5,0.2777777777777778,30,3.32,0.11,11,0.36666666666666664,12,0.4166666666666667,0.5833333333333334,-1.37,-0.11,4,0.3333333333333333,5,-1.45,-0.29,1,0.2,7,0.08,0.01,3,0.42857142857142855,8,5,3,16,11,5,7.78,0.49,0.5,0.3125,0.1875,0.6875,0.3125,15,0.3333333333333333,-11.97,-0.27,45,9,0.47368421052631576,9.55,0.5,19,401426386,2022,13
309,Louisiana Ragin' Cajuns,38,0.5757575757575758,20,0.6060606060606061,18,0.5454545454545454,8,0.5333333333333333,7,0.6363636363636364,30,0.5660377358490566,53,0.49056603773584906,0.5094339622641509,8.8,0.17,19,0.3584905660377358,26,5.52,0.21,15,0.5769230769230769,27,3.28,0.12,15,0.5555555555555556,14,0.5714285714285714,0.42857142857142855,9.68,0.69,11,0.7857142857142857,8,2.89,0.36,5,0.625,6,6.79,1.13,6,1.0,8,5,3,13,7,6,7.74,0.6,0.6153846153846154,0.38461538461538464,0.23076923076923078,0.5384615384615384,0.46153846153846156,24,0.5,2.76,0.06,48,14,0.7777777777777778,13.79,0.77,18,401426386,2022,13
2440,Nevada Wolf Pack,40,0.4166666666666667,18,0.36,22,0.4888888888888889,6,0.3333333333333333,6,0.3157894736842105,32,0.4383561643835616,73,0.4520547945205479,0.547945205479452,-1.3,-0.02,18,0.2465753424657534,33,-2.68,-0.08,13,0.3939393939393939,40,1.38,0.03,19,0.475,9,0.4444444444444444,0.5555555555555556,-4.51,-0.5,1,0.1111111111111111,4,-3.04,-0.76,0,0.0,5,-1.47,-0.29,1,0.2,8,5,3,23,17,5,-14.89,-0.65,0.34782608695652173,0.21739130434782608,0.13043478260869565,0.7391304347826086,0.21739130434782608,28,0.4307692307692308,-23.29,-0.36,65,12,0.3870967741935484,7.1,0.23,31,401415272,2022,13
2439,UNLV Rebels,18,0.2903225806451613,11,0.2972972972972973,7,0.28,0,0.0,5,0.3125,13,0.2826086956521739,46,0.5434782608695652,0.45652173913043476,-22.03,-0.48,5,0.10869565217391304,25,-9.79,-0.39,7,0.28,21,-12.23,-0.58,6,0.2857142857142857,10,0.8,0.2,-3.69,-0.37,7,0.7,8,-4.49,-0.56,5,0.625,2,0.79,0.4,2,1.0,5,4,1,16,12,4,4.55,0.28,0.3125,0.25,0.0625,0.75,0.25,14,0.3684210526315789,-10.16,-0.27,38,4,0.16666666666666666,-7.32,-0.3,24,401415272,2022,13
290,Georgia Southern Eagles,40,0.5333333333333333,27,0.5510204081632653,13,0.5,11,0.6111111111111112,5,0.4166666666666667,33,0.5409836065573771,61,0.6557377049180327,0.3442622950819672,8.58,0.14,13,0.21311475409836064,40,6.43,0.16,23,0.575,21,2.14,0.1,10,0.47619047619047616,18,0.5555555555555556,0.4444444444444444,6.26,0.35,11,0.6111111111111112,10,3.94,0.39,6,0.6,8,2.32,0.29,5,0.625,6,3,3,13,8,5,-1.38,-0.11,0.46153846153846156,0.23076923076923078,0.23076923076923078,0.6153846153846154,0.38461538461538464,33,0.5689655172413793,5.97,0.1,58,6,0.375,1.23,0.08,16,401426382,2022,13
2026,Appalachian State Mountaineers,38,0.5352112676056338,12,0.46153846153846156,26,0.5777777777777777,13,0.5416666666666666,5,0.45454545454545453,33,0.5689655172413793,58,0.3103448275862069,0.6896551724137931,28.95,0.5,15,0.25862068965517243,18,10.25,0.57,9,0.5,40,18.7,0.47,24,0.6,7,0.2857142857142857,0.7142857142857143,4.55,0.65,3,0.42857142857142855,2,-1.32,-0.66,0,0.0,5,5.87,1.17,3,0.6,5,3,2,13,8,5,-7.86,-0.6,0.38461538461538464,0.23076923076923078,0.15384615384615385,0.6153846153846154,0.38461538461538464,30,0.5454545454545454,18.84,0.34,55,8,0.5,2.25,0.14,16,401426382,2022,13
2229,Florida International Panthers,31,0.4305555555555556,24,0.43636363636363634,7,0.4117647058823529,2,0.5,4,0.3333333333333333,26,0.4482758620689655,58,0.7241379310344828,0.27586206896551724,13.62,0.23,16,0.27586206896551724,42,12.61,0.3,19,0.4523809523809524,16,1.02,0.06,7,0.4375,15,0.9333333333333333,0.06666666666666667,5.77,0.38,7,0.4666666666666667,14,5.95,0.42,7,0.5,1,-0.18,-0.18,0,0.0,5,5,0,14,13,1,-8.33,-0.6,0.35714285714285715,0.35714285714285715,0.0,0.9285714285714286,0.07142857142857142,18,0.4090909090909091,7.1,0.16,44,13,0.4642857142857143,-1.81,-0.06,28,401426614,2022,13
2393,Middle Tennessee Blue Raiders,41,0.5061728395061729,20,0.45454545454545453,21,0.5675675675675675,9,0.4090909090909091,9,0.47368421052631576,31,0.5081967213114754,61,0.4918032786885246,0.5081967213114754,2.55,0.04,14,0.22950819672131148,30,-2.22,-0.07,14,0.4666666666666667,31,4.77,0.15,17,0.5483870967741935,10,0.5,0.5,4.4,0.44,6,0.6,5,0.12,0.02,2,0.4,5,4.28,0.86,4,0.8,10,6,4,20,14,6,5.68,0.28,0.5,0.3,0.2,0.7,0.3,27,0.47368421052631576,-5.7,-0.1,57,14,0.5833333333333334,13.93,0.58,24,401426614,2022,13
2641,Texas Tech Red Raiders,47,0.49473684210526314,25,0.49019607843137253,22,0.5,10,0.6666666666666666,8,0.47058823529411764,38,0.4935064935064935,77,0.5064935064935064,0.4935064935064935,15.08,0.2,18,0.23376623376623376,39,16.13,0.41,19,0.48717948717948717,38,-1.06,-0.03,19,0.5,16,0.6875,0.3125,12.05,0.75,11,0.6875,11,7.68,0.7,6,0.5454545454545454,5,4.37,0.87,5,1.0,9,6,3,18,12,6,1.17,0.07,0.5,0.3333333333333333,0.16666666666666666,0.6666666666666666,0.3333333333333333,34,0.5396825396825397,17.22,0.27,63,13,0.40625,-0.97,-0.03,32,401404122,2022,13
201,Oklahoma Sooners,36,0.42857142857142855,19,0.4318181818181818,17,0.425,6,0.4,8,0.4444444444444444,27,0.43548387096774194,62,0.5,0.5,14.75,0.24,14,0.22580645161290322,31,12.57,0.41,13,0.41935483870967744,31,2.18,0.07,14,0.45161290322580644,14,0.42857142857142855,0.5714285714285714,-8.72,-0.62,4,0.2857142857142857,6,-9.48,-1.58,0,0.0,8,0.76,0.09,4,0.5,9,6,3,22,13,9,0.5,0.02,0.4090909090909091,0.2727272727272727,0.13636363636363635,0.5909090909090909,0.4090909090909091,26,0.4642857142857143,11.6,0.21,56,10,0.35714285714285715,3.65,0.13,28,401404122,2022,13
103,Boston College Eagles,40,0.5555555555555556,25,0.6410256410256411,15,0.45454545454545453,7,0.6363636363636364,8,0.5714285714285714,32,0.5614035087719298,57,0.49122807017543857,0.5087719298245614,7.65,0.13,13,0.22807017543859648,28,13.65,0.49,20,0.7142857142857143,29,-6.0,-0.21,12,0.41379310344827586,17,0.5882352941176471,0.4117647058823529,5.64,0.33,11,0.6470588235294118,10,6.27,0.63,7,0.7,7,-0.63,-0.09,4,0.5714285714285714,8,5,3,15,11,4,5.87,0.39,0.5333333333333333,0.3333333333333333,0.2,0.7333333333333333,0.26666666666666666,34,0.6181818181818182,11.16,0.2,55,6,0.35294117647058826,2.36,0.14,17,401411173,2022,13
183,Syracuse Orange,37,0.5522388059701493,19,0.5277777777777778,18,0.5806451612903226,7,0.5384615384615384,5,0.45454545454545453,32,0.5925925925925926,54,0.5,0.5,17.36,0.32,17,0.3148148148148148,27,9.53,0.35,18,0.6666666666666666,27,7.83,0.29,14,0.5185185185185185,8,0.75,0.25,-1.87,-0.23,4,0.5,6,-1.04,-0.17,3,0.5,2,-0.83,-0.42,1,0.5,5,1,4,13,9,4,0.04,0.0,0.38461538461538464,0.07692307692307693,0.3076923076923077,0.6923076923076923,0.3076923076923077,31,0.6595744680851063,17.98,0.38,47,6,0.3,-0.57,-0.03,20,401411173,2022,13
248,Houston Cougars,28,0.4057971014492754,20,0.4166666666666667,8,0.38095238095238093,3,0.25,4,0.3076923076923077,23,0.42592592592592593,54,0.6296296296296297,0.37037037037037035,2.24,0.04,17,0.3148148148148148,34,1.55,0.05,15,0.4411764705882353,20,0.69,0.03,8,0.4,13,0.5384615384615384,0.46153846153846156,4.05,0.31,7,0.5384615384615384,7,0.77,0.11,3,0.42857142857142855,6,3.28,0.55,4,0.6666666666666666,5,5,0,15,14,1,2.86,0.19,0.3333333333333333,0.3333333333333333,0.0,0.9333333333333333,0.06666666666666667,18,0.4186046511627907,-1.62,-0.04,43,10,0.38461538461538464,6.72,0.26,26,401415668,2022,13
202,Tulsa Golden Hurricane,25,0.3472222222222222,15,0.3409090909090909,10,0.35714285714285715,3,0.3,6,0.375,17,0.3148148148148148,54,0.5370370370370371,0.46296296296296297,-0.03,-0.0,9,0.16666666666666666,29,4.28,0.15,9,0.3103448275862069,25,-4.32,-0.17,8,0.32,13,0.8461538461538461,0.15384615384615385,14.99,1.15,7,0.5384615384615384,11,9.34,0.85,6,0.5454545454545454,2,5.65,2.83,1,0.5,8,6,2,18,15,3,10.42,0.58,0.4444444444444444,0.3333333333333333,0.1111111111111111,0.8333333333333334,0.16666666666666666,12,0.3076923076923077,5.3,0.14,39,13,0.3939393939393939,5.09,0.15,33,401415668,2022,13
221,Pittsburgh Panthers,37,0.6166666666666667,14,0.5384615384615384,23,0.6764705882352942,8,0.5333333333333333,4,0.5,33,0.6470588235294118,51,0.43137254901960786,0.5686274509803921,15.74,0.31,16,0.3137254901960784,22,5.97,0.27,12,0.5454545454545454,29,9.77,0.34,21,0.7241379310344828,12,0.5,0.5,5.35,0.45,6,0.5,6,4.28,0.71,3,0.5,6,1.07,0.18,3,0.5,4,2,2,9,4,5,-3.28,-0.36,0.4444444444444444,0.2222222222222222,0.2222222222222222,0.4444444444444444,0.5555555555555556,31,0.6595744680851063,11.57,0.25,47,6,0.46153846153846156,0.89,0.07,13,401411175,2022,13
2390,Miami Hurricanes,24,0.36923076923076925,16,0.36363636363636365,8,0.38095238095238093,4,0.26666666666666666,4,0.3333333333333333,20,0.39215686274509803,51,0.6078431372549019,0.39215686274509803,-2.56,-0.05,13,0.2549019607843137,31,-7.5,-0.24,12,0.3870967741935484,20,4.93,0.25,8,0.4,3,0.0,1.0,-1.95,-0.65,1,0.3333333333333333,,,,,,3,-1.95,-0.65,1,0.3333333333333333,4,4,0,14,13,1,-9.19,-0.66,0.2857142857142857,0.2857142857142857,0.0,0.9285714285714286,0.07142857142857142,15,0.40540540540540543,1.72,0.05,37,9,0.32142857142857145,-13.48,-0.48,28,401411175,2022,13
2005,Air Force Falcons,21,0.3230769230769231,1,0.25,20,0.32786885245901637,2,0.15384615384615385,4,0.26666666666666666,16,0.3333333333333333,48,0.041666666666666664,0.9583333333333334,-2.52,-0.05,7,0.14583333333333334,2,0.82,0.41,1,0.5,46,-3.34,-0.07,15,0.32608695652173914,9,0.1111111111111111,0.8888888888888888,-3.4,-0.38,2,0.2222222222222222,1,-0.44,-0.44,0,0.0,8,-2.96,-0.37,2,0.25,5,0,5,17,2,15,-8.2,-0.48,0.29411764705882354,0.0,0.29411764705882354,0.11764705882352941,0.8823529411764706,15,0.3333333333333333,-2.54,-0.06,45,6,0.3,-8.18,-0.41,20,401415267,2022,13
21,San Diego State Aztecs,17,0.3695652173913043,12,0.36363636363636365,5,0.38461538461538464,2,0.2222222222222222,1,0.1,15,0.42857142857142855,35,0.6571428571428571,0.34285714285714286,-10.35,-0.3,7,0.2,23,-3.02,-0.13,10,0.43478260869565216,12,-7.34,-0.61,5,0.4166666666666667,10,0.6,0.4,-6.67,-0.67,3,0.3,6,-1.59,-0.26,2,0.3333333333333333,4,-5.08,-1.27,1,0.25,2,2,0,11,10,1,-8.39,-0.76,0.18181818181818182,0.18181818181818182,0.0,0.9090909090909091,0.09090909090909091,14,0.4666666666666667,0.62,0.02,30,3,0.1875,-19.36,-1.21,16,401415267,2022,13
24,Stanford Cardinal,34,0.5573770491803278,23,0.5111111111111111,11,0.6875,5,0.7142857142857143,8,0.6153846153846154,24,0.5217391304347826,46,0.6739130434782609,0.32608695652173914,7.07,0.15,10,0.21739130434782608,31,1.99,0.06,14,0.45161290322580644,15,5.08,0.34,10,0.6666666666666666,13,0.9230769230769231,0.07692307692307693,-0.94,-0.07,6,0.46153846153846156,12,-2.7,-0.23,5,0.4166666666666667,1,1.76,1.76,1,1.0,10,9,1,15,14,1,9.21,0.61,0.6666666666666666,0.6,0.06666666666666667,0.9333333333333333,0.06666666666666667,26,0.6190476190476191,9.08,0.22,42,8,0.42105263157894735,7.2,0.38,19,401404049,2022,13
252,BYU Cougars,37,0.6271186440677966,6,0.5,31,0.6595744680851063,3,0.42857142857142855,6,0.75,31,0.62,50,0.2,0.8,20.35,0.41,17,0.34,10,4.4,0.44,5,0.5,40,15.95,0.4,26,0.65,10,0.2,0.8,3.37,0.34,7,0.7,2,2.74,1.37,2,1.0,8,0.63,0.08,5,0.625,6,1,5,9,2,7,3.92,0.44,0.6666666666666666,0.1111111111111111,0.5555555555555556,0.2222222222222222,0.7777777777777778,30,0.6122448979591837,15.08,0.31,49,7,0.7,9.19,0.92,10,401404049,2022,13
30,USC Trojans,26,0.38235294117647056,19,0.3958333333333333,7,0.35,5,0.38461538461538464,2,0.16666666666666666,21,0.4117647058823529,51,0.7254901960784313,0.27450980392156865,0.72,0.01,14,0.27450980392156865,37,-0.68,-0.02,16,0.43243243243243246,14,1.4,0.1,5,0.35714285714285715,7,0.8571428571428571,0.14285714285714285,-3.95,-0.56,2,0.2857142857142857,6,-3.18,-0.53,2,0.3333333333333333,1,-0.77,-0.77,0,0.0,5,3,2,17,11,6,-1.02,-0.06,0.29411764705882354,0.17647058823529413,0.11764705882352941,0.6470588235294118,0.35294117647058826,20,0.425531914893617,8.7,0.19,47,6,0.2857142857142857,-9.0,-0.43,21,401437035,2022,14
254,Utah Utes,35,0.5072463768115942,17,0.4857142857142857,18,0.5294117647058824,5,0.4166666666666667,6,0.5,28,0.5,56,0.5,0.5,16.5,0.29,16,0.2857142857142857,28,9.63,0.34,14,0.5,28,6.86,0.25,14,0.5,20,0.7,0.3,9.18,0.46,10,0.5,14,7.8,0.56,7,0.5,6,1.38,0.23,3,0.5,7,3,4,13,7,6,14.44,1.11,0.5384615384615384,0.23076923076923078,0.3076923076923077,0.5384615384615384,0.46153846153846156,28,0.56,26.54,0.53,50,7,0.3684210526315789,4.4,0.23,19,401437035,2022,14
2084,Buffalo Bulls,15,0.28846153846153844,13,0.37142857142857144,2,0.11764705882352941,1,0.1,2,0.18181818181818182,12,0.3076923076923077,39,0.6666666666666666,0.3333333333333333,-15.86,-0.41,10,0.2564102564102564,26,-7.96,-0.31,11,0.4230769230769231,13,-7.9,-0.61,1,0.07692307692307693,,,,,,,,,,,,,,,,,,3,2,1,13,9,4,-8.79,-0.68,0.23076923076923078,0.15384615384615385,0.07692307692307693,0.6923076923076923,0.3076923076923077,10,0.29411764705882354,-19.28,-0.57,34,5,0.2777777777777778,-5.37,-0.3,18,401506450,2022,14
2006,Akron Zips,20,0.31746031746031744,18,0.36,2,0.15384615384615385,2,0.5,5,0.35714285714285715,15,0.30612244897959184,49,0.7346938775510204,0.2653061224489796,-10.8,-0.22,11,0.22448979591836735,36,-3.72,-0.1,13,0.3611111111111111,13,-7.08,-0.54,2,0.15384615384615385,3,0.6666666666666666,0.3333333333333333,2.4,0.8,2,0.6666666666666666,2,0.49,0.25,1,0.5,1,1.91,1.91,1,1.0,5,5,0,14,14,0,-5.92,-0.42,0.35714285714285715,0.35714285714285715,0.0,1.0,0.0,13,0.34210526315789475,-8.43,-0.22,38,7,0.28,-8.28,-0.33,25,401506450,2022,14
249,North Texas Mean Green,25,0.3968253968253968,10,0.3448275862068966,15,0.4411764705882353,5,0.3125,2,0.2222222222222222,21,0.4117647058823529,51,0.49019607843137253,0.5098039215686274,9.09,0.18,13,0.2549019607843137,25,2.94,0.12,10,0.4,26,6.15,0.24,11,0.4230769230769231,10,0.5,0.5,3.49,0.35,2,0.2,5,2.71,0.54,1,0.2,5,0.78,0.16,1,0.2,4,0,4,12,4,8,-0.13,-0.01,0.3333333333333333,0.0,0.3333333333333333,0.3333333333333333,0.6666666666666666,22,0.4583333333333333,10.67,0.22,48,3,0.2,-1.71,-0.11,15,401437032,2022,14
2636,UTSA Roadrunners,46,0.5542168674698795,25,0.625,21,0.4883720930232558,5,0.4166666666666667,7,0.5,37,0.5606060606060606,66,0.4393939393939394,0.5606060606060606,22.12,0.34,18,0.2727272727272727,29,16.51,0.57,19,0.6551724137931034,37,5.61,0.15,18,0.4864864864864865,15,0.6,0.4,11.02,0.73,9,0.6,9,7.65,0.85,5,0.5555555555555556,6,3.37,0.56,4,0.6666666666666666,9,6,3,17,11,6,5.9,0.35,0.5294117647058824,0.35294117647058826,0.17647058823529413,0.6470588235294118,0.35294117647058826,39,0.5652173913043478,21.84,0.32,69,7,0.5,6.18,0.44,14,401437032,2022,14
99,LSU Tigers,34,0.4722222222222222,29,0.5178571428571429,5,0.3125,2,0.18181818181818182,5,0.38461538461538464,28,0.49122807017543857,57,0.7543859649122807,0.24561403508771928,18.7,0.33,15,0.2631578947368421,43,17.34,0.4,23,0.5348837209302325,14,1.36,0.1,5,0.35714285714285715,10,0.9,0.1,2.38,0.24,7,0.7,9,3.11,0.35,7,0.7777777777777778,1,-0.73,-0.73,0,0.0,6,6,0,15,13,2,-6.2,-0.41,0.4,0.4,0.0,0.8666666666666667,0.13333333333333333,26,0.5098039215686274,15.61,0.31,51,8,0.38095238095238093,-3.1,-0.15,21,401437036,2022,14
61,Georgia Bulldogs,36,0.5,19,0.6551724137931034,17,0.3953488372093023,9,0.6,7,0.5833333333333334,29,0.48333333333333334,60,0.36666666666666664,0.6333333333333333,11.58,0.19,18,0.3,22,16.02,0.73,14,0.6363636363636364,38,-4.44,-0.12,15,0.39473684210526316,16,0.5625,0.4375,5.35,0.33,10,0.625,9,9.97,1.11,7,0.7777777777777778,7,-4.62,-0.66,3,0.42857142857142855,7,5,2,12,7,5,9.48,0.79,0.5833333333333334,0.4166666666666667,0.16666666666666666,0.5833333333333334,0.4166666666666667,29,0.5178571428571429,11.22,0.2,56,7,0.4375,9.84,0.61,16,401437036,2022,14
130,Michigan Wolverines,27,0.4909090909090909,9,0.5294117647058824,18,0.47368421052631576,7,0.5833333333333334,6,0.5,19,0.4634146341463415,41,0.24390243902439024,0.7560975609756098,7.84,0.19,7,0.17073170731707318,10,2.39,0.24,4,0.4,31,5.44,0.18,15,0.4838709677419355,9,0.4444444444444444,0.5555555555555556,6.73,0.75,4,0.4444444444444444,4,1.57,0.39,1,0.25,5,5.16,1.03,3,0.6,8,5,3,14,7,7,11.07,0.79,0.5714285714285714,0.35714285714285715,0.21428571428571427,0.5,0.5,21,0.5384615384615384,16.71,0.43,39,6,0.375,2.2,0.14,16,401437031,2022,14
2509,Purdue Boilermakers,40,0.47619047619047616,25,0.49019607843137253,15,0.45454545454545453,1,0.07142857142857142,9,0.5,30,0.46153846153846156,65,0.5384615384615384,0.46153846153846156,-5.27,-0.08,16,0.24615384615384617,35,-2.23,-0.06,18,0.5142857142857142,30,-3.04,-0.1,12,0.4,13,0.7692307692307693,0.23076923076923078,0.24,0.02,7,0.5384615384615384,10,0.76,0.08,5,0.5,3,-0.52,-0.17,2,0.6666666666666666,10,7,3,19,16,3,10.23,0.54,0.5263157894736842,0.3684210526315789,0.15789473684210525,0.8421052631578947,0.15789473684210525,32,0.5423728813559322,5.27,0.09,59,8,0.32,-0.31,-0.01,25,401437031,2022,14
2628,TCU Horned Frogs,28,0.3888888888888889,13,0.35135135135135137,15,0.42857142857142855,7,0.5,4,0.26666666666666666,21,0.39622641509433965,53,0.4528301886792453,0.5471698113207547,6.92,0.13,11,0.20754716981132076,24,-0.23,-0.01,9,0.375,29,7.15,0.25,12,0.41379310344827586,14,0.5714285714285714,0.42857142857142855,-8.16,-0.58,5,0.35714285714285715,8,-6.15,-0.77,3,0.375,6,-2.01,-0.34,2,0.3333333333333333,7,4,3,19,13,6,-8.01,-0.42,0.3684210526315789,0.21052631578947367,0.15789473684210525,0.6842105263157895,0.3157894736842105,22,0.43137254901960786,3.79,0.07,51,6,0.2857142857142857,-4.89,-0.23,21,401437030,2022,14
2306,Kansas State Wildcats,36,0.47368421052631576,13,0.37142857142857144,23,0.5609756097560976,6,0.6,7,0.4375,27,0.47368421052631576,57,0.40350877192982454,0.5964912280701754,10.05,0.18,11,0.19298245614035087,23,4.32,0.19,8,0.34782608695652173,34,5.73,0.17,19,0.5588235294117647,10,0.5,0.5,-0.73,-0.07,4,0.4,5,3.16,0.63,3,0.6,5,-3.88,-0.78,1,0.2,9,5,4,19,12,7,-2.68,-0.14,0.47368421052631576,0.2631578947368421,0.21052631578947367,0.631578947368421,0.3684210526315789,28,0.509090909090909,11.25,0.2,55,8,0.38095238095238093,-3.88,-0.18,21,401437030,2022,14
153,North Carolina Tar Heels,38,0.4810126582278481,23,0.48936170212765956,15,0.46875,6,0.2857142857142857,10,0.625,28,0.45161290322580644,62,0.532258064516129,0.46774193548387094,-3.46,-0.06,15,0.24193548387096775,33,0.45,0.01,16,0.48484848484848486,29,-3.91,-0.13,12,0.41379310344827586,12,0.6666666666666666,0.3333333333333333,-2.14,-0.18,4,0.3333333333333333,8,-1.82,-0.23,3,0.375,4,-0.33,-0.08,1,0.25,10,7,3,17,14,3,-6.42,-0.38,0.5882352941176471,0.4117647058823529,0.17647058823529413,0.8235294117647058,0.17647058823529413,27,0.4909090909090909,2.82,0.05,55,11,0.4583333333333333,-12.7,-0.53,24,401437009,2022,14
228,Clemson Tigers,34,0.6071428571428571,24,0.6857142857142857,10,0.47619047619047616,7,0.875,4,0.4444444444444444,30,0.6521739130434783,46,0.6304347826086957,0.3695652173913043,18.11,0.39,14,0.30434782608695654,29,17.3,0.6,21,0.7241379310344828,17,0.81,0.05,9,0.5294117647058824,8,0.625,0.375,1.23,0.15,7,0.875,5,1.32,0.26,5,1.0,3,-0.09,-0.03,2,0.6666666666666666,4,3,1,10,6,4,-4.09,-0.41,0.4,0.3,0.1,0.6,0.4,28,0.6222222222222222,11.9,0.26,45,6,0.5454545454545454,2.12,0.19,11,401437009,2022,14
2116,UCF Knights,37,0.3854166666666667,17,0.3148148148148148,20,0.47619047619047616,6,0.4,7,0.30434782608695654,23,0.36507936507936506,63,0.5396825396825397,0.4603174603174603,-1.25,-0.02,8,0.12698412698412698,34,-5.83,-0.17,10,0.29411764705882354,29,4.58,0.16,13,0.4482758620689655,9,0.4444444444444444,0.5555555555555556,-3.56,-0.4,4,0.4444444444444444,4,-2.97,-0.74,1,0.25,5,-0.59,-0.12,3,0.6,14,7,7,33,20,13,4.6,0.14,0.42424242424242425,0.21212121212121213,0.21212121212121213,0.6060606060606061,0.3939393939393939,28,0.4827586206896552,12.45,0.21,58,9,0.23684210526315788,-9.1,-0.24,38,401437008,2022,14
2655,Tulane Green Wave,26,0.4126984126984127,14,0.4117647058823529,12,0.41379310344827586,3,0.375,4,0.36363636363636365,22,0.44,50,0.46,0.54,22.67,0.45,10,0.2,23,13.39,0.58,10,0.43478260869565216,27,9.28,0.34,12,0.4444444444444444,16,0.75,0.25,1.85,0.12,5,0.3125,12,-1.82,-0.15,3,0.25,4,3.67,0.92,2,0.5,4,4,0,13,11,2,-5.84,-0.45,0.3076923076923077,0.3076923076923077,0.0,0.8461538461538461,0.15384615384615385,18,0.4186046511627907,12.6,0.29,43,8,0.4,4.22,0.21,20,401437008,2022,14
2649,Toledo Rockets,30,0.4225352112676056,13,0.5,17,0.37777777777777777,1,0.16666666666666666,9,0.6,21,0.3888888888888889,54,0.3148148148148148,0.6851851851851852,2.67,0.05,11,0.2037037037037037,17,3.17,0.19,9,0.5294117647058824,37,-0.5,-0.01,12,0.32432432432432434,16,0.5,0.5,4.09,0.26,9,0.5625,8,1.2,0.15,4,0.5,8,2.89,0.36,5,0.625,9,4,5,17,9,8,3.72,0.22,0.5294117647058824,0.23529411764705882,0.29411764705882354,0.5294117647058824,0.47058823529411764,19,0.4634146341463415,2.14,0.05,41,11,0.36666666666666664,4.26,0.14,30,401437033,2022,14
195,Ohio Bobcats,23,0.38333333333333336,12,0.375,11,0.39285714285714285,2,1.0,5,0.38461538461538464,18,0.4,45,0.5111111111111111,0.4888888888888889,-6.59,-0.15,8,0.17777777777777778,23,-3.8,-0.17,9,0.391304347826087,22,-2.79,-0.13,9,0.4090909090909091,4,0.25,0.75,-2.32,-0.58,2,0.5,1,-1.0,-1.0,0,0.0,3,-1.32,-0.44,2,0.6666666666666666,5,3,2,15,9,6,-5.52,-0.37,0.3333333333333333,0.2,0.13333333333333333,0.6,0.4,17,0.4722222222222222,-3.47,-0.1,36,6,0.25,-8.64,-0.36,24,401437033,2022,14
2653,Troy Trojans,18,0.36,9,0.45,9,0.3,2,0.2,4,0.36363636363636365,13,0.34210526315789475,38,0.34210526315789475,0.6578947368421053,-1.88,-0.05,6,0.15789473684210525,13,1.24,0.1,6,0.46153846153846156,25,-3.12,-0.12,7,0.28,2,0.5,0.5,0.21,0.11,1,0.5,1,-2.05,-2.05,0,0.0,1,2.27,2.27,1,1.0,5,3,2,12,7,5,5.8,0.48,0.4166666666666667,0.25,0.16666666666666666,0.5833333333333334,0.4166666666666667,11,0.3333333333333333,-0.14,-0.0,33,7,0.4117647058823529,4.07,0.24,17,401437037,2022,14
324,Coastal Carolina Chanticleers,39,0.5416666666666666,26,0.6046511627906976,13,0.4482758620689655,3,0.3,5,0.38461538461538464,32,0.5818181818181818,55,0.5818181818181818,0.41818181818181815,10.5,0.19,18,0.32727272727272727,32,11.84,0.37,22,0.6875,23,-1.34,-0.06,10,0.43478260869565216,15,0.5333333333333333,0.4666666666666667,14.32,0.95,13,0.8666666666666667,8,9.45,1.18,8,1.0,7,4.87,0.7,5,0.7142857142857143,7,4,3,17,11,6,-1.62,-0.1,0.4117647058823529,0.23529411764705882,0.17647058823529413,0.6470588235294118,0.35294117647058826,34,0.6296296296296297,14.28,0.26,54,5,0.2777777777777778,-5.4,-0.3,18,401437037,2022,14
278,Fresno State Bulldogs,26,0.4262295081967213,12,0.4,14,0.45161290322580644,6,0.5,6,0.4,19,0.4222222222222222,45,0.4444444444444444,0.5555555555555556,-6.73,-0.15,8,0.17777777777777778,20,-6.98,-0.35,7,0.35,25,0.25,0.01,12,0.48,6,0.6666666666666666,0.3333333333333333,-1.28,-0.21,3,0.5,4,-3.41,-0.85,1,0.25,2,2.13,1.07,2,1.0,7,5,2,16,10,6,2.34,0.15,0.4375,0.3125,0.125,0.625,0.375,20,0.5,2.32,0.06,40,6,0.2857142857142857,-6.71,-0.32,21,401437034,2022,14
68,Boise State Broncos,24,0.35294117647058826,11,0.2894736842105263,13,0.43333333333333335,2,0.4,5,0.29411764705882354,19,0.38,50,0.46,0.54,3.28,0.07,9,0.18,23,3.5,0.15,8,0.34782608695652173,27,-0.22,-0.01,11,0.4074074074074074,15,0.5333333333333333,0.4666666666666667,-0.43,-0.03,8,0.5333333333333333,8,-1.81,-0.23,4,0.5,7,1.38,0.2,4,0.5714285714285714,5,3,2,18,15,3,-14.17,-0.79,0.2777777777777778,0.16666666666666666,0.1111111111111111,0.8333333333333334,0.16666666666666666,15,0.36585365853658536,1.95,0.05,41,9,0.3333333333333333,-12.83,-0.48,27,401437034,2022,14
2674,Valparaiso Beacons,20,0.2597402597402597,13,0.2765957446808511,7,0.23333333333333334,1,0.1111111111111111,3,0.15789473684210525,16,0.2909090909090909,55,0.4909090909090909,0.509090909090909,-9.96,-0.18,7,0.12727272727272726,27,-2.53,-0.09,9,0.3333333333333333,28,-7.43,-0.27,7,0.25,8,0.375,0.625,-2.98,-0.37,2,0.25,3,-1.37,-0.46,0,0.0,5,-1.61,-0.32,2,0.4,4,4,0,22,20,2,-14.71,-0.67,0.18181818181818182,0.18181818181818182,0.0,0.9090909090909091,0.09090909090909091,13,0.3170731707317073,-8.17,-0.2,41,7,0.19444444444444445,-16.5,-0.46,36,401507088,2022,14
166,New Mexico State Aggies,24,0.48,11,0.4583333333333333,13,0.5,5,0.625,5,0.5,19,0.475,40,0.45,0.55,24.41,0.61,8,0.2,18,18.44,1.02,8,0.4444444444444444,22,5.97,0.27,11,0.5,11,0.8181818181818182,0.18181818181818182,-3.22,-0.29,2,0.18181818181818182,9,-1.81,-0.2,2,0.2222222222222222,2,-1.41,-0.7,0,0.0,5,3,2,10,6,4,1.4,0.14,0.5,0.3,0.2,0.6,0.4,17,0.5151515151515151,18.96,0.57,33,7,0.4117647058823529,6.84,0.4,17,401507088,2022,14
349,Army Black Knights,18,0.3157894736842105,1,0.07142857142857142,17,0.3953488372093023,,,5,0.29411764705882354,12,0.3157894736842105,38,0.23684210526315788,0.7631578947368421,-7.08,-0.19,2,0.05263157894736842,9,-5.72,-0.64,1,0.1111111111111111,29,-1.36,-0.05,11,0.3793103448275862,9,0.1111111111111111,0.8888888888888888,-5.3,-0.59,2,0.2222222222222222,1,-0.98,-0.98,0,0.0,8,-4.32,-0.54,2,0.25,6,0,6,19,5,14,-12.64,-0.67,0.3157894736842105,0.0,0.3157894736842105,0.2631578947368421,0.7368421052631579,14,0.4,-2.37,-0.07,35,4,0.18181818181818182,-17.36,-0.79,22,401404145,2022,15
2426,Navy Midshipmen,23,0.3770491803278688,2,0.5,21,0.3684210526315789,2,0.5,5,0.29411764705882354,17,0.3953488372093023,43,0.06976744186046512,0.9302325581395349,3.84,0.09,3,0.06976744186046512,3,5.92,1.97,2,0.6666666666666666,40,-2.08,-0.05,15,0.375,7,0.2857142857142857,0.7142857142857143,0.31,0.04,3,0.42857142857142855,2,0.22,0.11,1,0.5,5,0.1,0.02,2,0.4,6,0,6,18,1,17,-9.97,-0.55,0.3333333333333333,0.0,0.3333333333333333,0.05555555555555555,0.9444444444444444,15,0.40540540540540543,1.06,0.03,37,8,0.3333333333333333,-7.19,-0.3,24,401404145,2022,15
5,UAB Blazers,30,0.45454545454545453,14,0.4666666666666667,16,0.4444444444444444,6,0.6,7,0.5833333333333334,22,0.43137254901960786,51,0.43137254901960786,0.5686274509803921,2.4,0.05,13,0.2549019607843137,22,8.19,0.37,10,0.45454545454545453,29,-5.79,-0.2,12,0.41379310344827586,11,0.5454545454545454,0.45454545454545453,2.89,0.26,6,0.5454545454545454,6,3.77,0.63,4,0.6666666666666666,5,-0.88,-0.18,2,0.4,8,4,4,15,8,7,4.78,0.32,0.5333333333333333,0.26666666666666666,0.26666666666666666,0.5333333333333333,0.4666666666666667,22,0.4888888888888889,9.69,0.22,45,8,0.38095238095238093,-2.51,-0.12,21,401441993,2022,1
193,Miami (OH) RedHawks,32,0.5,14,0.45161290322580644,18,0.5454545454545454,3,0.6,5,0.35714285714285715,23,0.5111111111111111,45,0.4222222222222222,0.5777777777777777,6.76,0.15,10,0.2222222222222222,19,4.08,0.21,10,0.5263157894736842,26,2.69,0.1,13,0.5,10,0.4,0.6,6.39,0.64,7,0.7,4,4.35,1.09,2,0.5,6,2.04,0.34,5,0.8333333333333334,9,4,5,19,12,7,-1.71,-0.09,0.47368421052631576,0.21052631578947367,0.2631578947368421,0.631578947368421,0.3684210526315789,26,0.5531914893617021,4.02,0.09,47,6,0.35294117647058826,1.03,0.06,17,401441993,2022,1
2653,Troy Trojans,22,0.3384615384615385,9,0.3,13,0.37142857142857144,4,0.5,2,0.13333333333333333,19,0.3958333333333333,48,0.375,0.625,-7.73,-0.16,6,0.125,18,-0.09,-0.01,8,0.4444444444444444,30,-7.64,-0.25,11,0.36666666666666664,13,0.5384615384615384,0.46153846153846156,-13.95,-1.07,4,0.3076923076923077,7,-13.98,-2.0,1,0.14285714285714285,6,0.04,0.01,3,0.5,3,1,2,17,12,5,-19.98,-1.18,0.17647058823529413,0.058823529411764705,0.11764705882352941,0.7058823529411765,0.29411764705882354,15,0.35714285714285715,-14.92,-0.36,42,7,0.30434782608695654,-12.8,-0.56,23,401441994,2022,1
2636,UTSA Roadrunners,31,0.4246575342465753,19,0.4318181818181818,12,0.41379310344827586,3,0.23076923076923078,5,0.38461538461538464,25,0.43859649122807015,57,0.5263157894736842,0.47368421052631576,-8.44,-0.15,14,0.24561403508771928,30,-10.08,-0.34,14,0.4666666666666667,27,1.63,0.06,11,0.4074074074074074,10,0.5,0.5,-7.54,-0.75,3,0.3,5,-7.82,-1.56,1,0.2,5,0.28,0.06,2,0.4,6,5,1,16,14,2,-15.36,-0.96,0.375,0.3125,0.0625,0.875,0.125,28,0.5,4.27,0.08,56,3,0.17647058823529413,-28.08,-1.65,17,401441994,2022,1
204,Oregon State Beavers,34,0.53125,15,0.5357142857142857,19,0.5277777777777778,6,0.5,8,0.6666666666666666,25,0.49019607843137253,51,0.45098039215686275,0.5490196078431373,7.75,0.15,12,0.23529411764705882,23,3.61,0.16,12,0.5217391304347826,28,4.13,0.15,13,0.4642857142857143,20,0.45,0.55,7.14,0.36,13,0.65,9,2.54,0.28,6,0.6666666666666666,11,4.6,0.42,7,0.6363636363636364,9,3,6,13,5,8,7.74,0.6,0.6923076923076923,0.23076923076923078,0.46153846153846156,0.38461538461538464,0.6153846153846154,26,0.5531914893617021,11.53,0.25,47,8,0.47058823529411764,3.96,0.23,17,401441999,2022,1
57,Florida Gators,15,0.2727272727272727,11,0.4230769230769231,4,0.13793103448275862,0,0.0,5,0.35714285714285715,10,0.2564102564102564,39,0.4358974358974359,0.5641025641025641,-7.35,-0.19,7,0.1794871794871795,17,3.51,0.21,8,0.47058823529411764,22,-10.86,-0.49,2,0.09090909090909091,3,0.3333333333333333,0.6666666666666666,-3.1,-1.03,0,0.0,1,-1.28,-1.28,0,0.0,2,-1.83,-0.91,0,0.0,5,3,2,16,9,7,-5.15,-0.32,0.3125,0.1875,0.125,0.5625,0.4375,9,0.2727272727272727,-8.19,-0.25,33,6,0.2727272727272727,-4.31,-0.2,22,401441999,2022,1
2132,Cincinnati Bearcats,17,0.32075471698113206,6,0.2727272727272727,11,0.3548387096774194,1,1.0,3,0.23076923076923078,13,0.34210526315789475,38,0.34210526315789475,0.6578947368421053,-8.06,-0.21,6,0.15789473684210525,13,-4.9,-0.38,4,0.3076923076923077,25,-3.16,-0.13,9,0.36,8,0.25,0.75,-5.33,-0.67,2,0.25,2,-1.61,-0.81,0,0.0,6,-3.72,-0.62,2,0.3333333333333333,4,2,2,15,9,6,-16.41,-1.09,0.26666666666666666,0.13333333333333333,0.13333333333333333,0.6,0.4,10,0.3125,-9.18,-0.29,32,7,0.3333333333333333,-15.29,-0.73,21,401441995,2022,1
97,Louisville Cardinals,32,0.4444444444444444,9,0.375,23,0.4791666666666667,3,0.6,7,0.5,24,0.42105263157894735,57,0.3157894736842105,0.6842105263157895,-5.28,-0.09,13,0.22807017543859648,18,-3.53,-0.2,7,0.3888888888888889,39,-1.75,-0.04,17,0.4358974358974359,10,0.5,0.5,3.93,0.39,5,0.5,5,-2.94,-0.59,1,0.2,5,6.87,1.37,4,0.8,8,2,6,15,6,9,6.78,0.45,0.5333333333333333,0.13333333333333333,0.4,0.4,0.6,20,0.4444444444444444,-9.17,-0.2,45,12,0.4444444444444444,10.66,0.39,27,401441995,2022,1
278,Fresno State Bulldogs,36,0.5373134328358209,19,0.48717948717948717,17,0.6071428571428571,7,0.4375,6,0.5,30,0.5555555555555556,54,0.5370370370370371,0.46296296296296297,14.4,0.27,20,0.37037037037037035,29,3.6,0.12,15,0.5172413793103449,25,10.8,0.43,15,0.6,6,0.8333333333333334,0.16666666666666666,0.35,0.06,4,0.6666666666666666,5,-0.02,-0.0,3,0.6,1,0.37,0.37,1,1.0,6,4,2,13,10,3,2.68,0.21,0.46153846153846156,0.3076923076923077,0.15384615384615385,0.7692307692307693,0.23076923076923078,24,0.5853658536585366,14.76,0.36,41,12,0.46153846153846156,2.31,0.09,26,401442038,2022,1
265,Washington State Cougars,26,0.43333333333333335,16,0.43243243243243246,9,0.4090909090909091,3,0.75,5,0.35714285714285715,20,0.46511627906976744,43,0.6046511627906976,0.3953488372093023,-5.82,-0.14,7,0.16279069767441862,26,-2.46,-0.09,13,0.5,17,-3.36,-0.2,7,0.4117647058823529,15,0.6,0.4,1.07,0.07,8,0.5333333333333333,9,1.47,0.16,6,0.6666666666666666,6,-0.39,-0.07,2,0.3333333333333333,6,3,2,17,11,5,-6.19,-0.36,0.35294117647058826,0.17647058823529413,0.11764705882352941,0.6470588235294118,0.29411764705882354,21,0.5121951219512195,-5.02,-0.12,41,5,0.2631578947368421,-7.0,-0.37,19,401442038,2022,1
242,Rice Owls,23,0.323943661971831,16,0.36363636363636365,7,0.25925925925925924,1,0.125,5,0.3333333333333333,18,0.3333333333333333,54,0.5925925925925926,0.4074074074074074,4.93,0.09,13,0.24074074074074073,32,5.24,0.16,13,0.40625,22,-0.32,-0.01,5,0.22727272727272727,13,0.5384615384615384,0.46153846153846156,3.92,0.3,5,0.38461538461538464,7,5.65,0.81,4,0.5714285714285714,6,-1.73,-0.29,1,0.16666666666666666,5,3,2,17,12,5,-8.41,-0.49,0.29411764705882354,0.17647058823529413,0.11764705882352941,0.7058823529411765,0.29411764705882354,18,0.4090909090909091,10.0,0.23,44,5,0.18518518518518517,-13.48,-0.5,27,401442041,2022,1
2572,Southern Miss Golden Eagles,25,0.44642857142857145,8,0.38095238095238093,17,0.4857142857142857,2,0.25,2,0.25,23,0.4791666666666667,48,0.3333333333333333,0.6666666666666666,17.8,0.37,13,0.2708333333333333,16,9.07,0.57,8,0.5,32,8.73,0.27,15,0.46875,7,0.42857142857142855,0.5714285714285714,-6.16,-0.88,1,0.14285714285714285,3,-6.39,-2.13,0,0.0,4,0.23,0.06,1,0.25,2,0,2,8,5,3,-5.44,-0.68,0.25,0.0,0.25,0.625,0.375,21,0.5,12.89,0.31,42,4,0.2857142857142857,-0.53,-0.04,14,401442041,2022,1
2567,SMU Mustangs,46,0.5287356321839081,20,0.5128205128205128,26,0.5416666666666666,7,0.5833333333333334,10,0.5555555555555556,34,0.5151515151515151,66,0.4393939393939394,0.5606060606060606,-6.41,-0.1,15,0.22727272727272727,29,-8.19,-0.28,15,0.5172413793103449,37,1.78,0.05,19,0.5135135135135135,11,0.45454545454545453,0.5454545454545454,-5.23,-0.48,2,0.18181818181818182,5,-4.58,-0.92,0,0.0,6,-0.64,-0.11,2,0.3333333333333333,12,5,7,21,10,11,8.92,0.42,0.5714285714285714,0.23809523809523808,0.3333333333333333,0.47619047619047616,0.5238095238095238,37,0.5522388059701493,-7.77,-0.12,67,9,0.45,10.27,0.51,20,401441997,2022,1
252,BYU Cougars,24,0.4528301886792453,2,0.15384615384615385,22,0.55,5,0.5555555555555556,6,0.5,16,0.41025641025641024,39,0.2564102564102564,0.7435897435897436,-6.4,-0.16,8,0.20512820512820512,10,-6.98,-0.7,2,0.2,29,0.58,0.02,14,0.4827586206896552,8,0.375,0.625,-7.6,-0.95,1,0.125,3,-7.01,-2.34,0,0.0,5,-0.59,-0.12,1,0.2,8,0,8,14,3,11,7.34,0.52,0.5714285714285714,0.0,0.5714285714285714,0.21428571428571427,0.7857142857142857,18,0.5,3.17,0.09,36,6,0.35294117647058826,-2.23,-0.13,17,401441997,2022,1
249,North Texas Mean Green,29,0.3815789473684211,11,0.3055555555555556,18,0.45,7,0.4666666666666667,9,0.5,18,0.32727272727272727,55,0.43636363636363634,0.5636363636363636,-3.1,-0.06,9,0.16363636363636364,24,-3.08,-0.13,7,0.2916666666666667,31,-0.03,-0.0,11,0.3548387096774194,11,0.5454545454545454,0.45454545454545453,-1.02,-0.09,4,0.36363636363636365,6,-1.56,-0.26,2,0.3333333333333333,5,0.54,0.11,2,0.4,11,4,7,21,12,9,9.29,0.44,0.5238095238095238,0.19047619047619047,0.3333333333333333,0.5714285714285714,0.42857142857142855,21,0.4117647058823529,10.63,0.21,51,8,0.32,-4.44,-0.18,25,401442001,2022,1
68,Boise State Broncos,32,0.463768115942029,8,0.36363636363636365,24,0.5106382978723404,6,0.42857142857142855,5,0.38461538461538464,26,0.48148148148148145,54,0.2777777777777778,0.7222222222222222,17.85,0.33,16,0.2962962962962963,15,2.5,0.17,5,0.3333333333333333,39,15.35,0.39,21,0.5384615384615384,11,0.36363636363636365,0.6363636363636364,5.67,0.52,5,0.45454545454545453,4,-3.31,-0.83,0,0.0,7,8.98,1.28,5,0.7142857142857143,6,3,3,15,7,8,-0.69,-0.05,0.4,0.2,0.2,0.4666666666666667,0.5333333333333333,22,0.44,12.45,0.25,50,10,0.5263157894736842,4.71,0.25,19,401442001,2022,1
276,Marshall Thundering Herd,29,0.4461538461538462,7,0.3333333333333333,22,0.5,5,1.0,7,0.4375,22,0.4583333333333333,48,0.3541666666666667,0.6458333333333334,1.36,0.03,8,0.16666666666666666,17,-1.15,-0.07,7,0.4117647058823529,31,2.51,0.08,15,0.4838709677419355,10,0.2,0.8,-0.11,-0.01,3,0.3,2,-1.4,-0.7,0,0.0,8,1.3,0.16,3,0.375,7,0,7,17,4,13,-6.65,-0.39,0.4117647058823529,0.0,0.4117647058823529,0.23529411764705882,0.7647058823529411,24,0.5106382978723404,2.0,0.04,47,5,0.2777777777777778,-7.3,-0.41,18,401442003,2022,1
41,UConn Huskies,22,0.3235294117647059,10,0.3225806451612903,12,0.32432432432432434,2,0.25,4,0.3333333333333333,18,0.3333333333333333,54,0.37037037037037035,0.6296296296296297,-13.58,-0.25,12,0.2222222222222222,20,-5.97,-0.3,8,0.4,34,-7.62,-0.22,10,0.29411764705882354,11,0.5454545454545454,0.45454545454545453,-3.07,-0.28,5,0.45454545454545453,6,-3.3,-0.55,3,0.5,5,0.23,0.05,2,0.4,4,2,2,14,11,3,-5.82,-0.42,0.2857142857142857,0.14285714285714285,0.14285714285714285,0.7857142857142857,0.21428571428571427,11,0.2972972972972973,-14.25,-0.39,37,11,0.3548387096774194,-5.16,-0.17,31,401442003,2022,1
23,San José State Spartans,36,0.5,24,0.5,12,0.5217391304347826,6,0.42857142857142855,7,0.4666666666666667,28,0.5185185185185185,54,0.6296296296296297,0.37037037037037035,12.23,0.23,15,0.2777777777777778,34,5.14,0.15,16,0.47058823529411764,20,7.09,0.35,12,0.6,13,0.8461538461538461,0.15384615384615385,-4.97,-0.38,5,0.38461538461538464,11,-4.65,-0.42,4,0.36363636363636365,2,-0.32,-0.16,1,0.5,8,8,0,18,14,3,-11.73,-0.65,0.4444444444444444,0.4444444444444444,0.0,0.7777777777777778,0.16666666666666666,27,0.5,-1.1,-0.02,54,9,0.5,1.6,0.09,18,401442004,2022,1
2199,Eastern Michigan Eagles,34,0.4927536231884058,15,0.45454545454545453,19,0.5277777777777778,9,0.5,7,0.5,25,0.4716981132075472,53,0.4339622641509434,0.5660377358490566,1.52,0.03,11,0.20754716981132076,23,-3.02,-0.13,11,0.4782608695652174,30,4.54,0.15,14,0.4666666666666667,14,0.5714285714285714,0.42857142857142855,1.16,0.08,7,0.5,8,1.51,0.19,4,0.5,6,-0.35,-0.06,3,0.5,9,4,5,16,10,6,8.69,0.54,0.5625,0.25,0.3125,0.625,0.375,29,0.5370370370370371,4.09,0.08,54,5,0.3333333333333333,6.12,0.41,15,401442004,2022,1
2649,Toledo Rockets,45,0.5357142857142857,16,0.5,29,0.5576923076923077,5,0.38461538461538464,10,0.5882352941176471,35,0.5303030303030303,66,0.25757575757575757,0.7424242424242424,1.27,0.02,17,0.25757575757575757,17,5.61,0.33,8,0.47058823529411764,49,-4.34,-0.09,27,0.5510204081632653,15,0.26666666666666666,0.7333333333333333,2.75,0.18,10,0.6666666666666666,4,1.73,0.43,2,0.5,11,1.02,0.09,8,0.7272727272727273,10,8,2,18,15,3,4.49,0.25,0.5555555555555556,0.4444444444444444,0.1111111111111111,0.8333333333333334,0.16666666666666666,36,0.6,8.18,0.14,60,9,0.375,-2.42,-0.1,24,401442006,2022,1
2335,Liberty Flames,19,0.475,7,0.30434782608695654,12,0.7058823529411765,2,0.6666666666666666,3,0.375,16,0.5,32,0.53125,0.46875,1.68,0.05,5,0.15625,17,-2.54,-0.15,6,0.35294117647058826,15,4.21,0.28,10,0.6666666666666666,3,0.6666666666666666,0.3333333333333333,-2.25,-0.75,0,0.0,2,-1.63,-0.81,0,0.0,1,-0.62,-0.62,0,0.0,3,1,2,8,6,2,-3.13,-0.39,0.375,0.125,0.25,0.75,0.25,16,0.5,2.73,0.09,32,3,0.375,-4.18,-0.52,8,401442006,2022,1
98,Western Kentucky Hilltoppers,40,0.5,29,0.5178571428571429,11,0.4583333333333333,2,0.13333333333333333,7,0.5384615384615384,33,0.4925373134328358,67,0.7014925373134329,0.29850746268656714,25.99,0.39,18,0.26865671641791045,47,25.36,0.54,25,0.5319148936170213,20,0.63,0.03,8,0.4,16,0.9375,0.0625,13.67,0.85,11,0.6875,15,13.15,0.88,10,0.6666666666666666,1,0.52,0.52,1,1.0,7,4,3,13,9,4,1.66,0.13,0.5384615384615384,0.3076923076923077,0.23076923076923078,0.6923076923076923,0.3076923076923077,26,0.5,15.75,0.3,52,14,0.5,11.9,0.43,28,401442039,2022,1
6,South Alabama Jaguars,35,0.4375,25,0.423728813559322,10,0.47619047619047616,6,0.5454545454545454,7,0.4375,28,0.45901639344262296,61,0.7540983606557377,0.2459016393442623,11.17,0.18,17,0.2786885245901639,46,11.25,0.24,21,0.45652173913043476,15,-0.08,-0.01,7,0.4666666666666667,15,0.8666666666666667,0.13333333333333333,8.95,0.6,8,0.5333333333333333,13,7.27,0.56,7,0.5384615384615384,2,1.68,0.84,1,0.5,7,4,3,19,13,6,-8.91,-0.47,0.3684210526315789,0.21052631578947367,0.15789473684210525,0.6842105263157895,0.3157894736842105,28,0.509090909090909,7.23,0.13,55,7,0.28,-4.98,-0.2,25,401442039,2022,1
239,Baylor Bears,13,0.2653061224489796,9,0.36,4,0.16666666666666666,2,0.3333333333333333,0,0.0,10,0.3125,32,0.53125,0.46875,5.57,0.17,6,0.1875,17,13.98,0.82,9,0.5294117647058824,15,-8.4,-0.56,1,0.06666666666666667,9,0.4444444444444444,0.5555555555555556,5.44,0.6,4,0.4444444444444444,4,4.99,1.25,3,0.75,5,0.44,0.09,1,0.2,3,0,3,17,8,9,-12.38,-0.73,0.17647058823529413,0.0,0.17647058823529413,0.47058823529411764,0.5294117647058824,11,0.36666666666666664,6.44,0.21,30,2,0.10526315789473684,-13.25,-0.7,19,401442040,2022,1
2005,Air Force Falcons,32,0.4383561643835616,4,0.5714285714285714,28,0.42424242424242425,6,0.46153846153846156,8,0.5,22,0.4230769230769231,52,0.057692307692307696,0.9423076923076923,5.03,0.1,9,0.17307692307692307,3,6.02,2.01,2,0.6666666666666666,49,-1.0,-0.02,20,0.40816326530612246,9,0.1111111111111111,0.8888888888888888,2.49,0.28,4,0.4444444444444444,1,4.65,4.65,1,1.0,8,-2.16,-0.27,3,0.375,10,2,8,21,4,17,3.69,0.18,0.47619047619047616,0.09523809523809523,0.38095238095238093,0.19047619047619047,0.8095238095238095,25,0.44642857142857145,5.58,0.1,56,7,0.4117647058823529,3.13,0.18,17,401442040,2022,1
309,Louisiana Ragin' Cajuns,29,0.4461538461538462,16,0.5,13,0.3939393939393939,4,0.5714285714285714,4,0.36363636363636365,22,0.43137254901960786,51,0.49019607843137253,0.5098039215686274,-7.6,-0.15,14,0.27450980392156865,25,8.1,0.32,12,0.48,26,-15.7,-0.6,10,0.38461538461538464,13,0.38461538461538464,0.6153846153846154,5.25,0.4,9,0.6923076923076923,5,4.11,0.82,3,0.6,8,1.14,0.14,6,0.75,7,4,3,14,7,7,6.29,0.45,0.5,0.2857142857142857,0.21428571428571427,0.5,0.5,23,0.48936170212765956,-2.92,-0.06,47,6,0.3333333333333333,1.61,0.09,18,401442042,2022,1
248,Houston Cougars,30,0.45454545454545453,15,0.5,15,0.4166666666666667,6,0.42857142857142855,7,0.5,20,0.425531914893617,47,0.425531914893617,0.574468085106383,6.59,0.14,11,0.23404255319148937,20,8.46,0.42,9,0.45,27,-1.87,-0.07,11,0.4074074074074074,12,0.5,0.5,7.14,0.59,5,0.4166666666666667,6,3.4,0.57,2,0.3333333333333333,6,3.74,0.62,3,0.5,10,6,4,19,10,9,4.11,0.22,0.5263157894736842,0.3157894736842105,0.21052631578947367,0.5263157894736842,0.47368421052631576,22,0.44,-1.12,-0.02,50,8,0.5,11.82,0.74,16,401442042,2022,1
154,Wake Forest Demon Deacons,32,0.45714285714285713,23,0.5897435897435898,9,0.2903225806451613,4,0.5,8,0.5,24,0.4444444444444444,54,0.5555555555555556,0.4444444444444444,11.41,0.21,10,0.18518518518518517,30,14.31,0.48,18,0.6,24,-2.9,-0.12,6,0.25,14,0.5714285714285714,0.42857142857142855,-2.99,-0.21,5,0.35714285714285715,8,1.18,0.15,4,0.5,6,-4.17,-0.7,1,0.16666666666666666,8,5,3,16,9,7,-2.46,-0.15,0.5,0.3125,0.1875,0.5625,0.4375,21,0.42,1.83,0.04,50,11,0.55,7.13,0.36,20,401442007,2022,1
142,Missouri Tigers,35,0.43209876543209874,22,0.43137254901960786,13,0.43333333333333335,3,0.375,10,0.5263157894736842,24,0.41379310344827586,58,0.6379310344827587,0.3620689655172414,-1.74,-0.03,10,0.1724137931034483,37,-0.15,-0.0,17,0.4594594594594595,21,-1.59,-0.08,7,0.3333333333333333,15,0.6666666666666666,0.3333333333333333,5.87,0.39,8,0.5333333333333333,10,2.88,0.29,6,0.6,5,2.99,0.6,2,0.4,11,5,6,23,14,9,-1.7,-0.07,0.4782608695652174,0.21739130434782608,0.2608695652173913,0.6086956521739131,0.391304347826087,21,0.40384615384615385,-5.95,-0.11,52,14,0.4827586206896552,2.52,0.09,29,401442007,2022,1
2393,Middle Tennessee Blue Raiders,20,0.273972602739726,18,0.36,2,0.08695652173913043,4,0.3076923076923077,3,0.17647058823529413,16,0.2962962962962963,54,0.6481481481481481,0.35185185185185186,-11.31,-0.21,8,0.14814814814814814,35,-4.25,-0.12,14,0.4,19,-7.06,-0.37,2,0.10526315789473684,13,0.8461538461538461,0.15384615384615385,1.07,0.08,5,0.38461538461538464,11,2.44,0.22,5,0.45454545454545453,2,-1.36,-0.68,0,0.0,4,4,0,19,15,4,-11.47,-0.6,0.21052631578947367,0.21052631578947367,0.0,0.7894736842105263,0.21052631578947367,11,0.2558139534883721,-12.39,-0.29,43,9,0.3,-10.39,-0.35,30,401442009,2022,1
21,San Diego State Aztecs,20,0.2702702702702703,14,0.3111111111111111,6,0.20689655172413793,1,0.16666666666666666,5,0.3125,13,0.24074074074074073,54,0.5925925925925926,0.4074074074074074,-27.61,-0.51,7,0.12962962962962962,32,-12.87,-0.4,10,0.3125,22,-14.74,-0.67,3,0.13636363636363635,10,0.5,0.5,-9.04,-0.9,1,0.1,5,-2.81,-0.56,1,0.2,5,-6.23,-1.25,0,0.0,7,4,3,20,13,7,3.75,0.19,0.35,0.2,0.15,0.65,0.35,8,0.19047619047619047,-29.82,-0.71,42,12,0.375,5.96,0.19,32,401442009,2022,1
166,New Mexico State Aggies,33,0.4782608695652174,12,0.41379310344827586,21,0.525,4,0.5,11,0.6470588235294118,22,0.43137254901960786,51,0.37254901960784315,0.6274509803921569,0.45,0.01,7,0.13725490196078433,19,1.28,0.07,8,0.42105263157894735,32,-0.83,-0.03,14,0.4375,13,0.6153846153846154,0.38461538461538464,-0.11,-0.01,5,0.38461538461538464,8,-1.37,-0.17,2,0.25,5,1.27,0.25,3,0.6,11,4,7,18,10,8,13.53,0.75,0.6111111111111112,0.2222222222222222,0.3888888888888889,0.5555555555555556,0.4444444444444444,17,0.38636363636363635,-5.61,-0.13,44,16,0.64,19.58,0.78,25,401442037,2022,1
189,Bowling Green Falcons,22,0.46808510638297873,13,0.48148148148148145,9,0.45,1,0.3333333333333333,3,0.3333333333333333,19,0.5,38,0.6052631578947368,0.39473684210526316,4.43,0.12,11,0.2894736842105263,23,7.02,0.31,12,0.5217391304347826,15,-2.59,-0.17,7,0.4666666666666667,4,0.75,0.25,0.94,0.24,2,0.5,3,0.17,0.06,1,0.3333333333333333,1,0.78,0.78,1,1.0,3,1,2,9,4,5,-1.93,-0.21,0.3333333333333333,0.1111111111111111,0.2222222222222222,0.4444444444444444,0.5555555555555556,15,0.42857142857142855,-0.12,-0.0,35,7,0.5833333333333334,2.62,0.22,12,401442037,2022,1
290,Georgia Southern Eagles,30,0.44776119402985076,21,0.44680851063829785,9,0.45,4,0.4,7,0.4666666666666667,22,0.43137254901960786,51,0.7254901960784313,0.27450980392156865,5.62,0.11,12,0.23529411764705882,37,5.89,0.16,17,0.4594594594594595,14,-0.27,-0.02,5,0.35714285714285715,7,0.8571428571428571,0.14285714285714285,8.98,1.28,5,0.7142857142857143,6,8.78,1.46,4,0.6666666666666666,1,0.2,0.2,1,1.0,8,4,4,16,10,6,-0.24,-0.01,0.5,0.25,0.25,0.625,0.375,22,0.4782608695652174,6.29,0.14,46,8,0.38095238095238093,-0.9,-0.04,21,401441998,2022,1
2084,Buffalo Bulls,32,0.4050632911392405,18,0.45,14,0.358974358974359,6,0.3,13,0.6842105263157895,19,0.31666666666666665,60,0.43333333333333335,0.5666666666666667,-5.82,-0.1,12,0.2,26,-4.18,-0.16,8,0.3076923076923077,34,-1.64,-0.05,11,0.3235294117647059,18,0.6111111111111112,0.3888888888888889,8.81,0.49,12,0.6666666666666666,11,5.21,0.47,7,0.6363636363636364,7,3.6,0.51,5,0.7142857142857143,13,10,3,19,14,5,12.5,0.66,0.6842105263157895,0.5263157894736842,0.15789473684210525,0.7368421052631579,0.2631578947368421,22,0.4074074074074074,2.95,0.05,54,10,0.4,3.72,0.15,25,401441998,2022,1
328,Utah State Aggies,21,0.3620689655172414,8,0.2962962962962963,13,0.41935483870967744,,,5,0.38461538461538464,16,0.36363636363636365,44,0.4090909090909091,0.5909090909090909,-11.21,-0.25,8,0.18181818181818182,18,-7.98,-0.44,6,0.3333333333333333,26,-3.22,-0.12,10,0.38461538461538464,12,0.3333333333333333,0.6666666666666666,-3.42,-0.28,4,0.3333333333333333,4,-5.94,-1.49,0,0.0,8,2.52,0.32,4,0.5,5,2,3,14,9,5,-5.17,-0.37,0.35714285714285715,0.14285714285714285,0.21428571428571427,0.6428571428571429,0.35714285714285715,13,0.3333333333333333,-12.95,-0.33,39,8,0.42105263157894735,-3.43,-0.18,19,401442000,2022,1
235,Memphis Tigers,39,0.5131578947368421,18,0.5294117647058824,21,0.5,9,0.5625,7,0.5,32,0.5161290322580645,62,0.4032258064516129,0.5967741935483871,8.68,0.14,17,0.27419354838709675,25,8.92,0.36,14,0.56,37,-0.24,-0.01,18,0.4864864864864865,15,0.6,0.4,5.92,0.39,10,0.6666666666666666,9,5.57,0.62,6,0.6666666666666666,6,0.35,0.06,4,0.6666666666666666,7,4,3,14,9,5,1.86,0.13,0.5,0.2857142857142857,0.21428571428571427,0.6428571428571429,0.35714285714285715,33,0.5892857142857143,11.72,0.21,56,6,0.3,-1.18,-0.06,20,401442000,2022,1
324,Coastal Carolina Chanticleers,34,0.5396825396825397,13,0.4482758620689655,21,0.6176470588235294,5,0.625,7,0.5833333333333334,27,0.54,50,0.44,0.56,0.8,0.02,10,0.2,22,0.38,0.02,11,0.5,28,0.42,0.02,16,0.5714285714285714,9,0.4444444444444444,0.5555555555555556,-4.84,-0.54,5,0.5555555555555556,4,-2.33,-0.58,1,0.25,5,-2.51,-0.5,4,0.8,7,2,5,13,7,6,1.05,0.08,0.5384615384615384,0.15384615384615385,0.38461538461538464,0.5384615384615384,0.46153846153846156,25,0.5434782608695652,1.58,0.03,46,9,0.5294117647058824,0.27,0.02,17,401442002,2022,1
151,East Carolina Pirates,37,0.5285714285714286,24,0.6,13,0.43333333333333335,11,0.4583333333333333,6,0.5454545454545454,29,0.5272727272727272,55,0.5272727272727272,0.4727272727272727,10.12,0.18,14,0.2545454545454545,29,9.73,0.34,17,0.5862068965517241,26,0.39,0.02,12,0.46153846153846156,14,0.5,0.5,6.5,0.46,8,0.5714285714285714,7,7.03,1.0,6,0.8571428571428571,7,-0.52,-0.07,2,0.2857142857142857,8,7,1,15,11,4,9.91,0.66,0.5333333333333333,0.4666666666666667,0.06666666666666667,0.7333333333333333,0.26666666666666666,30,0.5769230769230769,16.16,0.31,52,7,0.3888888888888889,3.88,0.22,18,401442002,2022,1
275,Wisconsin Badgers,30,0.410958904109589,11,0.39285714285714285,19,0.4222222222222222,7,0.6363636363636364,4,0.2857142857142857,24,0.42105263157894735,57,0.3157894736842105,0.6842105263157895,-3.32,-0.06,11,0.19298245614035087,18,-4.0,-0.22,10,0.5555555555555556,39,0.68,0.02,14,0.358974358974359,15,0.4666666666666667,0.5333333333333333,4.55,0.3,9,0.6,7,3.62,0.52,5,0.7142857142857143,8,0.93,0.12,4,0.5,6,1,5,16,10,6,-3.36,-0.21,0.375,0.0625,0.3125,0.625,0.375,21,0.42,-0.59,-0.01,50,9,0.391304347826087,-6.09,-0.26,23,401442005,2022,1
197,Oklahoma State Cowboys,17,0.2982456140350877,9,0.28125,8,0.32,3,0.3333333333333333,3,0.21428571428571427,13,0.30952380952380953,42,0.5238095238095238,0.47619047619047616,-7.02,-0.17,6,0.14285714285714285,22,-0.98,-0.04,6,0.2727272727272727,20,-6.03,-0.3,7,0.35,3,0.6666666666666666,0.3333333333333333,-0.68,-0.23,0,0.0,2,-0.5,-0.25,0,0.0,1,-0.18,-0.18,0,0.0,4,3,1,15,10,5,-2.77,-0.18,0.26666666666666666,0.2,0.06666666666666667,0.6666666666666666,0.3333333333333333,13,0.3611111111111111,-1.41,-0.04,36,4,0.19047619047619047,-8.38,-0.4,21,401442005,2022,1
153,North Carolina Tar Heels,29,0.42028985507246375,16,0.43243243243243246,13,0.40625,5,0.3125,6,0.4,19,0.38,50,0.5,0.5,2.46,0.05,10,0.2,25,1.83,0.07,10,0.4,25,0.63,0.03,9,0.36,4,0.75,0.25,2.45,0.61,1,0.25,3,2.97,0.99,1,0.3333333333333333,1,-0.52,-0.52,0,0.0,10,6,4,19,12,7,9.17,0.48,0.5263157894736842,0.3157894736842105,0.21052631578947367,0.631578947368421,0.3684210526315789,18,0.4090909090909091,6.13,0.14,44,11,0.44,5.5,0.22,25,401470891,2022,1
2483,Oregon Ducks,34,0.5483870967741935,17,0.5483870967741935,17,0.5483870967741935,5,0.5555555555555556,6,0.5,27,0.5625,48,0.4375,0.5625,4.66,0.1,11,0.22916666666666666,21,-4.84,-0.23,11,0.5238095238095238,27,9.51,0.35,16,0.5925925925925926,15,0.3333333333333333,0.6666666666666666,-4.31,-0.29,7,0.4666666666666667,5,-4.38,-0.88,2,0.4,10,0.07,0.01,5,0.5,7,6,1,14,10,4,6.07,0.43,0.5,0.42857142857142855,0.07142857142857142,0.7142857142857143,0.2857142857142857,27,0.5869565217391305,10.39,0.23,46,7,0.4375,0.34,0.02,16,401470891,2022,1
150,Duke Blue Devils,33,0.4925373134328358,15,0.5172413793103449,18,0.47368421052631576,6,0.5454545454545454,8,0.5714285714285714,25,0.4716981132075472,53,0.41509433962264153,0.5849056603773585,7.34,0.14,14,0.2641509433962264,22,7.14,0.32,13,0.5909090909090909,31,0.2,0.01,12,0.3870967741935484,19,0.5789473684210527,0.42105263157894735,8.98,0.47,13,0.6842105263157895,11,6.49,0.59,8,0.7272727272727273,8,2.5,0.31,5,0.625,8,2,6,14,7,7,3.95,0.28,0.5714285714285714,0.14285714285714285,0.42857142857142855,0.5,0.5,26,0.52,10.18,0.2,50,7,0.4117647058823529,1.11,0.07,17,401442008,2022,1
2116,UCF Knights,32,0.4507042253521127,15,0.36585365853658536,17,0.5666666666666667,5,0.5,5,0.35714285714285715,25,0.4716981132075472,53,0.5660377358490566,0.4339622641509434,2.26,0.04,15,0.2830188679245283,30,0.62,0.02,12,0.4,23,1.64,0.07,13,0.5652173913043478,3,0.6666666666666666,0.3333333333333333,-1.42,-0.47,1,0.3333333333333333,2,-1.52,-0.76,0,0.0,1,0.1,0.1,1,1.0,7,3,4,18,11,7,-10.12,-0.56,0.3888888888888889,0.16666666666666666,0.2222222222222222,0.6111111111111112,0.3888888888888889,24,0.48,-1.44,-0.03,50,8,0.38095238095238093,-6.43,-0.31,21,401442008,2022,1
2305,Kansas Jayhawks,45,0.5,31,0.5254237288135594,13,0.43333333333333335,5,0.45454545454545453,9,0.5294117647058824,35,0.49295774647887325,71,0.6056338028169014,0.38028169014084506,7.93,0.11,19,0.2676056338028169,43,16.23,0.38,22,0.5116279069767442,27,-9.38,-0.35,12,0.4444444444444444,14,0.5714285714285714,0.42857142857142855,5.91,0.42,9,0.6428571428571429,8,7.8,0.97,6,0.75,6,-1.89,-0.31,3,0.5,10,9,1,19,16,3,14.87,0.78,0.5263157894736842,0.47368421052631576,0.05263157894736842,0.8421052631578947,0.15789473684210525,30,0.5172413793103449,6.61,0.11,58,15,0.46875,16.18,0.51,32,401442030,2022,1
8,Arkansas Razorbacks,43,0.524390243902439,15,0.5172413793103449,27,0.5192307692307693,9,0.6923076923076923,8,0.5333333333333333,35,0.5223880597014925,67,0.29850746268656714,0.6865671641791045,23.35,0.35,17,0.2537313432835821,20,7.42,0.37,11,0.55,46,14.85,0.32,23,0.5,8,0.25,0.75,0.94,0.12,5,0.625,2,-4.36,-2.18,0,0.0,6,5.3,0.88,5,0.8333333333333334,8,4,4,15,9,6,6.31,0.42,0.5333333333333333,0.26666666666666666,0.26666666666666666,0.6,0.4,31,0.5,23.82,0.38,62,12,0.6,5.84,0.29,20,401442030,2022,1
2641,Texas Tech Red Raiders,37,0.42528735632183906,16,0.38095238095238093,21,0.4666666666666667,7,0.30434782608695654,7,0.3684210526315789,25,0.4032258064516129,62,0.4838709677419355,0.5161290322580645,-9.73,-0.16,13,0.20967741935483872,30,-4.18,-0.14,12,0.4,32,-5.55,-0.17,13,0.40625,13,0.6923076923076923,0.3076923076923077,0.24,0.02,5,0.38461538461538464,9,2.67,0.3,4,0.4444444444444444,4,-2.43,-0.61,1,0.25,12,4,8,25,12,13,11.4,0.46,0.48,0.16,0.32,0.48,0.52,31,0.484375,8.46,0.13,64,6,0.2608695652173913,-6.78,-0.29,23,401442031,2022,1
145,Ole Miss Rebels,40,0.47619047619047616,21,0.5,19,0.4523809523809524,8,0.6153846153846154,5,0.38461538461538464,33,0.515625,64,0.515625,0.484375,-1.04,-0.02,19,0.296875,33,-0.63,-0.02,17,0.5151515151515151,31,-0.41,-0.01,16,0.5161290322580645,8,0.125,0.875,1.92,0.24,4,0.5,1,3.92,3.92,1,1.0,7,-2.01,-0.29,3,0.42857142857142855,7,4,3,20,9,11,-2.81,-0.14,0.35,0.2,0.15,0.45,0.55,32,0.5245901639344263,-0.9,-0.01,61,8,0.34782608695652173,-2.95,-0.13,23,401442031,2022,1
251,Texas Longhorns,33,0.5076923076923077,24,0.4897959183673469,9,0.5625,2,0.25,8,0.5333333333333333,23,0.48936170212765956,47,0.7021276595744681,0.2978723404255319,7.5,0.16,10,0.2127659574468085,33,6.41,0.19,15,0.45454545454545453,14,1.1,0.08,8,0.5714285714285714,7,0.7142857142857143,0.2857142857142857,7.27,1.04,5,0.7142857142857143,5,8.02,1.6,4,0.8,2,-0.75,-0.38,1,0.5,10,9,1,18,16,2,2.56,0.14,0.5555555555555556,0.5,0.05555555555555555,0.8888888888888888,0.1111111111111111,21,0.4666666666666667,3.11,0.07,45,12,0.6,6.95,0.35,20,401442034,2022,1
264,Washington Huskies,39,0.46987951807228917,25,0.45454545454545453,14,0.5,5,0.5555555555555556,11,0.55,26,0.43333333333333335,60,0.6333333333333333,0.36666666666666664,6.22,0.1,11,0.18333333333333332,38,2.57,0.07,17,0.4473684210526316,22,3.65,0.17,9,0.4090909090909091,16,0.6875,0.3125,4.21,0.26,8,0.5,11,2.36,0.21,5,0.45454545454545453,5,1.84,0.37,3,0.6,13,8,5,23,17,6,8.2,0.36,0.5652173913043478,0.34782608695652173,0.21739130434782608,0.7391304347826086,0.2608695652173913,28,0.5185185185185185,15.59,0.29,54,11,0.3793103448275862,-1.17,-0.04,29,401442034,2022,1
201,Oklahoma Sooners,43,0.5119047619047619,14,0.4666666666666667,29,0.5370370370370371,5,0.5555555555555556,12,0.6666666666666666,30,0.46875,64,0.34375,0.65625,1.62,0.03,16,0.25,22,-0.55,-0.02,9,0.4090909090909091,42,2.17,0.05,21,0.5,15,0.0,1.0,1.71,0.11,10,0.6666666666666666,,,,,,15,1.71,0.11,10,0.6666666666666666,13,5,8,20,8,12,13.67,0.68,0.65,0.25,0.4,0.4,0.6,27,0.54,2.96,0.06,50,16,0.47058823529411764,12.34,0.36,34,401442033,2022,1
52,Florida State Seminoles,33,0.4583333333333333,22,0.55,11,0.34375,5,0.4166666666666667,5,0.4166666666666667,28,0.49122807017543857,57,0.5263157894736842,0.47368421052631576,27.51,0.48,18,0.3157894736842105,30,22.82,0.76,18,0.6,27,4.69,0.17,10,0.37037037037037035,6,0.6666666666666666,0.3333333333333333,1.31,0.22,3,0.5,4,0.09,0.02,2,0.5,2,1.22,0.61,1,0.5,5,4,1,15,10,5,-7.25,-0.48,0.3333333333333333,0.26666666666666666,0.06666666666666667,0.6666666666666666,0.3333333333333333,24,0.48,12.86,0.26,50,9,0.4090909090909091,7.39,0.34,22,401442033,2022,1
183,Syracuse Orange,45,0.5294117647058824,25,0.4716981132075472,20,0.625,3,0.42857142857142855,7,0.4375,37,0.5606060606060606,66,0.6363636363636364,0.36363636363636365,4.66,0.07,20,0.30303030303030304,42,-1.48,-0.04,22,0.5238095238095238,24,6.13,0.26,15,0.625,15,0.6,0.4,11.77,0.78,10,0.6666666666666666,9,11.0,1.22,8,0.8888888888888888,6,0.77,0.13,2,0.3333333333333333,8,3,5,19,11,8,-0.27,-0.01,0.42105263157894735,0.15789473684210525,0.2631578947368421,0.5789473684210527,0.42105263157894735,32,0.5423728813559322,-1.46,-0.02,59,13,0.5,5.85,0.22,26,401442032,2022,1
135,Minnesota Golden Gophers,21,0.42,10,0.5555555555555556,11,0.34375,4,0.5714285714285714,5,0.4166666666666667,16,0.42105263157894735,38,0.34210526315789475,0.6578947368421053,-0.8,-0.02,7,0.18421052631578946,13,3.84,0.3,7,0.5384615384615384,25,-4.64,-0.19,9,0.36,6,0.3333333333333333,0.6666666666666666,-1.99,-0.33,1,0.16666666666666666,2,-1.3,-0.65,0,0.0,4,-0.69,-0.17,1,0.25,5,3,2,12,5,7,-1.83,-0.15,0.4166666666666667,0.25,0.16666666666666666,0.4166666666666667,0.5833333333333334,15,0.42857142857142855,-7.82,-0.22,35,6,0.4,5.19,0.35,15,401442032,2022,1
228,Clemson Tigers,48,0.4752475247524752,25,0.4166666666666667,23,0.5609756097560976,4,0.36363636363636365,7,0.3684210526315789,41,0.5189873417721519,79,0.569620253164557,0.43037974683544306,3.55,0.04,23,0.2911392405063291,45,-1.35,-0.03,21,0.4666666666666667,34,4.9,0.14,20,0.5882352941176471,24,0.625,0.375,1.89,0.08,13,0.5416666666666666,15,0.77,0.05,7,0.4666666666666667,9,1.12,0.12,6,0.6666666666666666,7,4,3,22,15,7,-12.5,-0.57,0.3181818181818182,0.18181818181818182,0.13636363636363635,0.6818181818181818,0.3181818181818182,37,0.5362318840579711,0.04,0.0,69,11,0.34375,-8.99,-0.28,32,401442019,2022,1
2633,Tennessee Volunteers,25,0.3787878787878788,14,0.4375,11,0.3235294117647059,6,0.75,2,0.15384615384615385,22,0.4230769230769231,52,0.4423076923076923,0.5576923076923077,8.95,0.17,12,0.23076923076923078,23,11.57,0.5,12,0.5217391304347826,29,-2.62,-0.09,10,0.3448275862068966,4,0.5,0.5,-2.09,-0.52,1,0.25,2,-1.67,-0.84,0,0.0,2,-0.42,-0.21,1,0.5,3,2,1,14,9,5,-7.66,-0.55,0.21428571428571427,0.14285714285714285,0.07142857142857142,0.6428571428571429,0.35714285714285715,22,0.5116279069767442,13.03,0.3,43,3,0.13043478260869565,-11.74,-0.51,23,401442019,2022,1
152,NC State Wolfpack,15,0.22727272727272727,15,0.3125,0,0.0,0,0.0,6,0.3333333333333333,9,0.19148936170212766,47,0.6382978723404256,0.3617021276595745,-12.61,-0.27,6,0.1276595744680851,30,-4.23,-0.14,9,0.3,17,-8.37,-0.49,0,0.0,14,0.8571428571428571,0.14285714285714285,-2.81,-0.2,4,0.2857142857142857,12,-2.46,-0.2,4,0.3333333333333333,2,-0.35,-0.17,0,0.0,6,6,0,19,18,1,-7.26,-0.38,0.3157894736842105,0.3157894736842105,0.0,0.9473684210526315,0.05263157894736842,10,0.2631578947368421,-8.16,-0.21,38,5,0.17857142857142858,-11.71,-0.42,28,401442035,2022,1
120,Maryland Terrapins,29,0.3717948717948718,17,0.40476190476190477,12,0.3333333333333333,4,0.36363636363636365,11,0.5238095238095238,18,0.32727272727272727,55,0.4727272727272727,0.5272727272727272,-14.41,-0.26,7,0.12727272727272726,26,-8.24,-0.32,8,0.3076923076923077,29,-6.17,-0.21,10,0.3448275862068966,14,0.7857142857142857,0.21428571428571427,-0.13,-0.01,5,0.35714285714285715,11,0.72,0.07,4,0.36363636363636365,3,-0.85,-0.28,1,0.3333333333333333,11,9,2,23,16,7,1.34,0.06,0.4782608695652174,0.391304347826087,0.08695652173913043,0.6956521739130435,0.30434782608695654,18,0.391304347826087,-11.52,-0.25,46,11,0.34375,-1.55,-0.05,32,401442035,2022,1
26,UCLA Bruins,33,0.55,19,0.5428571428571428,14,0.56,4,0.6666666666666666,6,0.6,27,0.5510204081632653,49,0.5918367346938775,0.40816326530612246,3.29,0.07,14,0.2857142857142857,29,-0.4,-0.01,17,0.5862068965517241,20,3.69,0.18,10,0.5,15,0.6,0.4,5.01,0.33,10,0.6666666666666666,9,2.8,0.31,6,0.6666666666666666,6,2.21,0.37,4,0.6666666666666666,6,2,4,11,6,5,3.26,0.3,0.5454545454545454,0.18181818181818182,0.36363636363636365,0.5454545454545454,0.45454545454545453,21,0.5121951219512195,-7.78,-0.19,41,12,0.631578947368421,14.33,0.75,19,401443542,2022,1
221,Pittsburgh Panthers,40,0.43956043956043955,19,0.41304347826086957,21,0.4666666666666667,8,0.36363636363636365,6,0.3333333333333333,31,0.4492753623188406,69,0.4927536231884058,0.5072463768115942,-2.19,-0.03,15,0.21739130434782608,34,-5.73,-0.17,15,0.4411764705882353,35,3.54,0.1,16,0.45714285714285713,11,0.8181818181818182,0.18181818181818182,1.4,0.13,4,0.36363636363636365,9,1.62,0.18,3,0.3333333333333333,2,-0.23,-0.11,1,0.5,9,4,5,22,12,10,4.77,0.22,0.4090909090909091,0.18181818181818182,0.22727272727272727,0.5454545454545454,0.45454545454545453,29,0.4393939393939394,-11.55,-0.17,66,11,0.44,14.13,0.57,25,401443542,2022,1
87,Notre Dame Fighting Irish,36,0.46153846153846156,15,0.4166666666666667,21,0.5,3,0.2727272727272727,11,0.5789473684210527,24,0.41379310344827586,58,0.3620689655172414,0.6379310344827587,-0.94,-0.02,12,0.20689655172413793,21,-4.51,-0.21,8,0.38095238095238093,37,3.57,0.1,16,0.43243243243243246,10,0.6,0.4,-1.07,-0.11,3,0.3,6,-2.73,-0.45,1,0.16666666666666666,4,1.66,0.41,2,0.5,12,7,5,20,15,5,11.1,0.56,0.6,0.35,0.25,0.75,0.25,24,0.46153846153846156,0.68,0.01,52,12,0.46153846153846156,9.48,0.36,26,401442036,2022,1
2579,South Carolina Gamecocks,32,0.4507042253521127,23,0.4423076923076923,9,0.47368421052631576,1,1.0,5,0.3333333333333333,26,0.48148148148148145,54,0.6481481481481481,0.35185185185185186,-0.76,-0.01,11,0.2037037037037037,35,-1.29,-0.04,17,0.4857142857142857,19,0.53,0.03,9,0.47368421052631576,13,0.6153846153846154,0.38461538461538464,-3.24,-0.25,6,0.46153846153846156,8,-2.21,-0.28,4,0.5,5,-1.03,-0.21,2,0.4,6,6,0,17,17,0,-0.15,-0.01,0.35294117647058826,0.35294117647058826,0.0,1.0,0.0,19,0.4523809523809524,-6.63,-0.16,42,13,0.4482758620689655,5.72,0.2,29,401442036,2022,1
195,Ohio Bobcats,33,0.4583333333333333,15,0.40540540540540543,18,0.5142857142857142,3,0.6,9,0.5625,24,0.42857142857142855,56,0.48214285714285715,0.5178571428571429,3.3,0.06,12,0.21428571428571427,27,-1.54,-0.06,9,0.3333333333333333,29,4.84,0.17,15,0.5172413793103449,9,0.6666666666666666,0.3333333333333333,-3.4,-0.38,3,0.3333333333333333,6,-3.03,-0.51,1,0.16666666666666666,3,-0.37,-0.12,2,0.6666666666666666,9,6,3,16,10,6,9.66,0.6,0.5625,0.375,0.1875,0.625,0.375,26,0.5531914893617021,14.1,0.3,47,7,0.28,-1.14,-0.05,25,401443543,2022,1
2751,Wyoming Cowboys,31,0.49206349206349204,16,0.47058823529411764,15,0.5172413793103449,6,0.6666666666666666,8,0.5,23,0.48936170212765956,47,0.5531914893617021,0.44680851063829785,1.01,0.02,8,0.1702127659574468,26,2.04,0.08,14,0.5384615384615384,21,-1.02,-0.05,9,0.42857142857142855,14,0.6428571428571429,0.35714285714285715,-2.08,-0.15,6,0.42857142857142855,9,-3.13,-0.35,3,0.3333333333333333,5,1.05,0.21,3,0.6,8,2,6,16,8,8,-2.09,-0.13,0.5,0.125,0.375,0.5,0.5,26,0.5416666666666666,4.72,0.1,48,5,0.3333333333333333,-5.79,-0.39,15,401443543,2022,1
194,Ohio State Buckeyes,34,0.5151515151515151,21,0.5526315789473685,13,0.4642857142857143,5,0.38461538461538464,4,0.3333333333333333,30,0.5555555555555556,54,0.5370370370370371,0.46296296296296297,18.53,0.34,15,0.2777777777777778,29,15.11,0.52,18,0.6206896551724138,25,3.42,0.14,12,0.48,9,0.6666666666666666,0.3333333333333333,9.58,1.06,8,0.8888888888888888,6,9.17,1.53,6,1.0,3,0.41,0.14,2,0.6666666666666666,4,3,1,12,9,3,-3.21,-0.27,0.3333333333333333,0.25,0.08333333333333333,0.75,0.25,31,0.5740740740740741,18.99,0.35,54,3,0.25,-3.67,-0.31,12,401442015,2022,1
61,Georgia Bulldogs,29,0.5,20,0.5555555555555556,9,0.4090909090909091,7,0.4375,2,0.2222222222222222,26,0.5416666666666666,48,0.5625,0.4375,26.17,0.55,14,0.2916666666666667,27,21.39,0.79,17,0.6296296296296297,21,4.78,0.23,9,0.42857142857142855,11,0.7272727272727273,0.2727272727272727,-1.33,-0.12,2,0.18181818181818182,8,-1.77,-0.22,1,0.125,3,0.45,0.15,1,0.3333333333333333,3,3,0,10,9,1,-1.92,-0.19,0.3,0.3,0.0,0.9,0.1,20,0.5,11.28,0.28,40,9,0.5,12.97,0.72,18,401442015,2022,1
130,Michigan Wolverines,33,0.44,17,0.4358974358974359,16,0.4444444444444444,8,0.42105263157894735,3,0.23076923076923078,30,0.5,60,0.48333333333333334,0.5166666666666667,17.37,0.29,14,0.23333333333333334,29,15.71,0.54,16,0.5517241379310345,31,1.66,0.05,14,0.45161290322580644,12,0.75,0.25,3.49,0.29,5,0.4166666666666667,9,4.42,0.49,4,0.4444444444444444,3,-0.93,-0.31,1,0.3333333333333333,3,1,2,15,10,5,-17.3,-1.15,0.2,0.06666666666666667,0.13333333333333333,0.6666666666666666,0.3333333333333333,25,0.43103448275862066,-3.39,-0.06,58,8,0.47058823529411764,3.46,0.2,17,401442016,2022,1
2628,TCU Horned Frogs,33,0.4782608695652174,9,0.3,24,0.6153846153846154,11,0.6470588235294118,8,0.5,25,0.4716981132075472,53,0.39622641509433965,0.6037735849056604,2.54,0.05,11,0.20754716981132076,21,-1.55,-0.07,7,0.3333333333333333,32,4.09,0.13,18,0.5625,8,0.5,0.5,-2.09,-0.26,3,0.375,4,-3.49,-0.87,0,0.0,4,1.4,0.35,3,0.75,8,2,6,16,9,7,1.55,0.1,0.5,0.125,0.375,0.5625,0.4375,27,0.48214285714285715,2.22,0.04,56,6,0.46153846153846156,1.87,0.14,13,401442016,2022,1
2306,Kansas State Wildcats,30,0.410958904109589,15,0.40540540540540543,15,0.4166666666666667,5,0.4166666666666667,9,0.5,19,0.36538461538461536,52,0.38461538461538464,0.6153846153846154,-8.61,-0.17,7,0.1346153846153846,20,-8.59,-0.43,5,0.25,32,-0.02,-0.0,14,0.4375,10,0.5,0.5,-11.01,-1.1,2,0.2,5,-6.53,-1.31,1,0.2,5,-4.48,-0.9,1,0.2,11,10,1,21,17,4,8.64,0.41,0.5238095238095238,0.47619047619047616,0.047619047619047616,0.8095238095238095,0.19047619047619047,18,0.4090909090909091,-5.12,-0.12,44,12,0.41379310344827586,5.14,0.18,29,401442018,2022,1
333,Alabama Crimson Tide,25,0.45454545454545453,13,0.5416666666666666,12,0.3870967741935484,4,0.5714285714285714,4,0.4,21,0.4666666666666667,45,0.3333333333333333,0.6666666666666666,12.24,0.27,12,0.26666666666666666,15,11.6,0.77,9,0.6,30,0.64,0.02,12,0.4,11,0.5454545454545454,0.45454545454545453,13.36,1.21,9,0.8181818181818182,6,9.98,1.66,5,0.8333333333333334,5,3.38,0.68,4,0.8,4,4,0,10,9,1,8.31,0.83,0.4,0.4,0.0,0.9,0.1,18,0.47368421052631576,11.37,0.3,38,7,0.4117647058823529,9.18,0.54,17,401442018,2022,1
2294,Iowa Hawkeyes,14,0.2916666666666667,10,0.4,4,0.17391304347826086,1,1.0,0,0.0,14,0.4,35,0.5142857142857142,0.4857142857142857,2.49,0.07,9,0.2571428571428571,18,6.57,0.37,10,0.5555555555555556,17,-4.08,-0.24,4,0.23529411764705882,8,0.25,0.75,-5.09,-0.64,1,0.125,2,-1.06,-0.53,1,0.5,6,-4.03,-0.67,0,0.0,0,0,0,13,7,6,-21.89,-1.68,0.0,0.0,0.0,0.5384615384615384,0.46153846153846156,12,0.35294117647058826,-9.54,-0.28,34,2,0.14285714285714285,-9.85,-0.7,14,401442017,2022,1
96,Kentucky Wildcats,23,0.3333333333333333,14,0.34146341463414637,9,0.32142857142857145,,,4,0.2222222222222222,16,0.34782608695652173,46,0.5869565217391305,0.41304347826086957,-23.49,-0.51,5,0.10869565217391304,27,-18.48,-0.68,9,0.3333333333333333,19,-5.0,-0.26,7,0.3684210526315789,12,0.4166666666666667,0.5833333333333334,-10.0,-0.83,3,0.25,5,-9.25,-1.85,0,0.0,7,-0.75,-0.11,3,0.42857142857142855,7,5,2,23,14,9,-14.55,-0.63,0.30434782608695654,0.21739130434782608,0.08695652173913043,0.6086956521739131,0.391304347826087,17,0.4146341463414634,-14.75,-0.36,41,6,0.21428571428571427,-23.29,-0.83,28,401442017,2022,1
254,Utah Utes,35,0.42168674698795183,14,0.30434782608695654,21,0.5675675675675675,5,0.625,11,0.5789473684210527,23,0.3709677419354839,62,0.5161290322580645,0.4838709677419355,-14.94,-0.24,10,0.16129032258064516,32,-19.64,-0.61,7,0.21875,30,4.7,0.16,16,0.5333333333333333,19,0.5789473684210527,0.42105263157894735,11.51,0.61,10,0.5263157894736842,11,5.27,0.48,4,0.36363636363636365,8,6.25,0.78,6,0.75,12,7,5,21,14,7,16.42,0.78,0.5714285714285714,0.3333333333333333,0.23809523809523808,0.6666666666666666,0.3333333333333333,23,0.4423076923076923,-6.84,-0.13,52,12,0.3870967741935484,8.32,0.27,31,401442014,2022,1
213,Penn State Nittany Lions,20,0.38461538461538464,13,0.52,7,0.25925925925925924,6,0.8571428571428571,7,0.5384615384615384,13,0.34210526315789475,38,0.42105263157894735,0.5789473684210527,-4.46,-0.12,6,0.15789473684210525,16,0.75,0.05,8,0.5,22,-5.2,-0.24,5,0.22727272727272727,6,0.8333333333333334,0.16666666666666666,-1.61,-0.27,1,0.16666666666666666,5,-1.08,-0.22,1,0.2,1,-0.53,-0.53,0,0.0,7,5,2,14,9,5,18.85,1.35,0.5,0.35714285714285715,0.14285714285714285,0.6428571428571429,0.35714285714285715,13,0.4642857142857143,15.84,0.57,28,7,0.2916666666666667,-1.45,-0.06,24,401442014,2022,1
30,USC Trojans,41,0.4880952380952381,30,0.5769230769230769,11,0.34375,7,0.4666666666666667,11,0.7333333333333333,28,0.417910447761194,67,0.5522388059701493,0.44776119402985076,5.62,0.08,15,0.22388059701492538,37,8.27,0.22,19,0.5135135135135135,30,-2.64,-0.09,9,0.3,11,0.45454545454545453,0.5454545454545454,13.34,1.21,8,0.7272727272727273,5,8.66,1.73,5,1.0,6,4.68,0.78,3,0.5,13,11,2,17,15,2,30.04,1.77,0.7647058823529411,0.6470588235294118,0.11764705882352941,0.8823529411764706,0.11764705882352941,31,0.5254237288135594,22.63,0.38,59,10,0.4,13.03,0.52,25,401442013,2022,1
2655,Tulane Green Wave,26,0.5098039215686274,9,0.4090909090909091,17,0.5862068965517241,8,0.6153846153846154,3,0.375,21,0.5121951219512195,41,0.43902439024390244,0.5609756097560976,28.93,0.71,9,0.21951219512195122,18,11.87,0.66,7,0.3888888888888889,23,17.06,0.74,14,0.6086956521739131,10,0.4,0.6,7.03,0.7,6,0.6,4,0.15,0.04,1,0.25,6,6.88,1.15,5,0.8333333333333334,5,2,3,10,4,6,9.34,0.93,0.5,0.2,0.3,0.4,0.6,15,0.46875,23.23,0.73,32,11,0.5789473684210527,15.03,0.79,19,401442013,2022,1
99,LSU Tigers,37,0.5362318840579711,20,0.5263157894736842,17,0.5483870967741935,10,0.7142857142857143,8,0.6666666666666666,28,0.509090909090909,55,0.5454545454545454,0.45454545454545453,14.67,0.27,13,0.23636363636363636,30,8.04,0.27,14,0.4666666666666667,25,6.63,0.27,14,0.56,9,0.8888888888888888,0.1111111111111111,7.01,0.78,5,0.5555555555555556,8,7.03,0.88,5,0.625,1,-0.02,-0.02,0,0.0,9,6,3,14,8,6,13.13,0.94,0.6428571428571429,0.42857142857142855,0.21428571428571427,0.5714285714285714,0.42857142857142855,31,0.5961538461538461,28.81,0.55,52,6,0.35294117647058826,-1.01,-0.06,17,401442012,2022,1
2509,Purdue Boilermakers,26,0.3333333333333333,12,0.2608695652173913,14,0.4375,1,1.0,4,0.2222222222222222,19,0.3584905660377358,53,0.5471698113207547,0.4528301886792453,-7.83,-0.15,7,0.1320754716981132,29,-6.55,-0.23,9,0.3103448275862069,24,-1.29,-0.05,10,0.4166666666666667,15,0.8,0.2,-7.52,-0.5,5,0.3333333333333333,12,-7.72,-0.64,3,0.25,3,0.19,0.06,2,0.6666666666666666,7,3,4,25,17,8,-14.14,-0.57,0.28,0.12,0.16,0.68,0.32,16,0.34782608695652173,-12.33,-0.27,46,10,0.3125,-9.65,-0.3,32,401442012,2022,1
356,Illinois Fighting Illini,29,0.4603174603174603,19,0.4634146341463415,10,0.45454545454545453,3,0.5,3,0.2727272727272727,26,0.5,52,0.6153846153846154,0.38461538461538464,-5.99,-0.12,15,0.28846153846153844,32,-2.45,-0.08,18,0.5625,20,-3.53,-0.18,8,0.4,10,0.3,0.7,-0.15,-0.02,5,0.5,3,-1.68,-0.56,1,0.3333333333333333,7,1.53,0.22,4,0.5714285714285714,3,1,2,11,9,2,-8.1,-0.74,0.2727272727272727,0.09090909090909091,0.18181818181818182,0.8181818181818182,0.18181818181818182,20,0.5128205128205128,-6.26,-0.16,39,9,0.375,-7.82,-0.33,24,401442011,2022,1
344,Mississippi State Bulldogs,34,0.5074626865671642,24,0.5333333333333333,10,0.45454545454545453,4,0.5,6,0.42857142857142855,27,0.5192307692307693,52,0.6538461538461539,0.34615384615384615,-1.84,-0.04,14,0.2692307692307692,34,-0.51,-0.02,18,0.5294117647058824,18,-1.33,-0.07,9,0.5,10,0.8,0.2,0.33,0.03,4,0.4,8,1.85,0.23,3,0.375,2,-1.52,-0.76,1,0.5,7,6,1,15,11,4,6.27,0.42,0.4666666666666667,0.4,0.06666666666666667,0.7333333333333333,0.26666666666666666,27,0.5625,3.53,0.07,48,7,0.3684210526315789,0.9,0.05,19,401442011,2022,1
61,Georgia Bulldogs,45,0.6428571428571429,19,0.6785714285714286,26,0.6190476190476191,9,0.6428571428571429,9,0.75,35,0.6140350877192983,57,0.3157894736842105,0.6842105263157895,24.03,0.42,17,0.2982456140350877,18,13.18,0.73,12,0.6666666666666666,39,10.85,0.28,23,0.5897435897435898,14,0.42857142857142855,0.5714285714285714,9.22,0.66,9,0.6428571428571429,6,6.1,1.02,4,0.6666666666666666,8,3.11,0.39,5,0.625,10,7,3,13,10,3,16.84,1.3,0.7692307692307693,0.5384615384615384,0.23076923076923078,0.7692307692307693,0.23076923076923078,34,0.6415094339622641,19.48,0.37,53,11,0.6470588235294118,21.38,1.26,17,401442010,2022,1
2628,TCU Horned Frogs,19,0.37254901960784315,8,0.2857142857142857,11,0.4782608695652174,3,1.0,3,0.2727272727272727,16,0.42105263157894735,38,0.4473684210526316,0.5526315789473685,-8.7,-0.23,6,0.15789473684210525,17,-2.8,-0.16,6,0.35294117647058826,21,-5.9,-0.28,10,0.47619047619047616,8,0.625,0.375,-4.4,-0.55,3,0.375,5,-4.34,-0.87,1,0.2,3,-0.06,-0.02,2,0.6666666666666666,3,2,1,13,11,2,-10.26,-0.79,0.23076923076923078,0.15384615384615385,0.07692307692307693,0.8461538461538461,0.15384615384615385,16,0.5714285714285714,-0.52,-0.02,28,3,0.13043478260869565,-18.43,-0.8,23,401442010,2022,1
3193,American,28,0.49122807017543857,17,0.53125,11,0.44,4,0.2857142857142857,3,0.3,25,0.5434782608695652,46,0.5217391304347826,0.4782608695652174,4.35,0.09,12,0.2608695652173913,24,10.13,0.42,16,0.6666666666666666,22,-5.78,-0.26,9,0.4090909090909091,12,0.8333333333333334,0.16666666666666666,-3.19,-0.27,7,0.5833333333333334,10,-3.84,-0.38,5,0.5,2,0.65,0.33,2,1.0,3,1,2,11,8,3,-8.82,-0.8,0.2727272727272727,0.09090909090909091,0.18181818181818182,0.7272727272727273,0.2727272727272727,26,0.5777777777777777,3.79,0.08,45,2,0.16666666666666666,-8.27,-0.69,12,401495504,2022,1
3194,National,14,0.28,8,0.3076923076923077,6,0.25,2,0.5,4,0.3333333333333333,9,0.24324324324324326,37,0.43243243243243246,0.5675675675675675,-4.71,-0.13,5,0.13513513513513514,16,1.84,0.12,5,0.3125,21,-6.55,-0.31,4,0.19047619047619047,7,0.5714285714285714,0.42857142857142855,-0.85,-0.12,2,0.2857142857142857,4,0.14,0.03,2,0.5,3,-0.99,-0.33,0,0.0,5,3,2,13,10,3,0.53,0.04,0.38461538461538464,0.23076923076923078,0.15384615384615385,0.7692307692307693,0.23076923076923078,10,0.3448275862068966,1.28,0.04,29,4,0.19047619047619047,-5.46,-0.26,21,401495504,2022,1
3146,East All-Stars,12,0.25,5,0.15625,7,0.4375,3,0.375,3,0.23076923076923078,9,0.2727272727272727,33,0.5454545454545454,0.45454545454545453,-18.0,-0.55,4,0.12121212121212122,18,-17.21,-0.96,3,0.16666666666666666,15,-0.79,-0.05,6,0.4,5,0.4,0.6,-2.67,-0.53,3,0.6,2,-5.99,-3.0,0,0.0,3,3.32,1.11,3,1.0,3,2,1,15,14,1,-9.56,-0.64,0.2,0.13333333333333333,0.06666666666666667,0.9333333333333333,0.06666666666666667,6,0.23076923076923078,-19.76,-0.76,26,6,0.2727272727272727,-7.8,-0.35,22,401495502,2022,1
3147,West All-Stars,24,0.38095238095238093,12,0.36363636363636365,12,0.41379310344827586,0,0.0,3,0.23076923076923078,20,0.40816326530612246,49,0.4897959183673469,0.5102040816326531,-10.66,-0.22,10,0.20408163265306123,24,-7.23,-0.3,10,0.4166666666666667,25,-3.43,-0.14,10,0.4,15,0.7333333333333333,0.26666666666666666,-4.0,-0.27,7,0.4666666666666667,11,-3.23,-0.29,5,0.45454545454545453,4,-0.77,-0.19,2,0.5,4,2,2,14,9,4,-7.04,-0.5,0.2857142857142857,0.14285714285714285,0.14285714285714285,0.6428571428571429,0.2857142857142857,17,0.4146341463414634,-14.15,-0.35,41,7,0.3181818181818182,-3.55,-0.16,22,401495502,2022,1
3194,National,26,0.4482758620689655,11,0.44,15,0.45454545454545453,3,0.42857142857142855,4,0.36363636363636365,22,0.4782608695652174,46,0.3695652173913043,0.6304347826086957,13.62,0.3,15,0.32608695652173914,17,9.45,0.56,10,0.5882352941176471,29,4.17,0.14,12,0.41379310344827586,11,0.5454545454545454,0.45454545454545453,5.21,0.47,7,0.6363636363636364,6,1.05,0.17,3,0.5,5,4.16,0.83,4,0.8,4,1,3,12,8,4,-11.91,-0.99,0.3333333333333333,0.08333333333333333,0.25,0.6666666666666666,0.3333333333333333,22,0.5238095238095238,18.87,0.45,42,4,0.25,-17.16,-1.07,16,401495503,2022,1
3193,American,31,0.484375,21,0.45652173913043476,10,0.5555555555555556,4,0.5714285714285714,5,0.4166666666666667,25,0.5102040816326531,49,0.7142857142857143,0.2857142857142857,-10.29,-0.21,12,0.24489795918367346,35,-5.89,-0.17,18,0.5142857142857142,14,-4.41,-0.31,7,0.5,10,0.6,0.4,-7.03,-0.7,2,0.2,6,-2.26,-0.38,2,0.3333333333333333,4,-4.78,-1.19,0,0.0,6,3,3,15,11,4,1.23,0.08,0.4,0.2,0.2,0.7333333333333333,0.26666666666666666,27,0.6136363636363636,3.07,0.07,44,4,0.2,-12.14,-0.61,20,401495503,2022,1
125291,Team Robinson,14,0.2978723404255319,11,0.36666666666666664,3,0.17647058823529413,0,0.0,1,0.09090909090909091,12,0.34285714285714286,35,0.6285714285714286,0.37142857142857144,-8.22,-0.23,7,0.2,22,-3.02,-0.14,9,0.4090909090909091,13,-5.2,-0.4,3,0.23076923076923078,3,0.6666666666666666,0.3333333333333333,-1.38,-0.46,1,0.3333333333333333,2,-1.58,-0.79,0,0.0,1,0.2,0.2,1,1.0,2,2,0,12,8,4,-2.54,-0.21,0.16666666666666666,0.16666666666666666,0.0,0.6666666666666666,0.3333333333333333,10,0.4,-4.3,-0.17,25,4,0.18181818181818182,-6.46,-0.29,22,401495505,2022,1
125290,Team Gaither,16,0.3333333333333333,10,0.3125,6,0.375,1,0.5,1,0.09090909090909091,14,0.4,35,0.6285714285714286,0.37142857142857144,-5.51,-0.16,6,0.17142857142857143,22,-3.11,-0.14,9,0.4090909090909091,13,-2.4,-0.18,5,0.38461538461538464,14,0.7857142857142857,0.21428571428571427,1.89,0.14,8,0.5714285714285714,11,1.98,0.18,6,0.5454545454545454,3,-0.08,-0.03,2,0.6666666666666666,2,1,1,13,10,3,-10.16,-0.78,0.15384615384615385,0.07692307692307693,0.07692307692307693,0.7692307692307693,0.23076923076923078,12,0.4444444444444444,-2.74,-0.1,27,4,0.19047619047619047,-12.94,-0.62,21,401495505,2022,1
