pos_team_id,pos_team,EPA_success,EPA_success_rate,EPA_success_pass,EPA_success_pass_rate,EPA_success_rush,EPA_success_rush_rate,EPA_success_rz,EPA_success_rate_rz,EPA_success_third,EPA_success_rate_third,EPA_success_early_down,EPA_success_early_down_rate,early_downs,early_down_pass_rate,early_down_rush_rate,EPA_early_down,EPA_early_down_per_play,early_down_first_down,early_down_first_down_rate,early_down_pass,EPA_early_down_pass,EPA_early_down_pass_per_play,EPA_success_early_down_pass,EPA_success_early_down_pass_rate,early_down_rush,EPA_early_down_rush,EPA_early_down_rush_per_play,EPA_success_early_down_rush,EPA_success_early_down_rush_rate,middle_8,middle_8_pass_rate,middle_8_rush_rate,EPA_middle_8,EPA_middle_8_per_play,EPA_middle_8_success,EPA_middle_8_success_rate,middle_8_pass,EPA_middle_8_pass,EPA_middle_8_pass_per_play,EPA_middle_8_success_pass,EPA_middle_8_success_pass_rate,middle_8_rush,EPA_middle_8_rush,EPA_middle_8_rush_per_play,EPA_middle_8_success_rush,EPA_middle_8_success_rush_rate,EPA_success_late_down,EPA_success_late_down_pass,EPA_success_late_down_rush,late_downs,late_down_pass,late_down_rush,EPA_late_down,EPA_late_down_per_play,EPA_success_late_down_rate,EPA_success_late_down_pass_rate,EPA_success_late_down_rush_rate,late_down_pass_rate,late_down_rush_rate,EPA_success_standard_down,EPA_success_standard_down_rate,EPA_standard_down,EPA_standard_down_per_play,standard_downs,EPA_success_passing_down,EPA_success_passing_down_rate,EPA_passing_down,EPA_passing_down_per_play,passing_downs,game_id,season,week
30,USC Trojans,54,0.72,28,0.7368421052631579,26,0.7027027027027027,15,0.6818181818181818,10,0.7692307692307693,43,0.7166666666666667,60,0.5666666666666667,0.43333333333333335,21.25,0.35,18,0.3,34,14.32,0.42,26,0.7647058823529411,26,6.93,0.27,17,0.6538461538461539,12,0.6666666666666666,0.3333333333333333,10.92,0.91,11,0.9166666666666666,8,8.92,1.11,8,1.0,4,2.0,0.5,3,0.75,11,2,9,15,4,11,5.15,0.34,0.7333333333333333,0.13333333333333333,0.6,0.26666666666666666,0.7333333333333333,45,0.7258064516129032,25.3,0.41,62,9,0.6923076923076923,1.11,0.09,13,401864494,2026,1
23,San José State Spartans,29,0.5178571428571429,17,0.5151515151515151,12,0.5217391304347826,5,0.4166666666666667,6,0.5454545454545454,23,0.5227272727272727,44,0.5681818181818182,0.4318181818181818,11.05,0.25,12,0.2727272727272727,25,8.39,0.34,13,0.52,19,2.66,0.14,10,0.5263157894736842,9,0.6666666666666666,0.3333333333333333,-2.26,-0.25,3,0.3333333333333333,6,-2.02,-0.34,1,0.16666666666666666,3,-0.24,-0.08,2,0.6666666666666666,6,4,2,12,8,4,0.77,0.06,0.5,0.3333333333333333,0.16666666666666666,0.6666666666666666,0.3333333333333333,21,0.5675675675675675,7.13,0.19,37,8,0.42105263157894735,4.69,0.25,19,401864494,2026,1
2628,TCU Horned Frogs,26,0.36619718309859156,13,0.37142857142857144,13,0.38235294117647056,4,0.2857142857142857,7,0.4117647058823529,18,0.3673469387755102,49,0.4489795918367347,0.5306122448979592,-2.64,-0.05,9,0.1836734693877551,22,0.55,0.03,9,0.4090909090909091,26,-1.99,-0.08,9,0.34615384615384615,14,0.42857142857142855,0.5,-6.23,-0.44,4,0.2857142857142857,6,-3.47,-0.58,2,0.3333333333333333,7,-2.12,-0.3,2,0.2857142857142857,8,4,4,22,13,8,-9.73,-0.44,0.36363636363636365,0.18181818181818182,0.18181818181818182,0.5909090909090909,0.36363636363636365,19,0.4318181818181818,-1.76,-0.04,44,7,0.25925925925925924,-10.61,-0.39,27,401856766,2026,1
153,North Carolina Tar Heels,26,0.45614035087719296,14,0.45161290322580644,12,0.48,4,0.36363636363636365,4,0.36363636363636365,21,0.4666666666666667,45,0.4888888888888889,0.4888888888888889,1.1,0.02,13,0.28888888888888886,22,4.98,0.23,11,0.5,22,0.79,0.04,10,0.45454545454545453,6,0.6666666666666666,0.3333333333333333,-0.4,-0.07,4,0.6666666666666666,4,-1.52,-0.38,2,0.5,2,1.13,0.56,2,1.0,5,3,2,12,9,3,-1.8,-0.15,0.4166666666666667,0.25,0.16666666666666666,0.75,0.25,18,0.45,-4.55,-0.11,40,8,0.47058823529411764,3.85,0.23,17,401856766,2026,1
152,NC State Wolfpack,18,0.35294117647058826,10,0.3448275862068966,8,0.38095238095238093,1,0.25,4,0.3076923076923077,14,0.3783783783783784,37,0.5675675675675675,0.40540540540540543,-13.89,-0.38,4,0.10810810810810811,21,-7.99,-0.38,8,0.38095238095238093,15,-1.65,-0.11,6,0.4,7,0.42857142857142855,0.42857142857142855,-7.0,-1.0,1,0.14285714285714285,3,-1.76,-0.59,1,0.3333333333333333,3,-0.98,-0.33,0,0.0,4,2,2,14,8,6,-3.38,-0.24,0.2857142857142857,0.14285714285714285,0.14285714285714285,0.5714285714285714,0.42857142857142855,13,0.40625,-9.79,-0.31,32,5,0.2631578947368421,-7.49,-0.39,19,401858202,2026,1
258,Virginia Cavaliers,34,0.5,6,0.5,28,0.5,6,0.6666666666666666,3,0.21428571428571427,27,0.54,50,0.16,0.84,11.86,0.24,11,0.22,8,7.33,0.92,5,0.625,42,4.53,0.11,22,0.5238095238095238,13,0.23076923076923078,0.7692307692307693,2.64,0.2,8,0.6153846153846154,3,4.66,1.55,3,1.0,10,-2.02,-0.2,5,0.5,7,1,6,18,4,14,-1.44,-0.08,0.3888888888888889,0.05555555555555555,0.3333333333333333,0.2222222222222222,0.7777777777777778,30,0.5454545454545454,14.66,0.27,55,4,0.3076923076923077,-4.24,-0.33,13,401858202,2026,1
2449,North Dakota State Bison,33,0.4925373134328358,12,0.48,21,0.5121951219512195,1,0.3333333333333333,7,0.5,24,0.48,50,0.34,0.66,7.73,0.15,9,0.18,17,8.64,0.51,9,0.5294117647058824,33,-0.92,-0.03,15,0.45454545454545453,12,0.8333333333333334,0.16666666666666666,3.87,0.32,7,0.5833333333333334,10,3.26,0.33,6,0.6,2,0.62,0.31,1,0.5,9,3,6,16,8,8,2.89,0.18,0.5625,0.1875,0.375,0.5,0.5,24,0.5106382978723404,3.33,0.07,47,9,0.47368421052631576,7.29,0.38,19,401864577,2026,1
55,Jacksonville State Gamecocks,21,0.39622641509433965,9,0.34615384615384615,11,0.4583333333333333,1,0.3333333333333333,3,0.3,17,0.4146341463414634,41,0.4878048780487805,0.43902439024390244,-16.41,-0.4,7,0.17073170731707318,20,-8.89,-0.44,8,0.4,18,-1.17,-0.07,8,0.4444444444444444,13,0.38461538461538464,0.6153846153846154,-11.26,-0.87,4,0.3076923076923077,5,-6.45,-1.29,1,0.2,8,-4.81,-0.6,3,0.375,4,1,3,12,6,6,-7.07,-0.59,0.3333333333333333,0.08333333333333333,0.25,0.5,0.5,17,0.4857142857142857,-3.79,-0.11,35,4,0.2222222222222222,-19.69,-1.09,18,401864577,2026,1
16,Sacramento State Hornets,24,0.3870967741935484,18,0.375,6,0.42857142857142855,3,0.75,4,0.2857142857142857,19,0.41304347826086957,46,0.782608695652174,0.21739130434782608,-6.2,-0.13,9,0.1956521739130435,36,-2.95,-0.08,16,0.4444444444444444,10,-3.25,-0.33,3,0.3,8,0.875,0.125,-1.65,-0.21,3,0.375,7,-2.44,-0.35,2,0.2857142857142857,1,0.79,0.79,1,1.0,5,2,3,16,12,4,-6.13,-0.38,0.3125,0.125,0.1875,0.75,0.25,18,0.5,2.08,0.06,36,6,0.23076923076923078,-14.41,-0.55,26,401866408,2026,1
2199,Eastern Michigan Eagles,30,0.46153846153846156,20,0.5,10,0.4,4,0.6666666666666666,5,0.35714285714285715,25,0.49019607843137253,51,0.6078431372549019,0.39215686274509803,6.23,0.12,11,0.21568627450980393,31,8.56,0.28,18,0.5806451612903226,20,-2.33,-0.12,7,0.35,14,0.7142857142857143,0.2857142857142857,-2.23,-0.16,10,0.7142857142857143,10,-3.19,-0.32,7,0.7,4,0.96,0.24,3,0.75,5,2,3,14,9,5,-9.52,-0.68,0.35714285714285715,0.14285714285714285,0.21428571428571427,0.6428571428571429,0.35714285714285715,26,0.5531914893617021,4.44,0.09,47,4,0.2222222222222222,-7.74,-0.43,18,401866408,2026,1
24,Stanford Cardinal,33,0.4647887323943662,15,0.4411764705882353,18,0.4864864864864865,9,0.5625,8,0.5333333333333333,24,0.4444444444444444,54,0.46296296296296297,0.5370370370370371,8.03,0.15,12,0.2222222222222222,25,9.96,0.4,12,0.48,29,-1.93,-0.07,12,0.41379310344827586,15,0.6,0.4,2.73,0.18,7,0.4666666666666667,9,1.73,0.19,4,0.4444444444444444,6,1.01,0.17,3,0.5,9,3,6,17,9,8,6.66,0.39,0.5294117647058824,0.17647058823529413,0.35294117647058826,0.5294117647058824,0.47058823529411764,26,0.5,11.82,0.23,52,7,0.3684210526315789,2.87,0.15,19,401858201,2026,1
62,Hawai'i Rainbow Warriors,31,0.41333333333333333,21,0.3888888888888889,9,0.47368421052631576,5,0.5555555555555556,8,0.47058823529411764,20,0.36363636363636365,55,0.6909090909090909,0.2909090909090909,-8.27,-0.15,6,0.10909090909090909,38,2.44,0.06,14,0.3684210526315789,16,-3.05,-0.19,6,0.375,10,0.8,0.1,-3.81,-0.38,1,0.1,8,-4.59,-0.57,0,0.0,1,-0.72,-0.72,0,0.0,11,7,3,20,16,3,12.19,0.61,0.55,0.35,0.15,0.8,0.15,15,0.38461538461538464,3.02,0.08,39,16,0.4444444444444444,0.9,0.02,36,401858201,2026,1
166,New Mexico State Aggies,24,0.36923076923076925,17,0.37777777777777777,7,0.35,0,0.0,11,0.6470588235294118,12,0.2608695652173913,46,0.6521739130434783,0.34782608695652173,-15.04,-0.33,6,0.13043478260869565,30,-10.75,-0.36,8,0.26666666666666666,16,-4.29,-0.27,4,0.25,6,0.5,0.5,-0.55,-0.09,3,0.5,3,-0.51,-0.17,1,0.3333333333333333,3,-0.04,-0.01,2,0.6666666666666666,12,9,3,19,15,4,22.9,1.21,0.631578947368421,0.47368421052631576,0.15789473684210525,0.7894736842105263,0.21052631578947367,11,0.3055555555555556,-4.52,-0.13,36,13,0.4482758620689655,12.38,0.43,29,401864570,2026,1
52,Florida State Seminoles,31,0.49206349206349204,12,0.42857142857142855,19,0.5428571428571428,8,0.42105263157894735,8,0.6153846153846154,22,0.4489795918367347,49,0.3673469387755102,0.6326530612244898,2.79,0.06,13,0.2653061224489796,18,-3.49,-0.19,6,0.3333333333333333,31,6.28,0.2,16,0.5161290322580645,13,0.5384615384615384,0.46153846153846156,3.01,0.23,7,0.5384615384615384,7,0.62,0.09,2,0.2857142857142857,6,2.39,0.4,5,0.8333333333333334,9,6,3,14,10,4,16.45,1.18,0.6428571428571429,0.42857142857142855,0.21428571428571427,0.7142857142857143,0.2857142857142857,21,0.4883720930232558,10.27,0.24,43,10,0.5,8.97,0.45,20,401864570,2026,1
235,Memphis Tigers,26,0.4406779661016949,11,0.4074074074074074,15,0.46875,2,0.25,3,0.2727272727272727,23,0.4791666666666667,48,0.4166666666666667,0.5833333333333334,12.05,0.25,13,0.2708333333333333,20,7.59,0.38,10,0.5,28,4.46,0.16,13,0.4642857142857143,6,0.6666666666666666,0.3333333333333333,2.56,0.43,4,0.6666666666666666,4,3.07,0.77,3,0.75,2,-0.5,-0.25,1,0.5,3,1,2,11,7,4,-3.37,-0.31,0.2727272727272727,0.09090909090909091,0.18181818181818182,0.6363636363636364,0.36363636363636365,22,0.5365853658536586,10.76,0.26,41,4,0.2222222222222222,-2.07,-0.12,18,401862693,2026,1
2439,UNLV Rebels,29,0.3717948717948718,17,0.38636363636363635,12,0.35294117647058826,4,0.4,6,0.4,21,0.3620689655172414,58,0.4827586206896552,0.5172413793103449,7.1,0.12,14,0.2413793103448276,28,3.38,0.12,11,0.39285714285714285,30,3.71,0.12,10,0.3333333333333333,17,0.47058823529411764,0.5294117647058824,11.02,0.65,8,0.47058823529411764,8,3.65,0.46,4,0.5,9,7.37,0.82,4,0.4444444444444444,8,6,2,20,16,4,-4.28,-0.21,0.4,0.3,0.1,0.8,0.2,20,0.45454545454545453,11.44,0.26,44,9,0.2647058823529412,-8.62,-0.25,34,401862693,2026,1
70,Idaho Vandals,21,0.3442622950819672,7,0.22580645161290322,14,0.4827586206896552,3,1.0,4,0.3076923076923077,16,0.34782608695652173,46,0.43478260869565216,0.5434782608695652,-1.64,-0.04,7,0.15217391304347827,20,-0.11,-0.01,5,0.25,25,0.78,0.03,11,0.44,8,0.625,0.375,-3.99,-0.5,0,0.0,5,-2.59,-0.52,0,0.0,3,-1.4,-0.47,0,0.0,5,2,3,15,11,4,-4.48,-0.3,0.3333333333333333,0.13333333333333333,0.2,0.7333333333333333,0.26666666666666666,14,0.4,-3.83,-0.11,35,7,0.2692307692307692,-2.28,-0.09,26,401856768,2026,1
254,Utah Utes,44,0.5945945945945946,17,0.6538461538461539,27,0.5625,11,0.5238095238095238,8,0.6666666666666666,35,0.5833333333333334,60,0.31666666666666665,0.6833333333333333,23.26,0.39,19,0.31666666666666665,19,10.78,0.57,12,0.631578947368421,41,12.48,0.3,23,0.5609756097560976,16,0.5,0.5,8.91,0.56,11,0.6875,8,4.84,0.6,5,0.625,8,4.07,0.51,6,0.75,9,5,4,14,7,7,14.07,1.0,0.6428571428571429,0.35714285714285715,0.2857142857142857,0.5,0.5,34,0.5666666666666667,21.02,0.35,60,10,0.7142857142857143,16.31,1.16,14,401856768,2026,1
142,Missouri Tigers,44,0.5714285714285714,20,0.5882352941176471,24,0.5581395348837209,7,0.5,6,0.6,36,0.5538461538461539,65,0.4,0.6,14.07,0.22,20,0.3076923076923077,26,8.19,0.31,15,0.5769230769230769,39,5.89,0.15,21,0.5384615384615384,8,0.5,0.5,4.93,0.62,8,1.0,4,2.99,0.75,4,1.0,4,1.94,0.48,4,1.0,8,5,3,12,8,4,13.82,1.15,0.6666666666666666,0.4166666666666667,0.25,0.6666666666666666,0.3333333333333333,35,0.5932203389830508,18.71,0.32,59,9,0.5,9.18,0.51,18,401856663,2026,1
2029,Arkansas-Pine Bluff Golden Lions,18,0.3333333333333333,9,0.34615384615384615,9,0.3333333333333333,1,0.5,3,0.21428571428571427,15,0.38461538461538464,39,0.38461538461538464,0.6153846153846154,7.41,0.19,7,0.1794871794871795,15,3.42,0.23,7,0.4666666666666667,24,3.99,0.17,8,0.3333333333333333,14,0.6428571428571429,0.35714285714285715,0.89,0.06,6,0.42857142857142855,9,-0.17,-0.02,4,0.4444444444444444,5,1.06,0.21,2,0.4,3,2,1,15,11,3,-11.76,-0.78,0.2,0.13333333333333333,0.06666666666666667,0.7333333333333333,0.2,11,0.3548387096774194,2.04,0.07,31,7,0.30434782608695654,-6.39,-0.28,23,401856663,2026,1
164,Rutgers Scarlet Knights,25,0.4032258064516129,18,0.4186046511627907,7,0.3684210526315789,4,0.4444444444444444,3,0.2727272727272727,18,0.391304347826087,46,0.717391304347826,0.2826086956521739,-14.5,-0.32,10,0.21739130434782608,33,-10.11,-0.31,14,0.42424242424242425,13,-4.39,-0.34,4,0.3076923076923077,4,1.0,0.0,0.55,0.14,2,0.5,4,0.55,0.14,2,0.5,,,,,,7,4,3,16,10,6,7.49,0.47,0.4375,0.25,0.1875,0.625,0.375,17,0.3953488372093023,-14.68,-0.34,43,8,0.42105263157894735,7.68,0.4,19,401858423,2026,1
113,Massachusetts Minutemen,30,0.4838709677419355,11,0.4782608695652174,19,0.5,4,0.4,4,0.36363636363636365,25,0.5,50,0.34,0.64,14.23,0.28,13,0.26,17,12.82,0.75,10,0.5882352941176471,32,2.77,0.09,15,0.46875,13,0.5384615384615384,0.38461538461538464,2.47,0.19,6,0.46153846153846156,7,1.21,0.17,3,0.42857142857142855,5,2.63,0.53,3,0.6,5,1,4,12,6,6,3.36,0.28,0.4166666666666667,0.08333333333333333,0.3333333333333333,0.5,0.5,23,0.5111111111111111,15.38,0.34,45,7,0.4117647058823529,2.2,0.13,17,401858423,2026,1
2065,Bethune-Cookman Wildcats,19,0.3114754098360656,8,0.34782608695652173,11,0.3055555555555556,3,1.0,4,0.25,15,0.3333333333333333,45,0.3111111111111111,0.6444444444444445,-12.99,-0.29,6,0.13333333333333333,14,-5.53,-0.39,6,0.42857142857142855,29,-6.7,-0.23,9,0.3103448275862069,9,0.5555555555555556,0.4444444444444444,-3.08,-0.34,2,0.2222222222222222,5,-1.58,-0.32,2,0.4,4,-1.5,-0.37,0,0.0,4,2,2,16,9,7,-0.51,-0.03,0.25,0.125,0.125,0.5625,0.4375,12,0.375,-11.46,-0.36,32,7,0.2413793103448276,-2.04,-0.07,29,401856767,2026,1
2116,UCF Knights,34,0.5666666666666667,14,0.6086956521739131,20,0.5405405405405406,7,0.5833333333333334,5,0.625,29,0.5576923076923077,52,0.38461538461538464,0.6153846153846154,22.4,0.43,16,0.3076923076923077,20,5.68,0.28,13,0.65,32,16.72,0.52,16,0.5,14,0.5,0.5,4.64,0.33,7,0.5,7,0.33,0.05,3,0.42857142857142855,7,4.31,0.62,4,0.5714285714285714,5,1,4,8,3,5,4.51,0.56,0.625,0.125,0.5,0.375,0.625,27,0.5869565217391305,15.78,0.34,46,7,0.5,11.13,0.8,14,401856767,2026,1
154,Wake Forest Demon Deacons,33,0.5,17,0.4857142857142857,16,0.5333333333333333,4,0.26666666666666666,10,0.6666666666666666,21,0.42857142857142855,49,0.5102040816326531,0.4897959183673469,12.49,0.25,7,0.14285714285714285,25,10.84,0.43,10,0.4,24,1.65,0.07,11,0.4583333333333333,12,0.5833333333333334,0.4166666666666667,3.86,0.32,6,0.5,7,2.13,0.3,4,0.5714285714285714,5,1.74,0.35,2,0.4,12,7,5,17,10,6,11.47,0.67,0.7058823529411765,0.4117647058823529,0.29411764705882354,0.5882352941176471,0.35294117647058826,21,0.525,15.35,0.38,40,12,0.46153846153846156,8.6,0.33,26,401858204,2026,1
2006,Akron Zips,37,0.5522388059701493,18,0.5142857142857142,19,0.6129032258064516,5,0.625,6,0.46153846153846156,31,0.5849056603773585,53,0.5283018867924528,0.4528301886792453,6.41,0.12,10,0.18867924528301888,28,1.22,0.04,16,0.5714285714285714,24,9.35,0.39,15,0.625,12,0.5,0.5,0.09,0.01,7,0.5833333333333334,6,1.77,0.29,5,0.8333333333333334,6,-1.67,-0.28,2,0.3333333333333333,6,2,4,14,7,7,-4.13,-0.3,0.42857142857142855,0.14285714285714285,0.2857142857142857,0.5,0.5,28,0.5490196078431373,-4.75,-0.09,51,9,0.5625,7.03,0.44,16,401858204,2026,1
2771,Merrimack Warriors,19,0.2753623188405797,15,0.3125,4,0.21052631578947367,1,0.25,4,0.23529411764705882,14,0.2857142857142857,49,0.5918367346938775,0.3673469387755102,-9.93,-0.2,7,0.14285714285714285,29,-1.3,-0.04,10,0.3448275862068966,18,-1.86,-0.1,4,0.2222222222222222,5,0.6,0.2,-6.92,-1.38,0,0.0,3,-2.39,-0.8,0,0.0,1,-0.45,-0.45,0,0.0,5,5,0,20,19,1,-10.31,-0.52,0.25,0.25,0.0,0.95,0.05,12,0.32432432432432434,-5.81,-0.16,37,7,0.21875,-14.43,-0.45,32,401864424,2026,1
48,Delaware Blue Hens,35,0.4861111111111111,21,0.4772727272727273,14,0.5185185185185185,7,0.5384615384615384,6,0.46153846153846156,28,0.4827586206896552,58,0.603448275862069,0.39655172413793105,6.0,0.1,14,0.2413793103448276,35,2.75,0.08,17,0.4857142857142857,23,3.25,0.14,11,0.4782608695652174,18,0.7222222222222222,0.2777777777777778,12.09,0.67,11,0.6111111111111112,13,8.86,0.68,8,0.6153846153846154,5,3.23,0.65,3,0.6,7,4,3,14,9,4,7.05,0.5,0.5,0.2857142857142857,0.21428571428571427,0.6428571428571429,0.2857142857142857,27,0.5625,9.53,0.2,48,8,0.3333333333333333,3.52,0.15,24,401864424,2026,1
2698,West Georgia Wolves,11,0.21568627450980393,6,0.21428571428571427,5,0.22727272727272727,,,1,0.08333333333333333,10,0.2631578947368421,38,0.47368421052631576,0.5,-9.66,-0.25,6,0.15789473684210525,18,-2.16,-0.12,6,0.3333333333333333,19,-5.95,-0.31,4,0.21052631578947367,8,0.5,0.375,-3.68,-0.46,2,0.25,4,-1.48,-0.37,1,0.25,3,-0.65,-0.22,1,0.3333333333333333,1,0,1,13,10,3,-11.88,-0.91,0.07692307692307693,0.0,0.07692307692307693,0.7692307692307693,0.23076923076923078,7,0.25,-9.48,-0.34,28,4,0.17391304347826086,-12.06,-0.52,23,401864425,2026,1
338,Kennesaw State Owls,44,0.5365853658536586,17,0.4857142857142857,27,0.6136363636363636,7,0.7777777777777778,8,0.5714285714285714,35,0.5384615384615384,65,0.46153846153846156,0.5076923076923077,7.12,0.11,16,0.24615384615384617,30,-2.94,-0.1,15,0.5,33,15.65,0.47,20,0.6060606060606061,13,0.15384615384615385,0.8461538461538461,9.12,0.7,8,0.6153846153846154,2,-0.13,-0.07,1,0.5,11,9.25,0.84,7,0.6363636363636364,9,2,7,16,5,11,1.37,0.09,0.5625,0.125,0.4375,0.3125,0.6875,37,0.6166666666666667,14.9,0.25,60,7,0.3333333333333333,-6.4,-0.3,21,401864425,2026,1
2084,Buffalo Bulls,31,0.4025974025974026,18,0.375,13,0.4482758620689655,6,0.5454545454545454,10,0.47619047619047616,21,0.375,56,0.5357142857142857,0.4642857142857143,-4.22,-0.08,6,0.10714285714285714,30,-1.29,-0.04,10,0.3333333333333333,26,-2.93,-0.11,11,0.4230769230769231,7,0.5714285714285714,0.42857142857142855,-2.14,-0.31,1,0.14285714285714285,4,-1.48,-0.37,1,0.25,3,-0.67,-0.22,0,0.0,10,8,2,21,18,3,1.32,0.06,0.47619047619047616,0.38095238095238093,0.09523809523809523,0.8571428571428571,0.14285714285714285,24,0.46153846153846156,1.01,0.02,52,7,0.28,-3.91,-0.16,25,401866409,2026,1
399,UAlbany Great Danes,24,0.3287671232876712,12,0.2727272727272727,11,0.39285714285714285,4,0.5,5,0.2631578947368421,17,0.3333333333333333,51,0.49019607843137253,0.5098039215686274,-3.68,-0.07,6,0.11764705882352941,25,1.64,0.07,7,0.28,26,-5.32,-0.2,10,0.38461538461538464,22,0.5454545454545454,0.4090909090909091,-1.77,-0.08,8,0.36363636363636365,12,1.46,0.12,3,0.25,9,-3.27,-0.36,4,0.4444444444444444,6,5,1,21,19,2,-9.34,-0.44,0.2857142857142857,0.23809523809523808,0.047619047619047616,0.9047619047619048,0.09523809523809523,15,0.39473684210526316,-2.57,-0.07,38,8,0.23529411764705882,-10.46,-0.31,34,401866409,2026,1
38,Colorado Buffaloes,30,0.39473684210526316,8,0.27586206896551724,22,0.5,5,0.4166666666666667,7,0.4117647058823529,21,0.375,56,0.375,0.5892857142857143,-7.08,-0.13,9,0.16071428571428573,21,-3.87,-0.18,5,0.23809523809523808,33,-1.19,-0.04,16,0.48484848484848486,9,0.4444444444444444,0.4444444444444444,-2.98,-0.33,1,0.1111111111111111,4,-0.76,-0.19,0,0.0,4,-0.26,-0.06,1,0.25,9,3,6,20,8,11,1.89,0.09,0.45,0.15,0.3,0.4,0.55,21,0.4375,-0.39,-0.01,48,9,0.32142857142857145,-4.8,-0.17,28,401856776,2026,1
59,Georgia Tech Yellow Jackets,22,0.4074074074074074,13,0.48148148148148145,9,0.36,1,0.1111111111111111,5,0.38461538461538464,17,0.4146341463414634,41,0.4146341463414634,0.5365853658536586,-3.33,-0.08,9,0.21951219512195122,17,7.57,0.45,9,0.5294117647058824,22,-5.43,-0.25,8,0.36363636363636365,12,0.5833333333333334,0.3333333333333333,-4.4,-0.37,3,0.25,7,-2.23,-0.32,2,0.2857142857142857,4,-1.51,-0.38,1,0.25,5,4,1,13,10,3,-3.95,-0.3,0.38461538461538464,0.3076923076923077,0.07692307692307693,0.7692307692307693,0.23076923076923078,13,0.40625,-5.0,-0.16,32,9,0.4090909090909091,-2.27,-0.1,22,401856776,2026,1
2197,Eastern Illinois Panthers,8,0.19047619047619047,4,0.25,3,0.12,1,0.3333333333333333,3,0.23076923076923078,5,0.1724137931034483,29,0.27586206896551724,0.6896551724137931,-10.3,-0.36,1,0.034482758620689655,8,-4.21,-0.53,1,0.125,20,-7.77,-0.39,3,0.15,9,0.4444444444444444,0.5555555555555556,-6.32,-0.7,0,0.0,4,-3.13,-0.78,0,0.0,5,-3.19,-0.64,0,0.0,3,3,0,13,8,5,0.11,0.01,0.23076923076923078,0.23076923076923078,0.0,0.6153846153846154,0.38461538461538464,3,0.16666666666666666,-5.34,-0.3,18,5,0.20833333333333334,-4.85,-0.2,24,401858422,2026,1
135,Minnesota Golden Gophers,42,0.5915492957746479,21,0.6363636363636364,21,0.5526315789473685,8,0.4,10,0.6666666666666666,31,0.5636363636363636,55,0.45454545454545453,0.5454545454545454,3.4,0.06,13,0.23636363636363636,25,3.73,0.15,17,0.68,30,-0.32,-0.01,14,0.4666666666666667,15,0.6,0.4,9.92,0.66,13,0.8666666666666667,9,7.35,0.82,8,0.8888888888888888,6,2.57,0.43,5,0.8333333333333334,11,4,7,16,8,8,19.02,1.19,0.6875,0.25,0.4375,0.5,0.5,35,0.6140350877192983,11.66,0.2,57,7,0.5,10.76,0.77,14,401858422,2026,1
356,Illinois Fighting Illini,24,0.5714285714285714,13,0.7647058823529411,11,0.44,3,0.6,3,0.5,20,0.5882352941176471,34,0.47058823529411764,0.5294117647058824,19.61,0.58,7,0.20588235294117646,16,14.65,0.92,12,0.75,18,4.96,0.28,8,0.4444444444444444,15,0.4666666666666667,0.5333333333333333,6.87,0.46,9,0.6,7,9.57,1.37,6,0.8571428571428571,8,-2.7,-0.34,3,0.375,4,1,3,8,1,7,0.78,0.1,0.5,0.125,0.375,0.125,0.875,18,0.5454545454545454,11.7,0.35,33,6,0.6666666666666666,8.69,0.97,9,401858424,2026,1
5,UAB Blazers,36,0.46153846153846156,15,0.46875,21,0.45652173913043476,4,0.36363636363636365,11,0.5789473684210527,22,0.4,55,0.4,0.6,1.82,0.03,10,0.18181818181818182,22,3.31,0.15,9,0.4090909090909091,33,-1.49,-0.05,13,0.3939393939393939,10,0.5,0.5,6.17,0.62,6,0.6,5,2.28,0.46,2,0.4,5,3.89,0.78,4,0.8,14,6,8,23,10,13,11.62,0.51,0.6086956521739131,0.2608695652173913,0.34782608695652173,0.43478260869565216,0.5652173913043478,24,0.4528301886792453,7.31,0.14,53,12,0.48,6.13,0.25,25,401858424,2026,1
24,Stanford Cardinal,23,0.35384615384615387,18,0.4186046511627907,5,0.22727272727272727,0,0.0,5,0.3333333333333333,18,0.3673469387755102,49,0.6326530612244898,0.3673469387755102,-2.28,-0.05,10,0.20408163265306123,31,2.13,0.07,15,0.4838709677419355,18,-4.41,-0.24,3,0.16666666666666666,12,0.75,0.25,3.09,0.26,6,0.5,9,2.59,0.29,5,0.5555555555555556,3,0.5,0.17,1,0.3333333333333333,5,3,2,16,12,4,-5.08,-0.32,0.3125,0.1875,0.125,0.75,0.25,16,0.4,-0.0,-0.0,40,7,0.28,-7.35,-0.29,25,401858206,2026,1
2390,Miami Hurricanes,36,0.5454545454545454,23,0.6571428571428571,13,0.41935483870967744,7,0.7,8,0.7272727272727273,28,0.509090909090909,55,0.45454545454545453,0.5454545454545454,12.93,0.24,16,0.2909090909090909,25,13.6,0.54,16,0.64,30,-0.67,-0.02,12,0.4,12,0.5833333333333334,0.4166666666666667,6.55,0.55,6,0.5,7,7.77,1.11,5,0.7142857142857143,5,-1.22,-0.24,1,0.2,8,7,1,11,10,1,11.97,1.09,0.7272727272727273,0.6363636363636364,0.09090909090909091,0.9090909090909091,0.09090909090909091,28,0.5714285714285714,18.75,0.38,49,8,0.47058823529411764,6.16,0.36,17,401858206,2026,1
201,Oklahoma Sooners,29,0.4915254237288136,12,0.5714285714285714,17,0.4594594594594595,6,0.4,6,0.5454545454545454,23,0.4791666666666667,48,0.3125,0.6666666666666666,8.58,0.18,12,0.25,15,9.05,0.6,9,0.6,32,3.9,0.12,14,0.4375,6,0.5,0.5,1.46,0.24,2,0.3333333333333333,3,0.99,0.33,1,0.3333333333333333,3,0.47,0.16,1,0.3333333333333333,6,3,3,11,6,5,4.08,0.37,0.5454545454545454,0.2727272727272727,0.2727272727272727,0.5454545454545454,0.45454545454545453,23,0.5,9.36,0.2,46,6,0.46153846153846156,3.3,0.25,13,401856664,2026,1
2638,UTEP Miners,19,0.3392857142857143,9,0.4090909090909091,10,0.3125,1,0.16666666666666666,2,0.15384615384615385,16,0.4,40,0.3,0.675,-7.95,-0.2,6,0.15,12,-0.45,-0.04,7,0.5833333333333334,27,-2.48,-0.09,9,0.3333333333333333,14,0.42857142857142855,0.5,-1.28,-0.09,6,0.42857142857142855,6,0.53,0.09,3,0.5,7,0.16,0.02,3,0.42857142857142855,3,2,1,16,10,5,-12.03,-0.75,0.1875,0.125,0.0625,0.625,0.3125,17,0.425,-3.92,-0.1,40,2,0.125,-16.06,-1.0,16,401856664,2026,1
278,Fresno State Bulldogs,15,0.3409090909090909,7,0.3888888888888889,5,0.21739130434782608,1,0.25,3,0.3,11,0.34375,32,0.28125,0.6875,-3.32,-0.1,5,0.15625,9,1.82,0.2,5,0.5555555555555556,22,-5.48,-0.25,5,0.22727272727272727,6,0.3333333333333333,0.6666666666666666,-3.44,-0.57,0,0.0,2,-2.31,-1.16,0,0.0,4,-1.13,-0.28,0,0.0,3,2,0,11,9,1,-6.57,-0.6,0.2727272727272727,0.18181818181818182,0.0,0.8181818181818182,0.09090909090909091,8,0.27586206896551724,-9.68,-0.33,29,6,0.42857142857142855,-0.21,-0.01,14,401858436,2026,1
30,USC Trojans,37,0.5522388059701493,24,0.7741935483870968,13,0.3611111111111111,8,0.5714285714285714,5,0.625,31,0.543859649122807,57,0.40350877192982454,0.5964912280701754,17.41,0.31,21,0.3684210526315789,23,19.56,0.85,18,0.782608695652174,34,-2.15,-0.06,13,0.38235294117647056,9,0.3333333333333333,0.6666666666666666,7.11,0.79,6,0.6666666666666666,3,6.07,2.02,3,1.0,6,1.04,0.17,3,0.5,6,6,0,10,8,2,1.88,0.19,0.6,0.6,0.0,0.8,0.2,27,0.5192307692307693,-2.03,-0.04,52,10,0.6666666666666666,21.32,1.42,15,401858436,2026,1
2199,Eastern Michigan Eagles,21,0.3088235294117647,13,0.3023255813953488,8,0.32,1,0.3333333333333333,5,0.3125,15,0.3125,48,0.5625,0.4375,-6.77,-0.14,8,0.16666666666666666,27,1.79,0.07,11,0.4074074074074074,21,-8.56,-0.41,4,0.19047619047619047,14,0.5714285714285714,0.42857142857142855,1.89,0.14,3,0.21428571428571427,8,-3.26,-0.41,1,0.125,6,5.15,0.86,2,0.3333333333333333,6,2,4,20,16,4,-8.53,-0.43,0.3,0.1,0.2,0.8,0.2,16,0.36363636363636365,-1.9,-0.04,44,5,0.20833333333333334,-13.4,-0.56,24,401864495,2026,1
23,San José State Spartans,30,0.40540540540540543,19,0.4523809523809524,11,0.34375,1,0.3333333333333333,7,0.4375,22,0.39285714285714285,56,0.5535714285714286,0.44642857142857145,-2.46,-0.04,10,0.17857142857142858,31,0.07,0.0,13,0.41935483870967744,25,-2.53,-0.1,9,0.36,12,0.6666666666666666,0.3333333333333333,8.78,0.73,7,0.5833333333333334,8,7.75,0.97,5,0.625,4,1.03,0.26,2,0.5,8,6,2,18,11,7,2.17,0.12,0.4444444444444444,0.3333333333333333,0.1111111111111111,0.6111111111111112,0.3888888888888889,17,0.40476190476190477,1.4,0.03,42,13,0.40625,-1.69,-0.05,32,401864495,2026,1
282,Indiana State Sycamores,13,0.2826086956521739,7,0.28,6,0.3157894736842105,1,0.25,4,0.3333333333333333,9,0.2647058823529412,34,0.4411764705882353,0.5,-3.32,-0.1,5,0.14705882352941177,15,1.15,0.08,4,0.26666666666666666,17,-2.63,-0.15,5,0.29411764705882354,6,0.6666666666666666,0.16666666666666666,-4.93,-0.82,0,0.0,4,-3.18,-0.79,0,0.0,1,-0.57,-0.57,0,0.0,4,3,1,12,10,2,4.71,0.39,0.3333333333333333,0.25,0.08333333333333333,0.8333333333333334,0.16666666666666666,5,0.22727272727272727,-11.37,-0.52,22,8,0.3333333333333333,12.77,0.53,24,401858435,2026,1
2509,Purdue Boilermakers,42,0.5675675675675675,22,0.6111111111111112,20,0.5263157894736842,6,0.42857142857142855,7,0.6363636363636364,35,0.5645161290322581,62,0.43548387096774194,0.5645161290322581,16.14,0.26,19,0.3064516129032258,27,15.08,0.56,18,0.6666666666666666,35,1.07,0.03,17,0.4857142857142857,15,0.6666666666666666,0.3333333333333333,5.96,0.4,10,0.6666666666666666,10,3.62,0.36,6,0.6,5,2.34,0.47,4,0.8,7,4,3,12,9,3,4.86,0.41,0.5833333333333334,0.3333333333333333,0.25,0.75,0.25,35,0.625,16.45,0.29,56,7,0.3888888888888889,4.56,0.25,18,401858435,2026,1
2448,North Carolina A&T Aggies,16,0.3018867924528302,7,0.25,9,0.36,0,0.0,5,0.3333333333333333,11,0.2894736842105263,38,0.47368421052631576,0.5263157894736842,-4.65,-0.12,5,0.13157894736842105,18,-0.69,-0.04,4,0.2222222222222222,20,-3.96,-0.2,7,0.35,6,0.6666666666666666,0.3333333333333333,-4.41,-0.73,0,0.0,4,-3.05,-0.76,0,0.0,2,-1.36,-0.68,0,0.0,5,3,2,15,10,5,-2.92,-0.19,0.3333333333333333,0.2,0.13333333333333333,0.6666666666666666,0.3333333333333333,9,0.32142857142857145,1.8,0.06,28,7,0.28,-9.37,-0.37,25,401866623,2026,1
2247,Georgia State Panthers,45,0.6428571428571429,21,0.6363636363636364,24,0.6486486486486487,10,0.5882352941176471,7,0.6363636363636364,37,0.6379310344827587,58,0.43103448275862066,0.5689655172413793,24.97,0.43,12,0.20689655172413793,25,15.1,0.6,17,0.68,33,9.87,0.3,20,0.6060606060606061,16,0.5625,0.4375,12.39,0.77,9,0.5625,9,6.97,0.77,6,0.6666666666666666,7,5.42,0.77,3,0.42857142857142855,8,4,4,12,8,4,8.94,0.74,0.6666666666666666,0.3333333333333333,0.3333333333333333,0.6666666666666666,0.3333333333333333,36,0.6545454545454545,24.2,0.44,55,9,0.6,9.71,0.65,15,401866623,2026,1
2305,Kansas Jayhawks,44,0.5789473684210527,16,0.64,28,0.5490196078431373,13,0.6190476190476191,8,0.6153846153846154,34,0.5666666666666667,60,0.25,0.75,27.2,0.45,18,0.3,15,15.42,1.03,9,0.6,45,11.78,0.26,25,0.5555555555555556,16,0.25,0.75,11.93,0.75,11,0.6875,4,9.01,2.25,4,1.0,12,2.92,0.24,7,0.5833333333333334,10,7,3,16,10,6,12.17,0.76,0.625,0.4375,0.1875,0.625,0.375,35,0.5932203389830508,26.68,0.45,59,9,0.5294117647058824,12.69,0.75,17,401856769,2026,1
2341,Long Island University Sharks,15,0.2830188679245283,8,0.34782608695652173,7,0.25,0,0.0,3,0.23076923076923078,11,0.28205128205128205,39,0.358974358974359,0.6153846153846154,-11.35,-0.29,7,0.1794871794871795,14,-1.69,-0.12,5,0.35714285714285715,24,-8.77,-0.37,6,0.25,6,0.3333333333333333,0.5,-1.34,-0.22,2,0.3333333333333333,2,-1.02,-0.51,0,0.0,3,0.57,0.19,2,0.6666666666666666,4,3,1,14,9,4,-4.41,-0.31,0.2857142857142857,0.21428571428571427,0.07142857142857142,0.6428571428571429,0.2857142857142857,9,0.3333333333333333,-2.5,-0.09,27,6,0.23076923076923078,-13.26,-0.51,26,401856769,2026,1
127,Michigan State Spartans,39,0.47560975609756095,23,0.6216216216216216,16,0.35555555555555557,5,0.35714285714285715,6,0.3333333333333333,31,0.5081967213114754,61,0.39344262295081966,0.6065573770491803,2.71,0.04,15,0.2459016393442623,24,5.52,0.23,17,0.7083333333333334,37,-2.82,-0.08,14,0.3783783783783784,19,0.631578947368421,0.3684210526315789,2.13,0.11,12,0.631578947368421,12,1.65,0.14,9,0.75,7,0.48,0.07,3,0.42857142857142855,8,6,2,21,13,8,-0.1,-0.0,0.38095238095238093,0.2857142857142857,0.09523809523809523,0.6190476190476191,0.38095238095238093,29,0.47540983606557374,2.05,0.03,61,10,0.47619047619047616,0.56,0.03,21,401858429,2026,1
2649,Toledo Rockets,14,0.34146341463414637,9,0.391304347826087,5,0.2777777777777778,2,1.0,1,0.125,13,0.40625,32,0.5,0.5,11.17,0.35,4,0.125,16,11.79,0.74,8,0.5,16,-0.62,-0.04,5,0.3125,,,,,,,,,,,,,,,,,,1,1,0,9,7,2,-9.62,-1.07,0.1111111111111111,0.1111111111111111,0.0,0.7777777777777778,0.2222222222222222,8,0.3333333333333333,-9.35,-0.39,24,6,0.35294117647058826,10.9,0.64,17,401858429,2026,1
194,Ohio State Buckeyes,42,0.5833333333333334,27,0.6923076923076923,15,0.45454545454545453,5,0.45454545454545453,5,0.45454545454545453,35,0.5932203389830508,59,0.5084745762711864,0.4915254237288136,25.28,0.43,20,0.3389830508474576,30,23.86,0.8,23,0.7666666666666667,29,1.42,0.05,12,0.41379310344827586,13,0.7692307692307693,0.23076923076923078,11.33,0.87,10,0.7692307692307693,10,10.11,1.01,9,0.9,3,1.22,0.41,1,0.3333333333333333,7,4,3,13,9,4,8.74,0.67,0.5384615384615384,0.3076923076923077,0.23076923076923078,0.6923076923076923,0.3076923076923077,35,0.6481481481481481,32.02,0.59,54,7,0.3888888888888889,2.0,0.11,18,401858432,2026,1
2050,Ball State Cardinals,13,0.22033898305084745,8,0.21052631578947367,5,0.23809523809523808,,,3,0.21428571428571427,10,0.22727272727272727,44,0.6136363636363636,0.38636363636363635,-12.81,-0.29,8,0.18181818181818182,27,-5.65,-0.21,6,0.2222222222222222,17,-7.17,-0.42,4,0.23529411764705882,16,0.6875,0.3125,-4.16,-0.26,4,0.25,11,-2.51,-0.23,2,0.18181818181818182,5,-1.65,-0.33,2,0.4,3,2,1,15,11,4,-10.82,-0.72,0.2,0.13333333333333333,0.06666666666666667,0.7333333333333333,0.26666666666666666,8,0.25,-6.7,-0.21,32,5,0.18518518518518517,-16.94,-0.63,27,401858432,2026,1
68,Boise State Broncos,26,0.40625,12,0.375,14,0.4375,4,0.36363636363636365,4,0.26666666666666666,20,0.43478260869565216,46,0.41304347826086957,0.5869565217391305,2.51,0.05,6,0.13043478260869565,19,7.07,0.37,10,0.5263157894736842,27,-4.55,-0.17,10,0.37037037037037035,8,0.375,0.625,-2.84,-0.36,3,0.375,3,-3.22,-1.07,0,0.0,5,0.37,0.07,3,0.6,6,2,4,18,13,5,-5.53,-0.31,0.3333333333333333,0.1111111111111111,0.2222222222222222,0.7222222222222222,0.2777777777777778,21,0.45652173913043476,2.07,0.05,46,5,0.2777777777777778,-5.09,-0.28,18,401858433,2026,1
2483,Oregon Ducks,29,0.453125,18,0.45,11,0.4583333333333333,4,0.5,4,0.3333333333333333,25,0.5102040816326531,49,0.5714285714285714,0.42857142857142855,21.03,0.43,11,0.22448979591836735,28,18.14,0.65,15,0.5357142857142857,21,2.89,0.14,10,0.47619047619047616,16,0.625,0.375,6.95,0.43,6,0.375,10,7.06,0.71,4,0.4,6,-0.11,-0.02,2,0.3333333333333333,4,3,1,15,12,3,-8.18,-0.55,0.26666666666666666,0.2,0.06666666666666667,0.8,0.2,21,0.45652173913043476,3.96,0.09,46,8,0.4444444444444444,8.89,0.49,18,401858433,2026,1
2634,Tennessee State Tigers,19,0.3333333333333333,11,0.39285714285714285,8,0.27586206896551724,0,0.0,6,0.375,13,0.325,40,0.375,0.625,-11.19,-0.28,2,0.05,15,-2.88,-0.19,7,0.4666666666666667,25,-8.31,-0.33,6,0.24,10,0.6,0.4,-3.68,-0.37,2,0.2,6,-1.12,-0.19,2,0.3333333333333333,4,-2.57,-0.64,0,0.0,6,4,2,17,13,4,-4.58,-0.27,0.35294117647058826,0.23529411764705882,0.11764705882352941,0.7647058823529411,0.23529411764705882,14,0.42424242424242425,-4.52,-0.14,33,5,0.20833333333333334,-11.25,-0.47,24,401856658,2026,1
61,Georgia Bulldogs,41,0.6949152542372882,23,0.696969696969697,18,0.6923076923076923,10,0.9090909090909091,4,0.6666666666666666,37,0.7115384615384616,52,0.5576923076923077,0.4423076923076923,32.55,0.63,19,0.36538461538461536,29,19.46,0.67,21,0.7241379310344828,23,13.09,0.57,16,0.6956521739130435,8,0.625,0.375,1.46,0.18,4,0.5,5,1.35,0.27,3,0.6,3,0.11,0.04,1,0.3333333333333333,4,2,2,7,4,3,1.91,0.27,0.5714285714285714,0.2857142857142857,0.2857142857142857,0.5714285714285714,0.42857142857142855,35,0.7446808510638298,28.48,0.61,47,6,0.5,5.98,0.5,12,401856658,2026,1
251,Texas Longhorns,39,0.5571428571428572,24,0.6857142857142857,15,0.42857142857142855,9,0.5,11,0.7333333333333333,26,0.49056603773584906,53,0.41509433962264153,0.5849056603773585,6.47,0.12,12,0.22641509433962265,22,6.91,0.31,14,0.6363636363636364,31,-0.43,-0.01,12,0.3870967741935484,21,0.5714285714285714,0.42857142857142855,3.26,0.16,10,0.47619047619047616,12,7.34,0.61,8,0.6666666666666666,9,-4.08,-0.45,2,0.2222222222222222,13,10,3,17,13,4,24.08,1.42,0.7647058823529411,0.5882352941176471,0.17647058823529413,0.7647058823529411,0.23529411764705882,25,0.5434782608695652,18.77,0.41,46,14,0.5833333333333334,11.78,0.49,24,401856667,2026,1
326,Texas State Bobcats,33,0.4714285714285714,16,0.5161290322580645,17,0.4594594594594595,1,0.25,8,0.5714285714285714,24,0.4528301886792453,53,0.39622641509433965,0.5660377358490566,-6.39,-0.12,8,0.1509433962264151,21,-4.66,-0.22,10,0.47619047619047616,30,2.39,0.08,14,0.4666666666666667,5,0.4,0.6,-0.32,-0.06,4,0.8,2,-3.73,-1.86,1,0.5,3,3.41,1.14,3,1.0,9,6,3,17,10,7,0.72,0.04,0.5294117647058824,0.35294117647058826,0.17647058823529413,0.5882352941176471,0.4117647058823529,24,0.43636363636363634,-9.9,-0.18,55,9,0.6,4.23,0.28,15,401856667,2026,1
84,Indiana Hoosiers,25,0.5555555555555556,12,0.8,13,0.43333333333333335,11,0.6111111111111112,5,0.625,18,0.5142857142857142,35,0.2857142857142857,0.7142857142857143,13.71,0.39,6,0.17142857142857143,10,12.31,1.23,8,0.8,25,1.4,0.06,10,0.4,5,0.4,0.6,-0.44,-0.09,2,0.4,2,-1.29,-0.64,0,0.0,3,0.85,0.28,2,0.6666666666666666,7,4,3,10,5,5,12.21,1.22,0.7,0.4,0.3,0.5,0.5,17,0.5483870967741935,12.26,0.4,31,8,0.5714285714285714,13.66,0.98,14,401858425,2026,1
249,North Texas Mean Green,29,0.43283582089552236,15,0.5,14,0.3783783783783784,2,0.4,6,0.4,22,0.4489795918367347,49,0.3469387755102041,0.6530612244897959,5.35,0.11,10,0.20408163265306123,17,3.93,0.23,9,0.5294117647058824,32,1.42,0.04,13,0.40625,18,0.5555555555555556,0.4444444444444444,10.69,0.59,13,0.7222222222222222,10,8.17,0.82,8,0.8,8,2.52,0.32,5,0.625,7,6,1,18,13,5,1.85,0.1,0.3888888888888889,0.3333333333333333,0.05555555555555555,0.7222222222222222,0.2777777777777778,21,0.4666666666666667,3.23,0.07,45,8,0.36363636363636365,3.97,0.18,22,401858425,2026,1
245,Texas A&M Aggies,52,0.5909090909090909,22,0.55,28,0.6222222222222222,12,0.7058823529411765,7,0.5,41,0.5942028985507246,69,0.4492753623188406,0.5507246376811594,18.35,0.27,19,0.2753623188405797,31,9.96,0.32,17,0.5483870967741935,38,8.39,0.22,24,0.631578947368421,16,0.5,0.5,4.55,0.28,9,0.5625,8,3.71,0.46,5,0.625,8,0.84,0.1,4,0.5,11,5,4,18,9,7,7.71,0.43,0.6111111111111112,0.2777777777777778,0.2222222222222222,0.5,0.3888888888888889,39,0.6190476190476191,18.25,0.29,63,13,0.5416666666666666,7.82,0.33,24,401856668,2026,1
2623,Missouri State Bears,6,0.15,1,0.05555555555555555,5,0.23809523809523808,,,2,0.18181818181818182,3,0.1111111111111111,27,0.3333333333333333,0.6296296296296297,-15.68,-0.58,1,0.037037037037037035,9,-7.73,-0.86,0,0.0,17,-4.76,-0.28,3,0.17647058823529413,3,0.0,0.6666666666666666,-3.77,-1.26,0,0.0,,,,,,2,-0.57,-0.29,0,0.0,3,1,2,13,9,4,-8.29,-0.64,0.23076923076923078,0.07692307692307693,0.15384615384615385,0.6923076923076923,0.3076923076923077,6,0.23076923076923078,-10.14,-0.39,26,0,0.0,-13.83,-0.99,14,401856668,2026,1
99,LSU Tigers,48,0.5052631578947369,18,0.5,30,0.5084745762711864,5,0.5555555555555556,10,0.625,37,0.47435897435897434,78,0.3717948717948718,0.6282051282051282,15.75,0.2,19,0.24358974358974358,29,4.67,0.16,13,0.4482758620689655,49,11.08,0.23,24,0.4897959183673469,11,0.36363636363636365,0.6363636363636364,6.33,0.58,7,0.6363636363636364,4,2.31,0.58,2,0.5,7,4.03,0.58,5,0.7142857142857143,11,5,6,17,7,10,7.24,0.43,0.6470588235294118,0.29411764705882354,0.35294117647058826,0.4117647058823529,0.5882352941176471,32,0.47058823529411764,6.8,0.1,68,16,0.5925925925925926,16.19,0.6,27,401856660,2026,1
228,Clemson Tigers,14,0.2916666666666667,7,0.2692307692307692,7,0.3181818181818182,2,1.0,1,0.07692307692307693,13,0.37142857142857144,35,0.5142857142857142,0.4857142857142857,-7.99,-0.23,5,0.14285714285714285,18,-5.68,-0.32,6,0.3333333333333333,17,-2.31,-0.14,7,0.4117647058823529,9,0.7777777777777778,0.2222222222222222,-3.62,-0.4,2,0.2222222222222222,7,-2.73,-0.39,2,0.2857142857142857,2,-0.89,-0.45,0,0.0,1,1,0,13,8,5,-13.77,-1.06,0.07692307692307693,0.07692307692307693,0.0,0.6153846153846154,0.38461538461538464,11,0.39285714285714285,-4.8,-0.17,28,3,0.15,-16.96,-0.85,20,401856660,2026,1
2000,Abilene Christian Wildcats,23,0.3770491803278688,13,0.37142857142857144,10,0.4,0,0.0,6,0.4,17,0.37777777777777777,45,0.5777777777777777,0.4,-6.91,-0.15,5,0.1111111111111111,26,-3.55,-0.14,11,0.4230769230769231,18,-2.65,-0.15,6,0.3333333333333333,15,0.6,0.3333333333333333,-8.12,-0.54,4,0.26666666666666666,9,-7.4,-0.82,1,0.1111111111111111,5,-0.01,-0.0,3,0.6,6,2,4,16,9,7,-6.48,-0.41,0.375,0.125,0.25,0.5625,0.4375,11,0.3235294117647059,-12.92,-0.38,34,12,0.4444444444444444,-0.47,-0.02,27,401856770,2026,1
2641,Texas Tech Red Raiders,32,0.4383561643835616,17,0.5,15,0.38461538461538464,3,0.2,5,0.4166666666666667,26,0.43333333333333335,60,0.4666666666666667,0.5333333333333333,10.91,0.18,17,0.2833333333333333,28,11.64,0.42,15,0.5357142857142857,32,-0.73,-0.02,11,0.34375,10,0.8,0.2,-2.62,-0.26,2,0.2,8,-1.87,-0.23,2,0.25,2,-0.75,-0.38,0,0.0,6,2,4,13,6,7,0.41,0.03,0.46153846153846156,0.15384615384615385,0.3076923076923077,0.46153846153846156,0.5384615384615384,27,0.47368421052631576,6.95,0.12,57,5,0.3125,4.37,0.27,16,401856770,2026,1
151,East Carolina Pirates,14,0.34146341463414637,8,0.36363636363636365,6,0.3157894736842105,1,0.25,0,0.0,14,0.4375,32,0.5,0.5,-2.73,-0.09,5,0.15625,16,2.68,0.17,8,0.5,16,-5.4,-0.34,6,0.375,9,0.4444444444444444,0.5555555555555556,-3.17,-0.35,4,0.4444444444444444,4,-3.78,-0.94,1,0.25,5,0.6,0.12,3,0.6,0,0,0,9,6,3,-9.88,-1.1,0.0,0.0,0.0,0.6666666666666666,0.3333333333333333,9,0.36,-4.04,-0.16,25,5,0.3125,-8.56,-0.54,16,401856634,2026,1
333,Alabama Crimson Tide,43,0.5443037974683544,14,0.4375,29,0.6170212765957447,11,0.5789473684210527,9,0.6,33,0.5238095238095238,63,0.38095238095238093,0.6190476190476191,-1.75,-0.03,15,0.23809523809523808,24,-0.67,-0.03,10,0.4166666666666667,39,-1.08,-0.03,23,0.5897435897435898,13,0.6153846153846154,0.38461538461538464,-2.8,-0.22,5,0.38461538461538464,8,0.49,0.06,3,0.375,5,-3.28,-0.66,2,0.4,10,4,6,16,8,8,13.42,0.84,0.625,0.25,0.375,0.5,0.5,30,0.5357142857142857,4.98,0.09,56,13,0.5652173913043478,6.69,0.29,23,401856634,2026,1
3101,Utah Tech Trailblazers,18,0.32142857142857145,10,0.3125,8,0.34782608695652173,1,0.16666666666666666,5,0.38461538461538464,12,0.2857142857142857,42,0.5,0.5,-18.9,-0.45,4,0.09523809523809523,21,-14.71,-0.7,5,0.23809523809523808,21,-4.19,-0.2,7,0.3333333333333333,8,0.5,0.5,-3.38,-0.42,1,0.125,4,-2.81,-0.7,0,0.0,4,-0.58,-0.14,1,0.25,6,5,1,14,11,2,3.44,0.25,0.42857142857142855,0.35714285714285715,0.07142857142857142,0.7857142857142857,0.14285714285714285,11,0.3055555555555556,-12.79,-0.36,36,7,0.35,-2.67,-0.13,20,401856775,2026,1
252,BYU Cougars,50,0.7575757575757576,17,0.7391304347826086,33,0.7674418604651163,9,0.6428571428571429,9,0.8181818181818182,41,0.7454545454545455,55,0.34545454545454546,0.6545454545454545,21.29,0.39,17,0.3090909090909091,19,7.45,0.39,15,0.7894736842105263,36,13.83,0.38,26,0.7222222222222222,11,0.2727272727272727,0.7272727272727273,8.45,0.77,9,0.8181818181818182,3,1.02,0.34,2,0.6666666666666666,8,7.43,0.93,7,0.875,9,2,7,11,4,7,9.26,0.84,0.8181818181818182,0.18181818181818182,0.6363636363636364,0.36363636363636365,0.6363636363636364,46,0.7796610169491526,25.76,0.44,59,4,0.5714285714285714,4.79,0.68,7,401856775,2026,1
130,Michigan Wolverines,24,0.5,11,0.4583333333333333,13,0.5652173913043478,4,0.6666666666666666,4,0.4,19,0.5135135135135135,37,0.4594594594594595,0.5135135135135135,-0.67,-0.02,7,0.1891891891891892,17,1.62,0.1,9,0.5294117647058824,19,-0.3,-0.02,10,0.5263157894736842,9,0.5555555555555556,0.4444444444444444,1.04,0.12,7,0.7777777777777778,5,0.0,0.0,3,0.6,4,1.04,0.26,4,1.0,5,2,3,11,7,4,3.72,0.34,0.45454545454545453,0.18181818181818182,0.2727272727272727,0.6363636363636364,0.36363636363636365,21,0.6176470588235294,2.93,0.09,34,3,0.21428571428571427,0.12,0.01,14,401858428,2026,1
2711,Western Michigan Broncos,26,0.3939393939393939,8,0.3333333333333333,18,0.43902439024390244,2,0.4,9,0.5,17,0.3617021276595745,47,0.3404255319148936,0.6595744680851063,-8.92,-0.19,6,0.1276595744680851,16,-5.94,-0.37,4,0.25,31,-2.97,-0.1,13,0.41935483870967744,9,0.4444444444444444,0.5555555555555556,-2.69,-0.3,3,0.3333333333333333,4,-2.67,-0.67,1,0.25,5,-0.02,-0.0,2,0.4,9,4,5,19,8,10,-4.49,-0.24,0.47368421052631576,0.21052631578947367,0.2631578947368421,0.42105263157894735,0.5263157894736842,17,0.38636363636363635,-11.32,-0.26,44,9,0.4090909090909091,-2.08,-0.09,22,401858428,2026,1
276,Marshall Thundering Herd,19,0.35185185185185186,13,0.43333333333333335,6,0.2857142857142857,,,2,0.16666666666666666,17,0.4146341463414634,41,0.5121951219512195,0.43902439024390244,-2.73,-0.07,7,0.17073170731707318,21,5.15,0.25,11,0.5238095238095238,18,-2.53,-0.14,6,0.3333333333333333,17,0.5882352941176471,0.29411764705882354,-1.46,-0.09,9,0.5294117647058824,10,3.03,0.3,7,0.7,5,0.2,0.04,2,0.4,2,2,0,13,9,3,-15.56,-1.2,0.15384615384615385,0.15384615384615385,0.0,0.6923076923076923,0.23076923076923078,14,0.4,-11.9,-0.34,35,5,0.2631578947368421,-6.39,-0.34,19,401858434,2026,1
213,Penn State Nittany Lions,37,0.5138888888888888,17,0.6071428571428571,20,0.45454545454545453,7,0.5,10,0.625,25,0.46296296296296297,54,0.35185185185185186,0.6481481481481481,8.23,0.15,10,0.18518518518518517,19,10.67,0.56,11,0.5789473684210527,35,-2.45,-0.07,14,0.4,8,0.625,0.375,6.78,0.85,6,0.75,5,6.35,1.27,4,0.8,3,0.43,0.14,2,0.6666666666666666,12,6,6,18,9,9,13.25,0.74,0.6666666666666666,0.3333333333333333,0.3333333333333333,0.5,0.5,29,0.5087719298245614,14.69,0.26,57,8,0.5333333333333333,6.79,0.45,15,401858434,2026,1
231,Furman Paladins,16,0.2807017543859649,3,0.10714285714285714,13,0.4642857142857143,,,5,0.3333333333333333,11,0.275,40,0.5,0.5,-12.07,-0.3,5,0.125,20,-12.47,-0.62,3,0.15,20,0.4,0.02,8,0.4,7,0.5714285714285714,0.2857142857142857,-2.89,-0.41,2,0.2857142857142857,4,-0.04,-0.01,2,0.5,2,-1.37,-0.69,0,0.0,5,0,5,17,8,8,-7.62,-0.45,0.29411764705882354,0.0,0.29411764705882354,0.47058823529411764,0.47058823529411764,9,0.2571428571428571,-18.01,-0.51,35,7,0.3181818181818182,-1.68,-0.08,22,401856666,2026,1
2633,Tennessee Volunteers,44,0.5945945945945946,19,0.6785714285714286,25,0.5681818181818182,7,0.5833333333333334,5,0.45454545454545453,37,0.6166666666666667,60,0.4166666666666667,0.5666666666666667,21.79,0.36,17,0.2833333333333333,25,14.17,0.57,17,0.68,34,12.13,0.36,20,0.5882352941176471,17,0.35294117647058826,0.6470588235294118,16.67,0.98,13,0.7647058823529411,6,7.39,1.23,4,0.6666666666666666,11,9.29,0.84,9,0.8181818181818182,7,2,5,14,3,10,4.63,0.33,0.5,0.14285714285714285,0.35714285714285715,0.21428571428571427,0.7142857142857143,37,0.6065573770491803,22.05,0.36,61,7,0.5384615384615384,4.37,0.34,13,401856666,2026,1
2294,Iowa Hawkeyes,38,0.48717948717948717,21,0.525,17,0.4473684210526316,7,0.4117647058823529,7,0.5,31,0.5081967213114754,61,0.45901639344262296,0.5409836065573771,13.07,0.21,16,0.26229508196721313,28,7.48,0.27,17,0.6071428571428571,33,5.58,0.17,14,0.42424242424242425,19,0.7368421052631579,0.2631578947368421,-0.89,-0.05,9,0.47368421052631576,14,-1.74,-0.12,6,0.42857142857142855,5,0.85,0.17,3,0.6,7,4,3,17,12,5,-5.25,-0.31,0.4117647058823529,0.23529411764705882,0.17647058823529413,0.7058823529411765,0.29411764705882354,28,0.5384615384615384,8.55,0.16,52,10,0.38461538461538464,-0.73,-0.03,26,401858426,2026,1
2459,Northern Illinois Huskies,13,0.24074074074074073,8,0.26666666666666666,5,0.21739130434782608,,,3,0.2,10,0.2564102564102564,39,0.48717948717948717,0.5128205128205128,-12.75,-0.33,3,0.07692307692307693,19,-4.89,-0.26,6,0.3157894736842105,20,-7.85,-0.39,4,0.2,7,0.42857142857142855,0.5714285714285714,-3.92,-0.56,1,0.14285714285714285,3,-2.84,-0.95,0,0.0,4,-1.08,-0.27,1,0.25,3,2,1,15,11,3,-11.22,-0.75,0.2,0.13333333333333333,0.06666666666666667,0.7333333333333333,0.2,7,0.23333333333333334,-15.49,-0.52,30,6,0.25,-8.48,-0.35,24,401858426,2026,1
248,Houston Cougars,35,0.4861111111111111,17,0.53125,18,0.46153846153846156,6,0.46153846153846156,8,0.6153846153846154,26,0.4482758620689655,58,0.4827586206896552,0.5,6.78,0.12,13,0.22413793103448276,28,5.58,0.2,14,0.5,29,5.38,0.19,12,0.41379310344827586,14,0.42857142857142855,0.5714285714285714,1.77,0.13,6,0.42857142857142855,6,4.24,0.71,4,0.6666666666666666,8,-2.47,-0.31,2,0.25,9,3,6,14,4,10,8.83,0.63,0.6428571428571429,0.21428571428571427,0.42857142857142855,0.2857142857142857,0.7142857142857143,24,0.47058823529411764,3.04,0.06,51,11,0.5238095238095238,12.57,0.6,21,401856778,2026,1
204,Oregon State Beavers,32,0.4383561643835616,26,0.5,6,0.2857142857142857,5,0.7142857142857143,5,0.3333333333333333,25,0.4716981132075472,53,0.660377358490566,0.33962264150943394,11.82,0.22,14,0.2641509433962264,35,14.32,0.41,20,0.5714285714285714,18,-2.5,-0.14,5,0.2777777777777778,10,0.8,0.2,-3.41,-0.34,3,0.3,8,-2.48,-0.31,3,0.375,2,-0.93,-0.46,0,0.0,7,6,1,20,17,3,-4.76,-0.24,0.35,0.3,0.05,0.85,0.15,21,0.4666666666666667,8.32,0.18,45,11,0.39285714285714285,-1.27,-0.05,28,401856778,2026,1
324,Coastal Carolina Chanticleers,27,0.421875,18,0.42857142857142855,9,0.4090909090909091,2,0.3333333333333333,2,0.2,24,0.46153846153846156,52,0.6346153846153846,0.36538461538461536,14.57,0.28,12,0.23076923076923078,33,12.77,0.39,16,0.48484848484848486,19,1.8,0.09,8,0.42105263157894735,10,0.6,0.4,-1.32,-0.13,3,0.3,6,-0.28,-0.05,2,0.3333333333333333,4,-1.04,-0.26,1,0.25,3,2,1,12,9,3,-7.05,-0.59,0.25,0.16666666666666666,0.08333333333333333,0.75,0.25,17,0.4146341463414634,-5.97,-0.15,41,10,0.43478260869565216,13.49,0.59,23,401856780,2026,1
277,West Virginia Mountaineers,29,0.3972602739726027,7,0.4666666666666667,22,0.39285714285714285,5,0.45454545454545453,9,0.5,19,0.35185185185185186,54,0.1111111111111111,0.8703703703703703,4.32,0.08,6,0.1111111111111111,6,0.5,0.08,2,0.3333333333333333,47,6.98,0.15,17,0.3617021276595745,10,0.2,0.8,3.9,0.39,6,0.6,2,1.65,0.82,1,0.5,8,2.25,0.28,5,0.625,10,5,5,19,9,9,3.86,0.2,0.5263157894736842,0.2631578947368421,0.2631578947368421,0.47368421052631576,0.47368421052631576,23,0.4423076923076923,9.21,0.18,52,6,0.2857142857142857,-1.04,-0.05,21,401856780,2026,1
160,New Hampshire Wildcats,21,0.3442622950819672,10,0.3225806451612903,10,0.37037037037037035,,,6,0.4,14,0.3181818181818182,44,0.4318181818181818,0.5227272727272727,-21.81,-0.5,4,0.09090909090909091,19,-7.91,-0.42,6,0.3157894736842105,23,-4.18,-0.18,8,0.34782608695652173,15,0.6666666666666666,0.26666666666666666,3.68,0.25,6,0.4,10,-1.4,-0.14,3,0.3,4,-0.3,-0.08,2,0.5,7,4,2,17,12,4,-0.58,-0.03,0.4117647058823529,0.23529411764705882,0.11764705882352941,0.7058823529411765,0.23529411764705882,11,0.3333333333333333,-14.18,-0.43,33,10,0.35714285714285715,-8.22,-0.29,28,401858208,2026,1
183,Syracuse Orange,43,0.5657894736842105,20,0.5405405405405406,23,0.5897435897435898,13,0.52,8,0.6666666666666666,35,0.5555555555555556,63,0.47619047619047616,0.5238095238095238,20.64,0.33,18,0.2857142857142857,30,12.39,0.41,17,0.5666666666666667,33,8.25,0.25,18,0.5454545454545454,9,0.4444444444444444,0.5555555555555556,4.11,0.46,5,0.5555555555555556,4,-1.2,-0.3,1,0.25,5,5.3,1.06,4,0.8,8,3,5,13,7,6,5.46,0.42,0.6153846153846154,0.23076923076923078,0.38461538461538464,0.5384615384615384,0.46153846153846156,33,0.5789473684210527,15.34,0.27,57,10,0.5263157894736842,10.75,0.57,19,401858208,2026,1
158,Nebraska Cornhuskers,39,0.527027027027027,16,0.47058823529411764,23,0.5897435897435898,9,0.6,10,0.6666666666666666,28,0.49122807017543857,57,0.42105263157894735,0.5614035087719298,12.38,0.22,15,0.2631578947368421,24,7.17,0.3,11,0.4583333333333333,32,7.05,0.22,17,0.53125,13,0.6153846153846154,0.38461538461538464,-5.66,-0.44,5,0.38461538461538464,8,-5.4,-0.67,2,0.25,5,-0.26,-0.05,3,0.6,11,5,6,17,10,7,15.82,0.93,0.6470588235294118,0.29411764705882354,0.35294117647058826,0.5882352941176471,0.4117647058823529,27,0.4909090909090909,17.35,0.32,55,12,0.631578947368421,10.85,0.57,19,401858430,2026,1
195,Ohio Bobcats,27,0.4153846153846154,11,0.3235294117647059,16,0.5161290322580645,3,0.6,7,0.4666666666666667,19,0.3877551020408163,49,0.4897959183673469,0.5102040816326531,0.68,0.01,9,0.1836734693877551,24,-1.45,-0.06,7,0.2916666666666667,25,2.13,0.09,12,0.48,11,0.36363636363636365,0.6363636363636364,0.37,0.03,6,0.5454545454545454,4,-1.94,-0.49,1,0.25,7,2.31,0.33,5,0.7142857142857143,8,4,4,16,10,6,-1.64,-0.1,0.5,0.25,0.25,0.625,0.375,20,0.4878048780487805,11.12,0.27,41,7,0.2916666666666667,-12.08,-0.5,24,401858430,2026,1
41,UConn Huskies,38,0.5277777777777778,19,0.59375,19,0.48717948717948717,4,0.4444444444444444,7,0.5833333333333334,29,0.5087719298245614,57,0.3508771929824561,0.631578947368421,21.69,0.38,16,0.2807017543859649,20,12.39,0.62,12,0.6,36,10.19,0.28,17,0.4722222222222222,11,0.45454545454545453,0.5454545454545454,3.32,0.3,5,0.45454545454545453,5,-0.41,-0.08,3,0.6,6,3.73,0.62,2,0.3333333333333333,9,7,2,15,12,3,10.97,0.73,0.6,0.4666666666666667,0.13333333333333333,0.8,0.2,29,0.5471698113207547,19.2,0.36,53,9,0.47368421052631576,13.46,0.71,19,401861962,2026,1
322,Lafayette Leopards,20,0.28169014084507044,11,0.2558139534883721,9,0.32142857142857145,1,0.3333333333333333,6,0.35294117647058826,14,0.2641509433962264,53,0.5471698113207547,0.4528301886792453,-11.6,-0.22,7,0.1320754716981132,29,-5.94,-0.2,8,0.27586206896551724,24,-5.66,-0.24,6,0.25,13,0.7692307692307693,0.23076923076923078,-4.0,-0.31,3,0.23076923076923078,10,-4.0,-0.4,2,0.2,3,-0.0,-0.0,1,0.3333333333333333,6,3,3,18,14,4,-5.16,-0.29,0.3333333333333333,0.16666666666666666,0.16666666666666666,0.7777777777777778,0.2222222222222222,15,0.38461538461538464,-1.93,-0.05,39,5,0.15625,-14.83,-0.46,32,401861962,2026,1
349,Army Black Knights,48,0.6956521739130435,6,0.46153846153846156,42,0.75,9,0.8181818181818182,6,0.6666666666666666,41,0.6949152542372882,59,0.2033898305084746,0.7966101694915254,23.68,0.4,20,0.3389830508474576,12,0.17,0.01,6,0.5,47,23.51,0.5,35,0.7446808510638298,14,0.21428571428571427,0.7857142857142857,6.26,0.45,11,0.7857142857142857,3,-0.41,-0.14,2,0.6666666666666666,11,6.67,0.61,9,0.8181818181818182,7,0,7,10,1,9,14.45,1.45,0.7,0.0,0.7,0.1,0.9,41,0.7321428571428571,32.03,0.57,56,7,0.5384615384615384,6.11,0.47,13,401862701,2026,1
2803,Bryant Bulldogs,21,0.39622641509433965,9,0.36,12,0.42857142857142855,0,0.0,3,0.21428571428571427,18,0.47368421052631576,38,0.3684210526315789,0.631578947368421,-5.37,-0.14,5,0.13157894736842105,14,-1.49,-0.11,7,0.5,24,-3.88,-0.16,11,0.4583333333333333,10,0.5,0.5,-3.82,-0.38,2,0.2,5,-0.38,-0.08,1,0.2,5,-3.44,-0.69,1,0.2,3,2,1,15,11,4,-9.62,-0.64,0.2,0.13333333333333333,0.06666666666666667,0.7333333333333333,0.26666666666666666,15,0.45454545454545453,-7.36,-0.22,33,6,0.3,-7.63,-0.38,20,401862701,2026,1
2627,Tarleton State Texans,25,0.43859649122807015,11,0.44,14,0.45161290322580644,5,0.4166666666666667,2,0.2,21,0.5,42,0.42857142857142855,0.5714285714285714,15.07,0.36,11,0.2619047619047619,18,9.21,0.51,9,0.5,24,5.87,0.24,12,0.5,10,0.4,0.6,1.6,0.16,4,0.4,4,2.83,0.71,2,0.5,6,-1.23,-0.21,2,0.3333333333333333,4,2,2,15,7,7,-12.7,-0.85,0.26666666666666666,0.13333333333333333,0.13333333333333333,0.4666666666666667,0.4666666666666667,20,0.5,10.25,0.26,40,5,0.29411764705882354,-7.88,-0.46,17,401866410,2026,1
189,Bowling Green Falcons,30,0.45454545454545453,20,0.6666666666666666,10,0.29411764705882354,3,0.42857142857142855,7,0.5384615384615384,22,0.43137254901960786,51,0.39215686274509803,0.5686274509803921,-2.47,-0.05,12,0.23529411764705882,20,10.28,0.51,13,0.65,29,-4.98,-0.17,9,0.3103448275862069,9,0.4444444444444444,0.5555555555555556,6.75,0.75,5,0.5555555555555556,4,4.58,1.14,3,0.75,5,2.17,0.43,2,0.4,8,7,1,15,10,5,-1.14,-0.08,0.5333333333333333,0.4666666666666667,0.06666666666666667,0.6666666666666666,0.3333333333333333,24,0.5106382978723404,-3.81,-0.08,47,6,0.3157894736842105,0.2,0.01,19,401866410,2026,1
256,James Madison Dukes,20,0.4,7,0.3684210526315789,13,0.41935483870967744,5,0.45454545454545453,4,0.36363636363636365,16,0.41025641025641024,39,0.3076923076923077,0.6923076923076923,6.76,0.17,8,0.20512820512820512,12,2.76,0.23,5,0.4166666666666667,27,4.0,0.15,11,0.4074074074074074,8,0.75,0.25,0.55,0.07,4,0.5,6,1.7,0.28,3,0.5,2,-1.15,-0.57,1,0.5,4,2,2,11,7,4,-2.23,-0.2,0.36363636363636365,0.18181818181818182,0.18181818181818182,0.6363636363636364,0.36363636363636365,15,0.4166666666666667,4.46,0.12,36,5,0.35714285714285715,0.06,0.0,14,401869960,2026,1
2335,Liberty Flames,28,0.42424242424242425,15,0.5172413793103449,12,0.34285714285714286,1,0.14285714285714285,7,0.4375,20,0.425531914893617,47,0.3829787234042553,0.574468085106383,3.7,0.08,7,0.14893617021276595,18,9.19,0.51,11,0.6111111111111112,27,-3.88,-0.14,8,0.2962962962962963,9,0.6666666666666666,0.3333333333333333,-0.74,-0.08,3,0.3333333333333333,6,0.44,0.07,3,0.5,3,-1.17,-0.39,0,0.0,8,4,4,19,11,8,-3.71,-0.2,0.42105263157894735,0.21052631578947367,0.21052631578947367,0.5789473684210527,0.42105263157894735,16,0.37209302325581395,-2.75,-0.06,43,12,0.5217391304347826,2.74,0.12,23,401869960,2026,1
193,Miami (OH) RedHawks,17,0.29310344827586204,14,0.358974358974359,3,0.15789473684210525,1,1.0,3,0.21428571428571427,13,0.3023255813953488,43,0.6046511627906976,0.3953488372093023,1.65,0.04,8,0.18604651162790697,26,7.74,0.3,11,0.4230769230769231,17,-6.09,-0.36,2,0.11764705882352941,9,0.6666666666666666,0.3333333333333333,-3.36,-0.37,1,0.1111111111111111,6,-2.15,-0.36,1,0.16666666666666666,3,-1.21,-0.4,0,0.0,4,3,1,15,13,2,-1.4,-0.09,0.26666666666666666,0.2,0.06666666666666667,0.8666666666666667,0.13333333333333333,10,0.3125,4.14,0.13,32,7,0.2692307692307692,-3.89,-0.15,26,401858207,2026,1
221,Pittsburgh Panthers,44,0.5789473684210527,33,0.717391304347826,11,0.3793103448275862,4,0.5,8,0.7272727272727273,36,0.5625,64,0.625,0.359375,22.35,0.35,18,0.28125,40,24.16,0.6,28,0.7,23,-0.93,-0.04,8,0.34782608695652173,18,0.8333333333333334,0.16666666666666666,5.65,0.31,10,0.5555555555555556,15,4.81,0.32,9,0.6,3,0.84,0.28,1,0.3333333333333333,8,5,3,12,6,6,13.7,1.14,0.6666666666666666,0.4166666666666667,0.25,0.5,0.5,31,0.543859649122807,15.69,0.28,57,13,0.6842105263157895,20.36,1.07,19,401858207,2026,1
2309,Kent State Golden Flashes,14,0.2916666666666667,6,0.25,8,0.3333333333333333,,,5,0.35714285714285715,9,0.2647058823529412,34,0.47058823529411764,0.5294117647058824,-10.16,-0.3,4,0.11764705882352941,16,-9.03,-0.56,3,0.1875,18,-1.13,-0.06,6,0.3333333333333333,12,0.5,0.5,-1.21,-0.1,4,0.3333333333333333,6,-2.66,-0.44,1,0.16666666666666666,6,1.45,0.24,3,0.5,5,3,2,14,8,6,-0.9,-0.06,0.35714285714285715,0.21428571428571427,0.14285714285714285,0.5714285714285714,0.42857142857142855,10,0.38461538461538464,-2.99,-0.12,26,4,0.18181818181818182,-8.07,-0.37,22,401856665,2026,1
2579,South Carolina Gamecocks,52,0.7323943661971831,25,0.7352941176470589,27,0.75,13,0.9285714285714286,8,0.8888888888888888,44,0.7096774193548387,62,0.43548387096774194,0.5483870967741935,30.83,0.5,22,0.3548387096774194,27,11.6,0.43,19,0.7037037037037037,34,19.51,0.57,25,0.7352941176470589,13,0.8461538461538461,0.07692307692307693,10.72,0.82,8,0.6153846153846154,11,11.3,1.03,8,0.7272727272727273,1,-0.3,-0.3,0,0.0,8,6,2,9,7,2,14.67,1.63,0.8888888888888888,0.6666666666666666,0.2222222222222222,0.7777777777777778,0.2222222222222222,43,0.7288135593220338,31.88,0.54,59,9,0.75,13.61,1.13,12,401856665,2026,1
96,Kentucky Wildcats,35,0.625,14,0.5384615384615384,21,0.7,8,0.6153846153846154,3,0.42857142857142855,31,0.6458333333333334,48,0.4375,0.5625,22.26,0.46,15,0.3125,21,13.19,0.63,11,0.5238095238095238,27,9.07,0.34,20,0.7407407407407407,7,0.14285714285714285,0.8571428571428571,4.08,0.58,5,0.7142857142857143,1,3.58,3.58,1,1.0,6,0.5,0.08,4,0.6666666666666666,4,3,1,8,5,3,4.9,0.61,0.5,0.375,0.125,0.625,0.375,30,0.625,18.37,0.38,48,5,0.625,8.79,1.1,8,401856659,2026,1
2754,Youngstown State Penguins,29,0.4393939393939394,17,0.425,12,0.48,5,0.7142857142857143,8,0.5333333333333333,21,0.42857142857142855,49,0.6326530612244898,0.3673469387755102,6.96,0.14,11,0.22448979591836735,31,10.22,0.33,14,0.45161290322580644,18,-3.26,-0.18,7,0.3888888888888889,16,0.75,0.25,6.24,0.39,8,0.5,12,7.13,0.59,7,0.5833333333333334,4,-0.89,-0.22,1,0.25,8,3,5,17,9,7,-4.71,-0.28,0.47058823529411764,0.17647058823529413,0.29411764705882354,0.5294117647058824,0.4117647058823529,19,0.475,6.43,0.16,40,10,0.38461538461538464,-4.18,-0.16,26,401856659,2026,1
66,Iowa State Cyclones,19,0.3958333333333333,8,0.4444444444444444,11,0.36666666666666664,6,0.5454545454545454,4,0.4,15,0.39473684210526316,38,0.3684210526315789,0.631578947368421,7.91,0.21,5,0.13157894736842105,14,11.61,0.83,8,0.5714285714285714,24,-3.7,-0.15,7,0.2916666666666667,5,0.4,0.6,3.77,0.75,2,0.4,2,4.93,2.47,2,1.0,3,-1.16,-0.39,0,0.0,4,0,4,10,4,6,-1.91,-0.19,0.4,0.0,0.4,0.4,0.6,11,0.36666666666666664,0.84,0.03,30,8,0.4444444444444444,5.16,0.29,18,401856779,2026,1
2546,Southeast Missouri State Redhawks,21,0.31343283582089554,8,0.2857142857142857,13,0.35135135135135137,1,0.5,6,0.375,13,0.2708333333333333,48,0.3333333333333333,0.625,-20.81,-0.43,5,0.10416666666666667,16,-12.06,-0.75,4,0.25,30,-1.01,-0.03,9,0.3,12,0.4166666666666667,0.5833333333333334,-4.15,-0.35,3,0.25,5,-3.16,-0.63,1,0.2,7,-0.99,-0.14,2,0.2857142857142857,8,4,4,19,12,7,3.22,0.17,0.42105263157894735,0.21052631578947367,0.21052631578947367,0.631578947368421,0.3684210526315789,14,0.34146341463414637,-9.48,-0.23,41,7,0.2692307692307692,-8.12,-0.31,26,401856779,2026,1
2005,Air Force Falcons,45,0.5769230769230769,1,0.14285714285714285,44,0.6197183098591549,9,0.5625,9,0.6,34,0.5573770491803278,61,0.06557377049180328,0.9344262295081968,8.19,0.13,19,0.3114754098360656,4,-0.98,-0.25,1,0.25,57,9.17,0.16,33,0.5789473684210527,3,0.3333333333333333,0.6666666666666666,-1.27,-0.42,1,0.3333333333333333,1,-0.69,-0.69,0,0.0,2,-0.58,-0.29,1,0.5,11,0,11,17,3,14,10.98,0.65,0.6470588235294118,0.0,0.6470588235294118,0.17647058823529413,0.8235294117647058,38,0.59375,17.93,0.28,64,7,0.5,1.23,0.09,14,401864496,2026,1
2184,Duquesne Dukes,13,0.3023255813953488,7,0.30434782608695654,6,0.3,,,3,0.2727272727272727,10,0.3125,32,0.46875,0.53125,-8.92,-0.28,3,0.09375,15,-5.01,-0.33,5,0.3333333333333333,17,-3.91,-0.23,5,0.29411764705882354,14,0.5,0.5,-2.37,-0.17,6,0.42857142857142855,7,-3.32,-0.47,3,0.42857142857142855,7,0.95,0.14,3,0.42857142857142855,3,2,1,11,8,3,-6.82,-0.62,0.2727272727272727,0.18181818181818182,0.09090909090909091,0.7272727272727273,0.2727272727272727,11,0.3793103448275862,-10.09,-0.35,29,2,0.14285714285714285,-5.66,-0.4,14,401864496,2026,1
227,Rhode Island Rams,22,0.36666666666666664,11,0.3333333333333333,11,0.4230769230769231,2,0.5,6,0.42857142857142855,14,0.3181818181818182,44,0.5227272727272727,0.45454545454545453,-19.99,-0.45,6,0.13636363636363635,23,-9.53,-0.41,8,0.34782608695652173,20,-6.44,-0.32,6,0.3,7,0.42857142857142855,0.5714285714285714,0.42,0.06,2,0.2857142857142857,3,-2.33,-0.78,0,0.0,4,2.76,0.69,2,0.5,8,3,5,16,10,6,9.89,0.62,0.5,0.1875,0.3125,0.625,0.375,14,0.4,-10.14,-0.29,35,8,0.32,0.04,0.0,25,401862698,2026,1
218,Temple Owls,29,0.5,8,0.42105263157894735,21,0.5526315789473685,6,0.6,3,0.2727272727272727,24,0.5333333333333333,45,0.26666666666666666,0.7111111111111111,15.4,0.34,12,0.26666666666666666,12,8.94,0.75,8,0.6666666666666666,32,7.5,0.23,16,0.5,10,0.3,0.7,5.7,0.57,7,0.7,3,2.3,0.77,2,0.6666666666666666,7,3.41,0.49,5,0.7142857142857143,5,0,5,13,7,6,-0.67,-0.05,0.38461538461538464,0.0,0.38461538461538464,0.5384615384615384,0.46153846153846156,23,0.5609756097560976,12.35,0.3,41,6,0.35294117647058826,2.38,0.14,17,401862698,2026,1
239,Baylor Bears,40,0.40816326530612246,23,0.41818181818181815,17,0.4146341463414634,4,0.3076923076923077,7,0.3181818181818182,29,0.4142857142857143,70,0.4714285714285714,0.5142857142857142,-5.8,-0.08,13,0.18571428571428572,33,2.64,0.08,15,0.45454545454545453,36,-6.09,-0.17,14,0.3888888888888889,13,0.6153846153846154,0.38461538461538464,1.35,0.1,5,0.38461538461538464,8,0.93,0.12,2,0.25,5,0.43,0.09,3,0.6,11,8,3,28,22,5,0.03,0.0,0.39285714285714285,0.2857142857142857,0.10714285714285714,0.7857142857142857,0.17857142857142858,28,0.4,-14.73,-0.21,70,12,0.42857142857142855,8.96,0.32,28,401856636,2026,1
2,Auburn Tigers,31,0.41333333333333333,17,0.4358974358974359,13,0.37142857142857144,3,0.5,10,0.5555555555555556,21,0.375,56,0.48214285714285715,0.5178571428571429,-10.0,-0.18,11,0.19642857142857142,27,-5.8,-0.21,10,0.37037037037037035,29,-4.2,-0.14,11,0.3793103448275862,20,0.7,0.3,6.81,0.34,12,0.6,14,2.66,0.19,7,0.5,6,4.16,0.69,5,0.8333333333333334,10,7,2,19,12,6,3.06,0.16,0.5263157894736842,0.3684210526315789,0.10526315789473684,0.631578947368421,0.3157894736842105,23,0.4339622641509434,-3.06,-0.06,53,8,0.36363636363636365,-3.87,-0.18,22,401856636,2026,1
2132,Cincinnati Bearcats,26,0.43333333333333335,8,0.47058823529411764,17,0.40476190476190477,7,0.6363636363636364,5,0.4166666666666667,20,0.425531914893617,47,0.2765957446808511,0.723404255319149,4.89,0.1,10,0.2127659574468085,13,1.34,0.1,7,0.5384615384615384,34,3.55,0.1,13,0.38235294117647056,10,0.2,0.8,1.31,0.13,5,0.5,2,-1.17,-0.58,0,0.0,8,2.47,0.31,5,0.625,6,1,4,13,4,8,1.3,0.1,0.46153846153846156,0.07692307692307693,0.3076923076923077,0.3076923076923077,0.6153846153846154,18,0.43902439024390244,4.52,0.11,41,8,0.42105263157894735,1.68,0.09,19,401856777,2026,1
103,Boston College Eagles,31,0.4305555555555556,14,0.358974358974359,17,0.5151515151515151,5,0.38461538461538464,4,0.3076923076923077,26,0.4727272727272727,55,0.4727272727272727,0.5272727272727272,-0.37,-0.01,15,0.2727272727272727,26,-5.4,-0.21,11,0.4230769230769231,29,5.03,0.17,15,0.5172413793103449,12,0.75,0.25,-1.37,-0.11,5,0.4166666666666667,9,-3.31,-0.37,3,0.3333333333333333,3,1.94,0.65,2,0.6666666666666666,5,3,2,17,13,4,-5.83,-0.34,0.29411764705882354,0.17647058823529413,0.11764705882352941,0.7647058823529411,0.23529411764705882,22,0.4888888888888889,5.12,0.11,45,9,0.3333333333333333,-11.31,-0.42,27,401856777,2026,1
2655,Tulane Green Wave,17,0.3148148148148148,10,0.3125,7,0.3181818181818182,0,0.0,3,0.21428571428571427,14,0.3684210526315789,38,0.5,0.5,-6.34,-0.17,5,0.13157894736842105,19,-3.72,-0.2,8,0.42105263157894735,19,-2.62,-0.14,6,0.3157894736842105,9,0.8888888888888888,0.1111111111111111,-5.25,-0.58,3,0.3333333333333333,8,-5.67,-0.71,2,0.25,1,0.42,0.42,1,1.0,3,2,1,16,13,3,-8.78,-0.55,0.1875,0.125,0.0625,0.8125,0.1875,16,0.45714285714285713,1.81,0.05,35,1,0.05263157894736842,-16.93,-0.89,19,401858209,2026,1
150,Duke Blue Devils,28,0.37333333333333335,11,0.4074074074074074,17,0.3695652173913043,5,0.38461538461538464,10,0.5882352941176471,17,0.3148148148148148,54,0.2777777777777778,0.6851851851851852,-8.83,-0.16,8,0.14814814814814814,15,-0.67,-0.04,6,0.4,37,-1.9,-0.05,11,0.2972972972972973,16,0.5625,0.375,-3.76,-0.24,8,0.5,9,1.05,0.12,5,0.5555555555555556,6,-0.4,-0.07,3,0.5,11,5,6,21,12,9,4.76,0.23,0.5238095238095238,0.23809523809523808,0.2857142857142857,0.5714285714285714,0.42857142857142855,16,0.35555555555555557,-6.77,-0.15,45,12,0.4,2.7,0.09,30,401858209,2026,1
2429,Charlotte 49ers,37,0.49333333333333335,20,0.47619047619047616,16,0.5,9,0.6428571428571429,11,0.6470588235294118,24,0.43636363636363634,55,0.5636363636363636,0.43636363636363634,4.39,0.08,9,0.16363636363636364,31,-1.53,-0.05,13,0.41935483870967744,24,5.92,0.25,11,0.4583333333333333,7,0.7142857142857143,0.2857142857142857,2.2,0.31,3,0.42857142857142855,5,2.36,0.47,2,0.4,2,-0.17,-0.08,1,0.5,12,7,5,19,11,8,17.38,0.91,0.631578947368421,0.3684210526315789,0.2631578947368421,0.5789473684210527,0.42105263157894735,24,0.4528301886792453,12.35,0.23,53,12,0.5714285714285714,9.42,0.45,21,401862694,2026,1
2643,The Citadel Bulldogs,36,0.5625,8,0.5333333333333333,27,0.5625,12,0.8571428571428571,9,0.6,25,0.5319148936170213,47,0.2127659574468085,0.7872340425531915,15.84,0.34,5,0.10638297872340426,10,1.82,0.18,4,0.4,37,14.01,0.38,21,0.5675675675675675,10,0.2,0.8,5.68,0.57,5,0.5,2,1.62,0.81,1,0.5,8,4.06,0.51,4,0.5,10,4,6,16,5,11,8.37,0.52,0.625,0.25,0.375,0.3125,0.6875,22,0.5238095238095238,-0.25,-0.01,42,13,0.6190476190476191,24.45,1.16,21,401862694,2026,1
119,Towson Tigers,12,0.3076923076923077,8,0.36363636363636365,4,0.23529411764705882,0,0.0,2,0.25,10,0.3225806451612903,31,0.4838709677419355,0.5161290322580645,2.98,0.1,8,0.25806451612903225,15,6.25,0.42,6,0.4,16,-3.27,-0.2,4,0.25,6,0.6666666666666666,0.3333333333333333,-1.51,-0.25,2,0.3333333333333333,4,-0.99,-0.25,2,0.5,2,-0.52,-0.26,0,0.0,2,2,0,8,7,1,0.02,0.0,0.25,0.25,0.0,0.875,0.125,8,0.3333333333333333,-3.57,-0.15,24,4,0.26666666666666666,6.56,0.44,15,401862696,2026,1
2426,Navy Midshipmen,52,0.6582278481012658,2,0.3333333333333333,50,0.6944444444444444,14,0.7777777777777778,7,0.5833333333333334,42,0.65625,64,0.046875,0.9375,21.09,0.33,17,0.265625,3,0.6,0.2,2,0.6666666666666666,60,21.33,0.36,40,0.6666666666666666,17,0.11764705882352941,0.8823529411764706,6.0,0.35,13,0.7647058823529411,2,-0.87,-0.44,1,0.5,15,6.87,0.46,12,0.8,10,0,10,15,3,12,12.54,0.84,0.6666666666666666,0.0,0.6666666666666666,0.2,0.8,44,0.7096774193548387,27.65,0.45,62,8,0.47058823529411764,5.98,0.35,17,401862696,2026,1
292,UT Rio Grande Valley Vaqueros,35,0.43209876543209874,18,0.375,17,0.5483870967741935,6,0.5,8,0.42105263157894735,26,0.4406779661016949,59,0.6440677966101694,0.3559322033898305,-9.09,-0.15,11,0.1864406779661017,38,-5.71,-0.15,16,0.42105263157894735,21,-3.38,-0.16,10,0.47619047619047616,10,0.5,0.5,-0.45,-0.05,3,0.3,5,-0.61,-0.12,1,0.2,5,0.15,0.03,2,0.4,9,2,7,22,10,10,-1.43,-0.06,0.4090909090909091,0.09090909090909091,0.3181818181818182,0.45454545454545453,0.45454545454545453,26,0.4727272727272727,-10.77,-0.2,55,9,0.34615384615384615,0.25,0.01,26,401862700,2026,1
2636,UTSA Roadrunners,36,0.631578947368421,17,0.5862068965517241,19,0.6785714285714286,4,0.4444444444444444,3,0.3333333333333333,33,0.7021276595744681,47,0.46808510638297873,0.5319148936170213,28.26,0.6,12,0.2553191489361702,22,16.54,0.75,17,0.7727272727272727,25,11.72,0.47,16,0.64,11,0.45454545454545453,0.5454545454545454,1.08,0.1,6,0.5454545454545454,5,0.52,0.1,2,0.4,6,0.56,0.09,4,0.6666666666666666,3,0,3,10,7,3,-6.62,-0.66,0.3,0.0,0.3,0.7,0.3,34,0.7391304347826086,26.04,0.57,46,2,0.18181818181818182,-4.41,-0.4,11,401862700,2026,1
2230,Fordham Rams,16,0.3333333333333333,9,0.36,7,0.3181818181818182,0,0.0,4,0.3333333333333333,11,0.3142857142857143,35,0.45714285714285713,0.5428571428571428,-13.59,-0.39,4,0.11428571428571428,16,-9.35,-0.58,5,0.3125,19,-4.24,-0.22,6,0.3157894736842105,12,0.5,0.5,-12.82,-1.07,3,0.25,6,-12.39,-2.07,0,0.0,6,-0.43,-0.07,3,0.5,5,4,1,13,9,3,-5.11,-0.39,0.38461538461538464,0.3076923076923077,0.07692307692307693,0.6923076923076923,0.23076923076923078,11,0.39285714285714285,-8.91,-0.32,28,5,0.25,-9.79,-0.49,20,401864499,2026,1
2449,North Dakota State Bison,37,0.5606060606060606,20,0.6896551724137931,17,0.4594594594594595,9,0.47368421052631576,9,0.6,25,0.5319148936170213,47,0.3829787234042553,0.6170212765957447,5.58,0.12,9,0.19148936170212766,18,7.6,0.42,13,0.7222222222222222,29,-2.02,-0.07,12,0.41379310344827586,10,0.6,0.4,5.52,0.55,7,0.7,6,6.3,1.05,6,1.0,4,-0.78,-0.2,1,0.25,12,7,5,19,11,8,8.0,0.42,0.631578947368421,0.3684210526315789,0.2631578947368421,0.5789473684210527,0.42105263157894735,30,0.5660377358490566,8.71,0.16,53,7,0.5384615384615384,4.87,0.37,13,401864499,2026,1
311,Maine Black Bears,22,0.36666666666666664,14,0.4117647058823529,8,0.3076923076923077,0,0.0,7,0.4666666666666667,14,0.32558139534883723,43,0.4186046511627907,0.5813953488372093,-13.77,-0.32,6,0.13953488372093023,18,-4.37,-0.24,7,0.3888888888888889,25,-9.4,-0.38,7,0.28,16,0.5,0.5,-3.25,-0.2,6,0.375,8,-1.66,-0.21,3,0.375,8,-1.59,-0.2,3,0.375,8,7,1,17,16,1,1.07,0.06,0.47058823529411764,0.4117647058823529,0.058823529411764705,0.9411764705882353,0.058823529411764705,16,0.3902439024390244,-3.47,-0.08,41,6,0.3157894736842105,-9.23,-0.49,19,401866627,2026,1
2026,App State Mountaineers,49,0.6805555555555556,25,0.7352941176470589,24,0.631578947368421,11,0.55,3,0.42857142857142855,43,0.6935483870967742,62,0.46774193548387094,0.532258064516129,35.11,0.57,25,0.4032258064516129,29,20.04,0.69,23,0.7931034482758621,33,15.06,0.46,20,0.6060606060606061,8,0.875,0.125,8.27,1.03,7,0.875,7,8.12,1.16,6,0.8571428571428571,1,0.15,0.15,1,1.0,6,2,4,10,5,5,6.87,0.69,0.6,0.2,0.4,0.5,0.5,39,0.6610169491525424,27.68,0.47,59,10,0.7692307692307693,14.29,1.1,13,401866627,2026,1
197,Oklahoma State Cowboys,35,0.4069767441860465,22,0.43137254901960786,13,0.38235294117647056,3,0.3,7,0.4375,26,0.40625,64,0.625,0.375,-5.22,-0.08,16,0.25,40,-3.13,-0.08,17,0.425,24,-2.09,-0.09,9,0.375,12,0.5833333333333334,0.4166666666666667,-0.62,-0.05,4,0.3333333333333333,7,-0.57,-0.08,2,0.2857142857142857,5,-0.05,-0.01,2,0.4,9,5,4,22,11,10,-9.82,-0.45,0.4090909090909091,0.22727272727272727,0.18181818181818182,0.5,0.45454545454545453,20,0.35714285714285715,-21.4,-0.38,56,15,0.5,6.36,0.21,30,401856772,2026,1
202,Tulsa Golden Hurricane,22,0.39285714285714285,10,0.4166666666666667,12,0.375,2,0.25,2,0.18181818181818182,19,0.4318181818181818,44,0.4090909090909091,0.5909090909090909,7.52,0.17,9,0.20454545454545456,18,9.21,0.51,9,0.5,26,-1.69,-0.07,10,0.38461538461538464,11,0.6363636363636364,0.36363636363636365,3.14,0.29,4,0.36363636363636365,7,2.3,0.33,2,0.2857142857142857,4,0.84,0.21,2,0.5,3,1,2,12,6,6,-1.41,-0.12,0.25,0.08333333333333333,0.16666666666666666,0.5,0.5,19,0.5277777777777778,13.5,0.38,36,3,0.15,-7.4,-0.37,20,401856772,2026,1
8,Arkansas Razorbacks,44,0.5365853658536586,24,0.631578947368421,20,0.46511627906976744,7,0.3888888888888889,11,0.6470588235294118,32,0.5079365079365079,63,0.4603174603174603,0.5238095238095238,-10.66,-0.17,14,0.2222222222222222,29,2.73,0.09,19,0.6551724137931034,33,-8.45,-0.26,13,0.3939393939393939,12,0.5833333333333334,0.4166666666666667,-2.72,-0.23,6,0.5,7,-4.74,-0.68,3,0.42857142857142855,5,2.02,0.4,3,0.6,12,5,7,19,9,10,6.79,0.36,0.631578947368421,0.2631578947368421,0.3684210526315789,0.47368421052631576,0.5263157894736842,32,0.5423728813559322,-8.78,-0.15,59,12,0.5217391304347826,4.91,0.21,23,401856635,2026,1
2453,North Alabama Lions,11,0.2558139534883721,6,0.24,5,0.2777777777777778,4,0.6666666666666666,2,0.2,9,0.2727272727272727,33,0.5757575757575758,0.42424242424242425,-3.95,-0.12,3,0.09090909090909091,19,-0.67,-0.04,5,0.2631578947368421,14,-3.28,-0.23,4,0.2857142857142857,10,0.7,0.3,-3.29,-0.33,3,0.3,7,-3.09,-0.44,2,0.2857142857142857,3,-0.2,-0.07,1,0.3333333333333333,2,1,1,10,6,4,-8.99,-0.9,0.2,0.1,0.1,0.6,0.4,9,0.36,-3.87,-0.15,25,2,0.1111111111111111,-9.07,-0.5,18,401856635,2026,1
2016,Alcorn State Braves,14,0.2413793103448276,7,0.2916666666666667,7,0.21212121212121213,0,0.0,6,0.42857142857142855,8,0.18181818181818182,44,0.2727272727272727,0.7045454545454546,-16.4,-0.37,6,0.13636363636363635,12,-5.46,-0.46,2,0.16666666666666666,31,-8.25,-0.27,6,0.1935483870967742,,,,,,,,,,,,,,,,,,6,5,1,14,12,2,-0.82,-0.06,0.42857142857142855,0.35714285714285715,0.07142857142857142,0.8571428571428571,0.14285714285714285,4,0.11428571428571428,-18.35,-0.52,35,10,0.43478260869565216,1.13,0.05,23,401868356,2026,1
2572,Southern Miss Golden Eagles,48,0.5714285714285714,11,0.4074074074074074,36,0.6428571428571429,13,0.65,4,0.3333333333333333,42,0.6,70,0.3,0.7,23.82,0.34,20,0.2857142857142857,21,10.48,0.5,10,0.47619047619047616,49,13.35,0.27,32,0.6530612244897959,19,0.21052631578947367,0.7894736842105263,8.63,0.45,11,0.5789473684210527,4,1.5,0.38,2,0.5,15,7.13,0.48,9,0.6,6,1,4,14,6,7,-3.56,-0.25,0.42857142857142855,0.07142857142857142,0.2857142857142857,0.42857142857142855,0.5,38,0.5428571428571428,11.82,0.17,70,10,0.7142857142857143,8.44,0.6,14,401868356,2026,1
36,Colorado State Rams,35,0.5384615384615384,20,0.5882352941176471,15,0.4838709677419355,7,0.6363636363636364,8,0.5333333333333333,25,0.5208333333333334,48,0.4583333333333333,0.5416666666666666,9.85,0.21,8,0.16666666666666666,22,8.79,0.4,13,0.5909090909090909,26,1.06,0.04,12,0.46153846153846156,13,0.6923076923076923,0.3076923076923077,5.91,0.45,8,0.6153846153846154,9,2.14,0.24,5,0.5555555555555556,4,3.77,0.94,3,0.75,10,7,3,17,12,5,9.47,0.56,0.5882352941176471,0.4117647058823529,0.17647058823529413,0.7058823529411765,0.29411764705882354,26,0.5306122448979592,12.03,0.25,49,9,0.5625,7.3,0.46,16,401860878,2026,1
2751,Wyoming Cowboys,25,0.4716981132075472,10,0.47619047619047616,15,0.4838709677419355,2,0.4,0,0.0,25,0.5681818181818182,44,0.3181818181818182,0.6590909090909091,7.5,0.17,15,0.3409090909090909,14,3.66,0.26,10,0.7142857142857143,29,4.29,0.15,15,0.5172413793103449,12,0.16666666666666666,0.75,2.98,0.25,7,0.5833333333333334,2,-1.59,-0.8,0,0.0,9,5.03,0.56,7,0.7777777777777778,0,0,0,9,7,2,-15.37,-1.71,0.0,0.0,0.0,0.7777777777777778,0.2222222222222222,21,0.525,-4.45,-0.11,40,4,0.3076923076923077,-3.42,-0.26,13,401860878,2026,1
2450,Norfolk State Spartans,17,0.2833333333333333,8,0.34782608695652173,9,0.25,2,0.2857142857142857,4,0.26666666666666666,13,0.30952380952380953,42,0.38095238095238093,0.6190476190476191,-2.4,-0.06,6,0.14285714285714285,16,0.81,0.05,7,0.4375,26,-3.21,-0.12,6,0.23076923076923078,14,0.35714285714285715,0.6428571428571429,-0.32,-0.02,5,0.35714285714285715,5,-0.09,-0.02,2,0.4,9,-0.24,-0.03,3,0.3333333333333333,4,1,3,18,7,10,-11.52,-0.64,0.2222222222222222,0.05555555555555555,0.16666666666666666,0.3888888888888889,0.5555555555555556,11,0.3142857142857143,-7.21,-0.21,35,6,0.24,-6.72,-0.27,25,401867973,2026,1
295,Old Dominion Monarchs,23,0.4423076923076923,7,0.4666666666666667,16,0.4444444444444444,5,0.35714285714285715,5,0.5555555555555556,18,0.42857142857142855,42,0.23809523809523808,0.7380952380952381,-7.74,-0.18,10,0.23809523809523808,10,-4.46,-0.45,4,0.4,31,0.96,0.03,14,0.45161290322580644,7,0.2857142857142857,0.7142857142857143,-8.05,-1.15,2,0.2857142857142857,2,-6.29,-3.14,0,0.0,5,-1.76,-0.35,2,0.4,5,3,2,10,5,5,4.27,0.43,0.5,0.3,0.2,0.5,0.5,15,0.39473684210526316,-14.17,-0.37,38,8,0.5714285714285714,10.71,0.76,14,401867973,2026,1
238,Vanderbilt Commodores,34,0.5483870967741935,17,0.68,16,0.4444444444444444,4,0.5714285714285714,5,0.4166666666666667,27,0.574468085106383,47,0.46808510638297873,0.5106382978723404,12.57,0.27,14,0.2978723404255319,22,10.97,0.5,16,0.7272727272727273,24,1.57,0.07,10,0.4166666666666667,4,1.0,0.0,0.28,0.07,2,0.5,4,0.28,0.07,2,0.5,,,,,,7,1,6,15,3,12,1.1,0.07,0.4666666666666667,0.06666666666666667,0.4,0.2,0.8,28,0.5714285714285714,10.28,0.21,49,6,0.46153846153846156,3.39,0.26,13,401856669,2026,1
2046,Austin Peay Governors,19,0.41304347826086957,11,0.4230769230769231,8,0.42105263157894735,0,0.0,3,0.3,14,0.4375,32,0.5625,0.4375,-2.1,-0.07,5,0.15625,18,-3.76,-0.21,8,0.4444444444444444,14,1.66,0.12,6,0.42857142857142855,15,0.5333333333333333,0.4666666666666667,0.04,0.0,7,0.4666666666666667,8,-1.32,-0.17,4,0.5,7,1.36,0.19,3,0.42857142857142855,5,3,2,13,8,5,-4.4,-0.34,0.38461538461538464,0.23076923076923078,0.15384615384615385,0.6153846153846154,0.38461538461538464,14,0.5384615384615384,3.61,0.14,26,5,0.2631578947368421,-10.11,-0.53,19,401856669,2026,1
2447,Nicholls Colonels,17,0.29310344827586204,4,0.2,12,0.3333333333333333,0,0.0,4,0.25,12,0.2926829268292683,41,0.3170731707317073,0.6341463414634146,-15.56,-0.38,4,0.0975609756097561,13,-10.44,-0.8,3,0.23076923076923078,26,-4.86,-0.19,8,0.3076923076923077,13,0.23076923076923078,0.7692307692307693,0.19,0.01,7,0.5384615384615384,3,-1.45,-0.48,1,0.3333333333333333,10,1.64,0.16,6,0.6,5,1,4,17,7,10,-5.49,-0.32,0.29411764705882354,0.058823529411764705,0.23529411764705882,0.4117647058823529,0.5882352941176471,8,0.26666666666666666,-11.65,-0.39,30,9,0.32142857142857145,-9.41,-0.34,28,401856771,2026,1
2306,Kansas State Wildcats,44,0.6197183098591549,17,0.6296296296296297,27,0.6428571428571429,8,0.8,9,0.8181818181818182,35,0.5833333333333334,60,0.35,0.6166666666666667,18.73,0.31,16,0.26666666666666666,21,9.01,0.43,12,0.5714285714285714,37,14.08,0.38,23,0.6216216216216216,7,0.42857142857142855,0.5714285714285714,6.71,0.96,5,0.7142857142857143,3,5.78,1.93,3,1.0,4,0.92,0.23,2,0.5,9,5,4,11,6,5,10.5,0.95,0.8181818181818182,0.45454545454545453,0.36363636363636365,0.5454545454545454,0.45454545454545453,35,0.660377358490566,22.66,0.43,53,9,0.5,6.57,0.37,18,401856771,2026,1
304,Idaho State Bengals,23,0.3709677419354839,13,0.37142857142857144,10,0.37037037037037035,3,0.2,6,0.4,16,0.34782608695652173,46,0.5434782608695652,0.45652173913043476,-10.77,-0.23,7,0.15217391304347827,25,-8.47,-0.34,8,0.32,21,-2.31,-0.11,8,0.38095238095238093,,,,,,,,,,,,,,,,,,7,5,2,16,10,6,7.18,0.45,0.4375,0.3125,0.125,0.625,0.375,14,0.35,-7.57,-0.19,40,9,0.4090909090909091,3.98,0.18,22,401860880,2026,1
328,Utah State Aggies,42,0.47191011235955055,21,0.44680851063829785,21,0.5,5,0.45454545454545453,9,0.6,32,0.45714285714285713,70,0.5285714285714286,0.4714285714285714,-4.41,-0.06,14,0.2,37,-4.17,-0.11,16,0.43243243243243246,33,-0.23,-0.01,16,0.48484848484848486,24,0.375,0.625,9.09,0.38,16,0.6666666666666666,9,0.69,0.08,4,0.4444444444444444,15,8.39,0.56,12,0.8,10,5,5,19,10,9,3.45,0.18,0.5263157894736842,0.2631578947368421,0.2631578947368421,0.5263157894736842,0.47368421052631576,28,0.4666666666666667,-7.56,-0.13,60,14,0.4827586206896552,6.6,0.23,29,401860880,2026,1
2032,Arkansas State Red Wolves,31,0.5344827586206896,18,0.5454545454545454,13,0.52,4,0.5714285714285714,5,0.5,26,0.5416666666666666,48,0.5416666666666666,0.4583333333333333,-2.35,-0.05,14,0.2916666666666667,26,0.17,0.01,15,0.5769230769230769,22,-2.52,-0.11,11,0.5,3,1.0,0.0,5.14,1.71,2,0.6666666666666666,3,5.14,1.71,2,0.6666666666666666,,,,,,5,3,2,10,7,3,2.35,0.23,0.5,0.3,0.2,0.7,0.3,24,0.5714285714285714,11.86,0.28,42,7,0.4375,-11.86,-0.74,16,401862695,2026,1
235,Memphis Tigers,34,0.5483870967741935,9,0.5625,25,0.5434782608695652,8,0.8,5,0.5555555555555556,29,0.5471698113207547,53,0.22641509433962265,0.7735849056603774,17.87,0.34,13,0.24528301886792453,12,6.62,0.55,7,0.5833333333333334,41,11.24,0.27,22,0.5365853658536586,14,0.35714285714285715,0.6428571428571429,14.72,1.05,10,0.7142857142857143,5,11.51,2.3,5,1.0,9,3.21,0.36,5,0.5555555555555556,5,2,3,9,4,5,5.05,0.56,0.5555555555555556,0.2222222222222222,0.3333333333333333,0.4444444444444444,0.5555555555555556,28,0.56,18.37,0.37,50,6,0.5,4.54,0.38,12,401862695,2026,1
2277,Houston Christian Huskies,17,0.29310344827586204,5,0.19230769230769232,12,0.375,,,4,0.3076923076923077,13,0.3170731707317073,41,0.3902439024390244,0.6097560975609756,-3.05,-0.07,8,0.1951219512195122,16,-4.26,-0.27,3,0.1875,25,1.22,0.05,10,0.4,12,0.3333333333333333,0.6666666666666666,-2.24,-0.19,4,0.3333333333333333,4,-2.34,-0.58,0,0.0,8,0.09,0.01,4,0.5,4,2,2,17,10,7,-13.75,-0.81,0.23529411764705882,0.11764705882352941,0.11764705882352941,0.5882352941176471,0.4117647058823529,12,0.36363636363636365,-8.4,-0.25,33,5,0.2,-8.39,-0.34,25,401862697,2026,1
242,Rice Owls,50,0.625,7,0.6363636363636364,42,0.6176470588235294,5,0.35714285714285715,11,0.6470588235294118,38,0.6333333333333333,60,0.1,0.8833333333333333,13.24,0.22,14,0.23333333333333334,6,-0.47,-0.08,4,0.6666666666666666,53,12.61,0.24,33,0.6226415094339622,13,0.38461538461538464,0.6153846153846154,0.49,0.04,9,0.6923076923076923,5,1.02,0.2,4,0.8,8,-0.54,-0.07,5,0.625,12,3,9,20,5,15,8.05,0.4,0.6,0.15,0.45,0.25,0.75,40,0.6666666666666666,20.29,0.34,60,10,0.5,1.0,0.05,20,401862697,2026,1
58,South Florida Bulls,24,0.42857142857142855,9,0.47368421052631576,15,0.40540540540540543,4,0.3333333333333333,5,0.38461538461538464,19,0.4418604651162791,43,0.23255813953488372,0.7674418604651163,-5.2,-0.12,9,0.20930232558139536,10,-0.31,-0.03,5,0.5,33,-4.89,-0.15,14,0.42424242424242425,,,,,,,,,,,,,,,,,,5,4,1,13,9,4,-0.97,-0.07,0.38461538461538464,0.3076923076923077,0.07692307692307693,0.6923076923076923,0.3076923076923077,18,0.5142857142857142,-1.97,-0.06,35,6,0.2857142857142857,-4.2,-0.2,21,401862699,2026,1
2229,Florida International Panthers,30,0.4,22,0.43137254901960786,8,0.34782608695652173,0,0.0,7,0.4117647058823529,20,0.39215686274509803,51,0.7254901960784313,0.27450980392156865,4.73,0.09,9,0.17647058823529413,37,7.78,0.21,16,0.43243243243243246,14,-3.04,-0.22,4,0.2857142857142857,19,0.6842105263157895,0.3157894736842105,3.86,0.2,9,0.47368421052631576,13,6.02,0.46,7,0.5384615384615384,6,-2.16,-0.36,2,0.3333333333333333,10,6,4,24,14,9,-12.43,-0.52,0.4166666666666667,0.25,0.16666666666666666,0.5833333333333334,0.375,22,0.4583333333333333,2.74,0.06,48,8,0.2962962962962963,-10.43,-0.39,27,401862699,2026,1
55,Jacksonville State Gamecocks,37,0.6065573770491803,22,0.7096774193548387,15,0.5,2,1.0,10,0.8333333333333334,26,0.5416666666666666,48,0.5,0.5,10.75,0.22,11,0.22916666666666666,24,12.75,0.53,16,0.6666666666666666,24,-1.99,-0.08,10,0.4166666666666667,5,0.8,0.2,-1.17,-0.23,3,0.6,4,-1.31,-0.33,2,0.5,1,0.14,0.14,1,1.0,11,6,5,13,7,6,18.33,1.41,0.8461538461538461,0.46153846153846156,0.38461538461538464,0.5384615384615384,0.46153846153846156,29,0.5918367346938775,16.13,0.33,49,8,0.6666666666666666,12.96,1.08,12,401868140,2026,1
2198,Eastern Kentucky Colonels,23,0.39655172413793105,8,0.38095238095238093,15,0.4166666666666667,,,4,0.36363636363636365,18,0.4,45,0.3333333333333333,0.6444444444444445,-6.29,-0.14,9,0.2,15,-8.9,-0.59,6,0.4,29,4.71,0.16,12,0.41379310344827586,4,0.25,0.75,-2.44,-0.61,1,0.25,1,-0.77,-0.77,0,0.0,3,-1.67,-0.56,1,0.3333333333333333,5,2,3,13,6,7,-7.95,-0.61,0.38461538461538464,0.15384615384615385,0.23076923076923078,0.46153846153846156,0.5384615384615384,19,0.4418604651162791,-16.2,-0.38,43,4,0.26666666666666666,1.96,0.13,15,401868140,2026,1
290,Georgia Southern Eagles,35,0.4430379746835443,22,0.4583333333333333,13,0.41935483870967744,6,0.42857142857142855,6,0.4,28,0.45161290322580644,62,0.6451612903225806,0.3548387096774194,12.58,0.2,17,0.27419354838709675,40,8.91,0.22,19,0.475,22,3.68,0.17,9,0.4090909090909091,10,0.8,0.2,-1.63,-0.16,4,0.4,8,-2.48,-0.31,3,0.375,2,0.85,0.43,1,0.5,7,3,4,17,8,9,1.09,0.06,0.4117647058823529,0.17647058823529413,0.23529411764705882,0.47058823529411764,0.5294117647058824,25,0.44642857142857145,8.44,0.15,56,10,0.43478260869565216,5.24,0.23,23,401868170,2026,1
2127,Charleston Southern Buccaneers,12,0.2,6,0.17142857142857143,6,0.24,0,0.0,5,0.2777777777777778,6,0.14634146341463414,41,0.5121951219512195,0.4878048780487805,-21.07,-0.51,2,0.04878048780487805,21,-13.52,-0.64,2,0.09523809523809523,20,-7.55,-0.38,4,0.2,14,0.5714285714285714,0.42857142857142855,-6.08,-0.43,2,0.14285714285714285,8,-7.86,-0.98,0,0.0,6,1.79,0.3,2,0.3333333333333333,6,4,2,19,14,5,-4.78,-0.25,0.3157894736842105,0.21052631578947367,0.10526315789473684,0.7368421052631579,0.2631578947368421,6,0.2,-9.51,-0.32,30,6,0.2,-16.34,-0.54,30,401868170,2026,1
2545,SE Louisiana Lions,16,0.42105263157894735,10,0.47619047619047616,6,0.4,2,0.5,1,0.14285714285714285,15,0.5172413793103449,29,0.5862068965517241,0.3793103448275862,0.83,0.03,9,0.3103448275862069,17,3.54,0.21,10,0.5882352941176471,11,-0.74,-0.07,5,0.45454545454545453,8,0.5,0.5,2.73,0.34,5,0.625,4,6.7,1.67,4,1.0,4,-3.97,-0.99,1,0.25,1,0,1,9,4,4,-13.86,-1.54,0.1111111111111111,0.0,0.1111111111111111,0.4444444444444444,0.4444444444444444,12,0.4444444444444444,-8.25,-0.31,27,4,0.36363636363636365,-4.78,-0.43,11,401868316,2026,1
6,South Alabama Jaguars,35,0.42168674698795183,11,0.39285714285714285,24,0.4444444444444444,9,0.4090909090909091,8,0.5,25,0.3968253968253968,63,0.31746031746031744,0.6666666666666666,-2.67,-0.04,15,0.23809523809523808,20,-0.29,-0.01,7,0.35,42,-1.19,-0.03,18,0.42857142857142855,18,0.4444444444444444,0.5555555555555556,-0.08,-0.0,7,0.3888888888888889,8,4.3,0.54,5,0.625,10,-4.38,-0.44,2,0.2,10,4,6,20,8,12,8.61,0.43,0.5,0.2,0.3,0.4,0.6,26,0.43333333333333335,3.77,0.06,60,9,0.391304347826087,2.17,0.09,23,401868316,2026,1
2653,Troy Trojans,25,0.38461538461538464,10,0.35714285714285715,15,0.40540540540540543,2,0.3333333333333333,6,0.4,19,0.38,50,0.42,0.58,6.34,0.13,8,0.16,21,6.98,0.33,8,0.38095238095238093,29,-0.64,-0.02,11,0.3793103448275862,14,0.35714285714285715,0.6428571428571429,-3.64,-0.26,3,0.21428571428571427,5,-2.45,-0.49,0,0.0,9,-1.19,-0.13,3,0.3333333333333333,6,2,4,15,7,8,-1.78,-0.12,0.4,0.13333333333333333,0.26666666666666666,0.4666666666666667,0.5333333333333333,15,0.40540540540540543,-0.15,-0.0,37,10,0.35714285714285715,4.7,0.17,28,401870763,2026,1
2534,Sam Houston Bearkats,33,0.4714285714285714,24,0.48,9,0.45,3,0.6,6,0.42857142857142855,27,0.4909090909090909,55,0.7090909090909091,0.2909090909090909,-1.35,-0.02,13,0.23636363636363636,39,1.18,0.03,19,0.48717948717948717,16,-2.53,-0.16,8,0.5,11,0.8181818181818182,0.18181818181818182,-8.34,-0.76,3,0.2727272727272727,9,-5.97,-0.66,3,0.3333333333333333,2,-2.37,-1.18,0,0.0,6,5,1,15,11,4,1.13,0.08,0.4,0.3333333333333333,0.06666666666666667,0.7333333333333333,0.26666666666666666,25,0.5319148936170213,-4.84,-0.1,47,8,0.34782608695652173,4.63,0.2,23,401870763,2026,1
2433,UL Monroe Warhawks,27,0.39705882352941174,12,0.4,15,0.39473684210526316,,,4,0.25,21,0.42857142857142855,49,0.3877551020408163,0.6122448979591837,-1.94,-0.04,7,0.14285714285714285,19,-4.35,-0.23,8,0.42105263157894735,30,2.41,0.08,13,0.43333333333333335,13,0.23076923076923078,0.7692307692307693,-3.18,-0.24,5,0.38461538461538464,3,1.02,0.34,2,0.6666666666666666,10,-4.2,-0.42,3,0.3,6,4,2,19,11,8,-3.78,-0.2,0.3157894736842105,0.21052631578947367,0.10526315789473684,0.5789473684210527,0.42105263157894735,21,0.40384615384615385,-3.48,-0.07,52,6,0.375,-2.24,-0.14,16,401856662,2026,1
344,Mississippi State Bulldogs,45,0.5769230769230769,24,0.5714285714285714,21,0.5833333333333334,5,0.4166666666666667,5,0.45454545454545453,39,0.5909090909090909,66,0.5303030303030303,0.4696969696969697,33.25,0.5,24,0.36363636363636365,35,15.47,0.44,21,0.6,31,17.78,0.57,18,0.5806451612903226,9,0.6666666666666666,0.3333333333333333,9.52,1.06,5,0.5555555555555556,6,4.38,0.73,3,0.5,3,5.14,1.71,2,0.6666666666666666,6,3,3,12,7,5,6.86,0.57,0.5,0.25,0.25,0.5833333333333334,0.4166666666666667,35,0.603448275862069,28.22,0.49,58,10,0.5,11.89,0.59,20,401856662,2026,1
259,Virginia Tech Hokies,46,0.6388888888888888,20,0.625,26,0.65,9,0.75,3,0.375,42,0.6774193548387096,62,0.43548387096774194,0.5645161290322581,29.56,0.48,19,0.3064516129032258,27,16.78,0.62,20,0.7407407407407407,35,12.78,0.37,22,0.6285714285714286,6,0.6666666666666666,0.3333333333333333,1.3,0.22,3,0.5,4,1.78,0.44,3,0.75,2,-0.48,-0.24,0,0.0,4,0,4,10,5,5,-0.31,-0.03,0.4,0.0,0.4,0.5,0.5,44,0.676923076923077,32.42,0.5,65,2,0.2857142857142857,-3.16,-0.45,7,401858211,2026,1
2678,VMI Keydets,6,0.10909090909090909,3,0.17647058823529413,3,0.08108108108108109,0,0.0,2,0.11764705882352941,4,0.10526315789473684,38,0.15789473684210525,0.8421052631578947,-19.55,-0.51,1,0.02631578947368421,6,-3.36,-0.56,1,0.16666666666666666,32,-16.18,-0.51,3,0.09375,15,0.26666666666666666,0.6666666666666666,-5.28,-0.35,2,0.13333333333333333,4,-0.33,-0.08,1,0.25,10,-3.82,-0.38,1,0.1,2,2,0,17,11,5,-11.33,-0.67,0.11764705882352941,0.11764705882352941,0.0,0.6470588235294118,0.29411764705882354,2,0.08333333333333333,-14.18,-0.59,24,4,0.12903225806451613,-16.7,-0.54,31,401858211,2026,1
2466,Northwestern State Demons,13,0.21666666666666667,3,0.17647058823529413,10,0.23809523809523808,1,0.2,4,0.2222222222222222,9,0.21428571428571427,42,0.19047619047619047,0.7857142857142857,-17.14,-0.41,3,0.07142857142857142,8,-7.65,-0.96,1,0.125,33,-8.57,-0.26,8,0.24242424242424243,6,0.16666666666666666,0.8333333333333334,-2.02,-0.34,0,0.0,1,-0.54,-0.54,0,0.0,5,-1.48,-0.3,0,0.0,4,2,2,18,9,9,-2.48,-0.14,0.2222222222222222,0.1111111111111111,0.1111111111111111,0.5,0.5,8,0.25,-12.58,-0.39,32,5,0.17857142857142858,-7.03,-0.25,28,401869129,2026,1
2348,Louisiana Tech Bulldogs,28,0.5,12,0.5714285714285714,16,0.45714285714285713,6,0.5,7,0.6363636363636364,20,0.45454545454545453,44,0.36363636363636365,0.6363636363636364,22.55,0.51,8,0.18181818181818182,16,15.97,1.0,9,0.5625,28,6.58,0.24,11,0.39285714285714285,16,0.3125,0.6875,8.55,0.53,8,0.5,5,4.16,0.83,3,0.6,11,4.38,0.4,5,0.45454545454545453,8,3,5,12,5,7,10.21,0.85,0.6666666666666666,0.25,0.4166666666666667,0.4166666666666667,0.5833333333333334,19,0.4634146341463415,19.88,0.48,41,9,0.6,12.87,0.86,15,401869129,2026,1
2226,Florida Atlantic Owls,42,0.4666666666666667,26,0.4727272727272727,16,0.47058823529411764,7,0.5,13,0.5909090909090909,25,0.4098360655737705,61,0.6229508196721312,0.3770491803278688,-6.35,-0.1,8,0.13114754098360656,38,-4.0,-0.11,15,0.39473684210526316,23,-2.35,-0.1,10,0.43478260869565216,16,0.75,0.25,-6.41,-0.4,6,0.375,12,-4.34,-0.36,6,0.5,4,-2.07,-0.52,0,0.0,17,11,6,29,17,11,14.57,0.5,0.5862068965517241,0.3793103448275862,0.20689655172413793,0.5862068965517241,0.3793103448275862,31,0.4696969696969697,-2.76,-0.04,66,11,0.4583333333333333,10.98,0.46,24,401856637,2026,1
57,Florida Gators,39,0.582089552238806,17,0.6296296296296297,22,0.55,10,0.7142857142857143,6,0.6666666666666666,31,0.5535714285714286,56,0.39285714285714285,0.6071428571428571,22.56,0.4,14,0.25,22,16.59,0.75,13,0.5909090909090909,34,5.97,0.18,18,0.5294117647058824,10,0.3,0.7,5.39,0.54,6,0.6,3,-1.16,-0.39,1,0.3333333333333333,7,6.55,0.94,5,0.7142857142857143,8,4,4,11,5,6,17.79,1.62,0.7272727272727273,0.36363636363636365,0.36363636363636365,0.45454545454545453,0.5454545454545454,32,0.6037735849056604,34.2,0.65,53,7,0.5,6.15,0.44,14,401856637,2026,1
93,Murray State Racers,25,0.5102040816326531,12,0.5454545454545454,13,0.5,3,0.75,3,0.3,20,0.5405405405405406,37,0.40540540540540543,0.5675675675675675,5.14,0.14,7,0.1891891891891892,15,8.38,0.56,10,0.6666666666666666,21,4.17,0.2,10,0.47619047619047616,11,0.5454545454545454,0.45454545454545453,-0.63,-0.06,5,0.45454545454545453,6,-1.65,-0.28,2,0.3333333333333333,5,1.02,0.2,3,0.6,5,2,3,12,7,5,3.38,0.28,0.4166666666666667,0.16666666666666666,0.25,0.5833333333333334,0.4166666666666667,19,0.5588235294117647,4.01,0.12,34,6,0.4,4.51,0.3,15,401867866,2026,1
2393,Middle Tennessee Blue Raiders,26,0.5416666666666666,14,0.5384615384615384,12,0.5454545454545454,2,0.2857142857142857,3,0.42857142857142855,22,0.5641025641025641,39,0.5384615384615384,0.46153846153846156,11.18,0.29,13,0.3333333333333333,21,4.11,0.2,12,0.5714285714285714,18,7.07,0.39,10,0.5555555555555556,8,0.25,0.75,2.91,0.36,4,0.5,2,1.01,0.5,1,0.5,6,1.9,0.32,3,0.5,4,2,2,9,5,4,4.27,0.47,0.4444444444444444,0.2222222222222222,0.2222222222222222,0.5555555555555556,0.4444444444444444,20,0.5405405405405406,8.85,0.24,37,6,0.5454545454545454,6.61,0.6,11,401867866,2026,1
2261,Hampton Pirates,12,0.24489795918367346,5,0.20833333333333334,7,0.2916666666666667,,,4,0.26666666666666666,8,0.23529411764705882,34,0.38235294117647056,0.5882352941176471,-16.03,-0.47,2,0.058823529411764705,13,-6.52,-0.5,3,0.23076923076923078,20,-7.46,-0.37,5,0.25,7,0.5714285714285714,0.42857142857142855,-6.55,-0.94,1,0.14285714285714285,4,-6.21,-1.55,0,0.0,3,-0.35,-0.12,1,0.3333333333333333,4,2,2,15,11,4,-8.66,-0.58,0.26666666666666666,0.13333333333333333,0.13333333333333333,0.7333333333333333,0.26666666666666666,8,0.3076923076923077,-13.38,-0.51,26,4,0.17391304347826086,-11.3,-0.49,23,401858427,2026,1
120,Maryland Terrapins,48,0.6153846153846154,21,0.5526315789473685,27,0.675,14,0.6086956521739131,8,0.5714285714285714,38,0.6229508196721312,61,0.4426229508196721,0.5573770491803278,25.21,0.41,15,0.2459016393442623,27,7.4,0.27,16,0.5925925925925926,34,17.8,0.52,22,0.6470588235294118,21,0.7142857142857143,0.2857142857142857,6.53,0.31,11,0.5238095238095238,15,5.92,0.39,8,0.5333333333333333,6,0.61,0.1,3,0.5,10,5,5,17,11,6,4.59,0.27,0.5882352941176471,0.29411764705882354,0.29411764705882354,0.6470588235294118,0.35294117647058826,42,0.6774193548387096,30.84,0.5,62,6,0.375,-1.04,-0.07,16,401858427,2026,1
77,Northwestern Wildcats,27,0.5,12,0.46153846153846156,15,0.5357142857142857,3,0.75,5,0.4166666666666667,22,0.5238095238095238,42,0.40476190476190477,0.5952380952380952,17.57,0.42,11,0.2619047619047619,17,7.08,0.42,9,0.5294117647058824,25,10.48,0.42,13,0.52,7,0.5714285714285714,0.42857142857142855,-1.95,-0.28,3,0.42857142857142855,4,-1.98,-0.49,1,0.25,3,0.03,0.01,2,0.6666666666666666,5,3,2,12,9,3,2.99,0.25,0.4166666666666667,0.25,0.16666666666666666,0.75,0.25,20,0.5714285714285714,19.13,0.55,35,7,0.3684210526315789,1.42,0.07,19,401858431,2026,1
2571,South Dakota State Jackrabbits,42,0.47191011235955055,22,0.44,20,0.5128205128205128,8,0.2962962962962963,8,0.4,31,0.4696969696969697,66,0.5757575757575758,0.42424242424242425,1.19,0.02,14,0.21212121212121213,38,2.0,0.05,17,0.4473684210526316,28,-0.81,-0.03,14,0.5,12,0.16666666666666666,0.8333333333333334,0.71,0.06,5,0.4166666666666667,2,0.36,0.18,1,0.5,10,0.35,0.03,4,0.4,11,5,6,23,12,11,4.27,0.19,0.4782608695652174,0.21739130434782608,0.2608695652173913,0.5217391304347826,0.4782608695652174,31,0.49206349206349204,5.38,0.09,63,11,0.4230769230769231,0.08,0.0,26,401858431,2026,1
309,Louisiana Ragin' Cajuns,37,0.5211267605633803,17,0.53125,20,0.5128205128205128,7,0.5384615384615384,3,0.375,33,0.5409836065573771,61,0.4426229508196721,0.5573770491803278,7.0,0.11,21,0.3442622950819672,27,-5.12,-0.19,16,0.5925925925925926,34,12.12,0.36,17,0.5,16,0.625,0.375,3.79,0.24,10,0.625,10,-0.92,-0.09,6,0.6,6,4.71,0.79,4,0.6666666666666666,4,1,3,10,5,5,-1.03,-0.1,0.4,0.1,0.3,0.5,0.5,26,0.5,-0.94,-0.02,52,11,0.5789473684210527,6.91,0.36,19,401869142,2026,1
2320,Lamar Cardinals,28,0.45901639344262296,16,0.45714285714285713,12,0.48,0,0.0,8,0.6153846153846154,20,0.43478260869565216,46,0.5652173913043478,0.41304347826086957,-11.27,-0.25,7,0.15217391304347827,26,-6.47,-0.25,11,0.4230769230769231,19,-0.48,-0.03,9,0.47368421052631576,6,0.5,0.5,0.12,0.02,2,0.3333333333333333,3,0.23,0.08,1,0.3333333333333333,3,-0.11,-0.04,1,0.3333333333333333,8,5,3,15,9,6,-0.47,-0.03,0.5333333333333333,0.3333333333333333,0.2,0.6,0.4,21,0.4666666666666667,-12.96,-0.29,45,7,0.4375,1.21,0.08,16,401869142,2026,1
166,New Mexico State Aggies,33,0.532258064516129,13,0.5416666666666666,20,0.5263157894736842,4,0.5714285714285714,7,0.5384615384615384,25,0.5319148936170213,47,0.3829787234042553,0.6170212765957447,24.35,0.52,10,0.2127659574468085,18,16.45,0.91,11,0.6111111111111112,29,7.9,0.27,14,0.4827586206896552,14,0.5,0.5,-2.33,-0.17,7,0.5,7,-0.8,-0.11,3,0.42857142857142855,7,-1.53,-0.22,4,0.5714285714285714,8,2,6,15,6,9,1.33,0.09,0.5333333333333333,0.13333333333333333,0.4,0.4,0.6,27,0.5510204081632653,17.21,0.35,49,6,0.46153846153846156,8.47,0.65,13,401870790,2026,1
2385,Mercyhurst Lakers,19,0.3275862068965517,12,0.36363636363636365,7,0.2916666666666667,4,0.5714285714285714,5,0.38461538461538464,14,0.3181818181818182,44,0.5,0.4772727272727273,-11.22,-0.25,8,0.18181818181818182,22,-8.19,-0.37,7,0.3181818181818182,21,-3.01,-0.14,7,0.3333333333333333,9,0.4444444444444444,0.5555555555555556,-6.35,-0.71,1,0.1111111111111111,4,-4.52,-1.13,0,0.0,5,-1.83,-0.37,1,0.2,5,5,0,14,11,3,-3.19,-0.23,0.35714285714285715,0.35714285714285715,0.0,0.7857142857142857,0.21428571428571427,12,0.35294117647058826,-9.09,-0.27,34,7,0.2916666666666667,-5.31,-0.22,24,401870790,2026,1
2464,Northern Arizona Lumberjacks,10,0.19230769230769232,9,0.25,1,0.06666666666666667,0,0.0,4,0.2857142857142857,6,0.17142857142857143,35,0.6,0.37142857142857144,-17.13,-0.49,4,0.11428571428571428,21,-8.36,-0.4,5,0.23809523809523808,13,-8.05,-0.62,1,0.07692307692307693,13,0.8461538461538461,0.15384615384615385,-1.06,-0.08,3,0.23076923076923078,11,-0.77,-0.07,3,0.2727272727272727,2,-0.29,-0.15,0,0.0,4,4,0,17,15,2,-5.71,-0.34,0.23529411764705882,0.23529411764705882,0.0,0.8823529411764706,0.11764705882352941,3,0.12,-21.85,-0.87,25,7,0.25925925925925924,-0.99,-0.04,27,401856773,2026,1
12,Arizona Wildcats,46,0.6388888888888888,24,0.6153846153846154,22,0.7096774193548387,6,0.6666666666666666,9,0.75,35,0.603448275862069,58,0.5344827586206896,0.4482758620689655,-11.55,-0.2,16,0.27586206896551724,31,-11.11,-0.36,18,0.5806451612903226,26,6.43,0.25,17,0.6538461538461539,9,0.5555555555555556,0.4444444444444444,-0.02,-0.0,5,0.5555555555555556,5,-2.68,-0.54,2,0.4,4,2.66,0.66,3,0.75,11,6,5,14,8,5,11.62,0.83,0.7857142857142857,0.42857142857142855,0.35714285714285715,0.5714285714285714,0.35714285714285715,37,0.6607142857142857,3.82,0.07,56,9,0.5625,-3.75,-0.23,16,401856773,2026,1
2502,Portland State Vikings,38,0.475,23,0.4423076923076923,15,0.5555555555555556,8,0.5,8,0.42105263157894735,27,0.48214285714285715,56,0.5892857142857143,0.39285714285714285,-0.93,-0.02,9,0.16071428571428573,33,1.1,0.03,15,0.45454545454545453,22,0.58,0.03,12,0.5454545454545454,13,0.7692307692307693,0.23076923076923078,4.29,0.33,8,0.6153846153846154,10,3.22,0.32,5,0.5,3,1.08,0.36,3,1.0,11,8,3,24,19,5,-0.99,-0.04,0.4583333333333333,0.3333333333333333,0.125,0.7916666666666666,0.20833333333333334,27,0.47368421052631576,-4.65,-0.08,57,11,0.4782608695652174,2.74,0.12,23,401860879,2026,1
21,San Diego State Aztecs,31,0.5,12,0.5454545454545454,19,0.48717948717948717,9,0.45,6,0.5,24,0.5,48,0.3958333333333333,0.6041666666666666,13.29,0.28,10,0.20833333333333334,19,1.5,0.08,10,0.5263157894736842,29,11.79,0.41,14,0.4827586206896552,7,0.42857142857142855,0.5714285714285714,4.58,0.65,4,0.5714285714285714,3,-0.83,-0.28,1,0.3333333333333333,4,5.41,1.35,3,0.75,7,2,5,14,3,10,0.31,0.02,0.5,0.14285714285714285,0.35714285714285715,0.21428571428571427,0.7142857142857143,21,0.4375,-5.45,-0.11,48,10,0.7142857142857143,19.05,1.36,14,401860879,2026,1
9,Arizona State Sun Devils,42,0.5915492957746479,22,0.5789473684210527,20,0.6060606060606061,8,0.5333333333333333,5,0.5,33,0.5892857142857143,56,0.5178571428571429,0.48214285714285715,22.5,0.4,15,0.26785714285714285,29,12.94,0.45,18,0.6206896551724138,27,9.56,0.35,15,0.5555555555555556,12,0.5833333333333334,0.4166666666666667,6.59,0.55,5,0.4166666666666667,7,5.8,0.83,3,0.42857142857142855,5,0.79,0.16,2,0.4,9,4,5,15,9,6,16.44,1.1,0.6,0.26666666666666666,0.3333333333333333,0.6,0.4,30,0.6,27.24,0.54,50,12,0.5714285714285714,11.69,0.56,21,401856774,2026,1
2415,Morgan State Bears,19,0.3877551020408163,8,0.3076923076923077,11,0.4782608695652174,1,1.0,4,0.3333333333333333,15,0.4166666666666667,36,0.4722222222222222,0.5277777777777778,1.79,0.05,7,0.19444444444444445,17,-1.99,-0.12,7,0.4117647058823529,19,3.79,0.2,8,0.42105263157894735,6,0.3333333333333333,0.6666666666666666,-1.53,-0.25,2,0.3333333333333333,2,-0.89,-0.45,1,0.5,4,-0.63,-0.16,1,0.25,4,1,3,13,9,4,-11.16,-0.86,0.3076923076923077,0.07692307692307693,0.23076923076923078,0.6923076923076923,0.3076923076923077,15,0.45454545454545453,0.02,0.0,33,4,0.25,-9.38,-0.59,16,401856774,2026,1
62,Hawai'i Rainbow Warriors,26,0.33766233766233766,12,0.25,14,0.5,1,0.08333333333333333,9,0.42857142857142855,16,0.2962962962962963,54,0.5555555555555556,0.42592592592592593,-14.07,-0.26,7,0.12962962962962962,30,-14.66,-0.49,5,0.16666666666666666,23,1.16,0.05,11,0.4782608695652174,12,0.6666666666666666,0.3333333333333333,2.28,0.19,4,0.3333333333333333,8,2.25,0.28,2,0.25,4,0.03,0.01,2,0.5,10,7,3,23,18,5,4.25,0.18,0.43478260869565216,0.30434782608695654,0.13043478260869565,0.782608695652174,0.21739130434782608,17,0.3695652173913043,-10.64,-0.23,46,9,0.2903225806451613,0.81,0.03,31,401864497,2026,1
2439,UNLV Rebels,26,0.4262295081967213,7,0.3684210526315789,19,0.4523809523809524,4,0.8,7,0.4666666666666667,19,0.4318181818181818,44,0.25,0.75,3.65,0.08,9,0.20454545454545456,11,4.68,0.43,6,0.5454545454545454,33,-1.03,-0.03,13,0.3939393939393939,12,0.16666666666666666,0.8333333333333334,-1.22,-0.1,6,0.5,2,1.05,0.52,1,0.5,10,-2.27,-0.23,5,0.5,7,1,6,17,8,9,-5.38,-0.32,0.4117647058823529,0.058823529411764705,0.35294117647058826,0.47058823529411764,0.5294117647058824,21,0.45652173913043476,-0.09,-0.0,46,5,0.3333333333333333,-1.63,-0.11,15,401864497,2026,1
167,New Mexico Lobos,36,0.5217391304347826,14,0.5185185185185185,21,0.5121951219512195,11,0.7333333333333333,7,0.5384615384615384,28,0.509090909090909,55,0.41818181818181815,0.5636363636363636,1.61,0.03,14,0.2545454545454545,23,-1.73,-0.08,13,0.5652173913043478,31,1.88,0.06,14,0.45161290322580644,9,0.2222222222222222,0.7777777777777778,1.95,0.22,6,0.6666666666666666,2,-1.6,-0.8,0,0.0,7,3.55,0.51,6,0.8571428571428571,8,1,7,14,4,10,6.79,0.49,0.5714285714285714,0.07142857142857142,0.5,0.2857142857142857,0.7142857142857143,29,0.5471698113207547,8.62,0.16,53,7,0.4375,-0.22,-0.01,16,401864498,2026,1
2117,Central Michigan Chippewas,16,0.3333333333333333,2,0.10526315789473684,14,0.4827586206896552,,,2,0.18181818181818182,12,0.35294117647058826,34,0.2647058823529412,0.7352941176470589,-6.97,-0.2,5,0.14705882352941177,9,-6.25,-0.69,0,0.0,25,-0.72,-0.03,12,0.48,11,0.45454545454545453,0.5454545454545454,-0.97,-0.09,5,0.45454545454545453,5,-3.08,-0.62,0,0.0,6,2.11,0.35,5,0.8333333333333334,4,2,2,14,10,4,-3.37,-0.24,0.2857142857142857,0.14285714285714285,0.14285714285714285,0.7142857142857143,0.2857142857142857,12,0.4,-2.09,-0.07,30,4,0.2222222222222222,-8.24,-0.46,18,401864498,2026,1
16,Sacramento State Hornets,36,0.5217391304347826,14,0.4827586206896552,22,0.5641025641025641,7,0.5,7,0.5,28,0.5185185185185185,54,0.4074074074074074,0.5740740740740741,12.07,0.22,10,0.18518518518518517,22,5.9,0.27,11,0.5,31,9.21,0.3,17,0.5483870967741935,12,0.75,0.25,3.66,0.3,4,0.3333333333333333,9,3.13,0.35,3,0.3333333333333333,3,0.53,0.18,1,0.3333333333333333,8,3,5,15,7,8,2.74,0.18,0.5333333333333333,0.2,0.3333333333333333,0.4666666666666667,0.5333333333333333,31,0.5636363636363636,20.44,0.37,55,5,0.35714285714285715,-5.62,-0.4,14,401866411,2026,1
2400,Mississippi Valley State Delta Devils,10,0.19607843137254902,3,0.13043478260869565,7,0.25,,,2,0.125,8,0.23529411764705882,34,0.35294117647058826,0.6470588235294118,-10.54,-0.31,3,0.08823529411764706,12,-5.41,-0.45,2,0.16666666666666666,22,-5.13,-0.23,6,0.2727272727272727,10,0.2,0.8,-1.56,-0.16,4,0.4,2,0.47,0.24,1,0.5,8,-2.03,-0.25,3,0.375,2,1,1,17,11,6,-10.05,-0.59,0.11764705882352941,0.058823529411764705,0.058823529411764705,0.6470588235294118,0.35294117647058826,5,0.20833333333333334,-8.31,-0.35,24,5,0.18518518518518517,-12.28,-0.45,27,401866411,2026,1
25,California Golden Bears,31,0.36046511627906974,16,0.3333333333333333,15,0.39473684210526316,3,0.5,10,0.5,21,0.3333333333333333,63,0.47619047619047616,0.5238095238095238,-12.81,-0.2,8,0.12698412698412698,30,-7.12,-0.24,9,0.3,33,-5.69,-0.17,12,0.36363636363636365,11,0.7272727272727273,0.2727272727272727,5.78,0.53,6,0.5454545454545454,8,7.72,0.97,6,0.75,3,-1.94,-0.65,0,0.0,10,7,3,23,18,5,2.25,0.1,0.43478260869565216,0.30434782608695654,0.13043478260869565,0.782608695652174,0.21739130434782608,22,0.4,-8.66,-0.16,55,9,0.2903225806451613,-1.9,-0.06,31,401858210,2026,1
26,UCLA Bruins,31,0.5961538461538461,11,0.4583333333333333,19,0.7037037037037037,5,0.8333333333333334,7,0.5833333333333334,24,0.6,40,0.4,0.6,14.82,0.37,7,0.175,16,-1.83,-0.11,8,0.5,24,16.65,0.69,16,0.6666666666666666,10,0.5,0.5,-0.68,-0.07,6,0.6,5,-3.26,-0.65,3,0.6,5,2.58,0.52,3,0.6,7,3,3,12,8,3,4.9,0.41,0.5833333333333334,0.25,0.25,0.6666666666666666,0.25,27,0.6585365853658537,22.88,0.56,41,4,0.36363636363636365,-3.16,-0.29,11,401858210,2026,1
98,Western Kentucky Hilltoppers,38,0.4578313253012048,20,0.46511627906976744,18,0.46153846153846156,4,0.6666666666666666,8,0.47058823529411764,29,0.453125,64,0.5,0.484375,0.51,0.01,14,0.21875,32,-3.88,-0.12,13,0.40625,31,5.69,0.18,16,0.5161290322580645,12,0.6666666666666666,0.3333333333333333,-0.86,-0.07,5,0.4166666666666667,8,3.25,0.41,5,0.625,4,-4.11,-1.03,0,0.0,9,7,2,19,11,8,0.46,0.02,0.47368421052631576,0.3684210526315789,0.10526315789473684,0.5789473684210527,0.42105263157894735,26,0.49056603773584906,-0.01,-0.0,53,12,0.4,0.97,0.03,30,401864432,2026,1
2440,Nevada Wolf Pack,30,0.5357142857142857,6,0.375,24,0.6,8,0.5714285714285714,6,0.6,22,0.5,44,0.2727272727272727,0.7272727272727273,13.95,0.32,9,0.20454545454545456,12,0.55,0.05,4,0.3333333333333333,32,13.4,0.42,18,0.5625,9,0.4444444444444444,0.5555555555555556,10.59,1.18,6,0.6666666666666666,4,7.68,1.92,3,0.75,5,2.91,0.58,3,0.6,8,2,6,12,4,8,7.84,0.65,0.6666666666666666,0.16666666666666666,0.5,0.3333333333333333,0.6666666666666666,24,0.5454545454545454,16.22,0.37,44,6,0.5,5.56,0.46,12,401864432,2026,1
87,Notre Dame Fighting Irish,30,0.4918032786885246,17,0.5666666666666667,13,0.43333333333333335,4,0.36363636363636365,3,0.3333333333333333,26,0.5098039215686274,51,0.47058823529411764,0.5098039215686274,13.35,0.26,15,0.29411764705882354,24,11.09,0.46,16,0.6666666666666666,26,3.05,0.12,10,0.38461538461538464,11,0.5454545454545454,0.36363636363636365,2.48,0.23,6,0.5454545454545454,6,2.51,0.42,4,0.6666666666666666,4,0.75,0.19,2,0.5,4,1,3,10,6,4,0.83,0.08,0.4,0.1,0.3,0.6,0.4,27,0.5869565217391305,19.67,0.43,46,3,0.2,-5.48,-0.37,15,401858438,2026,1
275,Wisconsin Badgers,27,0.4426229508196721,16,0.5,11,0.3793103448275862,0,0.0,5,0.38461538461538464,21,0.44680851063829785,47,0.48936170212765956,0.5106382978723404,-7.39,-0.16,8,0.1702127659574468,23,-1.09,-0.05,13,0.5652173913043478,24,-6.3,-0.26,8,0.3333333333333333,7,0.7142857142857143,0.2857142857142857,-2.26,-0.32,3,0.42857142857142855,5,-2.15,-0.43,2,0.4,2,-0.11,-0.05,1,0.5,6,3,3,14,9,5,1.5,0.11,0.42857142857142855,0.21428571428571427,0.21428571428571427,0.6428571428571429,0.35714285714285715,18,0.46153846153846156,0.17,0.0,39,9,0.4090909090909091,-6.06,-0.28,22,401858438,2026,1
145,Ole Miss Rebels,36,0.46153846153846156,16,0.43243243243243246,20,0.5128205128205128,5,0.7142857142857143,6,0.375,29,0.48333333333333334,60,0.45,0.5333333333333333,16.05,0.27,12,0.2,27,18.39,0.68,14,0.5185185185185185,32,2.01,0.06,15,0.46875,3,1.0,0.0,-2.17,-0.72,1,0.3333333333333333,3,-2.17,-0.72,1,0.3333333333333333,,,,,,7,2,5,18,10,7,-7.27,-0.4,0.3888888888888889,0.1111111111111111,0.2777777777777778,0.5555555555555556,0.3888888888888889,29,0.5087719298245614,10.08,0.18,57,7,0.3333333333333333,-1.29,-0.06,21,401856661,2026,1
97,Louisville Cardinals,30,0.4411764705882353,13,0.40625,17,0.4857142857142857,1,0.2,7,0.4375,23,0.45098039215686275,51,0.45098039215686275,0.5490196078431373,12.05,0.24,11,0.21568627450980393,23,6.81,0.3,10,0.43478260869565216,28,5.24,0.19,13,0.4642857142857143,15,0.3333333333333333,0.6666666666666666,1.95,0.13,7,0.4666666666666667,5,0.5,0.1,3,0.6,10,1.45,0.15,4,0.4,7,3,4,17,9,7,1.52,0.09,0.4117647058823529,0.17647058823529413,0.23529411764705882,0.5294117647058824,0.4117647058823529,24,0.5217391304347826,15.39,0.33,46,6,0.2727272727272727,-1.82,-0.08,22,401856661,2026,1
265,Washington State Cougars,19,0.3392857142857143,10,0.35714285714285715,9,0.3333333333333333,1,0.25,0,0.0,18,0.4090909090909091,44,0.5227272727272727,0.45454545454545453,-6.84,-0.16,11,0.25,23,-2.63,-0.11,10,0.43478260869565216,20,-0.64,-0.03,8,0.4,6,0.0,1.0,-3.51,-0.58,1,0.16666666666666666,,,,,,6,-3.51,-0.58,1,0.16666666666666666,1,0,1,12,5,7,-11.7,-0.98,0.08333333333333333,0.0,0.08333333333333333,0.4166666666666667,0.5833333333333334,16,0.4,-4.16,-0.1,40,3,0.1875,-14.39,-0.9,16,401858437,2026,1
264,Washington Huskies,31,0.49206349206349204,17,0.4857142857142857,14,0.5185185185185185,7,0.5,5,0.38461538461538464,26,0.5416666666666666,48,0.5416666666666666,0.4375,13.56,0.28,13,0.2708333333333333,26,4.42,0.17,16,0.6153846153846154,21,10.85,0.52,10,0.47619047619047616,13,0.5384615384615384,0.46153846153846156,-2.54,-0.2,9,0.6923076923076923,7,-0.41,-0.06,5,0.7142857142857143,6,-2.13,-0.36,4,0.6666666666666666,5,1,4,15,9,6,-8.66,-0.58,0.3333333333333333,0.06666666666666667,0.26666666666666666,0.6,0.4,26,0.5531914893617021,9.53,0.2,47,5,0.3125,-4.63,-0.29,16,401858437,2026,1
52,Florida State Seminoles,28,0.417910447761194,10,0.38461538461538464,18,0.43902439024390244,4,0.5714285714285714,3,0.21428571428571427,22,0.4489795918367347,49,0.30612244897959184,0.6938775510204082,5.71,0.12,10,0.20408163265306123,15,2.18,0.15,6,0.4,34,3.53,0.1,16,0.47058823529411764,9,0.5555555555555556,0.4444444444444444,-2.04,-0.23,4,0.4444444444444444,5,-1.68,-0.34,2,0.4,4,-0.37,-0.09,2,0.5,6,4,2,18,11,7,-5.09,-0.28,0.3333333333333333,0.2222222222222222,0.1111111111111111,0.6111111111111112,0.3888888888888889,21,0.44680851063829785,0.68,0.01,47,7,0.35,-0.06,-0.0,20,401858212,2026,1
2567,SMU Mustangs,38,0.5671641791044776,22,0.6111111111111112,16,0.5161290322580645,4,0.3333333333333333,8,0.5714285714285714,30,0.5660377358490566,53,0.49056603773584906,0.5094339622641509,2.98,0.06,15,0.2830188679245283,26,9.64,0.37,16,0.6153846153846154,27,-6.66,-0.25,14,0.5185185185185185,12,0.5833333333333334,0.4166666666666667,5.17,0.43,6,0.5,7,4.13,0.59,4,0.5714285714285714,5,1.03,0.21,2,0.4,8,6,2,14,10,4,16.06,1.15,0.5714285714285714,0.42857142857142855,0.14285714285714285,0.7142857142857143,0.2857142857142857,29,0.6170212765957447,7.79,0.17,47,9,0.45,11.25,0.56,20,401858212,2026,1
50,Florida A&M Rattlers,12,0.2553191489361702,7,0.25,5,0.2777777777777778,,,2,0.14285714285714285,10,0.30303030303030304,33,0.5757575757575758,0.3939393939393939,-7.46,-0.23,3,0.09090909090909091,19,-4.47,-0.24,6,0.3157894736842105,13,-1.77,-0.14,4,0.3076923076923077,8,0.875,0.125,-3.49,-0.44,2,0.25,7,-2.94,-0.42,2,0.2857142857142857,1,-0.55,-0.55,0,0.0,2,1,1,14,9,5,-7.07,-0.51,0.14285714285714285,0.07142857142857142,0.07142857142857142,0.6428571428571429,0.35714285714285715,11,0.36666666666666664,-6.11,-0.2,30,1,0.058823529411764705,-8.43,-0.5,17,401858213,2026,2
2390,Miami Hurricanes,51,0.7083333333333334,22,0.8148148148148148,29,0.6590909090909091,7,0.5833333333333334,1,0.3333333333333333,50,0.7352941176470589,68,0.38235294117647056,0.6176470588235294,46.86,0.69,29,0.4264705882352941,26,24.17,0.93,21,0.8076923076923077,42,22.7,0.54,29,0.6904761904761905,14,0.5,0.5,10.05,0.72,9,0.6428571428571429,7,6.51,0.93,6,0.8571428571428571,7,3.54,0.51,3,0.42857142857142855,1,1,0,4,1,2,-9.47,-2.37,0.25,0.25,0.0,0.25,0.5,50,0.7575757575757576,46.74,0.71,66,1,0.16666666666666666,-9.35,-1.56,6,401858213,2026,2
142,Missouri Tigers,29,0.4084507042253521,17,0.5666666666666667,12,0.3157894736842105,4,0.2222222222222222,8,0.47058823529411764,20,0.37735849056603776,53,0.33962264150943394,0.6226415094339622,6.0,0.11,8,0.1509433962264151,18,7.13,0.4,10,0.5555555555555556,33,1.04,0.03,10,0.30303030303030304,16,0.5625,0.4375,6.77,0.42,7,0.4375,9,9.14,1.02,6,0.6666666666666666,7,-2.38,-0.34,1,0.14285714285714285,9,7,2,18,12,5,7.69,0.43,0.5,0.3888888888888889,0.1111111111111111,0.6666666666666666,0.2777777777777778,16,0.36363636363636365,2.27,0.05,44,13,0.48148148148148145,11.42,0.42,27,401856678,2026,2
2305,Kansas Jayhawks,18,0.2727272727272727,9,0.2571428571428571,9,0.32142857142857145,2,1.0,3,0.21428571428571427,12,0.2553191489361702,47,0.48936170212765956,0.44680851063829785,-13.5,-0.29,7,0.14893617021276595,23,-2.65,-0.12,7,0.30434782608695654,21,-3.73,-0.18,5,0.23809523809523808,9,0.3333333333333333,0.5555555555555556,-3.56,-0.4,3,0.3333333333333333,3,-2.57,-0.86,1,0.3333333333333333,5,3.59,0.72,2,0.4,6,2,4,19,12,7,-5.85,-0.31,0.3157894736842105,0.10526315789473684,0.21052631578947367,0.631578947368421,0.3684210526315789,11,0.2972972972972973,-9.47,-0.26,37,7,0.2413793103448276,-9.87,-0.34,29,401856678,2026,2
97,Louisville Cardinals,44,0.676923076923077,20,0.7142857142857143,23,0.6388888888888888,12,0.75,5,0.625,39,0.6842105263157895,57,0.43859649122807015,0.543859649122807,29.97,0.53,18,0.3157894736842105,25,20.78,0.83,18,0.72,31,9.05,0.29,20,0.6451612903225806,13,0.46153846153846156,0.5384615384615384,4.65,0.36,8,0.6153846153846154,6,3.41,0.57,4,0.6666666666666666,7,1.25,0.18,4,0.5714285714285714,5,2,3,8,3,5,3.6,0.45,0.625,0.25,0.375,0.375,0.625,35,0.6862745098039216,23.9,0.47,51,9,0.6428571428571429,9.67,0.69,14,401858215,2026,2
222,Villanova Wildcats,19,0.3114754098360656,14,0.4,5,0.19230769230769232,0,0.0,5,0.3333333333333333,14,0.30434782608695654,46,0.5652173913043478,0.43478260869565216,-2.14,-0.05,6,0.13043478260869565,26,2.3,0.09,10,0.38461538461538464,20,-4.45,-0.22,4,0.2,8,0.25,0.75,-2.33,-0.29,2,0.25,2,-2.08,-1.04,0,0.0,6,-0.24,-0.04,2,0.3333333333333333,5,4,1,15,9,6,-5.61,-0.37,0.3333333333333333,0.26666666666666666,0.06666666666666667,0.6,0.4,11,0.3142857142857143,-3.47,-0.1,35,8,0.3076923076923077,-4.29,-0.16,26,401858215,2026,2
2450,Norfolk State Spartans,21,0.3230769230769231,14,0.3888888888888889,7,0.2413793103448276,0,0.0,5,0.29411764705882354,16,0.34782608695652173,46,0.5,0.5,-9.29,-0.2,6,0.13043478260869565,23,0.24,0.01,12,0.5217391304347826,23,-9.53,-0.41,4,0.17391304347826086,3,0.6666666666666666,0.3333333333333333,0.56,0.19,2,0.6666666666666666,2,-0.18,-0.09,1,0.5,1,0.74,0.74,1,1.0,5,2,3,19,13,6,-22.48,-1.18,0.2631578947368421,0.10526315789473684,0.15789473684210525,0.6842105263157895,0.3157894736842105,15,0.36585365853658536,-20.29,-0.49,41,6,0.25,-11.47,-0.48,24,401858220,2026,2
258,Virginia Cavaliers,37,0.6166666666666667,15,0.6,22,0.6285714285714286,9,0.5294117647058824,4,0.5,32,0.6274509803921569,51,0.35294117647058826,0.6470588235294118,13.29,0.26,16,0.3137254901960784,18,4.92,0.27,12,0.6666666666666666,33,8.37,0.25,20,0.6060606060606061,15,0.26666666666666666,0.7333333333333333,9.1,0.61,12,0.8,4,-0.03,-0.01,2,0.5,11,9.12,0.83,10,0.9090909090909091,5,3,2,9,7,2,5.64,0.63,0.5555555555555556,0.3333333333333333,0.2222222222222222,0.7777777777777778,0.2222222222222222,32,0.6808510638297872,16.67,0.35,47,5,0.38461538461538464,2.26,0.17,13,401858220,2026,2
152,NC State Wolfpack,45,0.6428571428571429,17,0.6296296296296297,28,0.6511627906976745,11,0.7857142857142857,8,0.7272727272727273,37,0.6271186440677966,59,0.3728813559322034,0.6271186440677966,32.46,0.55,15,0.2542372881355932,22,10.62,0.48,14,0.6363636363636364,37,21.84,0.59,23,0.6216216216216216,17,0.5882352941176471,0.4117647058823529,6.26,0.37,10,0.5882352941176471,10,3.02,0.3,5,0.5,7,3.24,0.46,5,0.7142857142857143,8,3,5,11,5,6,10.98,1.0,0.7272727272727273,0.2727272727272727,0.45454545454545453,0.45454545454545453,0.5454545454545454,38,0.6785714285714286,35.09,0.63,56,7,0.5,8.35,0.6,14,401858222,2026,2
257,Richmond Spiders,10,0.20408163265306123,5,0.1724137931034483,5,0.2631578947368421,,,1,0.07692307692307693,9,0.2571428571428571,35,0.5142857142857142,0.45714285714285713,-12.74,-0.36,4,0.11428571428571428,18,-5.14,-0.29,4,0.2222222222222222,16,-2.43,-0.15,5,0.3125,4,0.25,0.75,-1.84,-0.46,0,0.0,1,-0.21,-0.21,0,0.0,3,-1.63,-0.54,0,0.0,1,1,0,14,11,3,-13.97,-1.0,0.07142857142857142,0.07142857142857142,0.0,0.7857142857142857,0.21428571428571427,6,0.21428571428571427,-14.52,-0.52,28,4,0.19047619047619047,-12.19,-0.58,21,401858222,2026,2
164,Rutgers Scarlet Knights,29,0.4264705882352941,15,0.5,14,0.3684210526315789,5,0.35714285714285715,5,0.4166666666666667,22,0.43137254901960786,51,0.4117647058823529,0.5882352941176471,4.88,0.1,13,0.2549019607843137,21,1.42,0.07,10,0.47619047619047616,30,3.46,0.12,12,0.4,10,0.4,0.6,5.95,0.59,4,0.4,4,7.07,1.77,3,0.75,6,-1.12,-0.19,1,0.16666666666666666,7,5,2,17,9,8,-12.04,-0.71,0.4117647058823529,0.29411764705882354,0.11764705882352941,0.5294117647058824,0.47058823529411764,19,0.3877551020408163,-11.5,-0.23,49,10,0.5263157894736842,4.34,0.23,19,401858214,2026,2
103,Boston College Eagles,25,0.423728813559322,15,0.5,10,0.35714285714285715,2,0.3333333333333333,4,0.36363636363636365,20,0.425531914893617,47,0.425531914893617,0.5531914893617021,-3.25,-0.07,10,0.2127659574468085,20,-2.3,-0.12,11,0.55,26,4.43,0.17,9,0.34615384615384615,13,0.5384615384615384,0.46153846153846156,-0.63,-0.05,7,0.5384615384615384,7,-0.76,-0.11,5,0.7142857142857143,6,0.13,0.02,2,0.3333333333333333,5,4,1,12,10,2,3.29,0.27,0.4166666666666667,0.3333333333333333,0.08333333333333333,0.8333333333333334,0.16666666666666666,17,0.4358974358974359,-1.68,-0.04,39,8,0.4,1.71,0.09,20,401858214,2026,2
194,Ohio State Buckeyes,25,0.3968253968253968,14,0.4117647058823529,11,0.3793103448275862,5,0.35714285714285715,7,0.5,18,0.375,48,0.4791666666666667,0.5208333333333334,0.49,0.01,11,0.22916666666666666,23,3.33,0.14,9,0.391304347826087,25,-2.84,-0.11,9,0.36,15,0.6666666666666666,0.3333333333333333,5.19,0.35,8,0.5333333333333333,10,4.18,0.42,5,0.5,5,1.0,0.2,3,0.6,7,5,2,15,11,4,3.48,0.23,0.4666666666666667,0.3333333333333333,0.13333333333333333,0.7333333333333333,0.26666666666666666,17,0.4146341463414634,-0.67,-0.02,41,8,0.36363636363636365,4.63,0.21,22,401856682,2026,2
251,Texas Longhorns,40,0.5194805194805194,17,0.4358974358974359,23,0.6216216216216216,7,0.5,10,0.625,28,0.4827586206896552,58,0.4827586206896552,0.5,-7.24,-0.12,14,0.2413793103448276,28,-3.67,-0.13,12,0.42857142857142855,29,2.39,0.08,16,0.5517241379310345,9,0.6666666666666666,0.3333333333333333,-0.64,-0.07,6,0.6666666666666666,6,1.82,0.3,4,0.6666666666666666,3,-2.46,-0.82,2,0.6666666666666666,12,5,7,19,11,8,8.57,0.45,0.631578947368421,0.2631578947368421,0.3684210526315789,0.5789473684210527,0.42105263157894735,28,0.509090909090909,-6.19,-0.11,55,12,0.5454545454545454,7.52,0.34,22,401856682,2026,2
98,Western Kentucky Hilltoppers,24,0.32432432432432434,11,0.28205128205128205,13,0.3939393939393939,3,1.0,8,0.4,15,0.2830188679245283,53,0.39622641509433965,0.5660377358490566,-17.17,-0.32,2,0.03773584905660377,21,-15.21,-0.72,3,0.14285714285714285,30,1.16,0.04,12,0.4,8,0.5,0.5,2.15,0.27,4,0.5,4,-0.6,-0.15,1,0.25,4,2.76,0.69,3,0.75,9,8,1,21,18,3,3.67,0.17,0.42857142857142855,0.38095238095238093,0.047619047619047616,0.8571428571428571,0.14285714285714285,16,0.3902439024390244,1.91,0.05,41,8,0.24242424242424243,-15.41,-0.47,33,401856673,2026,2
61,Georgia Bulldogs,29,0.5,15,0.6,13,0.4482758620689655,8,0.8,7,0.5833333333333334,22,0.4888888888888889,45,0.4222222222222222,0.5555555555555556,10.59,0.24,8,0.17777777777777778,19,4.93,0.26,11,0.5789473684210527,25,5.59,0.22,10,0.4,9,0.2222222222222222,0.6666666666666666,1.42,0.16,3,0.3333333333333333,2,0.12,0.06,1,0.5,6,2.23,0.37,2,0.3333333333333333,7,4,3,12,6,4,9.59,0.8,0.5833333333333334,0.3333333333333333,0.25,0.5,0.3333333333333333,24,0.5333333333333333,16.44,0.37,45,5,0.4166666666666667,3.74,0.31,12,401856673,2026,2
242,Rice Owls,10,0.21739130434782608,3,0.23076923076923078,6,0.21428571428571427,0,0.0,2,0.16666666666666666,6,0.1875,32,0.25,0.65625,-20.62,-0.64,3,0.09375,8,-3.59,-0.45,1,0.125,21,-6.24,-0.3,4,0.19047619047619047,6,0.16666666666666666,0.8333333333333334,-1.99,-0.33,1,0.16666666666666666,1,0.59,0.59,1,1.0,5,-2.58,-0.52,0,0.0,4,2,2,14,5,7,-2.68,-0.19,0.2857142857142857,0.14285714285714285,0.14285714285714285,0.35714285714285715,0.5,8,0.3076923076923077,-7.59,-0.29,26,2,0.1,-15.71,-0.79,20,401859184,2026,2
87,Notre Dame Fighting Irish,37,0.5692307692307692,22,0.6666666666666666,15,0.46875,6,0.42857142857142855,7,0.5833333333333334,29,0.5686274509803921,51,0.5294117647058824,0.47058823529411764,17.36,0.34,12,0.23529411764705882,27,17.61,0.65,19,0.7037037037037037,24,-0.24,-0.01,10,0.4166666666666667,8,0.625,0.375,7.86,0.98,5,0.625,5,7.39,1.48,4,0.8,3,0.47,0.16,1,0.3333333333333333,8,3,5,14,6,8,3.32,0.24,0.5714285714285714,0.21428571428571427,0.35714285714285715,0.42857142857142855,0.5714285714285714,30,0.5882352941176471,16.09,0.32,51,7,0.5,4.6,0.33,14,401859184,2026,2
47,Howard Bison,8,0.1702127659574468,4,0.16,4,0.18181818181818182,,,3,0.21428571428571427,5,0.15625,32,0.46875,0.53125,-13.43,-0.42,2,0.0625,15,-5.38,-0.36,3,0.2,17,-8.05,-0.47,2,0.11764705882352941,7,0.2857142857142857,0.7142857142857143,-3.12,-0.45,1,0.14285714285714285,2,-1.59,-0.79,0,0.0,5,-1.54,-0.31,1,0.2,3,1,2,15,10,5,-14.34,-0.96,0.2,0.06666666666666667,0.13333333333333333,0.6666666666666666,0.3333333333333333,4,0.19047619047619047,-7.18,-0.34,21,4,0.15384615384615385,-20.59,-0.79,26,401858439,2026,2
84,Indiana Hoosiers,33,0.5409836065573771,8,0.4444444444444444,25,0.5813953488372093,6,0.5454545454545454,7,0.7,25,0.5102040816326531,49,0.22448979591836735,0.7755102040816326,18.22,0.37,12,0.24489795918367346,11,1.92,0.17,3,0.2727272727272727,38,16.3,0.43,22,0.5789473684210527,11,0.2727272727272727,0.7272727272727273,9.22,0.84,7,0.6363636363636364,3,0.34,0.11,1,0.3333333333333333,8,8.88,1.11,6,0.75,8,5,3,12,7,5,13.12,1.09,0.6666666666666666,0.4166666666666667,0.25,0.5833333333333334,0.4166666666666667,20,0.5,13.86,0.35,40,13,0.6190476190476191,17.48,0.83,21,401858439,2026,2
2483,Oregon Ducks,19,0.31666666666666665,10,0.30303030303030304,9,0.34615384615384615,1,1.0,6,0.4,13,0.30952380952380953,42,0.4523809523809524,0.5238095238095238,-0.94,-0.02,5,0.11904761904761904,19,4.08,0.21,6,0.3157894736842105,22,-1.03,-0.05,7,0.3181818181818182,11,0.5454545454545454,0.45454545454545453,1.13,0.1,3,0.2727272727272727,6,1.37,0.23,2,0.3333333333333333,5,-0.24,-0.05,1,0.2,6,4,2,18,14,4,-12.53,-0.7,0.3333333333333333,0.2222222222222222,0.1111111111111111,0.7777777777777778,0.2222222222222222,13,0.37142857142857144,0.41,0.01,35,6,0.24,-13.89,-0.56,25,401856782,2026,2
197,Oklahoma State Cowboys,37,0.4457831325301205,19,0.4222222222222222,18,0.4864864864864865,7,0.2916666666666667,5,0.29411764705882354,31,0.49206349206349204,63,0.5555555555555556,0.4444444444444444,15.63,0.25,17,0.2698412698412698,35,8.59,0.25,17,0.4857142857142857,28,7.05,0.25,14,0.5,10,0.6,0.4,3.72,0.37,4,0.4,6,5.64,0.94,3,0.5,4,-1.91,-0.48,1,0.25,6,2,4,19,10,9,-19.54,-1.03,0.3157894736842105,0.10526315789473684,0.21052631578947367,0.5263157894736842,0.47368421052631576,30,0.5,9.93,0.17,60,7,0.3181818181818182,-13.84,-0.63,22,401856782,2026,2
2348,Louisiana Tech Bulldogs,10,0.18181818181818182,5,0.16129032258064516,5,0.21739130434782608,0,0.0,3,0.21428571428571427,7,0.1794871794871795,39,0.41025641025641024,0.5641025641025641,-23.81,-0.61,2,0.05128205128205128,16,-10.29,-0.64,3,0.1875,22,-13.3,-0.6,4,0.18181818181818182,5,0.4,0.6,-2.07,-0.41,1,0.2,2,-0.76,-0.38,1,0.5,3,-1.32,-0.44,0,0.0,3,2,1,16,15,1,-11.3,-0.71,0.1875,0.125,0.0625,0.9375,0.0625,7,0.2413793103448276,-11.95,-0.41,29,3,0.11538461538461539,-23.17,-0.89,26,401867796,2026,2
99,LSU Tigers,39,0.4588235294117647,20,0.43478260869565216,19,0.48717948717948717,10,0.3333333333333333,9,0.5294117647058824,29,0.43283582089552236,67,0.4925373134328358,0.5074626865671642,6.54,0.1,15,0.22388059701492538,33,1.53,0.05,13,0.3939393939393939,34,5.01,0.15,16,0.47058823529411764,16,0.6875,0.3125,-10.03,-0.63,5,0.3125,11,-10.84,-0.99,4,0.36363636363636365,5,0.81,0.16,1,0.2,10,7,3,18,13,5,-9.04,-0.5,0.5555555555555556,0.3888888888888889,0.16666666666666666,0.7222222222222222,0.2777777777777778,29,0.47540983606557374,9.35,0.15,61,10,0.4166666666666667,-11.85,-0.49,24,401867796,2026,2
2429,Charlotte 49ers,28,0.45901639344262296,14,0.4827586206896552,14,0.4375,1,0.09090909090909091,4,0.2857142857142857,23,0.5,46,0.45652173913043476,0.5434782608695652,3.07,0.07,10,0.21739130434782608,21,5.06,0.24,11,0.5238095238095238,25,-1.99,-0.08,12,0.48,15,0.5333333333333333,0.4666666666666667,6.38,0.43,11,0.7333333333333333,8,0.24,0.03,6,0.75,7,6.13,0.88,5,0.7142857142857143,5,3,2,15,8,7,-3.73,-0.25,0.3333333333333333,0.2,0.13333333333333333,0.5333333333333333,0.4666666666666667,24,0.5714285714285714,6.41,0.15,42,4,0.21052631578947367,-7.07,-0.37,19,401856676,2026,2
145,Ole Miss Rebels,36,0.6206896551724138,23,0.6571428571428571,13,0.5652173913043478,9,0.6,1,0.25,35,0.6481481481481481,54,0.5925925925925926,0.4074074074074074,20.99,0.39,22,0.4074074074074074,32,13.44,0.42,23,0.71875,22,7.55,0.34,12,0.5454545454545454,1,1.0,0.0,1.3,1.3,1,1.0,1,1.3,1.3,1,1.0,,,,,,1,0,1,4,3,1,-3.39,-0.85,0.25,0.0,0.25,0.75,0.25,28,0.6086956521739131,10.49,0.23,46,8,0.6666666666666666,7.12,0.59,12,401856676,2026,2
9,Arizona State Sun Devils,23,0.3709677419354839,15,0.42857142857142855,8,0.32,0,0.0,3,0.25,20,0.4166666666666667,48,0.5416666666666666,0.4375,-9.35,-0.19,12,0.25,26,-5.3,-0.2,13,0.5,21,-0.29,-0.01,7,0.3333333333333333,10,0.6,0.3,-3.62,-0.36,4,0.4,6,-0.05,-0.01,3,0.5,3,-0.85,-0.28,1,0.3333333333333333,3,2,1,14,9,4,-4.24,-0.3,0.21428571428571427,0.14285714285714285,0.07142857142857142,0.6428571428571429,0.2857142857142857,13,0.325,-22.83,-0.57,40,10,0.45454545454545453,9.24,0.42,22,401856683,2026,2
245,Texas A&M Aggies,24,0.41379310344827586,11,0.4074074074074074,13,0.43333333333333335,6,0.5454545454545454,3,0.25,20,0.45454545454545453,44,0.45454545454545453,0.5454545454545454,-0.77,-0.02,7,0.1590909090909091,20,0.44,0.02,9,0.45,24,-1.21,-0.05,11,0.4583333333333333,8,0.625,0.375,-1.78,-0.22,3,0.375,5,-0.16,-0.03,3,0.6,3,-1.61,-0.54,0,0.0,4,2,2,14,7,6,-2.9,-0.21,0.2857142857142857,0.14285714285714285,0.14285714285714285,0.5,0.42857142857142855,20,0.4878048780487805,5.39,0.13,41,4,0.23529411764705882,-9.06,-0.53,17,401856683,2026,2
130,Michigan Wolverines,20,0.3508771929824561,8,0.42105263157894735,12,0.3333333333333333,2,1.0,4,0.3076923076923077,15,0.3488372093023256,43,0.3488372093023256,0.627906976744186,-0.66,-0.02,5,0.11627906976744186,15,0.89,0.06,7,0.4666666666666667,27,-1.26,-0.05,8,0.2962962962962963,7,0.42857142857142855,0.5714285714285714,-3.11,-0.44,1,0.14285714285714285,3,-2.75,-0.92,0,0.0,4,-0.35,-0.09,1,0.25,5,1,4,14,4,9,-2.01,-0.14,0.35714285714285715,0.07142857142857142,0.2857142857142857,0.2857142857142857,0.6428571428571429,10,0.2702702702702703,-11.06,-0.3,37,10,0.5,8.38,0.42,20,401856679,2026,2
201,Oklahoma Sooners,25,0.4032258064516129,12,0.3333333333333333,13,0.5,,,3,0.23076923076923078,22,0.4583333333333333,48,0.5416666666666666,0.4583333333333333,1.85,0.04,10,0.20833333333333334,26,1.49,0.06,11,0.4230769230769231,22,0.36,0.02,11,0.5,12,0.4166666666666667,0.5833333333333334,2.15,0.18,6,0.5,5,3.37,0.67,3,0.6,7,-1.22,-0.17,3,0.42857142857142855,3,1,2,14,10,4,-9.56,-0.68,0.21428571428571427,0.07142857142857142,0.14285714285714285,0.7142857142857143,0.2857142857142857,21,0.5,2.28,0.05,42,4,0.2,-9.98,-0.5,20,401856679,2026,2
333,Alabama Crimson Tide,34,0.53125,15,0.5555555555555556,19,0.5277777777777778,10,0.625,5,0.45454545454545453,28,0.5384615384615384,52,0.40384615384615385,0.5769230769230769,-3.04,-0.06,11,0.21153846153846154,21,0.26,0.01,13,0.6190476190476191,30,-2.68,-0.09,15,0.5,8,0.625,0.375,-7.39,-0.92,1,0.125,5,-4.67,-0.93,1,0.2,3,-2.72,-0.91,0,0.0,6,2,4,12,6,6,-0.09,-0.01,0.5,0.16666666666666666,0.3333333333333333,0.5,0.5,31,0.5849056603773585,1.91,0.04,53,3,0.2727272727272727,-5.03,-0.46,11,401856674,2026,2
96,Kentucky Wildcats,21,0.3230769230769231,11,0.3142857142857143,9,0.34615384615384615,1,1.0,1,0.07142857142857142,18,0.4,45,0.4666666666666667,0.5111111111111111,-3.63,-0.08,7,0.15555555555555556,21,4.54,0.22,9,0.42857142857142855,23,-4.54,-0.2,9,0.391304347826087,16,0.625,0.3125,-3.88,-0.24,4,0.25,10,-1.37,-0.14,2,0.2,5,-0.48,-0.1,2,0.4,3,2,0,20,14,3,-27.56,-1.38,0.15,0.1,0.0,0.7,0.15,15,0.36585365853658536,-14.37,-0.35,41,6,0.25,-16.82,-0.7,24,401856674,2026,2
2641,Texas Tech Red Raiders,31,0.4189189189189189,18,0.5454545454545454,13,0.325,4,0.5,8,0.5,22,0.38596491228070173,57,0.40350877192982454,0.5789473684210527,-9.5,-0.17,11,0.19298245614035087,23,-3.05,-0.13,12,0.5217391304347826,33,-5.68,-0.17,10,0.30303030303030304,12,0.5,0.5,-1.6,-0.13,4,0.3333333333333333,6,-2.22,-0.37,2,0.3333333333333333,6,0.61,0.1,2,0.3333333333333333,9,6,3,17,10,7,13.83,0.81,0.5294117647058824,0.35294117647058826,0.17647058823529413,0.5882352941176471,0.4117647058823529,22,0.5,2.2,0.05,44,9,0.3,2.13,0.07,30,401856783,2026,2
204,Oregon State Beavers,25,0.352112676056338,21,0.3888888888888889,4,0.23529411764705882,1,0.25,4,0.26666666666666666,20,0.37735849056603776,53,0.7358490566037735,0.2641509433962264,2.76,0.05,13,0.24528301886792453,39,5.32,0.14,17,0.4358974358974359,14,-2.56,-0.18,3,0.21428571428571427,16,0.75,0.25,5.89,0.37,6,0.375,12,3.94,0.33,4,0.3333333333333333,4,1.95,0.49,2,0.5,5,4,1,18,15,3,-2.1,-0.12,0.2777777777777778,0.2222222222222222,0.05555555555555555,0.8333333333333334,0.16666666666666666,14,0.3333333333333333,-1.77,-0.04,42,11,0.3793103448275862,2.43,0.08,29,401856783,2026,2
30,USC Trojans,37,0.5211267605633803,18,0.5806451612903226,18,0.46153846153846156,7,0.5384615384615384,9,0.6923076923076923,27,0.47368421052631576,57,0.3508771929824561,0.631578947368421,2.7,0.05,14,0.24561403508771928,20,1.31,0.07,11,0.55,36,1.12,0.03,15,0.4166666666666667,10,0.7,0.3,3.41,0.34,4,0.4,7,5.11,0.73,4,0.5714285714285714,3,-1.71,-0.57,0,0.0,10,7,3,14,11,3,18.07,1.29,0.7142857142857143,0.5,0.21428571428571427,0.7857142857142857,0.21428571428571427,26,0.52,6.33,0.13,50,11,0.5238095238095238,14.44,0.69,21,401858445,2026,2
309,Louisiana Ragin' Cajuns,26,0.5,12,0.5217391304347826,14,0.4827586206896552,6,0.6666666666666666,4,0.4,22,0.5238095238095238,42,0.40476190476190477,0.5952380952380952,19.51,0.46,10,0.23809523809523808,17,10.85,0.64,10,0.5882352941176471,25,8.66,0.35,12,0.48,11,0.36363636363636365,0.6363636363636364,-3.92,-0.36,2,0.18181818181818182,4,-1.25,-0.31,1,0.25,7,-2.67,-0.38,1,0.14285714285714285,4,2,2,10,6,4,3.57,0.36,0.4,0.2,0.2,0.6,0.4,17,0.5483870967741935,11.27,0.36,31,9,0.42857142857142855,11.8,0.56,21,401858445,2026,2
12,Arizona Wildcats,29,0.46774193548387094,16,0.47058823529411764,13,0.4642857142857143,2,0.4,5,0.4166666666666667,24,0.4897959183673469,49,0.4897959183673469,0.5102040816326531,13.21,0.27,10,0.20408163265306123,24,5.42,0.23,13,0.5416666666666666,25,7.8,0.31,11,0.44,4,0.25,0.75,5.21,1.3,3,0.75,1,3.21,3.21,1,1.0,3,2.0,0.67,2,0.6666666666666666,5,3,2,13,10,3,-5.62,-0.43,0.38461538461538464,0.23076923076923078,0.15384615384615385,0.7692307692307693,0.23076923076923078,19,0.48717948717948717,2.23,0.06,39,10,0.43478260869565216,5.35,0.23,23,401856810,2026,2
252,BYU Cougars,28,0.5185185185185185,12,0.4444444444444444,16,0.5925925925925926,4,0.6666666666666666,6,0.5454545454545454,22,0.5116279069767442,43,0.4883720930232558,0.5116279069767442,12.8,0.3,9,0.20930232558139536,21,8.01,0.38,10,0.47619047619047616,22,4.79,0.22,12,0.5454545454545454,13,0.6153846153846154,0.38461538461538464,1.66,0.13,8,0.6153846153846154,8,-0.63,-0.08,3,0.375,5,2.28,0.46,5,1.0,6,2,4,11,6,5,5.92,0.54,0.5454545454545454,0.18181818181818182,0.36363636363636365,0.5454545454545454,0.45454545454545453,20,0.5714285714285714,11.01,0.31,35,8,0.42105263157894735,7.71,0.41,19,401856810,2026,2
213,Penn State Nittany Lions,31,0.484375,17,0.6296296296296297,13,0.3611111111111111,2,0.16666666666666666,6,0.5,25,0.49019607843137253,51,0.39215686274509803,0.5882352941176471,12.57,0.25,12,0.23529411764705882,20,12.52,0.63,13,0.65,30,-1.5,-0.05,11,0.36666666666666664,11,0.6363636363636364,0.36363636363636365,9.05,0.82,8,0.7272727272727273,7,9.28,1.33,7,1.0,4,-0.24,-0.06,1,0.25,6,4,2,13,7,6,1.74,0.13,0.46153846153846156,0.3076923076923077,0.15384615384615385,0.5384615384615384,0.46153846153846156,24,0.4897959183673469,8.58,0.18,49,7,0.4666666666666667,5.73,0.38,15,401858442,2026,2
218,Temple Owls,24,0.4444444444444444,7,0.30434782608695654,17,0.5483870967741935,3,0.375,4,0.3333333333333333,18,0.45,40,0.45,0.55,-1.48,-0.04,9,0.225,18,-6.41,-0.36,6,0.3333333333333333,22,4.93,0.22,12,0.5454545454545454,8,0.5,0.5,-1.35,-0.17,3,0.375,4,-3.92,-0.98,0,0.0,4,2.57,0.64,3,0.75,6,1,5,14,5,9,2.02,0.14,0.42857142857142855,0.07142857142857142,0.35714285714285715,0.35714285714285715,0.6428571428571429,19,0.48717948717948717,5.38,0.14,39,5,0.3333333333333333,-4.84,-0.32,15,401858442,2026,2
302,UC Davis Aggies,21,0.35,12,0.3076923076923077,9,0.42857142857142855,2,0.4,3,0.21428571428571427,17,0.3953488372093023,43,0.6046511627906976,0.3953488372093023,-3.53,-0.08,5,0.11627906976744186,26,-2.78,-0.11,9,0.34615384615384615,17,-0.74,-0.04,8,0.47058823529411764,7,0.5714285714285714,0.42857142857142855,-5.46,-0.78,0,0.0,4,-4.88,-1.22,0,0.0,3,-0.58,-0.19,0,0.0,4,3,1,17,13,4,-12.91,-0.76,0.23529411764705882,0.17647058823529413,0.058823529411764705,0.7647058823529411,0.23529411764705882,13,0.35135135135135137,-12.0,-0.32,37,8,0.34782608695652173,-4.43,-0.19,23,401858223,2026,2
2567,SMU Mustangs,29,0.5272727272727272,20,0.6060606060606061,9,0.4090909090909091,11,0.7333333333333333,5,0.5,24,0.5454545454545454,44,0.5681818181818182,0.4318181818181818,23.96,0.54,12,0.2727272727272727,25,24.41,0.98,16,0.64,19,-0.45,-0.02,8,0.42105263157894735,11,0.6363636363636364,0.36363636363636365,6.59,0.6,5,0.45454545454545453,7,8.09,1.16,4,0.5714285714285714,4,-1.49,-0.37,1,0.25,5,4,1,11,8,3,5.89,0.54,0.45454545454545453,0.36363636363636365,0.09090909090909091,0.7272727272727273,0.2727272727272727,25,0.5952380952380952,28.59,0.68,42,4,0.3076923076923077,1.26,0.1,13,401858223,2026,2
59,Georgia Tech Yellow Jackets,36,0.5070422535211268,19,0.4318181818181818,17,0.6296296296296297,5,0.45454545454545453,7,0.5384615384615384,29,0.5178571428571429,56,0.5714285714285714,0.42857142857142855,-3.48,-0.06,14,0.25,32,-10.26,-0.32,14,0.4375,24,6.78,0.28,15,0.625,9,0.5555555555555556,0.4444444444444444,0.36,0.04,5,0.5555555555555556,5,-2.84,-0.57,2,0.4,4,3.19,0.8,3,0.75,7,5,2,15,12,3,0.21,0.01,0.4666666666666667,0.3333333333333333,0.13333333333333333,0.8,0.2,26,0.5306122448979592,-3.97,-0.08,49,10,0.45454545454545453,0.71,0.03,22,401856681,2026,2
2633,Tennessee Volunteers,30,0.45454545454545453,8,0.36363636363636365,22,0.5,3,0.42857142857142855,8,0.5714285714285714,21,0.4117647058823529,51,0.3333333333333333,0.6666666666666666,7.75,0.15,9,0.17647058823529413,17,4.04,0.24,7,0.4117647058823529,34,3.71,0.11,14,0.4117647058823529,10,0.2,0.8,5.09,0.51,6,0.6,2,1.04,0.52,1,0.5,8,4.05,0.51,5,0.625,9,1,8,15,5,10,13.17,0.88,0.6,0.06666666666666667,0.5333333333333333,0.3333333333333333,0.6666666666666666,22,0.4888888888888889,17.37,0.39,45,8,0.38095238095238093,3.55,0.17,21,401856681,2026,2
264,Washington Huskies,34,0.4594594594594595,23,0.5348837209302325,11,0.36666666666666664,4,0.36363636363636365,7,0.4375,27,0.47368421052631576,57,0.5614035087719298,0.42105263157894735,-5.35,-0.09,11,0.19298245614035087,32,3.19,0.1,19,0.59375,24,-8.03,-0.33,8,0.3333333333333333,17,0.7058823529411765,0.29411764705882354,-0.33,-0.02,9,0.5294117647058824,12,1.08,0.09,8,0.6666666666666666,5,-1.41,-0.28,1,0.2,7,4,3,17,11,6,-3.16,-0.19,0.4117647058823529,0.23529411764705882,0.17647058823529413,0.6470588235294118,0.35294117647058826,27,0.5094339622641509,-2.15,-0.04,53,7,0.3333333333333333,-6.36,-0.3,21,401858446,2026,2
328,Utah State Aggies,22,0.3793103448275862,14,0.4375,8,0.3076923076923077,1,0.3333333333333333,7,0.5384615384615384,15,0.3409090909090909,44,0.5227272727272727,0.4772727272727273,-14.67,-0.33,6,0.13636363636363635,23,-1.7,-0.07,10,0.43478260869565216,21,-12.97,-0.62,5,0.23809523809523808,5,0.6,0.4,-4.59,-0.92,1,0.2,3,-4.13,-1.38,0,0.0,2,-0.46,-0.23,1,0.5,7,4,3,14,9,5,-0.99,-0.07,0.5,0.2857142857142857,0.21428571428571427,0.6428571428571429,0.35714285714285715,12,0.34285714285714286,-16.47,-0.47,35,10,0.43478260869565216,0.81,0.04,23,401858446,2026,2
254,Utah Utes,34,0.5666666666666667,16,0.5517241379310345,18,0.6206896551724138,10,0.5555555555555556,5,0.5555555555555556,28,0.5714285714285714,49,0.5102040816326531,0.4489795918367347,14.94,0.3,16,0.32653061224489793,25,8.99,0.36,15,0.6,22,7.43,0.34,13,0.5909090909090909,15,0.6,0.4,15.12,1.01,12,0.8,9,9.56,1.06,8,0.8888888888888888,6,5.56,0.93,4,0.6666666666666666,6,1,5,11,4,7,3.8,0.35,0.5454545454545454,0.09090909090909091,0.45454545454545453,0.36363636363636365,0.6363636363636364,30,0.6,16.97,0.34,50,4,0.4,1.77,0.18,10,401856670,2026,2
8,Arkansas Razorbacks,26,0.33766233766233766,19,0.3584905660377358,7,0.2916666666666667,1,0.2,7,0.3888888888888889,17,0.3090909090909091,55,0.6727272727272727,0.32727272727272727,-10.64,-0.19,9,0.16363636363636364,37,-3.05,-0.08,14,0.3783783783783784,18,-7.58,-0.42,3,0.16666666666666666,12,0.75,0.25,-2.95,-0.25,5,0.4166666666666667,9,-2.0,-0.22,4,0.4444444444444444,3,-0.95,-0.32,1,0.3333333333333333,9,5,4,22,16,6,-0.05,-0.0,0.4090909090909091,0.22727272727272727,0.18181818181818182,0.7272727272727273,0.2727272727272727,13,0.3333333333333333,-12.62,-0.32,39,13,0.34210526315789475,1.93,0.05,38,401856670,2026,2
66,Iowa State Cyclones,19,0.3584905660377358,9,0.47368421052631576,10,0.29411764705882354,4,0.5,4,0.3076923076923077,15,0.375,40,0.3,0.7,-5.92,-0.15,5,0.125,12,-0.36,-0.03,6,0.5,28,-5.56,-0.2,9,0.32142857142857145,6,0.3333333333333333,0.6666666666666666,2.14,0.36,3,0.5,2,2.05,1.02,2,1.0,4,0.1,0.02,1,0.25,4,3,1,13,7,6,-2.75,-0.21,0.3076923076923077,0.23076923076923078,0.07692307692307693,0.5384615384615384,0.46153846153846156,14,0.42424242424242425,-4.22,-0.13,33,5,0.25,-4.46,-0.22,20,401856788,2026,2
2294,Iowa Hawkeyes,24,0.4067796610169492,14,0.4666666666666667,10,0.3448275862068966,2,0.4,5,0.3333333333333333,19,0.4418604651162791,43,0.5116279069767442,0.4883720930232558,1.98,0.05,9,0.20930232558139536,22,5.84,0.27,13,0.5909090909090909,21,-3.87,-0.18,6,0.2857142857142857,9,0.6666666666666666,0.3333333333333333,1.13,0.13,5,0.5555555555555556,6,1.26,0.21,4,0.6666666666666666,3,-0.13,-0.04,1,0.3333333333333333,5,1,4,16,8,8,-8.08,-0.51,0.3125,0.0625,0.25,0.5,0.5,22,0.5,0.74,0.02,44,2,0.13333333333333333,-6.84,-0.46,15,401856788,2026,2
2582,Southern Jaguars,8,0.19047619047619047,6,0.2727272727272727,2,0.1,,,1,0.07692307692307693,7,0.25,28,0.42857142857142855,0.5714285714285714,-1.11,-0.04,0,0.0,12,5.47,0.46,5,0.4166666666666667,16,-6.58,-0.41,2,0.125,6,0.3333333333333333,0.6666666666666666,-2.03,-0.34,0,0.0,2,-1.42,-0.71,0,0.0,4,-0.61,-0.15,0,0.0,1,1,0,14,10,4,-15.84,-1.13,0.07142857142857142,0.07142857142857142,0.0,0.7142857142857143,0.2857142857142857,6,0.25,-7.02,-0.29,24,2,0.1111111111111111,-9.94,-0.55,18,401856787,2026,2
248,Houston Cougars,51,0.796875,13,0.6842105263157895,38,0.8444444444444444,16,0.7619047619047619,8,1.0,43,0.7678571428571429,56,0.30357142857142855,0.6964285714285714,34.27,0.61,18,0.32142857142857145,17,11.59,0.68,11,0.6470588235294118,39,22.67,0.58,32,0.8205128205128205,10,0.5,0.5,11.61,1.16,10,1.0,5,6.62,1.32,5,1.0,5,4.99,1.0,5,1.0,8,2,6,8,2,6,9.65,1.21,1.0,0.25,0.75,0.25,0.75,44,0.7857142857142857,36.3,0.65,56,7,0.875,7.62,0.95,8,401856787,2026,2
265,Washington State Cougars,14,0.2692307692307692,5,0.20833333333333334,8,0.32,,,2,0.16666666666666666,11,0.2972972972972973,37,0.43243243243243246,0.5405405405405406,-10.32,-0.28,7,0.1891891891891892,16,-6.99,-0.44,3,0.1875,20,-0.5,-0.03,8,0.4,15,0.6666666666666666,0.26666666666666666,-6.8,-0.45,3,0.2,10,-6.95,-0.7,1,0.1,4,0.36,0.09,2,0.5,3,2,0,15,8,5,-4.15,-0.28,0.2,0.13333333333333333,0.0,0.5333333333333333,0.3333333333333333,8,0.2962962962962963,-9.16,-0.34,27,6,0.24,-5.31,-0.21,25,401856781,2026,2
2306,Kansas State Wildcats,36,0.4864864864864865,16,0.47058823529411764,20,0.5,6,0.5454545454545454,10,0.625,26,0.45614035087719296,57,0.42105263157894735,0.5789473684210527,-2.18,-0.04,12,0.21052631578947367,24,-3.7,-0.15,11,0.4583333333333333,33,1.52,0.05,15,0.45454545454545453,11,0.45454545454545453,0.5454545454545454,2.57,0.23,8,0.7272727272727273,5,-1.77,-0.35,4,0.8,6,4.34,0.72,4,0.6666666666666666,10,5,5,17,10,7,7.06,0.42,0.5882352941176471,0.29411764705882354,0.29411764705882354,0.5882352941176471,0.4117647058823529,24,0.4897959183673469,-6.51,-0.13,49,12,0.48,11.4,0.46,25,401856781,2026,2
2193,East Tennessee State Buccaneers,29,0.4393939393939394,18,0.5,11,0.3793103448275862,0,0.0,9,0.5625,20,0.40816326530612246,49,0.5714285714285714,0.40816326530612246,-5.0,-0.1,7,0.14285714285714285,28,4.27,0.15,15,0.5357142857142857,20,-5.97,-0.3,5,0.25,16,0.625,0.3125,-2.07,-0.13,9,0.5625,10,0.39,0.04,5,0.5,5,0.84,0.17,4,0.8,9,3,6,17,8,9,-4.45,-0.26,0.5294117647058824,0.17647058823529413,0.35294117647058826,0.47058823529411764,0.5294117647058824,22,0.4782608695652174,-0.27,-0.01,46,7,0.35,-9.18,-0.46,20,401858218,2026,2
153,North Carolina Tar Heels,31,0.5849056603773585,16,0.5925925925925926,15,0.5769230769230769,5,0.8333333333333334,5,0.5555555555555556,26,0.5909090909090909,44,0.4772727272727273,0.5227272727272727,13.92,0.32,15,0.3409090909090909,21,7.22,0.34,12,0.5714285714285714,23,6.7,0.29,14,0.6086956521739131,8,0.5,0.5,7.86,0.98,7,0.875,4,3.61,0.9,3,0.75,4,4.25,1.06,4,1.0,5,4,1,9,6,3,6.66,0.74,0.5555555555555556,0.4444444444444444,0.1111111111111111,0.6666666666666666,0.3333333333333333,23,0.6571428571428571,12.33,0.35,35,8,0.4444444444444444,8.25,0.46,18,401858218,2026,2
295,Old Dominion Monarchs,16,0.32653061224489793,8,0.3076923076923077,8,0.36363636363636365,1,0.14285714285714285,5,0.4166666666666667,10,0.2777777777777778,36,0.5555555555555556,0.4166666666666667,-14.03,-0.39,5,0.1388888888888889,20,-2.67,-0.13,7,0.35,15,-7.13,-0.48,3,0.2,12,0.5833333333333334,0.4166666666666667,0.13,0.01,4,0.3333333333333333,7,-2.91,-0.42,1,0.14285714285714285,5,3.04,0.61,3,0.6,6,1,5,13,6,7,8.24,0.63,0.46153846153846156,0.07692307692307693,0.38461538461538464,0.46153846153846156,0.5384615384615384,9,0.32142857142857145,-6.39,-0.23,28,7,0.3333333333333333,0.6,0.03,21,401858221,2026,2
259,Virginia Tech Hokies,37,0.43023255813953487,20,0.4166666666666667,17,0.4473684210526316,8,0.36363636363636365,11,0.5238095238095238,23,0.3709677419354839,62,0.5161290322580645,0.4838709677419355,-5.46,-0.09,10,0.16129032258064516,32,-3.92,-0.12,10,0.3125,30,-1.53,-0.05,13,0.43333333333333335,10,0.8,0.2,-2.32,-0.23,4,0.4,8,-0.42,-0.05,4,0.5,2,-1.9,-0.95,0,0.0,14,10,4,24,16,8,17.52,0.73,0.5833333333333334,0.4166666666666667,0.16666666666666666,0.6666666666666666,0.3333333333333333,21,0.3888888888888889,-1.36,-0.03,54,16,0.5,13.43,0.42,32,401858221,2026,2
154,Wake Forest Demon Deacons,40,0.5882352941176471,18,0.6206896551724138,22,0.5789473684210527,14,0.5833333333333334,6,0.5454545454545454,33,0.5892857142857143,56,0.375,0.6071428571428571,18.77,0.34,17,0.30357142857142855,21,13.07,0.62,14,0.6666666666666666,34,7.12,0.21,19,0.5588235294117647,9,0.3333333333333333,0.6666666666666666,5.29,0.59,6,0.6666666666666666,3,2.25,0.75,2,0.6666666666666666,6,3.04,0.51,4,0.6666666666666666,7,4,3,12,8,4,8.74,0.73,0.5833333333333334,0.3333333333333333,0.25,0.6666666666666666,0.3333333333333333,28,0.56,8.69,0.17,50,12,0.6666666666666666,18.82,1.05,18,401858224,2026,2
2509,Purdue Boilermakers,51,0.6219512195121951,30,0.6666666666666666,21,0.5833333333333334,15,0.5769230769230769,8,0.5333333333333333,42,0.6363636363636364,66,0.5606060606060606,0.42424242424242425,22.33,0.34,17,0.25757575757575757,37,17.9,0.48,27,0.7297297297297297,28,6.01,0.21,15,0.5357142857142857,14,0.7142857142857143,0.2857142857142857,4.38,0.31,9,0.6428571428571429,10,4.06,0.41,6,0.6,4,0.32,0.08,3,0.75,9,3,6,16,8,8,7.43,0.46,0.5625,0.1875,0.375,0.5,0.5,40,0.625,19.6,0.31,64,11,0.6111111111111112,10.17,0.56,18,401858224,2026,2
58,South Florida Bulls,30,0.5660377358490566,17,0.5666666666666667,13,0.5652173913043478,4,0.8,6,0.5454545454545454,23,0.5609756097560976,41,0.5121951219512195,0.4878048780487805,11.39,0.28,10,0.24390243902439024,21,4.75,0.23,12,0.5714285714285714,20,6.63,0.33,11,0.55,3,0.6666666666666666,0.3333333333333333,1.48,0.49,2,0.6666666666666666,2,1.11,0.55,1,0.5,1,0.37,0.37,1,1.0,7,5,2,12,9,3,8.51,0.71,0.5833333333333334,0.4166666666666667,0.16666666666666666,0.75,0.25,23,0.6216216216216216,13.35,0.36,37,7,0.4375,6.55,0.41,16,401862702,2026,2
349,Army Black Knights,32,0.5161290322580645,7,0.5833333333333334,25,0.5,5,0.5555555555555556,5,0.45454545454545453,25,0.5102040816326531,49,0.16326530612244897,0.8367346938775511,8.18,0.17,14,0.2857142857142857,8,8.01,1.0,6,0.75,41,0.17,0.0,19,0.4634146341463415,12,0.16666666666666666,0.8333333333333334,1.92,0.16,6,0.5,2,3.49,1.74,2,1.0,10,-1.57,-0.16,4,0.4,7,1,6,13,4,9,2.89,0.22,0.5384615384615384,0.07692307692307693,0.46153846153846156,0.3076923076923077,0.6923076923076923,27,0.54,9.12,0.18,50,5,0.4166666666666667,1.95,0.16,12,401862702,2026,2
151,East Carolina Pirates,35,0.4861111111111111,17,0.4358974358974359,18,0.5454545454545454,4,0.3333333333333333,4,0.36363636363636365,30,0.5172413793103449,58,0.5172413793103449,0.4827586206896552,12.71,0.22,16,0.27586206896551724,30,5.0,0.17,15,0.5,28,7.7,0.28,15,0.5357142857142857,11,0.36363636363636365,0.6363636363636364,0.28,0.03,4,0.36363636363636365,4,-3.24,-0.81,1,0.25,7,3.52,0.5,3,0.42857142857142855,5,2,3,14,9,5,-8.12,-0.58,0.35714285714285715,0.14285714285714285,0.21428571428571427,0.6428571428571429,0.35714285714285715,30,0.5555555555555556,8.01,0.15,54,5,0.2777777777777778,-3.42,-0.19,18,401864571,2026,2
2026,App State Mountaineers,28,0.39436619718309857,15,0.5,12,0.3,4,0.5714285714285714,6,0.4,22,0.39285714285714285,56,0.35714285714285715,0.625,1.32,0.02,11,0.19642857142857142,20,5.78,0.29,11,0.55,35,-4.65,-0.13,10,0.2857142857142857,12,0.5833333333333334,0.4166666666666667,7.05,0.59,8,0.6666666666666666,7,3.57,0.51,5,0.7142857142857143,5,3.48,0.7,3,0.6,6,4,2,15,10,5,3.34,0.22,0.4,0.26666666666666666,0.13333333333333333,0.6666666666666666,0.3333333333333333,15,0.36585365853658536,-2.96,-0.07,41,13,0.43333333333333335,7.62,0.25,30,401864571,2026,2
2309,Kent State Golden Flashes,31,0.43661971830985913,12,0.42857142857142855,19,0.4523809523809524,7,0.7777777777777778,11,0.5789473684210527,20,0.4,50,0.3,0.7,0.18,0.0,7,0.14,15,0.25,0.02,6,0.4,35,-0.07,-0.0,14,0.4,7,0.42857142857142855,0.42857142857142855,-7.56,-1.08,0,0.0,3,-5.14,-1.71,0,0.0,3,-1.9,-0.63,0,0.0,11,6,5,21,13,7,13.17,0.63,0.5238095238095238,0.2857142857142857,0.23809523809523808,0.6190476190476191,0.3333333333333333,23,0.46,2.63,0.05,50,8,0.38095238095238093,10.72,0.51,21,401866416,2026,2
2747,Wofford Terriers,20,0.37735849056603776,9,0.28125,11,0.5238095238095238,2,0.4,1,0.08333333333333333,19,0.4634146341463415,41,0.5121951219512195,0.4878048780487805,-13.15,-0.32,8,0.1951219512195122,21,-12.46,-0.59,9,0.42857142857142855,20,-0.69,-0.03,10,0.5,15,0.6,0.4,-13.17,-0.88,8,0.5333333333333333,9,-12.57,-1.4,4,0.4444444444444444,6,-0.6,-0.1,4,0.6666666666666666,1,0,1,12,11,1,-15.79,-1.32,0.08333333333333333,0.0,0.08333333333333333,0.9166666666666666,0.08333333333333333,18,0.5454545454545454,-3.14,-0.1,33,2,0.1,-25.81,-1.29,20,401866416,2026,2
256,James Madison Dukes,41,0.6612903225806451,16,0.5714285714285714,25,0.78125,13,0.65,5,0.625,36,0.6792452830188679,53,0.4716981132075472,0.5283018867924528,29.63,0.56,16,0.3018867924528302,25,11.16,0.45,15,0.6,28,18.47,0.66,21,0.75,3,0.0,0.6666666666666666,0.77,0.26,2,0.6666666666666666,,,,,,2,3.78,1.89,2,1.0,5,1,4,9,3,4,0.13,0.01,0.5555555555555556,0.1111111111111111,0.4444444444444444,0.3333333333333333,0.4444444444444444,35,0.660377358490566,21.76,0.41,53,6,0.6666666666666666,8.0,0.89,9,401867929,2026,2
2681,Wagner Seahawks,15,0.23076923076923078,8,0.2962962962962963,7,0.18421052631578946,,,7,0.3888888888888889,8,0.17391304347826086,46,0.3695652173913043,0.6304347826086957,-17.94,-0.39,2,0.043478260869565216,17,-6.09,-0.36,5,0.29411764705882354,29,-11.85,-0.41,3,0.10344827586206896,14,0.5714285714285714,0.42857142857142855,-2.84,-0.2,4,0.2857142857142857,8,-3.02,-0.38,2,0.25,6,0.17,0.03,2,0.3333333333333333,7,3,4,19,10,9,-3.62,-0.19,0.3684210526315789,0.15789473684210525,0.21052631578947367,0.5263157894736842,0.47368421052631576,6,0.18181818181818182,-16.79,-0.51,33,9,0.28125,-4.77,-0.15,32,401867929,2026,2
2241,Gardner-Webb Runnin' Bulldogs,24,0.3380281690140845,13,0.325,11,0.3548387096774194,0,0.0,5,0.35714285714285715,19,0.3392857142857143,56,0.5357142857142857,0.4642857142857143,-21.59,-0.39,12,0.21428571428571427,30,-15.75,-0.52,10,0.3333333333333333,26,-5.84,-0.22,9,0.34615384615384615,6,0.6666666666666666,0.3333333333333333,-2.54,-0.42,1,0.16666666666666666,4,-0.85,-0.21,1,0.25,2,-1.68,-0.84,0,0.0,5,3,2,15,10,5,5.51,0.37,0.3333333333333333,0.2,0.13333333333333333,0.6666666666666666,0.3333333333333333,18,0.4,-3.62,-0.08,45,6,0.23076923076923078,-12.45,-0.48,26,401868187,2026,2
2335,Liberty Flames,28,0.4307692307692308,7,0.28,21,0.5526315789473685,3,0.75,3,0.2727272727272727,25,0.4807692307692308,52,0.2692307692307692,0.6923076923076923,-3.27,-0.06,14,0.2692307692307692,14,2.81,0.2,5,0.35714285714285715,36,7.38,0.21,20,0.5555555555555556,20,0.55,0.45,-3.22,-0.16,8,0.4,11,-2.92,-0.27,4,0.36363636363636365,9,-0.29,-0.03,4,0.4444444444444444,3,2,1,13,11,2,-7.71,-0.59,0.23076923076923078,0.15384615384615385,0.07692307692307693,0.8461538461538461,0.15384615384615385,19,0.4418604651162791,-8.22,-0.19,43,9,0.4090909090909091,-2.76,-0.13,22,401868187,2026,2
2630,UT Martin Skyhawks,30,0.42857142857142855,19,0.5428571428571428,11,0.3235294117647059,1,0.2,7,0.4375,22,0.43137254901960786,51,0.5294117647058824,0.45098039215686275,-11.37,-0.22,10,0.19607843137254902,27,-1.75,-0.06,15,0.5555555555555556,23,-3.67,-0.16,7,0.30434782608695654,14,0.7857142857142857,0.21428571428571427,1.9,0.14,9,0.6428571428571429,11,1.08,0.1,8,0.7272727272727273,3,0.82,0.27,1,0.3333333333333333,8,4,4,19,8,11,-1.22,-0.06,0.42105263157894735,0.21052631578947367,0.21052631578947367,0.42105263157894735,0.5789473684210527,24,0.5333333333333333,-3.25,-0.07,45,6,0.24,-9.34,-0.37,25,401856791,2026,2
277,West Virginia Mountaineers,34,0.5396825396825397,7,0.5833333333333334,27,0.54,6,0.6666666666666666,8,0.6666666666666666,26,0.5098039215686274,51,0.1568627450980392,0.8431372549019608,12.42,0.24,10,0.19607843137254902,8,7.85,0.98,5,0.625,43,4.57,0.11,21,0.4883720930232558,9,0.2222222222222222,0.7777777777777778,1.86,0.21,5,0.5555555555555556,2,0.88,0.44,1,0.5,7,0.98,0.14,4,0.5714285714285714,8,2,6,12,4,7,4.71,0.39,0.6666666666666666,0.16666666666666666,0.5,0.3333333333333333,0.5833333333333334,29,0.5686274509803921,16.15,0.32,51,5,0.4166666666666667,0.98,0.08,12,401856791,2026,2
2117,Central Michigan Chippewas,25,0.4032258064516129,6,0.25,19,0.5,3,0.6,6,0.375,16,0.37209302325581395,43,0.37209302325581395,0.627906976744186,-12.94,-0.3,4,0.09302325581395349,16,-9.41,-0.59,5,0.3125,27,-3.53,-0.13,11,0.4074074074074074,13,0.38461538461538464,0.6153846153846154,-3.05,-0.23,6,0.46153846153846156,5,-5.5,-1.1,1,0.2,8,2.45,0.31,5,0.625,9,1,8,19,8,11,7.21,0.38,0.47368421052631576,0.05263157894736842,0.42105263157894735,0.42105263157894735,0.5789473684210527,20,0.5,2.41,0.06,40,5,0.22727272727272727,-8.14,-0.37,22,401866415,2026,2
2142,Colgate Raiders,23,0.3709677419354839,11,0.34375,12,0.42857142857142855,3,0.75,5,0.3333333333333333,17,0.3695652173913043,46,0.45652173913043476,0.5217391304347826,-8.29,-0.18,8,0.17391304347826086,21,-4.49,-0.21,7,0.3333333333333333,24,-1.91,-0.08,10,0.4166666666666667,6,0.5,0.5,-3.27,-0.55,0,0.0,3,-1.26,-0.42,0,0.0,3,-2.01,-0.67,0,0.0,6,4,2,16,11,4,-3.94,-0.25,0.375,0.25,0.125,0.6875,0.25,16,0.45714285714285713,-3.97,-0.11,35,7,0.25925925925925924,-8.26,-0.31,27,401866415,2026,2
193,Miami (OH) RedHawks,33,0.6226415094339622,13,0.8666666666666667,20,0.5405405405405406,5,0.5555555555555556,5,0.7142857142857143,28,0.6086956521739131,46,0.2826086956521739,0.6956521739130435,17.8,0.39,17,0.3695652173913043,13,11.0,0.85,11,0.8461538461538461,32,7.25,0.23,17,0.53125,11,0.18181818181818182,0.8181818181818182,7.66,0.7,5,0.45454545454545453,2,4.58,2.29,1,0.5,9,3.08,0.34,4,0.4444444444444444,5,2,3,7,2,5,6.8,0.97,0.7142857142857143,0.2857142857142857,0.42857142857142855,0.2857142857142857,0.7142857142857143,29,0.6744186046511628,20.43,0.48,43,4,0.4,4.18,0.42,10,401866417,2026,2
107,Holy Cross Crusaders,16,0.36363636363636365,10,0.38461538461538464,6,0.3333333333333333,1,1.0,3,0.3,13,0.3939393939393939,33,0.5454545454545454,0.45454545454545453,-0.4,-0.01,5,0.15151515151515152,18,2.18,0.12,8,0.4444444444444444,15,-2.58,-0.17,5,0.3333333333333333,3,0.6666666666666666,0.3333333333333333,0.06,0.02,1,0.3333333333333333,2,0.13,0.06,1,0.5,1,-0.06,-0.06,0,0.0,3,2,1,11,8,3,-4.25,-0.39,0.2727272727272727,0.18181818181818182,0.09090909090909091,0.7272727272727273,0.2727272727272727,12,0.46153846153846156,-0.48,-0.02,26,4,0.2222222222222222,-4.17,-0.23,18,401866417,2026,2
2050,Ball State Cardinals,31,0.4696969696969697,18,0.5,12,0.41379310344827586,2,0.2,4,0.4,25,0.46296296296296297,54,0.5,0.48148148148148145,12.94,0.24,13,0.24074074074074073,27,4.34,0.16,14,0.5185185185185185,26,8.48,0.33,10,0.38461538461538464,14,0.6428571428571429,0.35714285714285715,-0.1,-0.01,6,0.42857142857142855,9,-0.16,-0.02,4,0.4444444444444444,5,0.07,0.01,2,0.4,6,4,2,12,9,3,6.47,0.54,0.5,0.3333333333333333,0.16666666666666666,0.75,0.25,21,0.44680851063829785,4.34,0.09,47,10,0.5263157894736842,15.06,0.79,19,401866413,2026,2
2619,Stony Brook Seawolves,25,0.390625,16,0.42105263157894735,9,0.34615384615384615,3,0.75,5,0.3333333333333333,19,0.40425531914893614,47,0.574468085106383,0.425531914893617,-2.19,-0.05,8,0.1702127659574468,27,-2.89,-0.11,13,0.48148148148148145,20,0.7,0.04,6,0.3,7,0.42857142857142855,0.5714285714285714,-3.63,-0.52,2,0.2857142857142857,3,-1.92,-0.64,1,0.3333333333333333,4,-1.71,-0.43,1,0.25,6,3,3,17,11,6,-5.81,-0.34,0.35294117647058826,0.17647058823529413,0.17647058823529413,0.6470588235294118,0.35294117647058826,18,0.4090909090909091,-0.16,-0.0,44,7,0.35,-7.84,-0.39,20,401866413,2026,2
135,Minnesota Golden Gophers,30,0.47619047619047616,24,0.48,6,0.46153846153846156,3,0.3333333333333333,5,0.38461538461538464,23,0.48936170212765956,47,0.8085106382978723,0.19148936170212766,1.47,0.03,9,0.19148936170212766,38,4.84,0.13,19,0.5,9,-3.37,-0.37,4,0.4444444444444444,18,0.9444444444444444,0.05555555555555555,5.0,0.28,10,0.5555555555555556,17,6.17,0.36,10,0.5882352941176471,1,-1.17,-1.17,0,0.0,7,5,2,16,12,4,0.54,0.03,0.4375,0.3125,0.125,0.75,0.25,24,0.5454545454545454,7.91,0.18,44,6,0.3157894736842105,-5.9,-0.31,19,401856677,2026,2
344,Mississippi State Bulldogs,38,0.5588235294117647,11,0.4782608695652174,27,0.6,4,0.36363636363636365,6,0.6,31,0.543859649122807,57,0.3684210526315789,0.631578947368421,9.73,0.17,13,0.22807017543859648,21,4.26,0.2,11,0.5238095238095238,36,5.47,0.15,20,0.5555555555555556,2,0.5,0.5,-9.03,-4.51,0,0.0,1,-8.33,-8.33,0,0.0,1,-0.7,-0.7,0,0.0,7,0,7,11,2,9,3.52,0.32,0.6363636363636364,0.0,0.6363636363636364,0.18181818181818182,0.8181818181818182,32,0.5714285714285714,15.08,0.27,56,6,0.5,-1.83,-0.15,12,401856677,2026,2
2692,Weber State Wildcats,26,0.325,16,0.2909090909090909,10,0.4,3,0.42857142857142855,8,0.5,18,0.2903225806451613,62,0.6451612903225806,0.3548387096774194,-13.75,-0.22,14,0.22580645161290322,40,-16.01,-0.4,9,0.225,22,2.26,0.1,9,0.4090909090909091,10,1.0,0.0,-6.74,-0.67,1,0.1,10,-6.74,-0.67,1,0.1,,,,,,8,7,1,18,15,3,8.6,0.48,0.4444444444444444,0.3888888888888889,0.05555555555555555,0.8333333333333334,0.16666666666666666,14,0.2916666666666667,-12.38,-0.26,48,12,0.375,7.22,0.23,32,401856785,2026,2
38,Colorado Buffaloes,34,0.4788732394366197,18,0.4864864864864865,16,0.47058823529411764,3,0.375,6,0.46153846153846156,26,0.4642857142857143,56,0.5178571428571429,0.48214285714285715,6.74,0.12,12,0.21428571428571427,29,8.09,0.28,14,0.4827586206896552,27,-1.35,-0.05,12,0.4444444444444444,20,0.55,0.45,3.69,0.18,10,0.5,11,3.07,0.28,5,0.45454545454545453,9,0.61,0.07,5,0.5555555555555556,8,4,4,15,8,7,15.67,1.04,0.5333333333333333,0.26666666666666666,0.26666666666666666,0.5333333333333333,0.4666666666666667,25,0.5102040816326531,14.24,0.29,49,9,0.4090909090909091,8.17,0.37,22,401856785,2026,2
2116,UCF Knights,17,0.3148148148148148,11,0.3333333333333333,6,0.35294117647058826,2,0.4,4,0.3076923076923077,13,0.35135135135135137,37,0.5405405405405406,0.3783783783783784,-14.4,-0.39,5,0.13513513513513514,20,-2.41,-0.12,8,0.4,14,-5.32,-0.38,5,0.35714285714285715,10,0.7,0.3,-5.64,-0.56,4,0.4,7,-5.77,-0.82,2,0.2857142857142857,3,0.13,0.04,2,0.6666666666666666,4,3,1,16,13,3,-3.23,-0.2,0.25,0.1875,0.0625,0.8125,0.1875,12,0.4,-13.75,-0.46,30,5,0.21739130434782608,-3.88,-0.17,23,401856790,2026,2
221,Pittsburgh Panthers,24,0.35294117647058826,12,0.4,12,0.3157894736842105,2,0.4,5,0.29411764705882354,17,0.3541666666666667,48,0.3958333333333333,0.6041666666666666,-0.75,-0.02,6,0.125,19,4.63,0.24,8,0.42105263157894735,29,-5.38,-0.19,9,0.3103448275862069,10,0.3,0.7,3.51,0.35,5,0.5,3,1.49,0.5,2,0.6666666666666666,7,2.01,0.29,3,0.42857142857142855,7,4,3,20,11,9,-4.82,-0.24,0.35,0.2,0.15,0.55,0.45,15,0.3488372093023256,-10.36,-0.24,43,9,0.36,4.8,0.19,25,401856790,2026,2
25,California Golden Bears,21,0.3620689655172414,12,0.34285714285714286,9,0.391304347826087,4,0.6666666666666666,3,0.23076923076923078,18,0.4090909090909091,44,0.5681818181818182,0.4318181818181818,1.48,0.03,9,0.20454545454545456,25,4.65,0.19,11,0.44,19,-3.17,-0.17,7,0.3684210526315789,16,0.625,0.375,-3.23,-0.2,6,0.375,10,-4.78,-0.48,3,0.3,6,1.54,0.26,3,0.5,3,1,2,14,10,4,-10.13,-0.72,0.21428571428571427,0.07142857142857142,0.14285714285714285,0.7142857142857143,0.2857142857142857,17,0.4857142857142857,0.91,0.03,35,4,0.17391304347826086,-9.56,-0.42,23,401858216,2026,2
183,Syracuse Orange,33,0.38372093023255816,21,0.3888888888888889,12,0.3870967741935484,1,0.1,8,0.4444444444444444,24,0.3582089552238806,67,0.6119402985074627,0.3880597014925373,-0.55,-0.01,13,0.19402985074626866,41,0.45,0.01,15,0.36585365853658536,26,-1.01,-0.04,9,0.34615384615384615,11,0.6363636363636364,0.36363636363636365,1.3,0.12,7,0.6363636363636364,7,1.44,0.21,4,0.5714285714285714,4,-0.14,-0.03,3,0.75,9,6,3,19,13,5,-6.93,-0.36,0.47368421052631576,0.3157894736842105,0.15789473684210525,0.6842105263157895,0.2631578947368421,19,0.3958333333333333,0.25,0.01,48,14,0.3684210526315789,-7.74,-0.2,38,401858216,2026,2
356,Illinois Fighting Illini,37,0.5441176470588235,23,0.6388888888888888,14,0.4375,3,0.6,5,0.4166666666666667,31,0.5849056603773585,53,0.4716981132075472,0.5283018867924528,13.84,0.26,14,0.2641509433962264,25,12.43,0.5,18,0.72,28,1.41,0.05,13,0.4642857142857143,9,0.7777777777777778,0.2222222222222222,5.46,0.61,7,0.7777777777777778,7,4.89,0.7,5,0.7142857142857143,2,0.57,0.29,2,1.0,6,5,1,15,11,4,-3.23,-0.22,0.4,0.3333333333333333,0.06666666666666667,0.7333333333333333,0.26666666666666666,29,0.5576923076923077,10.45,0.2,52,8,0.5,0.16,0.01,16,401858217,2026,2
150,Duke Blue Devils,28,0.5185185185185185,13,0.5909090909090909,15,0.46875,6,0.5,2,0.2222222222222222,24,0.5581395348837209,43,0.4418604651162791,0.5581395348837209,21.28,0.49,12,0.27906976744186046,19,13.54,0.71,12,0.631578947368421,24,7.73,0.32,12,0.5,16,0.5,0.5,9.29,0.58,8,0.5,8,8.08,1.01,5,0.625,8,1.21,0.15,3,0.375,4,1,3,11,3,8,-0.09,-0.01,0.36363636363636365,0.09090909090909091,0.2727272727272727,0.2727272727272727,0.7272727272727273,21,0.5121951219512195,16.87,0.41,41,7,0.5384615384615384,4.32,0.33,13,401858217,2026,2
2199,Eastern Michigan Eagles,20,0.38461538461538464,9,0.3,11,0.5,3,0.75,7,0.5384615384615384,13,0.3333333333333333,39,0.6153846153846154,0.38461538461538464,-8.86,-0.23,6,0.15384615384615385,24,-10.48,-0.44,7,0.2916666666666667,15,1.61,0.11,6,0.4,3,0.3333333333333333,0.6666666666666666,1.34,0.45,1,0.3333333333333333,1,-0.4,-0.4,0,0.0,2,1.74,0.87,1,0.5,7,2,5,13,6,7,3.11,0.24,0.5384615384615384,0.15384615384615385,0.38461538461538464,0.46153846153846156,0.5384615384615384,15,0.42857142857142855,0.55,0.02,35,5,0.29411764705882354,-6.31,-0.37,17,401858440,2026,2
127,Michigan State Spartans,38,0.5352112676056338,13,0.4642857142857143,25,0.5952380952380952,9,0.6,9,0.6428571428571429,26,0.49056603773584906,53,0.3584905660377358,0.6226415094339622,4.84,0.09,9,0.16981132075471697,19,-0.43,-0.02,7,0.3684210526315789,33,7.39,0.22,19,0.5757575757575758,24,0.5833333333333334,0.4166666666666667,2.95,0.12,12,0.5,14,0.4,0.03,6,0.42857142857142855,10,2.55,0.25,6,0.6,12,6,6,18,9,9,14.0,0.78,0.6666666666666666,0.3333333333333333,0.3333333333333333,0.5,0.5,29,0.5272727272727272,11.0,0.2,55,9,0.5625,7.84,0.49,16,401858440,2026,2
120,Maryland Terrapins,40,0.5128205128205128,22,0.5116279069767442,18,0.5142857142857142,10,0.5882352941176471,8,0.5333333333333333,31,0.5081967213114754,61,0.5573770491803278,0.4426229508196721,8.89,0.15,13,0.21311475409836064,34,5.89,0.17,17,0.5,27,3.0,0.11,14,0.5185185185185185,20,0.6,0.4,6.24,0.31,11,0.55,12,5.81,0.48,7,0.5833333333333334,8,0.43,0.05,4,0.5,9,5,4,17,9,8,7.75,0.46,0.5294117647058824,0.29411764705882354,0.23529411764705882,0.5294117647058824,0.47058823529411764,29,0.5087719298245614,2.68,0.05,57,11,0.5238095238095238,13.96,0.66,21,401858444,2026,2
41,UConn Huskies,14,0.2692307692307692,8,0.3076923076923077,6,0.23076923076923078,,,3,0.2727272727272727,11,0.28205128205128205,39,0.4358974358974359,0.5641025641025641,-4.51,-0.12,6,0.15384615384615385,17,0.68,0.04,6,0.35294117647058826,22,-5.18,-0.24,5,0.22727272727272727,3,0.6666666666666666,0.3333333333333333,-3.04,-1.01,0,0.0,2,-2.62,-1.31,0,0.0,1,-0.42,-0.42,0,0.0,3,2,1,13,9,4,-8.07,-0.62,0.23076923076923078,0.15384615384615385,0.07692307692307693,0.6923076923076923,0.3076923076923077,8,0.26666666666666666,-6.94,-0.23,30,6,0.2727272727272727,-5.64,-0.26,22,401858444,2026,2
326,Texas State Bobcats,41,0.5256410256410257,15,0.5172413793103449,26,0.5416666666666666,9,0.47368421052631576,9,0.5625,32,0.5245901639344263,61,0.36065573770491804,0.639344262295082,10.94,0.18,13,0.21311475409836064,22,3.8,0.17,12,0.5454545454545454,39,7.14,0.18,20,0.5128205128205128,13,0.5384615384615384,0.38461538461538464,4.19,0.32,9,0.6923076923076923,7,2.35,0.34,5,0.7142857142857143,5,1.96,0.39,4,0.8,9,3,6,17,7,9,-0.57,-0.03,0.5294117647058824,0.17647058823529413,0.35294117647058826,0.4117647058823529,0.5294117647058824,32,0.5245901639344263,4.97,0.08,61,9,0.5294117647058824,5.4,0.32,17,401860884,2026,2
2636,UTSA Roadrunners,36,0.4864864864864865,19,0.4418604651162791,17,0.5483870967741935,8,0.6153846153846154,3,0.2,28,0.5283018867924528,53,0.6037735849056604,0.39622641509433965,12.12,0.23,11,0.20754716981132076,32,5.74,0.18,15,0.46875,21,6.38,0.3,13,0.6190476190476191,11,0.7272727272727273,0.2727272727272727,4.53,0.41,4,0.36363636363636365,8,5.83,0.73,3,0.375,3,-1.3,-0.43,1,0.3333333333333333,8,4,4,21,11,10,-0.32,-0.02,0.38095238095238093,0.19047619047619047,0.19047619047619047,0.5238095238095238,0.47619047619047616,27,0.5625,9.33,0.19,48,9,0.34615384615384615,2.46,0.09,26,401860884,2026,2
5,UAB Blazers,35,0.5223880597014925,7,0.3684210526315789,28,0.5833333333333334,1,0.3333333333333333,10,0.6666666666666666,25,0.49019607843137253,51,0.23529411764705882,0.7647058823529411,5.89,0.12,12,0.23529411764705882,12,-0.39,-0.03,5,0.4166666666666667,39,6.28,0.16,20,0.5128205128205128,1,1.0,0.0,-4.1,-4.1,0,0.0,1,-4.1,-4.1,0,0.0,,,,,,10,2,8,16,7,9,6.67,0.42,0.625,0.125,0.5,0.4375,0.5625,28,0.5490196078431373,6.76,0.13,51,7,0.4375,5.8,0.36,16,401862708,2026,2
2433,UL Monroe Warhawks,30,0.47619047619047616,9,0.4090909090909091,21,0.5121951219512195,4,0.36363636363636365,3,0.25,26,0.5416666666666666,48,0.3333333333333333,0.6666666666666666,-1.83,-0.04,13,0.2708333333333333,16,-4.61,-0.29,7,0.4375,32,2.78,0.09,19,0.59375,17,0.29411764705882354,0.7058823529411765,-2.89,-0.17,8,0.47058823529411764,5,0.66,0.13,3,0.6,12,-3.55,-0.3,5,0.4166666666666667,4,2,2,15,6,9,-5.01,-0.33,0.26666666666666666,0.13333333333333333,0.13333333333333333,0.4,0.6,24,0.5454545454545454,0.69,0.02,44,6,0.3157894736842105,-7.53,-0.4,19,401862708,2026,2
2006,Akron Zips,40,0.5714285714285714,19,0.5277777777777778,21,0.6176470588235294,6,0.5454545454545454,6,0.5454545454545454,33,0.5789473684210527,57,0.49122807017543857,0.5087719298245614,12.49,0.22,19,0.3333333333333333,28,7.65,0.27,15,0.5357142857142857,29,4.85,0.17,18,0.6206896551724138,18,0.6666666666666666,0.3333333333333333,-4.88,-0.27,6,0.3333333333333333,12,-5.52,-0.46,3,0.25,6,0.64,0.11,3,0.5,7,4,3,13,8,5,5.32,0.41,0.5384615384615384,0.3076923076923077,0.23076923076923078,0.6153846153846154,0.38461538461538464,29,0.5686274509803921,6.23,0.12,51,11,0.5789473684210527,11.59,0.61,19,401866412,2026,2
2523,Robert Morris Colonials,15,0.30612244897959184,13,0.41935483870967744,2,0.11764705882352941,0,0.0,5,0.4166666666666667,10,0.2702702702702703,37,0.5675675675675675,0.40540540540540543,-8.57,-0.23,5,0.13513513513513514,21,3.28,0.16,8,0.38095238095238093,15,-6.75,-0.45,2,0.13333333333333333,9,0.7777777777777778,0.1111111111111111,-3.14,-0.35,4,0.4444444444444444,7,2.6,0.37,4,0.5714285714285714,1,-0.64,-0.64,0,0.0,5,5,0,12,10,2,0.11,0.01,0.4166666666666667,0.4166666666666667,0.0,0.8333333333333334,0.16666666666666666,8,0.27586206896551724,-12.39,-0.43,29,7,0.35,3.94,0.2,20,401866412,2026,2
2115,Central Connecticut Blue Devils,14,0.23728813559322035,8,0.23529411764705882,6,0.25,0,0.0,4,0.25,10,0.23809523809523808,42,0.4523809523809524,0.5476190476190477,-12.61,-0.3,3,0.07142857142857142,19,-12.52,-0.66,4,0.21052631578947367,23,-0.09,-0.0,6,0.2608695652173913,8,0.375,0.625,-0.84,-0.1,2,0.25,3,-2.36,-0.79,0,0.0,5,1.53,0.31,2,0.4,4,4,0,16,15,1,-7.96,-0.5,0.25,0.25,0.0,0.9375,0.0625,9,0.28125,-8.65,-0.27,32,5,0.19230769230769232,-11.92,-0.46,26,401866419,2026,2
2649,Toledo Rockets,36,0.48,16,0.5,20,0.46511627906976744,6,0.46153846153846156,9,0.6428571428571429,26,0.4406779661016949,59,0.4067796610169492,0.5932203389830508,4.03,0.07,16,0.2711864406779661,24,2.11,0.09,11,0.4583333333333333,35,1.92,0.05,15,0.42857142857142855,11,0.6363636363636364,0.36363636363636365,-0.93,-0.08,4,0.36363636363636365,7,0.03,0.0,3,0.42857142857142855,4,-0.96,-0.24,1,0.25,10,5,5,16,8,8,16.19,1.01,0.625,0.3125,0.3125,0.5,0.5,29,0.5686274509803921,23.9,0.47,51,7,0.2916666666666667,-3.69,-0.15,24,401866419,2026,2
113,Massachusetts Minutemen,18,0.45,5,0.35714285714285715,13,0.5,3,0.5,3,0.3333333333333333,14,0.4666666666666667,30,0.36666666666666664,0.6333333333333333,8.21,0.27,7,0.23333333333333334,11,3.25,0.3,5,0.45454545454545453,19,4.96,0.26,9,0.47368421052631576,8,0.125,0.875,4.28,0.53,5,0.625,1,-0.95,-0.95,0,0.0,7,5.23,0.75,5,0.7142857142857143,4,0,4,10,3,7,-1.09,-0.11,0.4,0.0,0.4,0.3,0.7,16,0.5333333333333333,10.96,0.37,30,2,0.2,-3.84,-0.38,10,401866420,2026,2
2529,Sacred Heart Pioneers,32,0.48484848484848486,14,0.56,18,0.45,4,0.6666666666666666,3,0.25,28,0.5384615384615384,52,0.2692307692307692,0.7115384615384616,4.07,0.08,11,0.21153846153846154,14,4.97,0.35,10,0.7142857142857143,37,-0.32,-0.01,18,0.4864864864864865,12,0.5,0.5,-4.44,-0.37,5,0.4166666666666667,6,-2.8,-0.47,3,0.5,6,-1.64,-0.27,2,0.3333333333333333,4,4,0,14,11,3,-2.74,-0.2,0.2857142857142857,0.2857142857142857,0.0,0.7857142857142857,0.21428571428571427,19,0.475,-8.12,-0.2,40,13,0.5,9.45,0.36,26,401866420,2026,2
2439,UNLV Rebels,28,0.3888888888888889,16,0.43243243243243246,12,0.36363636363636365,5,0.38461538461538464,8,0.47058823529411764,19,0.36538461538461536,52,0.46153846153846156,0.5,-12.07,-0.23,9,0.17307692307692307,24,-4.97,-0.21,10,0.4166666666666667,26,-1.28,-0.05,9,0.34615384615384615,18,0.5,0.5,5.77,0.32,11,0.6111111111111112,9,7.37,0.82,7,0.7777777777777778,9,-1.61,-0.18,4,0.4444444444444444,9,6,3,20,13,7,-5.76,-0.29,0.45,0.3,0.15,0.65,0.35,21,0.4117647058823529,-8.21,-0.16,51,7,0.3333333333333333,-9.62,-0.46,21,401862705,2026,2
249,North Texas Mean Green,31,0.4696969696969697,14,0.4666666666666667,17,0.4722222222222222,9,0.45,7,0.5384615384615384,24,0.4528301886792453,53,0.4339622641509434,0.5660377358490566,11.27,0.21,13,0.24528301886792453,23,10.06,0.44,11,0.4782608695652174,30,1.21,0.04,13,0.43333333333333335,10,0.3,0.7,9.62,0.96,8,0.8,3,2.78,0.93,2,0.6666666666666666,7,6.83,0.98,6,0.8571428571428571,7,3,4,13,7,6,4.92,0.38,0.5384615384615384,0.23076923076923078,0.3076923076923077,0.5384615384615384,0.46153846153846156,21,0.4883720930232558,13.14,0.31,43,10,0.43478260869565216,3.05,0.13,23,401862705,2026,2
2751,Wyoming Cowboys,26,0.45614035087719296,12,0.4444444444444444,14,0.4827586206896552,6,0.6,6,0.5,20,0.4444444444444444,45,0.4444444444444444,0.5333333333333333,1.06,0.02,10,0.2222222222222222,20,4.29,0.21,10,0.5,24,0.43,0.02,10,0.4166666666666667,4,0.5,0.5,-0.63,-0.16,1,0.25,2,0.74,0.37,1,0.5,2,-1.37,-0.68,0,0.0,6,2,4,12,7,5,4.5,0.38,0.5,0.16666666666666666,0.3333333333333333,0.5833333333333334,0.4166666666666667,18,0.4864864864864865,5.9,0.16,37,8,0.4,-0.33,-0.02,20,401864506,2026,2
2458,Northern Colorado Bears,22,0.36065573770491804,9,0.32142857142857145,13,0.3939393939393939,0,0.0,4,0.3333333333333333,18,0.3829787234042553,47,0.3617021276595745,0.6382978723404256,-6.69,-0.14,10,0.2127659574468085,17,-4.82,-0.28,5,0.29411764705882354,30,-1.87,-0.06,13,0.43333333333333335,17,0.35294117647058826,0.6470588235294118,8.99,0.53,9,0.5294117647058824,6,9.39,1.56,4,0.6666666666666666,11,-0.4,-0.04,5,0.45454545454545453,4,4,0,14,11,3,-7.32,-0.52,0.2857142857142857,0.2857142857142857,0.0,0.7857142857142857,0.21428571428571427,17,0.4594594594594595,-1.49,-0.04,37,5,0.20833333333333334,-12.51,-0.52,24,401864506,2026,2
2385,Mercyhurst Lakers,13,0.23636363636363636,6,0.1875,7,0.3181818181818182,,,2,0.15384615384615385,11,0.2619047619047619,42,0.5476190476190477,0.42857142857142855,-21.2,-0.5,6,0.14285714285714285,23,-15.96,-0.69,5,0.21739130434782608,18,-4.33,-0.24,6,0.3333333333333333,9,0.4444444444444444,0.5555555555555556,-3.22,-0.36,2,0.2222222222222222,4,-1.25,-0.31,1,0.25,5,-1.97,-0.39,1,0.2,2,1,1,13,9,4,-7.4,-0.57,0.15384615384615385,0.07692307692307693,0.07692307692307693,0.6923076923076923,0.3076923076923077,8,0.27586206896551724,-10.9,-0.38,29,5,0.19230769230769232,-17.7,-0.68,26,401865252,2026,2
167,New Mexico Lobos,35,0.49295774647887325,4,0.2,31,0.62,14,0.7777777777777778,6,0.46153846153846156,29,0.5178571428571429,56,0.26785714285714285,0.7321428571428571,15.86,0.28,10,0.17857142857142858,15,-1.18,-0.08,3,0.2,41,17.04,0.42,26,0.6341463414634146,11,0.5454545454545454,0.45454545454545453,-0.56,-0.05,4,0.36363636363636365,6,-2.83,-0.47,1,0.16666666666666666,5,2.27,0.45,3,0.6,6,1,5,15,5,9,-8.91,-0.59,0.4,0.06666666666666667,0.3333333333333333,0.3333333333333333,0.6,29,0.5471698113207547,12.01,0.23,53,6,0.3333333333333333,-5.06,-0.28,18,401865252,2026,2
2653,Troy Trojans,27,0.40298507462686567,12,0.4,15,0.4166666666666667,4,0.4444444444444444,3,0.21428571428571427,21,0.4375,48,0.3958333333333333,0.5833333333333334,14.61,0.3,10,0.20833333333333334,19,7.13,0.38,9,0.47368421052631576,28,7.51,0.27,12,0.42857142857142855,10,0.3,0.7,4.91,0.49,7,0.7,3,3.65,1.22,2,0.6666666666666666,7,1.26,0.18,5,0.7142857142857143,6,3,3,19,11,8,-6.43,-0.34,0.3157894736842105,0.15789473684210525,0.15789473684210525,0.5789473684210527,0.42105263157894735,22,0.43137254901960786,14.62,0.29,51,5,0.3125,-6.44,-0.4,16,401868326,2026,2
2011,Alabama State Hornets,17,0.288135593220339,7,0.25,10,0.3225806451612903,1,0.125,5,0.3333333333333333,12,0.2857142857142857,42,0.40476190476190477,0.5952380952380952,-8.09,-0.19,6,0.14285714285714285,17,-4.71,-0.28,5,0.29411764705882354,25,-3.38,-0.14,7,0.28,12,0.4166666666666667,0.5833333333333334,-1.02,-0.09,5,0.4166666666666667,5,0.49,0.1,3,0.6,7,-1.51,-0.22,2,0.2857142857142857,5,2,3,17,11,6,-5.91,-0.35,0.29411764705882354,0.11764705882352941,0.17647058823529413,0.6470588235294118,0.35294117647058826,15,0.4411764705882353,6.35,0.19,34,2,0.08,-20.35,-0.81,25,401868326,2026,2
48,Delaware Blue Hens,21,0.3088235294117647,9,0.24324324324324326,12,0.41379310344827586,1,0.1111111111111111,3,0.2,16,0.3137254901960784,51,0.5098039215686274,0.45098039215686275,-8.76,-0.17,10,0.19607843137254902,26,-6.29,-0.24,7,0.2692307692307692,23,-0.19,-0.01,9,0.391304347826087,10,0.4,0.6,3.44,0.34,4,0.4,4,2.14,0.54,2,0.5,6,1.29,0.22,2,0.3333333333333333,5,2,3,17,11,6,-0.65,-0.04,0.29411764705882354,0.11764705882352941,0.17647058823529413,0.6470588235294118,0.35294117647058826,13,0.3333333333333333,-9.54,-0.24,39,8,0.27586206896551724,0.13,0.0,29,401856684,2026,2
238,Vanderbilt Commodores,27,0.4153846153846154,14,0.42424242424242425,12,0.41379310344827586,6,0.5454545454545454,5,0.35714285714285715,19,0.41304347826086957,46,0.4782608695652174,0.5,0.03,0.0,11,0.2391304347826087,22,3.52,0.16,11,0.5,23,-0.34,-0.01,8,0.34782608695652173,16,0.5625,0.375,3.18,0.2,8,0.5,9,5.98,0.66,6,0.6666666666666666,6,0.34,0.06,2,0.3333333333333333,8,3,4,19,11,6,-3.63,-0.19,0.42105263157894735,0.15789473684210525,0.21052631578947367,0.5789473684210527,0.3157894736842105,22,0.5,-2.49,-0.06,44,5,0.23809523809523808,-1.11,-0.05,21,401856684,2026,2
57,Florida Gators,33,0.532258064516129,20,0.625,13,0.43333333333333335,6,0.75,4,0.4444444444444444,28,0.5490196078431373,51,0.5294117647058824,0.47058823529411764,18.92,0.37,15,0.29411764705882354,27,15.94,0.59,18,0.6666666666666666,24,2.98,0.12,10,0.4166666666666667,10,0.4,0.6,4.14,0.41,5,0.5,4,3.56,0.89,2,0.5,6,0.58,0.1,3,0.5,5,2,3,11,5,6,-3.32,-0.3,0.45454545454545453,0.18181818181818182,0.2727272727272727,0.45454545454545453,0.5454545454545454,28,0.6222222222222222,19.77,0.44,45,5,0.29411764705882354,-4.18,-0.25,17,401856672,2026,2
2097,Campbell Fighting Camels,15,0.23809523809523808,10,0.25,5,0.23809523809523808,2,0.16666666666666666,5,0.2777777777777778,9,0.20454545454545456,44,0.5681818181818182,0.4090909090909091,-17.66,-0.4,4,0.09090909090909091,25,-9.88,-0.4,6,0.24,18,-3.49,-0.19,3,0.16666666666666666,9,0.5555555555555556,0.4444444444444444,-0.51,-0.06,2,0.2222222222222222,5,0.28,0.06,2,0.4,4,-0.79,-0.2,0,0.0,6,4,2,19,15,3,-5.6,-0.29,0.3157894736842105,0.21052631578947367,0.10526315789473684,0.7894736842105263,0.15789473684210525,10,0.2777777777777778,-13.22,-0.37,36,5,0.18518518518518517,-10.05,-0.37,27,401856672,2026,2
68,Boise State Broncos,39,0.527027027027027,13,0.4642857142857143,26,0.5652173913043478,4,0.4444444444444444,5,0.35714285714285715,32,0.5614035087719298,57,0.3157894736842105,0.6842105263157895,14.67,0.26,17,0.2982456140350877,18,4.37,0.24,10,0.5555555555555556,39,10.3,0.26,22,0.5641025641025641,9,0.2222222222222222,0.7777777777777778,13.95,1.55,7,0.7777777777777778,2,4.58,2.29,1,0.5,7,9.37,1.34,6,0.8571428571428571,7,3,4,17,10,7,3.0,0.18,0.4117647058823529,0.17647058823529413,0.23529411764705882,0.5882352941176471,0.4117647058823529,30,0.5769230769230769,8.06,0.15,52,9,0.4090909090909091,9.62,0.44,22,401860881,2026,2
235,Memphis Tigers,21,0.40384615384615385,14,0.5,7,0.2916666666666667,2,0.16666666666666666,1,0.125,20,0.47619047619047616,42,0.4523809523809524,0.5476190476190477,18.15,0.43,11,0.2619047619047619,19,19.72,1.04,13,0.6842105263157895,23,-1.58,-0.07,7,0.30434782608695654,12,0.5,0.5,0.09,0.01,7,0.5833333333333334,6,1.05,0.18,4,0.6666666666666666,6,-0.96,-0.16,3,0.5,1,1,0,10,9,1,-8.73,-0.87,0.1,0.1,0.0,0.9,0.1,15,0.4411764705882353,3.53,0.1,34,6,0.3333333333333333,5.89,0.33,18,401860881,2026,2
2229,Florida International Panthers,35,0.4375,21,0.5526315789473685,14,0.34146341463414637,2,0.3333333333333333,8,0.47058823529411764,26,0.43333333333333335,60,0.48333333333333334,0.5,6.02,0.1,10,0.16666666666666666,29,14.16,0.49,16,0.5517241379310345,30,-4.59,-0.15,10,0.3333333333333333,18,0.6666666666666666,0.2777777777777778,1.5,0.08,10,0.5555555555555556,12,4.58,0.38,7,0.5833333333333334,5,0.47,0.09,3,0.6,9,5,4,20,9,11,4.64,0.23,0.45,0.25,0.2,0.45,0.55,23,0.4423076923076923,7.3,0.14,52,12,0.42857142857142855,3.36,0.12,28,401866414,2026,2
2084,Buffalo Bulls,18,0.2608695652173913,12,0.2608695652173913,6,0.2608695652173913,2,0.6666666666666666,5,0.2777777777777778,11,0.23404255319148937,47,0.5957446808510638,0.40425531914893614,-8.41,-0.18,6,0.1276595744680851,28,-1.76,-0.06,7,0.25,19,-6.65,-0.35,4,0.21052631578947367,15,0.4666666666666667,0.5333333333333333,4.2,0.28,5,0.3333333333333333,7,4.76,0.68,2,0.2857142857142857,8,-0.56,-0.07,3,0.375,7,5,2,22,18,4,2.0,0.09,0.3181818181818182,0.22727272727272727,0.09090909090909091,0.8181818181818182,0.18181818181818182,11,0.2972972972972973,-2.45,-0.07,37,7,0.21875,-3.95,-0.12,32,401866414,2026,2
55,Jacksonville State Gamecocks,37,0.5138888888888888,16,0.64,18,0.42857142857142855,10,0.5263157894736842,10,0.6666666666666666,24,0.4528301886792453,53,0.39622641509433965,0.5471698113207547,3.89,0.07,10,0.18867924528301888,21,11.31,0.54,12,0.5714285714285714,29,-4.51,-0.16,11,0.3793103448275862,16,0.375,0.5625,-4.68,-0.29,7,0.4375,6,1.31,0.22,2,0.3333333333333333,9,-3.41,-0.38,5,0.5555555555555556,11,4,7,17,4,13,8.34,0.49,0.6470588235294118,0.23529411764705882,0.4117647058823529,0.23529411764705882,0.7647058823529411,22,0.4230769230769231,0.36,0.01,52,13,0.7222222222222222,11.88,0.66,18,401866418,2026,2
195,Ohio Bobcats,34,0.5,10,0.45454545454545453,22,0.5238095238095238,7,0.4375,12,0.7058823529411765,19,0.3958333333333333,48,0.3333333333333333,0.625,2.87,0.06,8,0.16666666666666666,16,0.07,0.0,7,0.4375,30,4.02,0.13,12,0.4,4,0.5,0.5,5.39,1.35,3,0.75,2,0.12,0.06,1,0.5,2,5.27,2.63,2,1.0,13,3,10,18,6,12,11.33,0.63,0.7222222222222222,0.16666666666666666,0.5555555555555556,0.3333333333333333,0.6666666666666666,22,0.4782608695652174,9.74,0.21,46,10,0.5,4.46,0.22,20,401866418,2026,2
2405,Monmouth Hawks,43,0.4777777777777778,22,0.46808510638297873,20,0.5,6,0.5454545454545454,11,0.55,31,0.47692307692307695,65,0.49230769230769234,0.46153846153846156,-6.53,-0.1,12,0.18461538461538463,32,3.66,0.11,17,0.53125,30,-2.72,-0.09,13,0.43333333333333335,13,0.6153846153846154,0.3076923076923077,6.17,0.47,8,0.6153846153846154,8,8.96,1.12,5,0.625,4,1.65,0.41,3,0.75,12,5,7,25,15,10,-1.22,-0.05,0.48,0.2,0.28,0.6,0.4,34,0.4927536231884058,-12.74,-0.18,69,9,0.42857142857142855,4.98,0.24,21,401866421,2026,2
2711,Western Michigan Broncos,31,0.5535714285714286,15,0.5769230769230769,16,0.5333333333333333,8,0.8,4,0.4444444444444444,26,0.5652173913043478,46,0.43478260869565216,0.5652173913043478,12.34,0.27,10,0.21739130434782608,20,11.64,0.58,13,0.65,26,0.7,0.03,13,0.5,6,0.3333333333333333,0.6666666666666666,6.05,1.01,6,1.0,2,3.5,1.75,2,1.0,4,2.55,0.64,4,1.0,5,2,3,10,6,4,1.4,0.14,0.5,0.2,0.3,0.6,0.4,23,0.5897435897435898,11.58,0.3,39,8,0.47058823529411764,2.16,0.13,17,401866421,2026,2
2579,South Carolina Gamecocks,34,0.5074626865671642,8,0.2962962962962963,25,0.6578947368421053,4,0.36363636363636365,8,0.5714285714285714,24,0.48,50,0.38,0.6,5.57,0.11,8,0.16,19,-5.75,-0.3,6,0.3157894736842105,30,15.69,0.52,18,0.6,8,0.5,0.5,9.02,1.13,6,0.75,4,-1.94,-0.48,2,0.5,4,10.95,2.74,4,1.0,10,2,7,17,8,8,8.01,0.47,0.5882352941176471,0.11764705882352941,0.4117647058823529,0.47058823529411764,0.47058823529411764,26,0.5098039215686274,1.14,0.02,51,8,0.5,12.45,0.78,16,401856680,2026,2
119,Towson Tigers,17,0.27419354838709675,14,0.3684210526315789,3,0.125,0,0.0,3,0.1875,13,0.28888888888888886,45,0.5777777777777777,0.4222222222222222,-5.85,-0.13,7,0.15555555555555556,26,2.56,0.1,11,0.4230769230769231,19,-8.41,-0.44,2,0.10526315789473684,12,0.8333333333333334,0.16666666666666666,-0.72,-0.06,4,0.3333333333333333,10,1.53,0.15,4,0.4,2,-2.25,-1.13,0,0.0,4,3,1,17,12,5,-5.32,-0.31,0.23529411764705882,0.17647058823529413,0.058823529411764705,0.7058823529411765,0.29411764705882354,9,0.2571428571428571,-9.25,-0.26,35,8,0.2962962962962963,-1.92,-0.07,27,401856680,2026,2
2717,Western Carolina Catamounts,24,0.42105263157894735,15,0.40540540540540543,9,0.47368421052631576,3,0.6,3,0.25,20,0.46511627906976744,43,0.5581395348837209,0.4186046511627907,-1.83,-0.04,9,0.20930232558139536,24,-0.8,-0.03,12,0.5,18,-0.58,-0.03,8,0.4444444444444444,7,0.7142857142857143,0.2857142857142857,-3.3,-0.47,2,0.2857142857142857,5,-2.93,-0.59,1,0.2,2,-0.37,-0.18,1,0.5,4,3,1,14,13,1,-6.81,-0.49,0.2857142857142857,0.21428571428571427,0.07142857142857142,0.9285714285714286,0.07142857142857142,19,0.5,-5.08,-0.13,38,5,0.2631578947368421,-3.57,-0.19,19,401856786,2026,2
2132,Cincinnati Bearcats,55,0.7051282051282052,20,0.6666666666666666,35,0.7291666666666666,13,0.65,9,0.8181818181818182,45,0.6923076923076923,65,0.36923076923076925,0.6307692307692307,33.29,0.51,19,0.2923076923076923,24,8.73,0.36,15,0.625,41,24.56,0.6,30,0.7317073170731707,14,0.42857142857142855,0.5714285714285714,9.1,0.65,9,0.6428571428571429,6,5.71,0.95,4,0.6666666666666666,8,3.39,0.42,5,0.625,10,5,5,13,6,7,10.64,0.82,0.7692307692307693,0.38461538461538464,0.38461538461538464,0.46153846153846156,0.5384615384615384,44,0.7213114754098361,40.03,0.66,61,11,0.6470588235294118,3.89,0.23,17,401856786,2026,2
158,Nebraska Cornhuskers,45,0.6818181818181818,24,0.7272727272727273,21,0.6363636363636364,9,0.9,6,0.75,37,0.6607142857142857,56,0.5,0.5,28.26,0.5,16,0.2857142857142857,28,17.0,0.61,20,0.7142857142857143,28,11.26,0.4,17,0.6071428571428571,9,0.6666666666666666,0.3333333333333333,7.63,0.85,9,1.0,6,5.59,0.93,6,1.0,3,2.05,0.68,3,1.0,8,4,4,10,5,5,8.94,0.89,0.8,0.4,0.4,0.5,0.5,34,0.6666666666666666,22.49,0.44,51,11,0.7333333333333333,14.71,0.98,15,401858441,2026,2
189,Bowling Green Falcons,17,0.3541666666666667,7,0.3888888888888889,10,0.3448275862068966,1,1.0,3,0.25,13,0.37142857142857144,35,0.3142857142857143,0.6857142857142857,-1.59,-0.05,5,0.14285714285714285,11,2.73,0.25,5,0.45454545454545453,24,-4.32,-0.18,8,0.3333333333333333,10,0.3,0.7,0.12,0.01,4,0.4,3,0.52,0.17,1,0.3333333333333333,7,-0.4,-0.06,3,0.42857142857142855,4,2,2,13,7,5,-9.46,-0.73,0.3076923076923077,0.15384615384615385,0.15384615384615385,0.5384615384615384,0.38461538461538464,13,0.41935483870967744,2.16,0.07,31,4,0.23529411764705882,-13.21,-0.78,17,401858441,2026,2
36,Colorado State Rams,34,0.5074626865671642,18,0.47368421052631576,16,0.5517241379310345,4,0.36363636363636365,8,0.5714285714285714,26,0.5,52,0.5961538461538461,0.40384615384615385,29.99,0.58,7,0.1346153846153846,31,15.73,0.51,16,0.5161290322580645,21,14.26,0.68,10,0.47619047619047616,10,0.7,0.3,17.45,1.75,7,0.7,7,10.17,1.45,5,0.7142857142857143,3,7.28,2.43,2,0.6666666666666666,8,2,6,15,7,8,1.76,0.12,0.5333333333333333,0.13333333333333333,0.4,0.4666666666666667,0.5333333333333333,26,0.5306122448979592,15.54,0.32,49,8,0.4444444444444444,16.21,0.9,18,401860882,2026,2
253,Southern Utah Thunderbirds,23,0.359375,9,0.32142857142857145,14,0.4,2,0.25,6,0.42857142857142855,17,0.34,50,0.36,0.62,2.2,0.04,11,0.22,18,-4.85,-0.27,4,0.2222222222222222,31,7.54,0.24,13,0.41935483870967744,13,0.5384615384615384,0.46153846153846156,-0.96,-0.07,4,0.3076923076923077,7,-5.05,-0.72,1,0.14285714285714285,6,4.08,0.68,3,0.5,6,5,1,14,10,4,0.81,0.06,0.42857142857142855,0.35714285714285715,0.07142857142857142,0.7142857142857143,0.2857142857142857,15,0.38461538461538464,-2.36,-0.06,39,8,0.32,5.37,0.21,25,401860882,2026,2
2534,Sam Houston Bearkats,30,0.46875,18,0.46153846153846156,12,0.48,1,0.14285714285714285,7,0.5,23,0.4791666666666667,48,0.5833333333333334,0.4166666666666667,11.0,0.23,9,0.1875,28,11.34,0.41,14,0.5,20,-0.34,-0.02,9,0.45,6,0.5,0.5,-0.68,-0.11,2,0.3333333333333333,3,1.14,0.38,2,0.6666666666666666,3,-1.82,-0.61,0,0.0,7,4,3,16,11,5,-5.92,-0.37,0.4375,0.25,0.1875,0.6875,0.3125,21,0.4883720930232558,4.55,0.11,43,9,0.42857142857142855,0.54,0.03,21,401862707,2026,2
202,Tulsa Golden Hurricane,25,0.35714285714285715,10,0.2702702702702703,15,0.45454545454545453,1,0.14285714285714285,4,0.25,17,0.3541666666666667,48,0.5,0.5,-3.0,-0.06,6,0.125,24,-3.18,-0.13,8,0.3333333333333333,24,0.18,0.01,9,0.375,15,0.6,0.4,-0.78,-0.05,5,0.3333333333333333,9,-3.12,-0.35,2,0.2222222222222222,6,2.34,0.39,3,0.5,8,2,6,22,13,9,3.01,0.14,0.36363636363636365,0.09090909090909091,0.2727272727272727,0.5909090909090909,0.4090909090909091,18,0.4090909090909091,4.21,0.1,44,7,0.2692307692307692,-4.21,-0.16,26,401862707,2026,2
2287,Illinois State Redbirds,25,0.4098360655737705,12,0.4,13,0.41935483870967744,4,0.5714285714285714,9,0.6428571428571429,16,0.3404255319148936,47,0.40425531914893614,0.5957446808510638,-14.18,-0.3,9,0.19148936170212766,19,-13.91,-0.73,6,0.3157894736842105,28,-0.27,-0.01,10,0.35714285714285715,6,0.5,0.5,-4.71,-0.78,1,0.16666666666666666,3,-4.99,-1.66,0,0.0,3,0.29,0.1,1,0.3333333333333333,9,6,3,14,11,3,7.59,0.54,0.6428571428571429,0.42857142857142855,0.21428571428571427,0.7857142857142857,0.21428571428571427,19,0.4523809523809524,-7.44,-0.18,42,6,0.3157894736842105,0.84,0.04,19,401864503,2026,2
2459,Northern Illinois Huskies,33,0.5,16,0.48484848484848486,17,0.5151515151515151,6,0.375,8,0.5333333333333333,24,0.4897959183673469,49,0.4897959183673469,0.5102040816326531,-0.42,-0.01,12,0.24489795918367346,24,-1.8,-0.08,13,0.5416666666666666,25,1.38,0.06,11,0.44,14,0.5,0.5,8.1,0.58,9,0.6428571428571429,7,6.7,0.96,5,0.7142857142857143,7,1.39,0.2,4,0.5714285714285714,9,3,6,17,9,8,-6.63,-0.39,0.5294117647058824,0.17647058823529413,0.35294117647058826,0.5294117647058824,0.47058823529411764,30,0.5769230769230769,9.54,0.18,52,3,0.21428571428571427,-16.58,-1.18,14,401864503,2026,2
6,South Alabama Jaguars,34,0.4722222222222222,16,0.48484848484848486,18,0.46153846153846156,2,0.3333333333333333,9,0.5625,24,0.4528301886792453,53,0.4716981132075472,0.5283018867924528,13.26,0.25,11,0.20754716981132076,25,12.74,0.51,13,0.52,28,0.52,0.02,11,0.39285714285714285,10,0.4,0.6,8.62,0.86,6,0.6,4,7.44,1.86,3,0.75,6,1.18,0.2,3,0.5,10,3,7,19,8,11,7.43,0.39,0.5263157894736842,0.15789473684210525,0.3684210526315789,0.42105263157894735,0.5789473684210527,23,0.5227272727272727,13.17,0.3,44,11,0.39285714285714285,7.51,0.27,28,401864575,2026,2
2655,Tulane Green Wave,21,0.4375,11,0.4782608695652174,10,0.4,6,0.8571428571428571,6,0.5454545454545454,15,0.4166666666666667,36,0.3611111111111111,0.6388888888888888,10.98,0.3,6,0.16666666666666666,13,5.04,0.39,6,0.46153846153846156,23,5.94,0.26,9,0.391304347826087,5,0.2,0.8,2.69,0.54,3,0.6,1,1.54,1.54,1,1.0,4,1.15,0.29,2,0.5,6,5,1,12,10,2,9.55,0.8,0.5,0.4166666666666667,0.08333333333333333,0.8333333333333334,0.16666666666666666,15,0.5,10.73,0.36,30,6,0.3333333333333333,9.8,0.54,18,401864575,2026,2
2698,West Georgia Wolves,27,0.47368421052631576,16,0.48484848484848486,11,0.5,,,7,0.4666666666666667,19,0.4634146341463415,41,0.5365853658536586,0.4146341463414634,-11.62,-0.28,4,0.0975609756097561,22,0.67,0.03,11,0.5,17,0.75,0.04,8,0.47058823529411764,18,0.8888888888888888,0.0,-5.37,-0.3,9,0.5,16,7.66,0.48,9,0.5625,,,,,,8,5,3,16,11,5,3.46,0.22,0.5,0.3125,0.1875,0.6875,0.3125,20,0.5555555555555556,0.29,0.01,36,7,0.3333333333333333,-8.44,-0.4,21,401868241,2026,2
2032,Arkansas State Red Wolves,35,0.625,9,0.5,26,0.6842105263157895,4,0.8,5,0.625,29,0.6170212765957447,47,0.3617021276595745,0.6382978723404256,12.84,0.27,12,0.2553191489361702,17,2.95,0.17,9,0.5294117647058824,30,9.9,0.33,20,0.6666666666666666,5,0.4,0.6,-4.87,-0.97,3,0.6,2,-4.69,-2.35,1,0.5,3,-0.18,-0.06,2,0.6666666666666666,6,0,6,9,1,8,6.8,0.76,0.6666666666666666,0.0,0.6666666666666666,0.1111111111111111,0.8888888888888888,29,0.6444444444444445,16.0,0.36,45,6,0.5454545454545454,3.64,0.33,11,401868241,2026,2
338,Kennesaw State Owls,25,0.44642857142857145,20,0.5555555555555556,5,0.25,3,0.42857142857142855,2,0.2222222222222222,23,0.5,46,0.6521739130434783,0.34782608695652173,14.32,0.31,14,0.30434782608695654,30,13.51,0.45,19,0.6333333333333333,16,0.8,0.05,4,0.25,14,0.7857142857142857,0.21428571428571427,3.43,0.25,8,0.5714285714285714,11,2.99,0.27,7,0.6363636363636364,3,0.44,0.15,1,0.3333333333333333,2,1,1,10,6,4,-9.24,-0.92,0.2,0.1,0.1,0.6,0.4,21,0.5526315789473685,11.85,0.31,38,4,0.2222222222222222,-6.78,-0.38,18,401869955,2026,2
2247,Georgia State Panthers,33,0.5,14,0.6086956521739131,19,0.4523809523809524,6,0.6666666666666666,6,0.5,26,0.5,52,0.28846153846153844,0.6923076923076923,12.84,0.25,14,0.2692307692307692,15,8.49,0.57,10,0.6666666666666666,36,7.69,0.21,16,0.4444444444444444,7,0.5714285714285714,0.42857142857142855,8.07,1.15,5,0.7142857142857143,4,6.31,1.58,3,0.75,3,1.76,0.59,2,0.6666666666666666,7,4,3,14,8,6,0.79,0.06,0.5,0.2857142857142857,0.21428571428571427,0.5714285714285714,0.42857142857142855,25,0.4807692307692308,-0.65,-0.01,52,8,0.5714285714285714,14.27,1.02,14,401869955,2026,2
276,Marshall Thundering Herd,27,0.46551724137931033,11,0.4782608695652174,16,0.48484848484848486,6,0.6666666666666666,4,0.36363636363636365,23,0.48936170212765956,47,0.3404255319148936,0.6170212765957447,4.32,0.09,11,0.23404255319148937,16,9.11,0.57,10,0.625,29,4.99,0.17,13,0.4482758620689655,11,0.36363636363636365,0.6363636363636364,-0.87,-0.08,3,0.2727272727272727,4,-0.33,-0.08,2,0.5,7,-0.54,-0.08,1,0.14285714285714285,4,1,3,11,7,4,-3.52,-0.32,0.36363636363636365,0.09090909090909091,0.2727272727272727,0.6363636363636364,0.36363636363636365,23,0.5227272727272727,4.08,0.09,44,4,0.2857142857142857,-3.29,-0.23,14,401871045,2026,2
2393,Middle Tennessee Blue Raiders,33,0.4782608695652174,24,0.5,8,0.4,3,0.6,5,0.38461538461538464,27,0.4909090909090909,55,0.6363636363636364,0.34545454545454546,5.07,0.09,17,0.3090909090909091,35,4.1,0.12,18,0.5142857142857142,19,0.08,0.0,8,0.42105263157894735,10,0.9,0.1,-3.82,-0.38,3,0.3,9,-3.54,-0.39,3,0.3333333333333333,1,-0.27,-0.27,0,0.0,6,6,0,14,13,1,1.17,0.08,0.42857142857142855,0.42857142857142855,0.0,0.9285714285714286,0.07142857142857142,23,0.5348837209302325,5.43,0.13,43,10,0.38461538461538464,0.82,0.03,26,401871045,2026,2
2815,Lindenwood Lions,17,0.3148148148148148,7,0.30434782608695654,10,0.3448275862068966,1,0.25,2,0.15384615384615385,14,0.35,40,0.35,0.625,-1.63,-0.04,7,0.175,14,1.68,0.12,6,0.42857142857142855,25,-3.19,-0.13,8,0.32,9,0.4444444444444444,0.5555555555555556,-4.54,-0.5,1,0.1111111111111111,4,-4.2,-1.05,0,0.0,5,-0.35,-0.07,1,0.2,3,1,2,14,9,4,-4.12,-0.29,0.21428571428571427,0.07142857142857142,0.14285714285714285,0.6428571428571429,0.2857142857142857,11,0.3548387096774194,-2.77,-0.09,31,6,0.2608695652173913,-2.98,-0.13,23,401871046,2026,2
2623,Missouri State Bears,42,0.56,16,0.6153846153846154,26,0.5306122448979592,11,0.7857142857142857,9,0.6923076923076923,32,0.5423728813559322,59,0.3050847457627119,0.6949152542372882,10.85,0.18,11,0.1864406779661017,18,5.22,0.29,10,0.5555555555555556,41,5.63,0.14,22,0.5365853658536586,8,0.125,0.875,-3.4,-0.43,2,0.25,1,-0.76,-0.76,0,0.0,7,-2.64,-0.38,2,0.2857142857142857,10,6,4,16,8,8,5.18,0.32,0.625,0.375,0.25,0.5,0.5,32,0.5925925925925926,11.18,0.21,54,10,0.47619047619047616,4.85,0.23,21,401871046,2026,2
26,UCLA Bruins,34,0.5230769230769231,9,0.36,24,0.6153846153846154,10,0.9090909090909091,4,0.4,29,0.5471698113207547,53,0.32075471698113206,0.6792452830188679,15.59,0.29,12,0.22641509433962265,17,3.13,0.18,7,0.4117647058823529,36,12.46,0.35,22,0.6111111111111112,11,0.45454545454545453,0.5454545454545454,0.31,0.03,5,0.45454545454545453,5,-3.54,-0.71,1,0.2,6,3.85,0.64,4,0.6666666666666666,5,2,2,12,8,3,-8.73,-0.73,0.4166666666666667,0.16666666666666666,0.16666666666666666,0.6666666666666666,0.25,26,0.5416666666666666,4.81,0.1,48,8,0.47058823529411764,2.05,0.12,17,401858443,2026,2
21,San Diego State Aztecs,18,0.32142857142857145,4,0.2,14,0.3888888888888889,1,0.5,3,0.25,15,0.3488372093023256,43,0.3023255813953488,0.6976744186046512,-6.03,-0.14,7,0.16279069767441862,13,-3.16,-0.24,3,0.23076923076923078,30,-2.88,-0.1,12,0.4,10,0.5,0.5,-5.71,-0.57,1,0.1,5,-2.43,-0.49,1,0.2,5,-3.28,-0.66,0,0.0,3,1,2,13,7,6,-8.87,-0.68,0.23076923076923078,0.07692307692307693,0.15384615384615385,0.5384615384615384,0.46153846153846156,15,0.39473684210526316,-3.74,-0.1,38,3,0.16666666666666666,-11.16,-0.62,18,401858443,2026,2
275,Wisconsin Badgers,21,0.39622641509433965,8,0.36363636363636365,13,0.41935483870967744,0,0.0,5,0.4166666666666667,16,0.4,40,0.375,0.625,9.35,0.23,7,0.175,15,2.72,0.18,6,0.4,25,6.63,0.27,10,0.4,10,0.7,0.3,-2.15,-0.22,2,0.2,7,-0.31,-0.04,2,0.2857142857142857,3,-1.84,-0.61,0,0.0,5,2,3,13,7,6,0.55,0.04,0.38461538461538464,0.15384615384615385,0.23076923076923078,0.5384615384615384,0.46153846153846156,17,0.4722222222222222,14.34,0.4,36,4,0.23529411764705882,-4.45,-0.26,17,401858447,2026,2
2710,Western Illinois Leathernecks,24,0.38095238095238093,9,0.375,14,0.3684210526315789,4,0.26666666666666666,4,0.26666666666666666,18,0.4,45,0.28888888888888886,0.7111111111111111,5.56,0.12,9,0.2,13,6.61,0.51,7,0.5384615384615384,32,-1.05,-0.03,11,0.34375,14,0.5,0.5,4.63,0.33,7,0.5,7,3.25,0.46,3,0.42857142857142855,7,1.38,0.2,4,0.5714285714285714,6,2,3,18,11,6,-3.59,-0.2,0.3333333333333333,0.1111111111111111,0.16666666666666666,0.6111111111111112,0.3333333333333333,20,0.43478260869565216,2.67,0.06,46,4,0.23529411764705882,-0.71,-0.04,17,401858447,2026,2
2226,Florida Atlantic Owls,34,0.44155844155844154,20,0.5405405405405406,14,0.3783783783783784,3,0.3,8,0.5714285714285714,25,0.4166666666666667,60,0.5,0.4666666666666667,13.08,0.22,12,0.2,30,26.01,0.87,19,0.6333333333333333,28,-9.79,-0.35,6,0.21428571428571427,12,0.5833333333333334,0.4166666666666667,7.73,0.64,7,0.5833333333333334,7,6.35,0.91,4,0.5714285714285714,5,1.38,0.28,3,0.6,9,1,8,17,7,9,-0.41,-0.02,0.5294117647058824,0.058823529411764705,0.47058823529411764,0.4117647058823529,0.5294117647058824,23,0.4339622641509434,1.57,0.03,53,11,0.4583333333333333,11.11,0.46,24,401862703,2026,2
2426,Navy Midshipmen,21,0.3684210526315789,6,0.2608695652173913,15,0.45454545454545453,1,0.5,3,0.2727272727272727,16,0.37209302325581395,43,0.32558139534883723,0.6511627906976745,11.58,0.27,7,0.16279069767441862,14,6.75,0.48,5,0.35714285714285715,28,7.77,0.28,11,0.39285714285714285,11,0.36363636363636365,0.6363636363636364,-0.26,-0.02,5,0.45454545454545453,4,-0.18,-0.05,2,0.5,7,-0.07,-0.01,3,0.42857142857142855,5,1,4,14,9,5,-0.68,-0.05,0.35714285714285715,0.07142857142857142,0.2857142857142857,0.6428571428571429,0.35714285714285715,17,0.4857142857142857,16.86,0.48,35,4,0.18181818181818182,-5.96,-0.27,22,401862703,2026,2
324,Coastal Carolina Chanticleers,35,0.5,11,0.3548387096774194,24,0.631578947368421,7,0.875,6,0.42857142857142855,29,0.5272727272727272,55,0.38181818181818183,0.6,12.63,0.23,13,0.23636363636363636,21,6.9,0.33,8,0.38095238095238093,33,6.72,0.2,21,0.6363636363636364,12,0.75,0.25,2.13,0.18,4,0.3333333333333333,9,4.05,0.45,4,0.4444444444444444,3,-1.92,-0.64,0,0.0,6,3,3,15,10,5,-1.1,-0.07,0.4,0.2,0.2,0.6666666666666666,0.3333333333333333,31,0.6326530612244898,21.67,0.44,49,4,0.19047619047619047,-10.15,-0.48,21,401868008,2026,2
2230,Fordham Rams,19,0.35185185185185186,8,0.32,11,0.39285714285714285,3,0.6,2,0.18181818181818182,17,0.3953488372093023,43,0.4418604651162791,0.5348837209302325,-8.73,-0.2,9,0.20930232558139536,19,-5.49,-0.29,8,0.42105263157894735,23,2.28,0.1,9,0.391304347826087,11,0.5454545454545454,0.45454545454545453,-4.87,-0.44,3,0.2727272727272727,6,-5.45,-0.91,1,0.16666666666666666,5,0.58,0.12,2,0.4,2,0,2,11,6,5,-9.57,-0.87,0.18181818181818182,0.0,0.18181818181818182,0.5454545454545454,0.45454545454545453,17,0.4146341463414634,-11.65,-0.28,41,2,0.15384615384615385,-6.64,-0.51,13,401868008,2026,2
2628,TCU Horned Frogs,41,0.6029411764705882,18,0.5454545454545454,23,0.6764705882352942,10,0.7692307692307693,2,0.2857142857142857,37,0.6271186440677966,59,0.4745762711864407,0.5084745762711864,23.49,0.4,23,0.3898305084745763,28,15.26,0.54,17,0.6071428571428571,30,11.69,0.39,20,0.6666666666666666,12,0.5833333333333334,0.4166666666666667,-2.2,-0.18,6,0.5,7,0.12,0.02,3,0.42857142857142855,5,-2.32,-0.46,3,0.6,4,1,3,9,5,4,3.73,0.41,0.4444444444444444,0.1111111111111111,0.3333333333333333,0.5555555555555556,0.4444444444444444,38,0.6785714285714286,29.38,0.52,56,3,0.25,-2.16,-0.18,12,401856789,2026,2
2755,Grambling Tigers,13,0.24528301886792453,10,0.37037037037037035,3,0.12,2,0.4,2,0.14285714285714285,11,0.28205128205128205,39,0.46153846153846156,0.5128205128205128,2.55,0.07,5,0.1282051282051282,18,10.51,0.58,8,0.4444444444444444,20,-7.42,-0.37,3,0.15,7,0.8571428571428571,0.14285714285714285,-2.7,-0.39,1,0.14285714285714285,6,-2.17,-0.36,1,0.16666666666666666,1,-0.54,-0.54,0,0.0,2,2,0,14,9,5,-19.49,-1.39,0.14285714285714285,0.14285714285714285,0.0,0.6428571428571429,0.35714285714285715,7,0.22580645161290322,-12.5,-0.4,31,6,0.2727272727272727,-4.45,-0.2,22,401856789,2026,2
2504,Prairie View A&M Panthers,10,0.18181818181818182,6,0.1875,3,0.14285714285714285,0,0.0,4,0.23529411764705882,6,0.15789473684210525,38,0.5,0.4473684210526316,-19.09,-0.5,1,0.02631578947368421,19,-11.6,-0.61,3,0.15789473684210525,17,-7.94,-0.47,2,0.11764705882352941,8,0.625,0.375,-1.19,-0.15,2,0.25,5,-0.59,-0.12,2,0.4,3,-0.6,-0.2,0,0.0,4,3,1,17,13,4,-6.56,-0.39,0.23529411764705882,0.17647058823529413,0.058823529411764705,0.7647058823529411,0.23529411764705882,6,0.24,-8.62,-0.34,25,4,0.13333333333333333,-17.03,-0.57,30,401856784,2026,2
239,Baylor Bears,44,0.5238095238095238,21,0.4883720930232558,23,0.5609756097560976,5,0.35714285714285715,6,0.42857142857142855,36,0.5294117647058824,68,0.47058823529411764,0.5294117647058824,0.6,0.01,17,0.25,32,-0.82,-0.03,17,0.53125,36,1.42,0.04,19,0.5277777777777778,15,0.8,0.2,1.53,0.1,8,0.5333333333333333,12,0.66,0.05,7,0.5833333333333334,3,0.87,0.29,1,0.3333333333333333,8,4,4,16,11,5,9.16,0.57,0.5,0.25,0.25,0.6875,0.3125,33,0.559322033898305,6.2,0.11,59,11,0.44,3.56,0.14,25,401856784,2026,2
2,Auburn Tigers,44,0.5176470588235295,16,0.45714285714285713,28,0.5833333333333334,7,0.4117647058823529,7,0.4666666666666667,33,0.5076923076923077,65,0.4153846153846154,0.5692307692307692,13.19,0.2,17,0.26153846153846155,27,7.91,0.29,14,0.5185185185185185,37,8.51,0.23,19,0.5135135135135135,12,0.5,0.5,3.69,0.31,8,0.6666666666666666,6,1.39,0.23,5,0.8333333333333334,6,2.3,0.38,3,0.5,11,2,9,20,8,11,11.67,0.58,0.55,0.1,0.45,0.4,0.55,33,0.532258064516129,12.95,0.21,62,11,0.4782608695652174,11.9,0.52,23,401856671,2026,2
2572,Southern Miss Golden Eagles,22,0.3793103448275862,14,0.3888888888888889,7,0.3333333333333333,4,0.5,5,0.38461538461538464,17,0.3953488372093023,43,0.6046511627906976,0.37209302325581395,-9.53,-0.22,7,0.16279069767441862,26,-9.28,-0.36,10,0.38461538461538464,16,-1.54,-0.1,6,0.375,10,0.5,0.5,4.45,0.44,5,0.5,5,3.7,0.74,2,0.4,5,0.74,0.15,3,0.6,5,4,1,15,10,5,-5.51,-0.37,0.3333333333333333,0.26666666666666666,0.06666666666666667,0.6666666666666666,0.3333333333333333,20,0.47619047619047616,-4.24,-0.1,42,2,0.125,-10.8,-0.68,16,401856671,2026,2
13,Cal Poly Mustangs,31,0.45588235294117646,18,0.4090909090909091,13,0.5652173913043478,8,0.5,7,0.4666666666666667,23,0.45098039215686275,51,0.5686274509803921,0.4117647058823529,-2.49,-0.05,10,0.19607843137254902,29,-6.08,-0.21,11,0.3793103448275862,21,4.35,0.21,12,0.5714285714285714,6,0.5,0.5,5.84,0.97,4,0.6666666666666666,3,4.54,1.51,2,0.6666666666666666,3,1.3,0.43,2,0.6666666666666666,8,7,1,17,15,2,3.19,0.19,0.47058823529411764,0.4117647058823529,0.058823529411764705,0.8823529411764706,0.11764705882352941,22,0.5116279069767442,2.54,0.06,43,9,0.36,-1.84,-0.07,25,401864504,2026,2
23,San José State Spartans,42,0.5384615384615384,19,0.5588235294117647,22,0.5116279069767442,6,0.6,5,0.4166666666666667,36,0.5538461538461539,65,0.4153846153846154,0.5846153846153846,18.18,0.28,22,0.3384615384615385,27,11.74,0.43,16,0.5925925925925926,38,6.44,0.17,20,0.5263157894736842,18,0.5,0.5,6.86,0.38,10,0.5555555555555556,9,3.45,0.38,5,0.5555555555555556,9,3.42,0.38,5,0.5555555555555556,6,3,2,13,7,5,-0.84,-0.06,0.46153846153846156,0.23076923076923078,0.15384615384615385,0.5384615384615384,0.38461538461538464,34,0.6071428571428571,19.78,0.35,56,8,0.36363636363636365,-2.44,-0.11,22,401864504,2026,2
2640,Texas Southern Tigers,21,0.3442622950819672,7,0.2916666666666667,13,0.38235294117647056,2,0.5,5,0.29411764705882354,15,0.3488372093023256,43,0.32558139534883723,0.627906976744186,-7.7,-0.18,4,0.09302325581395349,14,-4.0,-0.29,4,0.2857142857142857,27,-3.05,-0.11,10,0.37037037037037035,4,0.5,0.5,-3.51,-0.88,0,0.0,2,-1.34,-0.67,0,0.0,2,-2.17,-1.09,0,0.0,6,3,3,18,10,7,-0.34,-0.02,0.3333333333333333,0.16666666666666666,0.16666666666666666,0.5555555555555556,0.3888888888888889,14,0.35,-8.09,-0.2,40,7,0.3333333333333333,0.06,0.0,21,401864505,2026,2
2638,UTEP Miners,31,0.5740740740740741,13,0.5909090909090909,18,0.5806451612903226,5,0.625,5,0.5,25,0.5813953488372093,43,0.3488372093023256,0.627906976744186,9.53,0.22,8,0.18604651162790697,15,7.9,0.53,9,0.6,27,5.33,0.2,16,0.5925925925925926,15,0.6,0.4,6.49,0.43,8,0.5333333333333333,9,7.23,0.8,5,0.5555555555555556,6,-0.74,-0.12,3,0.5,6,4,2,11,7,4,7.11,0.65,0.5454545454545454,0.36363636363636365,0.18181818181818182,0.6363636363636364,0.36363636363636365,22,0.5365853658536586,8.71,0.21,41,9,0.6923076923076923,7.93,0.61,13,401864505,2026,2
228,Clemson Tigers,29,0.3972602739726027,17,0.4594594594594595,12,0.35294117647058826,5,0.29411764705882354,2,0.14285714285714285,27,0.4576271186440678,59,0.4745762711864407,0.5084745762711864,0.01,0.0,16,0.2711864406779661,28,3.23,0.12,16,0.5714285714285714,30,-2.46,-0.08,11,0.36666666666666664,16,0.625,0.375,2.79,0.17,9,0.5625,10,0.64,0.06,6,0.6,6,2.16,0.36,3,0.5,2,1,1,14,9,4,-13.5,-0.96,0.14285714285714285,0.07142857142857142,0.07142857142857142,0.6428571428571429,0.2857142857142857,19,0.4318181818181818,-7.72,-0.18,44,10,0.3448275862068966,-5.77,-0.2,29,401858219,2026,2
290,Georgia Southern Eagles,17,0.25757575757575757,13,0.2549019607843137,3,0.21428571428571427,2,0.4,4,0.23529411764705882,13,0.2765957446808511,47,0.7446808510638298,0.23404255319148937,-3.8,-0.08,7,0.14893617021276595,35,1.48,0.04,11,0.3142857142857143,11,-5.52,-0.5,1,0.09090909090909091,10,0.8,0.2,2.81,0.28,3,0.3,8,3.3,0.41,3,0.375,2,-0.49,-0.25,0,0.0,4,2,2,19,16,3,-13.83,-0.73,0.21052631578947367,0.10526315789473684,0.10526315789473684,0.8421052631578947,0.15789473684210525,8,0.2222222222222222,-9.34,-0.26,36,9,0.3,-8.29,-0.28,30,401858219,2026,2
2449,North Dakota State Bison,27,0.46551724137931033,11,0.4782608695652174,16,0.45714285714285713,5,0.7142857142857143,4,0.3333333333333333,20,0.46511627906976744,43,0.27906976744186046,0.7209302325581395,8.5,0.2,7,0.16279069767441862,12,4.48,0.37,7,0.5833333333333334,31,4.01,0.13,13,0.41935483870967744,12,0.5833333333333334,0.4166666666666667,0.18,0.01,8,0.6666666666666666,7,-0.99,-0.14,5,0.7142857142857143,5,1.17,0.23,3,0.6,7,4,3,15,11,4,2.5,0.17,0.4666666666666667,0.26666666666666666,0.2,0.7333333333333333,0.26666666666666666,20,0.5555555555555556,8.74,0.24,36,7,0.3181818181818182,2.26,0.1,22,401864502,2026,2
2005,Air Force Falcons,37,0.5606060606060606,9,0.5625,28,0.56,9,0.6,6,0.42857142857142855,29,0.58,50,0.22,0.78,11.24,0.22,11,0.22,11,6.67,0.61,6,0.5454545454545454,39,4.57,0.12,23,0.5897435897435898,8,0.375,0.625,-2.42,-0.3,3,0.375,3,-1.19,-0.4,1,0.3333333333333333,5,-1.23,-0.25,2,0.4,8,3,5,16,5,11,9.25,0.58,0.5,0.1875,0.3125,0.3125,0.6875,31,0.6739130434782609,16.5,0.36,46,6,0.3,4.0,0.2,20,401864502,2026,2
16,Sacramento State Hornets,29,0.4393939393939394,12,0.36363636363636365,17,0.53125,0,0.0,3,0.23076923076923078,24,0.5,48,0.375,0.6041666666666666,-3.39,-0.07,11,0.22916666666666666,18,-3.92,-0.22,9,0.5,29,1.75,0.06,15,0.5172413793103449,15,0.6666666666666666,0.3333333333333333,-2.43,-0.16,8,0.5333333333333333,10,-3.75,-0.38,5,0.5,5,1.32,0.26,3,0.6,5,3,2,18,15,3,-6.26,-0.35,0.2777777777777778,0.16666666666666666,0.1111111111111111,0.8333333333333334,0.16666666666666666,23,0.5227272727272727,-0.14,-0.0,44,6,0.2727272727272727,-9.51,-0.43,22,401860883,2026,2
278,Fresno State Bulldogs,32,0.5079365079365079,18,0.6,14,0.4375,6,0.42857142857142855,3,0.3333333333333333,29,0.5471698113207547,53,0.4716981132075472,0.5094339622641509,25.01,0.47,16,0.3018867924528302,25,18.41,0.74,16,0.64,27,7.31,0.27,13,0.48148148148148145,12,0.6666666666666666,0.3333333333333333,6.25,0.52,7,0.5833333333333334,8,1.62,0.2,4,0.5,4,4.63,1.16,3,0.75,3,2,1,10,5,5,-7.3,-0.73,0.3,0.2,0.1,0.5,0.5,28,0.5490196078431373,16.25,0.32,51,4,0.3333333333333333,1.46,0.12,12,401860883,2026,2
147,Montana State Bobcats,27,0.43548387096774194,11,0.4230769230769231,16,0.4444444444444444,3,0.5,5,0.38461538461538464,22,0.4489795918367347,49,0.3673469387755102,0.6326530612244898,2.26,0.05,11,0.22448979591836735,18,1.62,0.09,8,0.4444444444444444,31,0.64,0.02,14,0.45161290322580644,7,0.2857142857142857,0.7142857142857143,-0.81,-0.12,2,0.2857142857142857,2,0.44,0.22,1,0.5,5,-1.25,-0.25,1,0.2,5,3,2,13,8,5,-0.95,-0.07,0.38461538461538464,0.23076923076923078,0.15384615384615385,0.6153846153846154,0.38461538461538464,20,0.46511627906976744,2.23,0.05,43,7,0.3684210526315789,-0.92,-0.05,19,401864500,2026,2
2440,Nevada Wolf Pack,32,0.4507042253521127,14,0.3888888888888889,18,0.5142857142857142,0,0.0,6,0.46153846153846156,25,0.46296296296296297,54,0.48148148148148145,0.5185185185185185,-4.36,-0.08,14,0.25925925925925924,26,-8.09,-0.31,10,0.38461538461538464,28,3.72,0.13,15,0.5357142857142857,16,0.5625,0.4375,-7.44,-0.46,5,0.3125,9,-1.83,-0.2,3,0.3333333333333333,7,-5.61,-0.8,2,0.2857142857142857,7,4,3,17,10,7,-6.52,-0.38,0.4117647058823529,0.23529411764705882,0.17647058823529413,0.5882352941176471,0.4117647058823529,21,0.5,-3.74,-0.09,42,11,0.3793103448275862,-7.15,-0.25,29,401864500,2026,2
166,New Mexico State Aggies,33,0.5,16,0.43243243243243246,17,0.6538461538461539,1,0.3333333333333333,5,0.5,28,0.509090909090909,55,0.5272727272727272,0.41818181818181815,-5.14,-0.09,15,0.2727272727272727,29,-1.35,-0.05,13,0.4482758620689655,23,4.18,0.18,15,0.6521739130434783,9,0.5555555555555556,0.4444444444444444,6.33,0.7,7,0.7777777777777778,5,3.98,0.8,3,0.6,4,2.34,0.59,4,1.0,5,3,2,11,8,3,-1.37,-0.12,0.45454545454545453,0.2727272727272727,0.18181818181818182,0.7272727272727273,0.2727272727272727,26,0.52,-5.15,-0.1,50,7,0.4375,-1.36,-0.08,16,401864578,2026,2
62,Hawai'i Rainbow Warriors,37,0.5,30,0.625,7,0.28,6,0.375,5,0.3333333333333333,31,0.5344827586206896,58,0.603448275862069,0.39655172413793105,8.71,0.15,14,0.2413793103448276,35,11.73,0.34,24,0.6857142857142857,23,-3.01,-0.13,7,0.30434782608695654,16,0.75,0.1875,1.48,0.09,11,0.6875,12,4.39,0.37,9,0.75,3,-0.16,-0.05,2,0.6666666666666666,6,6,0,16,13,2,-2.79,-0.17,0.375,0.375,0.0,0.8125,0.125,30,0.5769230769230769,11.76,0.23,52,7,0.3181818181818182,-5.83,-0.26,22,401864578,2026,2
183,Syracuse Orange,26,0.36619718309859156,11,0.3142857142857143,15,0.4166666666666667,1,0.07142857142857142,5,0.35714285714285715,21,0.375,56,0.44642857142857145,0.5535714285714286,-2.28,-0.04,16,0.2857142857142857,25,0.02,0.0,9,0.36,31,-2.3,-0.07,12,0.3870967741935484,12,0.6666666666666666,0.3333333333333333,0.85,0.07,5,0.4166666666666667,8,0.11,0.01,2,0.25,4,0.74,0.18,3,0.75,5,2,3,15,10,5,-2.34,-0.16,0.3333333333333333,0.13333333333333333,0.2,0.6666666666666666,0.3333333333333333,20,0.40816326530612246,2.53,0.05,49,6,0.2727272727272727,-7.15,-0.32,22,401858225,2026,3
221,Pittsburgh Panthers,27,0.4576271186440678,8,0.32,19,0.5588235294117647,4,0.4,5,0.5,22,0.4489795918367347,49,0.40816326530612246,0.5918367346938775,2.91,0.06,12,0.24489795918367346,20,-4.23,-0.21,7,0.35,29,7.14,0.25,15,0.5172413793103449,13,0.46153846153846156,0.5384615384615384,2.53,0.19,8,0.6153846153846154,6,-3.47,-0.58,2,0.3333333333333333,7,6.0,0.86,6,0.8571428571428571,5,1,4,10,5,5,0.66,0.07,0.5,0.1,0.4,0.5,0.5,23,0.5227272727272727,9.01,0.2,44,4,0.26666666666666666,-5.44,-0.36,15,401858225,2026,3
2390,Miami Hurricanes,29,0.453125,18,0.5294117647058824,11,0.36666666666666664,6,0.6,5,0.4166666666666667,24,0.46153846153846156,52,0.5192307692307693,0.4807692307692308,9.75,0.19,13,0.25,27,7.94,0.29,16,0.5925925925925926,25,1.81,0.07,8,0.32,13,0.38461538461538464,0.6153846153846154,3.95,0.3,8,0.6153846153846154,5,3.66,0.73,5,1.0,8,0.3,0.04,3,0.375,5,2,3,12,7,5,-1.63,-0.14,0.4166666666666667,0.16666666666666666,0.25,0.5833333333333334,0.4166666666666667,23,0.5227272727272727,15.9,0.36,44,6,0.3,-7.79,-0.39,20,401858226,2026,3
154,Wake Forest Demon Deacons,29,0.4603174603174603,22,0.4489795918367347,6,0.46153846153846156,5,0.5555555555555556,6,0.46153846153846156,22,0.46808510638297873,47,0.7872340425531915,0.2127659574468085,10.39,0.22,11,0.23404255319148937,37,11.8,0.32,18,0.4864864864864865,10,-1.41,-0.14,4,0.4,3,1.0,0.0,-2.62,-0.87,0,0.0,3,-2.62,-0.87,0,0.0,,,,,,7,4,2,16,12,3,-6.17,-0.39,0.4375,0.25,0.125,0.75,0.1875,19,0.4634146341463415,1.92,0.05,41,10,0.45454545454545453,2.31,0.1,22,401858226,2026,3
2641,Texas Tech Red Raiders,30,0.5084745762711864,14,0.4827586206896552,16,0.5333333333333333,6,0.8571428571428571,7,0.6363636363636364,23,0.48936170212765956,47,0.425531914893617,0.574468085106383,3.74,0.08,11,0.23404255319148937,20,0.61,0.03,9,0.45,27,3.12,0.12,14,0.5185185185185185,10,0.6,0.4,7.39,0.74,7,0.7,6,0.54,0.09,3,0.5,4,6.85,1.71,4,1.0,7,5,2,12,9,3,9.6,0.8,0.5833333333333334,0.4166666666666667,0.16666666666666666,0.75,0.25,22,0.5238095238095238,4.51,0.11,42,8,0.47058823529411764,8.84,0.52,17,401856811,2026,3
248,Houston Cougars,40,0.5405405405405406,20,0.4878048780487805,20,0.625,5,0.45454545454545453,9,0.6,31,0.5254237288135594,59,0.5423728813559322,0.4406779661016949,7.38,0.13,16,0.2711864406779661,32,5.86,0.18,16,0.5,26,2.57,0.1,15,0.5769230769230769,9,0.5555555555555556,0.4444444444444444,7.71,0.86,6,0.6666666666666666,5,7.41,1.48,4,0.8,4,0.29,0.07,2,0.5,9,4,5,15,9,6,6.66,0.44,0.6,0.26666666666666666,0.3333333333333333,0.6,0.4,32,0.5714285714285714,8.59,0.15,56,8,0.4444444444444444,5.44,0.3,18,401856811,2026,3
2483,Oregon Ducks,63,0.6631578947368421,31,0.6739130434782609,32,0.6666666666666666,20,0.7407407407407407,12,0.8571428571428571,49,0.6282051282051282,78,0.47435897435897434,0.5256410256410257,28.46,0.36,24,0.3076923076923077,37,12.45,0.34,23,0.6216216216216216,41,16.01,0.39,26,0.6341463414634146,14,0.42857142857142855,0.5714285714285714,10.25,0.73,12,0.8571428571428571,6,6.88,1.15,6,1.0,8,3.37,0.42,6,0.75,14,8,6,16,9,7,20.44,1.28,0.875,0.5,0.375,0.5625,0.4375,49,0.6533333333333333,32.8,0.44,75,14,0.7368421052631579,16.1,0.85,19,401858455,2026,3
2502,Portland State Vikings,8,0.2222222222222222,6,0.2727272727272727,2,0.14285714285714285,,,2,0.2222222222222222,6,0.2222222222222222,27,0.6296296296296297,0.37037037037037035,-10.51,-0.39,4,0.14814814814814814,17,-5.52,-0.32,5,0.29411764705882354,10,-4.99,-0.5,1,0.1,8,0.625,0.375,-1.76,-0.22,2,0.25,5,-1.54,-0.31,1,0.2,3,-0.22,-0.07,1,0.3333333333333333,2,1,1,9,5,4,-6.92,-0.77,0.2222222222222222,0.1111111111111111,0.1111111111111111,0.5555555555555556,0.4444444444444444,4,0.2,-11.3,-0.56,20,4,0.25,-6.13,-0.38,16,401858455,2026,3
2636,UTSA Roadrunners,14,0.30434782608695654,5,0.20833333333333334,9,0.4090909090909091,1,0.25,2,0.18181818181818182,12,0.34285714285714286,35,0.4857142857142857,0.5142857142857142,-9.62,-0.27,6,0.17142857142857143,17,-6.53,-0.38,4,0.23529411764705882,18,-3.09,-0.17,8,0.4444444444444444,8,0.875,0.125,-3.17,-0.4,2,0.25,7,-2.09,-0.3,2,0.2857142857142857,1,-1.08,-1.08,0,0.0,2,1,1,11,7,4,-7.06,-0.64,0.18181818181818182,0.09090909090909091,0.09090909090909091,0.6363636363636364,0.36363636363636365,10,0.35714285714285715,-8.26,-0.3,28,4,0.2222222222222222,-8.42,-0.47,18,401856693,2026,3
251,Texas Longhorns,40,0.47058823529411764,14,0.3684210526315789,26,0.5531914893617021,6,0.42857142857142855,7,0.4117647058823529,33,0.5076923076923077,65,0.36923076923076925,0.6307692307692307,3.58,0.06,16,0.24615384615384617,24,2.55,0.11,10,0.4166666666666667,41,1.03,0.03,23,0.5609756097560976,16,0.4375,0.5625,-4.35,-0.27,5,0.3125,7,-2.66,-0.38,1,0.14285714285714285,9,-1.69,-0.19,4,0.4444444444444444,7,4,3,20,14,6,-9.29,-0.46,0.35,0.2,0.15,0.7,0.3,30,0.5263157894736842,3.87,0.07,57,10,0.35714285714285715,-9.59,-0.34,28,401856693,2026,3
8,Arkansas Razorbacks,24,0.3870967741935484,21,0.4666666666666667,3,0.17647058823529413,2,0.4,4,0.36363636363636365,19,0.3877551020408163,49,0.6938775510204082,0.30612244897959184,-4.36,-0.09,11,0.22448979591836735,34,-1.8,-0.05,16,0.47058823529411764,15,-2.56,-0.17,3,0.2,5,1.0,0.0,3.38,0.68,4,0.8,5,3.38,0.68,4,0.8,,,,,,5,5,0,13,11,2,3.94,0.3,0.38461538461538464,0.38461538461538464,0.0,0.8461538461538461,0.15384615384615385,19,0.4523809523809524,3.66,0.09,42,5,0.25,-4.07,-0.2,20,401856686,2026,3
61,Georgia Bulldogs,37,0.5967741935483871,12,0.5,25,0.6578947368421053,9,0.5294117647058824,7,0.6363636363636364,29,0.58,50,0.32,0.68,11.3,0.23,10,0.2,16,3.67,0.23,8,0.5,34,7.63,0.22,21,0.6176470588235294,13,0.07692307692307693,0.9230769230769231,9.35,0.72,10,0.7692307692307693,1,0.67,0.67,1,1.0,12,8.68,0.72,9,0.75,8,4,4,12,8,4,11.9,0.99,0.6666666666666666,0.3333333333333333,0.3333333333333333,0.6666666666666666,0.3333333333333333,30,0.6521739130434783,22.71,0.49,46,7,0.4375,0.48,0.03,16,401856686,2026,3
87,Notre Dame Fighting Irish,34,0.53125,13,0.52,21,0.5384615384615384,7,0.4666666666666667,4,0.36363636363636365,28,0.56,50,0.36,0.64,11.16,0.22,12,0.24,18,10.27,0.57,11,0.6111111111111112,32,0.89,0.03,17,0.53125,4,0.75,0.25,-2.21,-0.55,1,0.25,3,-1.73,-0.58,1,0.3333333333333333,1,-0.48,-0.48,0,0.0,6,2,4,14,7,7,0.99,0.07,0.42857142857142855,0.14285714285714285,0.2857142857142857,0.5,0.5,30,0.6122448979591837,15.01,0.31,49,4,0.26666666666666666,-2.85,-0.19,15,401858453,2026,3
127,Michigan State Spartans,16,0.34782608695652173,7,0.30434782608695654,9,0.391304347826087,2,0.3333333333333333,5,0.45454545454545453,10,0.29411764705882354,34,0.5,0.5,-7.0,-0.21,5,0.14705882352941177,17,-7.31,-0.43,5,0.29411764705882354,17,0.31,0.02,5,0.29411764705882354,11,0.09090909090909091,0.9090909090909091,6.4,0.58,5,0.45454545454545453,1,4.19,4.19,1,1.0,10,2.22,0.22,4,0.4,6,2,4,12,6,6,-1.43,-0.12,0.5,0.16666666666666666,0.3333333333333333,0.5,0.5,11,0.34375,-8.4,-0.26,32,5,0.35714285714285715,-0.02,-0.0,14,401858453,2026,3
84,Indiana Hoosiers,35,0.5303030303030303,16,0.5925925925925926,19,0.48717948717948717,4,0.5714285714285714,2,0.2,32,0.5925925925925926,54,0.37037037037037035,0.6296296296296297,20.38,0.38,19,0.35185185185185186,20,11.85,0.59,14,0.7,34,8.53,0.25,18,0.5294117647058824,12,0.4166666666666667,0.5833333333333334,0.87,0.07,5,0.4166666666666667,5,-1.34,-0.27,2,0.4,7,2.22,0.32,3,0.42857142857142855,3,2,1,12,7,5,-3.94,-0.33,0.25,0.16666666666666666,0.08333333333333333,0.5833333333333334,0.4166666666666667,33,0.6346153846153846,23.64,0.45,52,2,0.14285714285714285,-7.2,-0.51,14,401858449,2026,3
98,Western Kentucky Hilltoppers,21,0.3559322033898305,10,0.3225806451612903,11,0.4230769230769231,2,0.4,4,0.26666666666666666,17,0.4146341463414634,41,0.4634146341463415,0.5121951219512195,-5.53,-0.13,6,0.14634146341463414,19,-0.47,-0.02,8,0.42105263157894735,21,-4.26,-0.2,9,0.42857142857142855,12,0.6666666666666666,0.3333333333333333,-8.41,-0.7,4,0.3333333333333333,8,-4.62,-0.58,3,0.375,4,-3.79,-0.95,1,0.25,4,2,2,18,12,5,-18.55,-1.03,0.2222222222222222,0.1111111111111111,0.1111111111111111,0.6666666666666666,0.2777777777777778,12,0.3333333333333333,-19.08,-0.53,36,9,0.391304347826087,-5.0,-0.22,23,401858449,2026,3
194,Ohio State Buckeyes,37,0.5606060606060606,20,0.6896551724137931,17,0.4594594594594595,10,0.43478260869565216,2,0.25,33,0.6111111111111112,54,0.46296296296296297,0.5370370370370371,26.97,0.5,17,0.3148148148148148,25,24.1,0.96,20,0.8,29,2.87,0.1,13,0.4482758620689655,16,0.5625,0.4375,4.5,0.28,8,0.5,9,6.15,0.68,6,0.6666666666666666,7,-1.65,-0.24,2,0.2857142857142857,4,0,4,12,4,8,-11.75,-0.98,0.3333333333333333,0.0,0.3333333333333333,0.3333333333333333,0.6666666666666666,33,0.6,21.56,0.39,55,4,0.36363636363636365,-6.34,-0.58,11,401858454,2026,3
2309,Kent State Golden Flashes,15,0.2727272727272727,3,0.13636363636363635,11,0.3548387096774194,2,0.3333333333333333,6,0.375,9,0.24324324324324326,37,0.35135135135135137,0.5945945945945946,-12.55,-0.34,1,0.02702702702702703,13,-6.15,-0.47,1,0.07692307692307693,22,-3.32,-0.15,7,0.3181818181818182,7,0.42857142857142855,0.5714285714285714,-1.02,-0.15,3,0.42857142857142855,3,-1.43,-0.48,1,0.3333333333333333,4,0.41,0.1,2,0.5,6,2,4,18,9,9,-10.34,-0.57,0.3333333333333333,0.1111111111111111,0.2222222222222222,0.5,0.5,7,0.23333333333333334,-19.48,-0.65,30,8,0.32,-3.42,-0.14,25,401858454,2026,3
99,LSU Tigers,30,0.43478260869565216,13,0.4482758620689655,17,0.425,6,0.42857142857142855,9,0.5625,19,0.38,50,0.34,0.66,-10.76,-0.22,6,0.12,17,-6.69,-0.39,7,0.4117647058823529,33,-4.07,-0.12,12,0.36363636363636365,12,0.4166666666666667,0.5833333333333334,2.61,0.22,4,0.3333333333333333,5,1.85,0.37,2,0.4,7,0.76,0.11,2,0.2857142857142857,11,6,5,19,12,7,18.1,0.95,0.5789473684210527,0.3157894736842105,0.2631578947368421,0.631578947368421,0.3684210526315789,23,0.5,5.36,0.12,46,7,0.30434782608695654,1.97,0.09,23,401856688,2026,3
145,Ole Miss Rebels,32,0.4507042253521127,24,0.47058823529411764,8,0.4,4,0.6666666666666666,10,0.6666666666666666,21,0.38181818181818183,55,0.7090909090909091,0.2909090909090909,2.84,0.05,13,0.23636363636363636,39,0.48,0.01,16,0.41025641025641024,16,2.36,0.15,5,0.3125,11,0.8181818181818182,0.18181818181818182,3.32,0.3,6,0.5454545454545454,9,4.63,0.51,6,0.6666666666666666,2,-1.31,-0.65,0,0.0,11,8,3,16,12,4,13.93,0.87,0.6875,0.5,0.1875,0.75,0.25,20,0.43478260869565216,11.02,0.24,46,12,0.48,5.76,0.23,25,401856688,2026,3
96,Kentucky Wildcats,27,0.5192307692307693,12,0.6,15,0.46875,7,0.7777777777777778,3,0.3333333333333333,23,0.5476190476190477,42,0.42857142857142855,0.5714285714285714,18.43,0.44,13,0.30952380952380953,18,14.07,0.78,11,0.6111111111111112,24,4.35,0.18,12,0.5,11,0.45454545454545453,0.5454545454545454,12.93,1.18,8,0.7272727272727273,5,9.47,1.89,4,0.8,6,3.46,0.58,4,0.6666666666666666,4,1,3,10,2,8,0.6,0.06,0.4,0.1,0.3,0.2,0.8,21,0.525,14.57,0.36,40,6,0.5,4.46,0.37,12,401856694,2026,3
245,Texas A&M Aggies,37,0.44047619047619047,19,0.3877551020408163,18,0.5142857142857142,6,0.4,10,0.5882352941176471,24,0.39344262295081966,61,0.6229508196721312,0.3770491803278688,-10.59,-0.17,10,0.16393442622950818,38,-12.24,-0.32,13,0.34210526315789475,23,1.65,0.07,11,0.4782608695652174,7,0.42857142857142855,0.5714285714285714,-0.23,-0.03,2,0.2857142857142857,3,0.03,0.01,1,0.3333333333333333,4,-0.25,-0.06,1,0.25,13,6,7,23,11,12,4.14,0.18,0.5652173913043478,0.2608695652173913,0.30434782608695654,0.4782608695652174,0.5217391304347826,23,0.39655172413793105,-16.59,-0.29,58,14,0.5384615384615384,10.14,0.39,26,401856694,2026,3
333,Alabama Crimson Tide,37,0.5692307692307692,20,0.625,17,0.53125,3,0.5,6,0.5454545454545454,29,0.5686274509803921,51,0.43137254901960786,0.5686274509803921,18.27,0.36,15,0.29411764705882354,22,10.07,0.46,14,0.6363636363636364,29,8.2,0.28,15,0.5172413793103449,8,0.75,0.125,16.16,2.02,6,0.75,6,16.49,2.75,6,1.0,1,-0.13,-0.13,0,0.0,8,6,2,13,10,3,11.77,0.91,0.6153846153846154,0.46153846153846156,0.15384615384615385,0.7692307692307693,0.23076923076923078,27,0.5869565217391305,24.15,0.52,46,10,0.5555555555555556,5.89,0.33,18,401856685,2026,3
52,Florida State Seminoles,29,0.453125,17,0.53125,12,0.375,7,0.4666666666666667,10,0.7142857142857143,18,0.375,48,0.4583333333333333,0.5416666666666666,-3.21,-0.07,7,0.14583333333333334,22,-0.49,-0.02,11,0.5,26,-2.73,-0.1,7,0.2692307692307692,16,0.5,0.5,5.31,0.33,6,0.375,8,3.29,0.41,3,0.375,8,2.02,0.25,3,0.375,11,6,5,16,10,6,18.5,1.16,0.6875,0.375,0.3125,0.625,0.375,19,0.41304347826086957,-2.28,-0.05,46,10,0.5555555555555556,17.57,0.98,18,401856685,2026,3
252,BYU Cougars,34,0.6181818181818182,11,0.6470588235294118,23,0.6052631578947368,7,0.4375,4,0.5,30,0.6382978723404256,47,0.2978723404255319,0.7021276595744681,20.11,0.43,15,0.3191489361702128,14,4.8,0.34,9,0.6428571428571429,33,15.31,0.46,21,0.6363636363636364,9,0.4444444444444444,0.5555555555555556,7.87,0.87,7,0.7777777777777778,4,2.49,0.62,3,0.75,5,5.38,1.08,4,0.8,4,2,2,8,3,5,0.3,0.04,0.5,0.25,0.25,0.375,0.625,30,0.6666666666666666,19.83,0.44,45,4,0.4,0.57,0.06,10,401856795,2026,3
36,Colorado State Rams,29,0.4461538461538462,19,0.4634146341463415,10,0.4166666666666667,9,0.6923076923076923,7,0.5,22,0.44,50,0.62,0.38,-0.78,-0.02,8,0.16,31,2.19,0.07,16,0.5161290322580645,19,-2.97,-0.16,6,0.3157894736842105,14,0.7857142857142857,0.21428571428571427,-1.58,-0.11,8,0.5714285714285714,11,-0.47,-0.04,7,0.6363636363636364,3,-1.1,-0.37,1,0.3333333333333333,7,3,4,15,10,5,3.81,0.25,0.4666666666666667,0.2,0.26666666666666666,0.6666666666666666,0.3333333333333333,23,0.5,6.83,0.15,46,6,0.3157894736842105,-3.8,-0.2,19,401856795,2026,3
164,Rutgers Scarlet Knights,38,0.5588235294117647,18,0.47368421052631576,20,0.6666666666666666,7,0.7,6,0.5454545454545454,28,0.5283018867924528,53,0.5660377358490566,0.4339622641509434,2.88,0.05,13,0.24528301886792453,30,-6.72,-0.22,13,0.43333333333333335,23,9.6,0.42,15,0.6521739130434783,18,0.8888888888888888,0.1111111111111111,11.61,0.64,10,0.5555555555555556,16,10.31,0.64,8,0.5,2,1.3,0.65,2,1.0,10,5,5,15,8,7,15.25,1.02,0.6666666666666666,0.3333333333333333,0.3333333333333333,0.5333333333333333,0.4666666666666667,25,0.5434782608695652,3.52,0.08,46,13,0.5909090909090909,14.62,0.66,22,401858457,2026,3
30,USC Trojans,34,0.5396825396825397,18,0.5454545454545454,16,0.5517241379310345,5,0.3125,5,0.5,28,0.5490196078431373,51,0.49019607843137253,0.49019607843137253,10.32,0.2,16,0.3137254901960784,25,6.21,0.25,15,0.6,25,6.23,0.25,13,0.52,7,0.8571428571428571,0.14285714285714285,3.01,0.43,4,0.5714285714285714,6,2.74,0.46,3,0.5,1,0.27,0.27,1,1.0,6,3,3,12,8,4,9.04,0.75,0.5,0.25,0.25,0.6666666666666666,0.3333333333333333,28,0.5833333333333334,16.08,0.34,48,6,0.4,3.28,0.22,15,401858457,2026,3
213,Penn State Nittany Lions,33,0.4925373134328358,14,0.5185185185185185,19,0.48717948717948717,8,0.47058823529411764,3,0.3,30,0.5357142857142857,56,0.3392857142857143,0.6428571428571429,24.12,0.43,15,0.26785714285714285,19,13.27,0.7,11,0.5789473684210527,36,12.11,0.34,19,0.5277777777777778,8,0.5,0.5,9.2,1.15,5,0.625,4,8.98,2.24,4,1.0,4,0.22,0.06,1,0.25,3,3,0,11,8,3,-6.9,-0.63,0.2727272727272727,0.2727272727272727,0.0,0.7272727272727273,0.2727272727272727,27,0.5094339622641509,16.44,0.31,53,6,0.42857142857142855,0.79,0.06,14,401858456,2026,3
2084,Buffalo Bulls,14,0.2222222222222222,4,0.16,10,0.29411764705882354,3,0.3,1,0.06666666666666667,12,0.2553191489361702,47,0.2765957446808511,0.6808510638297872,-11.38,-0.24,6,0.1276595744680851,13,-5.53,-0.43,3,0.23076923076923078,32,-2.78,-0.09,9,0.28125,14,0.42857142857142855,0.5,-1.12,-0.08,4,0.2857142857142857,6,-3.69,-0.61,1,0.16666666666666666,7,2.91,0.42,3,0.42857142857142855,2,1,1,16,12,2,-12.02,-0.75,0.125,0.0625,0.0625,0.75,0.125,10,0.24390243902439024,-8.68,-0.21,41,4,0.18181818181818182,-14.73,-0.67,22,401858456,2026,3
338,Kennesaw State Owls,27,0.421875,17,0.4722222222222222,10,0.37037037037037035,2,0.2222222222222222,5,0.38461538461538464,22,0.43137254901960786,51,0.5294117647058824,0.45098039215686275,-1.61,-0.03,13,0.2549019607843137,27,5.95,0.22,15,0.5555555555555556,23,-5.13,-0.22,7,0.30434782608695654,11,0.5454545454545454,0.36363636363636365,-4.88,-0.44,3,0.2727272727272727,6,-0.97,-0.16,2,0.3333333333333333,4,-1.48,-0.37,1,0.25,5,2,3,13,9,4,1.59,0.12,0.38461538461538464,0.15384615384615385,0.23076923076923078,0.6923076923076923,0.3076923076923077,16,0.43243243243243246,2.86,0.08,37,11,0.4074074074074074,-2.87,-0.11,27,401856692,2026,3
2633,Tennessee Volunteers,37,0.5522388059701493,13,0.48148148148148145,24,0.6153846153846154,6,0.42857142857142855,4,0.4,33,0.5789473684210527,57,0.38596491228070173,0.5964912280701754,19.37,0.34,17,0.2982456140350877,22,7.28,0.33,12,0.5454545454545454,34,12.56,0.37,21,0.6176470588235294,15,0.4666666666666667,0.5333333333333333,4.34,0.29,9,0.6,7,-1.74,-0.25,2,0.2857142857142857,8,6.07,0.76,7,0.875,4,1,3,10,5,5,-0.83,-0.08,0.4,0.1,0.3,0.5,0.5,29,0.5918367346938775,14.26,0.29,49,8,0.4444444444444444,4.28,0.24,18,401856692,2026,3
97,Louisville Cardinals,30,0.5263157894736842,11,0.5,19,0.5588235294117647,5,0.625,3,0.3333333333333333,27,0.5625,48,0.3541666666666667,0.625,24.46,0.51,12,0.25,17,10.72,0.63,10,0.5882352941176471,30,14.88,0.5,17,0.5666666666666667,7,0.42857142857142855,0.5714285714285714,2.81,0.4,3,0.42857142857142855,3,-0.35,-0.12,1,0.3333333333333333,4,3.16,0.79,2,0.5,3,1,2,9,5,4,-1.96,-0.22,0.3333333333333333,0.1111111111111111,0.2222222222222222,0.5555555555555556,0.4444444444444444,28,0.5957446808510638,23.28,0.5,47,2,0.2,-0.78,-0.08,10,401858230,2026,3
2567,SMU Mustangs,36,0.45,16,0.42105263157894735,20,0.5,4,0.5,4,0.2857142857142857,29,0.47540983606557374,61,0.4426229508196721,0.5409836065573771,1.08,0.02,11,0.18032786885245902,27,0.12,0.0,12,0.4444444444444444,33,4.96,0.15,17,0.5151515151515151,14,0.6428571428571429,0.35714285714285715,-1.55,-0.11,6,0.42857142857142855,9,0.69,0.08,5,0.5555555555555556,5,-2.24,-0.45,1,0.2,7,4,3,19,11,7,0.56,0.03,0.3684210526315789,0.21052631578947367,0.15789473684210525,0.5789473684210527,0.3684210526315789,24,0.4067796610169492,-6.55,-0.11,59,12,0.5714285714285714,8.19,0.39,21,401858230,2026,3
254,Utah Utes,31,0.4246575342465753,18,0.47368421052631576,12,0.35294117647058826,1,0.5,11,0.6470588235294118,20,0.37037037037037035,54,0.5555555555555556,0.4444444444444444,1.63,0.03,11,0.2037037037037037,30,2.85,0.09,14,0.4666666666666667,24,-1.21,-0.05,6,0.25,11,0.7272727272727273,0.2727272727272727,-1.88,-0.17,2,0.18181818181818182,8,2.29,0.29,2,0.25,3,-4.17,-1.39,0,0.0,11,4,6,19,8,10,12.3,0.65,0.5789473684210527,0.21052631578947367,0.3157894736842105,0.42105263157894735,0.5263157894736842,21,0.4375,5.15,0.11,48,10,0.4,8.79,0.35,25,401856801,2026,3
328,Utah State Aggies,15,0.2777777777777778,9,0.2727272727272727,6,0.2857142857142857,1,0.14285714285714285,6,0.4,9,0.23684210526315788,38,0.5789473684210527,0.42105263157894735,-12.47,-0.33,4,0.10526315789473684,22,-7.68,-0.35,6,0.2727272727272727,16,-4.79,-0.3,3,0.1875,14,0.6428571428571429,0.35714285714285715,-4.09,-0.29,4,0.2857142857142857,9,-4.06,-0.45,3,0.3333333333333333,5,-0.03,-0.01,1,0.2,6,3,3,16,11,5,-9.52,-0.59,0.375,0.1875,0.1875,0.6875,0.3125,9,0.28125,-17.41,-0.54,32,6,0.2727272727272727,-4.57,-0.21,22,401856801,2026,3
2294,Iowa Hawkeyes,39,0.609375,15,0.625,24,0.6,5,0.8333333333333334,3,0.375,35,0.6363636363636364,55,0.38181818181818183,0.6181818181818182,32.27,0.59,20,0.36363636363636365,21,11.66,0.56,15,0.7142857142857143,34,20.61,0.61,20,0.5882352941176471,11,0.6363636363636364,0.36363636363636365,4.45,0.4,6,0.5454545454545454,7,0.77,0.11,4,0.5714285714285714,4,3.68,0.92,2,0.5,4,0,4,9,3,6,-1.09,-0.12,0.4444444444444444,0.0,0.4444444444444444,0.3333333333333333,0.6666666666666666,34,0.68,34.66,0.69,50,5,0.35714285714285715,-3.47,-0.25,14,401858471,2026,3
2460,Northern Iowa Panthers,17,0.29310344827586204,7,0.19444444444444445,9,0.42857142857142855,,,3,0.2,14,0.3333333333333333,42,0.5238095238095238,0.4523809523809524,-10.85,-0.26,3,0.07142857142857142,22,-8.07,-0.37,4,0.18181818181818182,19,-3.08,-0.16,9,0.47368421052631576,12,0.5833333333333334,0.4166666666666667,-3.08,-0.26,4,0.3333333333333333,7,-3.18,-0.45,1,0.14285714285714285,5,0.1,0.02,3,0.6,3,3,0,16,14,2,-10.07,-0.63,0.1875,0.1875,0.0,0.875,0.125,14,0.4,-12.37,-0.35,35,3,0.13043478260869565,-8.55,-0.37,23,401858471,2026,3
130,Michigan Wolverines,41,0.5942028985507246,19,0.6551724137931034,22,0.5641025641025641,9,0.8181818181818182,9,0.75,30,0.5454545454545454,55,0.38181818181818183,0.6,7.06,0.13,12,0.21818181818181817,21,9.45,0.45,13,0.6190476190476191,33,2.0,0.06,17,0.5151515151515151,13,0.6153846153846154,0.38461538461538464,8.65,0.67,10,0.7692307692307693,8,6.85,0.86,6,0.75,5,1.81,0.36,4,0.8,11,6,5,14,8,6,18.16,1.3,0.7857142857142857,0.42857142857142855,0.35714285714285715,0.5714285714285714,0.42857142857142855,33,0.5892857142857143,20.38,0.36,56,8,0.6153846153846154,4.83,0.37,13,401858450,2026,3
2638,UTEP Miners,11,0.23404255319148937,5,0.2631578947368421,6,0.21428571428571427,1,0.25,2,0.16666666666666666,8,0.24242424242424243,33,0.48484848484848486,0.5151515151515151,-12.14,-0.37,4,0.12121212121212122,16,-5.98,-0.37,4,0.25,17,-6.16,-0.36,4,0.23529411764705882,6,0.0,1.0,-5.7,-0.95,0,0.0,,,,,,6,-5.7,-0.95,0,0.0,3,1,2,14,3,11,-5.45,-0.39,0.21428571428571427,0.07142857142857142,0.14285714285714285,0.21428571428571427,0.7857142857142857,10,0.38461538461538464,1.92,0.07,26,1,0.047619047619047616,-19.5,-0.93,21,401858450,2026,3
142,Missouri Tigers,18,0.3829787234042553,7,0.35,11,0.4074074074074074,3,0.375,3,0.2727272727272727,15,0.4166666666666667,36,0.3055555555555556,0.6944444444444444,-0.45,-0.01,9,0.25,11,-5.07,-0.46,4,0.36363636363636365,25,4.62,0.18,11,0.44,12,0.25,0.75,3.41,0.28,7,0.5833333333333334,3,-0.11,-0.04,1,0.3333333333333333,9,3.51,0.39,6,0.6666666666666666,3,3,0,11,9,2,-5.55,-0.5,0.2727272727272727,0.2727272727272727,0.0,0.8181818181818182,0.18181818181818182,14,0.4827586206896552,7.72,0.27,29,4,0.2222222222222222,-13.72,-0.76,18,401856689,2026,3
2653,Troy Trojans,27,0.375,11,0.3142857142857143,16,0.43243243243243246,0,0.0,7,0.4117647058823529,19,0.3584905660377358,53,0.4528301886792453,0.5471698113207547,-14.27,-0.27,5,0.09433962264150944,24,-8.64,-0.36,8,0.3333333333333333,29,-5.63,-0.19,11,0.3793103448275862,9,0.4444444444444444,0.5555555555555556,-3.72,-0.41,4,0.4444444444444444,4,-5.1,-1.28,1,0.25,5,1.38,0.28,3,0.6,8,3,5,19,11,8,2.69,0.14,0.42105263157894735,0.15789473684210525,0.2631578947368421,0.5789473684210527,0.42105263157894735,18,0.3673469387755102,-11.23,-0.23,49,9,0.391304347826087,-0.35,-0.02,23,401856689,2026,3
167,New Mexico Lobos,13,0.22413793103448276,6,0.24,7,0.21212121212121213,1,0.1111111111111111,3,0.21428571428571427,9,0.21428571428571427,42,0.4523809523809524,0.5476190476190477,-18.57,-0.44,6,0.14285714285714285,19,-6.18,-0.33,6,0.3157894736842105,23,-12.38,-0.54,3,0.13043478260869565,11,0.45454545454545453,0.5454545454545454,-2.14,-0.19,4,0.36363636363636365,5,-2.03,-0.41,2,0.4,6,-0.11,-0.02,2,0.3333333333333333,4,0,4,16,6,10,-6.06,-0.38,0.25,0.0,0.25,0.375,0.625,8,0.24242424242424243,-11.34,-0.34,33,5,0.2,-13.28,-0.53,25,401856690,2026,3
201,Oklahoma Sooners,21,0.375,14,0.5185185185185185,7,0.2413793103448276,,,7,0.4666666666666667,14,0.34146341463414637,41,0.36585365853658536,0.6341463414634146,-3.51,-0.09,4,0.0975609756097561,15,9.38,0.63,9,0.6,26,-12.89,-0.5,5,0.19230769230769232,13,0.6923076923076923,0.3076923076923077,-3.17,-0.24,5,0.38461538461538464,9,-3.53,-0.39,4,0.4444444444444444,4,0.36,0.09,1,0.25,7,5,2,15,12,3,-0.01,-0.0,0.4666666666666667,0.3333333333333333,0.13333333333333333,0.8,0.2,13,0.3611111111111111,-6.9,-0.19,36,8,0.4,3.38,0.17,20,401856690,2026,3
258,Virginia Cavaliers,31,0.44285714285714284,18,0.5,13,0.38235294117647056,5,0.4166666666666667,6,0.375,22,0.43137254901960786,51,0.4117647058823529,0.5882352941176471,0.32,0.01,9,0.17647058823529413,21,0.5,0.02,12,0.5714285714285714,30,-0.18,-0.01,10,0.3333333333333333,11,0.5454545454545454,0.45454545454545453,-4.21,-0.38,4,0.36363636363636365,6,-3.61,-0.6,2,0.3333333333333333,5,-0.6,-0.12,2,0.4,9,6,3,19,15,4,6.33,0.33,0.47368421052631576,0.3157894736842105,0.15789473684210525,0.7894736842105263,0.21052631578947367,25,0.4807692307692308,8.44,0.16,52,6,0.3333333333333333,-1.79,-0.1,18,401856802,2026,3
277,West Virginia Mountaineers,30,0.44776119402985076,7,0.3888888888888889,23,0.46938775510204084,6,0.6,8,0.5333333333333333,21,0.4117647058823529,51,0.21568627450980393,0.7843137254901961,6.22,0.12,9,0.17647058823529413,11,2.05,0.19,4,0.36363636363636365,40,4.16,0.1,17,0.425,9,0.2222222222222222,0.7777777777777778,3.78,0.42,4,0.4444444444444444,2,1.55,0.78,1,0.5,7,2.23,0.32,3,0.42857142857142855,9,3,6,16,7,9,12.62,0.79,0.5625,0.1875,0.375,0.4375,0.5625,20,0.45454545454545453,6.43,0.15,44,10,0.43478260869565216,12.41,0.54,23,401856802,2026,3
48,Delaware Blue Hens,28,0.45161290322580644,17,0.5,11,0.4074074074074074,2,0.6666666666666666,5,0.4166666666666667,23,0.4791666666666667,48,0.5416666666666666,0.4583333333333333,13.95,0.29,14,0.2916666666666667,26,13.43,0.52,15,0.5769230769230769,22,0.52,0.02,8,0.36363636363636365,10,0.6,0.3,0.46,0.05,5,0.5,6,-2.11,-0.35,2,0.3333333333333333,3,2.82,0.94,3,1.0,5,2,3,13,8,5,-7.08,-0.54,0.38461538461538464,0.15384615384615385,0.23076923076923078,0.6153846153846154,0.38461538461538464,23,0.5,10.35,0.22,46,5,0.3333333333333333,-3.48,-0.23,15,401869940,2026,3
324,Coastal Carolina Chanticleers,27,0.4426229508196721,15,0.5,12,0.3870967741935484,0,0.0,6,0.5,21,0.4375,48,0.4375,0.5625,6.24,0.13,12,0.25,21,3.97,0.19,11,0.5238095238095238,27,2.27,0.08,10,0.37037037037037035,14,0.42857142857142855,0.5714285714285714,0.59,0.04,7,0.5,6,-0.59,-0.1,4,0.6666666666666666,8,1.18,0.15,3,0.375,6,4,2,13,9,4,-0.81,-0.06,0.46153846153846156,0.3076923076923077,0.15384615384615385,0.6923076923076923,0.3076923076923077,18,0.4186046511627907,-0.0,-0.0,43,9,0.5,5.44,0.3,18,401869940,2026,3
2306,Kansas State Wildcats,30,0.4838709677419355,16,0.5714285714285714,14,0.4117647058823529,10,0.5555555555555556,11,0.7333333333333333,18,0.391304347826087,46,0.43478260869565216,0.5652173913043478,10.51,0.23,8,0.17391304347826086,20,6.09,0.3,10,0.5,26,4.42,0.17,8,0.3076923076923077,11,0.5454545454545454,0.45454545454545453,8.66,0.79,5,0.45454545454545453,6,3.21,0.53,3,0.5,5,5.46,1.09,2,0.4,12,6,6,16,8,8,12.56,0.79,0.75,0.375,0.375,0.5,0.5,19,0.4318181818181818,8.03,0.18,44,11,0.6111111111111112,15.04,0.84,18,401856792,2026,3
2655,Tulane Green Wave,22,0.3728813559322034,9,0.28125,13,0.5,1,0.5,7,0.4666666666666667,15,0.3409090909090909,44,0.5227272727272727,0.45454545454545453,-6.09,-0.14,8,0.18181818181818182,23,-7.37,-0.32,6,0.2608695652173913,20,1.58,0.08,9,0.45,12,0.5833333333333334,0.3333333333333333,-1.63,-0.14,4,0.3333333333333333,7,1.34,0.19,3,0.42857142857142855,4,-2.67,-0.67,1,0.25,7,3,4,15,9,6,4.03,0.27,0.4666666666666667,0.2,0.26666666666666666,0.6,0.4,11,0.3235294117647059,-7.07,-0.21,34,11,0.44,5.0,0.2,25,401856792,2026,3
66,Iowa State Cyclones,31,0.49206349206349204,9,0.47368421052631576,22,0.5,3,0.3,5,0.5555555555555556,25,0.4807692307692308,52,0.28846153846153844,0.7115384615384616,14.37,0.28,14,0.2692307692307692,15,1.31,0.09,7,0.4666666666666667,37,13.05,0.35,18,0.4864864864864865,13,0.3076923076923077,0.6923076923076923,-5.25,-0.4,6,0.46153846153846156,4,0.93,0.23,3,0.75,9,-6.18,-0.69,3,0.3333333333333333,6,2,4,11,4,7,1.8,0.16,0.5454545454545454,0.18181818181818182,0.36363636363636365,0.36363636363636365,0.6363636363636364,27,0.5192307692307693,18.68,0.36,52,4,0.36363636363636365,-2.51,-0.23,11,401856798,2026,3
189,Bowling Green Falcons,18,0.35294117647058826,5,0.22727272727272727,13,0.4642857142857143,,,2,0.16666666666666666,15,0.39473684210526316,38,0.34210526315789475,0.631578947368421,-6.02,-0.16,5,0.13157894736842105,13,-0.11,-0.01,4,0.3076923076923077,24,-2.68,-0.11,11,0.4583333333333333,,,,,,,,,,,,,,,,,,3,1,2,13,9,4,-10.07,-0.77,0.23076923076923078,0.07692307692307693,0.15384615384615385,0.6923076923076923,0.3076923076923077,15,0.4838709677419355,-2.76,-0.09,31,3,0.15,-13.34,-0.67,20,401856798,2026,3
9,Arizona State Sun Devils,21,0.3333333333333333,8,0.32,13,0.34210526315789475,1,0.5,5,0.3125,15,0.3333333333333333,45,0.37777777777777777,0.6222222222222222,-3.25,-0.07,7,0.15555555555555556,17,-0.47,-0.03,6,0.35294117647058826,28,-2.79,-0.1,9,0.32142857142857145,13,0.46153846153846156,0.5384615384615384,1.14,0.09,4,0.3076923076923077,6,4.28,0.71,3,0.5,7,-3.14,-0.45,1,0.14285714285714285,6,2,4,18,8,10,-8.97,-0.5,0.3333333333333333,0.1111111111111111,0.2222222222222222,0.4444444444444444,0.5555555555555556,16,0.37209302325581395,-1.23,-0.03,43,5,0.25,-10.99,-0.55,20,401856812,2026,3
2305,Kansas Jayhawks,26,0.35135135135135137,12,0.35294117647058826,14,0.3684210526315789,,,6,0.375,20,0.36363636363636365,55,0.41818181818181815,0.5454545454545454,-6.02,-0.11,13,0.23636363636363636,23,1.18,0.05,8,0.34782608695652173,30,1.32,0.04,12,0.4,8,0.25,0.75,-4.61,-0.58,1,0.125,2,-1.5,-0.75,0,0.0,6,-3.1,-0.52,1,0.16666666666666666,6,4,2,19,11,8,-5.76,-0.3,0.3157894736842105,0.21052631578947367,0.10526315789473684,0.5789473684210527,0.42105263157894735,17,0.3953488372093023,-10.68,-0.25,43,9,0.2903225806451613,-1.11,-0.04,31,401856812,2026,3
2382,Mercer Bears,27,0.45,6,0.35294117647058826,21,0.5,1,0.2,4,0.3076923076923077,23,0.48936170212765956,47,0.2978723404255319,0.7021276595744681,-6.08,-0.13,9,0.19148936170212766,14,-7.96,-0.57,5,0.35714285714285715,33,1.88,0.06,18,0.5454545454545454,12,0.16666666666666666,0.8333333333333334,3.68,0.31,7,0.5833333333333334,2,-0.92,-0.46,0,0.0,10,4.61,0.46,7,0.7,4,1,3,13,3,9,-1.19,-0.09,0.3076923076923077,0.07692307692307693,0.23076923076923078,0.23076923076923078,0.6923076923076923,23,0.5111111111111111,-7.73,-0.17,45,4,0.26666666666666666,0.47,0.03,15,401858228,2026,3
59,Georgia Tech Yellow Jackets,32,0.5333333333333333,15,0.6521739130434783,17,0.4722222222222222,8,0.5333333333333333,4,0.4,26,0.5531914893617021,47,0.3404255319148936,0.6595744680851063,17.64,0.38,11,0.23404255319148937,16,16.11,1.01,12,0.75,31,1.54,0.05,14,0.45161290322580644,6,0.5,0.5,5.07,0.84,3,0.5,3,4.64,1.55,2,0.6666666666666666,3,0.42,0.14,1,0.3333333333333333,6,3,3,12,7,5,0.5,0.04,0.5,0.25,0.25,0.5833333333333334,0.4166666666666667,27,0.5869565217391305,20.03,0.44,46,5,0.38461538461538464,-1.89,-0.15,13,401858228,2026,3
153,North Carolina Tar Heels,31,0.4492753623188406,10,0.30303030303030304,21,0.6,6,0.35294117647058826,6,0.42857142857142855,24,0.4528301886792453,53,0.4528301886792453,0.5283018867924528,-4.26,-0.08,14,0.2641509433962264,24,-6.7,-0.28,6,0.25,28,7.13,0.25,18,0.6428571428571429,5,0.2,0.6,-6.02,-1.2,2,0.4,1,-1.76,-1.76,0,0.0,3,0.43,0.14,2,0.6666666666666666,7,4,3,16,9,7,-2.14,-0.13,0.4375,0.25,0.1875,0.5625,0.4375,22,0.4489795918367347,-10.56,-0.22,49,9,0.45,4.16,0.21,20,401858229,2026,3
228,Clemson Tigers,31,0.47692307692307695,14,0.42424242424242425,17,0.5483870967741935,3,0.375,5,0.38461538461538464,25,0.49019607843137253,51,0.49019607843137253,0.49019607843137253,8.91,0.17,12,0.23529411764705882,25,6.52,0.26,13,0.52,25,5.22,0.21,12,0.48,20,0.6,0.4,5.83,0.29,11,0.55,12,3.49,0.29,6,0.5,8,2.34,0.29,5,0.625,6,1,5,14,8,6,1.48,0.11,0.42857142857142855,0.07142857142857142,0.35714285714285715,0.5714285714285714,0.42857142857142855,23,0.48936170212765956,5.08,0.11,47,8,0.4444444444444444,5.31,0.29,18,401858229,2026,3
2006,Akron Zips,18,0.3050847457627119,12,0.2926829268292683,6,0.35294117647058826,2,0.6666666666666666,3,0.23076923076923078,15,0.3333333333333333,45,0.6,0.37777777777777777,-13.35,-0.3,10,0.2222222222222222,27,-6.79,-0.25,9,0.3333333333333333,17,-2.38,-0.14,6,0.35294117647058826,8,0.875,0.125,-3.11,-0.39,2,0.25,7,-2.5,-0.36,2,0.2857142857142857,1,-0.61,-0.61,0,0.0,3,3,0,14,14,0,-5.73,-0.41,0.21428571428571427,0.21428571428571427,0.0,1.0,0.0,14,0.4,-7.24,-0.21,35,4,0.16666666666666666,-11.84,-0.49,24,401858451,2026,3
135,Minnesota Golden Gophers,30,0.47619047619047616,13,0.41935483870967744,17,0.53125,7,0.4375,5,0.38461538461538464,24,0.4897959183673469,49,0.46938775510204084,0.5306122448979592,4.27,0.09,11,0.22448979591836735,23,-1.49,-0.06,10,0.43478260869565216,26,5.77,0.22,14,0.5384615384615384,13,0.6153846153846154,0.38461538461538464,0.34,0.03,6,0.46153846153846156,8,0.21,0.03,3,0.375,5,0.13,0.03,3,0.6,6,3,3,14,8,6,0.91,0.06,0.42857142857142855,0.21428571428571427,0.21428571428571427,0.5714285714285714,0.42857142857142855,27,0.5625,12.08,0.25,48,3,0.2,-6.9,-0.46,15,401858451,2026,3
249,North Texas Mean Green,46,0.5411764705882353,32,0.5714285714285714,14,0.5,9,0.5,11,0.7333333333333333,34,0.5151515151515151,66,0.6363636363636364,0.3484848484848485,6.81,0.1,17,0.25757575757575757,42,9.58,0.23,22,0.5238095238095238,23,2.7,0.12,12,0.5217391304347826,17,0.6470588235294118,0.29411764705882354,1.86,0.11,7,0.4117647058823529,11,10.17,0.92,7,0.6363636363636364,5,-2.84,-0.57,0,0.0,12,10,2,19,14,5,11.39,0.6,0.631578947368421,0.5263157894736842,0.10526315789473684,0.7368421052631579,0.2631578947368421,32,0.5517241379310345,2.47,0.04,58,14,0.5185185185185185,15.73,0.58,27,401860889,2026,3
326,Texas State Bobcats,39,0.5571428571428572,14,0.6363636363636364,25,0.5208333333333334,8,0.5,6,0.6,32,0.5423728813559322,59,0.2711864406779661,0.7288135593220338,27.41,0.46,19,0.3220338983050847,16,14.89,0.93,10,0.625,43,12.53,0.29,22,0.5116279069767442,10,0.8,0.2,5.53,0.55,5,0.5,8,6.44,0.81,4,0.5,2,-0.91,-0.46,1,0.5,7,4,3,11,6,5,6.61,0.6,0.6363636363636364,0.36363636363636365,0.2727272727272727,0.5454545454545454,0.45454545454545453,30,0.5769230769230769,19.28,0.37,52,9,0.5,14.74,0.82,18,401860889,2026,3
275,Wisconsin Badgers,36,0.5714285714285714,23,0.696969696969697,13,0.4482758620689655,6,0.5,8,0.6666666666666666,27,0.5510204081632653,49,0.5102040816326531,0.4897959183673469,19.19,0.39,11,0.22448979591836735,25,19.89,0.8,18,0.72,24,-0.7,-0.03,9,0.375,9,0.6666666666666666,0.3333333333333333,10.45,1.16,6,0.6666666666666666,6,6.89,1.15,4,0.6666666666666666,3,3.56,1.19,2,0.6666666666666666,9,5,4,14,8,5,9.36,0.67,0.6428571428571429,0.35714285714285715,0.2857142857142857,0.5714285714285714,0.35714285714285715,28,0.56,18.13,0.36,50,8,0.6153846153846154,10.42,0.8,13,401858460,2026,3
2199,Eastern Michigan Eagles,20,0.3333333333333333,11,0.3548387096774194,9,0.32142857142857145,1,0.16666666666666666,5,0.4166666666666667,13,0.2826086956521739,46,0.5217391304347826,0.45652173913043476,-11.72,-0.25,6,0.13043478260869565,24,-6.57,-0.27,9,0.375,21,-4.9,-0.23,4,0.19047619047619047,13,0.46153846153846156,0.46153846153846156,-15.83,-1.22,1,0.07692307692307693,6,-14.54,-2.42,0,0.0,6,-1.04,-0.17,1,0.16666666666666666,7,2,5,14,7,7,-2.02,-0.14,0.5,0.14285714285714285,0.35714285714285715,0.5,0.5,16,0.4,2.83,0.07,40,4,0.2,-16.58,-0.83,20,401858460,2026,3
238,Vanderbilt Commodores,30,0.5172413793103449,16,0.47058823529411764,14,0.6363636363636364,3,0.6,5,0.4166666666666667,23,0.5227272727272727,44,0.6363636363636364,0.3409090909090909,12.37,0.28,7,0.1590909090909091,28,11.42,0.41,15,0.5357142857142857,15,5.88,0.39,8,0.5333333333333333,11,0.7272727272727273,0.2727272727272727,0.59,0.05,5,0.45454545454545453,8,0.73,0.09,4,0.5,3,-0.14,-0.05,1,0.3333333333333333,7,1,6,14,6,7,4.45,0.32,0.5,0.07142857142857142,0.42857142857142855,0.42857142857142855,0.5,20,0.5,3.61,0.09,40,10,0.5555555555555556,13.2,0.73,18,401856695,2026,3
152,NC State Wolfpack,30,0.38961038961038963,18,0.46153846153846156,12,0.32432432432432434,2,0.4,7,0.4375,20,0.35714285714285715,56,0.5178571428571429,0.48214285714285715,-0.04,-0.0,11,0.19642857142857142,29,4.29,0.15,13,0.4482758620689655,27,-4.33,-0.16,7,0.25925925925925924,11,0.2727272727272727,0.7272727272727273,-2.16,-0.2,4,0.36363636363636365,3,-2.62,-0.87,1,0.3333333333333333,8,0.46,0.06,3,0.375,10,5,5,21,10,10,3.68,0.18,0.47619047619047616,0.23809523809523808,0.23809523809523808,0.47619047619047616,0.47619047619047616,22,0.44,6.55,0.13,50,8,0.2962962962962963,-2.92,-0.11,27,401856695,2026,3
2117,Central Michigan Chippewas,33,0.515625,3,0.42857142857142855,30,0.5263157894736842,4,0.6666666666666666,6,0.46153846153846156,24,0.5,48,0.125,0.875,10.83,0.23,10,0.20833333333333334,6,-0.12,-0.02,2,0.3333333333333333,42,10.95,0.26,22,0.5238095238095238,16,0.25,0.75,7.43,0.46,9,0.5625,4,1.72,0.43,2,0.5,12,5.71,0.48,7,0.5833333333333334,9,1,8,16,1,15,6.69,0.42,0.5625,0.0625,0.5,0.0625,0.9375,29,0.5471698113207547,18.73,0.35,53,4,0.36363636363636365,-1.2,-0.11,11,401864508,2026,3
2751,Wyoming Cowboys,24,0.41379310344827586,9,0.3,14,0.5185185185185185,2,0.2222222222222222,6,0.46153846153846156,17,0.3953488372093023,43,0.4418604651162791,0.5348837209302325,-10.19,-0.24,8,0.18604651162790697,19,-13.9,-0.73,4,0.21052631578947367,23,3.16,0.14,12,0.5217391304347826,7,0.5714285714285714,0.42857142857142855,-1.05,-0.15,2,0.2857142857142857,4,0.18,0.05,1,0.25,3,-1.23,-0.41,1,0.3333333333333333,7,5,2,15,11,4,5.08,0.34,0.4666666666666667,0.3333333333333333,0.13333333333333333,0.7333333333333333,0.26666666666666666,17,0.40476190476190477,-12.49,-0.3,42,7,0.4375,7.38,0.46,16,401864508,2026,3
311,Maine Black Bears,29,0.4264705882352941,18,0.4864864864864865,10,0.3333333333333333,3,0.1875,8,0.5,20,0.4,50,0.5,0.5,5.67,0.11,11,0.22,25,11.84,0.47,12,0.48,25,-6.17,-0.25,8,0.32,13,0.8461538461538461,0.15384615384615385,12.59,0.97,8,0.6153846153846154,11,12.54,1.14,7,0.6363636363636364,2,0.05,0.02,1,0.5,9,6,2,18,12,5,-3.0,-0.17,0.5,0.3333333333333333,0.1111111111111111,0.6666666666666666,0.2777777777777778,15,0.36585365853658536,-7.1,-0.17,41,14,0.5185185185185185,9.78,0.36,27,401858227,2026,3
103,Boston College Eagles,27,0.46551724137931033,10,0.45454545454545453,17,0.4857142857142857,4,0.25,5,0.4166666666666667,22,0.5116279069767442,43,0.3488372093023256,0.6511627906976745,10.02,0.23,11,0.2558139534883721,15,6.7,0.45,8,0.5333333333333333,28,3.32,0.12,14,0.5,9,0.3333333333333333,0.6666666666666666,-0.11,-0.01,4,0.4444444444444444,3,-0.7,-0.23,1,0.3333333333333333,6,0.6,0.1,3,0.5,5,2,3,14,7,7,-14.48,-1.03,0.35714285714285715,0.14285714285714285,0.21428571428571427,0.5,0.5,23,0.5227272727272727,2.26,0.05,44,4,0.3076923076923077,-6.73,-0.52,13,401858227,2026,3
79,Southern Illinois Salukis,23,0.3333333333333333,16,0.37209302325581395,7,0.28,2,0.3333333333333333,4,0.26666666666666666,18,0.36,50,0.58,0.4,-4.83,-0.1,11,0.22,29,7.03,0.24,14,0.4827586206896552,20,-9.35,-0.47,4,0.2,8,0.625,0.375,-1.31,-0.16,2,0.25,5,1.15,0.23,2,0.4,3,-2.46,-0.82,0,0.0,5,2,3,19,14,5,-13.72,-0.72,0.2631578947368421,0.10526315789473684,0.15789473684210525,0.7368421052631579,0.2631578947368421,18,0.4090909090909091,-7.9,-0.18,44,5,0.2,-10.65,-0.43,25,401858448,2026,3
356,Illinois Fighting Illini,31,0.543859649122807,17,0.5483870967741935,14,0.5384615384615384,3,0.5,4,0.4,26,0.5652173913043478,46,0.5,0.5,20.21,0.44,12,0.2608695652173913,23,9.98,0.43,14,0.6086956521739131,23,10.23,0.44,12,0.5217391304347826,15,0.6666666666666666,0.3333333333333333,-0.14,-0.01,6,0.4,10,-0.37,-0.04,4,0.4,5,0.24,0.05,2,0.4,5,3,2,11,8,3,0.5,0.05,0.45454545454545453,0.2727272727272727,0.18181818181818182,0.7272727272727273,0.2727272727272727,28,0.6222222222222222,16.22,0.36,45,3,0.25,4.49,0.37,12,401858448,2026,3
2649,Toledo Rockets,43,0.5657894736842105,28,0.5490196078431373,15,0.625,12,0.75,9,0.6923076923076923,33,0.559322033898305,59,0.6440677966101694,0.3389830508474576,21.76,0.37,15,0.2542372881355932,38,18.8,0.49,21,0.5526315789473685,20,7.58,0.38,12,0.6,9,0.6666666666666666,0.3333333333333333,5.26,0.58,6,0.6666666666666666,6,4.82,0.8,4,0.6666666666666666,3,0.44,0.15,2,0.6666666666666666,10,7,3,17,13,4,2.98,0.18,0.5882352941176471,0.4117647058823529,0.17647058823529413,0.7647058823529411,0.23529411764705882,31,0.5535714285714286,13.5,0.24,56,12,0.6,11.23,0.56,20,401862774,2026,3
218,Temple Owls,34,0.4722222222222222,11,0.44,23,0.48936170212765956,13,0.5909090909090909,9,0.6,24,0.42857142857142855,56,0.26785714285714285,0.7321428571428571,16.48,0.29,10,0.17857142857142858,15,5.99,0.4,5,0.3333333333333333,41,10.49,0.26,19,0.4634146341463415,11,0.36363636363636365,0.6363636363636364,7.84,0.71,8,0.7272727272727273,4,5.58,1.39,3,0.75,7,2.26,0.32,5,0.7142857142857143,10,6,4,16,10,6,11.17,0.7,0.625,0.375,0.25,0.625,0.375,28,0.5384615384615384,22.04,0.42,52,6,0.3,5.61,0.28,20,401862774,2026,3
193,Miami (OH) RedHawks,26,0.4642857142857143,16,0.5161290322580645,9,0.391304347826087,3,0.3,7,0.5833333333333334,19,0.4318181818181818,44,0.5454545454545454,0.4318181818181818,-4.21,-0.1,11,0.25,24,0.81,0.03,11,0.4583333333333333,19,-0.46,-0.02,8,0.42105263157894735,11,0.45454545454545453,0.45454545454545453,1.57,0.14,6,0.5454545454545454,5,6.87,1.37,4,0.8,5,-0.73,-0.15,2,0.4,7,5,1,12,7,4,7.07,0.59,0.5833333333333334,0.4166666666666667,0.08333333333333333,0.5833333333333334,0.3333333333333333,19,0.5,5.42,0.14,38,7,0.3888888888888889,-2.56,-0.14,18,401856797,2026,3
2132,Cincinnati Bearcats,39,0.52,25,0.5434782608695652,14,0.4827586206896552,9,0.75,8,0.5714285714285714,28,0.49122807017543857,57,0.6140350877192983,0.38596491228070173,7.77,0.14,15,0.2631578947368421,35,10.43,0.3,19,0.5428571428571428,22,-2.66,-0.12,9,0.4090909090909091,13,0.7692307692307693,0.23076923076923078,-4.25,-0.33,4,0.3076923076923077,10,-0.6,-0.06,4,0.4,3,-3.65,-1.22,0,0.0,11,6,5,18,11,7,10.44,0.58,0.6111111111111112,0.3333333333333333,0.2777777777777778,0.6111111111111112,0.3888888888888889,29,0.5686274509803921,18.38,0.36,51,10,0.4166666666666667,-0.17,-0.01,24,401856797,2026,3
2681,Wagner Seahawks,21,0.3559322033898305,12,0.375,9,0.3333333333333333,1,0.2,5,0.3333333333333333,15,0.3488372093023256,43,0.4883720930232558,0.5116279069767442,-8.67,-0.2,4,0.09302325581395349,21,-4.77,-0.23,8,0.38095238095238093,22,-3.9,-0.18,7,0.3181818181818182,16,0.6875,0.3125,-0.12,-0.01,8,0.5,11,2.25,0.2,7,0.6363636363636364,5,-2.37,-0.47,1,0.2,6,4,2,16,11,5,-0.08,-0.0,0.375,0.25,0.125,0.6875,0.3125,12,0.35294117647058826,-4.34,-0.13,34,9,0.36,-4.41,-0.18,25,401858233,2026,3
25,California Golden Bears,40,0.5633802816901409,25,0.5813953488372093,15,0.5357142857142857,5,0.4166666666666667,3,0.3333333333333333,35,0.5932203389830508,59,0.5932203389830508,0.4067796610169492,19.66,0.33,16,0.2711864406779661,35,15.78,0.45,22,0.6285714285714286,24,3.88,0.16,13,0.5416666666666666,6,0.6666666666666666,0.3333333333333333,-3.93,-0.66,2,0.3333333333333333,4,-2.86,-0.71,1,0.25,2,-1.07,-0.54,1,0.5,5,3,2,12,8,4,7.49,0.62,0.4166666666666667,0.25,0.16666666666666666,0.6666666666666666,0.3333333333333333,33,0.6226415094339622,18.64,0.35,53,7,0.3888888888888889,8.51,0.47,18,401858233,2026,3
2184,Duquesne Dukes,12,0.23076923076923078,4,0.19047619047619047,8,0.25806451612903225,1,0.5,2,0.15384615384615385,10,0.2564102564102564,39,0.3076923076923077,0.6923076923076923,-5.57,-0.14,4,0.10256410256410256,12,-4.08,-0.34,3,0.25,27,-1.49,-0.06,7,0.25925925925925924,8,0.5,0.5,-3.51,-0.44,2,0.25,4,-2.18,-0.54,1,0.25,4,-1.33,-0.33,1,0.25,2,1,1,13,9,4,-7.34,-0.56,0.15384615384615385,0.07692307692307693,0.07692307692307693,0.6923076923076923,0.3076923076923077,9,0.32142857142857145,-6.09,-0.22,28,3,0.125,-6.83,-0.28,24,401860890,2026,3
265,Washington State Cougars,40,0.6451612903225806,14,0.6086956521739131,26,0.6666666666666666,7,0.5384615384615384,6,0.6666666666666666,34,0.6415094339622641,53,0.3584905660377358,0.6415094339622641,18.22,0.34,16,0.3018867924528302,19,9.56,0.5,12,0.631578947368421,34,8.66,0.25,22,0.6470588235294118,13,0.3076923076923077,0.6923076923076923,6.17,0.47,11,0.8461538461538461,4,2.38,0.59,3,0.75,9,3.8,0.42,8,0.8888888888888888,6,2,4,9,4,5,3.89,0.43,0.6666666666666666,0.2222222222222222,0.4444444444444444,0.4444444444444444,0.5555555555555556,34,0.723404255319149,17.47,0.37,47,6,0.4,4.65,0.31,15,401860890,2026,3
113,Massachusetts Minutemen,26,0.43333333333333335,10,0.37037037037037035,16,0.5161290322580645,5,0.5555555555555556,5,0.4166666666666667,20,0.425531914893617,47,0.3617021276595745,0.6170212765957447,1.02,0.02,7,0.14893617021276595,17,-3.2,-0.19,5,0.29411764705882354,29,4.82,0.17,15,0.5172413793103449,15,0.4,0.6,-4.38,-0.29,5,0.3333333333333333,6,-3.84,-0.64,2,0.3333333333333333,9,-0.54,-0.06,3,0.3333333333333333,6,5,1,13,10,2,0.72,0.06,0.46153846153846156,0.38461538461538464,0.07692307692307693,0.7692307692307693,0.15384615384615385,18,0.43902439024390244,2.92,0.07,41,8,0.42105263157894735,-1.18,-0.06,19,401866424,2026,3
284,Stonehill Skyhawks,15,0.2542372881355932,10,0.30303030303030304,5,0.2,3,0.6,4,0.25,9,0.225,40,0.45,0.525,-11.49,-0.29,3,0.075,18,-8.05,-0.45,4,0.2222222222222222,21,-2.08,-0.1,5,0.23809523809523808,12,0.5,0.5,-4.42,-0.37,2,0.16666666666666666,6,-2.65,-0.44,1,0.16666666666666666,6,-1.77,-0.29,1,0.16666666666666666,6,6,0,19,15,4,-4.85,-0.26,0.3157894736842105,0.3157894736842105,0.0,0.7894736842105263,0.21052631578947367,9,0.28125,-5.44,-0.17,32,6,0.2222222222222222,-10.91,-0.4,27,401866424,2026,3
24,Stanford Cardinal,20,0.3389830508474576,12,0.2926829268292683,8,0.4444444444444444,3,1.0,2,0.16666666666666666,18,0.4,45,0.6666666666666666,0.3333333333333333,-2.51,-0.06,12,0.26666666666666666,30,-2.83,-0.09,11,0.36666666666666664,15,0.31,0.02,7,0.4666666666666667,10,0.8,0.2,2.07,0.21,5,0.5,8,3.46,0.43,5,0.625,2,-1.38,-0.69,0,0.0,2,1,1,14,11,3,-14.08,-1.01,0.14285714285714285,0.07142857142857142,0.07142857142857142,0.7857142857142857,0.21428571428571427,16,0.4444444444444444,-2.52,-0.07,36,4,0.17391304347826086,-14.08,-0.61,23,401858231,2026,3
150,Duke Blue Devils,32,0.45714285714285713,11,0.4583333333333333,21,0.45652173913043476,5,0.45454545454545453,4,0.36363636363636365,27,0.47368421052631576,57,0.2631578947368421,0.7368421052631579,18.23,0.32,15,0.2631578947368421,15,9.04,0.6,8,0.5333333333333333,42,9.19,0.22,19,0.4523809523809524,12,0.5,0.5,3.12,0.26,5,0.4166666666666667,6,3.07,0.51,3,0.5,6,0.04,0.01,2,0.3333333333333333,5,3,2,13,9,4,-3.21,-0.25,0.38461538461538464,0.23076923076923078,0.15384615384615385,0.6923076923076923,0.3076923076923077,23,0.45098039215686275,8.75,0.17,51,9,0.47368421052631576,6.27,0.33,19,401858231,2026,3
2335,Liberty Flames,34,0.5396825396825397,15,0.6,19,0.5135135135135135,10,0.7142857142857143,10,0.7692307692307693,23,0.46938775510204084,49,0.40816326530612246,0.5714285714285714,9.16,0.19,8,0.16326530612244897,20,13.58,0.68,11,0.55,28,0.07,0.0,12,0.42857142857142855,16,0.5625,0.4375,8.22,0.51,10,0.625,9,4.88,0.54,4,0.4444444444444444,7,3.34,0.48,6,0.8571428571428571,11,4,7,14,5,9,16.65,1.19,0.7857142857142857,0.2857142857142857,0.5,0.35714285714285715,0.6428571428571429,24,0.5,11.27,0.23,48,10,0.6666666666666666,14.53,0.97,15,401866422,2026,3
2050,Ball State Cardinals,25,0.45454545454545453,8,0.3333333333333333,17,0.5483870967741935,7,0.875,2,0.2,22,0.5,44,0.36363636363636365,0.6363636363636364,7.19,0.16,14,0.3181818181818182,16,-2.99,-0.19,7,0.4375,28,10.18,0.36,15,0.5357142857142857,4,0.25,0.75,-3.06,-0.76,0,0.0,1,-0.56,-0.56,0,0.0,3,-2.5,-0.83,0,0.0,3,1,2,11,8,3,-5.76,-0.52,0.2727272727272727,0.09090909090909091,0.18181818181818182,0.7272727272727273,0.2727272727272727,19,0.5135135135135135,8.57,0.23,37,6,0.3333333333333333,-7.14,-0.4,18,401866422,2026,3
2348,Louisiana Tech Bulldogs,31,0.3974358974358974,18,0.4,13,0.3939393939393939,6,0.4,9,0.5625,21,0.3620689655172414,58,0.5862068965517241,0.41379310344827586,-6.51,-0.11,12,0.20689655172413793,34,-4.31,-0.13,14,0.4117647058823529,24,-2.21,-0.09,7,0.2916666666666667,11,0.5454545454545454,0.45454545454545453,-6.35,-0.58,4,0.36363636363636365,6,-2.42,-0.4,3,0.5,5,-3.93,-0.79,1,0.2,10,4,6,20,11,9,1.35,0.07,0.5,0.2,0.3,0.55,0.45,22,0.4230769230769231,-3.31,-0.06,52,9,0.34615384615384615,-1.85,-0.07,26,401867804,2026,3
239,Baylor Bears,28,0.4117647058823529,13,0.48148148148148145,15,0.375,3,0.3,6,0.46153846153846156,21,0.39622641509433965,53,0.3584905660377358,0.6226415094339622,8.38,0.16,9,0.16981132075471697,19,7.87,0.41,10,0.5263157894736842,33,1.6,0.05,11,0.3333333333333333,9,0.6666666666666666,0.3333333333333333,-0.57,-0.06,3,0.3333333333333333,6,-2.28,-0.38,2,0.3333333333333333,3,1.71,0.57,1,0.3333333333333333,7,3,4,15,8,7,-0.3,-0.02,0.4666666666666667,0.2,0.26666666666666666,0.5333333333333333,0.4666666666666667,21,0.4772727272727273,4.09,0.09,44,7,0.2916666666666667,4.0,0.17,24,401867804,2026,3
2545,SE Louisiana Lions,24,0.5106382978723404,15,0.625,9,0.391304347826087,3,0.75,6,0.5,18,0.5142857142857142,35,0.45714285714285713,0.5428571428571428,1.85,0.05,8,0.22857142857142856,16,1.17,0.07,10,0.625,19,0.67,0.04,8,0.42105263157894735,5,0.8,0.2,3.1,0.62,5,1.0,4,2.0,0.5,4,1.0,1,1.09,1.09,1,1.0,6,5,1,12,8,4,3.6,0.3,0.5,0.4166666666666667,0.08333333333333333,0.6666666666666666,0.3333333333333333,20,0.5555555555555556,6.18,0.17,36,4,0.36363636363636365,-0.73,-0.07,11,401868317,2026,3
2433,UL Monroe Warhawks,40,0.5633802816901409,20,0.47619047619047616,20,0.7142857142857143,6,0.6666666666666666,8,0.5714285714285714,31,0.5636363636363636,55,0.6181818181818182,0.38181818181818183,3.28,0.06,11,0.2,34,-5.87,-0.17,16,0.47058823529411764,21,9.15,0.44,15,0.7142857142857143,15,0.6,0.4,11.49,0.77,12,0.8,9,8.41,0.93,7,0.7777777777777778,6,3.08,0.51,5,0.8333333333333334,9,4,5,16,8,7,3.41,0.21,0.5625,0.25,0.3125,0.5,0.4375,30,0.5769230769230769,-6.18,-0.12,52,10,0.5263157894736842,12.87,0.68,19,401868317,2026,3
2579,South Carolina Gamecocks,33,0.4177215189873418,18,0.4186046511627907,15,0.4166666666666667,6,0.42857142857142855,6,0.3333333333333333,24,0.41379310344827586,58,0.46551724137931033,0.5344827586206896,-6.66,-0.11,12,0.20689655172413793,27,-1.85,-0.07,12,0.4444444444444444,31,-4.81,-0.16,12,0.3870967741935484,6,0.5,0.5,6.3,1.05,5,0.8333333333333334,3,2.21,0.74,2,0.6666666666666666,3,4.1,1.37,3,1.0,9,6,3,21,16,5,5.28,0.25,0.42857142857142855,0.2857142857142857,0.14285714285714285,0.7619047619047619,0.23809523809523808,26,0.4727272727272727,9.61,0.17,55,7,0.2916666666666667,-10.99,-0.46,24,401856691,2026,3
344,Mississippi State Bulldogs,29,0.5087719298245614,14,0.4666666666666667,15,0.5555555555555556,4,0.5714285714285714,7,0.6363636363636364,21,0.4666666666666667,45,0.4666666666666667,0.5333333333333333,7.56,0.17,8,0.17777777777777778,21,6.16,0.29,9,0.42857142857142855,24,1.4,0.06,12,0.5,9,0.2222222222222222,0.7777777777777778,3.22,0.36,6,0.6666666666666666,2,1.42,0.71,1,0.5,7,1.79,0.26,5,0.7142857142857143,8,5,3,12,9,3,10.95,0.91,0.6666666666666666,0.4166666666666667,0.25,0.75,0.25,19,0.475,4.11,0.1,40,10,0.5882352941176471,14.4,0.85,17,401856691,2026,3
151,East Carolina Pirates,19,0.2878787878787879,6,0.2727272727272727,12,0.2926829268292683,0,0.0,3,0.23076923076923078,16,0.3137254901960784,51,0.27450980392156865,0.6666666666666666,-13.45,-0.26,8,0.1568627450980392,14,-1.15,-0.08,5,0.35714285714285715,34,-3.95,-0.12,10,0.29411764705882354,6,0.5,0.5,1.45,0.24,3,0.5,3,-0.25,-0.08,1,0.3333333333333333,3,1.7,0.57,2,0.6666666666666666,3,1,2,15,8,7,-13.43,-0.9,0.2,0.06666666666666667,0.13333333333333333,0.5333333333333333,0.4666666666666667,15,0.3409090909090909,-7.83,-0.18,44,4,0.18181818181818182,-19.05,-0.87,22,401862710,2026,3
295,Old Dominion Monarchs,18,0.2857142857142857,4,0.2,13,0.3333333333333333,2,0.6666666666666666,5,0.3333333333333333,13,0.2765957446808511,47,0.3404255319148936,0.5957446808510638,-11.49,-0.24,7,0.14893617021276595,16,-0.39,-0.02,4,0.25,28,-7.99,-0.29,8,0.2857142857142857,15,0.13333333333333333,0.8,-9.21,-0.61,5,0.3333333333333333,2,-8.98,-4.49,0,0.0,12,1.61,0.13,5,0.4166666666666667,5,0,5,16,4,11,-9.42,-0.59,0.3125,0.0,0.3125,0.25,0.6875,9,0.24324324324324326,-12.34,-0.33,37,9,0.34615384615384615,-8.56,-0.33,26,401862710,2026,3
2229,Florida International Panthers,28,0.358974358974359,18,0.4090909090909091,10,0.30303030303030304,5,0.3333333333333333,10,0.5,16,0.2962962962962963,54,0.5185185185185185,0.46296296296296297,-7.9,-0.15,7,0.12962962962962962,28,-0.84,-0.03,11,0.39285714285714285,25,-6.28,-0.25,5,0.2,13,0.38461538461538464,0.5384615384615384,2.05,0.16,7,0.5384615384615384,5,-3.01,-0.6,1,0.2,7,5.84,0.83,6,0.8571428571428571,12,7,5,24,16,8,1.76,0.07,0.5,0.2916666666666667,0.20833333333333334,0.6666666666666666,0.3333333333333333,16,0.3333333333333333,-5.31,-0.11,48,12,0.4,-0.83,-0.03,30,401862771,2026,3
2226,Florida Atlantic Owls,27,0.40298507462686567,16,0.41025641025641024,11,0.39285714285714285,5,0.35714285714285715,7,0.4375,19,0.3877551020408163,49,0.6326530612244898,0.3673469387755102,-4.27,-0.09,8,0.16326530612244897,31,-0.35,-0.01,15,0.4838709677419355,18,-3.92,-0.22,4,0.2222222222222222,10,1.0,0.0,1.85,0.18,6,0.6,10,1.85,0.18,6,0.6,,,,,,8,1,7,18,8,10,-3.51,-0.2,0.4444444444444444,0.05555555555555555,0.3888888888888889,0.4444444444444444,0.5555555555555556,19,0.4222222222222222,-4.14,-0.09,45,8,0.36363636363636365,-3.64,-0.17,22,401862771,2026,3
276,Marshall Thundering Herd,37,0.5522388059701493,15,0.5769230769230769,21,0.5384615384615384,5,0.35714285714285715,9,0.75,27,0.5,54,0.3333333333333333,0.6481481481481481,1.7,0.03,15,0.2777777777777778,18,0.28,0.02,9,0.5,35,5.45,0.16,18,0.5142857142857142,8,0.375,0.5,4.48,0.56,5,0.625,3,0.4,0.13,2,0.6666666666666666,4,3.3,0.82,2,0.5,10,6,3,13,8,4,17.52,1.35,0.7692307692307693,0.46153846153846156,0.23076923076923078,0.6153846153846154,0.3076923076923077,29,0.5576923076923077,14.47,0.28,52,8,0.5333333333333333,4.75,0.32,15,401871047,2026,3
2623,Missouri State Bears,38,0.5846153846153846,17,0.5862068965517241,21,0.5833333333333334,4,0.3076923076923077,5,0.45454545454545453,33,0.6226415094339622,53,0.41509433962264153,0.5849056603773585,18.28,0.34,15,0.2830188679245283,22,14.48,0.66,14,0.6363636363636364,31,3.8,0.12,19,0.6129032258064516,12,0.5833333333333334,0.4166666666666667,6.84,0.57,8,0.6666666666666666,7,5.35,0.76,5,0.7142857142857143,5,1.49,0.3,3,0.6,5,3,2,12,7,5,3.13,0.26,0.4166666666666667,0.25,0.16666666666666666,0.5833333333333334,0.4166666666666667,32,0.6274509803921569,19.12,0.37,51,6,0.42857142857142855,2.28,0.16,14,401871047,2026,3
2,Auburn Tigers,31,0.47692307692307695,19,0.4523809523809524,12,0.5217391304347826,5,0.38461538461538464,7,0.5384615384615384,23,0.46,50,0.58,0.42,6.36,0.13,13,0.26,29,-0.22,-0.01,13,0.4482758620689655,21,6.59,0.31,10,0.47619047619047616,3,0.6666666666666666,0.3333333333333333,-2.03,-0.68,1,0.3333333333333333,2,-2.54,-1.27,0,0.0,1,0.51,0.51,1,1.0,8,6,2,15,13,2,10.77,0.72,0.5333333333333333,0.4,0.13333333333333333,0.8666666666666667,0.13333333333333333,20,0.45454545454545453,3.86,0.09,44,11,0.5238095238095238,13.27,0.63,21,401856687,2026,3
57,Florida Gators,35,0.47297297297297297,15,0.6,20,0.40816326530612246,5,0.29411764705882354,9,0.5625,23,0.41818181818181815,55,0.3090909090909091,0.6909090909090909,1.33,0.02,9,0.16363636363636364,17,6.52,0.38,11,0.6470588235294118,38,-5.19,-0.14,12,0.3157894736842105,14,0.35714285714285715,0.6428571428571429,6.3,0.45,9,0.6428571428571429,5,4.77,0.95,4,0.8,9,1.52,0.17,5,0.5555555555555556,12,4,8,19,8,11,20.18,1.06,0.631578947368421,0.21052631578947367,0.42105263157894735,0.42105263157894735,0.5789473684210527,23,0.46938775510204084,8.6,0.18,49,12,0.48,12.91,0.52,25,401856687,2026,3
2247,Georgia State Panthers,36,0.4235294117647059,24,0.47058823529411764,12,0.36363636363636365,8,0.5333333333333333,8,0.5,27,0.4153846153846154,65,0.5538461538461539,0.4461538461538462,3.5,0.05,12,0.18461538461538463,36,-2.05,-0.06,17,0.4722222222222222,29,5.55,0.19,10,0.3448275862068966,15,0.3333333333333333,0.6666666666666666,5.67,0.38,8,0.5333333333333333,5,1.9,0.38,4,0.8,10,3.77,0.38,4,0.4,9,7,2,20,15,4,3.65,0.18,0.45,0.35,0.1,0.75,0.2,29,0.48333333333333334,8.61,0.14,60,7,0.28,-1.46,-0.06,25,401856800,2026,3
2116,UCF Knights,25,0.43859649122807015,6,0.35294117647058826,19,0.475,6,0.5,4,0.36363636363636365,20,0.4444444444444444,45,0.24444444444444444,0.7555555555555555,15.6,0.35,10,0.2222222222222222,11,2.02,0.18,4,0.36363636363636365,34,13.58,0.4,16,0.47058823529411764,6,0.3333333333333333,0.6666666666666666,2.44,0.41,1,0.16666666666666666,2,-1.97,-0.98,0,0.0,4,4.4,1.1,1,0.25,5,2,3,12,6,6,-2.02,-0.17,0.4166666666666667,0.16666666666666666,0.25,0.5,0.5,20,0.46511627906976744,17.37,0.4,43,5,0.35714285714285715,-3.8,-0.27,14,401856800,2026,3
197,Oklahoma State Cowboys,48,0.6857142857142857,22,0.7586206896551724,26,0.6341463414634146,8,0.5714285714285714,4,0.6666666666666666,44,0.6875,64,0.390625,0.609375,24.4,0.38,24,0.375,25,17.93,0.72,19,0.76,39,6.47,0.17,25,0.6410256410256411,11,0.5454545454545454,0.45454545454545453,6.03,0.55,7,0.6363636363636364,6,5.86,0.98,5,0.8333333333333334,5,0.18,0.04,2,0.4,4,3,1,6,4,2,6.08,1.01,0.6666666666666666,0.5,0.16666666666666666,0.6666666666666666,0.3333333333333333,41,0.6949152542372882,29.54,0.5,59,7,0.6363636363636364,0.94,0.09,11,401856803,2026,3
93,Murray State Racers,14,0.30434782608695654,6,0.2608695652173913,8,0.34782608695652173,1,0.3333333333333333,0,0.0,13,0.40625,32,0.46875,0.53125,-3.8,-0.12,4,0.125,15,-1.71,-0.11,6,0.4,17,-2.09,-0.12,7,0.4117647058823529,9,0.7777777777777778,0.2222222222222222,-3.62,-0.4,1,0.1111111111111111,7,-2.76,-0.39,1,0.14285714285714285,2,-0.85,-0.43,0,0.0,1,0,1,14,8,6,-10.47,-0.75,0.07142857142857142,0.0,0.07142857142857142,0.5714285714285714,0.42857142857142855,11,0.36666666666666664,-2.39,-0.08,30,3,0.1875,-11.88,-0.74,16,401856803,2026,3
41,UConn Huskies,36,0.5070422535211268,14,0.5,22,0.5116279069767442,7,0.7,8,0.5714285714285714,28,0.49122807017543857,57,0.3333333333333333,0.6666666666666666,5.73,0.1,13,0.22807017543859648,19,3.3,0.17,9,0.47368421052631576,38,2.43,0.06,19,0.5,15,0.4666666666666667,0.5333333333333333,4.09,0.27,9,0.6,7,4.6,0.66,5,0.7142857142857143,8,-0.51,-0.06,4,0.5,8,5,3,14,9,5,8.09,0.58,0.5714285714285714,0.35714285714285715,0.21428571428571427,0.6428571428571429,0.35714285714285715,29,0.5272727272727272,7.67,0.14,55,7,0.4375,6.16,0.38,16,401861963,2026,3
2572,Southern Miss Golden Eagles,32,0.41025641025641024,21,0.40384615384615385,11,0.4230769230769231,3,0.6,5,0.3333333333333333,26,0.43333333333333335,60,0.6,0.4,-2.43,-0.04,13,0.21666666666666667,36,-1.1,-0.03,17,0.4722222222222222,24,-1.33,-0.06,9,0.375,14,0.9285714285714286,0.07142857142857142,-2.9,-0.21,5,0.35714285714285715,13,-2.35,-0.18,5,0.38461538461538464,1,-0.55,-0.55,0,0.0,6,4,2,18,16,2,0.55,0.03,0.3333333333333333,0.2222222222222222,0.1111111111111111,0.8888888888888888,0.1111111111111111,24,0.48,-4.1,-0.08,50,8,0.2857142857142857,2.22,0.08,28,401861963,2026,3
235,Memphis Tigers,42,0.56,22,0.6111111111111112,19,0.5,8,0.5333333333333333,10,0.7692307692307693,31,0.5166666666666667,60,0.48333333333333334,0.5,17.0,0.28,15,0.25,29,12.58,0.43,17,0.5862068965517241,30,4.32,0.14,13,0.43333333333333335,23,0.6521739130434783,0.34782608695652173,12.09,0.53,14,0.6086956521739131,15,9.49,0.63,9,0.6,8,2.59,0.32,5,0.625,11,5,6,15,7,8,4.92,0.33,0.7333333333333333,0.3333333333333333,0.4,0.4666666666666667,0.5333333333333333,32,0.5517241379310345,9.19,0.16,58,10,0.5882352941176471,12.74,0.75,17,401862772,2026,3
2630,UT Martin Skyhawks,22,0.38596491228070173,11,0.36666666666666664,11,0.4074074074074074,7,0.5833333333333334,7,0.5384615384615384,15,0.3488372093023256,43,0.4186046511627907,0.5813953488372093,3.84,0.09,8,0.18604651162790697,18,0.98,0.05,6,0.3333333333333333,25,2.85,0.11,9,0.36,1,0.0,1.0,-0.24,-0.24,0,0.0,,,,,,1,-0.24,-0.24,0,0.0,7,5,2,14,12,2,6.95,0.5,0.5,0.35714285714285715,0.14285714285714285,0.8571428571428571,0.14285714285714285,13,0.35135135135135137,6.01,0.16,37,9,0.45,4.77,0.24,20,401862772,2026,3
2711,Western Michigan Broncos,30,0.4838709677419355,10,0.43478260869565216,20,0.5128205128205128,9,0.5625,8,0.5714285714285714,21,0.45652173913043476,46,0.3695652173913043,0.6304347826086957,-1.4,-0.03,8,0.17391304347826086,17,-0.53,-0.03,8,0.47058823529411764,29,-0.87,-0.03,13,0.4482758620689655,10,0.9,0.1,4.63,0.46,7,0.7,9,3.22,0.36,6,0.6666666666666666,1,1.41,1.41,1,1.0,9,2,7,16,6,10,6.64,0.41,0.5625,0.125,0.4375,0.375,0.625,18,0.4864864864864865,-2.84,-0.08,37,12,0.48,8.07,0.32,25,401862773,2026,3
242,Rice Owls,28,0.4444444444444444,9,0.47368421052631576,19,0.4418604651162791,4,0.8,1,0.1,26,0.52,50,0.24,0.76,10.45,0.21,16,0.32,12,5.84,0.49,7,0.5833333333333334,38,4.61,0.12,19,0.5,13,0.46153846153846156,0.5384615384615384,3.3,0.25,6,0.46153846153846156,6,3.12,0.52,3,0.5,7,0.18,0.03,3,0.42857142857142855,2,2,0,12,7,5,-7.67,-0.64,0.16666666666666666,0.16666666666666666,0.0,0.5833333333333334,0.4166666666666667,20,0.425531914893617,-5.85,-0.12,47,8,0.5333333333333333,8.63,0.58,15,401862773,2026,3
2169,Delaware State Hornets,25,0.43103448275862066,15,0.5357142857142857,10,0.3333333333333333,1,0.25,3,0.25,22,0.4888888888888889,45,0.4222222222222222,0.5777777777777777,13.49,0.3,11,0.24444444444444444,19,17.5,0.92,13,0.6842105263157895,26,-4.01,-0.15,9,0.34615384615384615,13,0.6923076923076923,0.3076923076923077,4.99,0.38,7,0.5384615384615384,9,6.62,0.74,6,0.6666666666666666,4,-1.63,-0.41,1,0.25,3,2,1,13,9,4,-5.21,-0.4,0.23076923076923078,0.15384615384615385,0.07692307692307693,0.6923076923076923,0.3076923076923077,18,0.4864864864864865,8.81,0.24,37,7,0.3333333333333333,-0.53,-0.03,21,401862777,2026,3
58,South Florida Bulls,42,0.6461538461538462,22,0.6111111111111112,20,0.6896551724137931,11,0.6111111111111112,4,0.6666666666666666,38,0.6440677966101694,59,0.559322033898305,0.4406779661016949,31.83,0.54,23,0.3898305084745763,33,12.01,0.36,21,0.6363636363636364,26,19.83,0.76,17,0.6538461538461539,16,0.75,0.25,5.18,0.32,8,0.5,12,2.74,0.23,6,0.5,4,2.44,0.61,2,0.5,4,1,3,6,3,3,6.83,1.14,0.6666666666666666,0.16666666666666666,0.5,0.5,0.5,31,0.6078431372549019,24.88,0.49,51,11,0.7857142857142857,13.78,0.98,14,401862777,2026,3
2393,Middle Tennessee Blue Raiders,29,0.4461538461538462,12,0.4,17,0.4857142857142857,3,0.3333333333333333,6,0.4,20,0.425531914893617,47,0.46808510638297873,0.5319148936170213,6.37,0.14,9,0.19148936170212766,22,5.28,0.24,9,0.4090909090909091,25,1.08,0.04,11,0.44,14,0.42857142857142855,0.5714285714285714,4.88,0.35,6,0.42857142857142855,6,3.88,0.65,2,0.3333333333333333,8,1.0,0.12,4,0.5,9,3,6,18,8,10,2.42,0.13,0.5,0.16666666666666666,0.3333333333333333,0.4444444444444444,0.5555555555555556,19,0.4222222222222222,3.65,0.08,45,10,0.5,5.14,0.26,20,401864443,2026,3
2440,Nevada Wolf Pack,20,0.3389830508474576,9,0.34615384615384615,11,0.34375,3,0.3,5,0.38461538461538464,14,0.3181818181818182,44,0.36363636363636365,0.6363636363636364,-13.43,-0.31,6,0.13636363636363635,16,-7.41,-0.46,5,0.3125,28,-6.02,-0.21,9,0.32142857142857145,5,0.2,0.8,-3.94,-0.79,3,0.6,1,-4.84,-4.84,0,0.0,4,0.91,0.23,3,0.75,6,4,2,15,10,4,5.79,0.39,0.4,0.26666666666666666,0.13333333333333333,0.6666666666666666,0.26666666666666666,14,0.34146341463414637,-9.29,-0.23,41,6,0.3333333333333333,1.65,0.09,18,401864443,2026,3
195,Ohio Bobcats,29,0.48333333333333334,18,0.5142857142857142,11,0.4583333333333333,5,0.5555555555555556,7,0.6363636363636364,22,0.4583333333333333,48,0.5625,0.4375,9.54,0.2,9,0.1875,27,6.7,0.25,14,0.5185185185185185,21,2.85,0.14,8,0.38095238095238093,5,0.4,0.6,2.41,0.48,3,0.6,2,3.0,1.5,2,1.0,3,-0.59,-0.2,1,0.3333333333333333,7,4,3,12,8,3,8.35,0.7,0.5833333333333334,0.3333333333333333,0.25,0.6666666666666666,0.25,20,0.4878048780487805,8.97,0.22,41,9,0.47368421052631576,8.93,0.47,19,401866423,2026,3
6,South Alabama Jaguars,36,0.5142857142857142,11,0.55,25,0.5,8,0.5,9,0.6,25,0.4716981132075472,53,0.2830188679245283,0.7169811320754716,12.29,0.23,10,0.18867924528301888,15,5.95,0.4,7,0.4666666666666667,38,6.34,0.17,18,0.47368421052631576,12,0.16666666666666666,0.8333333333333334,-1.86,-0.16,4,0.3333333333333333,2,-1.2,-0.6,0,0.0,10,-0.66,-0.07,4,0.4,11,4,7,17,5,12,10.95,0.64,0.6470588235294118,0.23529411764705882,0.4117647058823529,0.29411764705882354,0.7058823529411765,26,0.5098039215686274,15.89,0.31,51,10,0.5263157894736842,7.34,0.39,19,401866423,2026,3
290,Georgia Southern Eagles,34,0.4722222222222222,14,0.4117647058823529,20,0.5263157894736842,10,0.5263157894736842,10,0.5882352941176471,24,0.43636363636363634,55,0.45454545454545453,0.5454545454545454,-4.25,-0.08,10,0.18181818181818182,25,-8.5,-0.34,9,0.36,30,4.26,0.14,15,0.5,7,0.5714285714285714,0.42857142857142855,4.48,0.64,5,0.7142857142857143,4,2.93,0.73,3,0.75,3,1.56,0.52,2,0.6666666666666666,10,5,5,17,9,8,5.93,0.35,0.5882352941176471,0.29411764705882354,0.29411764705882354,0.5294117647058824,0.47058823529411764,29,0.5087719298245614,-1.37,-0.02,57,5,0.3333333333333333,3.06,0.2,15,401869948,2026,3
55,Jacksonville State Gamecocks,23,0.48936170212765956,11,0.4583333333333333,12,0.5454545454545454,2,0.3333333333333333,3,0.2727272727272727,17,0.5151515151515151,33,0.5454545454545454,0.42424242424242425,2.88,0.09,6,0.18181818181818182,18,6.18,0.34,9,0.5,14,1.01,0.07,8,0.5714285714285714,15,0.5333333333333333,0.4666666666666667,5.34,0.36,8,0.5333333333333333,8,-0.52,-0.07,3,0.375,7,5.86,0.84,5,0.7142857142857143,6,2,4,14,6,8,6.4,0.46,0.42857142857142855,0.14285714285714285,0.2857142857142857,0.42857142857142855,0.5714285714285714,17,0.4857142857142857,9.29,0.27,35,6,0.5,-0.01,-0.0,12,401869948,2026,3
2447,Nicholls Colonels,15,0.2542372881355932,4,0.16666666666666666,11,0.3235294117647059,,,1,0.06666666666666667,14,0.3181818181818182,44,0.3181818181818182,0.6818181818181818,-11.29,-0.26,7,0.1590909090909091,14,-9.37,-0.67,4,0.2857142857142857,30,-1.92,-0.06,10,0.3333333333333333,9,0.2222222222222222,0.7777777777777778,-1.67,-0.19,1,0.1111111111111111,2,-1.23,-0.62,0,0.0,7,-0.44,-0.06,1,0.14285714285714285,1,0,1,15,10,4,-15.24,-1.02,0.06666666666666667,0.0,0.06666666666666667,0.6666666666666666,0.26666666666666666,14,0.3684210526315789,-6.16,-0.16,38,1,0.047619047619047616,-20.38,-0.97,21,401870764,2026,3
2534,Sam Houston Bearkats,41,0.5694444444444444,15,0.46875,26,0.65,9,0.6923076923076923,11,0.6470588235294118,30,0.5454545454545454,55,0.41818181818181815,0.5818181818181818,12.98,0.24,11,0.2,23,8.65,0.38,11,0.4782608695652174,32,4.34,0.14,19,0.59375,11,0.5454545454545454,0.45454545454545453,10.13,0.92,9,0.8181818181818182,6,6.57,1.1,4,0.6666666666666666,5,3.55,0.71,5,1.0,11,4,7,17,9,8,16.03,0.94,0.6470588235294118,0.23529411764705882,0.4117647058823529,0.5294117647058824,0.47058823529411764,30,0.5555555555555556,14.0,0.26,54,11,0.6111111111111112,15.01,0.83,18,401870764,2026,3
155,North Dakota Fighting Hawks,17,0.3148148148148148,7,0.2916666666666667,10,0.3333333333333333,2,0.25,2,0.15384615384615385,12,0.3333333333333333,36,0.4166666666666667,0.5833333333333334,-5.41,-0.15,4,0.1111111111111111,15,-3.03,-0.2,6,0.4,21,-2.38,-0.11,6,0.2857142857142857,7,0.5714285714285714,0.42857142857142855,-5.57,-0.8,1,0.14285714285714285,4,-6.23,-1.56,0,0.0,3,0.66,0.22,1,0.3333333333333333,5,1,4,18,9,9,-6.98,-0.39,0.2777777777777778,0.05555555555555555,0.2222222222222222,0.5,0.5,12,0.35294117647058826,-1.99,-0.06,34,5,0.25,-10.41,-0.52,20,401858452,2026,3
158,Nebraska Cornhuskers,32,0.4507042253521127,12,0.46153846153846156,20,0.4444444444444444,5,0.5,7,0.4666666666666667,23,0.42592592592592593,54,0.2962962962962963,0.7037037037037037,11.96,0.22,12,0.2222222222222222,16,5.55,0.35,8,0.5,38,6.41,0.17,15,0.39473684210526316,12,0.6666666666666666,0.3333333333333333,3.33,0.28,3,0.25,8,1.51,0.19,2,0.25,4,1.82,0.46,1,0.25,9,4,5,17,10,7,7.28,0.43,0.5294117647058824,0.23529411764705882,0.29411764705882354,0.5882352941176471,0.4117647058823529,24,0.48,14.96,0.3,50,8,0.38095238095238093,4.28,0.2,21,401858452,2026,3
264,Washington Huskies,32,0.5161290322580645,22,0.5945945945945946,10,0.4,9,0.391304347826087,6,0.5454545454545454,25,0.5,50,0.6,0.4,20.96,0.42,16,0.32,30,18.85,0.63,18,0.6,20,2.11,0.11,7,0.35,9,0.7777777777777778,0.2222222222222222,6.05,0.67,5,0.5555555555555556,7,7.13,1.02,5,0.7142857142857143,2,-1.08,-0.54,0,0.0,7,4,3,12,7,5,6.61,0.55,0.5833333333333334,0.3333333333333333,0.25,0.5833333333333334,0.4166666666666667,28,0.5185185185185185,27.63,0.51,54,4,0.5,-0.06,-0.01,8,401858459,2026,3
331,Eastern Washington Eagles,29,0.38666666666666666,15,0.46875,14,0.32558139534883723,2,0.2222222222222222,7,0.4117647058823529,22,0.4,55,0.38181818181818183,0.6181818181818182,-5.11,-0.09,10,0.18181818181818182,21,-0.55,-0.03,10,0.47619047619047616,34,-4.56,-0.13,12,0.35294117647058826,15,0.3333333333333333,0.6666666666666666,1.82,0.12,6,0.4,5,-0.48,-0.1,1,0.2,10,2.3,0.23,5,0.5,7,5,2,20,11,9,-12.28,-0.61,0.35,0.25,0.1,0.55,0.45,19,0.3958333333333333,-14.13,-0.29,48,10,0.37037037037037035,-3.27,-0.12,27,401858459,2026,3
77,Northwestern Wildcats,35,0.5072463768115942,13,0.5652173913043478,22,0.4782608695652174,6,0.5,5,0.4166666666666667,29,0.5178571428571429,56,0.30357142857142855,0.6964285714285714,9.36,0.17,12,0.21428571428571427,17,8.55,0.5,10,0.5882352941176471,39,0.81,0.02,19,0.48717948717948717,11,0.36363636363636365,0.6363636363636364,3.11,0.28,6,0.5454545454545454,4,1.66,0.42,2,0.5,7,1.44,0.21,4,0.5714285714285714,6,3,3,13,6,7,0.39,0.03,0.46153846153846156,0.23076923076923078,0.23076923076923078,0.46153846153846156,0.5384615384615384,23,0.46,-4.24,-0.08,50,12,0.631578947368421,13.99,0.74,19,401856796,2026,3
38,Colorado Buffaloes,26,0.41935483870967744,11,0.36666666666666664,15,0.5,0,0.0,4,0.3333333333333333,22,0.46808510638297873,47,0.425531914893617,0.5531914893617021,1.21,0.03,11,0.23404255319148937,20,0.27,0.01,8,0.4,26,5.9,0.23,14,0.5384615384615384,12,0.6666666666666666,0.3333333333333333,-0.95,-0.08,5,0.4166666666666667,8,-4.63,-0.58,2,0.25,4,3.68,0.92,3,0.75,4,3,1,15,10,4,-12.99,-0.87,0.26666666666666666,0.2,0.06666666666666667,0.6666666666666666,0.26666666666666666,23,0.48936170212765956,-1.52,-0.03,47,3,0.2,-10.26,-0.68,15,401856796,2026,3
259,Virginia Tech Hokies,39,0.5416666666666666,25,0.625,14,0.4375,9,0.6428571428571429,10,0.6666666666666666,27,0.4909090909090909,55,0.5272727272727272,0.4727272727272727,10.29,0.19,9,0.16363636363636364,29,12.84,0.44,18,0.6206896551724138,26,-2.55,-0.1,9,0.34615384615384615,16,0.5,0.5,6.72,0.42,9,0.5625,8,2.69,0.34,5,0.625,8,4.03,0.5,4,0.5,12,7,5,17,11,6,14.52,0.85,0.7058823529411765,0.4117647058823529,0.29411764705882354,0.6470588235294118,0.35294117647058826,25,0.5,3.87,0.08,50,14,0.6363636363636364,20.94,0.95,22,401858232,2026,3
120,Maryland Terrapins,30,0.46153846153846156,24,0.5217391304347826,6,0.3157894736842105,4,0.4,7,0.5833333333333334,23,0.4423076923076923,52,0.6923076923076923,0.3076923076923077,8.11,0.16,13,0.25,36,11.92,0.33,20,0.5555555555555556,16,-3.81,-0.24,3,0.1875,12,0.75,0.25,-1.33,-0.11,5,0.4166666666666667,9,-0.12,-0.01,5,0.5555555555555556,3,-1.21,-0.4,0,0.0,7,4,3,13,10,3,6.67,0.51,0.5384615384615384,0.3076923076923077,0.23076923076923078,0.7692307692307693,0.23076923076923078,25,0.5102040816326531,14.32,0.29,49,5,0.3125,0.46,0.03,16,401858232,2026,3
2032,Arkansas State Red Wolves,21,0.3888888888888889,9,0.34615384615384615,12,0.42857142857142855,2,0.4,7,0.5,14,0.3783783783783784,37,0.43243243243243246,0.5675675675675675,-1.46,-0.04,5,0.13513513513513514,16,-0.01,-0.0,7,0.4375,21,-1.46,-0.07,7,0.3333333333333333,11,0.45454545454545453,0.5454545454545454,9.81,0.89,8,0.7272727272727273,5,3.93,0.79,3,0.6,6,5.89,0.98,5,0.8333333333333334,7,2,5,17,10,7,-11.84,-0.7,0.4117647058823529,0.11764705882352941,0.29411764705882354,0.5882352941176471,0.4117647058823529,16,0.43243243243243246,-4.83,-0.13,37,5,0.29411764705882354,-8.47,-0.5,17,401856799,2026,3
2628,TCU Horned Frogs,31,0.4626865671641791,16,0.5517241379310345,15,0.39473684210526316,6,0.46153846153846156,6,0.46153846153846156,22,0.44,50,0.38,0.62,1.58,0.03,11,0.22,19,5.58,0.29,10,0.5263157894736842,31,-4.0,-0.13,12,0.3870967741935484,12,0.75,0.25,-3.21,-0.27,4,0.3333333333333333,9,-2.41,-0.27,3,0.3333333333333333,3,-0.79,-0.26,1,0.3333333333333333,9,6,3,17,10,7,12.81,0.75,0.5294117647058824,0.35294117647058826,0.17647058823529413,0.5882352941176471,0.4117647058823529,25,0.5208333333333334,3.82,0.08,48,6,0.3157894736842105,10.57,0.56,19,401856799,2026,3
202,Tulsa Golden Hurricane,35,0.5147058823529411,12,0.46153846153846156,23,0.5609756097560976,1,1.0,5,0.38461538461538464,27,0.5192307692307693,52,0.3076923076923077,0.6730769230769231,6.11,0.12,12,0.23076923076923078,16,0.71,0.04,8,0.5,35,9.76,0.28,19,0.5428571428571428,14,0.6428571428571429,0.35714285714285715,-0.62,-0.04,6,0.42857142857142855,9,-3.08,-0.34,2,0.2222222222222222,5,2.45,0.49,4,0.8,8,4,4,16,10,6,8.55,0.53,0.5,0.25,0.25,0.625,0.375,29,0.5686274509803921,18.1,0.35,51,6,0.35294117647058826,-3.44,-0.2,17,401862775,2026,3
2837,East Texas A&M Lions,24,0.3380281690140845,12,0.2857142857142857,12,0.41379310344827586,1,0.3333333333333333,5,0.3333333333333333,19,0.3584905660377358,53,0.5094339622641509,0.49056603773584906,-10.84,-0.2,12,0.22641509433962265,27,-11.91,-0.44,7,0.25925925925925924,26,1.07,0.04,12,0.46153846153846156,10,0.5,0.5,-2.48,-0.25,2,0.2,5,-0.62,-0.12,1,0.2,5,-1.87,-0.37,1,0.2,5,5,0,18,15,3,-9.32,-0.52,0.2777777777777778,0.2777777777777778,0.0,0.8333333333333334,0.16666666666666666,17,0.37777777777777777,-13.62,-0.3,45,7,0.2692307692307692,-6.54,-0.25,26,401862775,2026,3
5,UAB Blazers,26,0.4482758620689655,15,0.5,10,0.38461538461538464,4,0.6666666666666666,5,0.38461538461538464,20,0.4878048780487805,41,0.43902439024390244,0.5365853658536586,1.5,0.04,7,0.17073170731707318,18,3.24,0.18,11,0.6111111111111112,22,-0.28,-0.01,9,0.4090909090909091,17,0.6470588235294118,0.35294117647058826,-1.36,-0.08,11,0.6470588235294118,11,-2.34,-0.21,6,0.5454545454545454,6,0.98,0.16,5,0.8333333333333334,6,4,1,17,12,4,-7.95,-0.47,0.35294117647058826,0.23529411764705882,0.058823529411764705,0.7058823529411765,0.23529411764705882,21,0.5,-2.03,-0.05,42,5,0.3125,-4.42,-0.28,16,401862776,2026,3
309,Louisiana Ragin' Cajuns,28,0.39436619718309857,8,0.38095238095238093,20,0.425531914893617,5,0.5,8,0.5,18,0.34615384615384615,52,0.2692307692307692,0.6923076923076923,-7.69,-0.15,9,0.17307692307692307,14,-0.88,-0.06,6,0.42857142857142855,36,1.05,0.03,12,0.3333333333333333,10,0.4,0.6,4.85,0.49,6,0.6,4,3.5,0.88,3,0.75,6,1.35,0.23,3,0.5,10,2,8,19,7,11,4.52,0.24,0.5263157894736842,0.10526315789473684,0.42105263157894735,0.3684210526315789,0.5789473684210527,21,0.4375,0.14,0.0,48,7,0.30434782608695654,-3.32,-0.14,23,401862776,2026,3
2026,App State Mountaineers,31,0.4246575342465753,21,0.4883720930232558,10,0.3333333333333333,8,0.47058823529411764,7,0.4666666666666667,23,0.4107142857142857,56,0.6071428571428571,0.39285714285714285,0.39,0.01,13,0.23214285714285715,34,10.0,0.29,16,0.47058823529411764,22,-9.61,-0.44,7,0.3181818181818182,17,0.7058823529411765,0.29411764705882354,4.79,0.28,9,0.5294117647058824,12,6.37,0.53,7,0.5833333333333334,5,-1.58,-0.32,2,0.4,8,5,3,17,9,8,-1.9,-0.11,0.47058823529411764,0.29411764705882354,0.17647058823529413,0.5294117647058824,0.47058823529411764,18,0.3673469387755102,-4.62,-0.09,49,13,0.5416666666666666,3.12,0.13,24,401864574,2026,3
2429,Charlotte 49ers,23,0.3898305084745763,14,0.4,9,0.375,5,0.5555555555555556,4,0.36363636363636365,18,0.4,45,0.5333333333333333,0.4666666666666667,-0.84,-0.02,9,0.2,24,2.12,0.09,11,0.4583333333333333,21,-2.96,-0.14,7,0.3333333333333333,10,0.7,0.3,4.4,0.44,6,0.6,7,2.96,0.42,4,0.5714285714285714,3,1.44,0.48,2,0.6666666666666666,5,3,2,14,11,3,-7.35,-0.53,0.35714285714285715,0.21428571428571427,0.14285714285714285,0.7857142857142857,0.21428571428571427,16,0.43243243243243246,5.07,0.14,37,7,0.3181818181818182,-13.27,-0.6,22,401864574,2026,3
233,South Dakota Coyotes,14,0.27450980392156865,9,0.3,5,0.23809523809523808,2,0.3333333333333333,3,0.25,11,0.2894736842105263,38,0.5789473684210527,0.42105263157894735,2.1,0.06,5,0.13157894736842105,22,6.2,0.28,7,0.3181818181818182,16,-4.11,-0.26,4,0.25,6,0.5,0.5,2.41,0.4,3,0.5,3,1.41,0.47,2,0.6666666666666666,3,1.0,0.33,1,0.3333333333333333,3,2,1,13,8,5,-5.49,-0.42,0.23076923076923078,0.15384615384615385,0.07692307692307693,0.6153846153846154,0.38461538461538464,9,0.391304347826087,3.38,0.15,23,5,0.17857142857142858,-6.77,-0.24,28,401860885,2026,3
68,Boise State Broncos,45,0.5769230769230769,19,0.59375,26,0.5777777777777777,9,0.75,7,0.5384615384615384,38,0.6031746031746031,63,0.3492063492063492,0.6349206349206349,15.78,0.25,19,0.30158730158730157,22,5.87,0.27,14,0.6363636363636364,40,14.84,0.37,24,0.6,12,0.4166666666666667,0.5833333333333334,6.3,0.53,8,0.6666666666666666,5,6.04,1.21,5,1.0,7,0.26,0.04,3,0.42857142857142855,7,5,2,15,10,5,-5.11,-0.34,0.4666666666666667,0.3333333333333333,0.13333333333333333,0.6666666666666666,0.3333333333333333,37,0.5692307692307692,11.34,0.17,65,8,0.6153846153846154,-0.67,-0.05,13,401860885,2026,3
21,San Diego State Aztecs,26,0.33766233766233766,11,0.3142857142857143,15,0.35714285714285715,2,0.4,7,0.4117647058823529,18,0.32142857142857145,56,0.42857142857142855,0.5714285714285714,-13.15,-0.23,11,0.19642857142857142,24,-6.05,-0.25,9,0.375,32,-7.1,-0.22,9,0.28125,12,0.4166666666666667,0.5833333333333334,-11.12,-0.93,2,0.16666666666666666,5,-7.12,-1.42,0,0.0,7,-4.0,-0.57,2,0.2857142857142857,8,2,6,21,11,10,2.93,0.14,0.38095238095238093,0.09523809523809523,0.2857142857142857,0.5238095238095238,0.47619047619047616,16,0.36363636363636365,-9.92,-0.23,44,10,0.30303030303030304,-0.3,-0.01,33,401860887,2026,3
256,James Madison Dukes,31,0.4305555555555556,15,0.5,16,0.3902439024390244,4,0.5,3,0.21428571428571427,27,0.47368421052631576,57,0.42105263157894735,0.5614035087719298,4.65,0.08,13,0.22807017543859648,24,10.36,0.43,13,0.5416666666666666,32,-3.27,-0.1,14,0.4375,15,0.5333333333333333,0.4666666666666667,-0.74,-0.05,7,0.4666666666666667,8,0.32,0.04,4,0.5,7,-1.06,-0.15,3,0.42857142857142855,4,2,2,15,6,9,-0.9,-0.06,0.26666666666666666,0.13333333333333333,0.13333333333333333,0.4,0.6,25,0.5,10.42,0.21,50,6,0.2727272727272727,-6.68,-0.3,22,401860887,2026,3
2459,Northern Illinois Huskies,28,0.417910447761194,19,0.4222222222222222,9,0.4090909090909091,3,0.42857142857142855,8,0.5,17,0.3617021276595745,47,0.5957446808510638,0.40425531914893614,-2.09,-0.04,8,0.1702127659574468,28,-1.13,-0.04,10,0.35714285714285715,19,-0.96,-0.05,7,0.3684210526315789,7,0.7142857142857143,0.2857142857142857,-1.97,-0.28,1,0.14285714285714285,5,-1.03,-0.21,1,0.2,2,-0.94,-0.47,0,0.0,11,9,2,20,17,3,17.97,0.9,0.55,0.45,0.1,0.85,0.15,17,0.425,7.36,0.18,40,11,0.4074074074074074,8.52,0.32,27,401856793,2026,3
12,Arizona Wildcats,34,0.5483870967741935,24,0.5853658536585366,10,0.47619047619047616,8,0.5714285714285714,8,0.5714285714285714,25,0.5319148936170213,47,0.6595744680851063,0.3404255319148936,7.27,0.15,11,0.23404255319148937,31,8.77,0.28,18,0.5806451612903226,16,-1.5,-0.09,7,0.4375,11,0.7272727272727273,0.2727272727272727,5.34,0.49,9,0.8181818181818182,8,4.33,0.54,7,0.875,3,1.01,0.34,2,0.6666666666666666,9,6,3,15,10,5,17.76,1.18,0.6,0.4,0.2,0.6666666666666666,0.3333333333333333,23,0.5476190476190477,10.78,0.26,42,11,0.55,14.25,0.71,20,401856793,2026,3
16,Sacramento State Hornets,29,0.4393939393939394,20,0.5,9,0.36,1,0.16666666666666666,7,0.4666666666666667,22,0.44,50,0.56,0.42,-12.61,-0.25,9,0.18,28,2.66,0.1,15,0.5357142857142857,21,-7.41,-0.35,7,0.3333333333333333,13,0.46153846153846156,0.5384615384615384,1.31,0.1,5,0.38461538461538464,6,1.06,0.18,2,0.3333333333333333,7,0.25,0.04,3,0.42857142857142855,7,5,2,16,12,4,-3.47,-0.22,0.4375,0.3125,0.125,0.75,0.25,23,0.46938775510204084,-10.91,-0.22,49,6,0.35294117647058826,-5.16,-0.3,17,401864507,2026,3
2449,North Dakota State Bison,18,0.3103448275862069,11,0.44,7,0.21212121212121213,1,0.25,6,0.5,12,0.2727272727272727,44,0.29545454545454547,0.7045454545454546,-1.05,-0.02,6,0.13636363636363635,13,2.68,0.21,5,0.38461538461538464,31,-3.73,-0.12,7,0.22580645161290322,4,0.25,0.75,-3.15,-0.79,0,0.0,1,-1.13,-1.13,0,0.0,3,-2.02,-0.67,0,0.0,6,6,0,14,12,2,0.44,0.03,0.42857142857142855,0.42857142857142855,0.0,0.8571428571428571,0.14285714285714285,12,0.34285714285714286,-0.23,-0.01,35,6,0.2608695652173913,-0.38,-0.02,23,401864507,2026,3
2509,Purdue Boilermakers,28,0.4827586206896552,17,0.5151515151515151,11,0.4583333333333333,5,0.5555555555555556,3,0.3333333333333333,22,0.4782608695652174,46,0.5,0.4782608695652174,5.4,0.12,10,0.21739130434782608,23,8.39,0.36,12,0.5217391304347826,22,1.41,0.06,10,0.45454545454545453,9,0.8888888888888888,0.1111111111111111,9.91,1.1,5,0.5555555555555556,8,10.38,1.3,5,0.625,1,-0.47,-0.47,0,0.0,6,5,1,12,10,2,13.9,1.16,0.5,0.4166666666666667,0.08333333333333333,0.8333333333333334,0.16666666666666666,22,0.55,10.51,0.26,40,6,0.3333333333333333,8.79,0.49,18,401858458,2026,3
26,UCLA Bruins,46,0.5822784810126582,18,0.5454545454545454,28,0.6086956521739131,7,0.7,11,0.7857142857142857,35,0.5384615384615384,65,0.4,0.6,26.16,0.4,18,0.27692307692307694,26,3.15,0.12,11,0.4230769230769231,39,23.01,0.59,24,0.6153846153846154,16,0.625,0.375,9.54,0.6,13,0.8125,10,6.86,0.69,7,0.7,6,2.68,0.45,6,1.0,11,7,4,14,7,7,17.09,1.22,0.7857142857142857,0.5,0.2857142857142857,0.5,0.5,34,0.6071428571428571,24.84,0.44,56,12,0.5217391304347826,18.41,0.8,23,401858458,2026,3
204,Oregon State Beavers,38,0.5671641791044776,23,0.6388888888888888,15,0.4838709677419355,7,0.7,6,0.5,30,0.5660377358490566,53,0.49056603773584906,0.5094339622641509,13.38,0.25,11,0.20754716981132076,26,12.52,0.48,17,0.6538461538461539,27,0.85,0.03,13,0.48148148148148145,15,0.8666666666666667,0.13333333333333333,13.0,0.87,10,0.6666666666666666,13,11.73,0.9,9,0.6923076923076923,2,1.27,0.64,1,0.5,8,6,2,14,10,4,13.27,0.95,0.5714285714285714,0.42857142857142855,0.14285714285714285,0.7142857142857143,0.2857142857142857,30,0.6,22.79,0.46,50,8,0.47058823529411764,3.86,0.23,17,401860886,2026,3
149,Montana Grizzlies,32,0.4444444444444444,20,0.425531914893617,12,0.5,2,0.5,4,0.2857142857142857,27,0.4909090909090909,55,0.6,0.4,7.14,0.13,14,0.2545454545454545,33,6.87,0.21,17,0.5151515151515151,22,0.27,0.01,10,0.45454545454545453,11,0.6363636363636364,0.36363636363636365,-3.16,-0.29,2,0.18181818181818182,7,-1.8,-0.26,1,0.14285714285714285,4,-1.36,-0.34,1,0.25,5,3,2,17,14,2,-5.38,-0.32,0.29411764705882354,0.17647058823529413,0.11764705882352941,0.8235294117647058,0.11764705882352941,24,0.5333333333333333,6.11,0.14,45,8,0.2962962962962963,-4.36,-0.16,27,401860886,2026,3
278,Fresno State Bulldogs,24,0.36363636363636365,12,0.4,12,0.3333333333333333,1,1.0,5,0.3125,19,0.38,50,0.42,0.58,1.51,0.03,9,0.18,21,7.24,0.34,10,0.47619047619047616,29,-5.74,-0.2,9,0.3103448275862069,12,0.75,0.25,1.4,0.12,5,0.4166666666666667,9,-0.23,-0.03,3,0.3333333333333333,3,1.63,0.54,2,0.6666666666666666,5,2,3,16,9,7,-4.46,-0.28,0.3125,0.125,0.1875,0.5625,0.4375,14,0.358974358974359,-4.92,-0.13,39,10,0.37037037037037035,1.98,0.07,27,401860888,2026,3
23,San José State Spartans,25,0.35714285714285715,16,0.37209302325581395,9,0.3333333333333333,1,0.25,6,0.35294117647058826,18,0.36,50,0.62,0.38,-13.29,-0.27,6,0.12,31,-10.85,-0.35,12,0.3870967741935484,19,-2.44,-0.13,6,0.3157894736842105,14,0.7142857142857143,0.2857142857142857,-3.81,-0.27,5,0.35714285714285715,10,-2.04,-0.2,4,0.4,4,-1.77,-0.44,1,0.25,7,4,3,20,12,8,-2.59,-0.13,0.35,0.2,0.15,0.6,0.4,20,0.425531914893617,-2.78,-0.06,47,5,0.21739130434782608,-13.1,-0.57,23,401860888,2026,3
